metric,n,n_na,mean,median,sd,p10,p25,p75,p90
error_open_pct,582,0,8150.05529623411,-41.38608305274972,194761.66838477564,-100.0,-80.95180136319377,31.534039877851626,200.00000000000003
error_review_rate_pp,484,98,-9.3314628040776,-4.525238921467972,33.49658546424527,-58.937822538298185,-30.120732791002936,11.226388757826921,26.552196723497968
error_merge_rate_pp,421,161,-27.42596660020979,-19.999999999999996,245.12393089478317,-134.28571428571428,-62.5,10.961157390484622,81.57575757575758
