metric,n,n_na,mean,median,sd,p10,p25,p75,p90
error_open_pct,220,0,32100.806451878685,-27.5560482877556,475169.9473354186,-88.66978609625669,-60.30203349282297,30.213424568263285,209.5815295815296
error_review_rate_pp,205,15,32.739769513543315,12.254050925925918,171.76617135244143,-34.78782962101991,-4.6580852901310426,30.69443112532525,75.52867779342027
error_merge_rate_pp,198,22,24.642409858155336,-14.542558153353328,780.7956107678627,-112.3374741200828,-48.352470846018505,11.39950166112957,82.43160377358495
