metric,n,n_na,mean,median,sd,p10,p25,p75,p90
error_open_pct,220,0,32100.806451878685,-27.5560482877556,475169.9473354186,-88.66978609625669,-60.30203349282297,30.213424568263285,209.5815295815296
error_review_rate_pp,205,15,32.739769513543315,12.254050925925918,171.76617135244143,-34.78782962101991,-4.6580852901310426,30.69443112532525,75.52867779342027
error_merge_rate_pp,198,22,24.642409858155336,-14.542558153353328,780.7956107678627,-112.3374741200828,-48.352470846018505,11.39950166112957,82.43160377358495
error_review_rate_pct,204,16,57.609926702570924,15.19109623645818,210.008697961632,-42.211778232340535,-5.082003663820908,46.22867586947008,114.52685405096325
error_merge_rate_pct,198,22,6.109690254416137,-16.392003132345614,121.51339665697547,-73.15742397137747,-42.804621848739494,12.86842105263158,63.52752639517346
