metric,n,n_na,mean,median,sd,p10,p25,p75,p90
error_open_pct,100,0,-5.10121740937386,-73.61111111111111,208.88362360936443,-100.0,-100.0,1.3157894736842253,149.99999999999994
error_review_rate_pp,58,42,24.25181885650621,14.028278799176103,73.20650593659663,-52.872695767300165,-23.54761409041235,53.35830034172391,99.75357565347562
error_merge_rate_pp,50,50,10.143998261609404,0.5102040816326536,90.94173808572461,-86.34920634920633,-37.39495798319328,50.53571428571429,100.42105263157896
