metric,n,n_na,mean,median,sd,p10,p25,p75,p90
error_open_pct,366,3,17.790136097407867,-69.0688775510204,400.16784642599487,-100.0,-100.0,1.9428902930940246e-14,137.63440860215056
error_review_rate_pp,245,124,15.782734796240279,8.329872038060183,66.1321714199735,-56.31844703614114,-25.12558189545379,42.20564945863686,85.50729855966394
error_merge_rate_pp,213,156,23.145798428471927,1.9012944983818891,196.26420209398285,-99.36507936507935,-41.53846153846155,47.05882352941176,147.5760368663597
