metric,n,n_na,mean,median,sd,p10,p25,p75,p90
error_open_pct,1100,0,19280.617608045948,-25.68120448408478,339317.88209647755,-87.35759493670885,-63.470066518847005,34.463922764227675,182.22126560482133
error_review_rate_pp,1039,61,-4.946293533228535,0.0,29.073832831433393,-40.11164432056682,-18.332470960676915,11.736586152007412,24.22281692916994
error_merge_rate_pp,963,137,-29.820227694363414,-20.10564798463302,238.12546645184537,-111.15502854633291,-54.910192147034266,6.803389199607585,56.50533237389829
