metric,n,n_na,mean,median,sd,p10,p25,p75,p90
error_open_pct,366,3,17.790136097407867,-69.0688775510204,400.16784642599487,-100.0,-100.0,1.9428902930940246e-14,137.63440860215053
error_review_rate_pp,245,124,-3.3836522602497277,-2.1126760563380254,38.90596398028022,-56.8972620344795,-26.960000000000008,23.279762268066406,47.11328666085067
error_merge_rate_pp,195,174,13.278405341184225,6.069160197600565,151.89953495625377,-102.81249999999999,-44.36507936507936,39.956140350877185,129.48051948051946
