metric,n,n_na,mean,median,sd,p10,p25,p75,p90
error_open_pct,100,0,-11.988692074302385,-58.33333333333333,118.50151592927635,-100.0,-99.99999999999999,32.77511961722488,105.44871794871797
error_review_rate_pp,74,26,-1.462395176134996,0.3808429792791168,36.334060442910825,-51.71687799162517,-30.691844120812924,26.406546849048134,44.32956792163519
error_merge_rate_pp,51,49,19.826220738161716,9.920634920634914,97.2289846814188,-93.80952380952381,-28.57142857142857,48.90109890109889,125.0996015936255
