metric,n,n_na,mean,median,sd,p10,p25,p75,p90
error_open_pct,220,0,21410.729155991132,-27.33333333333332,316777.289153103,-94.98506188647033,-70.58823529411764,31.882821387940822,197.18749999999991
error_review_rate_pp,202,18,-7.452609645165687,-2.1850844306435273,29.6024485023583,-51.401909894629426,-23.13082904882644,11.787010355659291,25.129474580904844
error_merge_rate_pp,185,35,-39.297964506585366,-22.59945375602338,328.9472892932818,-106.82469365759795,-55.49817423056859,8.753315649867377,60.26620370370369
error_review_rate_pct,200,20,0.6925150192897586,-3.655337566382297,102.8781888911219,-75.57151086740203,-33.04151190131386,18.198905454447363,42.16850887598509
error_merge_rate_pct,185,35,-2.8007222972226606,-21.839080459770127,88.54923859678215,-77.89709571119417,-42.29390681003584,11.111111111111116,80.67904611244983
