metric,n,n_na,mean,median,sd,p10,p25,p75,p90
error_open_pct,362,0,43.32736156657352,-33.33333333333334,417.6328764121629,-100.0,-79.79166666666666,34.49812382739213,156.08108108108138
error_review_rate_pp,299,63,-2.5081360983515637,3.2475324165805786,32.316233729056115,-49.51767257093812,-15.414497497101982,14.031135446381926,28.426264395376343
error_merge_rate_pp,266,96,-4.952393179200371,-22.212028542303777,332.01205732683195,-122.36607142857142,-59.39665096807955,13.560606060606071,61.80555555555556
error_review_rate_pct,293,69,4.183509014406669,4.037783884524471,92.24944567356484,-86.14381074809195,-23.98826674973393,20.14991657369027,49.509427819371346
error_merge_rate_pct,264,98,0.18657684495268126,-21.544512179846798,149.66398719369923,-100.0,-50.02336448598131,12.936416364464955,71.42857142857143
