metric,n,n_na,mean,median,sd,p10,p25,p75,p90
error_open_pct,362,0,43.32736156657352,-33.33333333333334,417.6328764121629,-100.0,-79.79166666666666,34.49812382739213,156.08108108108138
error_review_rate_pp,299,63,-2.5081360983515637,3.2475324165805786,32.316233729056115,-49.51767257093812,-15.414497497101982,14.031135446381926,28.426264395376343
error_merge_rate_pp,266,96,-4.952393179200371,-22.212028542303777,332.01205732683195,-122.36607142857142,-59.39665096807955,13.560606060606071,61.80555555555556
