metric,n,n_na,mean,median,sd,p10,p25,p75,p90
error_open_pct,100,0,-13.02846452897112,-62.112514351320314,176.3628327943139,-100.0,-100.0,11.11111111111111,112.5000000000004
error_review_rate_pp,70,30,31.873130624447242,19.342395085640128,106.8064489301798,-44.240392571423946,-11.317007153309545,38.714886435804424,74.9726211394605
error_merge_rate_pp,65,35,45.34423804312807,23.809523809523814,153.44719933332175,-70.17582417582418,-25.0,60.0,151.5
error_review_rate_pct,69,31,70.41179173892128,29.18793106954472,169.17004183746445,-100.0,-18.625932022852695,100.0,262.16468764533175
error_merge_rate_pct,58,42,124.62853784699361,20.833333333333336,288.3067728935369,-100.0,-41.07142857142856,170.77702702702703,532.25
