metric,n,n_na,mean,median,sd,p10,p25,p75,p90
error_open_pct,100,0,-13.02846452897112,-62.112514351320314,176.3628327943139,-100.0,-100.0,11.11111111111111,112.5000000000004
error_review_rate_pp,70,30,31.873130624447242,19.342395085640128,106.8064489301798,-44.240392571423946,-11.317007153309545,38.714886435804424,74.9726211394605
error_merge_rate_pp,65,35,45.34423804312807,23.809523809523814,153.44719933332175,-70.17582417582418,-25.0,60.0,151.5
