metric,n,n_na,mean,median,sd,p10,p25,p75,p90
error_open_pct,100,0,-40.22616554121293,-75.90011614401858,98.61812441356572,-100.0,-100.0,-32.142857142857146,54.37062937062946
error_review_rate_pp,62,38,-5.647311262227059,-0.05718754011880545,44.66001365188425,-73.46090581263856,-36.27100773662552,24.182717194951213,46.24081905427457
error_merge_rate_pp,44,56,35.93802904009446,7.142857142857145,138.0803989128503,-99.73333333333333,-61.12836438923396,51.53508771929825,217.0119521912351
