metric,n,n_na,mean,median,sd,p10,p25,p75,p90
error_open_pct,266,3,29.647531663961352,-54.54545454545455,498.409272827719,-100.0,-90.2421248684104,-4.440892098500625e-15,129.32131495227992
error_review_rate_pp,212,57,-0.9073440976031872,1.0780422058828787,42.66215258388814,-56.0283642578125,-27.22888429324199,29.245788445895013,53.967155222713096
error_merge_rate_pp,164,105,2.3007150717289955,-7.998338870431893,226.84850375489017,-148.7142857142857,-53.444912609238465,32.83385093167701,100.0
error_review_rate_pct,211,58,16.55615633522664,1.3841649272758463,109.87245356966584,-100.0,-57.28567901747836,56.95191410514017,164.885887161438
error_merge_rate_pct,162,107,57.30103158794355,-7.180880713489407,531.0484457175871,-98.42105263157893,-54.80769230769231,40.00344827586207,142.94966835739373
