metric,n,n_na,mean,median,sd,p10,p25,p75,p90
error_open_pct,220,0,21410.729155991132,-27.33333333333332,316777.289153103,-94.98506188647033,-70.58823529411764,31.882821387940822,197.18749999999991
error_review_rate_pp,202,18,27.764814565338934,8.950389034510364,179.6445000166328,-40.01674595309399,-12.966745592125347,32.24046823654705,72.07157439699571
error_merge_rate_pp,196,24,-17.51103946447975,-19.233222260162407,162.9496781341838,-100.0,-56.82586820908721,10.816002109620577,66.3306347582832
