metric,n,n_na,mean,median,sd,p10,p25,p75,p90
error_open_pct,220,0,21410.729155991132,-27.33333333333332,316777.289153103,-94.98506188647033,-70.58823529411764,31.882821387940822,197.18749999999991
error_review_rate_pp,202,18,27.764814565338934,8.950389034510364,179.6445000166328,-40.01674595309399,-12.966745592125347,32.24046823654705,72.07157439699571
error_merge_rate_pp,196,24,-17.51103946447975,-19.233222260162407,162.9496781341838,-100.0,-56.82586820908721,10.816002109620577,66.3306347582832
error_review_rate_pct,201,19,46.04115689461476,12.048730973266847,215.03023661405732,-62.705682288072005,-14.197947722100183,49.31539214057131,126.49715935434955
error_merge_rate_pct,196,24,-3.133782552059261,-18.95243202342817,86.68992968519824,-92.16269841269842,-47.48106060606061,11.826516397043136,71.66065856542049
