metric,n,n_na,mean,median,sd,p10,p25,p75,p90
error_open_pct,1810,0,58.6659870429594,-42.69701757851077,543.5279591821039,-100.0,-83.7121212121212,33.333333333333336,172.72727272727272
error_review_rate_pp,1461,349,-6.1489352551363154,0.0,33.21104568563091,-52.177201776760484,-25.92592592592593,13.716716500306791,30.302147906527743
error_merge_rate_pp,1288,522,-15.329101189543028,-20.23140716960942,216.74602383066528,-136.8958333333333,-60.46511627906976,12.5,73.6577343409392
