metric,n,n_na,mean,median,sd,p10,p25,p75,p90
error_open_pct,500,0,-15.530158479629321,-68.75,156.12713340650328,-100.0,-100.0,11.742424242424256,119.78319783197844
error_review_rate_pp,332,168,25.437593276173498,13.662651546945288,93.52714714450501,-55.51224991797533,-21.789165846420023,48.7482875520335,99.5594283561404
error_merge_rate_pp,285,215,27.76874314755144,14.583333333333332,112.99580402503516,-75.75381140598532,-32.0,55.00000000000001,128.8571428571428
