metric,n,n_na,mean,median,sd,p10,p25,p75,p90
error_open_pct,266,3,7.600529300882776,-67.56661991584852,318.19324116048944,-100.0,-100.0,-9.090909090909099,112.91208791208791
error_review_rate_pp,183,86,-4.028098540992127,-2.1890581244450535,40.22295632216086,-61.32560635049868,-29.516079875844937,24.221842379431955,47.364410591713735
error_merge_rate_pp,144,125,-15.343044686517146,0.0,377.10559339433826,-146.24855252274605,-69.36753165685751,32.704081632653065,147.35294117647072
