metric,n,n_na,mean,median,sd,p10,p25,p75,p90
error_open_pct,266,3,26.395908092438603,-66.2878787878788,451.6523784441913,-100.0,-100.0,8.326672684688676e-15,99.99999999999999
error_review_rate_pp,187,82,13.15596006097063,6.89678830729571,63.76202835365336,-57.29799175704584,-25.372708303098797,38.886413117810434,79.41727367325704
error_merge_rate_pp,163,106,27.134080688245707,2.777777777777779,218.7205836249058,-104.58310919849383,-42.91208791208791,44.11764705882352,178.19530516431934
error_review_rate_pct,186,83,40.096544058342076,8.706988294172389,179.13675043894364,-100.0,-43.21451929393937,65.10606586469908,158.1171598461155
error_merge_rate_pct,162,107,58.23641558375265,2.8076794097920956,286.60490029153704,-100.0,-38.63811728395062,52.16903515332834,198.80000000000007
