metric,n,n_na,mean,median,sd,p10,p25,p75,p90
error_open_pct,100,0,-7.3062528442863,-59.181784524250276,153.4460926530605,-100.0,-100.0,14.560439560439574,122.56097560975641
error_review_rate_pp,68,32,24.139265420368456,7.6054320778266025,100.69106724252727,-60.17767987462171,-26.88977034252524,50.982133784257684,82.7123713272681
error_merge_rate_pp,56,44,34.60119092475118,26.969696969696965,94.0306285400491,-52.59259259259258,-12.857142857142858,78.89030612244898,138.09523809523807
