outcome_sample,importance_type,rolling,qualified_sample,control_group,split_type,split_covar,split_value,category,outcome,normalize,method,event_time,estimate,sd,ci_low,ci_high
opened_cohort,important_degree_top3,rolling5,exact2,nevertreated,full_sample,"","",github_outcomes,pull_request_opened,TRUE,sa,-15,0.536864648643237,0.920505830809322,-1.26732677974303,2.34105607702951
opened_cohort,important_degree_top3,rolling5,exact2,nevertreated,full_sample,"","",github_outcomes,pull_request_opened,TRUE,sa,-14,-0.177119455483562,0.585641318245422,-1.32497643924459,0.970737528277466
opened_cohort,important_degree_top3,rolling5,exact2,nevertreated,full_sample,"","",github_outcomes,pull_request_opened,TRUE,sa,-13,0.395038359560476,0.461104399567886,-0.50872626359258,1.29880298271353
opened_cohort,important_degree_top3,rolling5,exact2,nevertreated,full_sample,"","",github_outcomes,pull_request_opened,TRUE,sa,-12,0.315215224661529,0.396026784118921,-0.460997272211556,1.09142772153461
opened_cohort,important_degree_top3,rolling5,exact2,nevertreated,full_sample,"","",github_outcomes,pull_request_opened,TRUE,sa,-11,0.301607985443246,0.340406751633988,-0.36558924775937,0.968805218645862
opened_cohort,important_degree_top3,rolling5,exact2,nevertreated,full_sample,"","",github_outcomes,pull_request_opened,TRUE,sa,-10,0.547625266842398,0.369898480160742,-0.177375754272656,1.27262628795745
opened_cohort,important_degree_top3,rolling5,exact2,nevertreated,full_sample,"","",github_outcomes,pull_request_opened,TRUE,sa,-9,0.593320386797617,0.407361099490953,-0.205107368204651,1.39174814179989
opened_cohort,important_degree_top3,rolling5,exact2,nevertreated,full_sample,"","",github_outcomes,pull_request_opened,TRUE,sa,-8,0.550407457723688,0.379145657420521,-0.192718030820534,1.29353294626791
opened_cohort,important_degree_top3,rolling5,exact2,nevertreated,full_sample,"","",github_outcomes,pull_request_opened,TRUE,sa,-7,0.457807741675481,0.354767062070748,-0.237535699983185,1.15315118333415
opened_cohort,important_degree_top3,rolling5,exact2,nevertreated,full_sample,"","",github_outcomes,pull_request_opened,TRUE,sa,-6,0.379113410041365,0.314925954212183,-0.238141460214514,0.996368280297244
opened_cohort,important_degree_top3,rolling5,exact2,nevertreated,full_sample,"","",github_outcomes,pull_request_opened,TRUE,sa,-5,0.196524154999473,0.218666981558363,-0.232063128854919,0.625111438853865
opened_cohort,important_degree_top3,rolling5,exact2,nevertreated,full_sample,"","",github_outcomes,pull_request_opened,TRUE,sa,-4,0.174369109357534,0.155711739317094,-0.130825899703969,0.479564118419037
opened_cohort,important_degree_top3,rolling5,exact2,nevertreated,full_sample,"","",github_outcomes,pull_request_opened,TRUE,sa,-3,0.0800782353384354,0.119426017252654,-0.153996758476767,0.314153229153638
opened_cohort,important_degree_top3,rolling5,exact2,nevertreated,full_sample,"","",github_outcomes,pull_request_opened,TRUE,sa,-2,0.347851711090909,0.0985943408239013,0.154606803076062,0.541096619105755
opened_cohort,important_degree_top3,rolling5,exact2,nevertreated,full_sample,"","",github_outcomes,pull_request_opened,TRUE,sa,-1,0,0,0,0
opened_cohort,important_degree_top3,rolling5,exact2,nevertreated,full_sample,"","",github_outcomes,pull_request_opened,TRUE,sa,0,-0.0879924922803975,0.177862910128507,-0.436603796132271,0.260618811571476
opened_cohort,important_degree_top3,rolling5,exact2,nevertreated,full_sample,"","",github_outcomes,pull_request_opened,TRUE,sa,1,-0.730910478425867,0.284716204458565,-1.28895423916466,-0.17286671768708
opened_cohort,important_degree_top3,rolling5,exact2,nevertreated,full_sample,"","",github_outcomes,pull_request_opened,TRUE,sa,2,-0.8825437522981,0.423483689373458,-1.71257178347008,-0.0525157211261225
opened_cohort,important_degree_top3,rolling5,exact2,nevertreated,full_sample,"","",github_outcomes,pull_request_opened,TRUE,sa,3,-1.06216520341676,0.631855659162654,-2.30060229537556,0.176271888542045
opened_cohort,important_degree_top3,rolling5,exact2,nevertreated,full_sample,"","",github_outcomes,pull_request_opened,TRUE,sa,4,-1.30810105130754,0.941342247880361,-3.15313185715305,0.536929754537969
opened_cohort,important_degree_top3,rolling5,exact2,nevertreated,full_sample,"","",github_outcomes,pull_request_opened,TRUE,sa,5,-1.50710991984979,1.11069799860215,-3.68407799711,0.669858157410425
opened_cohort,important_degree_top3,rolling5,exact2,nevertreated,full_sample,"","",github_outcomes,pull_request_opened,TRUE,sa,6,-1.59948956748682,1.24595016042154,-4.04155188191304,0.842572746939395
opened_cohort,important_degree_top3,rolling5,exact2,nevertreated,full_sample,"","",github_outcomes,pull_request_opened,TRUE,sa,7,-1.80453642503057,1.44751130106443,-4.64165857511685,1.03258572505571
opened_cohort,important_degree_top3,rolling5,exact2,nevertreated,full_sample,"","",github_outcomes,pull_request_opened,TRUE,sa,8,-1.89906303858535,1.49403213430221,-4.82736602181769,1.02923994464698
opened_cohort,important_degree_top3,rolling5,exact2,nevertreated,full_sample,"","",github_outcomes,pull_request_opened,TRUE,sa,9,-2.16680654962361,1.64922155152946,-5.39928079062135,1.06566769137413
opened_cohort,important_degree_top3,rolling5,exact2,nevertreated,full_sample,"","",github_outcomes,pull_request_opened,TRUE,sa,10,-2.40572066912837,1.79388279338515,-5.92173094416326,1.11028960590653
opened_cohort,important_degree_top3,rolling5,exact2,nevertreated,full_sample,"","",github_outcomes,pull_request_opened,TRUE,sa,11,-2.59512379707383,1.65382969432966,-5.83662999795997,0.646382403812305
opened_cohort,important_degree_top3,rolling5,exact2,nevertreated,full_sample,"","",github_outcomes,pull_request_opened,FALSE,sa,-15,4.82294049207699,5.66819826445738,-6.28672810625948,15.9326090904135
opened_cohort,important_degree_top3,rolling5,exact2,nevertreated,full_sample,"","",github_outcomes,pull_request_opened,FALSE,sa,-14,2.71692835958752,8.89488375307766,-14.7170437964447,20.1509005156197
opened_cohort,important_degree_top3,rolling5,exact2,nevertreated,full_sample,"","",github_outcomes,pull_request_opened,FALSE,sa,-13,2.35635656269735,6.29920928811343,-9.99009364200498,14.7028067673997
opened_cohort,important_degree_top3,rolling5,exact2,nevertreated,full_sample,"","",github_outcomes,pull_request_opened,FALSE,sa,-12,2.04189640154929,4.93886544322131,-7.63827986716449,11.7220726702631
opened_cohort,important_degree_top3,rolling5,exact2,nevertreated,full_sample,"","",github_outcomes,pull_request_opened,FALSE,sa,-11,1.49110870361458,5.15432882517484,-8.6113757937281,11.5935932009573
opened_cohort,important_degree_top3,rolling5,exact2,nevertreated,full_sample,"","",github_outcomes,pull_request_opened,FALSE,sa,-10,3.89852374694872,4.70413268800844,-5.32157632154783,13.1186238154453
opened_cohort,important_degree_top3,rolling5,exact2,nevertreated,full_sample,"","",github_outcomes,pull_request_opened,FALSE,sa,-9,2.17282326494347,4.1971245106287,-6.05354077588879,10.3991873057757
opened_cohort,important_degree_top3,rolling5,exact2,nevertreated,full_sample,"","",github_outcomes,pull_request_opened,FALSE,sa,-8,3.15638827866468,3.80192019702883,-4.29537530751182,10.6081518648412
opened_cohort,important_degree_top3,rolling5,exact2,nevertreated,full_sample,"","",github_outcomes,pull_request_opened,FALSE,sa,-7,3.52198155908055,3.352031785672,-3.04800074083656,10.0919638589977
opened_cohort,important_degree_top3,rolling5,exact2,nevertreated,full_sample,"","",github_outcomes,pull_request_opened,FALSE,sa,-6,3.22122653359556,3.00665696081716,-2.67182110960608,9.1142741767972
opened_cohort,important_degree_top3,rolling5,exact2,nevertreated,full_sample,"","",github_outcomes,pull_request_opened,FALSE,sa,-5,2.72683590038189,2.27859831370384,-1.73921679447764,7.19288859524141
opened_cohort,important_degree_top3,rolling5,exact2,nevertreated,full_sample,"","",github_outcomes,pull_request_opened,FALSE,sa,-4,3.31375728324287,1.88499005841581,-0.38082323125212,7.00833779773785
opened_cohort,important_degree_top3,rolling5,exact2,nevertreated,full_sample,"","",github_outcomes,pull_request_opened,FALSE,sa,-3,1.76723114351876,1.40050452807661,-0.977757731511392,4.51222001854892
opened_cohort,important_degree_top3,rolling5,exact2,nevertreated,full_sample,"","",github_outcomes,pull_request_opened,FALSE,sa,-2,3.41974966375833,0.968574116815763,1.52134439479943,5.31815493271722
opened_cohort,important_degree_top3,rolling5,exact2,nevertreated,full_sample,"","",github_outcomes,pull_request_opened,FALSE,sa,-1,0,0,0,0
opened_cohort,important_degree_top3,rolling5,exact2,nevertreated,full_sample,"","",github_outcomes,pull_request_opened,FALSE,sa,0,-2.38691268012277,1.1188422295645,-4.57984345006919,-0.193981910176356
opened_cohort,important_degree_top3,rolling5,exact2,nevertreated,full_sample,"","",github_outcomes,pull_request_opened,FALSE,sa,1,-4.48617584835137,1.94965512329608,-8.30749989001169,-0.664851806691054
opened_cohort,important_degree_top3,rolling5,exact2,nevertreated,full_sample,"","",github_outcomes,pull_request_opened,FALSE,sa,2,-5.67018475649808,2.65698913924858,-10.8778834694253,-0.462486043570867
opened_cohort,important_degree_top3,rolling5,exact2,nevertreated,full_sample,"","",github_outcomes,pull_request_opened,FALSE,sa,3,-6.12705407543634,3.28055487406514,-12.556941628604,0.302833477731327
opened_cohort,important_degree_top3,rolling5,exact2,nevertreated,full_sample,"","",github_outcomes,pull_request_opened,FALSE,sa,4,-6.06415239184501,3.9100809316201,-13.7279110178204,1.59960623413039
opened_cohort,important_degree_top3,rolling5,exact2,nevertreated,full_sample,"","",github_outcomes,pull_request_opened,FALSE,sa,5,-5.14726685426973,4.41378574257657,-13.7982869097198,3.50375320118036
opened_cohort,important_degree_top3,rolling5,exact2,nevertreated,full_sample,"","",github_outcomes,pull_request_opened,FALSE,sa,6,-5.19771497753827,5.00590514578759,-15.009289063282,4.61385910820541
opened_cohort,important_degree_top3,rolling5,exact2,nevertreated,full_sample,"","",github_outcomes,pull_request_opened,FALSE,sa,7,-2.8102230243295,5.8151761733943,-14.2079683241823,8.58752227552332
opened_cohort,important_degree_top3,rolling5,exact2,nevertreated,full_sample,"","",github_outcomes,pull_request_opened,FALSE,sa,8,-0.558704145217501,6.53200720984148,-13.3614382765068,12.2440299860718
opened_cohort,important_degree_top3,rolling5,exact2,nevertreated,full_sample,"","",github_outcomes,pull_request_opened,FALSE,sa,9,-0.758355406083716,6.84407293286332,-14.1727383544958,12.6560275423284
opened_cohort,important_degree_top3,rolling5,exact2,nevertreated,full_sample,"","",github_outcomes,pull_request_opened,FALSE,sa,10,-7.07745417807481,6.70158785222801,-20.2125663684417,6.05765801229209
opened_cohort,important_degree_top3,rolling5,exact2,nevertreated,full_sample,"","",github_outcomes,pull_request_opened,FALSE,sa,11,-10.9835909851479,11.4398518245262,-33.4057005612193,11.4385185909235
opened_cohort,important_degree_top3,rolling5,exact2,nevertreated,full_sample,"","",github_outcomes,pull_request_merged,TRUE,sa,-15,0.15641644554759,0.483137032715,-0.790532138573811,1.10336502966899
opened_cohort,important_degree_top3,rolling5,exact2,nevertreated,full_sample,"","",github_outcomes,pull_request_merged,TRUE,sa,-14,-0.0921204443158436,0.516882443052172,-1.1052100326981,0.920969144066413
opened_cohort,important_degree_top3,rolling5,exact2,nevertreated,full_sample,"","",github_outcomes,pull_request_merged,TRUE,sa,-13,0.546163622982143,0.478911053414698,-0.392502041710666,1.48482928767495
opened_cohort,important_degree_top3,rolling5,exact2,nevertreated,full_sample,"","",github_outcomes,pull_request_merged,TRUE,sa,-12,0.311453389964773,0.409133444326102,-0.490448160914387,1.11335494084393
opened_cohort,important_degree_top3,rolling5,exact2,nevertreated,full_sample,"","",github_outcomes,pull_request_merged,TRUE,sa,-11,0.249355039155177,0.354006707953662,-0.444498108434,0.943208186744354
opened_cohort,important_degree_top3,rolling5,exact2,nevertreated,full_sample,"","",github_outcomes,pull_request_merged,TRUE,sa,-10,0.731122209520468,0.52406959239052,-0.296054191564951,1.75829861060589
opened_cohort,important_degree_top3,rolling5,exact2,nevertreated,full_sample,"","",github_outcomes,pull_request_merged,TRUE,sa,-9,0.541613937143119,0.485640122545786,-0.410240703046622,1.49346857733286
opened_cohort,important_degree_top3,rolling5,exact2,nevertreated,full_sample,"","",github_outcomes,pull_request_merged,TRUE,sa,-8,0.420965082339493,0.340248018868511,-0.245921034642789,1.08785119932178
opened_cohort,important_degree_top3,rolling5,exact2,nevertreated,full_sample,"","",github_outcomes,pull_request_merged,TRUE,sa,-7,0.327584595534154,0.296816652743153,-0.254176043842426,0.909345234910734
opened_cohort,important_degree_top3,rolling5,exact2,nevertreated,full_sample,"","",github_outcomes,pull_request_merged,TRUE,sa,-6,0.21150991932209,0.257753234674751,-0.293686420640422,0.716706259284601
opened_cohort,important_degree_top3,rolling5,exact2,nevertreated,full_sample,"","",github_outcomes,pull_request_merged,TRUE,sa,-5,0.178057238783548,0.187693133364273,-0.189821302610427,0.545935780177522
opened_cohort,important_degree_top3,rolling5,exact2,nevertreated,full_sample,"","",github_outcomes,pull_request_merged,TRUE,sa,-4,0.124958982654878,0.134085489669813,-0.137848577097955,0.387766542407711
opened_cohort,important_degree_top3,rolling5,exact2,nevertreated,full_sample,"","",github_outcomes,pull_request_merged,TRUE,sa,-3,0.049358894332714,0.106764941305083,-0.159900390625249,0.258618179290677
opened_cohort,important_degree_top3,rolling5,exact2,nevertreated,full_sample,"","",github_outcomes,pull_request_merged,TRUE,sa,-2,0.347298005589641,0.093440150014937,0.164155311560365,0.530440699618918
opened_cohort,important_degree_top3,rolling5,exact2,nevertreated,full_sample,"","",github_outcomes,pull_request_merged,TRUE,sa,-1,0,0,0,0
opened_cohort,important_degree_top3,rolling5,exact2,nevertreated,full_sample,"","",github_outcomes,pull_request_merged,TRUE,sa,0,0.00662121050207358,0.156281515737926,-0.299690560344261,0.312932981348408
opened_cohort,important_degree_top3,rolling5,exact2,nevertreated,full_sample,"","",github_outcomes,pull_request_merged,TRUE,sa,1,-0.596179829312656,0.231997026061679,-1.05089400039355,-0.141465658231765
opened_cohort,important_degree_top3,rolling5,exact2,nevertreated,full_sample,"","",github_outcomes,pull_request_merged,TRUE,sa,2,-0.688894169338911,0.351139559054699,-1.37712770508612,-0.000660633591700988
opened_cohort,important_degree_top3,rolling5,exact2,nevertreated,full_sample,"","",github_outcomes,pull_request_merged,TRUE,sa,3,-0.858421590127414,0.483853508827778,-1.80677446742986,0.0899312871750304
opened_cohort,important_degree_top3,rolling5,exact2,nevertreated,full_sample,"","",github_outcomes,pull_request_merged,TRUE,sa,4,-1.05752153960994,0.724229943440909,-2.47701222875412,0.361969149534241
opened_cohort,important_degree_top3,rolling5,exact2,nevertreated,full_sample,"","",github_outcomes,pull_request_merged,TRUE,sa,5,-1.3025237911957,0.843659773761827,-2.95609694776888,0.351049365377484
opened_cohort,important_degree_top3,rolling5,exact2,nevertreated,full_sample,"","",github_outcomes,pull_request_merged,TRUE,sa,6,-1.36148311470362,0.93384704982171,-3.19182333235417,0.468857102946932
opened_cohort,important_degree_top3,rolling5,exact2,nevertreated,full_sample,"","",github_outcomes,pull_request_merged,TRUE,sa,7,-1.54992732038264,1.10645884690083,-3.71858666030827,0.61873201954299
opened_cohort,important_degree_top3,rolling5,exact2,nevertreated,full_sample,"","",github_outcomes,pull_request_merged,TRUE,sa,8,-1.57982022979287,1.1148837718498,-3.76499242261848,0.605351963032739
opened_cohort,important_degree_top3,rolling5,exact2,nevertreated,full_sample,"","",github_outcomes,pull_request_merged,TRUE,sa,9,-1.76408521309482,1.24346781082857,-4.20128212231882,0.673111696129189
opened_cohort,important_degree_top3,rolling5,exact2,nevertreated,full_sample,"","",github_outcomes,pull_request_merged,TRUE,sa,10,-1.95928743643782,1.35554736518364,-4.61616027219775,0.697585399322103
opened_cohort,important_degree_top3,rolling5,exact2,nevertreated,full_sample,"","",github_outcomes,pull_request_merged,TRUE,sa,11,-2.11631757481165,1.23742922498037,-4.54167885577318,0.309043706149886
opened_cohort,important_degree_top3,rolling5,exact2,nevertreated,full_sample,"","",github_outcomes,pull_request_merged,FALSE,sa,-15,1.15030056519751,4.43695009875038,-7.54612162835324,9.84672275874826
opened_cohort,important_degree_top3,rolling5,exact2,nevertreated,full_sample,"","",github_outcomes,pull_request_merged,FALSE,sa,-14,2.21434685096339,8.0499023762662,-13.5634618065184,17.9921555084451
opened_cohort,important_degree_top3,rolling5,exact2,nevertreated,full_sample,"","",github_outcomes,pull_request_merged,FALSE,sa,-13,1.2147800133219,5.23799035484304,-9.05168108217046,11.4812411088142
opened_cohort,important_degree_top3,rolling5,exact2,nevertreated,full_sample,"","",github_outcomes,pull_request_merged,FALSE,sa,-12,1.52941740830392,4.11407450434804,-6.53416862021824,9.59300343682608
opened_cohort,important_degree_top3,rolling5,exact2,nevertreated,full_sample,"","",github_outcomes,pull_request_merged,FALSE,sa,-11,0.61248360037295,4.22293169216205,-7.66446251626468,8.88942971701058
opened_cohort,important_degree_top3,rolling5,exact2,nevertreated,full_sample,"","",github_outcomes,pull_request_merged,FALSE,sa,-10,3.19933061889545,3.83301209205463,-4.31337308153162,10.7120343193225
opened_cohort,important_degree_top3,rolling5,exact2,nevertreated,full_sample,"","",github_outcomes,pull_request_merged,FALSE,sa,-9,2.03025370369432,3.4080269099415,-4.64947903979102,8.70998644717967
opened_cohort,important_degree_top3,rolling5,exact2,nevertreated,full_sample,"","",github_outcomes,pull_request_merged,FALSE,sa,-8,2.82460113893389,3.06604213165023,-3.18484143910056,8.83404371696834
opened_cohort,important_degree_top3,rolling5,exact2,nevertreated,full_sample,"","",github_outcomes,pull_request_merged,FALSE,sa,-7,2.67150602077875,2.72931123344586,-2.67794399677513,8.02095603833263
opened_cohort,important_degree_top3,rolling5,exact2,nevertreated,full_sample,"","",github_outcomes,pull_request_merged,FALSE,sa,-6,2.39680395946897,2.48753346184794,-2.47876162575298,7.27236954469093
opened_cohort,important_degree_top3,rolling5,exact2,nevertreated,full_sample,"","",github_outcomes,pull_request_merged,FALSE,sa,-5,1.8025513491389,1.85245991840464,-1.8282700909342,5.43337278921201
opened_cohort,important_degree_top3,rolling5,exact2,nevertreated,full_sample,"","",github_outcomes,pull_request_merged,FALSE,sa,-4,1.94587280528611,1.56371668452342,-1.11901189637979,5.01075750695202
opened_cohort,important_degree_top3,rolling5,exact2,nevertreated,full_sample,"","",github_outcomes,pull_request_merged,FALSE,sa,-3,0.641160253143326,1.17578280696041,-1.66337404849907,2.94569455478573
opened_cohort,important_degree_top3,rolling5,exact2,nevertreated,full_sample,"","",github_outcomes,pull_request_merged,FALSE,sa,-2,2.27083694232841,0.818485717062182,0.666604936886539,3.87506894777029
opened_cohort,important_degree_top3,rolling5,exact2,nevertreated,full_sample,"","",github_outcomes,pull_request_merged,FALSE,sa,-1,0,0,0,0
opened_cohort,important_degree_top3,rolling5,exact2,nevertreated,full_sample,"","",github_outcomes,pull_request_merged,FALSE,sa,0,-1.26108683347832,0.906464908203277,-3.03775805355674,0.515584386600103
opened_cohort,important_degree_top3,rolling5,exact2,nevertreated,full_sample,"","",github_outcomes,pull_request_merged,FALSE,sa,1,-2.38801447764734,1.51034843359834,-5.34829740750008,0.5722684522054
opened_cohort,important_degree_top3,rolling5,exact2,nevertreated,full_sample,"","",github_outcomes,pull_request_merged,FALSE,sa,2,-2.71086217980533,2.0552823664747,-6.73921561809574,1.31749125848507
opened_cohort,important_degree_top3,rolling5,exact2,nevertreated,full_sample,"","",github_outcomes,pull_request_merged,FALSE,sa,3,-2.92111139005452,2.49243256897133,-7.80627922523832,1.96405644512927
opened_cohort,important_degree_top3,rolling5,exact2,nevertreated,full_sample,"","",github_outcomes,pull_request_merged,FALSE,sa,4,-2.70565769184223,2.95802020800316,-8.50337729952843,3.09206191584397
opened_cohort,important_degree_top3,rolling5,exact2,nevertreated,full_sample,"","",github_outcomes,pull_request_merged,FALSE,sa,5,-2.0186773841722,3.22048633737212,-8.33083060542155,4.29347583707716
opened_cohort,important_degree_top3,rolling5,exact2,nevertreated,full_sample,"","",github_outcomes,pull_request_merged,FALSE,sa,6,-1.33971129983719,3.73227101690634,-8.65496249297362,5.97553989329925
opened_cohort,important_degree_top3,rolling5,exact2,nevertreated,full_sample,"","",github_outcomes,pull_request_merged,FALSE,sa,7,0.890200026771704,4.39383920790367,-7.7217248207195,9.5021248742629
opened_cohort,important_degree_top3,rolling5,exact2,nevertreated,full_sample,"","",github_outcomes,pull_request_merged,FALSE,sa,8,3.4804848281447,5.10297253293216,-6.52134133640232,13.4823109926917
opened_cohort,important_degree_top3,rolling5,exact2,nevertreated,full_sample,"","",github_outcomes,pull_request_merged,FALSE,sa,9,3.17060986962985,5.13186692793762,-6.88784930912787,13.2290690483876
opened_cohort,important_degree_top3,rolling5,exact2,nevertreated,full_sample,"","",github_outcomes,pull_request_merged,FALSE,sa,10,-1.46340078327338,5.5464189818571,-12.3343819877133,9.40758042116654
opened_cohort,important_degree_top3,rolling5,exact2,nevertreated,full_sample,"","",github_outcomes,pull_request_merged,FALSE,sa,11,-3.51760456728535,9.83311043169063,-22.790501013399,15.7552918788283
opened_cohort,important_degree_top3,rolling5,exact2,nevertreated,full_sample,"","",downstream_outcomes,overall_new_release_count,TRUE,sa,-15,1.06324755759583,0.250971558293774,0.571343303340032,1.55515181185163
opened_cohort,important_degree_top3,rolling5,exact2,nevertreated,full_sample,"","",downstream_outcomes,overall_new_release_count,TRUE,sa,-14,0.873604909077422,0.21966158047756,0.443068211341404,1.30414160681344
opened_cohort,important_degree_top3,rolling5,exact2,nevertreated,full_sample,"","",downstream_outcomes,overall_new_release_count,TRUE,sa,-13,0.725821907561705,0.219274833971176,0.2960432329782,1.15560058214521
opened_cohort,important_degree_top3,rolling5,exact2,nevertreated,full_sample,"","",downstream_outcomes,overall_new_release_count,TRUE,sa,-12,0.671686600880238,0.217200444257797,0.245973730134955,1.09739947162552
opened_cohort,important_degree_top3,rolling5,exact2,nevertreated,full_sample,"","",downstream_outcomes,overall_new_release_count,TRUE,sa,-11,0.518124555490345,0.190647143223659,0.144456154771973,0.891792956208716
opened_cohort,important_degree_top3,rolling5,exact2,nevertreated,full_sample,"","",downstream_outcomes,overall_new_release_count,TRUE,sa,-10,0.499443963770495,0.173588118613085,0.159211251288849,0.83967667625214
opened_cohort,important_degree_top3,rolling5,exact2,nevertreated,full_sample,"","",downstream_outcomes,overall_new_release_count,TRUE,sa,-9,0.398087593339598,0.161917559317258,0.080729177077772,0.715446009601425
opened_cohort,important_degree_top3,rolling5,exact2,nevertreated,full_sample,"","",downstream_outcomes,overall_new_release_count,TRUE,sa,-8,0.342833199477419,0.150651791241407,0.0475556886442607,0.638110710310578
opened_cohort,important_degree_top3,rolling5,exact2,nevertreated,full_sample,"","",downstream_outcomes,overall_new_release_count,TRUE,sa,-7,0.255905572964175,0.13914123047783,-0.0168112387723725,0.528622384700723
opened_cohort,important_degree_top3,rolling5,exact2,nevertreated,full_sample,"","",downstream_outcomes,overall_new_release_count,TRUE,sa,-6,0.297043781965468,0.14318023615978,0.016410519092299,0.577677044838636
opened_cohort,important_degree_top3,rolling5,exact2,nevertreated,full_sample,"","",downstream_outcomes,overall_new_release_count,TRUE,sa,-5,0.184863937767373,0.121634628007263,-0.0535399331268615,0.423267808661608
opened_cohort,important_degree_top3,rolling5,exact2,nevertreated,full_sample,"","",downstream_outcomes,overall_new_release_count,TRUE,sa,-4,0.174875767014112,0.106962516246196,-0.0347707648284316,0.384522298856656
opened_cohort,important_degree_top3,rolling5,exact2,nevertreated,full_sample,"","",downstream_outcomes,overall_new_release_count,TRUE,sa,-3,0.0491796968838773,0.0915457626325305,-0.130249997875883,0.228609391643637
opened_cohort,important_degree_top3,rolling5,exact2,nevertreated,full_sample,"","",downstream_outcomes,overall_new_release_count,TRUE,sa,-2,0.163068059358333,0.0800637904830092,0.00614303001163477,0.319993088705031
opened_cohort,important_degree_top3,rolling5,exact2,nevertreated,full_sample,"","",downstream_outcomes,overall_new_release_count,TRUE,sa,-1,0,0,0,0
opened_cohort,important_degree_top3,rolling5,exact2,nevertreated,full_sample,"","",downstream_outcomes,overall_new_release_count,TRUE,sa,0,0.124486861014983,0.10564523334031,-0.0825777963320248,0.331551518361991
opened_cohort,important_degree_top3,rolling5,exact2,nevertreated,full_sample,"","",downstream_outcomes,overall_new_release_count,TRUE,sa,1,-0.385659884581629,0.111949530534077,-0.60508096442842,-0.166238804734838
opened_cohort,important_degree_top3,rolling5,exact2,nevertreated,full_sample,"","",downstream_outcomes,overall_new_release_count,TRUE,sa,2,-0.341081006395825,0.140284128648953,-0.616037898547772,-0.0661241142438776
opened_cohort,important_degree_top3,rolling5,exact2,nevertreated,full_sample,"","",downstream_outcomes,overall_new_release_count,TRUE,sa,3,-0.499885683576211,0.152638442453782,-0.799057030785625,-0.200714336366798
opened_cohort,important_degree_top3,rolling5,exact2,nevertreated,full_sample,"","",downstream_outcomes,overall_new_release_count,TRUE,sa,4,-0.59735859563324,0.188274070756104,-0.966375774315204,-0.228341416951275
opened_cohort,important_degree_top3,rolling5,exact2,nevertreated,full_sample,"","",downstream_outcomes,overall_new_release_count,TRUE,sa,5,-0.523970453544779,0.206753551381549,-0.929207414252614,-0.118733492836944
opened_cohort,important_degree_top3,rolling5,exact2,nevertreated,full_sample,"","",downstream_outcomes,overall_new_release_count,TRUE,sa,6,-0.786270937892962,0.216230468584944,-1.21008265631945,-0.362459219466472
opened_cohort,important_degree_top3,rolling5,exact2,nevertreated,full_sample,"","",downstream_outcomes,overall_new_release_count,TRUE,sa,7,-0.637320769425224,0.273991267635799,-1.17434365399139,-0.100297884859058
opened_cohort,important_degree_top3,rolling5,exact2,nevertreated,full_sample,"","",downstream_outcomes,overall_new_release_count,TRUE,sa,8,-0.843651021846321,0.254121458381257,-1.34172908027358,-0.345572963419057
opened_cohort,important_degree_top3,rolling5,exact2,nevertreated,full_sample,"","",downstream_outcomes,overall_new_release_count,TRUE,sa,9,-1.09314593668479,0.281600744288246,-1.64508339548975,-0.541208477879829
opened_cohort,important_degree_top3,rolling5,exact2,nevertreated,full_sample,"","",downstream_outcomes,overall_new_release_count,TRUE,sa,10,-0.546991590705161,0.521788670421854,-1.569697384732,0.475714203321673
opened_cohort,important_degree_top3,rolling5,exact2,nevertreated,full_sample,"","",downstream_outcomes,overall_new_release_count,TRUE,sa,11,-1.73667692704657,0.280248335036386,-2.28596366371789,-1.18739019037526
opened_cohort,important_degree_top3,rolling5,exact2,nevertreated,full_sample,"","",downstream_outcomes,overall_new_release_count,FALSE,sa,-15,4.71390003209065,1.45502537024734,1.86205030640587,7.56574975777544
opened_cohort,important_degree_top3,rolling5,exact2,nevertreated,full_sample,"","",downstream_outcomes,overall_new_release_count,FALSE,sa,-14,4.24910882698869,1.24174218081465,1.81529415259198,6.68292350138539
opened_cohort,important_degree_top3,rolling5,exact2,nevertreated,full_sample,"","",downstream_outcomes,overall_new_release_count,FALSE,sa,-13,3.61493156593357,1.16480082126706,1.33192195625014,5.89794117561701
opened_cohort,important_degree_top3,rolling5,exact2,nevertreated,full_sample,"","",downstream_outcomes,overall_new_release_count,FALSE,sa,-12,2.73139120772218,1.0244221656107,0.723523763125209,4.73925865231915
opened_cohort,important_degree_top3,rolling5,exact2,nevertreated,full_sample,"","",downstream_outcomes,overall_new_release_count,FALSE,sa,-11,2.54529777739015,0.973955131776021,0.636345719109145,4.45424983567115
opened_cohort,important_degree_top3,rolling5,exact2,nevertreated,full_sample,"","",downstream_outcomes,overall_new_release_count,FALSE,sa,-10,1.68515549543039,1.12864408117491,-0.526986903672433,3.89729789453322
opened_cohort,important_degree_top3,rolling5,exact2,nevertreated,full_sample,"","",downstream_outcomes,overall_new_release_count,FALSE,sa,-9,0.673245085376073,1.33462900202821,-1.94262775859923,3.28911792935137
opened_cohort,important_degree_top3,rolling5,exact2,nevertreated,full_sample,"","",downstream_outcomes,overall_new_release_count,FALSE,sa,-8,0.566420246033815,1.38103741828793,-2.14041309381052,3.27325358587815
opened_cohort,important_degree_top3,rolling5,exact2,nevertreated,full_sample,"","",downstream_outcomes,overall_new_release_count,FALSE,sa,-7,0.271470580917887,1.32991631647142,-2.33516539936609,2.87810656120186
opened_cohort,important_degree_top3,rolling5,exact2,nevertreated,full_sample,"","",downstream_outcomes,overall_new_release_count,FALSE,sa,-6,0.22882114803329,1.28997953487306,-2.2995387403179,2.75718103638448
opened_cohort,important_degree_top3,rolling5,exact2,nevertreated,full_sample,"","",downstream_outcomes,overall_new_release_count,FALSE,sa,-5,-0.00961400176810806,1.29322594725163,-2.5443368583813,2.52510885484508
opened_cohort,important_degree_top3,rolling5,exact2,nevertreated,full_sample,"","",downstream_outcomes,overall_new_release_count,FALSE,sa,-4,0.389992453590808,1.24043738151107,-2.04126481417088,2.8212497213525
opened_cohort,important_degree_top3,rolling5,exact2,nevertreated,full_sample,"","",downstream_outcomes,overall_new_release_count,FALSE,sa,-3,0.00726672137303717,1.11751421538472,-2.18306114078101,2.19759458352708
opened_cohort,important_degree_top3,rolling5,exact2,nevertreated,full_sample,"","",downstream_outcomes,overall_new_release_count,FALSE,sa,-2,0.453723533221412,1.01792807929852,-1.54141550220368,2.44886256864651
opened_cohort,important_degree_top3,rolling5,exact2,nevertreated,full_sample,"","",downstream_outcomes,overall_new_release_count,FALSE,sa,-1,0,0,0,0
opened_cohort,important_degree_top3,rolling5,exact2,nevertreated,full_sample,"","",downstream_outcomes,overall_new_release_count,FALSE,sa,0,-1.23678078480666,0.517934287420526,-2.25193198815089,-0.22162958146243
opened_cohort,important_degree_top3,rolling5,exact2,nevertreated,full_sample,"","",downstream_outcomes,overall_new_release_count,FALSE,sa,1,-2.46167450970013,0.959707406570379,-4.34270102657808,-0.580647992822192
opened_cohort,important_degree_top3,rolling5,exact2,nevertreated,full_sample,"","",downstream_outcomes,overall_new_release_count,FALSE,sa,2,-2.1611455884815,1.12350293692838,-4.36321134486112,0.0409201678981135
opened_cohort,important_degree_top3,rolling5,exact2,nevertreated,full_sample,"","",downstream_outcomes,overall_new_release_count,FALSE,sa,3,-1.89761694564259,1.22350203913629,-4.29568094234973,0.500447051064544
opened_cohort,important_degree_top3,rolling5,exact2,nevertreated,full_sample,"","",downstream_outcomes,overall_new_release_count,FALSE,sa,4,-1.87440250863507,1.29545941503493,-4.41350296210354,0.664697944833394
opened_cohort,important_degree_top3,rolling5,exact2,nevertreated,full_sample,"","",downstream_outcomes,overall_new_release_count,FALSE,sa,5,-1.71750535173798,1.39038205954782,-4.4426541884517,1.00764348497574
opened_cohort,important_degree_top3,rolling5,exact2,nevertreated,full_sample,"","",downstream_outcomes,overall_new_release_count,FALSE,sa,6,-2.9820265043255,1.60323268744243,-6.12436257171266,0.160309563061653
opened_cohort,important_degree_top3,rolling5,exact2,nevertreated,full_sample,"","",downstream_outcomes,overall_new_release_count,FALSE,sa,7,-3.69418268610504,1.88654920771874,-7.39181913323377,0.00345376102367823
opened_cohort,important_degree_top3,rolling5,exact2,nevertreated,full_sample,"","",downstream_outcomes,overall_new_release_count,FALSE,sa,8,-4.39821220964036,2.23072896946382,-8.77044098978945,-0.0259834294912729
opened_cohort,important_degree_top3,rolling5,exact2,nevertreated,full_sample,"","",downstream_outcomes,overall_new_release_count,FALSE,sa,9,-5.55675714959772,3.43848230558332,-12.296182468541,1.18266816934558
opened_cohort,important_degree_top3,rolling5,exact2,nevertreated,full_sample,"","",downstream_outcomes,overall_new_release_count,FALSE,sa,10,-8.17760685615298,5.5066967792247,-18.9707325434334,2.61551883112744
opened_cohort,important_degree_top3,rolling5,exact2,nevertreated,full_sample,"","",downstream_outcomes,overall_new_release_count,FALSE,sa,11,-17.4907148120859,12.8576353334323,-42.6916800656132,7.71025044144142
opened_cohort,important_degree_top3,rolling5,exact2,nevertreated,pc_score,collaboration_pc_score,low,github_outcomes,pull_request_opened,TRUE,sa,-15,-0.799961555680164,0.849298379625495,-2.46458637974613,0.864663268385806
opened_cohort,important_degree_top3,rolling5,exact2,nevertreated,pc_score,collaboration_pc_score,low,github_outcomes,pull_request_opened,TRUE,sa,-14,-1.63618088405292,0.794348131280005,-3.19310322136173,-0.0792585467441145
opened_cohort,important_degree_top3,rolling5,exact2,nevertreated,pc_score,collaboration_pc_score,low,github_outcomes,pull_request_opened,TRUE,sa,-13,-0.273023027057586,0.844275955116671,-1.92780389908626,1.38175784497109
opened_cohort,important_degree_top3,rolling5,exact2,nevertreated,pc_score,collaboration_pc_score,low,github_outcomes,pull_request_opened,TRUE,sa,-12,0.417068183035518,0.864504506263965,-1.27736064924185,2.11149701531289
opened_cohort,important_degree_top3,rolling5,exact2,nevertreated,pc_score,collaboration_pc_score,low,github_outcomes,pull_request_opened,TRUE,sa,-11,0.53408515110176,0.822669335099128,-1.07834674569253,2.14651704789605
opened_cohort,important_degree_top3,rolling5,exact2,nevertreated,pc_score,collaboration_pc_score,low,github_outcomes,pull_request_opened,TRUE,sa,-10,0.590553211413264,1.00581140537357,-1.38083714311893,2.56194356594546
opened_cohort,important_degree_top3,rolling5,exact2,nevertreated,pc_score,collaboration_pc_score,low,github_outcomes,pull_request_opened,TRUE,sa,-9,1.24434756272911,1.3210889896532,-1.34498685699117,3.83368198244939
opened_cohort,important_degree_top3,rolling5,exact2,nevertreated,pc_score,collaboration_pc_score,low,github_outcomes,pull_request_opened,TRUE,sa,-8,1.33885538227249,1.43636221507055,-1.47641455926578,4.15412532381077
opened_cohort,important_degree_top3,rolling5,exact2,nevertreated,pc_score,collaboration_pc_score,low,github_outcomes,pull_request_opened,TRUE,sa,-7,1.19633215676383,1.22114709212744,-1.19711614380595,3.5897804573336
opened_cohort,important_degree_top3,rolling5,exact2,nevertreated,pc_score,collaboration_pc_score,low,github_outcomes,pull_request_opened,TRUE,sa,-6,0.99836940967562,1.01321216616609,-0.987526436009925,2.98426525536117
opened_cohort,important_degree_top3,rolling5,exact2,nevertreated,pc_score,collaboration_pc_score,low,github_outcomes,pull_request_opened,TRUE,sa,-5,0.441088160772828,0.650185116816701,-0.833274668187906,1.71545098973356
opened_cohort,important_degree_top3,rolling5,exact2,nevertreated,pc_score,collaboration_pc_score,low,github_outcomes,pull_request_opened,TRUE,sa,-4,0.164134938647638,0.405494426695277,-0.630634137675105,0.95890401497038
opened_cohort,important_degree_top3,rolling5,exact2,nevertreated,pc_score,collaboration_pc_score,low,github_outcomes,pull_request_opened,TRUE,sa,-3,0.118021460527408,0.255313226512974,-0.382392463438021,0.618435384492837
opened_cohort,important_degree_top3,rolling5,exact2,nevertreated,pc_score,collaboration_pc_score,low,github_outcomes,pull_request_opened,TRUE,sa,-2,0.323543956117674,0.176364400495565,-0.0221302688536333,0.669218181088982
opened_cohort,important_degree_top3,rolling5,exact2,nevertreated,pc_score,collaboration_pc_score,low,github_outcomes,pull_request_opened,TRUE,sa,-1,0,0,0,0
opened_cohort,important_degree_top3,rolling5,exact2,nevertreated,pc_score,collaboration_pc_score,low,github_outcomes,pull_request_opened,TRUE,sa,0,-0.324049702740687,0.405283657564982,-1.11840567156805,0.470306266086678
opened_cohort,important_degree_top3,rolling5,exact2,nevertreated,pc_score,collaboration_pc_score,low,github_outcomes,pull_request_opened,TRUE,sa,1,-1.20723254381219,0.784939254486589,-2.7457134826059,0.331248394981529
opened_cohort,important_degree_top3,rolling5,exact2,nevertreated,pc_score,collaboration_pc_score,low,github_outcomes,pull_request_opened,TRUE,sa,2,-1.60281915636569,1.13438932575862,-3.82622223485258,0.620583922121205
opened_cohort,important_degree_top3,rolling5,exact2,nevertreated,pc_score,collaboration_pc_score,low,github_outcomes,pull_request_opened,TRUE,sa,3,-2.11106113292314,1.71571215223762,-5.47385695130887,1.25173468546259
opened_cohort,important_degree_top3,rolling5,exact2,nevertreated,pc_score,collaboration_pc_score,low,github_outcomes,pull_request_opened,TRUE,sa,4,-2.93463620723853,2.55945068014142,-7.95115954031571,2.08188712583864
opened_cohort,important_degree_top3,rolling5,exact2,nevertreated,pc_score,collaboration_pc_score,low,github_outcomes,pull_request_opened,TRUE,sa,5,-3.47298974428089,3.1146263102774,-9.57765731242459,2.6316778238628
opened_cohort,important_degree_top3,rolling5,exact2,nevertreated,pc_score,collaboration_pc_score,low,github_outcomes,pull_request_opened,TRUE,sa,6,-3.65843634618666,3.42692664146644,-10.3752125634609,3.05833987108756
opened_cohort,important_degree_top3,rolling5,exact2,nevertreated,pc_score,collaboration_pc_score,low,github_outcomes,pull_request_opened,TRUE,sa,7,-4.41089309295891,4.04400071978233,-12.3371345037323,3.51534831781445
opened_cohort,important_degree_top3,rolling5,exact2,nevertreated,pc_score,collaboration_pc_score,low,github_outcomes,pull_request_opened,TRUE,sa,8,-4.40954537497845,4.09423084504855,-12.4342378312736,3.61514708131672
opened_cohort,important_degree_top3,rolling5,exact2,nevertreated,pc_score,collaboration_pc_score,low,github_outcomes,pull_request_opened,TRUE,sa,9,-4.94485366678759,4.36733386255493,-13.5048280373952,3.61512070382007
opened_cohort,important_degree_top3,rolling5,exact2,nevertreated,pc_score,collaboration_pc_score,low,github_outcomes,pull_request_opened,TRUE,sa,10,-5.35516577276108,4.89456402090806,-14.9485112537409,4.23817970821872
opened_cohort,important_degree_top3,rolling5,exact2,nevertreated,pc_score,collaboration_pc_score,low,github_outcomes,pull_request_opened,TRUE,sa,11,-4.88668529792403,4.44666942716477,-13.602157375167,3.82878677931893
opened_cohort,important_degree_top3,rolling5,exact2,nevertreated,pc_score,collaboration_pc_score,high,github_outcomes,pull_request_opened,TRUE,sa,-15,1.65518277979424,1.38748718638031,-1.06429210551117,4.37465766509964
opened_cohort,important_degree_top3,rolling5,exact2,nevertreated,pc_score,collaboration_pc_score,high,github_outcomes,pull_request_opened,TRUE,sa,-14,1.77318179965175,0.803940302344216,0.197458807057084,3.34890479224641
opened_cohort,important_degree_top3,rolling5,exact2,nevertreated,pc_score,collaboration_pc_score,high,github_outcomes,pull_request_opened,TRUE,sa,-13,1.0911304185496,0.609366163486867,-0.103227261884663,2.28548809898385
opened_cohort,important_degree_top3,rolling5,exact2,nevertreated,pc_score,collaboration_pc_score,high,github_outcomes,pull_request_opened,TRUE,sa,-12,0.598065097881514,0.586960180852972,-0.552376856590312,1.74850705235334
opened_cohort,important_degree_top3,rolling5,exact2,nevertreated,pc_score,collaboration_pc_score,high,github_outcomes,pull_request_opened,TRUE,sa,-11,0.342657233331624,0.430465106172596,-0.501054374766665,1.18636884142991
opened_cohort,important_degree_top3,rolling5,exact2,nevertreated,pc_score,collaboration_pc_score,high,github_outcomes,pull_request_opened,TRUE,sa,-10,1.10451893730995,0.60104947355768,-0.0735380308631064,2.282575905483
opened_cohort,important_degree_top3,rolling5,exact2,nevertreated,pc_score,collaboration_pc_score,high,github_outcomes,pull_request_opened,TRUE,sa,-9,0.770298261852461,0.581640735012473,-0.369717578771986,1.91031410247691
opened_cohort,important_degree_top3,rolling5,exact2,nevertreated,pc_score,collaboration_pc_score,high,github_outcomes,pull_request_opened,TRUE,sa,-8,0.764958766096471,0.416349398404538,-0.0510860547764229,1.58100358696937
opened_cohort,important_degree_top3,rolling5,exact2,nevertreated,pc_score,collaboration_pc_score,high,github_outcomes,pull_request_opened,TRUE,sa,-7,0.29788171114063,0.307545132589721,-0.304906748735223,0.900670171016484
opened_cohort,important_degree_top3,rolling5,exact2,nevertreated,pc_score,collaboration_pc_score,high,github_outcomes,pull_request_opened,TRUE,sa,-6,0.100354736573871,0.207136754972945,-0.3056333031731,0.506342776320843
opened_cohort,important_degree_top3,rolling5,exact2,nevertreated,pc_score,collaboration_pc_score,high,github_outcomes,pull_request_opened,TRUE,sa,-5,0.178952264071501,0.173313201969987,-0.160741611789674,0.518646139932676
opened_cohort,important_degree_top3,rolling5,exact2,nevertreated,pc_score,collaboration_pc_score,high,github_outcomes,pull_request_opened,TRUE,sa,-4,0.277540657744734,0.146439729882312,-0.00948121282459702,0.564562528314066
opened_cohort,important_degree_top3,rolling5,exact2,nevertreated,pc_score,collaboration_pc_score,high,github_outcomes,pull_request_opened,TRUE,sa,-3,0.00768175215571283,0.135653786680603,-0.25819966973827,0.273563174049695
opened_cohort,important_degree_top3,rolling5,exact2,nevertreated,pc_score,collaboration_pc_score,high,github_outcomes,pull_request_opened,TRUE,sa,-2,0.423918940022543,0.130557674154234,0.168025898680246,0.679811981364841
opened_cohort,important_degree_top3,rolling5,exact2,nevertreated,pc_score,collaboration_pc_score,high,github_outcomes,pull_request_opened,TRUE,sa,-1,0,0,0,0
opened_cohort,important_degree_top3,rolling5,exact2,nevertreated,pc_score,collaboration_pc_score,high,github_outcomes,pull_request_opened,TRUE,sa,0,0.112811885804736,0.164280816065478,-0.209178513683601,0.434802285293073
opened_cohort,important_degree_top3,rolling5,exact2,nevertreated,pc_score,collaboration_pc_score,high,github_outcomes,pull_request_opened,TRUE,sa,1,-0.475018444740589,0.167410447460335,-0.803142921762845,-0.146893967718333
opened_cohort,important_degree_top3,rolling5,exact2,nevertreated,pc_score,collaboration_pc_score,high,github_outcomes,pull_request_opened,TRUE,sa,2,-0.398278046937977,0.289853103961812,-0.966390130703129,0.169834036827175
opened_cohort,important_degree_top3,rolling5,exact2,nevertreated,pc_score,collaboration_pc_score,high,github_outcomes,pull_request_opened,TRUE,sa,3,-0.487894903551812,0.320533469977881,-1.11614050470846,0.140350697604835
opened_cohort,important_degree_top3,rolling5,exact2,nevertreated,pc_score,collaboration_pc_score,high,github_outcomes,pull_request_opened,TRUE,sa,4,-0.416135321372101,0.391731716765371,-1.18392948623223,0.351658843488027
opened_cohort,important_degree_top3,rolling5,exact2,nevertreated,pc_score,collaboration_pc_score,high,github_outcomes,pull_request_opened,TRUE,sa,5,-0.474367326264017,0.419113592539929,-1.29582996764228,0.347095315114245
opened_cohort,important_degree_top3,rolling5,exact2,nevertreated,pc_score,collaboration_pc_score,high,github_outcomes,pull_request_opened,TRUE,sa,6,-0.590713528755308,0.51217826089086,-1.59458292010139,0.413155862590778
opened_cohort,important_degree_top3,rolling5,exact2,nevertreated,pc_score,collaboration_pc_score,high,github_outcomes,pull_request_opened,TRUE,sa,7,-0.308475165065576,0.556363277915147,-1.39894718977926,0.781996859648113
opened_cohort,important_degree_top3,rolling5,exact2,nevertreated,pc_score,collaboration_pc_score,high,github_outcomes,pull_request_opened,TRUE,sa,8,-0.393776715037048,0.522498927345411,-1.41787461263405,0.630321182559958
opened_cohort,important_degree_top3,rolling5,exact2,nevertreated,pc_score,collaboration_pc_score,high,github_outcomes,pull_request_opened,TRUE,sa,9,-0.305776174934117,0.514575692012085,-1.3143445312778,0.702792181409569
opened_cohort,important_degree_top3,rolling5,exact2,nevertreated,pc_score,collaboration_pc_score,high,github_outcomes,pull_request_opened,TRUE,sa,10,-0.492270140020187,0.4460618756568,-1.36655141630752,0.382011136267142
opened_cohort,important_degree_top3,rolling5,exact2,nevertreated,pc_score,collaboration_pc_score,high,github_outcomes,pull_request_opened,TRUE,sa,11,-0.924865543826975,0.471914344034812,-1.84981765813521,8.6570481255821e-05
opened_cohort,important_degree_top3,rolling5,exact2,nevertreated,pc_score,knowledge_level_pc_score,low,github_outcomes,pull_request_opened,TRUE,sa,-15,1.01646284892976,0.460755830444225,0.113381421259077,1.91954427660044
opened_cohort,important_degree_top3,rolling5,exact2,nevertreated,pc_score,knowledge_level_pc_score,low,github_outcomes,pull_request_opened,TRUE,sa,-14,0.0423825762499581,0.43984532018463,-0.819714251311917,0.904479403811833
opened_cohort,important_degree_top3,rolling5,exact2,nevertreated,pc_score,knowledge_level_pc_score,low,github_outcomes,pull_request_opened,TRUE,sa,-13,0.148722622814172,0.543204621915184,-0.915958436139589,1.21340368176793
opened_cohort,important_degree_top3,rolling5,exact2,nevertreated,pc_score,knowledge_level_pc_score,low,github_outcomes,pull_request_opened,TRUE,sa,-12,-0.394663586620801,0.445826807469828,-1.26848412926166,0.479156956020061
opened_cohort,important_degree_top3,rolling5,exact2,nevertreated,pc_score,knowledge_level_pc_score,low,github_outcomes,pull_request_opened,TRUE,sa,-11,0.158045754027069,0.506664841046218,-0.835017334423518,1.15110884247766
opened_cohort,important_degree_top3,rolling5,exact2,nevertreated,pc_score,knowledge_level_pc_score,low,github_outcomes,pull_request_opened,TRUE,sa,-10,0.0211125209408429,0.374282323916143,-0.712480833934797,0.754705875816483
opened_cohort,important_degree_top3,rolling5,exact2,nevertreated,pc_score,knowledge_level_pc_score,low,github_outcomes,pull_request_opened,TRUE,sa,-9,0.205001405412711,0.403587545754781,-0.58603018426666,0.996032995092082
opened_cohort,important_degree_top3,rolling5,exact2,nevertreated,pc_score,knowledge_level_pc_score,low,github_outcomes,pull_request_opened,TRUE,sa,-8,0.296451659029901,0.39963214631728,-0.486827347751968,1.07973066581177
opened_cohort,important_degree_top3,rolling5,exact2,nevertreated,pc_score,knowledge_level_pc_score,low,github_outcomes,pull_request_opened,TRUE,sa,-7,0.0394582404917327,0.239253027433192,-0.429477693277324,0.508394174260789
opened_cohort,important_degree_top3,rolling5,exact2,nevertreated,pc_score,knowledge_level_pc_score,low,github_outcomes,pull_request_opened,TRUE,sa,-6,0.0834345452416709,0.198165641642342,-0.304970112377319,0.471839202860661
opened_cohort,important_degree_top3,rolling5,exact2,nevertreated,pc_score,knowledge_level_pc_score,low,github_outcomes,pull_request_opened,TRUE,sa,-5,-0.0782339103715047,0.147315701774128,-0.366972685848796,0.210504865105786
opened_cohort,important_degree_top3,rolling5,exact2,nevertreated,pc_score,knowledge_level_pc_score,low,github_outcomes,pull_request_opened,TRUE,sa,-4,-0.113641238624056,0.132578566276654,-0.373495228526299,0.146212751278186
opened_cohort,important_degree_top3,rolling5,exact2,nevertreated,pc_score,knowledge_level_pc_score,low,github_outcomes,pull_request_opened,TRUE,sa,-3,-0.142746605628685,0.114163645003308,-0.366507349835169,0.0810141385777997
opened_cohort,important_degree_top3,rolling5,exact2,nevertreated,pc_score,knowledge_level_pc_score,low,github_outcomes,pull_request_opened,TRUE,sa,-2,0.266060528655827,0.104696170362404,0.0608560347455149,0.471265022566139
opened_cohort,important_degree_top3,rolling5,exact2,nevertreated,pc_score,knowledge_level_pc_score,low,github_outcomes,pull_request_opened,TRUE,sa,-1,0,0,0,0
opened_cohort,important_degree_top3,rolling5,exact2,nevertreated,pc_score,knowledge_level_pc_score,low,github_outcomes,pull_request_opened,TRUE,sa,0,-0.0440130752295217,0.177398764127967,-0.391714652920336,0.303688502461293
opened_cohort,important_degree_top3,rolling5,exact2,nevertreated,pc_score,knowledge_level_pc_score,low,github_outcomes,pull_request_opened,TRUE,sa,1,-0.600695738637843,0.145751471880434,-0.886368623523494,-0.315022853752192
opened_cohort,important_degree_top3,rolling5,exact2,nevertreated,pc_score,knowledge_level_pc_score,low,github_outcomes,pull_request_opened,TRUE,sa,2,-0.488056607458854,0.176386195289186,-0.833773550225659,-0.14233966469205
opened_cohort,important_degree_top3,rolling5,exact2,nevertreated,pc_score,knowledge_level_pc_score,low,github_outcomes,pull_request_opened,TRUE,sa,3,-0.675755635112177,0.228563899260441,-1.12374087766264,-0.227770392561712
opened_cohort,important_degree_top3,rolling5,exact2,nevertreated,pc_score,knowledge_level_pc_score,low,github_outcomes,pull_request_opened,TRUE,sa,4,-0.609109296634885,0.196289624421158,-0.993836960500354,-0.224381632769415
opened_cohort,important_degree_top3,rolling5,exact2,nevertreated,pc_score,knowledge_level_pc_score,low,github_outcomes,pull_request_opened,TRUE,sa,5,-0.596839500569236,0.181091430208485,-0.951778703777866,-0.241900297360607
opened_cohort,important_degree_top3,rolling5,exact2,nevertreated,pc_score,knowledge_level_pc_score,low,github_outcomes,pull_request_opened,TRUE,sa,6,-0.673708232675781,0.212266037934614,-1.08974966702762,-0.257666798323939
opened_cohort,important_degree_top3,rolling5,exact2,nevertreated,pc_score,knowledge_level_pc_score,low,github_outcomes,pull_request_opened,TRUE,sa,7,-0.64010350003048,0.206164308661816,-1.04418554500764,-0.23602145505332
opened_cohort,important_degree_top3,rolling5,exact2,nevertreated,pc_score,knowledge_level_pc_score,low,github_outcomes,pull_request_opened,TRUE,sa,8,-0.552516254858934,0.234550101959955,-1.01223445470045,-0.0927980550174219
opened_cohort,important_degree_top3,rolling5,exact2,nevertreated,pc_score,knowledge_level_pc_score,low,github_outcomes,pull_request_opened,TRUE,sa,9,-0.545706084847311,0.256431803972493,-1.0483124206334,-0.0430997490612246
opened_cohort,important_degree_top3,rolling5,exact2,nevertreated,pc_score,knowledge_level_pc_score,low,github_outcomes,pull_request_opened,TRUE,sa,10,-0.55069687443403,0.293644487434493,-1.12624006980564,0.0248463209375764
opened_cohort,important_degree_top3,rolling5,exact2,nevertreated,pc_score,knowledge_level_pc_score,low,github_outcomes,pull_request_opened,TRUE,sa,11,-0.701499171046813,0.44757887162722,-1.57875375943616,0.175755417342538
opened_cohort,important_degree_top3,rolling5,exact2,nevertreated,pc_score,knowledge_level_pc_score,high,github_outcomes,pull_request_opened,TRUE,sa,-15,0.308820895266171,1.10701037265954,-1.86091943514652,2.47856122567886
opened_cohort,important_degree_top3,rolling5,exact2,nevertreated,pc_score,knowledge_level_pc_score,high,github_outcomes,pull_request_opened,TRUE,sa,-14,-0.243010833165621,0.755084417927487,-1.7229762923035,1.23695462597225
opened_cohort,important_degree_top3,rolling5,exact2,nevertreated,pc_score,knowledge_level_pc_score,high,github_outcomes,pull_request_opened,TRUE,sa,-13,0.403235411115055,0.679514732713552,-0.928613465003507,1.73508428723362
opened_cohort,important_degree_top3,rolling5,exact2,nevertreated,pc_score,knowledge_level_pc_score,high,github_outcomes,pull_request_opened,TRUE,sa,-12,0.684939869812179,0.554631441806072,-0.402137756127722,1.77201749575208
opened_cohort,important_degree_top3,rolling5,exact2,nevertreated,pc_score,knowledge_level_pc_score,high,github_outcomes,pull_request_opened,TRUE,sa,-11,0.393916319237099,0.46878008799513,-0.524892653233355,1.31272529170755
opened_cohort,important_degree_top3,rolling5,exact2,nevertreated,pc_score,knowledge_level_pc_score,high,github_outcomes,pull_request_opened,TRUE,sa,-10,0.875895643732412,0.553513199911067,-0.208990228093279,1.9607815155581
opened_cohort,important_degree_top3,rolling5,exact2,nevertreated,pc_score,knowledge_level_pc_score,high,github_outcomes,pull_request_opened,TRUE,sa,-9,0.923257961901868,0.622142033460407,-0.29614042368053,2.14265634748427
opened_cohort,important_degree_top3,rolling5,exact2,nevertreated,pc_score,knowledge_level_pc_score,high,github_outcomes,pull_request_opened,TRUE,sa,-8,0.802788007259566,0.593435905642243,-0.360346367799229,1.96592238231836
opened_cohort,important_degree_top3,rolling5,exact2,nevertreated,pc_score,knowledge_level_pc_score,high,github_outcomes,pull_request_opened,TRUE,sa,-7,0.851676768728685,0.597811492725398,-0.320033757013096,2.02338729447047
opened_cohort,important_degree_top3,rolling5,exact2,nevertreated,pc_score,knowledge_level_pc_score,high,github_outcomes,pull_request_opened,TRUE,sa,-6,0.656370132882875,0.524755417611483,-0.372150485635632,1.68489075140138
opened_cohort,important_degree_top3,rolling5,exact2,nevertreated,pc_score,knowledge_level_pc_score,high,github_outcomes,pull_request_opened,TRUE,sa,-5,0.456843168117617,0.372717201459979,-0.273682546743942,1.18736888297918
opened_cohort,important_degree_top3,rolling5,exact2,nevertreated,pc_score,knowledge_level_pc_score,high,github_outcomes,pull_request_opened,TRUE,sa,-4,0.406772120322467,0.263571416410953,-0.109827855843001,0.923372096487934
opened_cohort,important_degree_top3,rolling5,exact2,nevertreated,pc_score,knowledge_level_pc_score,high,github_outcomes,pull_request_opened,TRUE,sa,-3,0.295298058617276,0.210487027058937,-0.11725651441824,0.707852631652793
opened_cohort,important_degree_top3,rolling5,exact2,nevertreated,pc_score,knowledge_level_pc_score,high,github_outcomes,pull_request_opened,TRUE,sa,-2,0.42491283333582,0.179324512092469,0.0734367896345817,0.776388877037058
opened_cohort,important_degree_top3,rolling5,exact2,nevertreated,pc_score,knowledge_level_pc_score,high,github_outcomes,pull_request_opened,TRUE,sa,-1,0,0,0,0
opened_cohort,important_degree_top3,rolling5,exact2,nevertreated,pc_score,knowledge_level_pc_score,high,github_outcomes,pull_request_opened,TRUE,sa,0,-0.13508343153318,0.342980357357787,-0.807324931954443,0.537158068888084
opened_cohort,important_degree_top3,rolling5,exact2,nevertreated,pc_score,knowledge_level_pc_score,high,github_outcomes,pull_request_opened,TRUE,sa,1,-0.875608122531835,0.59295485209035,-2.03779963262892,0.28658338756525
opened_cohort,important_degree_top3,rolling5,exact2,nevertreated,pc_score,knowledge_level_pc_score,high,github_outcomes,pull_request_opened,TRUE,sa,2,-1.24683453178632,0.860004606812043,-2.93244356113793,0.438774497565284
opened_cohort,important_degree_top3,rolling5,exact2,nevertreated,pc_score,knowledge_level_pc_score,high,github_outcomes,pull_request_opened,TRUE,sa,3,-1.41087946677758,1.26807008466839,-3.89629683272763,1.07453789917246
opened_cohort,important_degree_top3,rolling5,exact2,nevertreated,pc_score,knowledge_level_pc_score,high,github_outcomes,pull_request_opened,TRUE,sa,4,-2.02676799611618,1.96824953965174,-5.8845370938336,1.83100110160124
opened_cohort,important_degree_top3,rolling5,exact2,nevertreated,pc_score,knowledge_level_pc_score,high,github_outcomes,pull_request_opened,TRUE,sa,5,-2.40717238292131,2.28823082797538,-6.89210480575305,2.07776003991044
opened_cohort,important_degree_top3,rolling5,exact2,nevertreated,pc_score,knowledge_level_pc_score,high,github_outcomes,pull_request_opened,TRUE,sa,6,-2.4654288990993,2.52121413073978,-7.40700859534926,2.47615079715066
opened_cohort,important_degree_top3,rolling5,exact2,nevertreated,pc_score,knowledge_level_pc_score,high,github_outcomes,pull_request_opened,TRUE,sa,7,-2.77982682078294,2.87140574830223,-8.40778208745531,2.84812844588944
opened_cohort,important_degree_top3,rolling5,exact2,nevertreated,pc_score,knowledge_level_pc_score,high,github_outcomes,pull_request_opened,TRUE,sa,8,-3.11708989230811,3.05129547209223,-9.09762901760888,2.86344923299266
opened_cohort,important_degree_top3,rolling5,exact2,nevertreated,pc_score,knowledge_level_pc_score,high,github_outcomes,pull_request_opened,TRUE,sa,9,-3.63284295096023,3.3382837899395,-10.1758791792417,2.91019327732119
opened_cohort,important_degree_top3,rolling5,exact2,nevertreated,pc_score,knowledge_level_pc_score,high,github_outcomes,pull_request_opened,TRUE,sa,10,-3.88396446209482,3.54449473145996,-10.8311741357564,3.06324521156671
opened_cohort,important_degree_top3,rolling5,exact2,nevertreated,pc_score,knowledge_level_pc_score,high,github_outcomes,pull_request_opened,TRUE,sa,11,-3.907216286948,3.25924981041341,-10.2953459153583,2.4809133414623
opened_cohort,important_degree_top3,rolling5,exact2,nevertreated,pc_score,discussion_quality_pc_score,low,github_outcomes,pull_request_opened,TRUE,sa,-15,-0.0727926660573171,0.771167261582506,-1.58428049875903,1.4386951666444
opened_cohort,important_degree_top3,rolling5,exact2,nevertreated,pc_score,discussion_quality_pc_score,low,github_outcomes,pull_request_opened,TRUE,sa,-14,-1.00221610831374,0.853459629591065,-2.67499698231223,0.670564765684745
opened_cohort,important_degree_top3,rolling5,exact2,nevertreated,pc_score,discussion_quality_pc_score,low,github_outcomes,pull_request_opened,TRUE,sa,-13,0.140373706741153,0.642576212927399,-1.11907567059655,1.39982308407885
opened_cohort,important_degree_top3,rolling5,exact2,nevertreated,pc_score,discussion_quality_pc_score,low,github_outcomes,pull_request_opened,TRUE,sa,-12,0.795455453604458,0.691826423310461,-0.560524336084047,2.15143524329296
opened_cohort,important_degree_top3,rolling5,exact2,nevertreated,pc_score,discussion_quality_pc_score,low,github_outcomes,pull_request_opened,TRUE,sa,-11,-0.176679981030548,0.45058838304883,-1.05983321180625,0.706473249745159
opened_cohort,important_degree_top3,rolling5,exact2,nevertreated,pc_score,discussion_quality_pc_score,low,github_outcomes,pull_request_opened,TRUE,sa,-10,0.683183082964191,0.644175312667094,-0.579400529863314,1.94576669579169
opened_cohort,important_degree_top3,rolling5,exact2,nevertreated,pc_score,discussion_quality_pc_score,low,github_outcomes,pull_request_opened,TRUE,sa,-9,1.21209176428387,0.735888338892496,-0.230249379945418,2.65443290851317
opened_cohort,important_degree_top3,rolling5,exact2,nevertreated,pc_score,discussion_quality_pc_score,low,github_outcomes,pull_request_opened,TRUE,sa,-8,0.858553305679096,0.726007442538388,-0.564421281696144,2.28152789305434
opened_cohort,important_degree_top3,rolling5,exact2,nevertreated,pc_score,discussion_quality_pc_score,low,github_outcomes,pull_request_opened,TRUE,sa,-7,0.828710360922472,0.695321009164091,-0.534118817039146,2.19153953888409
opened_cohort,important_degree_top3,rolling5,exact2,nevertreated,pc_score,discussion_quality_pc_score,low,github_outcomes,pull_request_opened,TRUE,sa,-6,0.670002292212162,0.680315555114752,-0.663416195812752,2.00342078023708
opened_cohort,important_degree_top3,rolling5,exact2,nevertreated,pc_score,discussion_quality_pc_score,low,github_outcomes,pull_request_opened,TRUE,sa,-5,0.448328760919521,0.469296178388282,-0.471491748721512,1.36814927056055
opened_cohort,important_degree_top3,rolling5,exact2,nevertreated,pc_score,discussion_quality_pc_score,low,github_outcomes,pull_request_opened,TRUE,sa,-4,0.186642401002952,0.320724240003917,-0.441977109404725,0.815261911410628
opened_cohort,important_degree_top3,rolling5,exact2,nevertreated,pc_score,discussion_quality_pc_score,low,github_outcomes,pull_request_opened,TRUE,sa,-3,0.131041841653658,0.22398001686867,-0.307958991408935,0.570042674716251
opened_cohort,important_degree_top3,rolling5,exact2,nevertreated,pc_score,discussion_quality_pc_score,low,github_outcomes,pull_request_opened,TRUE,sa,-2,0.474649876592687,0.157527966846238,0.165895061574061,0.783404691611313
opened_cohort,important_degree_top3,rolling5,exact2,nevertreated,pc_score,discussion_quality_pc_score,low,github_outcomes,pull_request_opened,TRUE,sa,-1,0,0,0,0
opened_cohort,important_degree_top3,rolling5,exact2,nevertreated,pc_score,discussion_quality_pc_score,low,github_outcomes,pull_request_opened,TRUE,sa,0,-0.325318403316612,0.330137767661041,-0.972388427932253,0.321751621299028
opened_cohort,important_degree_top3,rolling5,exact2,nevertreated,pc_score,discussion_quality_pc_score,low,github_outcomes,pull_request_opened,TRUE,sa,1,-0.988600461722787,0.582553353816381,-2.13040503520289,0.15320411175732
opened_cohort,important_degree_top3,rolling5,exact2,nevertreated,pc_score,discussion_quality_pc_score,low,github_outcomes,pull_request_opened,TRUE,sa,2,-1.31840603288276,0.817870255705961,-2.92143173406644,0.284619668300927
opened_cohort,important_degree_top3,rolling5,exact2,nevertreated,pc_score,discussion_quality_pc_score,low,github_outcomes,pull_request_opened,TRUE,sa,3,-1.75979602304683,1.28566913725556,-4.27970753206772,0.760115485974066
opened_cohort,important_degree_top3,rolling5,exact2,nevertreated,pc_score,discussion_quality_pc_score,low,github_outcomes,pull_request_opened,TRUE,sa,4,-2.44316294204869,1.96981831064901,-6.30400683092074,1.41768094682337
opened_cohort,important_degree_top3,rolling5,exact2,nevertreated,pc_score,discussion_quality_pc_score,low,github_outcomes,pull_request_opened,TRUE,sa,5,-2.72105737707131,2.38133036099718,-7.38846488462579,1.94635013048316
opened_cohort,important_degree_top3,rolling5,exact2,nevertreated,pc_score,discussion_quality_pc_score,low,github_outcomes,pull_request_opened,TRUE,sa,6,-3.05763352314766,2.57311053459574,-8.10093017095532,1.98566312465999
opened_cohort,important_degree_top3,rolling5,exact2,nevertreated,pc_score,discussion_quality_pc_score,low,github_outcomes,pull_request_opened,TRUE,sa,7,-3.28282743109953,3.12715518356798,-9.41205159089278,2.84639672869371
opened_cohort,important_degree_top3,rolling5,exact2,nevertreated,pc_score,discussion_quality_pc_score,low,github_outcomes,pull_request_opened,TRUE,sa,8,-3.55492092151674,3.23655235809344,-9.89856354337988,2.7887217003464
opened_cohort,important_degree_top3,rolling5,exact2,nevertreated,pc_score,discussion_quality_pc_score,low,github_outcomes,pull_request_opened,TRUE,sa,9,-3.75345204020053,3.52887843263201,-10.6700537681593,3.1631496877582
opened_cohort,important_degree_top3,rolling5,exact2,nevertreated,pc_score,discussion_quality_pc_score,low,github_outcomes,pull_request_opened,TRUE,sa,10,-4.08839656471749,3.97811376878271,-11.8854995515316,3.70870642209661
opened_cohort,important_degree_top3,rolling5,exact2,nevertreated,pc_score,discussion_quality_pc_score,low,github_outcomes,pull_request_opened,TRUE,sa,11,-3.69877775655331,3.60132916115891,-10.7573829124248,3.35982739931816
opened_cohort,important_degree_top3,rolling5,exact2,nevertreated,pc_score,discussion_quality_pc_score,high,github_outcomes,pull_request_opened,TRUE,sa,-15,0.805809774630754,1.16935328320557,-1.48612266045217,3.09774220971367
opened_cohort,important_degree_top3,rolling5,exact2,nevertreated,pc_score,discussion_quality_pc_score,high,github_outcomes,pull_request_opened,TRUE,sa,-14,0.414256067826465,0.737519042772067,-1.03128125600678,1.85979339165972
opened_cohort,important_degree_top3,rolling5,exact2,nevertreated,pc_score,discussion_quality_pc_score,high,github_outcomes,pull_request_opened,TRUE,sa,-13,0.718867078373325,0.501853725521629,-0.264766223649067,1.70250038039572
opened_cohort,important_degree_top3,rolling5,exact2,nevertreated,pc_score,discussion_quality_pc_score,high,github_outcomes,pull_request_opened,TRUE,sa,-12,0.243677759569165,0.546941313721449,-0.828327215324875,1.3156827344632
opened_cohort,important_degree_top3,rolling5,exact2,nevertreated,pc_score,discussion_quality_pc_score,high,github_outcomes,pull_request_opened,TRUE,sa,-11,0.714286027303293,0.501996597474999,-0.269627303747705,1.69819935835429
opened_cohort,important_degree_top3,rolling5,exact2,nevertreated,pc_score,discussion_quality_pc_score,high,github_outcomes,pull_request_opened,TRUE,sa,-10,0.421013869475959,0.396182408157696,-0.355503650513124,1.19753138946504
opened_cohort,important_degree_top3,rolling5,exact2,nevertreated,pc_score,discussion_quality_pc_score,high,github_outcomes,pull_request_opened,TRUE,sa,-9,0.100930398135819,0.39379270631407,-0.670903306239758,0.872764102511397
opened_cohort,important_degree_top3,rolling5,exact2,nevertreated,pc_score,discussion_quality_pc_score,high,github_outcomes,pull_request_opened,TRUE,sa,-8,0.350424636198511,0.364686811525379,-0.364361514391232,1.06521078678825
opened_cohort,important_degree_top3,rolling5,exact2,nevertreated,pc_score,discussion_quality_pc_score,high,github_outcomes,pull_request_opened,TRUE,sa,-7,0.165285877011216,0.327483041881124,-0.476580885075787,0.807152639098219
opened_cohort,important_degree_top3,rolling5,exact2,nevertreated,pc_score,discussion_quality_pc_score,high,github_outcomes,pull_request_opened,TRUE,sa,-6,0.174631049405133,0.261353328412982,-0.337621474284312,0.686883573094577
opened_cohort,important_degree_top3,rolling5,exact2,nevertreated,pc_score,discussion_quality_pc_score,high,github_outcomes,pull_request_opened,TRUE,sa,-5,-0.0124720650665602,0.177347760643914,-0.360073675928632,0.335129545795511
opened_cohort,important_degree_top3,rolling5,exact2,nevertreated,pc_score,discussion_quality_pc_score,high,github_outcomes,pull_request_opened,TRUE,sa,-4,0.178744060969703,0.148489083328285,-0.112294542353735,0.469782664293142
opened_cohort,important_degree_top3,rolling5,exact2,nevertreated,pc_score,discussion_quality_pc_score,high,github_outcomes,pull_request_opened,TRUE,sa,-3,0.0231287794886871,0.133792060110765,-0.239103658328413,0.285361217305787
opened_cohort,important_degree_top3,rolling5,exact2,nevertreated,pc_score,discussion_quality_pc_score,high,github_outcomes,pull_request_opened,TRUE,sa,-2,0.219938897811124,0.134122441285923,-0.042941087109284,0.482818882731532
opened_cohort,important_degree_top3,rolling5,exact2,nevertreated,pc_score,discussion_quality_pc_score,high,github_outcomes,pull_request_opened,TRUE,sa,-1,0,0,0,0
opened_cohort,important_degree_top3,rolling5,exact2,nevertreated,pc_score,discussion_quality_pc_score,high,github_outcomes,pull_request_opened,TRUE,sa,0,0.170027426626845,0.181357407768068,-0.185433092598568,0.525487945852258
opened_cohort,important_degree_top3,rolling5,exact2,nevertreated,pc_score,discussion_quality_pc_score,high,github_outcomes,pull_request_opened,TRUE,sa,1,-0.507351112637689,0.221206070955496,-0.940915011710462,-0.0737872135649161
opened_cohort,important_degree_top3,rolling5,exact2,nevertreated,pc_score,discussion_quality_pc_score,high,github_outcomes,pull_request_opened,TRUE,sa,2,-0.435473688152279,0.356684306834572,-1.13457492954804,0.263627553243482
opened_cohort,important_degree_top3,rolling5,exact2,nevertreated,pc_score,discussion_quality_pc_score,high,github_outcomes,pull_request_opened,TRUE,sa,3,-0.403837193959171,0.467726088655335,-1.32058032772363,0.512905939805286
opened_cohort,important_degree_top3,rolling5,exact2,nevertreated,pc_score,discussion_quality_pc_score,high,github_outcomes,pull_request_opened,TRUE,sa,4,-0.269510523169336,0.612702161370804,-1.47040675945611,0.931385713117439
opened_cohort,important_degree_top3,rolling5,exact2,nevertreated,pc_score,discussion_quality_pc_score,high,github_outcomes,pull_request_opened,TRUE,sa,5,-0.445523732866416,0.537716752034403,-1.49944856685384,0.608401101121014
opened_cohort,important_degree_top3,rolling5,exact2,nevertreated,pc_score,discussion_quality_pc_score,high,github_outcomes,pull_request_opened,TRUE,sa,6,-0.205924196769701,0.743534735702951,-1.66325227874748,1.25140388520808
opened_cohort,important_degree_top3,rolling5,exact2,nevertreated,pc_score,discussion_quality_pc_score,high,github_outcomes,pull_request_opened,TRUE,sa,7,-0.542136926300525,0.640166901644807,-1.79686405352435,0.712590200923296
opened_cohort,important_degree_top3,rolling5,exact2,nevertreated,pc_score,discussion_quality_pc_score,high,github_outcomes,pull_request_opened,TRUE,sa,8,-0.442690737819231,0.686110341017422,-1.78746700621338,0.902085530574917
opened_cohort,important_degree_top3,rolling5,exact2,nevertreated,pc_score,discussion_quality_pc_score,high,github_outcomes,pull_request_opened,TRUE,sa,9,-0.749890875705207,0.556371413687608,-1.84037884653292,0.340597095122504
opened_cohort,important_degree_top3,rolling5,exact2,nevertreated,pc_score,discussion_quality_pc_score,high,github_outcomes,pull_request_opened,TRUE,sa,10,-1.01216770235239,0.508466974178164,-2.00876297174159,-0.0155724329631902
opened_cohort,important_degree_top3,rolling5,exact2,nevertreated,pc_score,discussion_quality_pc_score,high,github_outcomes,pull_request_opened,TRUE,sa,11,-1.79427381828555,0.581866441956576,-2.93473204452044,-0.653815592050666
opened_cohort,important_degree_top3,rolling5,exact2,nevertreated,pc_score,investment_in_new_talent_pc_score,low,github_outcomes,pull_request_opened,TRUE,sa,-15,0.155233549768554,0.67690736423441,-1.17150488413089,1.481971983668
opened_cohort,important_degree_top3,rolling5,exact2,nevertreated,pc_score,investment_in_new_talent_pc_score,low,github_outcomes,pull_request_opened,TRUE,sa,-14,-0.284715308660769,0.675841440304217,-1.60936453165703,1.0399339143355
opened_cohort,important_degree_top3,rolling5,exact2,nevertreated,pc_score,investment_in_new_talent_pc_score,low,github_outcomes,pull_request_opened,TRUE,sa,-13,0.885612702552144,0.755552796887711,-0.59527077934777,2.36649618445206
opened_cohort,important_degree_top3,rolling5,exact2,nevertreated,pc_score,investment_in_new_talent_pc_score,low,github_outcomes,pull_request_opened,TRUE,sa,-12,1.21319630194149,0.551064012874915,0.133110836706662,2.29328176717633
opened_cohort,important_degree_top3,rolling5,exact2,nevertreated,pc_score,investment_in_new_talent_pc_score,low,github_outcomes,pull_request_opened,TRUE,sa,-11,0.764982242966196,0.447735513774264,-0.112579364031361,1.64254384996375
opened_cohort,important_degree_top3,rolling5,exact2,nevertreated,pc_score,investment_in_new_talent_pc_score,low,github_outcomes,pull_request_opened,TRUE,sa,-10,1.16382979908138,0.558112654738902,0.0699289957931282,2.25773060236963
opened_cohort,important_degree_top3,rolling5,exact2,nevertreated,pc_score,investment_in_new_talent_pc_score,low,github_outcomes,pull_request_opened,TRUE,sa,-9,1.40007643195718,0.717524088816218,-0.00627078212260313,2.80642364603697
opened_cohort,important_degree_top3,rolling5,exact2,nevertreated,pc_score,investment_in_new_talent_pc_score,low,github_outcomes,pull_request_opened,TRUE,sa,-8,1.03480704181245,0.747417138052362,-0.430130548770184,2.49974463239508
opened_cohort,important_degree_top3,rolling5,exact2,nevertreated,pc_score,investment_in_new_talent_pc_score,low,github_outcomes,pull_request_opened,TRUE,sa,-7,0.878108707702998,0.744147150033641,-0.580419706362939,2.33663712176893
opened_cohort,important_degree_top3,rolling5,exact2,nevertreated,pc_score,investment_in_new_talent_pc_score,low,github_outcomes,pull_request_opened,TRUE,sa,-6,0.746926208636698,0.700533187930238,-0.626118839706568,2.11997125697996
opened_cohort,important_degree_top3,rolling5,exact2,nevertreated,pc_score,investment_in_new_talent_pc_score,low,github_outcomes,pull_request_opened,TRUE,sa,-5,0.486387845642407,0.494137462887388,-0.482121581616873,1.45489727290169
opened_cohort,important_degree_top3,rolling5,exact2,nevertreated,pc_score,investment_in_new_talent_pc_score,low,github_outcomes,pull_request_opened,TRUE,sa,-4,0.207923741523571,0.33340802767699,-0.44555599272333,0.861403475770473
opened_cohort,important_degree_top3,rolling5,exact2,nevertreated,pc_score,investment_in_new_talent_pc_score,low,github_outcomes,pull_request_opened,TRUE,sa,-3,0.02398988428528,0.22680347911639,-0.420544934782844,0.468524703353404
opened_cohort,important_degree_top3,rolling5,exact2,nevertreated,pc_score,investment_in_new_talent_pc_score,low,github_outcomes,pull_request_opened,TRUE,sa,-2,0.388155201280007,0.165883415595459,0.0630237067129067,0.713286695847107
opened_cohort,important_degree_top3,rolling5,exact2,nevertreated,pc_score,investment_in_new_talent_pc_score,low,github_outcomes,pull_request_opened,TRUE,sa,-1,0,0,0,0
opened_cohort,important_degree_top3,rolling5,exact2,nevertreated,pc_score,investment_in_new_talent_pc_score,low,github_outcomes,pull_request_opened,TRUE,sa,0,-0.177127469157239,0.319987742266353,-0.804303443999291,0.450048505684813
opened_cohort,important_degree_top3,rolling5,exact2,nevertreated,pc_score,investment_in_new_talent_pc_score,low,github_outcomes,pull_request_opened,TRUE,sa,1,-0.989573616147785,0.555217816238324,-2.0778005359749,0.0986533036793296
opened_cohort,important_degree_top3,rolling5,exact2,nevertreated,pc_score,investment_in_new_talent_pc_score,low,github_outcomes,pull_request_opened,TRUE,sa,2,-1.18398184408917,0.825880665983088,-2.80270794941603,0.434744261237679
opened_cohort,important_degree_top3,rolling5,exact2,nevertreated,pc_score,investment_in_new_talent_pc_score,low,github_outcomes,pull_request_opened,TRUE,sa,3,-1.76534065278141,1.35424443098029,-4.41965973750277,0.888978431939959
opened_cohort,important_degree_top3,rolling5,exact2,nevertreated,pc_score,investment_in_new_talent_pc_score,low,github_outcomes,pull_request_opened,TRUE,sa,4,-2.17856689141026,2.06651600595068,-6.22893826307359,1.87180448025307
opened_cohort,important_degree_top3,rolling5,exact2,nevertreated,pc_score,investment_in_new_talent_pc_score,low,github_outcomes,pull_request_opened,TRUE,sa,5,-2.69580228658506,2.50661565372382,-7.60876896788375,2.21716439471363
opened_cohort,important_degree_top3,rolling5,exact2,nevertreated,pc_score,investment_in_new_talent_pc_score,low,github_outcomes,pull_request_opened,TRUE,sa,6,-2.81474799572369,2.7987156082497,-8.30023058789311,2.67073459644572
opened_cohort,important_degree_top3,rolling5,exact2,nevertreated,pc_score,investment_in_new_talent_pc_score,low,github_outcomes,pull_request_opened,TRUE,sa,7,-3.47914230210656,3.42948870682337,-10.2009401674804,3.24265556326724
opened_cohort,important_degree_top3,rolling5,exact2,nevertreated,pc_score,investment_in_new_talent_pc_score,low,github_outcomes,pull_request_opened,TRUE,sa,8,-3.81509871217774,3.59014437343718,-10.8517816841146,3.22158425975913
opened_cohort,important_degree_top3,rolling5,exact2,nevertreated,pc_score,investment_in_new_talent_pc_score,low,github_outcomes,pull_request_opened,TRUE,sa,9,-4.3254410682741,3.92860594921021,-12.0255087287261,3.37462659217791
opened_cohort,important_degree_top3,rolling5,exact2,nevertreated,pc_score,investment_in_new_talent_pc_score,low,github_outcomes,pull_request_opened,TRUE,sa,10,-4.90525382400703,4.30328394843275,-13.3396903629352,3.52918271492116
opened_cohort,important_degree_top3,rolling5,exact2,nevertreated,pc_score,investment_in_new_talent_pc_score,low,github_outcomes,pull_request_opened,TRUE,sa,11,-4.82210778750903,3.91900388556277,-12.5033554032121,2.85913982819399
opened_cohort,important_degree_top3,rolling5,exact2,nevertreated,pc_score,investment_in_new_talent_pc_score,high,github_outcomes,pull_request_opened,TRUE,sa,-15,1.59170015707124,1.92309643393456,-2.1775688534405,5.36096916758297
opened_cohort,important_degree_top3,rolling5,exact2,nevertreated,pc_score,investment_in_new_talent_pc_score,high,github_outcomes,pull_request_opened,TRUE,sa,-14,0.370368400798438,1.04938487225349,-1.6864259488184,2.42716275041527
opened_cohort,important_degree_top3,rolling5,exact2,nevertreated,pc_score,investment_in_new_talent_pc_score,high,github_outcomes,pull_request_opened,TRUE,sa,-13,0.00952276509047748,0.614851793691328,-1.19558675054453,1.21463228072548
opened_cohort,important_degree_top3,rolling5,exact2,nevertreated,pc_score,investment_in_new_talent_pc_score,high,github_outcomes,pull_request_opened,TRUE,sa,-12,-0.607379524884985,0.464285289374457,-1.51737869205892,0.302619642288952
opened_cohort,important_degree_top3,rolling5,exact2,nevertreated,pc_score,investment_in_new_talent_pc_score,high,github_outcomes,pull_request_opened,TRUE,sa,-11,0.0521210748917915,0.501089095133528,-0.930013551569922,1.03425570135351
opened_cohort,important_degree_top3,rolling5,exact2,nevertreated,pc_score,investment_in_new_talent_pc_score,high,github_outcomes,pull_request_opened,TRUE,sa,-10,0.105890990874156,0.408037945087878,-0.693863381498085,0.905645363246396
opened_cohort,important_degree_top3,rolling5,exact2,nevertreated,pc_score,investment_in_new_talent_pc_score,high,github_outcomes,pull_request_opened,TRUE,sa,-9,0.0213359282782622,0.374952763271361,-0.713571487733606,0.75624334429013
opened_cohort,important_degree_top3,rolling5,exact2,nevertreated,pc_score,investment_in_new_talent_pc_score,high,github_outcomes,pull_request_opened,TRUE,sa,-8,0.588858554562604,0.440967796416741,-0.275438326414207,1.45315543553942
opened_cohort,important_degree_top3,rolling5,exact2,nevertreated,pc_score,investment_in_new_talent_pc_score,high,github_outcomes,pull_request_opened,TRUE,sa,-7,0.496658952256675,0.319530880845973,-0.129621574201433,1.12293947871478
opened_cohort,important_degree_top3,rolling5,exact2,nevertreated,pc_score,investment_in_new_talent_pc_score,high,github_outcomes,pull_request_opened,TRUE,sa,-6,0.389755372931006,0.207249183549419,-0.0164530268258558,0.795963772687868
opened_cohort,important_degree_top3,rolling5,exact2,nevertreated,pc_score,investment_in_new_talent_pc_score,high,github_outcomes,pull_request_opened,TRUE,sa,-5,0.10682121563184,0.15165380183344,-0.190420235961702,0.404062667225382
opened_cohort,important_degree_top3,rolling5,exact2,nevertreated,pc_score,investment_in_new_talent_pc_score,high,github_outcomes,pull_request_opened,TRUE,sa,-4,0.297419560265592,0.143841345437622,0.0154905232078537,0.57934859732333
opened_cohort,important_degree_top3,rolling5,exact2,nevertreated,pc_score,investment_in_new_talent_pc_score,high,github_outcomes,pull_request_opened,TRUE,sa,-3,0.255840554286297,0.140203168838721,-0.0189576566375971,0.53063876521019
opened_cohort,important_degree_top3,rolling5,exact2,nevertreated,pc_score,investment_in_new_talent_pc_score,high,github_outcomes,pull_request_opened,TRUE,sa,-2,0.35035025999277,0.129986972826063,0.0955757932536855,0.605124726731854
opened_cohort,important_degree_top3,rolling5,exact2,nevertreated,pc_score,investment_in_new_talent_pc_score,high,github_outcomes,pull_request_opened,TRUE,sa,-1,0,0,0,0
opened_cohort,important_degree_top3,rolling5,exact2,nevertreated,pc_score,investment_in_new_talent_pc_score,high,github_outcomes,pull_request_opened,TRUE,sa,0,-0.080478134289155,0.148076560408443,-0.370708192689703,0.209751924111393
opened_cohort,important_degree_top3,rolling5,exact2,nevertreated,pc_score,investment_in_new_talent_pc_score,high,github_outcomes,pull_request_opened,TRUE,sa,1,-0.490922564745095,0.215479619191893,-0.913262618361205,-0.0685825111289858
opened_cohort,important_degree_top3,rolling5,exact2,nevertreated,pc_score,investment_in_new_talent_pc_score,high,github_outcomes,pull_request_opened,TRUE,sa,2,-0.62637876720141,0.342976780301792,-1.29861325659292,0.0458557221901037
opened_cohort,important_degree_top3,rolling5,exact2,nevertreated,pc_score,investment_in_new_talent_pc_score,high,github_outcomes,pull_request_opened,TRUE,sa,3,-0.485868494194465,0.43187605697213,-1.33234556585984,0.360608577470909
opened_cohort,important_degree_top3,rolling5,exact2,nevertreated,pc_score,investment_in_new_talent_pc_score,high,github_outcomes,pull_request_opened,TRUE,sa,4,-0.670031645807492,0.435640204017098,-1.523886445681,0.183823154066019
opened_cohort,important_degree_top3,rolling5,exact2,nevertreated,pc_score,investment_in_new_talent_pc_score,high,github_outcomes,pull_request_opened,TRUE,sa,5,-0.590734395458911,0.433393528222442,-1.4401857107749,0.258716919857075
opened_cohort,important_degree_top3,rolling5,exact2,nevertreated,pc_score,investment_in_new_talent_pc_score,high,github_outcomes,pull_request_opened,TRUE,sa,6,-0.773745500456147,0.518436658263309,-1.78988135065223,0.242390349739939
opened_cohort,important_degree_top3,rolling5,exact2,nevertreated,pc_score,investment_in_new_talent_pc_score,high,github_outcomes,pull_request_opened,TRUE,sa,7,-0.647734274215767,0.553277113400695,-1.73215741648113,0.436688868049596
opened_cohort,important_degree_top3,rolling5,exact2,nevertreated,pc_score,investment_in_new_talent_pc_score,high,github_outcomes,pull_request_opened,TRUE,sa,8,-0.44847889153516,0.551077563987856,-1.52859091695136,0.631633133881038
opened_cohort,important_degree_top3,rolling5,exact2,nevertreated,pc_score,investment_in_new_talent_pc_score,high,github_outcomes,pull_request_opened,TRUE,sa,9,-0.441144285126234,0.548829453199395,-1.51685001339705,0.63456144314458
opened_cohort,important_degree_top3,rolling5,exact2,nevertreated,pc_score,investment_in_new_talent_pc_score,high,github_outcomes,pull_request_opened,TRUE,sa,10,-0.180027648321573,0.49133486757614,-1.14304398877081,0.782988692127662
opened_cohort,important_degree_top3,rolling5,exact2,nevertreated,pc_score,investment_in_new_talent_pc_score,high,github_outcomes,pull_request_opened,TRUE,sa,11,-0.314894397841426,0.476879935942949,-1.24957907228961,0.619790276606754
opened_cohort,important_degree_top3,rolling5,exact2,nevertreated,pc_score,problem_solving_routines_pc_score,low,github_outcomes,pull_request_opened,TRUE,sa,-15,-0.875752997875187,0.712669737862933,-2.27258568408654,0.521079688336162
opened_cohort,important_degree_top3,rolling5,exact2,nevertreated,pc_score,problem_solving_routines_pc_score,low,github_outcomes,pull_request_opened,TRUE,sa,-14,-1.12595463608686,0.540281565160673,-2.18490650380178,-0.0670027683719421
opened_cohort,important_degree_top3,rolling5,exact2,nevertreated,pc_score,problem_solving_routines_pc_score,low,github_outcomes,pull_request_opened,TRUE,sa,-13,0.661198197568395,0.592844909352809,-0.500777824763112,1.8231742198999
opened_cohort,important_degree_top3,rolling5,exact2,nevertreated,pc_score,problem_solving_routines_pc_score,low,github_outcomes,pull_request_opened,TRUE,sa,-12,0.133125996347792,0.522012519310914,-0.890018541501599,1.15627053419718
opened_cohort,important_degree_top3,rolling5,exact2,nevertreated,pc_score,problem_solving_routines_pc_score,low,github_outcomes,pull_request_opened,TRUE,sa,-11,-0.123495580313141,0.401453445379815,-0.910344333257579,0.663353172631298
opened_cohort,important_degree_top3,rolling5,exact2,nevertreated,pc_score,problem_solving_routines_pc_score,low,github_outcomes,pull_request_opened,TRUE,sa,-10,0.316785567090508,0.473194513562976,-0.610675679492926,1.24424681367394
opened_cohort,important_degree_top3,rolling5,exact2,nevertreated,pc_score,problem_solving_routines_pc_score,low,github_outcomes,pull_request_opened,TRUE,sa,-9,0.343155135570961,0.44951728468895,-0.537898742419381,1.2242090135613
opened_cohort,important_degree_top3,rolling5,exact2,nevertreated,pc_score,problem_solving_routines_pc_score,low,github_outcomes,pull_request_opened,TRUE,sa,-8,0.388904421092324,0.314794793263465,-0.228093373704068,1.00590221588872
opened_cohort,important_degree_top3,rolling5,exact2,nevertreated,pc_score,problem_solving_routines_pc_score,low,github_outcomes,pull_request_opened,TRUE,sa,-7,0.0975995509353124,0.243458322451002,-0.379578761068652,0.574777862939277
opened_cohort,important_degree_top3,rolling5,exact2,nevertreated,pc_score,problem_solving_routines_pc_score,low,github_outcomes,pull_request_opened,TRUE,sa,-6,0.206992662624659,0.212391953233869,-0.209295565713725,0.623280890963042
opened_cohort,important_degree_top3,rolling5,exact2,nevertreated,pc_score,problem_solving_routines_pc_score,low,github_outcomes,pull_request_opened,TRUE,sa,-5,0.048494961811087,0.156368890370363,-0.257988063314825,0.354977986936999
opened_cohort,important_degree_top3,rolling5,exact2,nevertreated,pc_score,problem_solving_routines_pc_score,low,github_outcomes,pull_request_opened,TRUE,sa,-4,-0.0518592221555779,0.137022370591686,-0.320423068515281,0.216704624204126
opened_cohort,important_degree_top3,rolling5,exact2,nevertreated,pc_score,problem_solving_routines_pc_score,low,github_outcomes,pull_request_opened,TRUE,sa,-3,-0.118125893925991,0.112149599861944,-0.337939109655402,0.101687321803419
opened_cohort,important_degree_top3,rolling5,exact2,nevertreated,pc_score,problem_solving_routines_pc_score,low,github_outcomes,pull_request_opened,TRUE,sa,-2,0.231893941896895,0.108727009112759,0.0187890040358875,0.444998879757903
opened_cohort,important_degree_top3,rolling5,exact2,nevertreated,pc_score,problem_solving_routines_pc_score,low,github_outcomes,pull_request_opened,TRUE,sa,-1,0,0,0,0
opened_cohort,important_degree_top3,rolling5,exact2,nevertreated,pc_score,problem_solving_routines_pc_score,low,github_outcomes,pull_request_opened,TRUE,sa,0,0.181858619573652,0.164069785116499,-0.139718159254686,0.503435398401989
opened_cohort,important_degree_top3,rolling5,exact2,nevertreated,pc_score,problem_solving_routines_pc_score,low,github_outcomes,pull_request_opened,TRUE,sa,1,-0.367733639984971,0.136796794378004,-0.635855356965858,-0.0996119230040829
opened_cohort,important_degree_top3,rolling5,exact2,nevertreated,pc_score,problem_solving_routines_pc_score,low,github_outcomes,pull_request_opened,TRUE,sa,2,-0.305421911480177,0.181534568118402,-0.661229664992244,0.05038584203189
opened_cohort,important_degree_top3,rolling5,exact2,nevertreated,pc_score,problem_solving_routines_pc_score,low,github_outcomes,pull_request_opened,TRUE,sa,3,-0.296061386407994,0.267175929496407,-0.819726208220951,0.227603435404963
opened_cohort,important_degree_top3,rolling5,exact2,nevertreated,pc_score,problem_solving_routines_pc_score,low,github_outcomes,pull_request_opened,TRUE,sa,4,-0.15294823669133,0.356501332840616,-0.851690849058938,0.545794375676278
opened_cohort,important_degree_top3,rolling5,exact2,nevertreated,pc_score,problem_solving_routines_pc_score,low,github_outcomes,pull_request_opened,TRUE,sa,5,-0.361655324750716,0.273934385482736,-0.898566720296878,0.175256070795446
opened_cohort,important_degree_top3,rolling5,exact2,nevertreated,pc_score,problem_solving_routines_pc_score,low,github_outcomes,pull_request_opened,TRUE,sa,6,-0.175293091962131,0.414079708137138,-0.986889319910921,0.63630313598666
opened_cohort,important_degree_top3,rolling5,exact2,nevertreated,pc_score,problem_solving_routines_pc_score,low,github_outcomes,pull_request_opened,TRUE,sa,7,-0.269651314768239,0.310241862869262,-0.877725365991993,0.338422736455514
opened_cohort,important_degree_top3,rolling5,exact2,nevertreated,pc_score,problem_solving_routines_pc_score,low,github_outcomes,pull_request_opened,TRUE,sa,8,-0.458179944170068,0.358146278117446,-1.16014664928026,0.243786760940127
opened_cohort,important_degree_top3,rolling5,exact2,nevertreated,pc_score,problem_solving_routines_pc_score,low,github_outcomes,pull_request_opened,TRUE,sa,9,-0.596042258033538,0.299756223596186,-1.18356445628206,-0.00852005978501391
opened_cohort,important_degree_top3,rolling5,exact2,nevertreated,pc_score,problem_solving_routines_pc_score,low,github_outcomes,pull_request_opened,TRUE,sa,10,-0.567898870066258,0.262968235734697,-1.08331661210626,-0.0524811280262522
opened_cohort,important_degree_top3,rolling5,exact2,nevertreated,pc_score,problem_solving_routines_pc_score,low,github_outcomes,pull_request_opened,TRUE,sa,11,-0.888822528631484,0.377245104982288,-1.62822293439677,-0.149422122866199
opened_cohort,important_degree_top3,rolling5,exact2,nevertreated,pc_score,problem_solving_routines_pc_score,high,github_outcomes,pull_request_opened,TRUE,sa,-15,1.8885530712934,1.63863322887137,-1.32316805729448,5.10027419988128
opened_cohort,important_degree_top3,rolling5,exact2,nevertreated,pc_score,problem_solving_routines_pc_score,high,github_outcomes,pull_request_opened,TRUE,sa,-14,1.3664826522907,0.950846794833431,-0.497177065582828,3.23014237016422
opened_cohort,important_degree_top3,rolling5,exact2,nevertreated,pc_score,problem_solving_routines_pc_score,high,github_outcomes,pull_request_opened,TRUE,sa,-13,-0.0133933845277656,0.527849527969648,-1.04797845934828,1.02119169029275
opened_cohort,important_degree_top3,rolling5,exact2,nevertreated,pc_score,problem_solving_routines_pc_score,high,github_outcomes,pull_request_opened,TRUE,sa,-12,0.494287448107162,0.708919552532482,-0.895194874856504,1.88376977107083
opened_cohort,important_degree_top3,rolling5,exact2,nevertreated,pc_score,problem_solving_routines_pc_score,high,github_outcomes,pull_request_opened,TRUE,sa,-11,0.939161304561027,0.588362160935015,-0.214028530871601,2.09235113999366
opened_cohort,important_degree_top3,rolling5,exact2,nevertreated,pc_score,problem_solving_routines_pc_score,high,github_outcomes,pull_request_opened,TRUE,sa,-10,0.822811441222939,0.462671635711962,-0.0840249647725073,1.72964784721839
opened_cohort,important_degree_top3,rolling5,exact2,nevertreated,pc_score,problem_solving_routines_pc_score,high,github_outcomes,pull_request_opened,TRUE,sa,-9,0.806389578323378,0.626829364004554,-0.422195975125549,2.0349751317723
opened_cohort,important_degree_top3,rolling5,exact2,nevertreated,pc_score,problem_solving_routines_pc_score,high,github_outcomes,pull_request_opened,TRUE,sa,-8,0.729984474504652,0.698213710012853,-0.638514397120539,2.09848334612984
opened_cohort,important_degree_top3,rolling5,exact2,nevertreated,pc_score,problem_solving_routines_pc_score,high,github_outcomes,pull_request_opened,TRUE,sa,-7,0.951690932392664,0.652382985469829,-0.3269797191282,2.23036158391353
opened_cohort,important_degree_top3,rolling5,exact2,nevertreated,pc_score,problem_solving_routines_pc_score,high,github_outcomes,pull_request_opened,TRUE,sa,-6,0.504521848305337,0.508403888588405,-0.491949773327936,1.50099346993861
opened_cohort,important_degree_top3,rolling5,exact2,nevertreated,pc_score,problem_solving_routines_pc_score,high,github_outcomes,pull_request_opened,TRUE,sa,-5,0.374446002623515,0.34875837133111,-0.309120405185461,1.05801241043249
opened_cohort,important_degree_top3,rolling5,exact2,nevertreated,pc_score,problem_solving_routines_pc_score,high,github_outcomes,pull_request_opened,TRUE,sa,-4,0.524398291767461,0.247821613734615,0.0386679288476155,1.01012865468731
opened_cohort,important_degree_top3,rolling5,exact2,nevertreated,pc_score,problem_solving_routines_pc_score,high,github_outcomes,pull_request_opened,TRUE,sa,-3,0.376063033753346,0.199407537350698,-0.014775739454023,0.766901806960715
opened_cohort,important_degree_top3,rolling5,exact2,nevertreated,pc_score,problem_solving_routines_pc_score,high,github_outcomes,pull_request_opened,TRUE,sa,-2,0.503332567231241,0.164670046272493,0.180579276537154,0.826085857925328
opened_cohort,important_degree_top3,rolling5,exact2,nevertreated,pc_score,problem_solving_routines_pc_score,high,github_outcomes,pull_request_opened,TRUE,sa,-1,0,0,0,0
opened_cohort,important_degree_top3,rolling5,exact2,nevertreated,pc_score,problem_solving_routines_pc_score,high,github_outcomes,pull_request_opened,TRUE,sa,0,-0.436736676055941,0.300519580711612,-1.0257550542507,0.152281702138819
opened_cohort,important_degree_top3,rolling5,exact2,nevertreated,pc_score,problem_solving_routines_pc_score,high,github_outcomes,pull_request_opened,TRUE,sa,1,-1.06884045072861,0.51605690234937,-2.08031197933338,-0.0573689221238496
opened_cohort,important_degree_top3,rolling5,exact2,nevertreated,pc_score,problem_solving_routines_pc_score,high,github_outcomes,pull_request_opened,TRUE,sa,2,-1.42420233794963,0.731277381952522,-2.85750600657658,0.00910133067730823
opened_cohort,important_degree_top3,rolling5,exact2,nevertreated,pc_score,problem_solving_routines_pc_score,high,github_outcomes,pull_request_opened,TRUE,sa,3,-1.70474132300004,1.07894245459247,-3.81946853400128,0.409985888001212
opened_cohort,important_degree_top3,rolling5,exact2,nevertreated,pc_score,problem_solving_routines_pc_score,high,github_outcomes,pull_request_opened,TRUE,sa,4,-2.28612092810489,1.63859271836417,-5.49776265609866,0.925520799888877
opened_cohort,important_degree_top3,rolling5,exact2,nevertreated,pc_score,problem_solving_routines_pc_score,high,github_outcomes,pull_request_opened,TRUE,sa,5,-2.27264270267435,1.90503941118539,-6.00651994859772,1.46123454324901
opened_cohort,important_degree_top3,rolling5,exact2,nevertreated,pc_score,problem_solving_routines_pc_score,high,github_outcomes,pull_request_opened,TRUE,sa,6,-2.60055800116449,2.02466047854266,-6.5688925391081,1.36777653677912
opened_cohort,important_degree_top3,rolling5,exact2,nevertreated,pc_score,problem_solving_routines_pc_score,high,github_outcomes,pull_request_opened,TRUE,sa,7,-2.7793233657302,2.41949259328998,-7.52152884857855,1.96288211711816
opened_cohort,important_degree_top3,rolling5,exact2,nevertreated,pc_score,problem_solving_routines_pc_score,high,github_outcomes,pull_request_opened,TRUE,sa,8,-2.77520015009226,2.51769380840714,-7.70988001457025,2.15947971438573
opened_cohort,important_degree_top3,rolling5,exact2,nevertreated,pc_score,problem_solving_routines_pc_score,high,github_outcomes,pull_request_opened,TRUE,sa,9,-2.92515720404209,2.73862464564539,-8.29286150950705,2.44254710142286
opened_cohort,important_degree_top3,rolling5,exact2,nevertreated,pc_score,problem_solving_routines_pc_score,high,github_outcomes,pull_request_opened,TRUE,sa,10,-3.2466133525822,2.76018501520992,-8.65657598239363,2.16334927722924
opened_cohort,important_degree_top3,rolling5,exact2,nevertreated,pc_score,problem_solving_routines_pc_score,high,github_outcomes,pull_request_opened,TRUE,sa,11,-4.34420234534439,2.78862384633403,-9.8099050841591,1.12150039347031
opened_cohort,important_degree_top3,rolling5,exact2,nevertreated,pc_score,collaboration_pc_score,low,github_outcomes,pull_request_opened,FALSE,sa,-15,2.6995956539863,5.00163391729415,-7.10360682391025,12.5027981318828
opened_cohort,important_degree_top3,rolling5,exact2,nevertreated,pc_score,collaboration_pc_score,low,github_outcomes,pull_request_opened,FALSE,sa,-14,-2.37483052718689,4.91986433774191,-12.017764629161,7.26810357478726
opened_cohort,important_degree_top3,rolling5,exact2,nevertreated,pc_score,collaboration_pc_score,low,github_outcomes,pull_request_opened,FALSE,sa,-13,0.778601320263004,4.89879259398377,-8.82303216394519,10.3802348044712
opened_cohort,important_degree_top3,rolling5,exact2,nevertreated,pc_score,collaboration_pc_score,low,github_outcomes,pull_request_opened,FALSE,sa,-12,2.25668436760849,4.36909452198313,-6.30674089547845,10.8201096306954
opened_cohort,important_degree_top3,rolling5,exact2,nevertreated,pc_score,collaboration_pc_score,low,github_outcomes,pull_request_opened,FALSE,sa,-11,2.51676369834311,4.24294311535209,-5.79940480774699,10.8329322044332
opened_cohort,important_degree_top3,rolling5,exact2,nevertreated,pc_score,collaboration_pc_score,low,github_outcomes,pull_request_opened,FALSE,sa,-10,3.08271687757688,4.20120929414369,-5.15165333894476,11.3170870940985
opened_cohort,important_degree_top3,rolling5,exact2,nevertreated,pc_score,collaboration_pc_score,low,github_outcomes,pull_request_opened,FALSE,sa,-9,3.99755280523365,4.02867219350645,-3.89864469403898,11.8937503045063
opened_cohort,important_degree_top3,rolling5,exact2,nevertreated,pc_score,collaboration_pc_score,low,github_outcomes,pull_request_opened,FALSE,sa,-8,3.02695831707759,3.92694095615331,-4.6698459569829,10.7237625911381
opened_cohort,important_degree_top3,rolling5,exact2,nevertreated,pc_score,collaboration_pc_score,low,github_outcomes,pull_request_opened,FALSE,sa,-7,3.02251747217669,3.79698676760462,-4.41957659232836,10.4646115366817
opened_cohort,important_degree_top3,rolling5,exact2,nevertreated,pc_score,collaboration_pc_score,low,github_outcomes,pull_request_opened,FALSE,sa,-6,2.9288517819739,3.75923488464557,-4.43924859193142,10.2969521558792
opened_cohort,important_degree_top3,rolling5,exact2,nevertreated,pc_score,collaboration_pc_score,low,github_outcomes,pull_request_opened,FALSE,sa,-5,-0.137744742037625,2.99050445290037,-5.99913346972236,5.72364398564711
opened_cohort,important_degree_top3,rolling5,exact2,nevertreated,pc_score,collaboration_pc_score,low,github_outcomes,pull_request_opened,FALSE,sa,-4,0.0317123425064033,2.65873772423401,-5.17941359699225,5.24283828200506
opened_cohort,important_degree_top3,rolling5,exact2,nevertreated,pc_score,collaboration_pc_score,low,github_outcomes,pull_request_opened,FALSE,sa,-3,-0.00147931368334064,1.92525837666115,-3.7749857319392,3.77202710457252
opened_cohort,important_degree_top3,rolling5,exact2,nevertreated,pc_score,collaboration_pc_score,low,github_outcomes,pull_request_opened,FALSE,sa,-2,1.90347509542582,1.45265095553696,-0.943720777426626,4.75067096827827
opened_cohort,important_degree_top3,rolling5,exact2,nevertreated,pc_score,collaboration_pc_score,low,github_outcomes,pull_request_opened,FALSE,sa,-1,0,0,0,0
opened_cohort,important_degree_top3,rolling5,exact2,nevertreated,pc_score,collaboration_pc_score,low,github_outcomes,pull_request_opened,FALSE,sa,0,-1.55076584875708,1.43542614970031,-4.36420110216969,1.26266940465553
opened_cohort,important_degree_top3,rolling5,exact2,nevertreated,pc_score,collaboration_pc_score,low,github_outcomes,pull_request_opened,FALSE,sa,1,-3.70625145178406,2.09749809432137,-7.81734771665394,0.404844813085823
opened_cohort,important_degree_top3,rolling5,exact2,nevertreated,pc_score,collaboration_pc_score,low,github_outcomes,pull_request_opened,FALSE,sa,2,-5.46844489350356,2.59974223337392,-10.5639396709164,-0.37295011609069
opened_cohort,important_degree_top3,rolling5,exact2,nevertreated,pc_score,collaboration_pc_score,low,github_outcomes,pull_request_opened,FALSE,sa,3,-6.69241843993516,3.36804850670521,-13.2937935130774,-0.0910433667929516
opened_cohort,important_degree_top3,rolling5,exact2,nevertreated,pc_score,collaboration_pc_score,low,github_outcomes,pull_request_opened,FALSE,sa,4,-8.53320102466924,4.51804505018297,-17.3885693230279,0.322167273689377
opened_cohort,important_degree_top3,rolling5,exact2,nevertreated,pc_score,collaboration_pc_score,low,github_outcomes,pull_request_opened,FALSE,sa,5,-9.13198856944745,5.28694336475345,-19.4943975643642,1.23042042546931
opened_cohort,important_degree_top3,rolling5,exact2,nevertreated,pc_score,collaboration_pc_score,low,github_outcomes,pull_request_opened,FALSE,sa,6,-9.5422683602161,5.79437432516353,-20.8992420375366,1.81470531710442
opened_cohort,important_degree_top3,rolling5,exact2,nevertreated,pc_score,collaboration_pc_score,low,github_outcomes,pull_request_opened,FALSE,sa,7,-8.9093956448601,6.72537655905905,-22.0911337006158,4.27234241089564
opened_cohort,important_degree_top3,rolling5,exact2,nevertreated,pc_score,collaboration_pc_score,low,github_outcomes,pull_request_opened,FALSE,sa,8,-7.45146704368111,6.88777384602911,-20.9515037818982,6.04856969453596
opened_cohort,important_degree_top3,rolling5,exact2,nevertreated,pc_score,collaboration_pc_score,low,github_outcomes,pull_request_opened,FALSE,sa,9,-3.92934095733786,7.99802962483091,-19.6054790220064,11.7467971073307
opened_cohort,important_degree_top3,rolling5,exact2,nevertreated,pc_score,collaboration_pc_score,low,github_outcomes,pull_request_opened,FALSE,sa,10,-3.16472887534064,8.29459233703706,-19.4221298559333,13.092672105252
opened_cohort,important_degree_top3,rolling5,exact2,nevertreated,pc_score,collaboration_pc_score,low,github_outcomes,pull_request_opened,FALSE,sa,11,-0.421326784857488,8.16978208309809,-16.4340996677297,15.5914460980148
opened_cohort,important_degree_top3,rolling5,exact2,nevertreated,pc_score,collaboration_pc_score,high,github_outcomes,pull_request_opened,FALSE,sa,-15,6.95333191441444,7.78752886563935,-8.31022466223868,22.2168884910676
opened_cohort,important_degree_top3,rolling5,exact2,nevertreated,pc_score,collaboration_pc_score,high,github_outcomes,pull_request_opened,FALSE,sa,-14,13.9588807117409,10.0106209556851,-5.66193636140196,33.5796977848838
opened_cohort,important_degree_top3,rolling5,exact2,nevertreated,pc_score,collaboration_pc_score,high,github_outcomes,pull_request_opened,FALSE,sa,-13,7.34781140382839,8.89975407202192,-10.0957065773346,24.7913293849914
opened_cohort,important_degree_top3,rolling5,exact2,nevertreated,pc_score,collaboration_pc_score,high,github_outcomes,pull_request_opened,FALSE,sa,-12,4.71792587615439,6.54568218155674,-8.11161119969682,17.5474629520056
opened_cohort,important_degree_top3,rolling5,exact2,nevertreated,pc_score,collaboration_pc_score,high,github_outcomes,pull_request_opened,FALSE,sa,-11,3.70022480566138,6.94335611630761,-9.90875318230152,17.3092027936243
opened_cohort,important_degree_top3,rolling5,exact2,nevertreated,pc_score,collaboration_pc_score,high,github_outcomes,pull_request_opened,FALSE,sa,-10,7.60638663970072,6.38085815389069,-4.90009534192503,20.1128686213265
opened_cohort,important_degree_top3,rolling5,exact2,nevertreated,pc_score,collaboration_pc_score,high,github_outcomes,pull_request_opened,FALSE,sa,-9,3.54228190549402,5.90303975288116,-8.02767601015306,15.1122398211411
opened_cohort,important_degree_top3,rolling5,exact2,nevertreated,pc_score,collaboration_pc_score,high,github_outcomes,pull_request_opened,FALSE,sa,-8,7.36857268575013,5.34980142122364,-3.11703809984822,17.8541834713485
opened_cohort,important_degree_top3,rolling5,exact2,nevertreated,pc_score,collaboration_pc_score,high,github_outcomes,pull_request_opened,FALSE,sa,-7,4.08128221543269,4.88746265451751,-5.49814458742164,13.660709018287
opened_cohort,important_degree_top3,rolling5,exact2,nevertreated,pc_score,collaboration_pc_score,high,github_outcomes,pull_request_opened,FALSE,sa,-6,3.02702254930231,4.15393876972659,-5.11469743936181,11.1687425379664
opened_cohort,important_degree_top3,rolling5,exact2,nevertreated,pc_score,collaboration_pc_score,high,github_outcomes,pull_request_opened,FALSE,sa,-5,4.14765262468976,3.36006211643333,-2.43806912351956,10.7333743728991
opened_cohort,important_degree_top3,rolling5,exact2,nevertreated,pc_score,collaboration_pc_score,high,github_outcomes,pull_request_opened,FALSE,sa,-4,4.66869057689871,2.78621907634115,-0.792298812729944,10.1296799665274
opened_cohort,important_degree_top3,rolling5,exact2,nevertreated,pc_score,collaboration_pc_score,high,github_outcomes,pull_request_opened,FALSE,sa,-3,2.97795065116063,2.38658458710903,-1.69975513957307,7.65565644189432
opened_cohort,important_degree_top3,rolling5,exact2,nevertreated,pc_score,collaboration_pc_score,high,github_outcomes,pull_request_opened,FALSE,sa,-2,5.23710259143172,1.19058051206928,2.90356478777594,7.57064039508751
opened_cohort,important_degree_top3,rolling5,exact2,nevertreated,pc_score,collaboration_pc_score,high,github_outcomes,pull_request_opened,FALSE,sa,-1,0,0,0,0
opened_cohort,important_degree_top3,rolling5,exact2,nevertreated,pc_score,collaboration_pc_score,high,github_outcomes,pull_request_opened,FALSE,sa,0,-1.82810053958196,1.62669470363325,-5.01642215870314,1.36022107953922
opened_cohort,important_degree_top3,rolling5,exact2,nevertreated,pc_score,collaboration_pc_score,high,github_outcomes,pull_request_opened,FALSE,sa,1,-2.60013754183596,2.6819847108641,-7.8568275751296,2.65655249145767
opened_cohort,important_degree_top3,rolling5,exact2,nevertreated,pc_score,collaboration_pc_score,high,github_outcomes,pull_request_opened,FALSE,sa,2,-2.44533382282774,3.45461564697039,-9.21638049088969,4.32571284523422
opened_cohort,important_degree_top3,rolling5,exact2,nevertreated,pc_score,collaboration_pc_score,high,github_outcomes,pull_request_opened,FALSE,sa,3,-2.37834002117485,4.51636515394282,-11.2304157229028,6.47373568055308
opened_cohort,important_degree_top3,rolling5,exact2,nevertreated,pc_score,collaboration_pc_score,high,github_outcomes,pull_request_opened,FALSE,sa,4,-1.10008588894341,5.53222905142285,-11.9432548297322,9.74308305184537
opened_cohort,important_degree_top3,rolling5,exact2,nevertreated,pc_score,collaboration_pc_score,high,github_outcomes,pull_request_opened,FALSE,sa,5,0.682300474692887,6.94943708367706,-12.9385962093141,14.3031971586999
opened_cohort,important_degree_top3,rolling5,exact2,nevertreated,pc_score,collaboration_pc_score,high,github_outcomes,pull_request_opened,FALSE,sa,6,0.790804115534067,7.99666607759105,-14.8826613965444,16.4642696276125
opened_cohort,important_degree_top3,rolling5,exact2,nevertreated,pc_score,collaboration_pc_score,high,github_outcomes,pull_request_opened,FALSE,sa,7,5.49355648183584,9.72998907075698,-13.5772220968478,24.5643350605195
opened_cohort,important_degree_top3,rolling5,exact2,nevertreated,pc_score,collaboration_pc_score,high,github_outcomes,pull_request_opened,FALSE,sa,8,10.3081365869983,11.4027021638976,-12.0411596542411,32.6574328282376
opened_cohort,important_degree_top3,rolling5,exact2,nevertreated,pc_score,collaboration_pc_score,high,github_outcomes,pull_request_opened,FALSE,sa,9,8.01605952995614,9.84005106475029,-11.2704405569544,27.3025596168667
opened_cohort,important_degree_top3,rolling5,exact2,nevertreated,pc_score,collaboration_pc_score,high,github_outcomes,pull_request_opened,FALSE,sa,10,-1.21534641873524,6.83339607071046,-14.6088027173277,12.1781098798573
opened_cohort,important_degree_top3,rolling5,exact2,nevertreated,pc_score,collaboration_pc_score,high,github_outcomes,pull_request_opened,FALSE,sa,11,-0.467520661160412,6.76767764828586,-13.7321688518007,12.7971275294799
opened_cohort,important_degree_top3,rolling5,exact2,nevertreated,pc_score,knowledge_level_pc_score,low,github_outcomes,pull_request_opened,FALSE,sa,-15,11.1715653975837,6.49003225727258,-1.54889782667055,23.892028621838
opened_cohort,important_degree_top3,rolling5,exact2,nevertreated,pc_score,knowledge_level_pc_score,low,github_outcomes,pull_request_opened,FALSE,sa,-14,3.58290692114007,6.35164496912163,-8.86631721833834,16.0321310606185
opened_cohort,important_degree_top3,rolling5,exact2,nevertreated,pc_score,knowledge_level_pc_score,low,github_outcomes,pull_request_opened,FALSE,sa,-13,5.57637193133679,6.89290339469684,-7.93371872226902,19.0864625849426
opened_cohort,important_degree_top3,rolling5,exact2,nevertreated,pc_score,knowledge_level_pc_score,low,github_outcomes,pull_request_opened,FALSE,sa,-12,5.07704314585141,6.03274206034181,-6.74713129241853,16.9012175841213
opened_cohort,important_degree_top3,rolling5,exact2,nevertreated,pc_score,knowledge_level_pc_score,low,github_outcomes,pull_request_opened,FALSE,sa,-11,7.13050416622608,5.97490155097389,-4.58030287368275,18.8413112061349
opened_cohort,important_degree_top3,rolling5,exact2,nevertreated,pc_score,knowledge_level_pc_score,low,github_outcomes,pull_request_opened,FALSE,sa,-10,7.83188839517772,5.48484286397312,-2.9184036182096,18.582180408565
opened_cohort,important_degree_top3,rolling5,exact2,nevertreated,pc_score,knowledge_level_pc_score,low,github_outcomes,pull_request_opened,FALSE,sa,-9,7.26296786007325,4.97132500535334,-2.48082915041931,17.0067648705658
opened_cohort,important_degree_top3,rolling5,exact2,nevertreated,pc_score,knowledge_level_pc_score,low,github_outcomes,pull_request_opened,FALSE,sa,-8,8.21666291149405,4.75071424889406,-1.09473701633831,17.5280628393264
opened_cohort,important_degree_top3,rolling5,exact2,nevertreated,pc_score,knowledge_level_pc_score,low,github_outcomes,pull_request_opened,FALSE,sa,-7,8.67244421734841,4.39909544531027,0.050217144540273,17.2946712901565
opened_cohort,important_degree_top3,rolling5,exact2,nevertreated,pc_score,knowledge_level_pc_score,low,github_outcomes,pull_request_opened,FALSE,sa,-6,9.06891432379633,4.46732009177686,0.312966943913681,17.824861703679
opened_cohort,important_degree_top3,rolling5,exact2,nevertreated,pc_score,knowledge_level_pc_score,low,github_outcomes,pull_request_opened,FALSE,sa,-5,5.4590873114719,3.34319513320586,-1.09357514961158,12.0117497725554
opened_cohort,important_degree_top3,rolling5,exact2,nevertreated,pc_score,knowledge_level_pc_score,low,github_outcomes,pull_request_opened,FALSE,sa,-4,4.29601042041116,2.74083217164182,-1.07602063600681,9.66804147682912
opened_cohort,important_degree_top3,rolling5,exact2,nevertreated,pc_score,knowledge_level_pc_score,low,github_outcomes,pull_request_opened,FALSE,sa,-3,1.58294954266307,1.82740408732941,-1.99876246850258,5.16466155382872
opened_cohort,important_degree_top3,rolling5,exact2,nevertreated,pc_score,knowledge_level_pc_score,low,github_outcomes,pull_request_opened,FALSE,sa,-2,3.60791494151635,1.52157020285925,0.625637343912216,6.59019253912049
opened_cohort,important_degree_top3,rolling5,exact2,nevertreated,pc_score,knowledge_level_pc_score,low,github_outcomes,pull_request_opened,FALSE,sa,-1,0,0,0,0
opened_cohort,important_degree_top3,rolling5,exact2,nevertreated,pc_score,knowledge_level_pc_score,low,github_outcomes,pull_request_opened,FALSE,sa,0,-2.13553953150077,1.4448426123619,-4.96743105173009,0.696351988728551
opened_cohort,important_degree_top3,rolling5,exact2,nevertreated,pc_score,knowledge_level_pc_score,low,github_outcomes,pull_request_opened,FALSE,sa,1,-2.59882632411863,1.84607764575331,-6.21713850979511,1.01948586155785
opened_cohort,important_degree_top3,rolling5,exact2,nevertreated,pc_score,knowledge_level_pc_score,low,github_outcomes,pull_request_opened,FALSE,sa,2,-2.06363614741896,2.03513704249727,-6.05250475071361,1.92523245587569
opened_cohort,important_degree_top3,rolling5,exact2,nevertreated,pc_score,knowledge_level_pc_score,low,github_outcomes,pull_request_opened,FALSE,sa,3,-2.81920168600348,2.3894605975884,-7.50254445727675,1.86414108526979
opened_cohort,important_degree_top3,rolling5,exact2,nevertreated,pc_score,knowledge_level_pc_score,low,github_outcomes,pull_request_opened,FALSE,sa,4,-1.28176532781246,2.70494741805,-6.58346226719046,4.01993161156555
opened_cohort,important_degree_top3,rolling5,exact2,nevertreated,pc_score,knowledge_level_pc_score,low,github_outcomes,pull_request_opened,FALSE,sa,5,-0.488064619017421,2.88395438405053,-6.14061521175647,5.16448597372162
opened_cohort,important_degree_top3,rolling5,exact2,nevertreated,pc_score,knowledge_level_pc_score,low,github_outcomes,pull_request_opened,FALSE,sa,6,-0.215621298867296,3.23016727564423,-6.54674915912998,6.11550656139539
opened_cohort,important_degree_top3,rolling5,exact2,nevertreated,pc_score,knowledge_level_pc_score,low,github_outcomes,pull_request_opened,FALSE,sa,7,2.54935883280034,3.53975095853284,-4.38855304592402,9.4872707115247
opened_cohort,important_degree_top3,rolling5,exact2,nevertreated,pc_score,knowledge_level_pc_score,low,github_outcomes,pull_request_opened,FALSE,sa,8,6.09604174802563,3.60901901876823,-0.9776355287601,13.1697190248114
opened_cohort,important_degree_top3,rolling5,exact2,nevertreated,pc_score,knowledge_level_pc_score,low,github_outcomes,pull_request_opened,FALSE,sa,9,7.71728065850241,3.9897823481795,-0.102692743929423,15.5372540609342
opened_cohort,important_degree_top3,rolling5,exact2,nevertreated,pc_score,knowledge_level_pc_score,low,github_outcomes,pull_request_opened,FALSE,sa,10,5.01727241998359,3.82156742839489,-2.4729997396704,12.5075445796376
opened_cohort,important_degree_top3,rolling5,exact2,nevertreated,pc_score,knowledge_level_pc_score,low,github_outcomes,pull_request_opened,FALSE,sa,11,6.72501379672068,4.26480680877963,-1.63400754848739,15.0840351419288
opened_cohort,important_degree_top3,rolling5,exact2,nevertreated,pc_score,knowledge_level_pc_score,high,github_outcomes,pull_request_opened,FALSE,sa,-15,1.27279543938975,8.04500131002355,-14.4954071282564,17.0409980070359
opened_cohort,important_degree_top3,rolling5,exact2,nevertreated,pc_score,knowledge_level_pc_score,high,github_outcomes,pull_request_opened,FALSE,sa,-14,-1.40783590279066,12.6643643107979,-26.2299899519546,23.4143181463732
opened_cohort,important_degree_top3,rolling5,exact2,nevertreated,pc_score,knowledge_level_pc_score,high,github_outcomes,pull_request_opened,FALSE,sa,-13,-1.02324659125194,9.79303303119091,-20.2175913323861,18.1710981498822
opened_cohort,important_degree_top3,rolling5,exact2,nevertreated,pc_score,knowledge_level_pc_score,high,github_outcomes,pull_request_opened,FALSE,sa,-12,-0.721643620150523,7.50293666371078,-15.4273994810236,13.9841122407226
opened_cohort,important_degree_top3,rolling5,exact2,nevertreated,pc_score,knowledge_level_pc_score,high,github_outcomes,pull_request_opened,FALSE,sa,-11,-2.23685253735748,7.93110998299026,-17.7818281040184,13.3081230293034
opened_cohort,important_degree_top3,rolling5,exact2,nevertreated,pc_score,knowledge_level_pc_score,high,github_outcomes,pull_request_opened,FALSE,sa,-10,0.839143678702224,7.38434935691341,-13.6341810608481,15.3124684182525
opened_cohort,important_degree_top3,rolling5,exact2,nevertreated,pc_score,knowledge_level_pc_score,high,github_outcomes,pull_request_opened,FALSE,sa,-9,-0.507218735080856,6.54199512844205,-13.3295291868273,12.3150917166656
opened_cohort,important_degree_top3,rolling5,exact2,nevertreated,pc_score,knowledge_level_pc_score,high,github_outcomes,pull_request_opened,FALSE,sa,-8,0.750471574175433,5.67813127158279,-10.3786657181268,11.8796088664777
opened_cohort,important_degree_top3,rolling5,exact2,nevertreated,pc_score,knowledge_level_pc_score,high,github_outcomes,pull_request_opened,FALSE,sa,-7,0.867100279886537,4.87324318937679,-8.68445637129196,10.418656931065
opened_cohort,important_degree_top3,rolling5,exact2,nevertreated,pc_score,knowledge_level_pc_score,high,github_outcomes,pull_request_opened,FALSE,sa,-6,-0.13096510485805,3.94932501292211,-7.87164213018538,7.60971192046928
opened_cohort,important_degree_top3,rolling5,exact2,nevertreated,pc_score,knowledge_level_pc_score,high,github_outcomes,pull_request_opened,FALSE,sa,-5,0.982024836318116,3.13557310279651,-5.16369844516304,7.12774811779927
opened_cohort,important_degree_top3,rolling5,exact2,nevertreated,pc_score,knowledge_level_pc_score,high,github_outcomes,pull_request_opened,FALSE,sa,-4,2.15109625897061,2.6594688050107,-3.06146259885036,7.36365511679158
opened_cohort,important_degree_top3,rolling5,exact2,nevertreated,pc_score,knowledge_level_pc_score,high,github_outcomes,pull_request_opened,FALSE,sa,-3,2.15813925875718,2.25576976978398,-2.26316949001942,6.57944800753378
opened_cohort,important_degree_top3,rolling5,exact2,nevertreated,pc_score,knowledge_level_pc_score,high,github_outcomes,pull_request_opened,FALSE,sa,-2,2.93364515387591,1.33330317471977,0.320370931425168,5.54691937632666
opened_cohort,important_degree_top3,rolling5,exact2,nevertreated,pc_score,knowledge_level_pc_score,high,github_outcomes,pull_request_opened,FALSE,sa,-1,0,0,0,0
opened_cohort,important_degree_top3,rolling5,exact2,nevertreated,pc_score,knowledge_level_pc_score,high,github_outcomes,pull_request_opened,FALSE,sa,0,-2.26081775535507,1.77812676598016,-5.74594621667618,1.22431070596605
opened_cohort,important_degree_top3,rolling5,exact2,nevertreated,pc_score,knowledge_level_pc_score,high,github_outcomes,pull_request_opened,FALSE,sa,1,-4.96154337106864,3.42254907506289,-11.6697395581919,1.74665281605463
opened_cohort,important_degree_top3,rolling5,exact2,nevertreated,pc_score,knowledge_level_pc_score,high,github_outcomes,pull_request_opened,FALSE,sa,2,-7.30501385407405,4.84212835676494,-16.7955854333333,2.18555772518522
opened_cohort,important_degree_top3,rolling5,exact2,nevertreated,pc_score,knowledge_level_pc_score,high,github_outcomes,pull_request_opened,FALSE,sa,3,-7.0818474855589,5.96306934707769,-18.7694634058312,4.60576843471338
opened_cohort,important_degree_top3,rolling5,exact2,nevertreated,pc_score,knowledge_level_pc_score,high,github_outcomes,pull_request_opened,FALSE,sa,4,-8.42660995822836,7.16128336233559,-22.4627253484061,5.60950543194939
opened_cohort,important_degree_top3,rolling5,exact2,nevertreated,pc_score,knowledge_level_pc_score,high,github_outcomes,pull_request_opened,FALSE,sa,5,-7.29517485586311,8.15766547388633,-23.2841991846803,8.6938494729541
opened_cohort,important_degree_top3,rolling5,exact2,nevertreated,pc_score,knowledge_level_pc_score,high,github_outcomes,pull_request_opened,FALSE,sa,6,-7.07796677376896,9.34203806997319,-25.3883613909164,11.2324278433785
opened_cohort,important_degree_top3,rolling5,exact2,nevertreated,pc_score,knowledge_level_pc_score,high,github_outcomes,pull_request_opened,FALSE,sa,7,-3.40440074284393,11.0192531997701,-25.0021370143933,18.1933355287055
opened_cohort,important_degree_top3,rolling5,exact2,nevertreated,pc_score,knowledge_level_pc_score,high,github_outcomes,pull_request_opened,FALSE,sa,8,-1.44237378429256,12.7583561393961,-26.4487518175089,23.5640042489237
opened_cohort,important_degree_top3,rolling5,exact2,nevertreated,pc_score,knowledge_level_pc_score,high,github_outcomes,pull_request_opened,FALSE,sa,9,-1.92620471846543,12.2402795262364,-25.9171525898889,22.064743152958
opened_cohort,important_degree_top3,rolling5,exact2,nevertreated,pc_score,knowledge_level_pc_score,high,github_outcomes,pull_request_opened,FALSE,sa,10,-8.31692986027266,9.51766812302094,-26.9715593813937,10.3376996608484
opened_cohort,important_degree_top3,rolling5,exact2,nevertreated,pc_score,knowledge_level_pc_score,high,github_outcomes,pull_request_opened,FALSE,sa,11,-7.26437482480887,9.34577380269843,-25.5820914780978,11.0533418284801
opened_cohort,important_degree_top3,rolling5,exact2,nevertreated,pc_score,discussion_quality_pc_score,low,github_outcomes,pull_request_opened,FALSE,sa,-15,6.50054940654145,6.32613003599471,-5.89866546400817,18.8997642770911
opened_cohort,important_degree_top3,rolling5,exact2,nevertreated,pc_score,discussion_quality_pc_score,low,github_outcomes,pull_request_opened,FALSE,sa,-14,-0.467610344244768,7.584739648689,-15.3337000556752,14.3984793671857
opened_cohort,important_degree_top3,rolling5,exact2,nevertreated,pc_score,discussion_quality_pc_score,low,github_outcomes,pull_request_opened,FALSE,sa,-13,9.74690095140191,7.34564844493752,-4.65057000067562,24.1443719034795
opened_cohort,important_degree_top3,rolling5,exact2,nevertreated,pc_score,discussion_quality_pc_score,low,github_outcomes,pull_request_opened,FALSE,sa,-12,6.20173483887863,5.90255751475327,-5.36727789003777,17.770747567795
opened_cohort,important_degree_top3,rolling5,exact2,nevertreated,pc_score,discussion_quality_pc_score,low,github_outcomes,pull_request_opened,FALSE,sa,-11,3.75777924939867,6.26522615597644,-8.52206401631515,16.0376225151125
opened_cohort,important_degree_top3,rolling5,exact2,nevertreated,pc_score,discussion_quality_pc_score,low,github_outcomes,pull_request_opened,FALSE,sa,-10,7.45843581578289,5.94499467105047,-4.19375373947603,19.1106253710418
opened_cohort,important_degree_top3,rolling5,exact2,nevertreated,pc_score,discussion_quality_pc_score,low,github_outcomes,pull_request_opened,FALSE,sa,-9,7.19876803943101,5.40533825299927,-3.39569493644755,17.7932310153096
opened_cohort,important_degree_top3,rolling5,exact2,nevertreated,pc_score,discussion_quality_pc_score,low,github_outcomes,pull_request_opened,FALSE,sa,-8,6.91972981395966,5.1371159329791,-3.14901741467938,16.9884770425987
opened_cohort,important_degree_top3,rolling5,exact2,nevertreated,pc_score,discussion_quality_pc_score,low,github_outcomes,pull_request_opened,FALSE,sa,-7,5.41782185697191,5.00525160038845,-4.39247127978945,15.2281149937333
opened_cohort,important_degree_top3,rolling5,exact2,nevertreated,pc_score,discussion_quality_pc_score,low,github_outcomes,pull_request_opened,FALSE,sa,-6,3.57431934266478,4.56648591396168,-5.37599304870011,12.5246317340297
opened_cohort,important_degree_top3,rolling5,exact2,nevertreated,pc_score,discussion_quality_pc_score,low,github_outcomes,pull_request_opened,FALSE,sa,-5,3.38189746827531,3.46120736541413,-3.40206896793639,10.165863904487
opened_cohort,important_degree_top3,rolling5,exact2,nevertreated,pc_score,discussion_quality_pc_score,low,github_outcomes,pull_request_opened,FALSE,sa,-4,3.3455358798466,2.9742952542978,-2.48408281857708,9.17515457827029
opened_cohort,important_degree_top3,rolling5,exact2,nevertreated,pc_score,discussion_quality_pc_score,low,github_outcomes,pull_request_opened,FALSE,sa,-3,1.63081334390064,2.13029752523668,-2.54456980556326,5.80619649336455
opened_cohort,important_degree_top3,rolling5,exact2,nevertreated,pc_score,discussion_quality_pc_score,low,github_outcomes,pull_request_opened,FALSE,sa,-2,4.86717642110008,1.64399809529862,1.64494015431478,8.08941268788538
opened_cohort,important_degree_top3,rolling5,exact2,nevertreated,pc_score,discussion_quality_pc_score,low,github_outcomes,pull_request_opened,FALSE,sa,-1,0,0,0,0
opened_cohort,important_degree_top3,rolling5,exact2,nevertreated,pc_score,discussion_quality_pc_score,low,github_outcomes,pull_request_opened,FALSE,sa,0,-4.40170787862698,1.94794885821704,-8.21968764073238,-0.583728116521577
opened_cohort,important_degree_top3,rolling5,exact2,nevertreated,pc_score,discussion_quality_pc_score,low,github_outcomes,pull_request_opened,FALSE,sa,1,-7.36824541331918,3.5132923768724,-14.2542984719891,-0.48219235464928
opened_cohort,important_degree_top3,rolling5,exact2,nevertreated,pc_score,discussion_quality_pc_score,low,github_outcomes,pull_request_opened,FALSE,sa,2,-10.1354150028165,4.32520210029457,-18.6128111193939,-1.65801888623915
opened_cohort,important_degree_top3,rolling5,exact2,nevertreated,pc_score,discussion_quality_pc_score,low,github_outcomes,pull_request_opened,FALSE,sa,3,-9.97283050198377,5.26307042829515,-20.2884485414423,0.342787537474717
opened_cohort,important_degree_top3,rolling5,exact2,nevertreated,pc_score,discussion_quality_pc_score,low,github_outcomes,pull_request_opened,FALSE,sa,4,-10.5661488129469,6.28450378759192,-22.8837762366271,1.75147861073322
opened_cohort,important_degree_top3,rolling5,exact2,nevertreated,pc_score,discussion_quality_pc_score,low,github_outcomes,pull_request_opened,FALSE,sa,5,-9.06575692502693,7.25449681706821,-23.2845706864806,5.15305683642676
opened_cohort,important_degree_top3,rolling5,exact2,nevertreated,pc_score,discussion_quality_pc_score,low,github_outcomes,pull_request_opened,FALSE,sa,6,-9.235340288105,7.7488862297685,-24.4231572984513,5.95247672224126
opened_cohort,important_degree_top3,rolling5,exact2,nevertreated,pc_score,discussion_quality_pc_score,low,github_outcomes,pull_request_opened,FALSE,sa,7,-6.2396825368369,9.44103331924464,-24.7441078425564,12.2647427688826
opened_cohort,important_degree_top3,rolling5,exact2,nevertreated,pc_score,discussion_quality_pc_score,low,github_outcomes,pull_request_opened,FALSE,sa,8,-2.32089450662407,10.7372513241001,-23.3659071018603,18.7241180886121
opened_cohort,important_degree_top3,rolling5,exact2,nevertreated,pc_score,discussion_quality_pc_score,low,github_outcomes,pull_request_opened,FALSE,sa,9,-1.27988296406229,11.6406524365436,-24.0955617396878,21.5357958115633
opened_cohort,important_degree_top3,rolling5,exact2,nevertreated,pc_score,discussion_quality_pc_score,low,github_outcomes,pull_request_opened,FALSE,sa,10,-10.242069511246,11.8778319898659,-33.5226202113831,13.038481188891
opened_cohort,important_degree_top3,rolling5,exact2,nevertreated,pc_score,discussion_quality_pc_score,low,github_outcomes,pull_request_opened,FALSE,sa,11,-15.4260028355163,19.1293271444528,-52.9194840386437,22.0674783676112
opened_cohort,important_degree_top3,rolling5,exact2,nevertreated,pc_score,discussion_quality_pc_score,high,github_outcomes,pull_request_opened,FALSE,sa,-15,2.97024392220674,7.71348087705548,-12.148178596822,18.0886664412355
opened_cohort,important_degree_top3,rolling5,exact2,nevertreated,pc_score,discussion_quality_pc_score,high,github_outcomes,pull_request_opened,FALSE,sa,-14,3.20067481569871,12.8078439165141,-21.9026992606689,28.3040488920664
opened_cohort,important_degree_top3,rolling5,exact2,nevertreated,pc_score,discussion_quality_pc_score,high,github_outcomes,pull_request_opened,FALSE,sa,-13,-0.867764240359444,9.01957711765462,-18.5461353909625,16.8106069102436
opened_cohort,important_degree_top3,rolling5,exact2,nevertreated,pc_score,discussion_quality_pc_score,high,github_outcomes,pull_request_opened,FALSE,sa,-12,0.0646368108799026,7.37278316543644,-14.3860181933755,14.5152918151353
opened_cohort,important_degree_top3,rolling5,exact2,nevertreated,pc_score,discussion_quality_pc_score,high,github_outcomes,pull_request_opened,FALSE,sa,-11,-0.0553579643658433,7.48600571769041,-14.727929171039,14.6172132423074
opened_cohort,important_degree_top3,rolling5,exact2,nevertreated,pc_score,discussion_quality_pc_score,high,github_outcomes,pull_request_opened,FALSE,sa,-10,1.71719553056502,6.65609827470084,-11.3287570878486,14.7631481489787
opened_cohort,important_degree_top3,rolling5,exact2,nevertreated,pc_score,discussion_quality_pc_score,high,github_outcomes,pull_request_opened,FALSE,sa,-9,-1.47489984125372,6.02742264051769,-13.2886482166684,10.338848534161
opened_cohort,important_degree_top3,rolling5,exact2,nevertreated,pc_score,discussion_quality_pc_score,high,github_outcomes,pull_request_opened,FALSE,sa,-8,1.1920044001162,5.23816795923267,-9.07480479997983,11.4588136002122
opened_cohort,important_degree_top3,rolling5,exact2,nevertreated,pc_score,discussion_quality_pc_score,high,github_outcomes,pull_request_opened,FALSE,sa,-7,2.79238853881587,4.42384139174498,-5.87834058900429,11.463117666636
opened_cohort,important_degree_top3,rolling5,exact2,nevertreated,pc_score,discussion_quality_pc_score,high,github_outcomes,pull_request_opened,FALSE,sa,-6,3.16871265886107,3.767473138247,-4.21553469210304,10.5529600098252
opened_cohort,important_degree_top3,rolling5,exact2,nevertreated,pc_score,discussion_quality_pc_score,high,github_outcomes,pull_request_opened,FALSE,sa,-5,2.54435355376113,2.868891483374,-3.07867375365191,8.16738086117417
opened_cohort,important_degree_top3,rolling5,exact2,nevertreated,pc_score,discussion_quality_pc_score,high,github_outcomes,pull_request_opened,FALSE,sa,-4,3.40230716426512,2.26375821277805,-1.03465893277986,7.8392732613101
opened_cohort,important_degree_top3,rolling5,exact2,nevertreated,pc_score,discussion_quality_pc_score,high,github_outcomes,pull_request_opened,FALSE,sa,-3,1.60076273932011,1.82208450999481,-1.97052290026972,5.17204837890994
opened_cohort,important_degree_top3,rolling5,exact2,nevertreated,pc_score,discussion_quality_pc_score,high,github_outcomes,pull_request_opened,FALSE,sa,-2,1.91230600874951,1.02403025123648,-0.0947932836739929,3.91940530117302
opened_cohort,important_degree_top3,rolling5,exact2,nevertreated,pc_score,discussion_quality_pc_score,high,github_outcomes,pull_request_opened,FALSE,sa,-1,0,0,0,0
opened_cohort,important_degree_top3,rolling5,exact2,nevertreated,pc_score,discussion_quality_pc_score,high,github_outcomes,pull_request_opened,FALSE,sa,0,-0.207844202955885,1.02401212733255,-2.21490797252768,1.79921956661591
opened_cohort,important_degree_top3,rolling5,exact2,nevertreated,pc_score,discussion_quality_pc_score,high,github_outcomes,pull_request_opened,FALSE,sa,1,-1.51549448241546,1.82752605143475,-5.09744554322757,2.06645657839666
opened_cohort,important_degree_top3,rolling5,exact2,nevertreated,pc_score,discussion_quality_pc_score,high,github_outcomes,pull_request_opened,FALSE,sa,2,-0.902893685757567,3.09001625018682,-6.95932553612374,5.15353816460861
opened_cohort,important_degree_top3,rolling5,exact2,nevertreated,pc_score,discussion_quality_pc_score,high,github_outcomes,pull_request_opened,FALSE,sa,3,-2.07189203414968,3.95448990153415,-9.82269224115661,5.67890817285725
opened_cohort,important_degree_top3,rolling5,exact2,nevertreated,pc_score,discussion_quality_pc_score,high,github_outcomes,pull_request_opened,FALSE,sa,4,-1.5097138548045,4.83851597527785,-10.9932051663491,7.97377745674009
opened_cohort,important_degree_top3,rolling5,exact2,nevertreated,pc_score,discussion_quality_pc_score,high,github_outcomes,pull_request_opened,FALSE,sa,5,-1.34207565408552,5.16683944608985,-11.4690809684216,8.78492966025059
opened_cohort,important_degree_top3,rolling5,exact2,nevertreated,pc_score,discussion_quality_pc_score,high,github_outcomes,pull_request_opened,FALSE,sa,6,-0.782881543299128,6.25756160568403,-13.0477022904398,11.4819392038416
opened_cohort,important_degree_top3,rolling5,exact2,nevertreated,pc_score,discussion_quality_pc_score,high,github_outcomes,pull_request_opened,FALSE,sa,7,0.425753497475725,6.61138360406913,-12.5325583664998,13.3840653614512
opened_cohort,important_degree_top3,rolling5,exact2,nevertreated,pc_score,discussion_quality_pc_score,high,github_outcomes,pull_request_opened,FALSE,sa,8,1.07130827918366,6.58023253715007,-11.8259474936305,13.9685640519978
opened_cohort,important_degree_top3,rolling5,exact2,nevertreated,pc_score,discussion_quality_pc_score,high,github_outcomes,pull_request_opened,FALSE,sa,9,-0.314525715817153,6.50807595933165,-13.0703545961072,12.4413031644729
opened_cohort,important_degree_top3,rolling5,exact2,nevertreated,pc_score,discussion_quality_pc_score,high,github_outcomes,pull_request_opened,FALSE,sa,10,-3.33223388297804,6.11278581863883,-15.3132940875101,8.64882632155406
opened_cohort,important_degree_top3,rolling5,exact2,nevertreated,pc_score,discussion_quality_pc_score,high,github_outcomes,pull_request_opened,FALSE,sa,11,-3.08360192932425,6.37838418152859,-15.5852349251203,9.41803106647178
opened_cohort,important_degree_top3,rolling5,exact2,nevertreated,pc_score,investment_in_new_talent_pc_score,low,github_outcomes,pull_request_opened,FALSE,sa,-15,12.4043689292685,5.83598914226463,0.965830210429868,23.8429076481072
opened_cohort,important_degree_top3,rolling5,exact2,nevertreated,pc_score,investment_in_new_talent_pc_score,low,github_outcomes,pull_request_opened,FALSE,sa,-14,8.17029213095366,6.11346958629678,-3.81210825818802,20.1526925200954
opened_cohort,important_degree_top3,rolling5,exact2,nevertreated,pc_score,investment_in_new_talent_pc_score,low,github_outcomes,pull_request_opened,FALSE,sa,-13,10.8044746321565,5.85966460167482,-0.680467987126125,22.2894172514392
opened_cohort,important_degree_top3,rolling5,exact2,nevertreated,pc_score,investment_in_new_talent_pc_score,low,github_outcomes,pull_request_opened,FALSE,sa,-12,11.0618198388242,4.76489187541662,1.72263176300764,20.4010079146408
opened_cohort,important_degree_top3,rolling5,exact2,nevertreated,pc_score,investment_in_new_talent_pc_score,low,github_outcomes,pull_request_opened,FALSE,sa,-11,9.18904235259799,4.92746123402249,-0.468781666086086,18.8468663712821
opened_cohort,important_degree_top3,rolling5,exact2,nevertreated,pc_score,investment_in_new_talent_pc_score,low,github_outcomes,pull_request_opened,FALSE,sa,-10,10.1539037738408,4.42861017785837,1.47382782523839,18.8339797224432
opened_cohort,important_degree_top3,rolling5,exact2,nevertreated,pc_score,investment_in_new_talent_pc_score,low,github_outcomes,pull_request_opened,FALSE,sa,-9,8.90836279752608,3.83928029638377,1.38337341661389,16.4333521784383
opened_cohort,important_degree_top3,rolling5,exact2,nevertreated,pc_score,investment_in_new_talent_pc_score,low,github_outcomes,pull_request_opened,FALSE,sa,-8,6.73463368048622,3.42627643018405,0.0191318773254832,13.450135483647
opened_cohort,important_degree_top3,rolling5,exact2,nevertreated,pc_score,investment_in_new_talent_pc_score,low,github_outcomes,pull_request_opened,FALSE,sa,-7,4.69271929760351,3.19177326893677,-1.56315630951256,10.9485949047196
opened_cohort,important_degree_top3,rolling5,exact2,nevertreated,pc_score,investment_in_new_talent_pc_score,low,github_outcomes,pull_request_opened,FALSE,sa,-6,2.41055203287379,2.64651878408602,-2.77662478393481,7.59772884968239
opened_cohort,important_degree_top3,rolling5,exact2,nevertreated,pc_score,investment_in_new_talent_pc_score,low,github_outcomes,pull_request_opened,FALSE,sa,-5,1.92592159333696,2.06796033312608,-2.12728065959015,5.97912384626407
opened_cohort,important_degree_top3,rolling5,exact2,nevertreated,pc_score,investment_in_new_talent_pc_score,low,github_outcomes,pull_request_opened,FALSE,sa,-4,0.177261443989965,1.77896307000247,-3.30950617321487,3.6640290611948
opened_cohort,important_degree_top3,rolling5,exact2,nevertreated,pc_score,investment_in_new_talent_pc_score,low,github_outcomes,pull_request_opened,FALSE,sa,-3,-0.796531089309519,1.29515982219682,-3.33504434081529,1.74198216219625
opened_cohort,important_degree_top3,rolling5,exact2,nevertreated,pc_score,investment_in_new_talent_pc_score,low,github_outcomes,pull_request_opened,FALSE,sa,-2,1.51980757351362,1.00709663584987,-0.454101832752126,3.49371697977937
opened_cohort,important_degree_top3,rolling5,exact2,nevertreated,pc_score,investment_in_new_talent_pc_score,low,github_outcomes,pull_request_opened,FALSE,sa,-1,0,0,0,0
opened_cohort,important_degree_top3,rolling5,exact2,nevertreated,pc_score,investment_in_new_talent_pc_score,low,github_outcomes,pull_request_opened,FALSE,sa,0,-2.26265837073272,1.21809651144191,-4.65012753315886,0.124810791693418
opened_cohort,important_degree_top3,rolling5,exact2,nevertreated,pc_score,investment_in_new_talent_pc_score,low,github_outcomes,pull_request_opened,FALSE,sa,1,-3.3151193535039,1.70170311718767,-6.65045746319173,0.0202187561839327
opened_cohort,important_degree_top3,rolling5,exact2,nevertreated,pc_score,investment_in_new_talent_pc_score,low,github_outcomes,pull_request_opened,FALSE,sa,2,-4.12864384339975,2.12778910127935,-8.29911048190728,0.0418227951077892
opened_cohort,important_degree_top3,rolling5,exact2,nevertreated,pc_score,investment_in_new_talent_pc_score,low,github_outcomes,pull_request_opened,FALSE,sa,3,-4.92254705815741,2.99025946797906,-10.7834556153964,0.938361499081543
opened_cohort,important_degree_top3,rolling5,exact2,nevertreated,pc_score,investment_in_new_talent_pc_score,low,github_outcomes,pull_request_opened,FALSE,sa,4,-4.42834536514967,3.9651420498166,-12.2000237827902,3.34333305249087
opened_cohort,important_degree_top3,rolling5,exact2,nevertreated,pc_score,investment_in_new_talent_pc_score,low,github_outcomes,pull_request_opened,FALSE,sa,5,-4.11729188371908,5.01962624550922,-13.9557593249172,5.721175557479
opened_cohort,important_degree_top3,rolling5,exact2,nevertreated,pc_score,investment_in_new_talent_pc_score,low,github_outcomes,pull_request_opened,FALSE,sa,6,-4.42761849822605,5.56122409756507,-15.3276177294536,6.47238073300148
opened_cohort,important_degree_top3,rolling5,exact2,nevertreated,pc_score,investment_in_new_talent_pc_score,low,github_outcomes,pull_request_opened,FALSE,sa,7,-2.67122989451424,7.28237213259248,-16.9446792743955,11.602219485367
opened_cohort,important_degree_top3,rolling5,exact2,nevertreated,pc_score,investment_in_new_talent_pc_score,low,github_outcomes,pull_request_opened,FALSE,sa,8,-1.77882392421205,8.5799420124777,-18.5955102686684,15.0378624202442
opened_cohort,important_degree_top3,rolling5,exact2,nevertreated,pc_score,investment_in_new_talent_pc_score,low,github_outcomes,pull_request_opened,FALSE,sa,9,-0.991690161732689,8.70522826042896,-18.0539375521734,16.0705572287081
opened_cohort,important_degree_top3,rolling5,exact2,nevertreated,pc_score,investment_in_new_talent_pc_score,low,github_outcomes,pull_request_opened,FALSE,sa,10,-6.31911728372243,7.21875190805842,-20.4678710235169,7.82963645607207
opened_cohort,important_degree_top3,rolling5,exact2,nevertreated,pc_score,investment_in_new_talent_pc_score,low,github_outcomes,pull_request_opened,FALSE,sa,11,-3.46620598810965,6.85215935334088,-16.8964383206578,9.96402634443847
opened_cohort,important_degree_top3,rolling5,exact2,nevertreated,pc_score,investment_in_new_talent_pc_score,high,github_outcomes,pull_request_opened,FALSE,sa,-15,1.93526425191378,9.76786142172016,-17.2097441346577,21.0802726384853
opened_cohort,important_degree_top3,rolling5,exact2,nevertreated,pc_score,investment_in_new_talent_pc_score,high,github_outcomes,pull_request_opened,FALSE,sa,-14,4.52080645829053,15.5840882062081,-26.0240064258774,35.0656193424584
opened_cohort,important_degree_top3,rolling5,exact2,nevertreated,pc_score,investment_in_new_talent_pc_score,high,github_outcomes,pull_request_opened,FALSE,sa,-13,-1.52231989825661,9.79479874197255,-20.7201254325228,17.6754856360096
opened_cohort,important_degree_top3,rolling5,exact2,nevertreated,pc_score,investment_in_new_talent_pc_score,high,github_outcomes,pull_request_opened,FALSE,sa,-12,-5.02300564229797,7.70504143597556,-20.1248868568101,10.0788755722141
opened_cohort,important_degree_top3,rolling5,exact2,nevertreated,pc_score,investment_in_new_talent_pc_score,high,github_outcomes,pull_request_opened,FALSE,sa,-11,-2.84021050956167,7.84763318141625,-18.2215715451375,12.5411505260142
opened_cohort,important_degree_top3,rolling5,exact2,nevertreated,pc_score,investment_in_new_talent_pc_score,high,github_outcomes,pull_request_opened,FALSE,sa,-10,0.93463400467184,7.11864720533462,-13.017914517784,14.8871825271277
opened_cohort,important_degree_top3,rolling5,exact2,nevertreated,pc_score,investment_in_new_talent_pc_score,high,github_outcomes,pull_request_opened,FALSE,sa,-9,-1.17425124445887,6.63672985238503,-14.1822417551335,11.8337392662158
opened_cohort,important_degree_top3,rolling5,exact2,nevertreated,pc_score,investment_in_new_talent_pc_score,high,github_outcomes,pull_request_opened,FALSE,sa,-8,4.62157200984689,5.91978567593317,-6.98120791498212,16.2243519346759
opened_cohort,important_degree_top3,rolling5,exact2,nevertreated,pc_score,investment_in_new_talent_pc_score,high,github_outcomes,pull_request_opened,FALSE,sa,-7,5.24516579907873,5.27611675747733,-5.09602304557684,15.5863546437343
opened_cohort,important_degree_top3,rolling5,exact2,nevertreated,pc_score,investment_in_new_talent_pc_score,high,github_outcomes,pull_request_opened,FALSE,sa,-6,7.64502796073271,5.17449244230031,-2.49697722617589,17.7870331476413
opened_cohort,important_degree_top3,rolling5,exact2,nevertreated,pc_score,investment_in_new_talent_pc_score,high,github_outcomes,pull_request_opened,FALSE,sa,-5,4.2972783207278,3.83083475345533,-3.21115779604465,11.8057144375003
opened_cohort,important_degree_top3,rolling5,exact2,nevertreated,pc_score,investment_in_new_talent_pc_score,high,github_outcomes,pull_request_opened,FALSE,sa,-4,6.15705276719762,3.27236514003248,-0.256782907266044,12.5708884416613
opened_cohort,important_degree_top3,rolling5,exact2,nevertreated,pc_score,investment_in_new_talent_pc_score,high,github_outcomes,pull_request_opened,FALSE,sa,-3,4.54575103711115,2.57571919037954,-0.502658576032751,9.59416065025504
opened_cohort,important_degree_top3,rolling5,exact2,nevertreated,pc_score,investment_in_new_talent_pc_score,high,github_outcomes,pull_request_opened,FALSE,sa,-2,5.36148216300793,1.68605259275363,2.05681908121081,8.66614524480504
opened_cohort,important_degree_top3,rolling5,exact2,nevertreated,pc_score,investment_in_new_talent_pc_score,high,github_outcomes,pull_request_opened,FALSE,sa,-1,0,0,0,0
opened_cohort,important_degree_top3,rolling5,exact2,nevertreated,pc_score,investment_in_new_talent_pc_score,high,github_outcomes,pull_request_opened,FALSE,sa,0,-2.39886843465594,2.05669376722507,-6.42998821841707,1.6322513491052
opened_cohort,important_degree_top3,rolling5,exact2,nevertreated,pc_score,investment_in_new_talent_pc_score,high,github_outcomes,pull_request_opened,FALSE,sa,1,-4.91282710583896,3.3955965638089,-11.5681963709044,1.74254215922649
opened_cohort,important_degree_top3,rolling5,exact2,nevertreated,pc_score,investment_in_new_talent_pc_score,high,github_outcomes,pull_request_opened,FALSE,sa,2,-6.47384724006739,4.56031052943292,-15.4120558777559,2.46436139762114
opened_cohort,important_degree_top3,rolling5,exact2,nevertreated,pc_score,investment_in_new_talent_pc_score,high,github_outcomes,pull_request_opened,FALSE,sa,3,-6.173874085705,5.29728373397874,-16.5565502043033,4.20880203289333
opened_cohort,important_degree_top3,rolling5,exact2,nevertreated,pc_score,investment_in_new_talent_pc_score,high,github_outcomes,pull_request_opened,FALSE,sa,4,-6.33242442127549,5.96195894163081,-18.0178639468719,5.3530151043209
opened_cohort,important_degree_top3,rolling5,exact2,nevertreated,pc_score,investment_in_new_talent_pc_score,high,github_outcomes,pull_request_opened,FALSE,sa,5,-4.91320294476544,6.20454767239505,-17.0741163826597,7.24771049312886
opened_cohort,important_degree_top3,rolling5,exact2,nevertreated,pc_score,investment_in_new_talent_pc_score,high,github_outcomes,pull_request_opened,FALSE,sa,6,-4.95046174820075,7.09642432023139,-18.8594534158543,8.95852991945278
opened_cohort,important_degree_top3,rolling5,exact2,nevertreated,pc_score,investment_in_new_talent_pc_score,high,github_outcomes,pull_request_opened,FALSE,sa,7,-1.53424728246148,7.50605403802166,-16.2461131969839,13.177618632061
opened_cohort,important_degree_top3,rolling5,exact2,nevertreated,pc_score,investment_in_new_talent_pc_score,high,github_outcomes,pull_request_opened,FALSE,sa,8,1.98437319915746,7.3763923402969,-12.4733557878245,16.4421021861394
opened_cohort,important_degree_top3,rolling5,exact2,nevertreated,pc_score,investment_in_new_talent_pc_score,high,github_outcomes,pull_request_opened,FALSE,sa,9,3.88357833418268,7.7492953946179,-11.3050406392684,19.0721973076338
opened_cohort,important_degree_top3,rolling5,exact2,nevertreated,pc_score,investment_in_new_talent_pc_score,high,github_outcomes,pull_request_opened,FALSE,sa,10,2.01504597450175,7.38660744583802,-12.4627046193408,16.4927965683443
opened_cohort,important_degree_top3,rolling5,exact2,nevertreated,pc_score,investment_in_new_talent_pc_score,high,github_outcomes,pull_request_opened,FALSE,sa,11,1.97944515631999,7.42671000070054,-12.5769064450531,16.535796757693
opened_cohort,important_degree_top3,rolling5,exact2,nevertreated,pc_score,problem_solving_routines_pc_score,low,github_outcomes,pull_request_opened,FALSE,sa,-15,-4.36636139554062,5.15031687630842,-14.4609824731051,5.72825968202388
opened_cohort,important_degree_top3,rolling5,exact2,nevertreated,pc_score,problem_solving_routines_pc_score,low,github_outcomes,pull_request_opened,FALSE,sa,-14,-8.60902634164617,4.79460563899538,-18.0064533940771,0.788400710784767
opened_cohort,important_degree_top3,rolling5,exact2,nevertreated,pc_score,problem_solving_routines_pc_score,low,github_outcomes,pull_request_opened,FALSE,sa,-13,-1.20721616462459,4.83962575528794,-10.6928826449889,8.27845031573978
opened_cohort,important_degree_top3,rolling5,exact2,nevertreated,pc_score,problem_solving_routines_pc_score,low,github_outcomes,pull_request_opened,FALSE,sa,-12,-2.76186358567342,4.10103372089482,-10.7998896786273,5.27616250728043
opened_cohort,important_degree_top3,rolling5,exact2,nevertreated,pc_score,problem_solving_routines_pc_score,low,github_outcomes,pull_request_opened,FALSE,sa,-11,-3.73654074565357,3.84751134399784,-11.2776629798893,3.80458148858219
opened_cohort,important_degree_top3,rolling5,exact2,nevertreated,pc_score,problem_solving_routines_pc_score,low,github_outcomes,pull_request_opened,FALSE,sa,-10,-1.0146848133446,3.31350311615934,-7.5091509210169,5.47978129432771
opened_cohort,important_degree_top3,rolling5,exact2,nevertreated,pc_score,problem_solving_routines_pc_score,low,github_outcomes,pull_request_opened,FALSE,sa,-9,-2.82574433550841,3.09666815141878,-8.89521391228921,3.24372524127239
opened_cohort,important_degree_top3,rolling5,exact2,nevertreated,pc_score,problem_solving_routines_pc_score,low,github_outcomes,pull_request_opened,FALSE,sa,-8,0.323362929487614,2.79043277063479,-5.14588530095656,5.79261115993179
opened_cohort,important_degree_top3,rolling5,exact2,nevertreated,pc_score,problem_solving_routines_pc_score,low,github_outcomes,pull_request_opened,FALSE,sa,-7,0.962281617322025,2.53649662349983,-4.00925176473764,5.93381499938169
opened_cohort,important_degree_top3,rolling5,exact2,nevertreated,pc_score,problem_solving_routines_pc_score,low,github_outcomes,pull_request_opened,FALSE,sa,-6,0.130079432766172,2.31827359826018,-4.41373681982378,4.67389568535613
opened_cohort,important_degree_top3,rolling5,exact2,nevertreated,pc_score,problem_solving_routines_pc_score,low,github_outcomes,pull_request_opened,FALSE,sa,-5,0.738261976317745,1.82766978070362,-2.84397079386135,4.32049474649684
opened_cohort,important_degree_top3,rolling5,exact2,nevertreated,pc_score,problem_solving_routines_pc_score,low,github_outcomes,pull_request_opened,FALSE,sa,-4,-0.378523067082658,1.63706684438776,-3.58717408208266,2.83012794791735
opened_cohort,important_degree_top3,rolling5,exact2,nevertreated,pc_score,problem_solving_routines_pc_score,low,github_outcomes,pull_request_opened,FALSE,sa,-3,-0.91763821132956,1.12629449226822,-3.12517541617527,1.28989899351615
opened_cohort,important_degree_top3,rolling5,exact2,nevertreated,pc_score,problem_solving_routines_pc_score,low,github_outcomes,pull_request_opened,FALSE,sa,-2,1.21394707801815,0.82499993610638,-0.40305279675036,2.83094695278665
opened_cohort,important_degree_top3,rolling5,exact2,nevertreated,pc_score,problem_solving_routines_pc_score,low,github_outcomes,pull_request_opened,FALSE,sa,-1,0,0,0,0
opened_cohort,important_degree_top3,rolling5,exact2,nevertreated,pc_score,problem_solving_routines_pc_score,low,github_outcomes,pull_request_opened,FALSE,sa,0,-1.44736245990872,0.91452164595954,-3.23982488598942,0.345099966171975
opened_cohort,important_degree_top3,rolling5,exact2,nevertreated,pc_score,problem_solving_routines_pc_score,low,github_outcomes,pull_request_opened,FALSE,sa,1,-3.22493201924602,1.42210969612449,-6.01226702365001,-0.437597014842016
opened_cohort,important_degree_top3,rolling5,exact2,nevertreated,pc_score,problem_solving_routines_pc_score,low,github_outcomes,pull_request_opened,FALSE,sa,2,-3.26564314905865,1.915886214378,-7.02078012923954,0.489493831122235
opened_cohort,important_degree_top3,rolling5,exact2,nevertreated,pc_score,problem_solving_routines_pc_score,low,github_outcomes,pull_request_opened,FALSE,sa,3,-3.81382324583968,2.04926945409126,-7.83039137585854,0.202744884179181
opened_cohort,important_degree_top3,rolling5,exact2,nevertreated,pc_score,problem_solving_routines_pc_score,low,github_outcomes,pull_request_opened,FALSE,sa,4,-2.9910797154378,2.2858456555883,-7.47133720039087,1.48917776951526
opened_cohort,important_degree_top3,rolling5,exact2,nevertreated,pc_score,problem_solving_routines_pc_score,low,github_outcomes,pull_request_opened,FALSE,sa,5,-3.63635638280575,2.26180312665566,-8.06949051105085,0.796777745439341
opened_cohort,important_degree_top3,rolling5,exact2,nevertreated,pc_score,problem_solving_routines_pc_score,low,github_outcomes,pull_request_opened,FALSE,sa,6,-3.54293923425052,2.75200897793965,-8.93687683101223,1.85099836251119
opened_cohort,important_degree_top3,rolling5,exact2,nevertreated,pc_score,problem_solving_routines_pc_score,low,github_outcomes,pull_request_opened,FALSE,sa,7,-3.55620494769405,2.92787024403402,-9.29483062600073,2.18242073061263
opened_cohort,important_degree_top3,rolling5,exact2,nevertreated,pc_score,problem_solving_routines_pc_score,low,github_outcomes,pull_request_opened,FALSE,sa,8,-3.90753297575056,3.18037688798141,-10.1410716761941,2.32600572469301
opened_cohort,important_degree_top3,rolling5,exact2,nevertreated,pc_score,problem_solving_routines_pc_score,low,github_outcomes,pull_request_opened,FALSE,sa,9,-4.35807678067903,4.60170607700398,-13.3774206916068,4.66126713024876
opened_cohort,important_degree_top3,rolling5,exact2,nevertreated,pc_score,problem_solving_routines_pc_score,low,github_outcomes,pull_request_opened,FALSE,sa,10,-4.59828364013514,6.03886559287308,-16.4344602021664,7.23789292189609
opened_cohort,important_degree_top3,rolling5,exact2,nevertreated,pc_score,problem_solving_routines_pc_score,low,github_outcomes,pull_request_opened,FALSE,sa,11,-7.45441462203088,12.2614152734591,-31.4867885580107,16.5779593139489
opened_cohort,important_degree_top3,rolling5,exact2,nevertreated,pc_score,problem_solving_routines_pc_score,high,github_outcomes,pull_request_opened,FALSE,sa,-15,12.4279754691213,9.61700714787626,-6.42135854071616,31.2773094789588
opened_cohort,important_degree_top3,rolling5,exact2,nevertreated,pc_score,problem_solving_routines_pc_score,high,github_outcomes,pull_request_opened,FALSE,sa,-14,18.5268751874456,12.9129102945259,-6.78242898982518,43.8361793647163
opened_cohort,important_degree_top3,rolling5,exact2,nevertreated,pc_score,problem_solving_routines_pc_score,high,github_outcomes,pull_request_opened,FALSE,sa,-13,5.35720539826519,11.0382218822544,-16.2777094909535,26.9921202874839
opened_cohort,important_degree_top3,rolling5,exact2,nevertreated,pc_score,problem_solving_routines_pc_score,high,github_outcomes,pull_request_opened,FALSE,sa,-12,4.99482645726297,8.30374848312909,-11.2805205696701,21.270173484196
opened_cohort,important_degree_top3,rolling5,exact2,nevertreated,pc_score,problem_solving_routines_pc_score,high,github_outcomes,pull_request_opened,FALSE,sa,-11,7.41561155575082,8.65117854013798,-9.54069838291963,24.3719214944213
opened_cohort,important_degree_top3,rolling5,exact2,nevertreated,pc_score,problem_solving_routines_pc_score,high,github_outcomes,pull_request_opened,FALSE,sa,-10,9.38498276101436,7.92885173285824,-6.15556663538778,24.9255321574165
opened_cohort,important_degree_top3,rolling5,exact2,nevertreated,pc_score,problem_solving_routines_pc_score,high,github_outcomes,pull_request_opened,FALSE,sa,-9,7.83825421830333,7.42767586803888,-6.71999048305287,22.3964989196595
opened_cohort,important_degree_top3,rolling5,exact2,nevertreated,pc_score,problem_solving_routines_pc_score,high,github_outcomes,pull_request_opened,FALSE,sa,-8,6.1097099107784,6.25472369656717,-6.14954853449325,18.36896835605
opened_cohort,important_degree_top3,rolling5,exact2,nevertreated,pc_score,problem_solving_routines_pc_score,high,github_outcomes,pull_request_opened,FALSE,sa,-7,4.61020464072242,5.83759400992673,-6.83147961873397,16.0518889001788
opened_cohort,important_degree_top3,rolling5,exact2,nevertreated,pc_score,problem_solving_routines_pc_score,high,github_outcomes,pull_request_opened,FALSE,sa,-6,5.49656902577366,5.55851093132462,-5.39811239962259,16.3912504511699
opened_cohort,important_degree_top3,rolling5,exact2,nevertreated,pc_score,problem_solving_routines_pc_score,high,github_outcomes,pull_request_opened,FALSE,sa,-5,3.95237718060129,4.01352052395741,-3.91412304635523,11.8188774075578
opened_cohort,important_degree_top3,rolling5,exact2,nevertreated,pc_score,problem_solving_routines_pc_score,high,github_outcomes,pull_request_opened,FALSE,sa,-4,7.30469463710812,3.46908546153948,0.505287132490746,14.1041021417255
opened_cohort,important_degree_top3,rolling5,exact2,nevertreated,pc_score,problem_solving_routines_pc_score,high,github_outcomes,pull_request_opened,FALSE,sa,-3,5.02423802849655,2.76475723282107,-0.394686147832753,10.4431622048258
opened_cohort,important_degree_top3,rolling5,exact2,nevertreated,pc_score,problem_solving_routines_pc_score,high,github_outcomes,pull_request_opened,FALSE,sa,-2,6.19502740948687,1.92361135283084,2.42474915793841,9.96530566103532
opened_cohort,important_degree_top3,rolling5,exact2,nevertreated,pc_score,problem_solving_routines_pc_score,high,github_outcomes,pull_request_opened,FALSE,sa,-1,0,0,0,0
opened_cohort,important_degree_top3,rolling5,exact2,nevertreated,pc_score,problem_solving_routines_pc_score,high,github_outcomes,pull_request_opened,FALSE,sa,0,-2.81646831749006,2.22957445162977,-7.18643424268441,1.55349760770429
opened_cohort,important_degree_top3,rolling5,exact2,nevertreated,pc_score,problem_solving_routines_pc_score,high,github_outcomes,pull_request_opened,FALSE,sa,1,-4.66887484401586,3.57588413807395,-11.6776077546408,2.33985806660909
opened_cohort,important_degree_top3,rolling5,exact2,nevertreated,pc_score,problem_solving_routines_pc_score,high,github_outcomes,pull_request_opened,FALSE,sa,2,-7.34482586278537,4.452261921876,-16.0712592296623,1.38160750409159
opened_cohort,important_degree_top3,rolling5,exact2,nevertreated,pc_score,problem_solving_routines_pc_score,high,github_outcomes,pull_request_opened,FALSE,sa,3,-7.20315166826571,5.59130189326989,-18.1621033790747,3.75580004254328
opened_cohort,important_degree_top3,rolling5,exact2,nevertreated,pc_score,problem_solving_routines_pc_score,high,github_outcomes,pull_request_opened,FALSE,sa,4,-8.08772458806907,6.58164695414024,-20.9877526181839,4.8123034420458
opened_cohort,important_degree_top3,rolling5,exact2,nevertreated,pc_score,problem_solving_routines_pc_score,high,github_outcomes,pull_request_opened,FALSE,sa,5,-4.77506775779716,7.70498754493383,-19.8768433458675,10.3267078302731
opened_cohort,important_degree_top3,rolling5,exact2,nevertreated,pc_score,problem_solving_routines_pc_score,high,github_outcomes,pull_request_opened,FALSE,sa,6,-4.37407408329117,8.7380546363969,-21.5006611706291,12.7525130040468
opened_cohort,important_degree_top3,rolling5,exact2,nevertreated,pc_score,problem_solving_routines_pc_score,high,github_outcomes,pull_request_opened,FALSE,sa,7,2.58320290890074,11.39580589547,-19.7525766462205,24.918982464022
opened_cohort,important_degree_top3,rolling5,exact2,nevertreated,pc_score,problem_solving_routines_pc_score,high,github_outcomes,pull_request_opened,FALSE,sa,8,8.85553388110983,14.177860294993,-18.9330722970765,36.6441400592962
opened_cohort,important_degree_top3,rolling5,exact2,nevertreated,pc_score,problem_solving_routines_pc_score,high,github_outcomes,pull_request_opened,FALSE,sa,9,13.7332907318358,14.1756651905221,-14.0510130415874,41.5175945052591
opened_cohort,important_degree_top3,rolling5,exact2,nevertreated,pc_score,problem_solving_routines_pc_score,high,github_outcomes,pull_request_opened,FALSE,sa,10,-2.19658126391943,8.2133186839191,-18.2946858844009,13.901523356562
opened_cohort,important_degree_top3,rolling5,exact2,nevertreated,pc_score,problem_solving_routines_pc_score,high,github_outcomes,pull_request_opened,FALSE,sa,11,-9.88029900529966,8.01079647621284,-25.5814600986768,5.8208620880775
opened_cohort,important_degree_top3,rolling5,exact2,nevertreated,pc_score,collaboration_pc_score,low,github_outcomes,pull_request_merged,TRUE,sa,-15,-0.44535511912722,0.65008777806105,-1.71952716412688,0.828816925872439
opened_cohort,important_degree_top3,rolling5,exact2,nevertreated,pc_score,collaboration_pc_score,low,github_outcomes,pull_request_merged,TRUE,sa,-14,-1.14784225055801,0.64606788547482,-2.41413530608866,0.118450804972639
opened_cohort,important_degree_top3,rolling5,exact2,nevertreated,pc_score,collaboration_pc_score,low,github_outcomes,pull_request_merged,TRUE,sa,-13,0.283754487969214,0.808589839066686,-1.30108159660149,1.86859057253992
opened_cohort,important_degree_top3,rolling5,exact2,nevertreated,pc_score,collaboration_pc_score,low,github_outcomes,pull_request_merged,TRUE,sa,-12,0.547816684010248,0.773721072135183,-0.96867661737471,2.06430998539521
opened_cohort,important_degree_top3,rolling5,exact2,nevertreated,pc_score,collaboration_pc_score,low,github_outcomes,pull_request_merged,TRUE,sa,-11,0.5041861096524,0.683873419441668,-0.836205792453271,1.84457801175807
opened_cohort,important_degree_top3,rolling5,exact2,nevertreated,pc_score,collaboration_pc_score,low,github_outcomes,pull_request_merged,TRUE,sa,-10,0.404601175622784,0.764461379833009,-1.09374312884991,1.90294548009548
opened_cohort,important_degree_top3,rolling5,exact2,nevertreated,pc_score,collaboration_pc_score,low,github_outcomes,pull_request_merged,TRUE,sa,-9,0.850447212491594,0.972321329914464,-1.05530259414076,2.75619701912394
opened_cohort,important_degree_top3,rolling5,exact2,nevertreated,pc_score,collaboration_pc_score,low,github_outcomes,pull_request_merged,TRUE,sa,-8,1.07140440728699,1.05251045880678,-0.991516091974293,3.13432490654827
opened_cohort,important_degree_top3,rolling5,exact2,nevertreated,pc_score,collaboration_pc_score,low,github_outcomes,pull_request_merged,TRUE,sa,-7,0.862733967855257,0.887326378438115,-0.876425733883449,2.60189366959396
opened_cohort,important_degree_top3,rolling5,exact2,nevertreated,pc_score,collaboration_pc_score,low,github_outcomes,pull_request_merged,TRUE,sa,-6,0.698853193562697,0.734693852072584,-0.741146756499568,2.13885314362496
opened_cohort,important_degree_top3,rolling5,exact2,nevertreated,pc_score,collaboration_pc_score,low,github_outcomes,pull_request_merged,TRUE,sa,-5,0.339291036429625,0.470357376071167,-0.582609420669862,1.26119149352911
opened_cohort,important_degree_top3,rolling5,exact2,nevertreated,pc_score,collaboration_pc_score,low,github_outcomes,pull_request_merged,TRUE,sa,-4,0.0443353682188452,0.299760947013148,-0.543196087926926,0.631866824364616
opened_cohort,important_degree_top3,rolling5,exact2,nevertreated,pc_score,collaboration_pc_score,low,github_outcomes,pull_request_merged,TRUE,sa,-3,0.0716459124239545,0.191036716011824,-0.302786050959221,0.44607787580713
opened_cohort,important_degree_top3,rolling5,exact2,nevertreated,pc_score,collaboration_pc_score,low,github_outcomes,pull_request_merged,TRUE,sa,-2,0.266830580631066,0.139652099482691,-0.00688753435500883,0.54054869561714
opened_cohort,important_degree_top3,rolling5,exact2,nevertreated,pc_score,collaboration_pc_score,low,github_outcomes,pull_request_merged,TRUE,sa,-1,0,0,0,0
opened_cohort,important_degree_top3,rolling5,exact2,nevertreated,pc_score,collaboration_pc_score,low,github_outcomes,pull_request_merged,TRUE,sa,0,-0.146150530941096,0.31185258503286,-0.757381597605501,0.465080535723311
opened_cohort,important_degree_top3,rolling5,exact2,nevertreated,pc_score,collaboration_pc_score,low,github_outcomes,pull_request_merged,TRUE,sa,1,-1.00217147664002,0.592550981133773,-2.16357139966221,0.159228446382179
opened_cohort,important_degree_top3,rolling5,exact2,nevertreated,pc_score,collaboration_pc_score,low,github_outcomes,pull_request_merged,TRUE,sa,2,-1.29935291748695,0.865272422983943,-2.99528686653548,0.396581031561581
opened_cohort,important_degree_top3,rolling5,exact2,nevertreated,pc_score,collaboration_pc_score,low,github_outcomes,pull_request_merged,TRUE,sa,3,-1.475157244755,1.20927488437822,-3.84533601813631,0.895021528626299
opened_cohort,important_degree_top3,rolling5,exact2,nevertreated,pc_score,collaboration_pc_score,low,github_outcomes,pull_request_merged,TRUE,sa,4,-2.13150496877977,1.84819342658082,-5.75396408487819,1.49095414731864
opened_cohort,important_degree_top3,rolling5,exact2,nevertreated,pc_score,collaboration_pc_score,low,github_outcomes,pull_request_merged,TRUE,sa,5,-2.56260527731076,2.25813396984331,-6.98854785820364,1.86333730358212
opened_cohort,important_degree_top3,rolling5,exact2,nevertreated,pc_score,collaboration_pc_score,low,github_outcomes,pull_request_merged,TRUE,sa,6,-2.49636567284936,2.39034297090622,-7.18143789582554,2.18870655012682
opened_cohort,important_degree_top3,rolling5,exact2,nevertreated,pc_score,collaboration_pc_score,low,github_outcomes,pull_request_merged,TRUE,sa,7,-3.25231886760666,2.929110521962,-8.99337549065218,2.48873775543886
opened_cohort,important_degree_top3,rolling5,exact2,nevertreated,pc_score,collaboration_pc_score,low,github_outcomes,pull_request_merged,TRUE,sa,8,-3.1883175995792,2.89490688505517,-8.86233509428733,2.48569989512894
opened_cohort,important_degree_top3,rolling5,exact2,nevertreated,pc_score,collaboration_pc_score,low,github_outcomes,pull_request_merged,TRUE,sa,9,-3.41194433145196,3.07925091277992,-9.44727612050061,2.62338745759669
opened_cohort,important_degree_top3,rolling5,exact2,nevertreated,pc_score,collaboration_pc_score,low,github_outcomes,pull_request_merged,TRUE,sa,10,-3.84195612718702,3.56369732933728,-10.8268028926881,3.14289063831405
opened_cohort,important_degree_top3,rolling5,exact2,nevertreated,pc_score,collaboration_pc_score,low,github_outcomes,pull_request_merged,TRUE,sa,11,-3.13675306870014,3.12329254975151,-9.2584064662131,2.98490032881283
opened_cohort,important_degree_top3,rolling5,exact2,nevertreated,pc_score,collaboration_pc_score,high,github_outcomes,pull_request_merged,TRUE,sa,-15,0.76517549594052,0.665486948799331,-0.539178923706169,2.06952991558721
opened_cohort,important_degree_top3,rolling5,exact2,nevertreated,pc_score,collaboration_pc_score,high,github_outcomes,pull_request_merged,TRUE,sa,-14,1.41677881387837,0.65931589489822,0.124519659877862,2.70903796787888
opened_cohort,important_degree_top3,rolling5,exact2,nevertreated,pc_score,collaboration_pc_score,high,github_outcomes,pull_request_merged,TRUE,sa,-13,0.840955290459983,0.580597442291034,-0.297015696430444,1.97892627735041
opened_cohort,important_degree_top3,rolling5,exact2,nevertreated,pc_score,collaboration_pc_score,high,github_outcomes,pull_request_merged,TRUE,sa,-12,0.375725758136266,0.514721547093875,-0.633128474167728,1.38457999044026
opened_cohort,important_degree_top3,rolling5,exact2,nevertreated,pc_score,collaboration_pc_score,high,github_outcomes,pull_request_merged,TRUE,sa,-11,0.230713840387146,0.467089646683314,-0.684781867112149,1.14620954788644
opened_cohort,important_degree_top3,rolling5,exact2,nevertreated,pc_score,collaboration_pc_score,high,github_outcomes,pull_request_merged,TRUE,sa,-10,1.58838613628575,1.010438795673,-0.392073903233337,3.56884617580483
opened_cohort,important_degree_top3,rolling5,exact2,nevertreated,pc_score,collaboration_pc_score,high,github_outcomes,pull_request_merged,TRUE,sa,-9,0.90587765886384,0.920428289210415,-0.898161787988573,2.70991710571625
opened_cohort,important_degree_top3,rolling5,exact2,nevertreated,pc_score,collaboration_pc_score,high,github_outcomes,pull_request_merged,TRUE,sa,-8,0.519348881747483,0.413011581864062,-0.290153818706078,1.32885158220104
opened_cohort,important_degree_top3,rolling5,exact2,nevertreated,pc_score,collaboration_pc_score,high,github_outcomes,pull_request_merged,TRUE,sa,-7,0.217929210268871,0.313701207201653,-0.39692515584637,0.832783576384111
opened_cohort,important_degree_top3,rolling5,exact2,nevertreated,pc_score,collaboration_pc_score,high,github_outcomes,pull_request_merged,TRUE,sa,-6,-0.0394971937476299,0.246570105780581,-0.522774601077568,0.443780213582308
opened_cohort,important_degree_top3,rolling5,exact2,nevertreated,pc_score,collaboration_pc_score,high,github_outcomes,pull_request_merged,TRUE,sa,-5,0.186784758816224,0.212606114311127,-0.229923225233586,0.603492742866034
opened_cohort,important_degree_top3,rolling5,exact2,nevertreated,pc_score,collaboration_pc_score,high,github_outcomes,pull_request_merged,TRUE,sa,-4,0.296164581845202,0.159394865516902,-0.0162493545679268,0.60857851825833
opened_cohort,important_degree_top3,rolling5,exact2,nevertreated,pc_score,collaboration_pc_score,high,github_outcomes,pull_request_merged,TRUE,sa,-3,0.00443869860802731,0.14522198557002,-0.280196393109212,0.289073790325267
opened_cohort,important_degree_top3,rolling5,exact2,nevertreated,pc_score,collaboration_pc_score,high,github_outcomes,pull_request_merged,TRUE,sa,-2,0.483076016911558,0.132977625319793,0.222439871284764,0.743712162538351
opened_cohort,important_degree_top3,rolling5,exact2,nevertreated,pc_score,collaboration_pc_score,high,github_outcomes,pull_request_merged,TRUE,sa,-1,0,0,0,0
opened_cohort,important_degree_top3,rolling5,exact2,nevertreated,pc_score,collaboration_pc_score,high,github_outcomes,pull_request_merged,TRUE,sa,0,0.151442234269234,0.148244596197503,-0.139117174277872,0.442001642816339
opened_cohort,important_degree_top3,rolling5,exact2,nevertreated,pc_score,collaboration_pc_score,high,github_outcomes,pull_request_merged,TRUE,sa,1,-0.30785869553288,0.166487380799006,-0.634173961898933,0.0184565708331723
opened_cohort,important_degree_top3,rolling5,exact2,nevertreated,pc_score,collaboration_pc_score,high,github_outcomes,pull_request_merged,TRUE,sa,2,-0.164000346416369,0.327122184279262,-0.805159827603722,0.477159134770984
opened_cohort,important_degree_top3,rolling5,exact2,nevertreated,pc_score,collaboration_pc_score,high,github_outcomes,pull_request_merged,TRUE,sa,3,-0.490641544724828,0.348492728251335,-1.17368729209744,0.192404202647789
opened_cohort,important_degree_top3,rolling5,exact2,nevertreated,pc_score,collaboration_pc_score,high,github_outcomes,pull_request_merged,TRUE,sa,4,-0.353073861174525,0.449022481676968,-1.23315792526138,0.527010202912332
opened_cohort,important_degree_top3,rolling5,exact2,nevertreated,pc_score,collaboration_pc_score,high,github_outcomes,pull_request_merged,TRUE,sa,5,-0.569930966320737,0.488920834944999,-1.52821580281293,0.38835387017146
opened_cohort,important_degree_top3,rolling5,exact2,nevertreated,pc_score,collaboration_pc_score,high,github_outcomes,pull_request_merged,TRUE,sa,6,-0.807466506623528,0.612123801354816,-2.00722915727897,0.392296144031911
opened_cohort,important_degree_top3,rolling5,exact2,nevertreated,pc_score,collaboration_pc_score,high,github_outcomes,pull_request_merged,TRUE,sa,7,-0.483305226047686,0.698064172083643,-1.85151100333163,0.884900551236254
opened_cohort,important_degree_top3,rolling5,exact2,nevertreated,pc_score,collaboration_pc_score,high,github_outcomes,pull_request_merged,TRUE,sa,8,-0.561921594725267,0.729103989974829,-1.99096541507593,0.867122225625398
opened_cohort,important_degree_top3,rolling5,exact2,nevertreated,pc_score,collaboration_pc_score,high,github_outcomes,pull_request_merged,TRUE,sa,9,-0.554633568715396,0.774875610270216,-2.07338976484502,0.964122627414227
opened_cohort,important_degree_top3,rolling5,exact2,nevertreated,pc_score,collaboration_pc_score,high,github_outcomes,pull_request_merged,TRUE,sa,10,-0.652979664638685,0.685032222984628,-1.99564282168856,0.689683492411185
opened_cohort,important_degree_top3,rolling5,exact2,nevertreated,pc_score,collaboration_pc_score,high,github_outcomes,pull_request_merged,TRUE,sa,11,-1.1874404966804,0.69784204404584,-2.55521090301024,0.180329909649448
opened_cohort,important_degree_top3,rolling5,exact2,nevertreated,pc_score,knowledge_level_pc_score,low,github_outcomes,pull_request_merged,TRUE,sa,-15,1.09867037922381,0.423579312266612,0.268454927181247,1.92888583126637
opened_cohort,important_degree_top3,rolling5,exact2,nevertreated,pc_score,knowledge_level_pc_score,low,github_outcomes,pull_request_merged,TRUE,sa,-14,0.073338832452143,0.414250848842853,-0.738592831279849,0.885270496184135
opened_cohort,important_degree_top3,rolling5,exact2,nevertreated,pc_score,knowledge_level_pc_score,low,github_outcomes,pull_request_merged,TRUE,sa,-13,0.0362329614292575,0.535056568237085,-1.01247791231543,1.08494383517394
opened_cohort,important_degree_top3,rolling5,exact2,nevertreated,pc_score,knowledge_level_pc_score,low,github_outcomes,pull_request_merged,TRUE,sa,-12,-0.424697668656198,0.436161148877476,-1.27957352045605,0.430178183143655
opened_cohort,important_degree_top3,rolling5,exact2,nevertreated,pc_score,knowledge_level_pc_score,low,github_outcomes,pull_request_merged,TRUE,sa,-11,0.281922957884062,0.539169428146898,-0.774849121283859,1.33869503705198
opened_cohort,important_degree_top3,rolling5,exact2,nevertreated,pc_score,knowledge_level_pc_score,low,github_outcomes,pull_request_merged,TRUE,sa,-10,-0.0377809914630072,0.365010344513582,-0.753201266709627,0.677639283783613
opened_cohort,important_degree_top3,rolling5,exact2,nevertreated,pc_score,knowledge_level_pc_score,low,github_outcomes,pull_request_merged,TRUE,sa,-9,0.065446422292933,0.354261127744177,-0.628905388085653,0.759798232671519
opened_cohort,important_degree_top3,rolling5,exact2,nevertreated,pc_score,knowledge_level_pc_score,low,github_outcomes,pull_request_merged,TRUE,sa,-8,0.253810976642548,0.377377826206175,-0.485849562721556,0.993471516006652
opened_cohort,important_degree_top3,rolling5,exact2,nevertreated,pc_score,knowledge_level_pc_score,low,github_outcomes,pull_request_merged,TRUE,sa,-7,0.0325633128175965,0.236718896684267,-0.431405724683568,0.496532350318761
opened_cohort,important_degree_top3,rolling5,exact2,nevertreated,pc_score,knowledge_level_pc_score,low,github_outcomes,pull_request_merged,TRUE,sa,-6,-0.023847908327099,0.188637369343557,-0.393577152240471,0.345881335586273
opened_cohort,important_degree_top3,rolling5,exact2,nevertreated,pc_score,knowledge_level_pc_score,low,github_outcomes,pull_request_merged,TRUE,sa,-5,-0.0620441374563405,0.144841640833495,-0.345933753489991,0.22184547857731
opened_cohort,important_degree_top3,rolling5,exact2,nevertreated,pc_score,knowledge_level_pc_score,low,github_outcomes,pull_request_merged,TRUE,sa,-4,-0.115766869085292,0.130363061916983,-0.371278470442578,0.139744732271994
opened_cohort,important_degree_top3,rolling5,exact2,nevertreated,pc_score,knowledge_level_pc_score,low,github_outcomes,pull_request_merged,TRUE,sa,-3,-0.167113451964327,0.112657784077916,-0.387922708757043,0.0536958048283879
opened_cohort,important_degree_top3,rolling5,exact2,nevertreated,pc_score,knowledge_level_pc_score,low,github_outcomes,pull_request_merged,TRUE,sa,-2,0.264680578934713,0.102581756922263,0.0636203353670784,0.465740822502348
opened_cohort,important_degree_top3,rolling5,exact2,nevertreated,pc_score,knowledge_level_pc_score,low,github_outcomes,pull_request_merged,TRUE,sa,-1,0,0,0,0
opened_cohort,important_degree_top3,rolling5,exact2,nevertreated,pc_score,knowledge_level_pc_score,low,github_outcomes,pull_request_merged,TRUE,sa,0,0.0423711515703206,0.208672085489319,-0.366626135988744,0.451368439129385
opened_cohort,important_degree_top3,rolling5,exact2,nevertreated,pc_score,knowledge_level_pc_score,low,github_outcomes,pull_request_merged,TRUE,sa,1,-0.527120764765068,0.152301293894576,-0.825631300798437,-0.2286102287317
opened_cohort,important_degree_top3,rolling5,exact2,nevertreated,pc_score,knowledge_level_pc_score,low,github_outcomes,pull_request_merged,TRUE,sa,2,-0.456741820297547,0.16928836820298,-0.788547021975388,-0.124936618619705
opened_cohort,important_degree_top3,rolling5,exact2,nevertreated,pc_score,knowledge_level_pc_score,low,github_outcomes,pull_request_merged,TRUE,sa,3,-0.565019052576977,0.230024668633101,-1.01586740309786,-0.114170702056098
opened_cohort,important_degree_top3,rolling5,exact2,nevertreated,pc_score,knowledge_level_pc_score,low,github_outcomes,pull_request_merged,TRUE,sa,4,-0.506253033470749,0.195783290104674,-0.889988282075911,-0.122517784865587
opened_cohort,important_degree_top3,rolling5,exact2,nevertreated,pc_score,knowledge_level_pc_score,low,github_outcomes,pull_request_merged,TRUE,sa,5,-0.575185533681208,0.174131895380347,-0.916484048626688,-0.233887018735727
opened_cohort,important_degree_top3,rolling5,exact2,nevertreated,pc_score,knowledge_level_pc_score,low,github_outcomes,pull_request_merged,TRUE,sa,6,-0.590881634667538,0.196734941864442,-0.976482120721845,-0.205281148613232
opened_cohort,important_degree_top3,rolling5,exact2,nevertreated,pc_score,knowledge_level_pc_score,low,github_outcomes,pull_request_merged,TRUE,sa,7,-0.563318607683797,0.20058676623252,-0.956468669499537,-0.170168545868057
opened_cohort,important_degree_top3,rolling5,exact2,nevertreated,pc_score,knowledge_level_pc_score,low,github_outcomes,pull_request_merged,TRUE,sa,8,-0.44753555513615,0.21112465534449,-0.86133987961135,-0.0337312306609497
opened_cohort,important_degree_top3,rolling5,exact2,nevertreated,pc_score,knowledge_level_pc_score,low,github_outcomes,pull_request_merged,TRUE,sa,9,-0.526384894512853,0.245843711962761,-1.00823856995987,-0.0445312190658407
opened_cohort,important_degree_top3,rolling5,exact2,nevertreated,pc_score,knowledge_level_pc_score,low,github_outcomes,pull_request_merged,TRUE,sa,10,-0.435608489506691,0.282009948882428,-0.988347989316249,0.117131010302868
opened_cohort,important_degree_top3,rolling5,exact2,nevertreated,pc_score,knowledge_level_pc_score,low,github_outcomes,pull_request_merged,TRUE,sa,11,-0.441711405074556,0.438611354791666,-1.30138966046622,0.41796685031711
opened_cohort,important_degree_top3,rolling5,exact2,nevertreated,pc_score,knowledge_level_pc_score,high,github_outcomes,pull_request_merged,TRUE,sa,-15,-0.0326645709484899,0.666470478061742,-1.3389467079495,1.27361756605252
opened_cohort,important_degree_top3,rolling5,exact2,nevertreated,pc_score,knowledge_level_pc_score,high,github_outcomes,pull_request_merged,TRUE,sa,-14,-0.0832898992949543,0.674971471066758,-1.4062339825858,1.23965418399589
opened_cohort,important_degree_top3,rolling5,exact2,nevertreated,pc_score,knowledge_level_pc_score,high,github_outcomes,pull_request_merged,TRUE,sa,-13,0.644556687400309,0.660403214851974,-0.649833613709561,1.93894698851018
opened_cohort,important_degree_top3,rolling5,exact2,nevertreated,pc_score,knowledge_level_pc_score,high,github_outcomes,pull_request_merged,TRUE,sa,-12,0.703256678395752,0.589085009345182,-0.451349939920806,1.85786329671231
opened_cohort,important_degree_top3,rolling5,exact2,nevertreated,pc_score,knowledge_level_pc_score,high,github_outcomes,pull_request_merged,TRUE,sa,-11,0.233759712329451,0.496258903012212,-0.738907737574485,1.20642716223339
opened_cohort,important_degree_top3,rolling5,exact2,nevertreated,pc_score,knowledge_level_pc_score,high,github_outcomes,pull_request_merged,TRUE,sa,-10,1.19744850494874,0.817761746134069,-0.405364517474033,2.80026152737152
opened_cohort,important_degree_top3,rolling5,exact2,nevertreated,pc_score,knowledge_level_pc_score,high,github_outcomes,pull_request_merged,TRUE,sa,-9,0.926906810040843,0.782332991218118,-0.606465852746669,2.46027947282835
opened_cohort,important_degree_top3,rolling5,exact2,nevertreated,pc_score,knowledge_level_pc_score,high,github_outcomes,pull_request_merged,TRUE,sa,-8,0.604384703675973,0.537126156187653,-0.448382562451826,1.65715196980377
opened_cohort,important_degree_top3,rolling5,exact2,nevertreated,pc_score,knowledge_level_pc_score,high,github_outcomes,pull_request_merged,TRUE,sa,-7,0.620187525025987,0.503102428850679,-0.365893235521345,1.60626828557332
opened_cohort,important_degree_top3,rolling5,exact2,nevertreated,pc_score,knowledge_level_pc_score,high,github_outcomes,pull_request_merged,TRUE,sa,-6,0.449227541323308,0.431108848520179,-0.395745801776243,1.29420088442286
opened_cohort,important_degree_top3,rolling5,exact2,nevertreated,pc_score,knowledge_level_pc_score,high,github_outcomes,pull_request_merged,TRUE,sa,-5,0.422293576636359,0.318004075715436,-0.200994411765896,1.04558156503861
opened_cohort,important_degree_top3,rolling5,exact2,nevertreated,pc_score,knowledge_level_pc_score,high,github_outcomes,pull_request_merged,TRUE,sa,-4,0.323816091248731,0.222138530686419,-0.11157542889665,0.759207611394113
opened_cohort,important_degree_top3,rolling5,exact2,nevertreated,pc_score,knowledge_level_pc_score,high,github_outcomes,pull_request_merged,TRUE,sa,-3,0.280164203334604,0.18315152542881,-0.0788127865058644,0.639141193175072
opened_cohort,important_degree_top3,rolling5,exact2,nevertreated,pc_score,knowledge_level_pc_score,high,github_outcomes,pull_request_merged,TRUE,sa,-2,0.435553421065033,0.167119336061702,0.107999522384096,0.763107319745969
opened_cohort,important_degree_top3,rolling5,exact2,nevertreated,pc_score,knowledge_level_pc_score,high,github_outcomes,pull_request_merged,TRUE,sa,-1,0,0,0,0
opened_cohort,important_degree_top3,rolling5,exact2,nevertreated,pc_score,knowledge_level_pc_score,high,github_outcomes,pull_request_merged,TRUE,sa,0,-0.0229696814814671,0.254098015192513,-0.521001791258793,0.475062428295859
opened_cohort,important_degree_top3,rolling5,exact2,nevertreated,pc_score,knowledge_level_pc_score,high,github_outcomes,pull_request_merged,TRUE,sa,1,-0.666603454410538,0.469893293391141,-1.58759430945717,0.254387400636098
opened_cohort,important_degree_top3,rolling5,exact2,nevertreated,pc_score,knowledge_level_pc_score,high,github_outcomes,pull_request_merged,TRUE,sa,2,-0.877192429599211,0.704113564514604,-2.25725501604784,0.502870156849414
opened_cohort,important_degree_top3,rolling5,exact2,nevertreated,pc_score,knowledge_level_pc_score,high,github_outcomes,pull_request_merged,TRUE,sa,3,-1.12132726558526,0.954803236051805,-2.9927416082468,0.750087077076273
opened_cohort,important_degree_top3,rolling5,exact2,nevertreated,pc_score,knowledge_level_pc_score,high,github_outcomes,pull_request_merged,TRUE,sa,4,-1.61366054182566,1.49836861403335,-4.55046302533102,1.32314194167971
opened_cohort,important_degree_top3,rolling5,exact2,nevertreated,pc_score,knowledge_level_pc_score,high,github_outcomes,pull_request_merged,TRUE,sa,5,-2.01276129895502,1.7282137813283,-5.40006031035848,1.37453771244844
opened_cohort,important_degree_top3,rolling5,exact2,nevertreated,pc_score,knowledge_level_pc_score,high,github_outcomes,pull_request_merged,TRUE,sa,6,-2.07407995868006,1.88842562269485,-5.77539417916197,1.62723426180185
opened_cohort,important_degree_top3,rolling5,exact2,nevertreated,pc_score,knowledge_level_pc_score,high,github_outcomes,pull_request_merged,TRUE,sa,7,-2.36143229156779,2.18116767921141,-6.63652094282216,1.91365635968657
opened_cohort,important_degree_top3,rolling5,exact2,nevertreated,pc_score,knowledge_level_pc_score,high,github_outcomes,pull_request_merged,TRUE,sa,8,-2.58608926929247,2.27494496006332,-7.04498139101657,1.87280285243163
opened_cohort,important_degree_top3,rolling5,exact2,nevertreated,pc_score,knowledge_level_pc_score,high,github_outcomes,pull_request_merged,TRUE,sa,9,-2.82631151898342,2.50862176789581,-7.74321018405919,2.09058714609236
opened_cohort,important_degree_top3,rolling5,exact2,nevertreated,pc_score,knowledge_level_pc_score,high,github_outcomes,pull_request_merged,TRUE,sa,10,-3.08405401699407,2.65777391553402,-8.29329089144075,2.12518285745261
opened_cohort,important_degree_top3,rolling5,exact2,nevertreated,pc_score,knowledge_level_pc_score,high,github_outcomes,pull_request_merged,TRUE,sa,11,-3.16466760993434,2.40314018485166,-7.87482237224359,1.54548715237492
opened_cohort,important_degree_top3,rolling5,exact2,nevertreated,pc_score,discussion_quality_pc_score,low,github_outcomes,pull_request_merged,TRUE,sa,-15,0.786534895949257,1.06828456312483,-1.30730284777541,2.88037263967393
opened_cohort,important_degree_top3,rolling5,exact2,nevertreated,pc_score,discussion_quality_pc_score,low,github_outcomes,pull_request_merged,TRUE,sa,-14,-0.251167347188035,0.902828536758204,-2.02071127923412,1.51837658485805
opened_cohort,important_degree_top3,rolling5,exact2,nevertreated,pc_score,discussion_quality_pc_score,low,github_outcomes,pull_request_merged,TRUE,sa,-13,0.804833175369309,0.536070771617244,-0.245865537000489,1.85553188773911
opened_cohort,important_degree_top3,rolling5,exact2,nevertreated,pc_score,discussion_quality_pc_score,low,github_outcomes,pull_request_merged,TRUE,sa,-12,1.01224130574724,0.768049399863069,-0.493135517984371,2.51761812947886
opened_cohort,important_degree_top3,rolling5,exact2,nevertreated,pc_score,discussion_quality_pc_score,low,github_outcomes,pull_request_merged,TRUE,sa,-11,-0.184954987894057,0.423891171406601,-1.015781683851,0.645871708062882
opened_cohort,important_degree_top3,rolling5,exact2,nevertreated,pc_score,discussion_quality_pc_score,low,github_outcomes,pull_request_merged,TRUE,sa,-10,1.04857975065036,0.978764049667676,-0.869797786698287,2.966957287999
opened_cohort,important_degree_top3,rolling5,exact2,nevertreated,pc_score,discussion_quality_pc_score,low,github_outcomes,pull_request_merged,TRUE,sa,-9,1.32882189851956,0.893277398907646,-0.422001803339424,3.07964560037855
opened_cohort,important_degree_top3,rolling5,exact2,nevertreated,pc_score,discussion_quality_pc_score,low,github_outcomes,pull_request_merged,TRUE,sa,-8,0.714635776270846,0.576178766551869,-0.414674606170817,1.84394615871251
opened_cohort,important_degree_top3,rolling5,exact2,nevertreated,pc_score,discussion_quality_pc_score,low,github_outcomes,pull_request_merged,TRUE,sa,-7,0.663595104113187,0.523294408932451,-0.362061937394417,1.68925214562079
opened_cohort,important_degree_top3,rolling5,exact2,nevertreated,pc_score,discussion_quality_pc_score,low,github_outcomes,pull_request_merged,TRUE,sa,-6,0.470369312815729,0.499900160449933,-0.509435001666139,1.4501736272976
opened_cohort,important_degree_top3,rolling5,exact2,nevertreated,pc_score,discussion_quality_pc_score,low,github_outcomes,pull_request_merged,TRUE,sa,-5,0.362383042536065,0.343634985856078,-0.311141529741847,1.03590761481398
opened_cohort,important_degree_top3,rolling5,exact2,nevertreated,pc_score,discussion_quality_pc_score,low,github_outcomes,pull_request_merged,TRUE,sa,-4,0.0777692902509709,0.241571120837306,-0.395710106590149,0.55124868709209
opened_cohort,important_degree_top3,rolling5,exact2,nevertreated,pc_score,discussion_quality_pc_score,low,github_outcomes,pull_request_merged,TRUE,sa,-3,0.023071097194338,0.173162829570289,-0.316328048763429,0.362470243152105
opened_cohort,important_degree_top3,rolling5,exact2,nevertreated,pc_score,discussion_quality_pc_score,low,github_outcomes,pull_request_merged,TRUE,sa,-2,0.412219615104113,0.125613916584974,0.166016338597564,0.658422891610663
opened_cohort,important_degree_top3,rolling5,exact2,nevertreated,pc_score,discussion_quality_pc_score,low,github_outcomes,pull_request_merged,TRUE,sa,-1,0,0,0,0
opened_cohort,important_degree_top3,rolling5,exact2,nevertreated,pc_score,discussion_quality_pc_score,low,github_outcomes,pull_request_merged,TRUE,sa,0,-0.17728795870691,0.264839352755311,-0.69637309010732,0.341797172693499
opened_cohort,important_degree_top3,rolling5,exact2,nevertreated,pc_score,discussion_quality_pc_score,low,github_outcomes,pull_request_merged,TRUE,sa,1,-0.783888362850038,0.445784237286921,-1.6576254679324,0.0898487422323265
opened_cohort,important_degree_top3,rolling5,exact2,nevertreated,pc_score,discussion_quality_pc_score,low,github_outcomes,pull_request_merged,TRUE,sa,2,-1.03312169995652,0.630847809065933,-2.26958340572575,0.203340005812708
opened_cohort,important_degree_top3,rolling5,exact2,nevertreated,pc_score,discussion_quality_pc_score,low,github_outcomes,pull_request_merged,TRUE,sa,3,-1.28058875997245,0.891753130808408,-3.02842489635693,0.467247376412026
opened_cohort,important_degree_top3,rolling5,exact2,nevertreated,pc_score,discussion_quality_pc_score,low,github_outcomes,pull_request_merged,TRUE,sa,4,-1.70808333634882,1.42783201387156,-4.50663408353707,1.09046741083943
opened_cohort,important_degree_top3,rolling5,exact2,nevertreated,pc_score,discussion_quality_pc_score,low,github_outcomes,pull_request_merged,TRUE,sa,5,-2.08042238209684,1.73230645243839,-5.47574302887608,1.31489826468239
opened_cohort,important_degree_top3,rolling5,exact2,nevertreated,pc_score,discussion_quality_pc_score,low,github_outcomes,pull_request_merged,TRUE,sa,6,-2.15625935942266,1.78489589960471,-5.65465532264788,1.34213660380257
opened_cohort,important_degree_top3,rolling5,exact2,nevertreated,pc_score,discussion_quality_pc_score,low,github_outcomes,pull_request_merged,TRUE,sa,7,-2.34676944086707,2.27150235067559,-6.79891404819122,2.10537516645708
opened_cohort,important_degree_top3,rolling5,exact2,nevertreated,pc_score,discussion_quality_pc_score,low,github_outcomes,pull_request_merged,TRUE,sa,8,-2.45756318295885,2.29062962045465,-6.94719723904996,2.03207087313226
opened_cohort,important_degree_top3,rolling5,exact2,nevertreated,pc_score,discussion_quality_pc_score,low,github_outcomes,pull_request_merged,TRUE,sa,9,-2.50980460443015,2.49289988783675,-7.39588838459018,2.37627917572988
opened_cohort,important_degree_top3,rolling5,exact2,nevertreated,pc_score,discussion_quality_pc_score,low,github_outcomes,pull_request_merged,TRUE,sa,10,-2.74756919427803,2.90377828391983,-8.43897463076089,2.94383624220483
opened_cohort,important_degree_top3,rolling5,exact2,nevertreated,pc_score,discussion_quality_pc_score,low,github_outcomes,pull_request_merged,TRUE,sa,11,-2.21546575001274,2.54835057918818,-7.21023288522158,2.7793013851961
opened_cohort,important_degree_top3,rolling5,exact2,nevertreated,pc_score,discussion_quality_pc_score,high,github_outcomes,pull_request_merged,TRUE,sa,-15,0.0454360058328192,0.589766420245415,-1.11050617784819,1.20137818951383
opened_cohort,important_degree_top3,rolling5,exact2,nevertreated,pc_score,discussion_quality_pc_score,high,github_outcomes,pull_request_merged,TRUE,sa,-14,0.168570226265702,0.637797837028912,-1.08151353431097,1.41865398684237
opened_cohort,important_degree_top3,rolling5,exact2,nevertreated,pc_score,discussion_quality_pc_score,high,github_outcomes,pull_request_merged,TRUE,sa,-13,0.539903645292148,0.532922328177732,-0.504624117936206,1.5844314085205
opened_cohort,important_degree_top3,rolling5,exact2,nevertreated,pc_score,discussion_quality_pc_score,high,github_outcomes,pull_request_merged,TRUE,sa,-12,0.053320706291515,0.506140675130702,-0.938715016964661,1.04535642954769
opened_cohort,important_degree_top3,rolling5,exact2,nevertreated,pc_score,discussion_quality_pc_score,high,github_outcomes,pull_request_merged,TRUE,sa,-11,0.640552710069745,0.541839106736844,-0.421451939134469,1.70255735927396
opened_cohort,important_degree_top3,rolling5,exact2,nevertreated,pc_score,discussion_quality_pc_score,high,github_outcomes,pull_request_merged,TRUE,sa,-10,0.467738952164923,0.472213304111186,-0.457799123893002,1.39327702822285
opened_cohort,important_degree_top3,rolling5,exact2,nevertreated,pc_score,discussion_quality_pc_score,high,github_outcomes,pull_request_merged,TRUE,sa,-9,-0.102838008927656,0.404745000372333,-0.896138209657428,0.690462191802116
opened_cohort,important_degree_top3,rolling5,exact2,nevertreated,pc_score,discussion_quality_pc_score,high,github_outcomes,pull_request_merged,TRUE,sa,-8,0.213418913170288,0.404842837339931,-0.580073048015976,1.00691087435655
opened_cohort,important_degree_top3,rolling5,exact2,nevertreated,pc_score,discussion_quality_pc_score,high,github_outcomes,pull_request_merged,TRUE,sa,-7,0.0539275300447399,0.340343135162161,-0.613145014873096,0.721000074962576
opened_cohort,important_degree_top3,rolling5,exact2,nevertreated,pc_score,discussion_quality_pc_score,high,github_outcomes,pull_request_merged,TRUE,sa,-6,0.00471168458482901,0.281340905574916,-0.546716490342007,0.556139859511665
opened_cohort,important_degree_top3,rolling5,exact2,nevertreated,pc_score,discussion_quality_pc_score,high,github_outcomes,pull_request_merged,TRUE,sa,-5,0.0177621707257597,0.217892905571226,-0.409307924193843,0.444832265645363
opened_cohort,important_degree_top3,rolling5,exact2,nevertreated,pc_score,discussion_quality_pc_score,high,github_outcomes,pull_request_merged,TRUE,sa,-4,0.171629005963416,0.162630923249388,-0.147127603605385,0.490385615532217
opened_cohort,important_degree_top3,rolling5,exact2,nevertreated,pc_score,discussion_quality_pc_score,high,github_outcomes,pull_request_merged,TRUE,sa,-3,0.0721892308464247,0.142382372286633,-0.206880218835376,0.351258680528225
opened_cohort,important_degree_top3,rolling5,exact2,nevertreated,pc_score,discussion_quality_pc_score,high,github_outcomes,pull_request_merged,TRUE,sa,-2,0.265917187870115,0.139365388549658,-0.00723897368721588,0.539073349427445
opened_cohort,important_degree_top3,rolling5,exact2,nevertreated,pc_score,discussion_quality_pc_score,high,github_outcomes,pull_request_merged,TRUE,sa,-1,0,0,0,0
opened_cohort,important_degree_top3,rolling5,exact2,nevertreated,pc_score,discussion_quality_pc_score,high,github_outcomes,pull_request_merged,TRUE,sa,0,0.218058994378211,0.177278595183924,-0.129407052182281,0.565525040938702
opened_cohort,important_degree_top3,rolling5,exact2,nevertreated,pc_score,discussion_quality_pc_score,high,github_outcomes,pull_request_merged,TRUE,sa,1,-0.428508967595436,0.221554653209437,-0.862756087885933,0.00573815269506089
opened_cohort,important_degree_top3,rolling5,exact2,nevertreated,pc_score,discussion_quality_pc_score,high,github_outcomes,pull_request_merged,TRUE,sa,2,-0.310551605556845,0.366415789434694,-1.02872655284885,0.407623341735154
opened_cohort,important_degree_top3,rolling5,exact2,nevertreated,pc_score,discussion_quality_pc_score,high,github_outcomes,pull_request_merged,TRUE,sa,3,-0.425346483787951,0.498530198816719,-1.40246567346872,0.551772705892818
opened_cohort,important_degree_top3,rolling5,exact2,nevertreated,pc_score,discussion_quality_pc_score,high,github_outcomes,pull_request_merged,TRUE,sa,4,-0.427157557253532,0.619675198355803,-1.64172094603091,0.787405831523843
opened_cohort,important_degree_top3,rolling5,exact2,nevertreated,pc_score,discussion_quality_pc_score,high,github_outcomes,pull_request_merged,TRUE,sa,5,-0.60326893348241,0.630938488727808,-1.83990837138891,0.633370504424093
opened_cohort,important_degree_top3,rolling5,exact2,nevertreated,pc_score,discussion_quality_pc_score,high,github_outcomes,pull_request_merged,TRUE,sa,6,-0.536617312919142,0.818635272179119,-2.14114244639022,1.06790782055193
opened_cohort,important_degree_top3,rolling5,exact2,nevertreated,pc_score,discussion_quality_pc_score,high,github_outcomes,pull_request_merged,TRUE,sa,7,-0.847564007897293,0.793560905231183,-2.40294338215041,0.707815366355825
opened_cohort,important_degree_top3,rolling5,exact2,nevertreated,pc_score,discussion_quality_pc_score,high,github_outcomes,pull_request_merged,TRUE,sa,8,-0.799773760873391,0.839044539384793,-2.44430105806759,0.844753536320804
opened_cohort,important_degree_top3,rolling5,exact2,nevertreated,pc_score,discussion_quality_pc_score,high,github_outcomes,pull_request_merged,TRUE,sa,9,-1.03536868051523,0.859947070706771,-2.7208649391005,0.650127578070042
opened_cohort,important_degree_top3,rolling5,exact2,nevertreated,pc_score,discussion_quality_pc_score,high,github_outcomes,pull_request_merged,TRUE,sa,10,-1.31926196105516,0.775408026953385,-2.8390616938838,0.200537771773469
opened_cohort,important_degree_top3,rolling5,exact2,nevertreated,pc_score,discussion_quality_pc_score,high,github_outcomes,pull_request_merged,TRUE,sa,11,-2.26029978854914,0.787594504526081,-3.80398501742025,-0.716614559678016
opened_cohort,important_degree_top3,rolling5,exact2,nevertreated,pc_score,investment_in_new_talent_pc_score,low,github_outcomes,pull_request_merged,TRUE,sa,-15,0.659633401417704,0.723837523625612,-0.759088144888495,2.0783549477239
opened_cohort,important_degree_top3,rolling5,exact2,nevertreated,pc_score,investment_in_new_talent_pc_score,low,github_outcomes,pull_request_merged,TRUE,sa,-14,0.257183024154825,0.682675852260302,-1.08086164627537,1.59522769458502
opened_cohort,important_degree_top3,rolling5,exact2,nevertreated,pc_score,investment_in_new_talent_pc_score,low,github_outcomes,pull_request_merged,TRUE,sa,-13,1.36455476411878,0.759483968039827,-0.124033813239283,2.85314334147684
opened_cohort,important_degree_top3,rolling5,exact2,nevertreated,pc_score,investment_in_new_talent_pc_score,low,github_outcomes,pull_request_merged,TRUE,sa,-12,1.38400596956064,0.593217087348976,0.221300478356643,2.54671146076463
opened_cohort,important_degree_top3,rolling5,exact2,nevertreated,pc_score,investment_in_new_talent_pc_score,low,github_outcomes,pull_request_merged,TRUE,sa,-11,0.904592146429017,0.482389162049226,-0.040890611187465,1.8500749040455
opened_cohort,important_degree_top3,rolling5,exact2,nevertreated,pc_score,investment_in_new_talent_pc_score,low,github_outcomes,pull_request_merged,TRUE,sa,-10,1.68386434791523,0.833687637948817,0.0498365775355467,3.31789211829491
opened_cohort,important_degree_top3,rolling5,exact2,nevertreated,pc_score,investment_in_new_talent_pc_score,low,github_outcomes,pull_request_merged,TRUE,sa,-9,1.58159799159452,0.798888368404722,0.0157767895212622,3.14741919366777
opened_cohort,important_degree_top3,rolling5,exact2,nevertreated,pc_score,investment_in_new_talent_pc_score,low,github_outcomes,pull_request_merged,TRUE,sa,-8,1.07018417107907,0.607730721877288,-0.120968043800417,2.26133638595855
opened_cohort,important_degree_top3,rolling5,exact2,nevertreated,pc_score,investment_in_new_talent_pc_score,low,github_outcomes,pull_request_merged,TRUE,sa,-7,0.864109033469594,0.580447686470748,-0.273568432013071,2.00178649895226
opened_cohort,important_degree_top3,rolling5,exact2,nevertreated,pc_score,investment_in_new_talent_pc_score,low,github_outcomes,pull_request_merged,TRUE,sa,-6,0.642446922809649,0.539613235573281,-0.415195018913983,1.70008886453328
opened_cohort,important_degree_top3,rolling5,exact2,nevertreated,pc_score,investment_in_new_talent_pc_score,low,github_outcomes,pull_request_merged,TRUE,sa,-5,0.528542050197286,0.395287911163323,-0.246222255682826,1.3033063560774
opened_cohort,important_degree_top3,rolling5,exact2,nevertreated,pc_score,investment_in_new_talent_pc_score,low,github_outcomes,pull_request_merged,TRUE,sa,-4,0.240406868165725,0.268109517215829,-0.2850877855773,0.76590152190875
opened_cohort,important_degree_top3,rolling5,exact2,nevertreated,pc_score,investment_in_new_talent_pc_score,low,github_outcomes,pull_request_merged,TRUE,sa,-3,0.0269442871370302,0.190015483007993,-0.345486059558637,0.399374633832697
opened_cohort,important_degree_top3,rolling5,exact2,nevertreated,pc_score,investment_in_new_talent_pc_score,low,github_outcomes,pull_request_merged,TRUE,sa,-2,0.420676107212256,0.153249386064427,0.120307310525979,0.721044903898532
opened_cohort,important_degree_top3,rolling5,exact2,nevertreated,pc_score,investment_in_new_talent_pc_score,low,github_outcomes,pull_request_merged,TRUE,sa,-1,0,0,0,0
opened_cohort,important_degree_top3,rolling5,exact2,nevertreated,pc_score,investment_in_new_talent_pc_score,low,github_outcomes,pull_request_merged,TRUE,sa,0,-0.0292693626059094,0.264230808756323,-0.547161747768302,0.488623022556483
opened_cohort,important_degree_top3,rolling5,exact2,nevertreated,pc_score,investment_in_new_talent_pc_score,low,github_outcomes,pull_request_merged,TRUE,sa,1,-0.794258274275806,0.427503762620089,-1.63216564901118,0.0436491004595677
opened_cohort,important_degree_top3,rolling5,exact2,nevertreated,pc_score,investment_in_new_talent_pc_score,low,github_outcomes,pull_request_merged,TRUE,sa,2,-0.854848806870783,0.639548602761101,-2.10836406828254,0.398666454540976
opened_cohort,important_degree_top3,rolling5,exact2,nevertreated,pc_score,investment_in_new_talent_pc_score,low,github_outcomes,pull_request_merged,TRUE,sa,3,-1.22920113633569,0.955578831923698,-3.10213564690613,0.643733374234762
opened_cohort,important_degree_top3,rolling5,exact2,nevertreated,pc_score,investment_in_new_talent_pc_score,low,github_outcomes,pull_request_merged,TRUE,sa,4,-1.50158813462723,1.51805240743648,-4.47697085320274,1.47379458394828
opened_cohort,important_degree_top3,rolling5,exact2,nevertreated,pc_score,investment_in_new_talent_pc_score,low,github_outcomes,pull_request_merged,TRUE,sa,5,-1.90333426195459,1.83116547405572,-5.49241859110379,1.68575006719461
opened_cohort,important_degree_top3,rolling5,exact2,nevertreated,pc_score,investment_in_new_talent_pc_score,low,github_outcomes,pull_request_merged,TRUE,sa,6,-1.80279118863422,1.95514894688215,-5.63488312452323,2.0293007472548
opened_cohort,important_degree_top3,rolling5,exact2,nevertreated,pc_score,investment_in_new_talent_pc_score,low,github_outcomes,pull_request_merged,TRUE,sa,7,-2.39768509684914,2.48903663944475,-7.27619691016085,2.48082671646258
opened_cohort,important_degree_top3,rolling5,exact2,nevertreated,pc_score,investment_in_new_talent_pc_score,low,github_outcomes,pull_request_merged,TRUE,sa,8,-2.55008930848829,2.53979428971963,-7.52808611633877,2.42790749936219
opened_cohort,important_degree_top3,rolling5,exact2,nevertreated,pc_score,investment_in_new_talent_pc_score,low,github_outcomes,pull_request_merged,TRUE,sa,9,-2.91364279335183,2.77825440300892,-8.35902142324931,2.53173583654565
opened_cohort,important_degree_top3,rolling5,exact2,nevertreated,pc_score,investment_in_new_talent_pc_score,low,github_outcomes,pull_request_merged,TRUE,sa,10,-3.46401701539952,3.11826605830003,-9.57581848966758,2.64778445886855
opened_cohort,important_degree_top3,rolling5,exact2,nevertreated,pc_score,investment_in_new_talent_pc_score,low,github_outcomes,pull_request_merged,TRUE,sa,11,-3.32272827164299,2.73934271445127,-8.69183999196748,2.04638344868149
opened_cohort,important_degree_top3,rolling5,exact2,nevertreated,pc_score,investment_in_new_talent_pc_score,high,github_outcomes,pull_request_merged,TRUE,sa,-15,-0.0398191468153814,0.675432664904814,-1.36366717002882,1.28402887639805
opened_cohort,important_degree_top3,rolling5,exact2,nevertreated,pc_score,investment_in_new_talent_pc_score,high,github_outcomes,pull_request_merged,TRUE,sa,-14,-0.082392952215864,0.781875217156204,-1.61486837784202,1.4500824734103
opened_cohort,important_degree_top3,rolling5,exact2,nevertreated,pc_score,investment_in_new_talent_pc_score,high,github_outcomes,pull_request_merged,TRUE,sa,-13,-0.150333844321723,0.584322318258487,-1.29560558810836,0.994937899464911
opened_cohort,important_degree_top3,rolling5,exact2,nevertreated,pc_score,investment_in_new_talent_pc_score,high,github_outcomes,pull_request_merged,TRUE,sa,-12,-0.768691081232903,0.458395206588616,-1.66714568614659,0.129763523680785
opened_cohort,important_degree_top3,rolling5,exact2,nevertreated,pc_score,investment_in_new_talent_pc_score,high,github_outcomes,pull_request_merged,TRUE,sa,-11,-0.180843178577263,0.522166056799557,-1.20428864990439,0.842602292749868
opened_cohort,important_degree_top3,rolling5,exact2,nevertreated,pc_score,investment_in_new_talent_pc_score,high,github_outcomes,pull_request_merged,TRUE,sa,-10,-0.0939591012096325,0.456140711316381,-0.987994895389739,0.800076692970474
opened_cohort,important_degree_top3,rolling5,exact2,nevertreated,pc_score,investment_in_new_talent_pc_score,high,github_outcomes,pull_request_merged,TRUE,sa,-9,-0.356330672875443,0.365539240519565,-1.07278758429379,0.360126238542903
opened_cohort,important_degree_top3,rolling5,exact2,nevertreated,pc_score,investment_in_new_talent_pc_score,high,github_outcomes,pull_request_merged,TRUE,sa,-8,0.257785339988623,0.428439411449198,-0.581955906451805,1.09752658642905
opened_cohort,important_degree_top3,rolling5,exact2,nevertreated,pc_score,investment_in_new_talent_pc_score,high,github_outcomes,pull_request_merged,TRUE,sa,-7,0.230241958164643,0.306905129310197,-0.371292095283343,0.831776011612628
opened_cohort,important_degree_top3,rolling5,exact2,nevertreated,pc_score,investment_in_new_talent_pc_score,high,github_outcomes,pull_request_merged,TRUE,sa,-6,0.164596855028243,0.212949722575813,-0.252784601220351,0.581978311276837
opened_cohort,important_degree_top3,rolling5,exact2,nevertreated,pc_score,investment_in_new_talent_pc_score,high,github_outcomes,pull_request_merged,TRUE,sa,-5,0.0400633785068116,0.158627653554316,-0.270846822459649,0.350973579473272
opened_cohort,important_degree_top3,rolling5,exact2,nevertreated,pc_score,investment_in_new_talent_pc_score,high,github_outcomes,pull_request_merged,TRUE,sa,-4,0.167434736886934,0.14641896861052,-0.119546441589684,0.454415915363552
opened_cohort,important_degree_top3,rolling5,exact2,nevertreated,pc_score,investment_in_new_talent_pc_score,high,github_outcomes,pull_request_merged,TRUE,sa,-3,0.201870494301127,0.142443907730873,-0.0773195648513844,0.481060553453639
opened_cohort,important_degree_top3,rolling5,exact2,nevertreated,pc_score,investment_in_new_talent_pc_score,high,github_outcomes,pull_request_merged,TRUE,sa,-2,0.343260277463805,0.132773100569119,0.0830250003483321,0.603495554579277
opened_cohort,important_degree_top3,rolling5,exact2,nevertreated,pc_score,investment_in_new_talent_pc_score,high,github_outcomes,pull_request_merged,TRUE,sa,-1,0,0,0,0
opened_cohort,important_degree_top3,rolling5,exact2,nevertreated,pc_score,investment_in_new_talent_pc_score,high,github_outcomes,pull_request_merged,TRUE,sa,0,-0.0314622851558428,0.152876064722287,-0.331099372011525,0.26817480169984
opened_cohort,important_degree_top3,rolling5,exact2,nevertreated,pc_score,investment_in_new_talent_pc_score,high,github_outcomes,pull_request_merged,TRUE,sa,1,-0.394092199019732,0.225223662043172,-0.83553057662435,0.0473461785848854
opened_cohort,important_degree_top3,rolling5,exact2,nevertreated,pc_score,investment_in_new_talent_pc_score,high,github_outcomes,pull_request_merged,TRUE,sa,2,-0.566918787193118,0.341218691185091,-1.2357074219159,0.10186984752966
opened_cohort,important_degree_top3,rolling5,exact2,nevertreated,pc_score,investment_in_new_talent_pc_score,high,github_outcomes,pull_request_merged,TRUE,sa,3,-0.561959295387719,0.470062252617136,-1.48328131051731,0.359362719741867
opened_cohort,important_degree_top3,rolling5,exact2,nevertreated,pc_score,investment_in_new_talent_pc_score,high,github_outcomes,pull_request_merged,TRUE,sa,4,-0.775238148875505,0.527026317683654,-1.80820973153547,0.257733433784457
opened_cohort,important_degree_top3,rolling5,exact2,nevertreated,pc_score,investment_in_new_talent_pc_score,high,github_outcomes,pull_request_merged,TRUE,sa,5,-0.878967256158716,0.562081085636877,-1.98064618400699,0.222711671689563
opened_cohort,important_degree_top3,rolling5,exact2,nevertreated,pc_score,investment_in_new_talent_pc_score,high,github_outcomes,pull_request_merged,TRUE,sa,6,-1.1262882745116,0.670834791718584,-2.44112446628003,0.188547917256825
opened_cohort,important_degree_top3,rolling5,exact2,nevertreated,pc_score,investment_in_new_talent_pc_score,high,github_outcomes,pull_request_merged,TRUE,sa,7,-0.92190892205097,0.723806713963257,-2.34057008141895,0.496752237317014
opened_cohort,important_degree_top3,rolling5,exact2,nevertreated,pc_score,investment_in_new_talent_pc_score,high,github_outcomes,pull_request_merged,TRUE,sa,8,-0.758386191481904,0.768514356413207,-2.26467433005179,0.747901947087981
opened_cohort,important_degree_top3,rolling5,exact2,nevertreated,pc_score,investment_in_new_talent_pc_score,high,github_outcomes,pull_request_merged,TRUE,sa,9,-0.766934354351032,0.856290236351309,-2.4452632175996,0.911394508897533
opened_cohort,important_degree_top3,rolling5,exact2,nevertreated,pc_score,investment_in_new_talent_pc_score,high,github_outcomes,pull_request_merged,TRUE,sa,10,-0.382421470402703,0.74799834958413,-1.8484982355876,1.08365529478219
opened_cohort,important_degree_top3,rolling5,exact2,nevertreated,pc_score,investment_in_new_talent_pc_score,high,github_outcomes,pull_request_merged,TRUE,sa,11,-0.548142882683168,0.724061972753933,-1.96730434928088,0.87101858391454
opened_cohort,important_degree_top3,rolling5,exact2,nevertreated,pc_score,problem_solving_routines_pc_score,low,github_outcomes,pull_request_merged,TRUE,sa,-15,-0.195450280630435,0.755751214949668,-1.67672266193178,1.28582210067091
opened_cohort,important_degree_top3,rolling5,exact2,nevertreated,pc_score,problem_solving_routines_pc_score,low,github_outcomes,pull_request_merged,TRUE,sa,-14,-0.596846653763589,0.577802838152956,-1.72934021654338,0.535646909016204
opened_cohort,important_degree_top3,rolling5,exact2,nevertreated,pc_score,problem_solving_routines_pc_score,low,github_outcomes,pull_request_merged,TRUE,sa,-13,1.03428448657714,0.62605511268346,-0.192783534282442,2.26135250743672
opened_cohort,important_degree_top3,rolling5,exact2,nevertreated,pc_score,problem_solving_routines_pc_score,low,github_outcomes,pull_request_merged,TRUE,sa,-12,0.3091536492033,0.532254456223072,-0.734065084993921,1.35237238340052
opened_cohort,important_degree_top3,rolling5,exact2,nevertreated,pc_score,problem_solving_routines_pc_score,low,github_outcomes,pull_request_merged,TRUE,sa,-11,-0.0208577337087873,0.397673723551166,-0.800298231869073,0.758582764451498
opened_cohort,important_degree_top3,rolling5,exact2,nevertreated,pc_score,problem_solving_routines_pc_score,low,github_outcomes,pull_request_merged,TRUE,sa,-10,0.843495673890564,0.741084890324326,-0.609030711145115,2.29602205892624
opened_cohort,important_degree_top3,rolling5,exact2,nevertreated,pc_score,problem_solving_routines_pc_score,low,github_outcomes,pull_request_merged,TRUE,sa,-9,0.520571929628087,0.630049190627677,-0.71432448400216,1.75546834325833
opened_cohort,important_degree_top3,rolling5,exact2,nevertreated,pc_score,problem_solving_routines_pc_score,low,github_outcomes,pull_request_merged,TRUE,sa,-8,0.455525630594031,0.322562905485306,-0.176697664157169,1.08774892534523
opened_cohort,important_degree_top3,rolling5,exact2,nevertreated,pc_score,problem_solving_routines_pc_score,low,github_outcomes,pull_request_merged,TRUE,sa,-7,0.133113629331919,0.240314645732768,-0.337903076304306,0.604130334968143
opened_cohort,important_degree_top3,rolling5,exact2,nevertreated,pc_score,problem_solving_routines_pc_score,low,github_outcomes,pull_request_merged,TRUE,sa,-6,0.141839983666246,0.201055825933632,-0.252229435163673,0.535909402496165
opened_cohort,important_degree_top3,rolling5,exact2,nevertreated,pc_score,problem_solving_routines_pc_score,low,github_outcomes,pull_request_merged,TRUE,sa,-5,0.110271954985603,0.159180754080571,-0.201722323012317,0.422266232983523
opened_cohort,important_degree_top3,rolling5,exact2,nevertreated,pc_score,problem_solving_routines_pc_score,low,github_outcomes,pull_request_merged,TRUE,sa,-4,-0.0376184270028525,0.137985011164394,-0.308069048885065,0.23283219487936
opened_cohort,important_degree_top3,rolling5,exact2,nevertreated,pc_score,problem_solving_routines_pc_score,low,github_outcomes,pull_request_merged,TRUE,sa,-3,-0.115132026544031,0.111354136641632,-0.333386134361631,0.103122081273568
opened_cohort,important_degree_top3,rolling5,exact2,nevertreated,pc_score,problem_solving_routines_pc_score,low,github_outcomes,pull_request_merged,TRUE,sa,-2,0.253868409446533,0.108556312034002,0.0410980378598889,0.466638781033178
opened_cohort,important_degree_top3,rolling5,exact2,nevertreated,pc_score,problem_solving_routines_pc_score,low,github_outcomes,pull_request_merged,TRUE,sa,-1,0,0,0,0
opened_cohort,important_degree_top3,rolling5,exact2,nevertreated,pc_score,problem_solving_routines_pc_score,low,github_outcomes,pull_request_merged,TRUE,sa,0,0.219946030739307,0.175203255600408,-0.123452350237494,0.563344411716107
opened_cohort,important_degree_top3,rolling5,exact2,nevertreated,pc_score,problem_solving_routines_pc_score,low,github_outcomes,pull_request_merged,TRUE,sa,1,-0.304788730866831,0.142266669335573,-0.583631402764555,-0.0259460589691081
opened_cohort,important_degree_top3,rolling5,exact2,nevertreated,pc_score,problem_solving_routines_pc_score,low,github_outcomes,pull_request_merged,TRUE,sa,2,-0.252549297802832,0.180983842499741,-0.607277629102324,0.102179033496661
opened_cohort,important_degree_top3,rolling5,exact2,nevertreated,pc_score,problem_solving_routines_pc_score,low,github_outcomes,pull_request_merged,TRUE,sa,3,-0.182246741217715,0.261010304688857,-0.693826938407874,0.329333455972444
opened_cohort,important_degree_top3,rolling5,exact2,nevertreated,pc_score,problem_solving_routines_pc_score,low,github_outcomes,pull_request_merged,TRUE,sa,4,-0.10714384924783,0.298347672304148,-0.691905286963961,0.4776175884683
opened_cohort,important_degree_top3,rolling5,exact2,nevertreated,pc_score,problem_solving_routines_pc_score,low,github_outcomes,pull_request_merged,TRUE,sa,5,-0.310499010734507,0.249574733115179,-0.799665487640258,0.178667466171244
opened_cohort,important_degree_top3,rolling5,exact2,nevertreated,pc_score,problem_solving_routines_pc_score,low,github_outcomes,pull_request_merged,TRUE,sa,6,-0.0909036284548076,0.350376575575992,-0.777641716583753,0.595834459674137
opened_cohort,important_degree_top3,rolling5,exact2,nevertreated,pc_score,problem_solving_routines_pc_score,low,github_outcomes,pull_request_merged,TRUE,sa,7,-0.181811689811209,0.293222918774129,-0.756528610608502,0.392905230986085
opened_cohort,important_degree_top3,rolling5,exact2,nevertreated,pc_score,problem_solving_routines_pc_score,low,github_outcomes,pull_request_merged,TRUE,sa,8,-0.294933381090293,0.294501635046832,-0.872156585782084,0.282289823601498
opened_cohort,important_degree_top3,rolling5,exact2,nevertreated,pc_score,problem_solving_routines_pc_score,low,github_outcomes,pull_request_merged,TRUE,sa,9,-0.207508560902083,0.394751650505104,-0.981221795892086,0.56620467408792
opened_cohort,important_degree_top3,rolling5,exact2,nevertreated,pc_score,problem_solving_routines_pc_score,low,github_outcomes,pull_request_merged,TRUE,sa,10,-0.377695962606842,0.29098861407647,-0.948033646196723,0.192641720983039
opened_cohort,important_degree_top3,rolling5,exact2,nevertreated,pc_score,problem_solving_routines_pc_score,low,github_outcomes,pull_request_merged,TRUE,sa,11,-0.698525540785207,0.439829435129825,-1.56059123363966,0.16354015206925
opened_cohort,important_degree_top3,rolling5,exact2,nevertreated,pc_score,problem_solving_routines_pc_score,high,github_outcomes,pull_request_merged,TRUE,sa,-15,0.476550244606118,0.605338449268947,-0.709913115961018,1.66301360517325
opened_cohort,important_degree_top3,rolling5,exact2,nevertreated,pc_score,problem_solving_routines_pc_score,high,github_outcomes,pull_request_merged,TRUE,sa,-14,0.685294871473677,0.622943083359713,-0.53567357191136,1.90626331485871
opened_cohort,important_degree_top3,rolling5,exact2,nevertreated,pc_score,problem_solving_routines_pc_score,high,github_outcomes,pull_request_merged,TRUE,sa,-13,-0.253842551758296,0.513307526417051,-1.25992530353572,0.752240200019124
opened_cohort,important_degree_top3,rolling5,exact2,nevertreated,pc_score,problem_solving_routines_pc_score,high,github_outcomes,pull_request_merged,TRUE,sa,-12,0.164089485700197,0.611969244756592,-1.03537023402272,1.36354920542312
opened_cohort,important_degree_top3,rolling5,exact2,nevertreated,pc_score,problem_solving_routines_pc_score,high,github_outcomes,pull_request_merged,TRUE,sa,-11,0.668621550903042,0.618724435057389,-0.544078341809439,1.88132144361552
opened_cohort,important_degree_top3,rolling5,exact2,nevertreated,pc_score,problem_solving_routines_pc_score,high,github_outcomes,pull_request_merged,TRUE,sa,-10,0.481369712620327,0.454996717643395,-0.410423853960728,1.37316327920138
opened_cohort,important_degree_top3,rolling5,exact2,nevertreated,pc_score,problem_solving_routines_pc_score,high,github_outcomes,pull_request_merged,TRUE,sa,-9,0.395300727556286,0.528806885404428,-0.641160767836393,1.43176222294897
opened_cohort,important_degree_top3,rolling5,exact2,nevertreated,pc_score,problem_solving_routines_pc_score,high,github_outcomes,pull_request_merged,TRUE,sa,-8,0.349219834277952,0.573073220675759,-0.774003678246536,1.47244334680244
opened_cohort,important_degree_top3,rolling5,exact2,nevertreated,pc_score,problem_solving_routines_pc_score,high,github_outcomes,pull_request_merged,TRUE,sa,-7,0.61688029615501,0.515850735299421,-0.394187145031855,1.62794773734188
opened_cohort,important_degree_top3,rolling5,exact2,nevertreated,pc_score,problem_solving_routines_pc_score,high,github_outcomes,pull_request_merged,TRUE,sa,-6,0.24871205917022,0.407547989115268,-0.550081999495706,1.04750611783614
opened_cohort,important_degree_top3,rolling5,exact2,nevertreated,pc_score,problem_solving_routines_pc_score,high,github_outcomes,pull_request_merged,TRUE,sa,-5,0.281859033982675,0.2891787077683,-0.284931233243193,0.848649301208542
opened_cohort,important_degree_top3,rolling5,exact2,nevertreated,pc_score,problem_solving_routines_pc_score,high,github_outcomes,pull_request_merged,TRUE,sa,-4,0.39656385625819,0.208529294185498,-0.012153560345387,0.805281272861767
opened_cohort,important_degree_top3,rolling5,exact2,nevertreated,pc_score,problem_solving_routines_pc_score,high,github_outcomes,pull_request_merged,TRUE,sa,-3,0.315570945679301,0.179731760006364,-0.0367033039331719,0.667845195291775
opened_cohort,important_degree_top3,rolling5,exact2,nevertreated,pc_score,problem_solving_routines_pc_score,high,github_outcomes,pull_request_merged,TRUE,sa,-2,0.48760306479225,0.156224745621861,0.181402563373402,0.793803566211098
opened_cohort,important_degree_top3,rolling5,exact2,nevertreated,pc_score,problem_solving_routines_pc_score,high,github_outcomes,pull_request_merged,TRUE,sa,-1,0,0,0,0
opened_cohort,important_degree_top3,rolling5,exact2,nevertreated,pc_score,problem_solving_routines_pc_score,high,github_outcomes,pull_request_merged,TRUE,sa,0,-0.277392953631137,0.240043541633316,-0.747878295232435,0.193092387970162
opened_cohort,important_degree_top3,rolling5,exact2,nevertreated,pc_score,problem_solving_routines_pc_score,high,github_outcomes,pull_request_merged,TRUE,sa,1,-0.875156352407993,0.412565691336342,-1.68378510742722,-0.0665275973887619
opened_cohort,important_degree_top3,rolling5,exact2,nevertreated,pc_score,problem_solving_routines_pc_score,high,github_outcomes,pull_request_merged,TRUE,sa,2,-1.08979438154559,0.612131493268698,-2.28957210835224,0.109983345261053
opened_cohort,important_degree_top3,rolling5,exact2,nevertreated,pc_score,problem_solving_routines_pc_score,high,github_outcomes,pull_request_merged,TRUE,sa,3,-1.46447786407822,0.80998790464056,-3.05205415717371,0.123098429017281
opened_cohort,important_degree_top3,rolling5,exact2,nevertreated,pc_score,problem_solving_routines_pc_score,high,github_outcomes,pull_request_merged,TRUE,sa,4,-1.83918030037757,1.25162948214597,-4.29237408538368,0.614013484628539
opened_cohort,important_degree_top3,rolling5,exact2,nevertreated,pc_score,problem_solving_routines_pc_score,high,github_outcomes,pull_request_merged,TRUE,sa,5,-1.97678472159006,1.44327391070242,-4.8056015865668,0.852032143386678
opened_cohort,important_degree_top3,rolling5,exact2,nevertreated,pc_score,problem_solving_routines_pc_score,high,github_outcomes,pull_request_merged,TRUE,sa,6,-2.28962725735157,1.50918323218784,-5.24762639243973,0.668371877736586
opened_cohort,important_degree_top3,rolling5,exact2,nevertreated,pc_score,problem_solving_routines_pc_score,high,github_outcomes,pull_request_merged,TRUE,sa,7,-2.45061716453835,1.83718357760047,-6.05149697663528,1.15026264755858
opened_cohort,important_degree_top3,rolling5,exact2,nevertreated,pc_score,problem_solving_routines_pc_score,high,github_outcomes,pull_request_merged,TRUE,sa,8,-2.38313360728135,1.88006517388044,-6.06806134808701,1.3017941335243
opened_cohort,important_degree_top3,rolling5,exact2,nevertreated,pc_score,problem_solving_routines_pc_score,high,github_outcomes,pull_request_merged,TRUE,sa,9,-2.72420033862058,2.04346521258764,-6.72939215529234,1.28099147805119
opened_cohort,important_degree_top3,rolling5,exact2,nevertreated,pc_score,problem_solving_routines_pc_score,high,github_outcomes,pull_request_merged,TRUE,sa,10,-2.53490785949805,2.04818625794896,-6.54935292507801,1.47953720608191
opened_cohort,important_degree_top3,rolling5,exact2,nevertreated,pc_score,problem_solving_routines_pc_score,high,github_outcomes,pull_request_merged,TRUE,sa,11,-3.4848666285413,2.09674524164907,-7.59448730217347,0.624754045090881
opened_cohort,important_degree_top3,rolling5,exact2,nevertreated,pc_score,collaboration_pc_score,low,github_outcomes,pull_request_merged,FALSE,sa,-15,1.8616683568792,4.08851267823032,-6.15181649245222,9.87515320621062
opened_cohort,important_degree_top3,rolling5,exact2,nevertreated,pc_score,collaboration_pc_score,low,github_outcomes,pull_request_merged,FALSE,sa,-14,-1.27801556221647,4.11659499673418,-9.34654175581546,6.79051063138251
opened_cohort,important_degree_top3,rolling5,exact2,nevertreated,pc_score,collaboration_pc_score,low,github_outcomes,pull_request_merged,FALSE,sa,-13,1.22583820044066,4.18421279689527,-6.97521888147408,9.42689528235539
opened_cohort,important_degree_top3,rolling5,exact2,nevertreated,pc_score,collaboration_pc_score,low,github_outcomes,pull_request_merged,FALSE,sa,-12,1.97154866823925,3.71597365759767,-5.31175970065219,9.25485703713068
opened_cohort,important_degree_top3,rolling5,exact2,nevertreated,pc_score,collaboration_pc_score,low,github_outcomes,pull_request_merged,FALSE,sa,-11,2.25746070314188,3.67448168829276,-4.94452340591194,9.4594448121957
opened_cohort,important_degree_top3,rolling5,exact2,nevertreated,pc_score,collaboration_pc_score,low,github_outcomes,pull_request_merged,FALSE,sa,-10,2.73622789478239,3.59641088877415,-4.31273744721495,9.78519323677973
opened_cohort,important_degree_top3,rolling5,exact2,nevertreated,pc_score,collaboration_pc_score,low,github_outcomes,pull_request_merged,FALSE,sa,-9,3.87833736991693,3.45065519481068,-2.884946811912,10.6416215517459
opened_cohort,important_degree_top3,rolling5,exact2,nevertreated,pc_score,collaboration_pc_score,low,github_outcomes,pull_request_merged,FALSE,sa,-8,3.13716743187952,3.33351926646295,-3.39653033038785,9.67086519414689
opened_cohort,important_degree_top3,rolling5,exact2,nevertreated,pc_score,collaboration_pc_score,low,github_outcomes,pull_request_merged,FALSE,sa,-7,2.81060974798141,3.21713406789291,-3.4949730250887,9.11619252105152
opened_cohort,important_degree_top3,rolling5,exact2,nevertreated,pc_score,collaboration_pc_score,low,github_outcomes,pull_request_merged,FALSE,sa,-6,2.77830039534169,3.29753583261409,-3.68486983658191,9.2414706272653
opened_cohort,important_degree_top3,rolling5,exact2,nevertreated,pc_score,collaboration_pc_score,low,github_outcomes,pull_request_merged,FALSE,sa,-5,-0.113251980063084,2.62070571148446,-5.24983517457262,5.02333121444645
opened_cohort,important_degree_top3,rolling5,exact2,nevertreated,pc_score,collaboration_pc_score,low,github_outcomes,pull_request_merged,FALSE,sa,-4,-0.0402549268474144,2.39479357325358,-4.73405033042444,4.65354047672961
opened_cohort,important_degree_top3,rolling5,exact2,nevertreated,pc_score,collaboration_pc_score,low,github_outcomes,pull_request_merged,FALSE,sa,-3,-0.106063188843625,1.73642831549303,-3.50946268720996,3.29733630952271
opened_cohort,important_degree_top3,rolling5,exact2,nevertreated,pc_score,collaboration_pc_score,low,github_outcomes,pull_request_merged,FALSE,sa,-2,1.54760630913024,1.2829335320269,-0.966943413642491,4.06215603190298
opened_cohort,important_degree_top3,rolling5,exact2,nevertreated,pc_score,collaboration_pc_score,low,github_outcomes,pull_request_merged,FALSE,sa,-1,0,0,0,0
opened_cohort,important_degree_top3,rolling5,exact2,nevertreated,pc_score,collaboration_pc_score,low,github_outcomes,pull_request_merged,FALSE,sa,0,-0.925402022776139,1.24877181550724,-3.37299478117033,1.52219073561805
opened_cohort,important_degree_top3,rolling5,exact2,nevertreated,pc_score,collaboration_pc_score,low,github_outcomes,pull_request_merged,FALSE,sa,1,-2.55504971893534,1.84837178390201,-6.17785841538329,1.0677589775126
opened_cohort,important_degree_top3,rolling5,exact2,nevertreated,pc_score,collaboration_pc_score,low,github_outcomes,pull_request_merged,FALSE,sa,2,-3.62404944337736,2.24102874212186,-8.01646577793621,0.768366891181491
opened_cohort,important_degree_top3,rolling5,exact2,nevertreated,pc_score,collaboration_pc_score,low,github_outcomes,pull_request_merged,FALSE,sa,3,-4.15780529898501,2.71954226619457,-9.48810814072637,1.17249754275634
opened_cohort,important_degree_top3,rolling5,exact2,nevertreated,pc_score,collaboration_pc_score,low,github_outcomes,pull_request_merged,FALSE,sa,4,-5.57340188206574,3.64278148900387,-12.7132536005133,1.56644983638185
opened_cohort,important_degree_top3,rolling5,exact2,nevertreated,pc_score,collaboration_pc_score,low,github_outcomes,pull_request_merged,FALSE,sa,5,-6.07976727198035,4.20320495977745,-14.3180489931442,2.15851444918346
opened_cohort,important_degree_top3,rolling5,exact2,nevertreated,pc_score,collaboration_pc_score,low,github_outcomes,pull_request_merged,FALSE,sa,6,-5.726609262493,4.49107708057452,-14.529120340419,3.07590181543306
opened_cohort,important_degree_top3,rolling5,exact2,nevertreated,pc_score,collaboration_pc_score,low,github_outcomes,pull_request_merged,FALSE,sa,7,-5.27596735493308,5.39924917808489,-15.8584957439795,5.30656103411331
opened_cohort,important_degree_top3,rolling5,exact2,nevertreated,pc_score,collaboration_pc_score,low,github_outcomes,pull_request_merged,FALSE,sa,8,-3.85533570272788,5.51653859744072,-14.6677513537117,6.95707994825594
opened_cohort,important_degree_top3,rolling5,exact2,nevertreated,pc_score,collaboration_pc_score,low,github_outcomes,pull_request_merged,FALSE,sa,9,0.0286837075839116,6.55871295575879,-12.8263936857033,12.8837611008711
opened_cohort,important_degree_top3,rolling5,exact2,nevertreated,pc_score,collaboration_pc_score,low,github_outcomes,pull_request_merged,FALSE,sa,10,-0.214360251752409,6.92345943685317,-13.7843407479846,13.3556202444798
opened_cohort,important_degree_top3,rolling5,exact2,nevertreated,pc_score,collaboration_pc_score,low,github_outcomes,pull_request_merged,FALSE,sa,11,3.60249213765659,6.75830783201061,-9.6437912130842,16.8487754883974
opened_cohort,important_degree_top3,rolling5,exact2,nevertreated,pc_score,collaboration_pc_score,high,github_outcomes,pull_request_merged,FALSE,sa,-15,1.23902665123293,5.77920522409107,-10.0882155879856,12.5662688904514
opened_cohort,important_degree_top3,rolling5,exact2,nevertreated,pc_score,collaboration_pc_score,high,github_outcomes,pull_request_merged,FALSE,sa,-14,10.8804657632466,8.0202752858363,-4.83927379699257,26.6002053234857
opened_cohort,important_degree_top3,rolling5,exact2,nevertreated,pc_score,collaboration_pc_score,high,github_outcomes,pull_request_merged,FALSE,sa,-13,3.77569942956036,7.48864460333031,-10.9020439929671,18.4534428520878
opened_cohort,important_degree_top3,rolling5,exact2,nevertreated,pc_score,collaboration_pc_score,high,github_outcomes,pull_request_merged,FALSE,sa,-12,3.14042741742398,5.43511107602613,-7.51239029158724,13.7932451264352
opened_cohort,important_degree_top3,rolling5,exact2,nevertreated,pc_score,collaboration_pc_score,high,github_outcomes,pull_request_merged,FALSE,sa,-11,1.38682452041677,5.57423258123432,-9.5386713388025,12.312320379636
opened_cohort,important_degree_top3,rolling5,exact2,nevertreated,pc_score,collaboration_pc_score,high,github_outcomes,pull_request_merged,FALSE,sa,-10,6.0036252677678,5.16974323944985,-4.1290714815539,16.1363220170895
opened_cohort,important_degree_top3,rolling5,exact2,nevertreated,pc_score,collaboration_pc_score,high,github_outcomes,pull_request_merged,FALSE,sa,-9,2.78211861924765,4.74866994523925,-6.52527447342128,12.0895117119166
opened_cohort,important_degree_top3,rolling5,exact2,nevertreated,pc_score,collaboration_pc_score,high,github_outcomes,pull_request_merged,FALSE,sa,-8,5.80035478299551,4.24336114763246,-2.51663306636412,14.1173426323551
opened_cohort,important_degree_top3,rolling5,exact2,nevertreated,pc_score,collaboration_pc_score,high,github_outcomes,pull_request_merged,FALSE,sa,-7,2.74129200037992,3.98627929740032,-5.07181542252472,10.5543994232845
opened_cohort,important_degree_top3,rolling5,exact2,nevertreated,pc_score,collaboration_pc_score,high,github_outcomes,pull_request_merged,FALSE,sa,-6,1.89024103937732,3.36484763575404,-4.70486032670061,8.48534240545524
opened_cohort,important_degree_top3,rolling5,exact2,nevertreated,pc_score,collaboration_pc_score,high,github_outcomes,pull_request_merged,FALSE,sa,-5,2.85368631346767,2.7118042024395,-2.46144992331376,8.16882255024909
opened_cohort,important_degree_top3,rolling5,exact2,nevertreated,pc_score,collaboration_pc_score,high,github_outcomes,pull_request_merged,FALSE,sa,-4,2.79555031582413,2.19862866911102,-1.51376187563347,7.10486250728172
opened_cohort,important_degree_top3,rolling5,exact2,nevertreated,pc_score,collaboration_pc_score,high,github_outcomes,pull_request_merged,FALSE,sa,-3,1.56158815005056,1.98357745533777,-2.32622366241147,5.44939996251259
opened_cohort,important_degree_top3,rolling5,exact2,nevertreated,pc_score,collaboration_pc_score,high,github_outcomes,pull_request_merged,FALSE,sa,-2,3.64920354352336,0.959933255030322,1.76773436366393,5.53067272338279
opened_cohort,important_degree_top3,rolling5,exact2,nevertreated,pc_score,collaboration_pc_score,high,github_outcomes,pull_request_merged,FALSE,sa,-1,0,0,0,0
opened_cohort,important_degree_top3,rolling5,exact2,nevertreated,pc_score,collaboration_pc_score,high,github_outcomes,pull_request_merged,FALSE,sa,0,-0.816426602345551,1.24674426763214,-3.26004536690455,1.62719216221345
opened_cohort,important_degree_top3,rolling5,exact2,nevertreated,pc_score,collaboration_pc_score,high,github_outcomes,pull_request_merged,FALSE,sa,1,-0.57619906129157,1.85357020868154,-4.2091966703074,3.05679854772426
opened_cohort,important_degree_top3,rolling5,exact2,nevertreated,pc_score,collaboration_pc_score,high,github_outcomes,pull_request_merged,FALSE,sa,2,0.435164575072042,2.57803820903964,-4.61779031464565,5.48811946478973
opened_cohort,important_degree_top3,rolling5,exact2,nevertreated,pc_score,collaboration_pc_score,high,github_outcomes,pull_request_merged,FALSE,sa,3,0.538522013088561,3.33056663935174,-5.98938860004085,7.06643262621797
opened_cohort,important_degree_top3,rolling5,exact2,nevertreated,pc_score,collaboration_pc_score,high,github_outcomes,pull_request_merged,FALSE,sa,4,1.84683812879107,3.99821668003459,-5.98966656407674,9.68334282165887
opened_cohort,important_degree_top3,rolling5,exact2,nevertreated,pc_score,collaboration_pc_score,high,github_outcomes,pull_request_merged,FALSE,sa,5,3.20913151722077,4.73368847132707,-6.06889788658029,12.4871609210218
opened_cohort,important_degree_top3,rolling5,exact2,nevertreated,pc_score,collaboration_pc_score,high,github_outcomes,pull_request_merged,FALSE,sa,6,3.92536528872484,5.750187441498,-7.34500209661125,15.1957326740609
opened_cohort,important_degree_top3,rolling5,exact2,nevertreated,pc_score,collaboration_pc_score,high,github_outcomes,pull_request_merged,FALSE,sa,7,8.02963562306748,7.07304234098831,-5.83352736526961,21.8927986114046
opened_cohort,important_degree_top3,rolling5,exact2,nevertreated,pc_score,collaboration_pc_score,high,github_outcomes,pull_request_merged,FALSE,sa,8,13.1390022105916,8.89511637756826,-4.29542588944219,30.5734303106254
opened_cohort,important_degree_top3,rolling5,exact2,nevertreated,pc_score,collaboration_pc_score,high,github_outcomes,pull_request_merged,FALSE,sa,9,10.4330450746624,6.75365136152049,-2.80411159391776,23.6702017432426
opened_cohort,important_degree_top3,rolling5,exact2,nevertreated,pc_score,collaboration_pc_score,high,github_outcomes,pull_request_merged,FALSE,sa,10,4.83078878612812,5.29684326545209,-5.55102401415797,15.2126015864142
opened_cohort,important_degree_top3,rolling5,exact2,nevertreated,pc_score,collaboration_pc_score,high,github_outcomes,pull_request_merged,FALSE,sa,11,7.02563787222676,4.87374907613748,-2.52691031700269,16.5781860614562
opened_cohort,important_degree_top3,rolling5,exact2,nevertreated,pc_score,knowledge_level_pc_score,low,github_outcomes,pull_request_merged,FALSE,sa,-15,7.25389657043896,5.18686839400925,-2.91236548181918,17.4201586226971
opened_cohort,important_degree_top3,rolling5,exact2,nevertreated,pc_score,knowledge_level_pc_score,low,github_outcomes,pull_request_merged,FALSE,sa,-14,0.801568856897035,5.19258527083553,-9.3758982739406,10.9790359877347
opened_cohort,important_degree_top3,rolling5,exact2,nevertreated,pc_score,knowledge_level_pc_score,low,github_outcomes,pull_request_merged,FALSE,sa,-13,2.82888415405794,5.64103815323841,-8.22755062628934,13.8853189344052
opened_cohort,important_degree_top3,rolling5,exact2,nevertreated,pc_score,knowledge_level_pc_score,low,github_outcomes,pull_request_merged,FALSE,sa,-12,3.02196320958236,4.94640541555451,-6.67299140490447,12.7169178240692
opened_cohort,important_degree_top3,rolling5,exact2,nevertreated,pc_score,knowledge_level_pc_score,low,github_outcomes,pull_request_merged,FALSE,sa,-11,4.8075453854001,4.87887376257137,-4.75504718923979,14.37013796004
opened_cohort,important_degree_top3,rolling5,exact2,nevertreated,pc_score,knowledge_level_pc_score,low,github_outcomes,pull_request_merged,FALSE,sa,-10,5.60859662356885,4.40207308571556,-3.01946662443364,14.2366598715713
opened_cohort,important_degree_top3,rolling5,exact2,nevertreated,pc_score,knowledge_level_pc_score,low,github_outcomes,pull_request_merged,FALSE,sa,-9,5.95651273215818,4.05611082156334,-1.99346447810596,13.9064899424223
opened_cohort,important_degree_top3,rolling5,exact2,nevertreated,pc_score,knowledge_level_pc_score,low,github_outcomes,pull_request_merged,FALSE,sa,-8,6.67396572980794,3.76657922721454,-0.708529555532553,14.0564610151484
opened_cohort,important_degree_top3,rolling5,exact2,nevertreated,pc_score,knowledge_level_pc_score,low,github_outcomes,pull_request_merged,FALSE,sa,-7,6.67140147918118,3.45259748843123,-0.0956895981440322,13.4384925565064
opened_cohort,important_degree_top3,rolling5,exact2,nevertreated,pc_score,knowledge_level_pc_score,low,github_outcomes,pull_request_merged,FALSE,sa,-6,6.99333474713954,3.66204048470382,-0.184264602879957,14.170934097159
opened_cohort,important_degree_top3,rolling5,exact2,nevertreated,pc_score,knowledge_level_pc_score,low,github_outcomes,pull_request_merged,FALSE,sa,-5,3.59098364130995,2.59453875900159,-1.49431232633316,8.67627960895306
opened_cohort,important_degree_top3,rolling5,exact2,nevertreated,pc_score,knowledge_level_pc_score,low,github_outcomes,pull_request_merged,FALSE,sa,-4,2.33159534126772,2.1652183557528,-1.91223263600777,6.57542331854322
opened_cohort,important_degree_top3,rolling5,exact2,nevertreated,pc_score,knowledge_level_pc_score,low,github_outcomes,pull_request_merged,FALSE,sa,-3,0.234374433756889,1.47297985276911,-2.65266607767056,3.12141494518434
opened_cohort,important_degree_top3,rolling5,exact2,nevertreated,pc_score,knowledge_level_pc_score,low,github_outcomes,pull_request_merged,FALSE,sa,-2,2.39444199527141,1.29496139372701,-0.143682336433533,4.93256632697635
opened_cohort,important_degree_top3,rolling5,exact2,nevertreated,pc_score,knowledge_level_pc_score,low,github_outcomes,pull_request_merged,FALSE,sa,-1,0,0,0,0
opened_cohort,important_degree_top3,rolling5,exact2,nevertreated,pc_score,knowledge_level_pc_score,low,github_outcomes,pull_request_merged,FALSE,sa,0,-0.78651690194012,1.24598864359352,-3.22865464338341,1.65562083950317
opened_cohort,important_degree_top3,rolling5,exact2,nevertreated,pc_score,knowledge_level_pc_score,low,github_outcomes,pull_request_merged,FALSE,sa,1,-0.122269600939381,1.61420687212454,-3.28611507030349,3.04157586842473
opened_cohort,important_degree_top3,rolling5,exact2,nevertreated,pc_score,knowledge_level_pc_score,low,github_outcomes,pull_request_merged,FALSE,sa,2,0.931339263990301,1.84683480361998,-2.68845695110487,4.55113547908547
opened_cohort,important_degree_top3,rolling5,exact2,nevertreated,pc_score,knowledge_level_pc_score,low,github_outcomes,pull_request_merged,FALSE,sa,3,0.234473935049452,2.19668626985058,-4.07103115385768,4.53997902395658
opened_cohort,important_degree_top3,rolling5,exact2,nevertreated,pc_score,knowledge_level_pc_score,low,github_outcomes,pull_request_merged,FALSE,sa,4,1.68126439127381,2.43275594992307,-3.08693727057539,6.44946605312302
opened_cohort,important_degree_top3,rolling5,exact2,nevertreated,pc_score,knowledge_level_pc_score,low,github_outcomes,pull_request_merged,FALSE,sa,5,1.97855899045521,2.47151008727987,-2.86560078061332,6.82271876152375
opened_cohort,important_degree_top3,rolling5,exact2,nevertreated,pc_score,knowledge_level_pc_score,low,github_outcomes,pull_request_merged,FALSE,sa,6,2.74909260123606,2.77804094874642,-2.69586765830691,8.19405286077904
opened_cohort,important_degree_top3,rolling5,exact2,nevertreated,pc_score,knowledge_level_pc_score,low,github_outcomes,pull_request_merged,FALSE,sa,7,5.71402964031611,3.01774893427453,-0.200758270861959,11.6288175514942
opened_cohort,important_degree_top3,rolling5,exact2,nevertreated,pc_score,knowledge_level_pc_score,low,github_outcomes,pull_request_merged,FALSE,sa,8,8.85083340518342,3.11404322596351,2.74730868229493,14.9543581280719
opened_cohort,important_degree_top3,rolling5,exact2,nevertreated,pc_score,knowledge_level_pc_score,low,github_outcomes,pull_request_merged,FALSE,sa,9,10.9870123701702,3.44699901651088,4.23089429780893,17.7431304425316
opened_cohort,important_degree_top3,rolling5,exact2,nevertreated,pc_score,knowledge_level_pc_score,low,github_outcomes,pull_request_merged,FALSE,sa,10,8.97001938007149,3.50914624622113,2.09209273747808,15.8479460226649
opened_cohort,important_degree_top3,rolling5,exact2,nevertreated,pc_score,knowledge_level_pc_score,low,github_outcomes,pull_request_merged,FALSE,sa,11,11.6769396217588,3.86060243025284,4.11015885846321,19.2437203850543
opened_cohort,important_degree_top3,rolling5,exact2,nevertreated,pc_score,knowledge_level_pc_score,high,github_outcomes,pull_request_merged,FALSE,sa,-15,-0.616379053501935,6.69680916652409,-13.7421250198892,12.5093669128853
opened_cohort,important_degree_top3,rolling5,exact2,nevertreated,pc_score,knowledge_level_pc_score,high,github_outcomes,pull_request_merged,FALSE,sa,-14,0.737663727285265,11.0662964648101,-20.9522773437425,22.4276047983131
opened_cohort,important_degree_top3,rolling5,exact2,nevertreated,pc_score,knowledge_level_pc_score,high,github_outcomes,pull_request_merged,FALSE,sa,-13,-0.447019565401643,8.14912201656696,-16.4192987178729,15.5252595870696
opened_cohort,important_degree_top3,rolling5,exact2,nevertreated,pc_score,knowledge_level_pc_score,high,github_outcomes,pull_request_merged,FALSE,sa,-12,0.0531551325467032,6.28189723228693,-12.2593634427357,12.3656737078291
opened_cohort,important_degree_top3,rolling5,exact2,nevertreated,pc_score,knowledge_level_pc_score,high,github_outcomes,pull_request_merged,FALSE,sa,-11,-2.07493726440659,6.49767576080009,-14.8103817555748,10.6605072267616
opened_cohort,important_degree_top3,rolling5,exact2,nevertreated,pc_score,knowledge_level_pc_score,high,github_outcomes,pull_request_merged,FALSE,sa,-10,1.20321570525134,6.03419720618336,-10.6238108188681,13.0302422293707
opened_cohort,important_degree_top3,rolling5,exact2,nevertreated,pc_score,knowledge_level_pc_score,high,github_outcomes,pull_request_merged,FALSE,sa,-9,0.129669066939935,5.31155116920223,-10.2809712246964,10.5403093585763
opened_cohort,important_degree_top3,rolling5,exact2,nevertreated,pc_score,knowledge_level_pc_score,high,github_outcomes,pull_request_merged,FALSE,sa,-8,1.15318809024728,4.63062246664506,-7.92283194437704,10.2292081248716
opened_cohort,important_degree_top3,rolling5,exact2,nevertreated,pc_score,knowledge_level_pc_score,high,github_outcomes,pull_request_merged,FALSE,sa,-7,0.785803774432505,4.09091970063828,-7.23239883881853,8.80400638768354
opened_cohort,important_degree_top3,rolling5,exact2,nevertreated,pc_score,knowledge_level_pc_score,high,github_outcomes,pull_request_merged,FALSE,sa,-6,-0.0366953648324742,3.32039800612313,-6.54467545683381,6.47128472716886
opened_cohort,important_degree_top3,rolling5,exact2,nevertreated,pc_score,knowledge_level_pc_score,high,github_outcomes,pull_request_merged,FALSE,sa,-5,0.845335773576586,2.66550562407852,-4.37905524961731,6.06972679677048
opened_cohort,important_degree_top3,rolling5,exact2,nevertreated,pc_score,knowledge_level_pc_score,high,github_outcomes,pull_request_merged,FALSE,sa,-4,1.45115292963568,2.31624937016107,-3.08869583588001,5.99100169515137
opened_cohort,important_degree_top3,rolling5,exact2,nevertreated,pc_score,knowledge_level_pc_score,high,github_outcomes,pull_request_merged,FALSE,sa,-3,1.36035500228743,1.94607692519993,-2.45395577110444,5.17466577567929
opened_cohort,important_degree_top3,rolling5,exact2,nevertreated,pc_score,knowledge_level_pc_score,high,github_outcomes,pull_request_merged,FALSE,sa,-2,2.10017914127447,1.11572750142858,-0.0866467615255528,4.28700504407449
opened_cohort,important_degree_top3,rolling5,exact2,nevertreated,pc_score,knowledge_level_pc_score,high,github_outcomes,pull_request_merged,FALSE,sa,-1,0,0,0,0
opened_cohort,important_degree_top3,rolling5,exact2,nevertreated,pc_score,knowledge_level_pc_score,high,github_outcomes,pull_request_merged,FALSE,sa,0,-1.38344525039984,1.35790571885045,-4.04494045934673,1.27804995854704
opened_cohort,important_degree_top3,rolling5,exact2,nevertreated,pc_score,knowledge_level_pc_score,high,github_outcomes,pull_request_merged,FALSE,sa,1,-3.38714155307975,2.46350289176487,-8.2156072209389,1.4413241147794
opened_cohort,important_degree_top3,rolling5,exact2,nevertreated,pc_score,knowledge_level_pc_score,high,github_outcomes,pull_request_merged,FALSE,sa,2,-4.51524729746459,3.55008415648537,-11.4734122441759,2.44291764924673
opened_cohort,important_degree_top3,rolling5,exact2,nevertreated,pc_score,knowledge_level_pc_score,high,github_outcomes,pull_request_merged,FALSE,sa,3,-4.00898611678483,4.34652307851579,-12.5281713506758,4.51019911710612
opened_cohort,important_degree_top3,rolling5,exact2,nevertreated,pc_score,knowledge_level_pc_score,high,github_outcomes,pull_request_merged,FALSE,sa,4,-5.08506443123525,5.27400724254942,-15.4221186266321,5.25198976416162
opened_cohort,important_degree_top3,rolling5,exact2,nevertreated,pc_score,knowledge_level_pc_score,high,github_outcomes,pull_request_merged,FALSE,sa,5,-3.97449993113592,5.796234750773,-15.335120042651,7.38612018037916
opened_cohort,important_degree_top3,rolling5,exact2,nevertreated,pc_score,knowledge_level_pc_score,high,github_outcomes,pull_request_merged,FALSE,sa,6,-3.04208965867412,6.77681068857574,-16.3246386082826,10.2404592909343
opened_cohort,important_degree_top3,rolling5,exact2,nevertreated,pc_score,knowledge_level_pc_score,high,github_outcomes,pull_request_merged,FALSE,sa,7,-0.177150889387462,8.13994416458147,-16.1314414519671,15.7771396731922
opened_cohort,important_degree_top3,rolling5,exact2,nevertreated,pc_score,knowledge_level_pc_score,high,github_outcomes,pull_request_merged,FALSE,sa,8,2.74319575010852,9.87331345357694,-16.6084986189023,22.0948901191193
opened_cohort,important_degree_top3,rolling5,exact2,nevertreated,pc_score,knowledge_level_pc_score,high,github_outcomes,pull_request_merged,FALSE,sa,9,1.41323953249573,8.73937723888602,-15.7159398557209,18.5424189207123
opened_cohort,important_degree_top3,rolling5,exact2,nevertreated,pc_score,knowledge_level_pc_score,high,github_outcomes,pull_request_merged,FALSE,sa,10,-2.54971677958914,7.35761268802778,-16.9706376481236,11.8712040889453
opened_cohort,important_degree_top3,rolling5,exact2,nevertreated,pc_score,knowledge_level_pc_score,high,github_outcomes,pull_request_merged,FALSE,sa,11,0.102078743856022,6.82410265669197,-13.2731624632602,13.4773199509723
opened_cohort,important_degree_top3,rolling5,exact2,nevertreated,pc_score,discussion_quality_pc_score,low,github_outcomes,pull_request_merged,FALSE,sa,-15,5.57712226464867,5.23554326700377,-4.68454253867873,15.8387870679761
opened_cohort,important_degree_top3,rolling5,exact2,nevertreated,pc_score,discussion_quality_pc_score,low,github_outcomes,pull_request_merged,FALSE,sa,-14,0.569507446939943,6.39706357644072,-11.9687371628839,13.1077520567637
opened_cohort,important_degree_top3,rolling5,exact2,nevertreated,pc_score,discussion_quality_pc_score,low,github_outcomes,pull_request_merged,FALSE,sa,-13,7.6164022632442,5.97923556206942,-4.10289943841186,19.3357039649003
opened_cohort,important_degree_top3,rolling5,exact2,nevertreated,pc_score,discussion_quality_pc_score,low,github_outcomes,pull_request_merged,FALSE,sa,-12,5.83058424892763,4.92329781202658,-3.81907946264447,15.4802479604997
opened_cohort,important_degree_top3,rolling5,exact2,nevertreated,pc_score,discussion_quality_pc_score,low,github_outcomes,pull_request_merged,FALSE,sa,-11,3.06810067625706,5.17363590920834,-7.07222570579129,13.2084270583054
opened_cohort,important_degree_top3,rolling5,exact2,nevertreated,pc_score,discussion_quality_pc_score,low,github_outcomes,pull_request_merged,FALSE,sa,-10,6.82664834982449,4.87832388956086,-2.7348664737148,16.3881631733638
opened_cohort,important_degree_top3,rolling5,exact2,nevertreated,pc_score,discussion_quality_pc_score,low,github_outcomes,pull_request_merged,FALSE,sa,-9,7.221578605682,4.42159636154612,-1.44475026294841,15.8879074743124
opened_cohort,important_degree_top3,rolling5,exact2,nevertreated,pc_score,discussion_quality_pc_score,low,github_outcomes,pull_request_merged,FALSE,sa,-8,6.74026296523896,4.19145782589277,-1.47499437351087,14.9555203039888
opened_cohort,important_degree_top3,rolling5,exact2,nevertreated,pc_score,discussion_quality_pc_score,low,github_outcomes,pull_request_merged,FALSE,sa,-7,5.15381598072682,4.02486673371113,-2.73492281734699,13.0425547788006
opened_cohort,important_degree_top3,rolling5,exact2,nevertreated,pc_score,discussion_quality_pc_score,low,github_outcomes,pull_request_merged,FALSE,sa,-6,3.52083443594973,3.72549309721138,-3.78113203458457,10.822800906484
opened_cohort,important_degree_top3,rolling5,exact2,nevertreated,pc_score,discussion_quality_pc_score,low,github_outcomes,pull_request_merged,FALSE,sa,-5,2.75992743634572,2.7424720891901,-2.61531785846688,8.13517273115833
opened_cohort,important_degree_top3,rolling5,exact2,nevertreated,pc_score,discussion_quality_pc_score,low,github_outcomes,pull_request_merged,FALSE,sa,-4,2.30620357944946,2.42149231181195,-2.43992135170196,7.05232851060088
opened_cohort,important_degree_top3,rolling5,exact2,nevertreated,pc_score,discussion_quality_pc_score,low,github_outcomes,pull_request_merged,FALSE,sa,-3,0.379734074005231,1.77037136092325,-3.09019379340433,3.84966194141479
opened_cohort,important_degree_top3,rolling5,exact2,nevertreated,pc_score,discussion_quality_pc_score,low,github_outcomes,pull_request_merged,FALSE,sa,-2,3.42814697405821,1.39320464369969,0.69746587240681,6.1588280757096
opened_cohort,important_degree_top3,rolling5,exact2,nevertreated,pc_score,discussion_quality_pc_score,low,github_outcomes,pull_request_merged,FALSE,sa,-1,0,0,0,0
opened_cohort,important_degree_top3,rolling5,exact2,nevertreated,pc_score,discussion_quality_pc_score,low,github_outcomes,pull_request_merged,FALSE,sa,0,-2.55486908741133,1.55099860588733,-5.59482635495049,0.485088180127832
opened_cohort,important_degree_top3,rolling5,exact2,nevertreated,pc_score,discussion_quality_pc_score,low,github_outcomes,pull_request_merged,FALSE,sa,1,-3.98275907688249,2.67560098045095,-9.22693699856635,1.26141884480137
opened_cohort,important_degree_top3,rolling5,exact2,nevertreated,pc_score,discussion_quality_pc_score,low,github_outcomes,pull_request_merged,FALSE,sa,2,-5.40937806385217,3.28344536180924,-11.8449309729983,1.02617484529393
opened_cohort,important_degree_top3,rolling5,exact2,nevertreated,pc_score,discussion_quality_pc_score,low,github_outcomes,pull_request_merged,FALSE,sa,3,-4.91270911117269,3.94277086397179,-12.6405400045574,2.81512178221201
opened_cohort,important_degree_top3,rolling5,exact2,nevertreated,pc_score,discussion_quality_pc_score,low,github_outcomes,pull_request_merged,FALSE,sa,4,-5.02998157124921,4.69148659747749,-14.2252953023051,4.16533215980667
opened_cohort,important_degree_top3,rolling5,exact2,nevertreated,pc_score,discussion_quality_pc_score,low,github_outcomes,pull_request_merged,FALSE,sa,5,-4.30356832543754,5.23384276800406,-14.5619001507255,5.95476349985043
opened_cohort,important_degree_top3,rolling5,exact2,nevertreated,pc_score,discussion_quality_pc_score,low,github_outcomes,pull_request_merged,FALSE,sa,6,-3.22290784169674,5.71825428963717,-14.4306862493856,7.98487056599211
opened_cohort,important_degree_top3,rolling5,exact2,nevertreated,pc_score,discussion_quality_pc_score,low,github_outcomes,pull_request_merged,FALSE,sa,7,-0.620937837492138,7.11012132939288,-14.5567756431022,13.3148999681179
opened_cohort,important_degree_top3,rolling5,exact2,nevertreated,pc_score,discussion_quality_pc_score,low,github_outcomes,pull_request_merged,FALSE,sa,8,3.17020881757531,8.45344224001717,-13.3985379728583,19.738955608009
opened_cohort,important_degree_top3,rolling5,exact2,nevertreated,pc_score,discussion_quality_pc_score,low,github_outcomes,pull_request_merged,FALSE,sa,9,3.29839573085675,8.68011154837055,-13.7146229039495,20.311414365663
opened_cohort,important_degree_top3,rolling5,exact2,nevertreated,pc_score,discussion_quality_pc_score,low,github_outcomes,pull_request_merged,FALSE,sa,10,-3.32613787126204,9.92420558323205,-22.7775808143969,16.1253050718728
opened_cohort,important_degree_top3,rolling5,exact2,nevertreated,pc_score,discussion_quality_pc_score,low,github_outcomes,pull_request_merged,FALSE,sa,11,-6.71720135492066,16.5566091868654,-39.1681553611769,25.7337526513356
opened_cohort,important_degree_top3,rolling5,exact2,nevertreated,pc_score,discussion_quality_pc_score,high,github_outcomes,pull_request_merged,FALSE,sa,-15,-1.36403900223189,6.21560069000862,-13.5466163546488,10.818538350185
opened_cohort,important_degree_top3,rolling5,exact2,nevertreated,pc_score,discussion_quality_pc_score,high,github_outcomes,pull_request_merged,FALSE,sa,-14,2.13912647401904,11.4875124309867,-20.376397890715,24.6546508387531
opened_cohort,important_degree_top3,rolling5,exact2,nevertreated,pc_score,discussion_quality_pc_score,high,github_outcomes,pull_request_merged,FALSE,sa,-13,-1.9750042336634,7.54985601746129,-16.7727220278875,12.8227135605607
opened_cohort,important_degree_top3,rolling5,exact2,nevertreated,pc_score,discussion_quality_pc_score,high,github_outcomes,pull_request_merged,FALSE,sa,-12,-0.765470833223527,6.10232417380693,-12.7260262138851,11.1950845474381
opened_cohort,important_degree_top3,rolling5,exact2,nevertreated,pc_score,discussion_quality_pc_score,high,github_outcomes,pull_request_merged,FALSE,sa,-11,-1.03620797357011,6.14714287951374,-13.084608017417,11.0121920702768
opened_cohort,important_degree_top3,rolling5,exact2,nevertreated,pc_score,discussion_quality_pc_score,high,github_outcomes,pull_request_merged,FALSE,sa,-10,0.884379356043738,5.46238789487432,-9.82190091790993,11.5906596299974
opened_cohort,important_degree_top3,rolling5,exact2,nevertreated,pc_score,discussion_quality_pc_score,high,github_outcomes,pull_request_merged,FALSE,sa,-9,-1.85617379048428,4.92160366423325,-11.5025169723815,7.7901693914129
opened_cohort,important_degree_top3,rolling5,exact2,nevertreated,pc_score,discussion_quality_pc_score,high,github_outcomes,pull_request_merged,FALSE,sa,-8,0.444319731883652,4.2567959698187,-7.89900036896099,8.7876398327283
opened_cohort,important_degree_top3,rolling5,exact2,nevertreated,pc_score,discussion_quality_pc_score,high,github_outcomes,pull_request_merged,FALSE,sa,-7,1.21944688904976,3.65655729548327,-5.94740541009745,8.38629918819698
opened_cohort,important_degree_top3,rolling5,exact2,nevertreated,pc_score,discussion_quality_pc_score,high,github_outcomes,pull_request_merged,FALSE,sa,-6,1.51194049214613,3.1062546737224,-4.57631866834978,7.60019965264203
opened_cohort,important_degree_top3,rolling5,exact2,nevertreated,pc_score,discussion_quality_pc_score,high,github_outcomes,pull_request_merged,FALSE,sa,-5,1.14845118995577,2.37046924775881,-3.49766853565151,5.79457091556305
opened_cohort,important_degree_top3,rolling5,exact2,nevertreated,pc_score,discussion_quality_pc_score,high,github_outcomes,pull_request_merged,FALSE,sa,-4,1.63563253743859,1.86004901322865,-2.01006352848956,5.28132860336674
opened_cohort,important_degree_top3,rolling5,exact2,nevertreated,pc_score,discussion_quality_pc_score,high,github_outcomes,pull_request_merged,FALSE,sa,-3,0.670157055795082,1.53679942875237,-2.34196982455957,3.68228393614973
opened_cohort,important_degree_top3,rolling5,exact2,nevertreated,pc_score,discussion_quality_pc_score,high,github_outcomes,pull_request_merged,FALSE,sa,-2,1.00341184649811,0.859830861283386,-0.681856641617324,2.68868033461355
opened_cohort,important_degree_top3,rolling5,exact2,nevertreated,pc_score,discussion_quality_pc_score,high,github_outcomes,pull_request_merged,FALSE,sa,-1,0,0,0,0
opened_cohort,important_degree_top3,rolling5,exact2,nevertreated,pc_score,discussion_quality_pc_score,high,github_outcomes,pull_request_merged,FALSE,sa,0,0.224509936323288,0.836572893553255,-1.41517293504109,1.86419280768767
opened_cohort,important_degree_top3,rolling5,exact2,nevertreated,pc_score,discussion_quality_pc_score,high,github_outcomes,pull_request_merged,FALSE,sa,1,-0.540556078029569,1.43847647792788,-3.35996997476822,2.27885781870908
opened_cohort,important_degree_top3,rolling5,exact2,nevertreated,pc_score,discussion_quality_pc_score,high,github_outcomes,pull_request_merged,FALSE,sa,2,0.430589360618037,2.42063893109645,-4.31386294433101,5.17504166556708
opened_cohort,important_degree_top3,rolling5,exact2,nevertreated,pc_score,discussion_quality_pc_score,high,github_outcomes,pull_request_merged,FALSE,sa,3,-0.52530299340898,3.0445103903537,-6.49254335850223,5.44193737168427
opened_cohort,important_degree_top3,rolling5,exact2,nevertreated,pc_score,discussion_quality_pc_score,high,github_outcomes,pull_request_merged,FALSE,sa,4,0.00117130951533867,3.71955888390561,-7.28916410293966,7.29150672197034
opened_cohort,important_degree_top3,rolling5,exact2,nevertreated,pc_score,discussion_quality_pc_score,high,github_outcomes,pull_request_merged,FALSE,sa,5,0.517395928188274,3.87343131254907,-7.07452944440791,8.10932130078446
opened_cohort,important_degree_top3,rolling5,exact2,nevertreated,pc_score,discussion_quality_pc_score,high,github_outcomes,pull_request_merged,FALSE,sa,6,1.12510355668843,4.73139448976001,-8.14842964324119,10.3986367566181
opened_cohort,important_degree_top3,rolling5,exact2,nevertreated,pc_score,discussion_quality_pc_score,high,github_outcomes,pull_request_merged,FALSE,sa,7,2.6375749490143,5.03762725935454,-7.23617447932059,12.5113243773492
opened_cohort,important_degree_top3,rolling5,exact2,nevertreated,pc_score,discussion_quality_pc_score,high,github_outcomes,pull_request_merged,FALSE,sa,8,3.98937249163206,4.97462624287574,-5.7608949444044,13.7396399276685
opened_cohort,important_degree_top3,rolling5,exact2,nevertreated,pc_score,discussion_quality_pc_score,high,github_outcomes,pull_request_merged,FALSE,sa,9,3.36881289422507,5.07201105879852,-6.57232878102003,13.3099545694702
opened_cohort,important_degree_top3,rolling5,exact2,nevertreated,pc_score,discussion_quality_pc_score,high,github_outcomes,pull_request_merged,FALSE,sa,10,1.01967064312312,4.81291518587685,-8.4136431211955,10.4529844074417
opened_cohort,important_degree_top3,rolling5,exact2,nevertreated,pc_score,discussion_quality_pc_score,high,github_outcomes,pull_request_merged,FALSE,sa,11,2.56265175677416,4.7034135099146,-6.65603872265847,11.7813422362068
opened_cohort,important_degree_top3,rolling5,exact2,nevertreated,pc_score,investment_in_new_talent_pc_score,low,github_outcomes,pull_request_merged,FALSE,sa,-15,10.4577362543917,4.76937818762401,1.10975500664865,19.8057175021347
opened_cohort,important_degree_top3,rolling5,exact2,nevertreated,pc_score,investment_in_new_talent_pc_score,low,github_outcomes,pull_request_merged,FALSE,sa,-14,6.7557875238552,5.36769798093476,-3.76490051877692,17.2764755664873
opened_cohort,important_degree_top3,rolling5,exact2,nevertreated,pc_score,investment_in_new_talent_pc_score,low,github_outcomes,pull_request_merged,FALSE,sa,-13,9.17276020806631,5.20396823900734,-1.02701754038807,19.3725379565207
opened_cohort,important_degree_top3,rolling5,exact2,nevertreated,pc_score,investment_in_new_talent_pc_score,low,github_outcomes,pull_request_merged,FALSE,sa,-12,9.54507313692089,4.16450321514463,1.38264683523742,17.7074994386044
opened_cohort,important_degree_top3,rolling5,exact2,nevertreated,pc_score,investment_in_new_talent_pc_score,low,github_outcomes,pull_request_merged,FALSE,sa,-11,7.46543329082654,4.35385132594876,-1.06811530803304,15.9989818896861
opened_cohort,important_degree_top3,rolling5,exact2,nevertreated,pc_score,investment_in_new_talent_pc_score,low,github_outcomes,pull_request_merged,FALSE,sa,-10,8.74266617672099,3.93905869740587,1.02211112980549,16.4632212236365
opened_cohort,important_degree_top3,rolling5,exact2,nevertreated,pc_score,investment_in_new_talent_pc_score,low,github_outcomes,pull_request_merged,FALSE,sa,-9,8.02403900706631,3.40988244806175,1.34066940886527,14.7074086052673
opened_cohort,important_degree_top3,rolling5,exact2,nevertreated,pc_score,investment_in_new_talent_pc_score,low,github_outcomes,pull_request_merged,FALSE,sa,-8,6.11317201213687,3.06866086575676,0.0985967152536249,12.1277473090201
opened_cohort,important_degree_top3,rolling5,exact2,nevertreated,pc_score,investment_in_new_talent_pc_score,low,github_outcomes,pull_request_merged,FALSE,sa,-7,4.51616938029972,2.83675761001892,-1.04387553533737,10.0762142959368
opened_cohort,important_degree_top3,rolling5,exact2,nevertreated,pc_score,investment_in_new_talent_pc_score,low,github_outcomes,pull_request_merged,FALSE,sa,-6,2.27357395079291,2.34844412739028,-2.32937653889205,6.87652444047786
opened_cohort,important_degree_top3,rolling5,exact2,nevertreated,pc_score,investment_in_new_talent_pc_score,low,github_outcomes,pull_request_merged,FALSE,sa,-5,1.71557276299335,1.85735921989248,-1.92485130799592,5.35599683398262
opened_cohort,important_degree_top3,rolling5,exact2,nevertreated,pc_score,investment_in_new_talent_pc_score,low,github_outcomes,pull_request_merged,FALSE,sa,-4,0.252586197185169,1.57516208820504,-2.83473149569671,3.33990389006705
opened_cohort,important_degree_top3,rolling5,exact2,nevertreated,pc_score,investment_in_new_talent_pc_score,low,github_outcomes,pull_request_merged,FALSE,sa,-3,-0.769493881420451,1.13697820861792,-2.99797117031158,1.45898340747068
opened_cohort,important_degree_top3,rolling5,exact2,nevertreated,pc_score,investment_in_new_talent_pc_score,low,github_outcomes,pull_request_merged,FALSE,sa,-2,1.39071864800393,0.859808013279746,-0.294505058024376,3.07594235403223
opened_cohort,important_degree_top3,rolling5,exact2,nevertreated,pc_score,investment_in_new_talent_pc_score,low,github_outcomes,pull_request_merged,FALSE,sa,-1,0,0,0,0
opened_cohort,important_degree_top3,rolling5,exact2,nevertreated,pc_score,investment_in_new_talent_pc_score,low,github_outcomes,pull_request_merged,FALSE,sa,0,-1.70430076935238,1.05391309843227,-3.76997044227963,0.361368903574879
opened_cohort,important_degree_top3,rolling5,exact2,nevertreated,pc_score,investment_in_new_talent_pc_score,low,github_outcomes,pull_request_merged,FALSE,sa,1,-2.59296415616859,1.36262301790787,-5.26370527126802,0.0777769589308321
opened_cohort,important_degree_top3,rolling5,exact2,nevertreated,pc_score,investment_in_new_talent_pc_score,low,github_outcomes,pull_request_merged,FALSE,sa,2,-2.93709489942842,1.77136858219846,-6.4089773205374,0.534787521680561
opened_cohort,important_degree_top3,rolling5,exact2,nevertreated,pc_score,investment_in_new_talent_pc_score,low,github_outcomes,pull_request_merged,FALSE,sa,3,-3.49201979055736,2.31977525470099,-8.0387792897713,1.05473970865658
opened_cohort,important_degree_top3,rolling5,exact2,nevertreated,pc_score,investment_in_new_talent_pc_score,low,github_outcomes,pull_request_merged,FALSE,sa,4,-3.24418498114308,3.0945071752063,-9.30941904454743,2.82104908226128
opened_cohort,important_degree_top3,rolling5,exact2,nevertreated,pc_score,investment_in_new_talent_pc_score,low,github_outcomes,pull_request_merged,FALSE,sa,5,-3.10659140087212,3.75384421607054,-10.4641260643704,4.25094326262613
opened_cohort,important_degree_top3,rolling5,exact2,nevertreated,pc_score,investment_in_new_talent_pc_score,low,github_outcomes,pull_request_merged,FALSE,sa,6,-2.77864849834402,4.16589199399432,-10.9437968065729,5.38649980988486
opened_cohort,important_degree_top3,rolling5,exact2,nevertreated,pc_score,investment_in_new_talent_pc_score,low,github_outcomes,pull_request_merged,FALSE,sa,7,-1.02506684751049,5.58127309744842,-11.9643621185094,9.91422842348842
opened_cohort,important_degree_top3,rolling5,exact2,nevertreated,pc_score,investment_in_new_talent_pc_score,low,github_outcomes,pull_request_merged,FALSE,sa,8,0.295588747368304,6.802180109738,-13.0366842677182,13.6278617624548
opened_cohort,important_degree_top3,rolling5,exact2,nevertreated,pc_score,investment_in_new_talent_pc_score,low,github_outcomes,pull_request_merged,FALSE,sa,9,0.195617923538786,6.32406951163414,-12.1995583192641,12.5907941663417
opened_cohort,important_degree_top3,rolling5,exact2,nevertreated,pc_score,investment_in_new_talent_pc_score,low,github_outcomes,pull_request_merged,FALSE,sa,10,-3.18595686504753,5.87119973223122,-14.6935083402207,8.32159461012566
opened_cohort,important_degree_top3,rolling5,exact2,nevertreated,pc_score,investment_in_new_talent_pc_score,low,github_outcomes,pull_request_merged,FALSE,sa,11,0.0367236281382548,5.387992985639,-10.5237426237142,10.5971898799907
opened_cohort,important_degree_top3,rolling5,exact2,nevertreated,pc_score,investment_in_new_talent_pc_score,high,github_outcomes,pull_request_merged,FALSE,sa,-15,-4.59707704562046,6.77315905500958,-17.8724687934392,8.67831470219832
opened_cohort,important_degree_top3,rolling5,exact2,nevertreated,pc_score,investment_in_new_talent_pc_score,high,github_outcomes,pull_request_merged,FALSE,sa,-14,3.9148712156094,14.2067973559275,-23.9304516020085,31.7601940332273
opened_cohort,important_degree_top3,rolling5,exact2,nevertreated,pc_score,investment_in_new_talent_pc_score,high,github_outcomes,pull_request_merged,FALSE,sa,-13,-3.19003493087689,8.06537833981185,-18.9981764769081,12.6181066151543
opened_cohort,important_degree_top3,rolling5,exact2,nevertreated,pc_score,investment_in_new_talent_pc_score,high,github_outcomes,pull_request_merged,FALSE,sa,-12,-5.43768901389935,6.29789770944853,-17.7815685244185,6.90619049661978
opened_cohort,important_degree_top3,rolling5,exact2,nevertreated,pc_score,investment_in_new_talent_pc_score,high,github_outcomes,pull_request_merged,FALSE,sa,-11,-3.88073379981133,6.34823990644726,-16.323284016448,8.5618164168253
opened_cohort,important_degree_top3,rolling5,exact2,nevertreated,pc_score,investment_in_new_talent_pc_score,high,github_outcomes,pull_request_merged,FALSE,sa,-10,-0.0631466072842669,5.75820821532689,-11.349234709325,11.2229414947564
opened_cohort,important_degree_top3,rolling5,exact2,nevertreated,pc_score,investment_in_new_talent_pc_score,high,github_outcomes,pull_request_merged,FALSE,sa,-9,-1.54040122723582,5.29631136906308,-11.9211715105995,8.84036905612783
opened_cohort,important_degree_top3,rolling5,exact2,nevertreated,pc_score,investment_in_new_talent_pc_score,high,github_outcomes,pull_request_merged,FALSE,sa,-8,3.71358014025781,4.66684207754509,-5.43343033173057,12.8605906122462
opened_cohort,important_degree_top3,rolling5,exact2,nevertreated,pc_score,investment_in_new_talent_pc_score,high,github_outcomes,pull_request_merged,FALSE,sa,-7,2.93828899212402,4.19627395338136,-5.28640795650344,11.1629859407515
opened_cohort,important_degree_top3,rolling5,exact2,nevertreated,pc_score,investment_in_new_talent_pc_score,high,github_outcomes,pull_request_merged,FALSE,sa,-6,5.36540854966983,4.33102254625202,-3.12339564098413,13.8542127403238
opened_cohort,important_degree_top3,rolling5,exact2,nevertreated,pc_score,investment_in_new_talent_pc_score,high,github_outcomes,pull_request_merged,FALSE,sa,-5,2.12052381168955,3.12895018389451,-4.01221854874369,8.25326617212279
opened_cohort,important_degree_top3,rolling5,exact2,nevertreated,pc_score,investment_in_new_talent_pc_score,high,github_outcomes,pull_request_merged,FALSE,sa,-4,3.11035396966003,2.76015907156344,-2.29955781060432,8.52026574992438
opened_cohort,important_degree_top3,rolling5,exact2,nevertreated,pc_score,investment_in_new_talent_pc_score,high,github_outcomes,pull_request_merged,FALSE,sa,-3,2.27933281514019,2.2128665968754,-2.0578857147356,6.61655134501598
opened_cohort,important_degree_top3,rolling5,exact2,nevertreated,pc_score,investment_in_new_talent_pc_score,high,github_outcomes,pull_request_merged,FALSE,sa,-2,3.37333213157853,1.46947680082912,0.493157601953451,6.2535066612036
opened_cohort,important_degree_top3,rolling5,exact2,nevertreated,pc_score,investment_in_new_talent_pc_score,high,github_outcomes,pull_request_merged,FALSE,sa,-1,0,0,0,0
opened_cohort,important_degree_top3,rolling5,exact2,nevertreated,pc_score,investment_in_new_talent_pc_score,high,github_outcomes,pull_request_merged,FALSE,sa,0,-0.995324395670796,1.64657388527532,-4.22260921081043,2.23196041946883
opened_cohort,important_degree_top3,rolling5,exact2,nevertreated,pc_score,investment_in_new_talent_pc_score,high,github_outcomes,pull_request_merged,FALSE,sa,1,-1.88364876502969,2.57763592019854,-6.93581516861883,3.16851763855946
opened_cohort,important_degree_top3,rolling5,exact2,nevertreated,pc_score,investment_in_new_talent_pc_score,high,github_outcomes,pull_request_merged,FALSE,sa,2,-2.69900446972794,3.38058256954267,-9.32494630603158,3.9269373665757
opened_cohort,important_degree_top3,rolling5,exact2,nevertreated,pc_score,investment_in_new_talent_pc_score,high,github_outcomes,pull_request_merged,FALSE,sa,3,-2.45358165093603,3.9582566834317,-10.2117647504622,5.3046014485901
opened_cohort,important_degree_top3,rolling5,exact2,nevertreated,pc_score,investment_in_new_talent_pc_score,high,github_outcomes,pull_request_merged,FALSE,sa,4,-2.31409171805014,4.50337318965885,-11.1407031697815,6.51251973368121
opened_cohort,important_degree_top3,rolling5,exact2,nevertreated,pc_score,investment_in_new_talent_pc_score,high,github_outcomes,pull_request_merged,FALSE,sa,5,-1.14013198650653,4.52946282157843,-10.0178791168003,7.7376151437872
opened_cohort,important_degree_top3,rolling5,exact2,nevertreated,pc_score,investment_in_new_talent_pc_score,high,github_outcomes,pull_request_merged,FALSE,sa,6,-0.105002673985718,5.26494586881656,-10.4242965768662,10.2142912288947
opened_cohort,important_degree_top3,rolling5,exact2,nevertreated,pc_score,investment_in_new_talent_pc_score,high,github_outcomes,pull_request_merged,FALSE,sa,7,3.02032454803588,5.6626295012772,-8.07842927446743,14.1190783705392
opened_cohort,important_degree_top3,rolling5,exact2,nevertreated,pc_score,investment_in_new_talent_pc_score,high,github_outcomes,pull_request_merged,FALSE,sa,8,6.64506037119405,5.57338549124363,-4.27877519164346,17.5688959340316
opened_cohort,important_degree_top3,rolling5,exact2,nevertreated,pc_score,investment_in_new_talent_pc_score,high,github_outcomes,pull_request_merged,FALSE,sa,9,9.08300710321729,6.03923919534227,-2.75390171965355,20.9199159260881
opened_cohort,important_degree_top3,rolling5,exact2,nevertreated,pc_score,investment_in_new_talent_pc_score,high,github_outcomes,pull_request_merged,FALSE,sa,10,7.74604088710756,5.77858128951471,-3.57997844034127,19.0720602145564
opened_cohort,important_degree_top3,rolling5,exact2,nevertreated,pc_score,investment_in_new_talent_pc_score,high,github_outcomes,pull_request_merged,FALSE,sa,11,9.86314050290374,5.56274641268383,-1.03984246595656,20.766123471764
opened_cohort,important_degree_top3,rolling5,exact2,nevertreated,pc_score,problem_solving_routines_pc_score,low,github_outcomes,pull_request_merged,FALSE,sa,-15,-2.88439986304258,4.43761937813562,-11.5821338441884,5.81333411810323
opened_cohort,important_degree_top3,rolling5,exact2,nevertreated,pc_score,problem_solving_routines_pc_score,low,github_outcomes,pull_request_merged,FALSE,sa,-14,-6.65325681410332,4.21633282124327,-14.9172691437401,1.6107555155335
opened_cohort,important_degree_top3,rolling5,exact2,nevertreated,pc_score,problem_solving_routines_pc_score,low,github_outcomes,pull_request_merged,FALSE,sa,-13,-0.710415093652667,4.26288282087414,-9.06566542256598,7.64483523526065
opened_cohort,important_degree_top3,rolling5,exact2,nevertreated,pc_score,problem_solving_routines_pc_score,low,github_outcomes,pull_request_merged,FALSE,sa,-12,-2.00410430619215,3.63339287224488,-9.12555433579211,5.11734572340781
opened_cohort,important_degree_top3,rolling5,exact2,nevertreated,pc_score,problem_solving_routines_pc_score,low,github_outcomes,pull_request_merged,FALSE,sa,-11,-3.06670824237847,3.43698741391472,-9.80320357365132,3.66978708889438
opened_cohort,important_degree_top3,rolling5,exact2,nevertreated,pc_score,problem_solving_routines_pc_score,low,github_outcomes,pull_request_merged,FALSE,sa,-10,-0.542658069970823,2.97925212934381,-6.38199224348469,5.29667610354305
opened_cohort,important_degree_top3,rolling5,exact2,nevertreated,pc_score,problem_solving_routines_pc_score,low,github_outcomes,pull_request_merged,FALSE,sa,-9,-1.99980990062064,2.75700274649361,-7.40353528374811,3.40391548250683
opened_cohort,important_degree_top3,rolling5,exact2,nevertreated,pc_score,problem_solving_routines_pc_score,low,github_outcomes,pull_request_merged,FALSE,sa,-8,0.700653964798978,2.48409236038272,-4.16816706155115,5.56947499114911
opened_cohort,important_degree_top3,rolling5,exact2,nevertreated,pc_score,problem_solving_routines_pc_score,low,github_outcomes,pull_request_merged,FALSE,sa,-7,1.11339956941985,2.26454062208608,-3.32510004986885,5.55189918870856
opened_cohort,important_degree_top3,rolling5,exact2,nevertreated,pc_score,problem_solving_routines_pc_score,low,github_outcomes,pull_request_merged,FALSE,sa,-6,0.489863644945755,2.08974124203366,-3.60602918944023,4.58575647933174
opened_cohort,important_degree_top3,rolling5,exact2,nevertreated,pc_score,problem_solving_routines_pc_score,low,github_outcomes,pull_request_merged,FALSE,sa,-5,0.91501435827995,1.62604644466919,-2.27203667327165,4.10206538983155
opened_cohort,important_degree_top3,rolling5,exact2,nevertreated,pc_score,problem_solving_routines_pc_score,low,github_outcomes,pull_request_merged,FALSE,sa,-4,-0.215457178155127,1.4281845818284,-3.0146989585388,2.58378460222855
opened_cohort,important_degree_top3,rolling5,exact2,nevertreated,pc_score,problem_solving_routines_pc_score,low,github_outcomes,pull_request_merged,FALSE,sa,-3,-0.79806030029737,0.969462036096589,-2.69820589104668,1.10208529045194
opened_cohort,important_degree_top3,rolling5,exact2,nevertreated,pc_score,problem_solving_routines_pc_score,low,github_outcomes,pull_request_merged,FALSE,sa,-2,0.923368056982704,0.685318557602194,-0.419856315917596,2.266592429883
opened_cohort,important_degree_top3,rolling5,exact2,nevertreated,pc_score,problem_solving_routines_pc_score,low,github_outcomes,pull_request_merged,FALSE,sa,-1,0,0,0,0
opened_cohort,important_degree_top3,rolling5,exact2,nevertreated,pc_score,problem_solving_routines_pc_score,low,github_outcomes,pull_request_merged,FALSE,sa,0,-0.996554456408843,0.806818321903678,-2.57791836734005,0.584809454522367
opened_cohort,important_degree_top3,rolling5,exact2,nevertreated,pc_score,problem_solving_routines_pc_score,low,github_outcomes,pull_request_merged,FALSE,sa,1,-2.47545359865711,1.25523528808494,-4.93571476330359,-0.015192434010626
opened_cohort,important_degree_top3,rolling5,exact2,nevertreated,pc_score,problem_solving_routines_pc_score,low,github_outcomes,pull_request_merged,FALSE,sa,2,-2.37872521658255,1.67285520186214,-5.65752141223235,0.900070979067248
opened_cohort,important_degree_top3,rolling5,exact2,nevertreated,pc_score,problem_solving_routines_pc_score,low,github_outcomes,pull_request_merged,FALSE,sa,3,-2.5380456457852,1.76925003600224,-6.00577571634959,0.929684424779191
opened_cohort,important_degree_top3,rolling5,exact2,nevertreated,pc_score,problem_solving_routines_pc_score,low,github_outcomes,pull_request_merged,FALSE,sa,4,-1.95373047641846,1.93826005351132,-5.75272018130064,1.84525922846372
opened_cohort,important_degree_top3,rolling5,exact2,nevertreated,pc_score,problem_solving_routines_pc_score,low,github_outcomes,pull_request_merged,FALSE,sa,5,-2.36468145474792,1.90694486187861,-6.10229338403,1.37293047453416
opened_cohort,important_degree_top3,rolling5,exact2,nevertreated,pc_score,problem_solving_routines_pc_score,low,github_outcomes,pull_request_merged,FALSE,sa,6,-2.21409289638969,2.32365115072731,-6.76844915181522,2.34026335903585
opened_cohort,important_degree_top3,rolling5,exact2,nevertreated,pc_score,problem_solving_routines_pc_score,low,github_outcomes,pull_request_merged,FALSE,sa,7,-1.95419699132143,2.53202038919515,-6.91695695414392,3.00856297150105
opened_cohort,important_degree_top3,rolling5,exact2,nevertreated,pc_score,problem_solving_routines_pc_score,low,github_outcomes,pull_request_merged,FALSE,sa,8,-2.2678855593638,2.7696663655736,-7.69643163588806,3.16066051716046
opened_cohort,important_degree_top3,rolling5,exact2,nevertreated,pc_score,problem_solving_routines_pc_score,low,github_outcomes,pull_request_merged,FALSE,sa,9,-2.53519584780858,4.05018243449426,-10.4735534194173,5.40316172380018
opened_cohort,important_degree_top3,rolling5,exact2,nevertreated,pc_score,problem_solving_routines_pc_score,low,github_outcomes,pull_request_merged,FALSE,sa,10,-3.42447810939449,5.34019676216644,-13.8912637632407,7.04230754445174
opened_cohort,important_degree_top3,rolling5,exact2,nevertreated,pc_score,problem_solving_routines_pc_score,low,github_outcomes,pull_request_merged,FALSE,sa,11,-5.29448699803329,10.8216214703585,-26.504865079936,15.9158910838694
opened_cohort,important_degree_top3,rolling5,exact2,nevertreated,pc_score,problem_solving_routines_pc_score,high,github_outcomes,pull_request_merged,FALSE,sa,-15,4.49486101658436,7.21514315628138,-9.64681956972714,18.6365416028959
opened_cohort,important_degree_top3,rolling5,exact2,nevertreated,pc_score,problem_solving_routines_pc_score,high,github_outcomes,pull_request_merged,FALSE,sa,-14,14.7116543078078,10.3289069431562,-5.53300330077831,34.9563119163939
opened_cohort,important_degree_top3,rolling5,exact2,nevertreated,pc_score,problem_solving_routines_pc_score,high,github_outcomes,pull_request_merged,FALSE,sa,-13,1.82006446106174,8.90185043190249,-15.6275623854671,19.2676913075906
opened_cohort,important_degree_top3,rolling5,exact2,nevertreated,pc_score,problem_solving_routines_pc_score,high,github_outcomes,pull_request_merged,FALSE,sa,-12,2.46642093581212,6.81323842331173,-10.8875263738789,15.8203682455031
opened_cohort,important_degree_top3,rolling5,exact2,nevertreated,pc_score,problem_solving_routines_pc_score,high,github_outcomes,pull_request_merged,FALSE,sa,-11,3.96569067431937,6.97611595248034,-9.7074965925421,17.6388779411808
opened_cohort,important_degree_top3,rolling5,exact2,nevertreated,pc_score,problem_solving_routines_pc_score,high,github_outcomes,pull_request_merged,FALSE,sa,-10,6.78766334004726,6.35797298142404,-5.67396370354386,19.2492903836384
opened_cohort,important_degree_top3,rolling5,exact2,nevertreated,pc_score,problem_solving_routines_pc_score,high,github_outcomes,pull_request_merged,FALSE,sa,-9,5.75376356823392,5.94663080951495,-5.90163281841539,17.4091599548832
opened_cohort,important_degree_top3,rolling5,exact2,nevertreated,pc_score,problem_solving_routines_pc_score,high,github_outcomes,pull_request_merged,FALSE,sa,-8,4.4746413434667,4.95217967012876,-5.23163080998567,14.1809134969191
opened_cohort,important_degree_top3,rolling5,exact2,nevertreated,pc_score,problem_solving_routines_pc_score,high,github_outcomes,pull_request_merged,FALSE,sa,-7,2.57834203944131,4.68732014458839,-6.60880544395193,11.7654895228346
opened_cohort,important_degree_top3,rolling5,exact2,nevertreated,pc_score,problem_solving_routines_pc_score,high,github_outcomes,pull_request_merged,FALSE,sa,-6,3.21629756647627,4.63291484838337,-5.86421553635515,12.2968106693077
opened_cohort,important_degree_top3,rolling5,exact2,nevertreated,pc_score,problem_solving_routines_pc_score,high,github_outcomes,pull_request_merged,FALSE,sa,-5,1.90931348403659,3.32631920344089,-4.61027215470755,8.42889912278074
opened_cohort,important_degree_top3,rolling5,exact2,nevertreated,pc_score,problem_solving_routines_pc_score,high,github_outcomes,pull_request_merged,FALSE,sa,-4,4.25773077147967,2.97476598867079,-1.57281056631507,10.0882721092744
opened_cohort,important_degree_top3,rolling5,exact2,nevertreated,pc_score,problem_solving_routines_pc_score,high,github_outcomes,pull_request_merged,FALSE,sa,-3,2.42839930571469,2.40709851887355,-2.28951379127748,7.14631240270685
opened_cohort,important_degree_top3,rolling5,exact2,nevertreated,pc_score,problem_solving_routines_pc_score,high,github_outcomes,pull_request_merged,FALSE,sa,-2,4.11032803220532,1.68109669882677,0.815378502504843,7.40527756190579
opened_cohort,important_degree_top3,rolling5,exact2,nevertreated,pc_score,problem_solving_routines_pc_score,high,github_outcomes,pull_request_merged,FALSE,sa,-1,0,0,0,0
opened_cohort,important_degree_top3,rolling5,exact2,nevertreated,pc_score,problem_solving_routines_pc_score,high,github_outcomes,pull_request_merged,FALSE,sa,0,-1.40739823176012,1.79744003414278,-4.93038069867996,2.11558423515972
opened_cohort,important_degree_top3,rolling5,exact2,nevertreated,pc_score,problem_solving_routines_pc_score,high,github_outcomes,pull_request_merged,FALSE,sa,1,-2.01304629743532,2.67944290040066,-7.26475438222062,3.23866178734997
opened_cohort,important_degree_top3,rolling5,exact2,nevertreated,pc_score,problem_solving_routines_pc_score,high,github_outcomes,pull_request_merged,FALSE,sa,2,-3.37463417257338,3.34330173807092,-9.92750557919238,3.17823723404563
opened_cohort,important_degree_top3,rolling5,exact2,nevertreated,pc_score,problem_solving_routines_pc_score,high,github_outcomes,pull_request_merged,FALSE,sa,3,-3.61236377209168,4.13595302593729,-11.7188317029288,4.49410415874541
opened_cohort,important_degree_top3,rolling5,exact2,nevertreated,pc_score,problem_solving_routines_pc_score,high,github_outcomes,pull_request_merged,FALSE,sa,4,-3.98740141135703,4.87840923594826,-13.5490835138156,5.57428069110157
opened_cohort,important_degree_top3,rolling5,exact2,nevertreated,pc_score,problem_solving_routines_pc_score,high,github_outcomes,pull_request_merged,FALSE,sa,5,-1.8018147406756,5.38646794121431,-12.3592919054556,8.75566242410444
opened_cohort,important_degree_top3,rolling5,exact2,nevertreated,pc_score,problem_solving_routines_pc_score,high,github_outcomes,pull_request_merged,FALSE,sa,6,-0.0743314179781633,6.31827828835624,-12.4581568631564,12.3094940272001
opened_cohort,important_degree_top3,rolling5,exact2,nevertreated,pc_score,problem_solving_routines_pc_score,high,github_outcomes,pull_request_merged,FALSE,sa,7,5.47444266017576,8.33957464970834,-10.8711236532526,21.8200089736041
opened_cohort,important_degree_top3,rolling5,exact2,nevertreated,pc_score,problem_solving_routines_pc_score,high,github_outcomes,pull_request_merged,FALSE,sa,8,12.4368680395639,11.1325538775862,-9.38293756050504,34.2566736396328
opened_cohort,important_degree_top3,rolling5,exact2,nevertreated,pc_score,problem_solving_routines_pc_score,high,github_outcomes,pull_request_merged,FALSE,sa,9,15.570463915992,9.36425466059698,-2.78347521877808,33.9244030507621
opened_cohort,important_degree_top3,rolling5,exact2,nevertreated,pc_score,problem_solving_routines_pc_score,high,github_outcomes,pull_request_merged,FALSE,sa,10,5.27162368345162,6.5210997637904,-7.50973185357757,18.0529792204808
opened_cohort,important_degree_top3,rolling5,exact2,nevertreated,pc_score,problem_solving_routines_pc_score,high,github_outcomes,pull_request_merged,FALSE,sa,11,0.758951988118199,6.03057778335083,-11.0609804672494,12.5788844434858
opened_cohort,important_degree_top3,rolling5,exact2,nevertreated,pc_score,collaboration_pc_score,low,downstream_outcomes,overall_new_release_count,TRUE,sa,-15,1.0087013851272,0.399098076893583,0.22646915441578,1.79093361583863
opened_cohort,important_degree_top3,rolling5,exact2,nevertreated,pc_score,collaboration_pc_score,low,downstream_outcomes,overall_new_release_count,TRUE,sa,-14,0.691656730752018,0.355381368762079,-0.00489075202165712,1.38820421352569
opened_cohort,important_degree_top3,rolling5,exact2,nevertreated,pc_score,collaboration_pc_score,low,downstream_outcomes,overall_new_release_count,TRUE,sa,-13,0.73845356324368,0.392897190168686,-0.0316249294869453,1.50853205597431
opened_cohort,important_degree_top3,rolling5,exact2,nevertreated,pc_score,collaboration_pc_score,low,downstream_outcomes,overall_new_release_count,TRUE,sa,-12,0.810974186443484,0.468142771517327,-0.106585645730477,1.72853401861745
opened_cohort,important_degree_top3,rolling5,exact2,nevertreated,pc_score,collaboration_pc_score,low,downstream_outcomes,overall_new_release_count,TRUE,sa,-11,0.61391860682934,0.410813942363539,-0.191276720203197,1.41911393386188
opened_cohort,important_degree_top3,rolling5,exact2,nevertreated,pc_score,collaboration_pc_score,low,downstream_outcomes,overall_new_release_count,TRUE,sa,-10,0.540304138927297,0.352235524268081,-0.150077488638142,1.23068576649273
opened_cohort,important_degree_top3,rolling5,exact2,nevertreated,pc_score,collaboration_pc_score,low,downstream_outcomes,overall_new_release_count,TRUE,sa,-9,0.449177589583204,0.320834764663492,-0.17965854915724,1.07801372832365
opened_cohort,important_degree_top3,rolling5,exact2,nevertreated,pc_score,collaboration_pc_score,low,downstream_outcomes,overall_new_release_count,TRUE,sa,-8,0.367488921887026,0.298611074202267,-0.217788783549416,0.952766627323469
opened_cohort,important_degree_top3,rolling5,exact2,nevertreated,pc_score,collaboration_pc_score,low,downstream_outcomes,overall_new_release_count,TRUE,sa,-7,0.281658642739876,0.269201999198559,-0.245977275689298,0.809294561169051
opened_cohort,important_degree_top3,rolling5,exact2,nevertreated,pc_score,collaboration_pc_score,low,downstream_outcomes,overall_new_release_count,TRUE,sa,-6,0.308593165079862,0.262294641779714,-0.205504332808376,0.822690662968101
opened_cohort,important_degree_top3,rolling5,exact2,nevertreated,pc_score,collaboration_pc_score,low,downstream_outcomes,overall_new_release_count,TRUE,sa,-5,0.102099324491967,0.219143781836331,-0.327422487907242,0.531621136891177
opened_cohort,important_degree_top3,rolling5,exact2,nevertreated,pc_score,collaboration_pc_score,low,downstream_outcomes,overall_new_release_count,TRUE,sa,-4,0.123444872320781,0.148609290064034,-0.167829336204725,0.414719080846287
opened_cohort,important_degree_top3,rolling5,exact2,nevertreated,pc_score,collaboration_pc_score,low,downstream_outcomes,overall_new_release_count,TRUE,sa,-3,-0.0117060440402183,0.119289459914287,-0.24551338547222,0.222101297391784
opened_cohort,important_degree_top3,rolling5,exact2,nevertreated,pc_score,collaboration_pc_score,low,downstream_outcomes,overall_new_release_count,TRUE,sa,-2,0.116444847882029,0.10376652474435,-0.0869375406168971,0.319827236380955
opened_cohort,important_degree_top3,rolling5,exact2,nevertreated,pc_score,collaboration_pc_score,low,downstream_outcomes,overall_new_release_count,TRUE,sa,-1,0,0,0,0
opened_cohort,important_degree_top3,rolling5,exact2,nevertreated,pc_score,collaboration_pc_score,low,downstream_outcomes,overall_new_release_count,TRUE,sa,0,0.135573760751167,0.134323882109439,-0.127701048183335,0.398848569685668
opened_cohort,important_degree_top3,rolling5,exact2,nevertreated,pc_score,collaboration_pc_score,low,downstream_outcomes,overall_new_release_count,TRUE,sa,1,-0.379691556915721,0.145598869646797,-0.665065341423444,-0.0943177724079982
opened_cohort,important_degree_top3,rolling5,exact2,nevertreated,pc_score,collaboration_pc_score,low,downstream_outcomes,overall_new_release_count,TRUE,sa,2,-0.213129193138302,0.201191519484703,-0.607464571328319,0.181206185051715
opened_cohort,important_degree_top3,rolling5,exact2,nevertreated,pc_score,collaboration_pc_score,low,downstream_outcomes,overall_new_release_count,TRUE,sa,3,-0.500956879025748,0.240156847226053,-0.971664299588813,-0.0302494584626835
opened_cohort,important_degree_top3,rolling5,exact2,nevertreated,pc_score,collaboration_pc_score,low,downstream_outcomes,overall_new_release_count,TRUE,sa,4,-0.549775804443942,0.273395647346569,-1.08563127324322,-0.013920335644667
opened_cohort,important_degree_top3,rolling5,exact2,nevertreated,pc_score,collaboration_pc_score,low,downstream_outcomes,overall_new_release_count,TRUE,sa,5,-0.389666089893362,0.294195294439848,-0.966288866995465,0.186956687208741
opened_cohort,important_degree_top3,rolling5,exact2,nevertreated,pc_score,collaboration_pc_score,low,downstream_outcomes,overall_new_release_count,TRUE,sa,6,-0.839589527475967,0.310987482183748,-1.44912499255611,-0.230054062395822
opened_cohort,important_degree_top3,rolling5,exact2,nevertreated,pc_score,collaboration_pc_score,low,downstream_outcomes,overall_new_release_count,TRUE,sa,7,-0.533588316795546,0.3666999108677,-1.25232014209624,0.185143508505146
opened_cohort,important_degree_top3,rolling5,exact2,nevertreated,pc_score,collaboration_pc_score,low,downstream_outcomes,overall_new_release_count,TRUE,sa,8,-0.724040649748423,0.331373245255494,-1.37353221044919,-0.0745490890476544
opened_cohort,important_degree_top3,rolling5,exact2,nevertreated,pc_score,collaboration_pc_score,low,downstream_outcomes,overall_new_release_count,TRUE,sa,9,-1.24963256908477,0.281934744741231,-1.80222466877758,-0.697040469391957
opened_cohort,important_degree_top3,rolling5,exact2,nevertreated,pc_score,collaboration_pc_score,low,downstream_outcomes,overall_new_release_count,TRUE,sa,10,-0.690501795626124,0.484671092867315,-1.64045713764606,0.259453546393814
opened_cohort,important_degree_top3,rolling5,exact2,nevertreated,pc_score,collaboration_pc_score,low,downstream_outcomes,overall_new_release_count,TRUE,sa,11,-1.69569570581533,0.345760909339066,-2.3733870881199,-1.01800432351076
opened_cohort,important_degree_top3,rolling5,exact2,nevertreated,pc_score,collaboration_pc_score,high,downstream_outcomes,overall_new_release_count,TRUE,sa,-15,1.03684998258094,0.342709711437763,0.365138948162925,1.70856101699896
opened_cohort,important_degree_top3,rolling5,exact2,nevertreated,pc_score,collaboration_pc_score,high,downstream_outcomes,overall_new_release_count,TRUE,sa,-14,0.946932599532443,0.308921052478189,0.341447336675192,1.55241786238969
opened_cohort,important_degree_top3,rolling5,exact2,nevertreated,pc_score,collaboration_pc_score,high,downstream_outcomes,overall_new_release_count,TRUE,sa,-13,0.592023547611435,0.295714936567693,0.0124222719387576,1.17162482328411
opened_cohort,important_degree_top3,rolling5,exact2,nevertreated,pc_score,collaboration_pc_score,high,downstream_outcomes,overall_new_release_count,TRUE,sa,-12,0.515343503656748,0.249290094222165,0.0267349189813051,1.00395208833219
opened_cohort,important_degree_top3,rolling5,exact2,nevertreated,pc_score,collaboration_pc_score,high,downstream_outcomes,overall_new_release_count,TRUE,sa,-11,0.425893054050897,0.221826371021846,-0.0088866331519199,0.860672741253715
opened_cohort,important_degree_top3,rolling5,exact2,nevertreated,pc_score,collaboration_pc_score,high,downstream_outcomes,overall_new_release_count,TRUE,sa,-10,0.433656141127336,0.207055087036579,0.0278281705356419,0.839484111719031
opened_cohort,important_degree_top3,rolling5,exact2,nevertreated,pc_score,collaboration_pc_score,high,downstream_outcomes,overall_new_release_count,TRUE,sa,-9,0.286550126375607,0.200135780854916,-0.105716004100029,0.678816256851244
opened_cohort,important_degree_top3,rolling5,exact2,nevertreated,pc_score,collaboration_pc_score,high,downstream_outcomes,overall_new_release_count,TRUE,sa,-8,0.27360526668385,0.185756230889405,-0.0904769458593837,0.637687479227083
opened_cohort,important_degree_top3,rolling5,exact2,nevertreated,pc_score,collaboration_pc_score,high,downstream_outcomes,overall_new_release_count,TRUE,sa,-7,0.192608300521807,0.166421759482289,-0.133578348063479,0.518794949107092
opened_cohort,important_degree_top3,rolling5,exact2,nevertreated,pc_score,collaboration_pc_score,high,downstream_outcomes,overall_new_release_count,TRUE,sa,-6,0.245359700021371,0.165723440106354,-0.0794582425870828,0.570177642629824
opened_cohort,important_degree_top3,rolling5,exact2,nevertreated,pc_score,collaboration_pc_score,high,downstream_outcomes,overall_new_release_count,TRUE,sa,-5,0.30154575945589,0.146423682367833,0.0145553420149382,0.588536176896842
opened_cohort,important_degree_top3,rolling5,exact2,nevertreated,pc_score,collaboration_pc_score,high,downstream_outcomes,overall_new_release_count,TRUE,sa,-4,0.221848688050796,0.14936616263678,-0.0709089907172929,0.514606366818885
opened_cohort,important_degree_top3,rolling5,exact2,nevertreated,pc_score,collaboration_pc_score,high,downstream_outcomes,overall_new_release_count,TRUE,sa,-3,0.0442803074767946,0.128282454261201,-0.20715330287516,0.295713917828749
opened_cohort,important_degree_top3,rolling5,exact2,nevertreated,pc_score,collaboration_pc_score,high,downstream_outcomes,overall_new_release_count,TRUE,sa,-2,0.215131013590007,0.131314191167262,-0.0422448010978267,0.472506828277841
opened_cohort,important_degree_top3,rolling5,exact2,nevertreated,pc_score,collaboration_pc_score,high,downstream_outcomes,overall_new_release_count,TRUE,sa,-1,0,0,0,0
opened_cohort,important_degree_top3,rolling5,exact2,nevertreated,pc_score,collaboration_pc_score,high,downstream_outcomes,overall_new_release_count,TRUE,sa,0,0.197366307303939,0.174789769188672,-0.145221640305858,0.539954254913735
opened_cohort,important_degree_top3,rolling5,exact2,nevertreated,pc_score,collaboration_pc_score,high,downstream_outcomes,overall_new_release_count,TRUE,sa,1,-0.237173763891557,0.203216867694284,-0.635478824572352,0.161131296789239
opened_cohort,important_degree_top3,rolling5,exact2,nevertreated,pc_score,collaboration_pc_score,high,downstream_outcomes,overall_new_release_count,TRUE,sa,2,-0.298342519841196,0.214729059827918,-0.719211477103916,0.122526437421524
opened_cohort,important_degree_top3,rolling5,exact2,nevertreated,pc_score,collaboration_pc_score,high,downstream_outcomes,overall_new_release_count,TRUE,sa,3,-0.402788097791165,0.230359715187998,-0.85429313955964,0.048716943977311
opened_cohort,important_degree_top3,rolling5,exact2,nevertreated,pc_score,collaboration_pc_score,high,downstream_outcomes,overall_new_release_count,TRUE,sa,4,-0.603515804897458,0.256736494830273,-1.10671933476479,-0.100312275030123
opened_cohort,important_degree_top3,rolling5,exact2,nevertreated,pc_score,collaboration_pc_score,high,downstream_outcomes,overall_new_release_count,TRUE,sa,5,-0.632087009962941,0.255204549378063,-1.13228792674394,-0.131886093181938
opened_cohort,important_degree_top3,rolling5,exact2,nevertreated,pc_score,collaboration_pc_score,high,downstream_outcomes,overall_new_release_count,TRUE,sa,6,-0.747300532163019,0.31158263151424,-1.35800248993093,-0.136598574395109
opened_cohort,important_degree_top3,rolling5,exact2,nevertreated,pc_score,collaboration_pc_score,high,downstream_outcomes,overall_new_release_count,TRUE,sa,7,-0.648438471534079,0.38214018673936,-1.39743323754322,0.100556294475065
opened_cohort,important_degree_top3,rolling5,exact2,nevertreated,pc_score,collaboration_pc_score,high,downstream_outcomes,overall_new_release_count,TRUE,sa,8,-0.744509847765093,0.378391980468916,-1.48615812948417,-0.00286156604601839
opened_cohort,important_degree_top3,rolling5,exact2,nevertreated,pc_score,collaboration_pc_score,high,downstream_outcomes,overall_new_release_count,TRUE,sa,9,-0.876324207161451,0.446586290971082,-1.75163333746477,-0.0010150768581304
opened_cohort,important_degree_top3,rolling5,exact2,nevertreated,pc_score,collaboration_pc_score,high,downstream_outcomes,overall_new_release_count,TRUE,sa,10,-0.255135645403155,0.848421537046539,-1.91804185801437,1.40777056720806
opened_cohort,important_degree_top3,rolling5,exact2,nevertreated,pc_score,collaboration_pc_score,high,downstream_outcomes,overall_new_release_count,TRUE,sa,11,-1.68925303659948,0.430457846895066,-2.53295041651381,-0.845555656685152
opened_cohort,important_degree_top3,rolling5,exact2,nevertreated,pc_score,knowledge_level_pc_score,low,downstream_outcomes,overall_new_release_count,TRUE,sa,-15,1.13489655369049,0.278974291046269,0.588106943239808,1.68168616414118
opened_cohort,important_degree_top3,rolling5,exact2,nevertreated,pc_score,knowledge_level_pc_score,low,downstream_outcomes,overall_new_release_count,TRUE,sa,-14,0.698392322541361,0.23315772807153,0.241403175521162,1.15538146956156
opened_cohort,important_degree_top3,rolling5,exact2,nevertreated,pc_score,knowledge_level_pc_score,low,downstream_outcomes,overall_new_release_count,TRUE,sa,-13,0.636957728789619,0.226400144970839,0.193213444646774,1.08070201293246
opened_cohort,important_degree_top3,rolling5,exact2,nevertreated,pc_score,knowledge_level_pc_score,low,downstream_outcomes,overall_new_release_count,TRUE,sa,-12,0.611597765774704,0.189379329861648,0.240414279245873,0.982781252303535
opened_cohort,important_degree_top3,rolling5,exact2,nevertreated,pc_score,knowledge_level_pc_score,low,downstream_outcomes,overall_new_release_count,TRUE,sa,-11,0.401100565580752,0.172159447797066,0.0636680478985033,0.738533083263001
opened_cohort,important_degree_top3,rolling5,exact2,nevertreated,pc_score,knowledge_level_pc_score,low,downstream_outcomes,overall_new_release_count,TRUE,sa,-10,0.435491308712652,0.159795400957319,0.122292322836306,0.748690294588997
opened_cohort,important_degree_top3,rolling5,exact2,nevertreated,pc_score,knowledge_level_pc_score,low,downstream_outcomes,overall_new_release_count,TRUE,sa,-9,0.284545698756327,0.14681402431222,-0.00320978889562495,0.572301186408279
opened_cohort,important_degree_top3,rolling5,exact2,nevertreated,pc_score,knowledge_level_pc_score,low,downstream_outcomes,overall_new_release_count,TRUE,sa,-8,0.188901461052788,0.144519993305502,-0.0943577258259954,0.472160647931571
opened_cohort,important_degree_top3,rolling5,exact2,nevertreated,pc_score,knowledge_level_pc_score,low,downstream_outcomes,overall_new_release_count,TRUE,sa,-7,0.192237802018704,0.152668239810336,-0.106991948009556,0.491467552046963
opened_cohort,important_degree_top3,rolling5,exact2,nevertreated,pc_score,knowledge_level_pc_score,low,downstream_outcomes,overall_new_release_count,TRUE,sa,-6,-0.00921407413749807,0.151455043538158,-0.306065959472287,0.287637811197291
opened_cohort,important_degree_top3,rolling5,exact2,nevertreated,pc_score,knowledge_level_pc_score,low,downstream_outcomes,overall_new_release_count,TRUE,sa,-5,-0.101047842403719,0.116135383698557,-0.328673194452891,0.126577509645453
opened_cohort,important_degree_top3,rolling5,exact2,nevertreated,pc_score,knowledge_level_pc_score,low,downstream_outcomes,overall_new_release_count,TRUE,sa,-4,0.00230317817642846,0.117494532317985,-0.227986105166822,0.232592461519679
opened_cohort,important_degree_top3,rolling5,exact2,nevertreated,pc_score,knowledge_level_pc_score,low,downstream_outcomes,overall_new_release_count,TRUE,sa,-3,-0.156881842004894,0.120359475250555,-0.392786413495982,0.0790227294861943
opened_cohort,important_degree_top3,rolling5,exact2,nevertreated,pc_score,knowledge_level_pc_score,low,downstream_outcomes,overall_new_release_count,TRUE,sa,-2,0.104070726867029,0.110260063290557,-0.112038997182463,0.320180450916521
opened_cohort,important_degree_top3,rolling5,exact2,nevertreated,pc_score,knowledge_level_pc_score,low,downstream_outcomes,overall_new_release_count,TRUE,sa,-1,0,0,0,0
opened_cohort,important_degree_top3,rolling5,exact2,nevertreated,pc_score,knowledge_level_pc_score,low,downstream_outcomes,overall_new_release_count,TRUE,sa,0,-0.0472096502041634,0.139551930750611,-0.320731434475361,0.226312134067035
opened_cohort,important_degree_top3,rolling5,exact2,nevertreated,pc_score,knowledge_level_pc_score,low,downstream_outcomes,overall_new_release_count,TRUE,sa,1,-0.432074789362451,0.14472044340272,-0.715726858431783,-0.148422720293119
opened_cohort,important_degree_top3,rolling5,exact2,nevertreated,pc_score,knowledge_level_pc_score,low,downstream_outcomes,overall_new_release_count,TRUE,sa,2,-0.237096979288595,0.150425998798379,-0.531931936933418,0.0577379783562281
opened_cohort,important_degree_top3,rolling5,exact2,nevertreated,pc_score,knowledge_level_pc_score,low,downstream_outcomes,overall_new_release_count,TRUE,sa,3,-0.66102209390788,0.162268551730967,-0.979068455300576,-0.342975732515184
opened_cohort,important_degree_top3,rolling5,exact2,nevertreated,pc_score,knowledge_level_pc_score,low,downstream_outcomes,overall_new_release_count,TRUE,sa,4,-0.518600255439012,0.187140520325645,-0.885395675277277,-0.151804835600748
opened_cohort,important_degree_top3,rolling5,exact2,nevertreated,pc_score,knowledge_level_pc_score,low,downstream_outcomes,overall_new_release_count,TRUE,sa,5,-0.301469902160233,0.234953783862001,-0.761979318529755,0.159039514209289
opened_cohort,important_degree_top3,rolling5,exact2,nevertreated,pc_score,knowledge_level_pc_score,low,downstream_outcomes,overall_new_release_count,TRUE,sa,6,-0.815616095959496,0.198441930643588,-1.20456228002093,-0.426669911898063
opened_cohort,important_degree_top3,rolling5,exact2,nevertreated,pc_score,knowledge_level_pc_score,low,downstream_outcomes,overall_new_release_count,TRUE,sa,7,-0.556219151530933,0.192231151592816,-0.932992208652852,-0.179446094409015
opened_cohort,important_degree_top3,rolling5,exact2,nevertreated,pc_score,knowledge_level_pc_score,low,downstream_outcomes,overall_new_release_count,TRUE,sa,8,-0.546844108407608,0.22886530818764,-0.995420112455381,-0.0982681043598344
opened_cohort,important_degree_top3,rolling5,exact2,nevertreated,pc_score,knowledge_level_pc_score,low,downstream_outcomes,overall_new_release_count,TRUE,sa,9,-0.937975471371571,0.243426368097822,-1.4150911528433,-0.46085978989984
opened_cohort,important_degree_top3,rolling5,exact2,nevertreated,pc_score,knowledge_level_pc_score,low,downstream_outcomes,overall_new_release_count,TRUE,sa,10,0.40973800412552,0.847036039487449,-1.25045263326988,2.06992864152092
opened_cohort,important_degree_top3,rolling5,exact2,nevertreated,pc_score,knowledge_level_pc_score,low,downstream_outcomes,overall_new_release_count,TRUE,sa,11,-1.51942419270427,0.341223145990829,-2.1882215588463,-0.850626826562246
opened_cohort,important_degree_top3,rolling5,exact2,nevertreated,pc_score,knowledge_level_pc_score,high,downstream_outcomes,overall_new_release_count,TRUE,sa,-15,1.16381728896067,0.390172572926069,0.399079046025575,1.92855553189577
opened_cohort,important_degree_top3,rolling5,exact2,nevertreated,pc_score,knowledge_level_pc_score,high,downstream_outcomes,overall_new_release_count,TRUE,sa,-14,1.00267310524806,0.347992423116478,0.320607955939758,1.68473825455635
opened_cohort,important_degree_top3,rolling5,exact2,nevertreated,pc_score,knowledge_level_pc_score,high,downstream_outcomes,overall_new_release_count,TRUE,sa,-13,0.836998027223831,0.350015743851128,0.150967169275621,1.52302888517204
opened_cohort,important_degree_top3,rolling5,exact2,nevertreated,pc_score,knowledge_level_pc_score,high,downstream_outcomes,overall_new_release_count,TRUE,sa,-12,0.79461723121565,0.360756263001302,0.0875349557330986,1.5016995066982
opened_cohort,important_degree_top3,rolling5,exact2,nevertreated,pc_score,knowledge_level_pc_score,high,downstream_outcomes,overall_new_release_count,TRUE,sa,-11,0.663362982204184,0.318922525161395,0.0382748328878505,1.28845113152052
opened_cohort,important_degree_top3,rolling5,exact2,nevertreated,pc_score,knowledge_level_pc_score,high,downstream_outcomes,overall_new_release_count,TRUE,sa,-10,0.59025998374442,0.292229061999507,0.0174910222253855,1.16302894526345
opened_cohort,important_degree_top3,rolling5,exact2,nevertreated,pc_score,knowledge_level_pc_score,high,downstream_outcomes,overall_new_release_count,TRUE,sa,-9,0.524514452853633,0.269773468423937,-0.00424154525728315,1.05327045096455
opened_cohort,important_degree_top3,rolling5,exact2,nevertreated,pc_score,knowledge_level_pc_score,high,downstream_outcomes,overall_new_release_count,TRUE,sa,-8,0.527151895374687,0.25239254331057,0.0324625104859697,1.0218412802634
opened_cohort,important_degree_top3,rolling5,exact2,nevertreated,pc_score,knowledge_level_pc_score,high,downstream_outcomes,overall_new_release_count,TRUE,sa,-7,0.39329752754872,0.22698429421752,-0.0515916891176185,0.838186744215058
opened_cohort,important_degree_top3,rolling5,exact2,nevertreated,pc_score,knowledge_level_pc_score,high,downstream_outcomes,overall_new_release_count,TRUE,sa,-6,0.612440443398764,0.235506676431776,0.150847357592482,1.07403352920505
opened_cohort,important_degree_top3,rolling5,exact2,nevertreated,pc_score,knowledge_level_pc_score,high,downstream_outcomes,overall_new_release_count,TRUE,sa,-5,0.474150470655609,0.207863167741299,0.0667386618826624,0.881562279428555
opened_cohort,important_degree_top3,rolling5,exact2,nevertreated,pc_score,knowledge_level_pc_score,high,downstream_outcomes,overall_new_release_count,TRUE,sa,-4,0.367122595484449,0.179103052656014,0.0160806122786619,0.718164578690236
opened_cohort,important_degree_top3,rolling5,exact2,nevertreated,pc_score,knowledge_level_pc_score,high,downstream_outcomes,overall_new_release_count,TRUE,sa,-3,0.242341212970743,0.138258024679289,-0.0286445154006626,0.513326941342148
opened_cohort,important_degree_top3,rolling5,exact2,nevertreated,pc_score,knowledge_level_pc_score,high,downstream_outcomes,overall_new_release_count,TRUE,sa,-2,0.218584350566357,0.116665820724539,-0.0100806580537399,0.447249359186453
opened_cohort,important_degree_top3,rolling5,exact2,nevertreated,pc_score,knowledge_level_pc_score,high,downstream_outcomes,overall_new_release_count,TRUE,sa,-1,0,0,0,0
opened_cohort,important_degree_top3,rolling5,exact2,nevertreated,pc_score,knowledge_level_pc_score,high,downstream_outcomes,overall_new_release_count,TRUE,sa,0,0.343514873655179,0.15644290981479,0.0368867704181894,0.650142976892168
opened_cohort,important_degree_top3,rolling5,exact2,nevertreated,pc_score,knowledge_level_pc_score,high,downstream_outcomes,overall_new_release_count,TRUE,sa,1,-0.329535026081061,0.16938883462869,-0.661537141953293,0.00246708979117155
opened_cohort,important_degree_top3,rolling5,exact2,nevertreated,pc_score,knowledge_level_pc_score,high,downstream_outcomes,overall_new_release_count,TRUE,sa,2,-0.396613689575711,0.234142113943507,-0.855532232904985,0.0623048537535631
opened_cohort,important_degree_top3,rolling5,exact2,nevertreated,pc_score,knowledge_level_pc_score,high,downstream_outcomes,overall_new_release_count,TRUE,sa,3,-0.261697407633524,0.250861869600102,-0.753386672049724,0.229991856782677
opened_cohort,important_degree_top3,rolling5,exact2,nevertreated,pc_score,knowledge_level_pc_score,high,downstream_outcomes,overall_new_release_count,TRUE,sa,4,-0.632236229082235,0.327566734208358,-1.27426702813062,0.00979456996614736
opened_cohort,important_degree_top3,rolling5,exact2,nevertreated,pc_score,knowledge_level_pc_score,high,downstream_outcomes,overall_new_release_count,TRUE,sa,5,-0.681264186052159,0.33435226997457,-1.33659463520232,-0.0259337369020007
opened_cohort,important_degree_top3,rolling5,exact2,nevertreated,pc_score,knowledge_level_pc_score,high,downstream_outcomes,overall_new_release_count,TRUE,sa,6,-0.768584538179028,0.374890588567791,-1.5033700917719,-0.0337989845861585
opened_cohort,important_degree_top3,rolling5,exact2,nevertreated,pc_score,knowledge_level_pc_score,high,downstream_outcomes,overall_new_release_count,TRUE,sa,7,-0.684577891523766,0.491639989147117,-1.64819227025212,0.279036487204584
opened_cohort,important_degree_top3,rolling5,exact2,nevertreated,pc_score,knowledge_level_pc_score,high,downstream_outcomes,overall_new_release_count,TRUE,sa,8,-1.06172788101487,0.459789778341394,-1.962915846564,-0.160539915465735
opened_cohort,important_degree_top3,rolling5,exact2,nevertreated,pc_score,knowledge_level_pc_score,high,downstream_outcomes,overall_new_release_count,TRUE,sa,9,-1.18355903327299,0.510949410891989,-2.18501987862129,-0.182098187924693
opened_cohort,important_degree_top3,rolling5,exact2,nevertreated,pc_score,knowledge_level_pc_score,high,downstream_outcomes,overall_new_release_count,TRUE,sa,10,-1.46129910817762,0.519241263847467,-2.47901198531865,-0.443586231036584
opened_cohort,important_degree_top3,rolling5,exact2,nevertreated,pc_score,knowledge_level_pc_score,high,downstream_outcomes,overall_new_release_count,TRUE,sa,11,-1.88390245326321,0.449670296967213,-2.76525623531895,-1.00254867120747
opened_cohort,important_degree_top3,rolling5,exact2,nevertreated,pc_score,discussion_quality_pc_score,low,downstream_outcomes,overall_new_release_count,TRUE,sa,-15,0.856133504263453,0.240259145591429,0.385225578904253,1.32704142962265
opened_cohort,important_degree_top3,rolling5,exact2,nevertreated,pc_score,discussion_quality_pc_score,low,downstream_outcomes,overall_new_release_count,TRUE,sa,-14,0.704985931607896,0.213508290394282,0.286509682435103,1.12346218078069
opened_cohort,important_degree_top3,rolling5,exact2,nevertreated,pc_score,discussion_quality_pc_score,low,downstream_outcomes,overall_new_release_count,TRUE,sa,-13,0.698273151303367,0.20403396532756,0.29836657926135,1.09817972334539
opened_cohort,important_degree_top3,rolling5,exact2,nevertreated,pc_score,discussion_quality_pc_score,low,downstream_outcomes,overall_new_release_count,TRUE,sa,-12,0.522207269344606,0.174704686479381,0.179786083845019,0.864628454844193
opened_cohort,important_degree_top3,rolling5,exact2,nevertreated,pc_score,discussion_quality_pc_score,low,downstream_outcomes,overall_new_release_count,TRUE,sa,-11,0.280284770983865,0.153719389515497,-0.0210052324665089,0.581574774434239
opened_cohort,important_degree_top3,rolling5,exact2,nevertreated,pc_score,discussion_quality_pc_score,low,downstream_outcomes,overall_new_release_count,TRUE,sa,-10,0.34509892630285,0.15505817914824,0.0411848951722987,0.649012957433401
opened_cohort,important_degree_top3,rolling5,exact2,nevertreated,pc_score,discussion_quality_pc_score,low,downstream_outcomes,overall_new_release_count,TRUE,sa,-9,0.190770420791616,0.141583708195177,-0.0867336472709299,0.468274488854163
opened_cohort,important_degree_top3,rolling5,exact2,nevertreated,pc_score,discussion_quality_pc_score,low,downstream_outcomes,overall_new_release_count,TRUE,sa,-8,0.109171823653258,0.14386320873265,-0.172800065462736,0.391143712769252
opened_cohort,important_degree_top3,rolling5,exact2,nevertreated,pc_score,discussion_quality_pc_score,low,downstream_outcomes,overall_new_release_count,TRUE,sa,-7,0.00955228644414633,0.151784424947183,-0.287945186452333,0.307049759340626
opened_cohort,important_degree_top3,rolling5,exact2,nevertreated,pc_score,discussion_quality_pc_score,low,downstream_outcomes,overall_new_release_count,TRUE,sa,-6,-0.031505810579895,0.16004504311853,-0.345194095092215,0.282182473932425
opened_cohort,important_degree_top3,rolling5,exact2,nevertreated,pc_score,discussion_quality_pc_score,low,downstream_outcomes,overall_new_release_count,TRUE,sa,-5,-0.0252364368699563,0.118948770741945,-0.258376027524168,0.207903153784255
opened_cohort,important_degree_top3,rolling5,exact2,nevertreated,pc_score,discussion_quality_pc_score,low,downstream_outcomes,overall_new_release_count,TRUE,sa,-4,-0.0439898252843709,0.114417516246676,-0.268248157127855,0.180268506559113
opened_cohort,important_degree_top3,rolling5,exact2,nevertreated,pc_score,discussion_quality_pc_score,low,downstream_outcomes,overall_new_release_count,TRUE,sa,-3,-0.139331882766311,0.113427630699564,-0.361650038937456,0.0829862734048338
opened_cohort,important_degree_top3,rolling5,exact2,nevertreated,pc_score,discussion_quality_pc_score,low,downstream_outcomes,overall_new_release_count,TRUE,sa,-2,0.0464240581872563,0.107292411656836,-0.163869068660143,0.256717185034655
opened_cohort,important_degree_top3,rolling5,exact2,nevertreated,pc_score,discussion_quality_pc_score,low,downstream_outcomes,overall_new_release_count,TRUE,sa,-1,0,0,0,0
opened_cohort,important_degree_top3,rolling5,exact2,nevertreated,pc_score,discussion_quality_pc_score,low,downstream_outcomes,overall_new_release_count,TRUE,sa,0,0.0183552798369289,0.13646336036489,-0.249112906478255,0.285823466152113
opened_cohort,important_degree_top3,rolling5,exact2,nevertreated,pc_score,discussion_quality_pc_score,low,downstream_outcomes,overall_new_release_count,TRUE,sa,1,-0.3565106753251,0.129376197789641,-0.610088022992797,-0.102933327657403
opened_cohort,important_degree_top3,rolling5,exact2,nevertreated,pc_score,discussion_quality_pc_score,low,downstream_outcomes,overall_new_release_count,TRUE,sa,2,-0.38294447914477,0.136934634513926,-0.651336362792065,-0.114552595497476
opened_cohort,important_degree_top3,rolling5,exact2,nevertreated,pc_score,discussion_quality_pc_score,low,downstream_outcomes,overall_new_release_count,TRUE,sa,3,-0.467367756935545,0.175851635544074,-0.81203696260193,-0.122698551269161
opened_cohort,important_degree_top3,rolling5,exact2,nevertreated,pc_score,discussion_quality_pc_score,low,downstream_outcomes,overall_new_release_count,TRUE,sa,4,-0.437374574471337,0.205127660490216,-0.83942478903216,-0.035324359910513
opened_cohort,important_degree_top3,rolling5,exact2,nevertreated,pc_score,discussion_quality_pc_score,low,downstream_outcomes,overall_new_release_count,TRUE,sa,5,-0.301407569144558,0.238827302563805,-0.769509082169616,0.166693943880501
opened_cohort,important_degree_top3,rolling5,exact2,nevertreated,pc_score,discussion_quality_pc_score,low,downstream_outcomes,overall_new_release_count,TRUE,sa,6,-0.7479367677562,0.224999845298252,-1.18893646454077,-0.306937070971625
opened_cohort,important_degree_top3,rolling5,exact2,nevertreated,pc_score,discussion_quality_pc_score,low,downstream_outcomes,overall_new_release_count,TRUE,sa,7,-0.530547025907068,0.246627138614259,-1.01393621759102,-0.047157834223121
opened_cohort,important_degree_top3,rolling5,exact2,nevertreated,pc_score,discussion_quality_pc_score,low,downstream_outcomes,overall_new_release_count,TRUE,sa,8,-0.666845763321619,0.237292855160479,-1.13193975943616,-0.20175176720708
opened_cohort,important_degree_top3,rolling5,exact2,nevertreated,pc_score,discussion_quality_pc_score,low,downstream_outcomes,overall_new_release_count,TRUE,sa,9,-1.00115444543154,0.297111081610001,-1.58349216538715,-0.418816725475941
opened_cohort,important_degree_top3,rolling5,exact2,nevertreated,pc_score,discussion_quality_pc_score,low,downstream_outcomes,overall_new_release_count,TRUE,sa,10,-0.00847754432694825,0.80653613784723,-1.58928837450752,1.57233328585362
opened_cohort,important_degree_top3,rolling5,exact2,nevertreated,pc_score,discussion_quality_pc_score,low,downstream_outcomes,overall_new_release_count,TRUE,sa,11,-1.53476535197688,0.339804539522608,-2.2007822494412,-0.868748454512573
opened_cohort,important_degree_top3,rolling5,exact2,nevertreated,pc_score,discussion_quality_pc_score,high,downstream_outcomes,overall_new_release_count,TRUE,sa,-15,1.10131244610209,0.377615326456683,0.36118640624699,1.84143848595719
opened_cohort,important_degree_top3,rolling5,exact2,nevertreated,pc_score,discussion_quality_pc_score,high,downstream_outcomes,overall_new_release_count,TRUE,sa,-14,0.985327844605722,0.336741745156247,0.325314024099478,1.64534166511197
opened_cohort,important_degree_top3,rolling5,exact2,nevertreated,pc_score,discussion_quality_pc_score,high,downstream_outcomes,overall_new_release_count,TRUE,sa,-13,0.814618355791621,0.347675973287053,0.133173448148997,1.49606326343424
opened_cohort,important_degree_top3,rolling5,exact2,nevertreated,pc_score,discussion_quality_pc_score,high,downstream_outcomes,overall_new_release_count,TRUE,sa,-12,0.79670612162943,0.350515026613149,0.109696669467658,1.4837155737912
opened_cohort,important_degree_top3,rolling5,exact2,nevertreated,pc_score,discussion_quality_pc_score,high,downstream_outcomes,overall_new_release_count,TRUE,sa,-11,0.695442063196905,0.309836005861156,0.0881634917090395,1.30272063468477
opened_cohort,important_degree_top3,rolling5,exact2,nevertreated,pc_score,discussion_quality_pc_score,high,downstream_outcomes,overall_new_release_count,TRUE,sa,-10,0.622589968933926,0.277689537702761,0.0783184750365145,1.16686146283134
opened_cohort,important_degree_top3,rolling5,exact2,nevertreated,pc_score,discussion_quality_pc_score,high,downstream_outcomes,overall_new_release_count,TRUE,sa,-9,0.572768843769009,0.265883504577342,0.0516371747974186,1.0939005127406
opened_cohort,important_degree_top3,rolling5,exact2,nevertreated,pc_score,discussion_quality_pc_score,high,downstream_outcomes,overall_new_release_count,TRUE,sa,-8,0.549968727498991,0.245127499730707,0.069518828026805,1.03041862697118
opened_cohort,important_degree_top3,rolling5,exact2,nevertreated,pc_score,discussion_quality_pc_score,high,downstream_outcomes,overall_new_release_count,TRUE,sa,-7,0.472007396181525,0.22455125702423,0.031886932414034,0.912127859949015
opened_cohort,important_degree_top3,rolling5,exact2,nevertreated,pc_score,discussion_quality_pc_score,high,downstream_outcomes,overall_new_release_count,TRUE,sa,-6,0.619014819996256,0.227596773669502,0.172925143604032,1.06510449638848
opened_cohort,important_degree_top3,rolling5,exact2,nevertreated,pc_score,discussion_quality_pc_score,high,downstream_outcomes,overall_new_release_count,TRUE,sa,-5,0.358689232106402,0.200911543042067,-0.0350973922560489,0.752475856468852
opened_cohort,important_degree_top3,rolling5,exact2,nevertreated,pc_score,discussion_quality_pc_score,high,downstream_outcomes,overall_new_release_count,TRUE,sa,-4,0.40346527554828,0.177811927221447,0.0549538981942435,0.751976652902316
opened_cohort,important_degree_top3,rolling5,exact2,nevertreated,pc_score,discussion_quality_pc_score,high,downstream_outcomes,overall_new_release_count,TRUE,sa,-3,0.238239598107241,0.145331021984663,-0.0466092049826977,0.52308840119718
opened_cohort,important_degree_top3,rolling5,exact2,nevertreated,pc_score,discussion_quality_pc_score,high,downstream_outcomes,overall_new_release_count,TRUE,sa,-2,0.279635651652373,0.121947663876135,0.0406182304551485,0.518653072849597
opened_cohort,important_degree_top3,rolling5,exact2,nevertreated,pc_score,discussion_quality_pc_score,high,downstream_outcomes,overall_new_release_count,TRUE,sa,-1,0,0,0,0
opened_cohort,important_degree_top3,rolling5,exact2,nevertreated,pc_score,discussion_quality_pc_score,high,downstream_outcomes,overall_new_release_count,TRUE,sa,0,0.247216035829213,0.160011445380522,-0.0664063971166102,0.560838468775035
opened_cohort,important_degree_top3,rolling5,exact2,nevertreated,pc_score,discussion_quality_pc_score,high,downstream_outcomes,overall_new_release_count,TRUE,sa,1,-0.399304443900992,0.179751153752272,-0.751616705255446,-0.046992182546538
opened_cohort,important_degree_top3,rolling5,exact2,nevertreated,pc_score,discussion_quality_pc_score,high,downstream_outcomes,overall_new_release_count,TRUE,sa,2,-0.269103222624865,0.242876434644962,-0.745141034528992,0.206934589279261
opened_cohort,important_degree_top3,rolling5,exact2,nevertreated,pc_score,discussion_quality_pc_score,high,downstream_outcomes,overall_new_release_count,TRUE,sa,3,-0.524163491181781,0.241743846687363,-0.997981430689013,-0.0503455516745484
opened_cohort,important_degree_top3,rolling5,exact2,nevertreated,pc_score,discussion_quality_pc_score,high,downstream_outcomes,overall_new_release_count,TRUE,sa,4,-0.768698640816501,0.297514342856312,-1.35182675281487,-0.18557052881813
opened_cohort,important_degree_top3,rolling5,exact2,nevertreated,pc_score,discussion_quality_pc_score,high,downstream_outcomes,overall_new_release_count,TRUE,sa,5,-0.738573820106995,0.303894038495646,-1.33420613555846,-0.142941504655529
opened_cohort,important_degree_top3,rolling5,exact2,nevertreated,pc_score,discussion_quality_pc_score,high,downstream_outcomes,overall_new_release_count,TRUE,sa,6,-0.824741459651155,0.362535669846078,-1.53531137254947,-0.114171546752843
opened_cohort,important_degree_top3,rolling5,exact2,nevertreated,pc_score,discussion_quality_pc_score,high,downstream_outcomes,overall_new_release_count,TRUE,sa,7,-0.716472792025563,0.453438979272245,-1.60521319139916,0.172267607348037
opened_cohort,important_degree_top3,rolling5,exact2,nevertreated,pc_score,discussion_quality_pc_score,high,downstream_outcomes,overall_new_release_count,TRUE,sa,8,-1.00855342648813,0.418633604046455,-1.82907529041918,-0.188031562557076
opened_cohort,important_degree_top3,rolling5,exact2,nevertreated,pc_score,discussion_quality_pc_score,high,downstream_outcomes,overall_new_release_count,TRUE,sa,9,-1.15596992041221,0.467743070534071,-2.07274633865898,-0.239193502165427
opened_cohort,important_degree_top3,rolling5,exact2,nevertreated,pc_score,discussion_quality_pc_score,high,downstream_outcomes,overall_new_release_count,TRUE,sa,10,-1.0695362434616,0.566544699822885,-2.17996385511446,0.0408913681912513
opened_cohort,important_degree_top3,rolling5,exact2,nevertreated,pc_score,discussion_quality_pc_score,high,downstream_outcomes,overall_new_release_count,TRUE,sa,11,-1.94913726864262,0.423911648145874,-2.78000409900854,-1.11827043827671
opened_cohort,important_degree_top3,rolling5,exact2,nevertreated,pc_score,investment_in_new_talent_pc_score,low,downstream_outcomes,overall_new_release_count,TRUE,sa,-15,0.734803067238752,0.299151641855234,0.148465849202494,1.32114028527501
opened_cohort,important_degree_top3,rolling5,exact2,nevertreated,pc_score,investment_in_new_talent_pc_score,low,downstream_outcomes,overall_new_release_count,TRUE,sa,-14,0.59693304372433,0.254805115853966,0.0975150166505563,1.0963510707981
opened_cohort,important_degree_top3,rolling5,exact2,nevertreated,pc_score,investment_in_new_talent_pc_score,low,downstream_outcomes,overall_new_release_count,TRUE,sa,-13,0.621378307613432,0.289939345119996,0.0530971911782391,1.18965942404862
opened_cohort,important_degree_top3,rolling5,exact2,nevertreated,pc_score,investment_in_new_talent_pc_score,low,downstream_outcomes,overall_new_release_count,TRUE,sa,-12,0.782294774007148,0.375853963931701,0.0456210047010135,1.51896854331328
opened_cohort,important_degree_top3,rolling5,exact2,nevertreated,pc_score,investment_in_new_talent_pc_score,low,downstream_outcomes,overall_new_release_count,TRUE,sa,-11,0.688328624915477,0.317855848685415,0.0653311614920641,1.31132608833889
opened_cohort,important_degree_top3,rolling5,exact2,nevertreated,pc_score,investment_in_new_talent_pc_score,low,downstream_outcomes,overall_new_release_count,TRUE,sa,-10,0.68959060693589,0.280989888169496,0.138850426123678,1.2403307877481
opened_cohort,important_degree_top3,rolling5,exact2,nevertreated,pc_score,investment_in_new_talent_pc_score,low,downstream_outcomes,overall_new_release_count,TRUE,sa,-9,0.530288789561348,0.262829597215666,0.0151427790186427,1.04543480010405
opened_cohort,important_degree_top3,rolling5,exact2,nevertreated,pc_score,investment_in_new_talent_pc_score,low,downstream_outcomes,overall_new_release_count,TRUE,sa,-8,0.500498174436356,0.248454305126137,0.0135277363891271,0.987468612483585
opened_cohort,important_degree_top3,rolling5,exact2,nevertreated,pc_score,investment_in_new_talent_pc_score,low,downstream_outcomes,overall_new_release_count,TRUE,sa,-7,0.361943933402421,0.238573303734243,-0.105659741916695,0.829547608721537
opened_cohort,important_degree_top3,rolling5,exact2,nevertreated,pc_score,investment_in_new_talent_pc_score,low,downstream_outcomes,overall_new_release_count,TRUE,sa,-6,0.459668651256867,0.228566460767273,0.011678388153013,0.907658914360722
opened_cohort,important_degree_top3,rolling5,exact2,nevertreated,pc_score,investment_in_new_talent_pc_score,low,downstream_outcomes,overall_new_release_count,TRUE,sa,-5,0.193693859836665,0.193043812449734,-0.184672012564814,0.572059732238144
opened_cohort,important_degree_top3,rolling5,exact2,nevertreated,pc_score,investment_in_new_talent_pc_score,low,downstream_outcomes,overall_new_release_count,TRUE,sa,-4,0.155089072295039,0.142229616484358,-0.123680976014303,0.433859120604382
opened_cohort,important_degree_top3,rolling5,exact2,nevertreated,pc_score,investment_in_new_talent_pc_score,low,downstream_outcomes,overall_new_release_count,TRUE,sa,-3,-0.028249854166215,0.114139738832736,-0.251963742278377,0.195464033945947
opened_cohort,important_degree_top3,rolling5,exact2,nevertreated,pc_score,investment_in_new_talent_pc_score,low,downstream_outcomes,overall_new_release_count,TRUE,sa,-2,0.214072997309208,0.112782171033573,-0.00698005791659506,0.435126052535011
opened_cohort,important_degree_top3,rolling5,exact2,nevertreated,pc_score,investment_in_new_talent_pc_score,low,downstream_outcomes,overall_new_release_count,TRUE,sa,-1,0,0,0,0
opened_cohort,important_degree_top3,rolling5,exact2,nevertreated,pc_score,investment_in_new_talent_pc_score,low,downstream_outcomes,overall_new_release_count,TRUE,sa,0,0.252791121224668,0.130924450035656,-0.00382080084521796,0.509403043294555
opened_cohort,important_degree_top3,rolling5,exact2,nevertreated,pc_score,investment_in_new_talent_pc_score,low,downstream_outcomes,overall_new_release_count,TRUE,sa,1,-0.189960887499493,0.138598996251343,-0.461614920152124,0.081693145153139
opened_cohort,important_degree_top3,rolling5,exact2,nevertreated,pc_score,investment_in_new_talent_pc_score,low,downstream_outcomes,overall_new_release_count,TRUE,sa,2,-0.0829818581985021,0.176138051157155,-0.428212438466526,0.262248722069522
opened_cohort,important_degree_top3,rolling5,exact2,nevertreated,pc_score,investment_in_new_talent_pc_score,low,downstream_outcomes,overall_new_release_count,TRUE,sa,3,-0.243317528680982,0.19471813359582,-0.62496507052879,0.138330013166825
opened_cohort,important_degree_top3,rolling5,exact2,nevertreated,pc_score,investment_in_new_talent_pc_score,low,downstream_outcomes,overall_new_release_count,TRUE,sa,4,-0.289524211558091,0.207291279530313,-0.695815119437505,0.116766696321323
opened_cohort,important_degree_top3,rolling5,exact2,nevertreated,pc_score,investment_in_new_talent_pc_score,low,downstream_outcomes,overall_new_release_count,TRUE,sa,5,-0.160280581215197,0.217145357593209,-0.585885482097887,0.265324319667493
opened_cohort,important_degree_top3,rolling5,exact2,nevertreated,pc_score,investment_in_new_talent_pc_score,low,downstream_outcomes,overall_new_release_count,TRUE,sa,6,-0.212379033709701,0.237931650046524,-0.678725067800888,0.253967000381487
opened_cohort,important_degree_top3,rolling5,exact2,nevertreated,pc_score,investment_in_new_talent_pc_score,low,downstream_outcomes,overall_new_release_count,TRUE,sa,7,0.142011242624133,0.295266873446517,-0.436711829331041,0.720734314579306
opened_cohort,important_degree_top3,rolling5,exact2,nevertreated,pc_score,investment_in_new_talent_pc_score,low,downstream_outcomes,overall_new_release_count,TRUE,sa,8,-0.110865658936683,0.263664483761743,-0.6276480471097,0.405916729236333
opened_cohort,important_degree_top3,rolling5,exact2,nevertreated,pc_score,investment_in_new_talent_pc_score,low,downstream_outcomes,overall_new_release_count,TRUE,sa,9,-0.225674898809356,0.265158082663173,-0.745384740829174,0.294034943210462
opened_cohort,important_degree_top3,rolling5,exact2,nevertreated,pc_score,investment_in_new_talent_pc_score,low,downstream_outcomes,overall_new_release_count,TRUE,sa,10,-0.0754296477828457,0.393820365394868,-0.847317563956787,0.696458268391095
opened_cohort,important_degree_top3,rolling5,exact2,nevertreated,pc_score,investment_in_new_talent_pc_score,low,downstream_outcomes,overall_new_release_count,TRUE,sa,11,-1.14265511101197,0.320852213455384,-1.77152544938452,-0.513784772639412
opened_cohort,important_degree_top3,rolling5,exact2,nevertreated,pc_score,investment_in_new_talent_pc_score,high,downstream_outcomes,overall_new_release_count,TRUE,sa,-15,1.28994792049236,0.375055656372446,0.554838834002363,2.02505700698235
opened_cohort,important_degree_top3,rolling5,exact2,nevertreated,pc_score,investment_in_new_talent_pc_score,high,downstream_outcomes,overall_new_release_count,TRUE,sa,-14,1.05790453420278,0.331659617778082,0.407851683357741,1.70795738504782
opened_cohort,important_degree_top3,rolling5,exact2,nevertreated,pc_score,investment_in_new_talent_pc_score,high,downstream_outcomes,overall_new_release_count,TRUE,sa,-13,0.738609112544612,0.318075239905623,0.11518164232959,1.36203658275963
opened_cohort,important_degree_top3,rolling5,exact2,nevertreated,pc_score,investment_in_new_talent_pc_score,high,downstream_outcomes,overall_new_release_count,TRUE,sa,-12,0.555494410431293,0.288117396071207,-0.00921568586827248,1.12020450673086
opened_cohort,important_degree_top3,rolling5,exact2,nevertreated,pc_score,investment_in_new_talent_pc_score,high,downstream_outcomes,overall_new_release_count,TRUE,sa,-11,0.33783957266863,0.254053245057252,-0.160104787643583,0.835783932980844
opened_cohort,important_degree_top3,rolling5,exact2,nevertreated,pc_score,investment_in_new_talent_pc_score,high,downstream_outcomes,overall_new_release_count,TRUE,sa,-10,0.309997582630795,0.230566711721198,-0.141913172342754,0.761908337604343
opened_cohort,important_degree_top3,rolling5,exact2,nevertreated,pc_score,investment_in_new_talent_pc_score,high,downstream_outcomes,overall_new_release_count,TRUE,sa,-9,0.31271203636555,0.218842340483539,-0.116218950982187,0.741643023713287
opened_cohort,important_degree_top3,rolling5,exact2,nevertreated,pc_score,investment_in_new_talent_pc_score,high,downstream_outcomes,overall_new_release_count,TRUE,sa,-8,0.230849264150463,0.203658773200541,-0.168321931322598,0.630020459623523
opened_cohort,important_degree_top3,rolling5,exact2,nevertreated,pc_score,investment_in_new_talent_pc_score,high,downstream_outcomes,overall_new_release_count,TRUE,sa,-7,0.233577968598147,0.202285950163765,-0.162902493722833,0.630058430919126
opened_cohort,important_degree_top3,rolling5,exact2,nevertreated,pc_score,investment_in_new_talent_pc_score,high,downstream_outcomes,overall_new_release_count,TRUE,sa,-6,0.106255931645859,0.218599542706924,-0.322199172059711,0.53471103535143
opened_cohort,important_degree_top3,rolling5,exact2,nevertreated,pc_score,investment_in_new_talent_pc_score,high,downstream_outcomes,overall_new_release_count,TRUE,sa,-5,0.190848772391552,0.189441534335945,-0.1804566349069,0.562154179690005
opened_cohort,important_degree_top3,rolling5,exact2,nevertreated,pc_score,investment_in_new_talent_pc_score,high,downstream_outcomes,overall_new_release_count,TRUE,sa,-4,0.209114713668633,0.186393627209149,-0.156216795661299,0.574446222998565
opened_cohort,important_degree_top3,rolling5,exact2,nevertreated,pc_score,investment_in_new_talent_pc_score,high,downstream_outcomes,overall_new_release_count,TRUE,sa,-3,0.108110397638782,0.154372999162161,-0.194460680719053,0.410681475996617
opened_cohort,important_degree_top3,rolling5,exact2,nevertreated,pc_score,investment_in_new_talent_pc_score,high,downstream_outcomes,overall_new_release_count,TRUE,sa,-2,0.0649591596886591,0.125057314833968,-0.180153177385918,0.310071496763236
opened_cohort,important_degree_top3,rolling5,exact2,nevertreated,pc_score,investment_in_new_talent_pc_score,high,downstream_outcomes,overall_new_release_count,TRUE,sa,-1,0,0,0,0
opened_cohort,important_degree_top3,rolling5,exact2,nevertreated,pc_score,investment_in_new_talent_pc_score,high,downstream_outcomes,overall_new_release_count,TRUE,sa,0,-0.0187319733462817,0.162707478406839,-0.337638631023687,0.300174684331123
opened_cohort,important_degree_top3,rolling5,exact2,nevertreated,pc_score,investment_in_new_talent_pc_score,high,downstream_outcomes,overall_new_release_count,TRUE,sa,1,-0.485509458486984,0.175691734114489,-0.829865257351383,-0.141153659622584
opened_cohort,important_degree_top3,rolling5,exact2,nevertreated,pc_score,investment_in_new_talent_pc_score,high,downstream_outcomes,overall_new_release_count,TRUE,sa,2,-0.420036831009549,0.209293576844068,-0.830252241623922,-0.00982142039517531
opened_cohort,important_degree_top3,rolling5,exact2,nevertreated,pc_score,investment_in_new_talent_pc_score,high,downstream_outcomes,overall_new_release_count,TRUE,sa,3,-0.538764529542057,0.25106049159051,-1.03084309305946,-0.0466859660246577
opened_cohort,important_degree_top3,rolling5,exact2,nevertreated,pc_score,investment_in_new_talent_pc_score,high,downstream_outcomes,overall_new_release_count,TRUE,sa,4,-0.610519817680024,0.33143173734672,-1.2601260228796,0.0390863875195475
opened_cohort,important_degree_top3,rolling5,exact2,nevertreated,pc_score,investment_in_new_talent_pc_score,high,downstream_outcomes,overall_new_release_count,TRUE,sa,5,-0.604777206560038,0.366366849245745,-1.3228562310817,0.113301817961621
opened_cohort,important_degree_top3,rolling5,exact2,nevertreated,pc_score,investment_in_new_talent_pc_score,high,downstream_outcomes,overall_new_release_count,TRUE,sa,6,-1.12820495427511,0.351453823299267,-1.81705444794167,-0.439355460608544
opened_cohort,important_degree_top3,rolling5,exact2,nevertreated,pc_score,investment_in_new_talent_pc_score,high,downstream_outcomes,overall_new_release_count,TRUE,sa,7,-1.24531307461058,0.398665324359997,-2.02669711035617,-0.463929038864985
opened_cohort,important_degree_top3,rolling5,exact2,nevertreated,pc_score,investment_in_new_talent_pc_score,high,downstream_outcomes,overall_new_release_count,TRUE,sa,8,-1.23375914057084,0.418221769517167,-2.05347380882449,-0.414044472317197
opened_cohort,important_degree_top3,rolling5,exact2,nevertreated,pc_score,investment_in_new_talent_pc_score,high,downstream_outcomes,overall_new_release_count,TRUE,sa,9,-1.79369690118254,0.447141788931511,-2.6700948074883,-0.917298994876779
opened_cohort,important_degree_top3,rolling5,exact2,nevertreated,pc_score,investment_in_new_talent_pc_score,high,downstream_outcomes,overall_new_release_count,TRUE,sa,10,-0.430734156638273,1.20353789827965,-2.78966843726639,1.92820012398985
opened_cohort,important_degree_top3,rolling5,exact2,nevertreated,pc_score,investment_in_new_talent_pc_score,high,downstream_outcomes,overall_new_release_count,TRUE,sa,11,-2.08130763951193,0.456041823303585,-2.97514961318696,-1.1874656658369
opened_cohort,important_degree_top3,rolling5,exact2,nevertreated,pc_score,problem_solving_routines_pc_score,low,downstream_outcomes,overall_new_release_count,TRUE,sa,-15,0.718841933191081,0.255978808272126,0.217123468977714,1.22056039740445
opened_cohort,important_degree_top3,rolling5,exact2,nevertreated,pc_score,problem_solving_routines_pc_score,low,downstream_outcomes,overall_new_release_count,TRUE,sa,-14,0.479481832604563,0.190028569846435,0.10702583570555,0.851937829503575
opened_cohort,important_degree_top3,rolling5,exact2,nevertreated,pc_score,problem_solving_routines_pc_score,low,downstream_outcomes,overall_new_release_count,TRUE,sa,-13,0.301726166006067,0.167317601091609,-0.0262163321334861,0.629668664145619
opened_cohort,important_degree_top3,rolling5,exact2,nevertreated,pc_score,problem_solving_routines_pc_score,low,downstream_outcomes,overall_new_release_count,TRUE,sa,-12,0.374924707840627,0.151979475265623,0.077044936320006,0.672804479361247
opened_cohort,important_degree_top3,rolling5,exact2,nevertreated,pc_score,problem_solving_routines_pc_score,low,downstream_outcomes,overall_new_release_count,TRUE,sa,-11,0.269129387749703,0.138808507748557,-0.00293528743746879,0.541194062936874
opened_cohort,important_degree_top3,rolling5,exact2,nevertreated,pc_score,problem_solving_routines_pc_score,low,downstream_outcomes,overall_new_release_count,TRUE,sa,-10,0.263528219569329,0.128767424455852,0.0111440676358587,0.5159123715028
opened_cohort,important_degree_top3,rolling5,exact2,nevertreated,pc_score,problem_solving_routines_pc_score,low,downstream_outcomes,overall_new_release_count,TRUE,sa,-9,0.135473644797616,0.117658439968249,-0.0951368975401524,0.366084187135384
opened_cohort,important_degree_top3,rolling5,exact2,nevertreated,pc_score,problem_solving_routines_pc_score,low,downstream_outcomes,overall_new_release_count,TRUE,sa,-8,0.0867121159025916,0.114574662726988,-0.137854223042306,0.311278454847489
opened_cohort,important_degree_top3,rolling5,exact2,nevertreated,pc_score,problem_solving_routines_pc_score,low,downstream_outcomes,overall_new_release_count,TRUE,sa,-7,0.0460460229841617,0.120834198484566,-0.190789006045588,0.282881052013911
opened_cohort,important_degree_top3,rolling5,exact2,nevertreated,pc_score,problem_solving_routines_pc_score,low,downstream_outcomes,overall_new_release_count,TRUE,sa,-6,0.0829029175856835,0.113624132180255,-0.139800381487615,0.305606216658982
opened_cohort,important_degree_top3,rolling5,exact2,nevertreated,pc_score,problem_solving_routines_pc_score,low,downstream_outcomes,overall_new_release_count,TRUE,sa,-5,-0.0756609874501714,0.0993091732929361,-0.270306967104326,0.118984992203983
opened_cohort,important_degree_top3,rolling5,exact2,nevertreated,pc_score,problem_solving_routines_pc_score,low,downstream_outcomes,overall_new_release_count,TRUE,sa,-4,-0.0197456483281433,0.0966846307750776,-0.209247524647295,0.169756227991009
opened_cohort,important_degree_top3,rolling5,exact2,nevertreated,pc_score,problem_solving_routines_pc_score,low,downstream_outcomes,overall_new_release_count,TRUE,sa,-3,-0.0351975323822868,0.0990677177224572,-0.229370259118303,0.158975194353729
opened_cohort,important_degree_top3,rolling5,exact2,nevertreated,pc_score,problem_solving_routines_pc_score,low,downstream_outcomes,overall_new_release_count,TRUE,sa,-2,0.141012962686034,0.101214516454938,-0.0573674895656442,0.339393414937712
opened_cohort,important_degree_top3,rolling5,exact2,nevertreated,pc_score,problem_solving_routines_pc_score,low,downstream_outcomes,overall_new_release_count,TRUE,sa,-1,0,0,0,0
opened_cohort,important_degree_top3,rolling5,exact2,nevertreated,pc_score,problem_solving_routines_pc_score,low,downstream_outcomes,overall_new_release_count,TRUE,sa,0,0.250098910860461,0.132808304336627,-0.0102053656393286,0.51040318736025
opened_cohort,important_degree_top3,rolling5,exact2,nevertreated,pc_score,problem_solving_routines_pc_score,low,downstream_outcomes,overall_new_release_count,TRUE,sa,1,-0.306670447836879,0.117259132348337,-0.536498347239618,-0.0768425484341389
opened_cohort,important_degree_top3,rolling5,exact2,nevertreated,pc_score,problem_solving_routines_pc_score,low,downstream_outcomes,overall_new_release_count,TRUE,sa,2,-0.256926784126096,0.154788588475532,-0.560312417538139,0.046458849285947
opened_cohort,important_degree_top3,rolling5,exact2,nevertreated,pc_score,problem_solving_routines_pc_score,low,downstream_outcomes,overall_new_release_count,TRUE,sa,3,-0.493171876691458,0.142933161962625,-0.773320874138203,-0.213022879244713
opened_cohort,important_degree_top3,rolling5,exact2,nevertreated,pc_score,problem_solving_routines_pc_score,low,downstream_outcomes,overall_new_release_count,TRUE,sa,4,-0.548934839733304,0.127461517823685,-0.798759414667726,-0.299110264798882
opened_cohort,important_degree_top3,rolling5,exact2,nevertreated,pc_score,problem_solving_routines_pc_score,low,downstream_outcomes,overall_new_release_count,TRUE,sa,5,-0.508308598847783,0.143657815443837,-0.789877917117704,-0.226739280577863
opened_cohort,important_degree_top3,rolling5,exact2,nevertreated,pc_score,problem_solving_routines_pc_score,low,downstream_outcomes,overall_new_release_count,TRUE,sa,6,-0.552520840526298,0.159120705067875,-0.864397422459332,-0.240644258593263
opened_cohort,important_degree_top3,rolling5,exact2,nevertreated,pc_score,problem_solving_routines_pc_score,low,downstream_outcomes,overall_new_release_count,TRUE,sa,7,-0.40579635525886,0.178521849013636,-0.755699179325587,-0.055893531192134
opened_cohort,important_degree_top3,rolling5,exact2,nevertreated,pc_score,problem_solving_routines_pc_score,low,downstream_outcomes,overall_new_release_count,TRUE,sa,8,-0.438603522389674,0.190621816889521,-0.812222283493136,-0.064984761286212
opened_cohort,important_degree_top3,rolling5,exact2,nevertreated,pc_score,problem_solving_routines_pc_score,low,downstream_outcomes,overall_new_release_count,TRUE,sa,9,-0.527650542940483,0.227816864197336,-0.974171596767262,-0.0811294891137037
opened_cohort,important_degree_top3,rolling5,exact2,nevertreated,pc_score,problem_solving_routines_pc_score,low,downstream_outcomes,overall_new_release_count,TRUE,sa,10,0.108968246976496,0.60235206995773,-1.07164181014065,1.28957830409365
opened_cohort,important_degree_top3,rolling5,exact2,nevertreated,pc_score,problem_solving_routines_pc_score,low,downstream_outcomes,overall_new_release_count,TRUE,sa,11,-1.23378443921181,0.290108646861001,-1.80239738705938,-0.665171491364252
opened_cohort,important_degree_top3,rolling5,exact2,nevertreated,pc_score,problem_solving_routines_pc_score,high,downstream_outcomes,overall_new_release_count,TRUE,sa,-15,1.31841210037046,0.402396457434752,0.529715043798348,2.10710915694258
opened_cohort,important_degree_top3,rolling5,exact2,nevertreated,pc_score,problem_solving_routines_pc_score,high,downstream_outcomes,overall_new_release_count,TRUE,sa,-14,1.14835351863906,0.358426574831055,0.445837431970194,1.85086960530793
opened_cohort,important_degree_top3,rolling5,exact2,nevertreated,pc_score,problem_solving_routines_pc_score,high,downstream_outcomes,overall_new_release_count,TRUE,sa,-13,0.978188537230866,0.355945536614702,0.28053528546605,1.67584178899568
opened_cohort,important_degree_top3,rolling5,exact2,nevertreated,pc_score,problem_solving_routines_pc_score,high,downstream_outcomes,overall_new_release_count,TRUE,sa,-12,0.839809759066864,0.356194565602264,0.141668410486427,1.5379511076473
opened_cohort,important_degree_top3,rolling5,exact2,nevertreated,pc_score,problem_solving_routines_pc_score,high,downstream_outcomes,overall_new_release_count,TRUE,sa,-11,0.654796824715315,0.314015812041218,0.0393258331145272,1.2702678163161
opened_cohort,important_degree_top3,rolling5,exact2,nevertreated,pc_score,problem_solving_routines_pc_score,high,downstream_outcomes,overall_new_release_count,TRUE,sa,-10,0.632720376905299,0.284072788714581,0.0759377110247206,1.18950304278588
opened_cohort,important_degree_top3,rolling5,exact2,nevertreated,pc_score,problem_solving_routines_pc_score,high,downstream_outcomes,overall_new_release_count,TRUE,sa,-9,0.611805810858363,0.263994689283963,0.0943762198617949,1.12923540185493
opened_cohort,important_degree_top3,rolling5,exact2,nevertreated,pc_score,problem_solving_routines_pc_score,high,downstream_outcomes,overall_new_release_count,TRUE,sa,-8,0.543938362841734,0.246186132358851,0.0614135434183875,1.02646318226508
opened_cohort,important_degree_top3,rolling5,exact2,nevertreated,pc_score,problem_solving_routines_pc_score,high,downstream_outcomes,overall_new_release_count,TRUE,sa,-7,0.355799441556461,0.227696629639315,-0.0904859525365967,0.802084835649519
opened_cohort,important_degree_top3,rolling5,exact2,nevertreated,pc_score,problem_solving_routines_pc_score,high,downstream_outcomes,overall_new_release_count,TRUE,sa,-6,0.408955904399492,0.264749255712458,-0.109952636796925,0.927864445595909
opened_cohort,important_degree_top3,rolling5,exact2,nevertreated,pc_score,problem_solving_routines_pc_score,high,downstream_outcomes,overall_new_release_count,TRUE,sa,-5,0.368615889307334,0.207756658654681,-0.0385871616558419,0.775818940270509
opened_cohort,important_degree_top3,rolling5,exact2,nevertreated,pc_score,problem_solving_routines_pc_score,high,downstream_outcomes,overall_new_release_count,TRUE,sa,-4,0.274689794439609,0.181821852097621,-0.0816810356717295,0.631060624550947
opened_cohort,important_degree_top3,rolling5,exact2,nevertreated,pc_score,problem_solving_routines_pc_score,high,downstream_outcomes,overall_new_release_count,TRUE,sa,-3,0.0391758612389991,0.15379906715511,-0.262270310385017,0.340622032863015
opened_cohort,important_degree_top3,rolling5,exact2,nevertreated,pc_score,problem_solving_routines_pc_score,high,downstream_outcomes,overall_new_release_count,TRUE,sa,-2,0.115558329268791,0.122791917780753,-0.125113829581484,0.356230488119066
opened_cohort,important_degree_top3,rolling5,exact2,nevertreated,pc_score,problem_solving_routines_pc_score,high,downstream_outcomes,overall_new_release_count,TRUE,sa,-1,0,0,0,0
opened_cohort,important_degree_top3,rolling5,exact2,nevertreated,pc_score,problem_solving_routines_pc_score,high,downstream_outcomes,overall_new_release_count,TRUE,sa,0,-0.0115116659839888,0.162532065116009,-0.330074513611367,0.307051181643389
opened_cohort,important_degree_top3,rolling5,exact2,nevertreated,pc_score,problem_solving_routines_pc_score,high,downstream_outcomes,overall_new_release_count,TRUE,sa,1,-0.421822668880094,0.197057223392116,-0.808054826728642,-0.0355905110315465
opened_cohort,important_degree_top3,rolling5,exact2,nevertreated,pc_score,problem_solving_routines_pc_score,high,downstream_outcomes,overall_new_release_count,TRUE,sa,2,-0.332100381905145,0.224793776100829,-0.77269618306277,0.108495419252479
opened_cohort,important_degree_top3,rolling5,exact2,nevertreated,pc_score,problem_solving_routines_pc_score,high,downstream_outcomes,overall_new_release_count,TRUE,sa,3,-0.300544505998098,0.268430431332359,-0.826668151409522,0.225579139413327
opened_cohort,important_degree_top3,rolling5,exact2,nevertreated,pc_score,problem_solving_routines_pc_score,high,downstream_outcomes,overall_new_release_count,TRUE,sa,4,-0.418158756625287,0.347099293655208,-1.09847337218949,0.26215585893892
opened_cohort,important_degree_top3,rolling5,exact2,nevertreated,pc_score,problem_solving_routines_pc_score,high,downstream_outcomes,overall_new_release_count,TRUE,sa,5,-0.271341987583864,0.385673856628537,-1.0272627465758,0.484578771408068
opened_cohort,important_degree_top3,rolling5,exact2,nevertreated,pc_score,problem_solving_routines_pc_score,high,downstream_outcomes,overall_new_release_count,TRUE,sa,6,-0.789680016160128,0.374512879081936,-1.52372525916072,-0.055634773159534
opened_cohort,important_degree_top3,rolling5,exact2,nevertreated,pc_score,problem_solving_routines_pc_score,high,downstream_outcomes,overall_new_release_count,TRUE,sa,7,-0.499950344783832,0.485731099254526,-1.4519832993227,0.452082609755038
opened_cohort,important_degree_top3,rolling5,exact2,nevertreated,pc_score,problem_solving_routines_pc_score,high,downstream_outcomes,overall_new_release_count,TRUE,sa,8,-0.937028062631428,0.419024181777199,-1.75831545891474,-0.115740666348119
opened_cohort,important_degree_top3,rolling5,exact2,nevertreated,pc_score,problem_solving_routines_pc_score,high,downstream_outcomes,overall_new_release_count,TRUE,sa,9,-1.27285505218587,0.421225692451688,-2.09845740939118,-0.447252694980559
opened_cohort,important_degree_top3,rolling5,exact2,nevertreated,pc_score,problem_solving_routines_pc_score,high,downstream_outcomes,overall_new_release_count,TRUE,sa,10,-1.0857109342384,0.507051743935477,-2.07953235235193,-0.0918895161248612
opened_cohort,important_degree_top3,rolling5,exact2,nevertreated,pc_score,problem_solving_routines_pc_score,high,downstream_outcomes,overall_new_release_count,TRUE,sa,11,-2.09759691993073,0.466895163047852,-3.01271143950452,-1.18248240035694
opened_cohort,important_degree_top3,rolling5,exact2,nevertreated,pc_score,collaboration_pc_score,low,downstream_outcomes,overall_new_release_count,FALSE,sa,-15,2.20402338747582,1.9779036886623,-1.67266784230229,6.08071461725393
opened_cohort,important_degree_top3,rolling5,exact2,nevertreated,pc_score,collaboration_pc_score,low,downstream_outcomes,overall_new_release_count,FALSE,sa,-14,1.88483581027333,1.36092708207139,-0.782581270586599,4.55225289113326
opened_cohort,important_degree_top3,rolling5,exact2,nevertreated,pc_score,collaboration_pc_score,low,downstream_outcomes,overall_new_release_count,FALSE,sa,-13,1.81794743521392,1.25552947608239,-0.642890337907552,4.2787852083354
opened_cohort,important_degree_top3,rolling5,exact2,nevertreated,pc_score,collaboration_pc_score,low,downstream_outcomes,overall_new_release_count,FALSE,sa,-12,1.25418759856413,1.28930582810477,-1.27285182452122,3.78122702164947
opened_cohort,important_degree_top3,rolling5,exact2,nevertreated,pc_score,collaboration_pc_score,low,downstream_outcomes,overall_new_release_count,FALSE,sa,-11,0.630253323026493,1.18594209512407,-1.69419318341669,2.95469982946967
opened_cohort,important_degree_top3,rolling5,exact2,nevertreated,pc_score,collaboration_pc_score,low,downstream_outcomes,overall_new_release_count,FALSE,sa,-10,-0.749095217251192,1.56995213803069,-3.82620140779135,2.32801097328896
opened_cohort,important_degree_top3,rolling5,exact2,nevertreated,pc_score,collaboration_pc_score,low,downstream_outcomes,overall_new_release_count,FALSE,sa,-9,-0.595614953151969,1.36995455318257,-3.28072587738981,2.08949597108587
opened_cohort,important_degree_top3,rolling5,exact2,nevertreated,pc_score,collaboration_pc_score,low,downstream_outcomes,overall_new_release_count,FALSE,sa,-8,-0.809071983764916,1.27159716929235,-3.30140243557791,1.68325846804808
opened_cohort,important_degree_top3,rolling5,exact2,nevertreated,pc_score,collaboration_pc_score,low,downstream_outcomes,overall_new_release_count,FALSE,sa,-7,-1.2582086225805,1.17364070814054,-3.55854441053597,1.04212716537497
opened_cohort,important_degree_top3,rolling5,exact2,nevertreated,pc_score,collaboration_pc_score,low,downstream_outcomes,overall_new_release_count,FALSE,sa,-6,-1.30350174674677,1.07018562081105,-3.40106556353643,0.79406207004289
opened_cohort,important_degree_top3,rolling5,exact2,nevertreated,pc_score,collaboration_pc_score,low,downstream_outcomes,overall_new_release_count,FALSE,sa,-5,-1.01240285223663,1.04601395307753,-3.06259020026859,1.03778449579534
opened_cohort,important_degree_top3,rolling5,exact2,nevertreated,pc_score,collaboration_pc_score,low,downstream_outcomes,overall_new_release_count,FALSE,sa,-4,0.122735527705225,0.946112542468864,-1.73164505553375,1.9771161109442
opened_cohort,important_degree_top3,rolling5,exact2,nevertreated,pc_score,collaboration_pc_score,low,downstream_outcomes,overall_new_release_count,FALSE,sa,-3,0.256908041231469,0.811287843279934,-1.3332161315972,1.84703221406014
opened_cohort,important_degree_top3,rolling5,exact2,nevertreated,pc_score,collaboration_pc_score,low,downstream_outcomes,overall_new_release_count,FALSE,sa,-2,0.903029381722277,0.750735093699846,-0.568411401929421,2.37447016537398
opened_cohort,important_degree_top3,rolling5,exact2,nevertreated,pc_score,collaboration_pc_score,low,downstream_outcomes,overall_new_release_count,FALSE,sa,-1,0,0,0,0
opened_cohort,important_degree_top3,rolling5,exact2,nevertreated,pc_score,collaboration_pc_score,low,downstream_outcomes,overall_new_release_count,FALSE,sa,0,-0.784985272910725,0.482688408744712,-1.73105455405036,0.161084008228911
opened_cohort,important_degree_top3,rolling5,exact2,nevertreated,pc_score,collaboration_pc_score,low,downstream_outcomes,overall_new_release_count,FALSE,sa,1,-1.31990785283723,0.672778126369144,-2.63855298052076,-0.00126272515371184
opened_cohort,important_degree_top3,rolling5,exact2,nevertreated,pc_score,collaboration_pc_score,low,downstream_outcomes,overall_new_release_count,FALSE,sa,2,-1.1160500407678,0.858413977825264,-2.79854143730532,0.566441355769713
opened_cohort,important_degree_top3,rolling5,exact2,nevertreated,pc_score,collaboration_pc_score,low,downstream_outcomes,overall_new_release_count,FALSE,sa,3,-0.999544116270716,1.20141719173159,-3.35432181206463,1.3552335795232
opened_cohort,important_degree_top3,rolling5,exact2,nevertreated,pc_score,collaboration_pc_score,low,downstream_outcomes,overall_new_release_count,FALSE,sa,4,-1.83178440285105,1.44941665082651,-4.67264103847101,1.00907223276891
opened_cohort,important_degree_top3,rolling5,exact2,nevertreated,pc_score,collaboration_pc_score,low,downstream_outcomes,overall_new_release_count,FALSE,sa,5,-1.90954687185078,1.61409409784056,-5.07317130361827,1.25407755991671
opened_cohort,important_degree_top3,rolling5,exact2,nevertreated,pc_score,collaboration_pc_score,low,downstream_outcomes,overall_new_release_count,FALSE,sa,6,-3.97765524570779,1.69248988475116,-7.29493541982007,-0.66037507159551
opened_cohort,important_degree_top3,rolling5,exact2,nevertreated,pc_score,collaboration_pc_score,low,downstream_outcomes,overall_new_release_count,FALSE,sa,7,-4.54041637334514,1.6605298978016,-7.79505497303627,-1.28577777365401
opened_cohort,important_degree_top3,rolling5,exact2,nevertreated,pc_score,collaboration_pc_score,low,downstream_outcomes,overall_new_release_count,FALSE,sa,8,-4.59672966914192,1.90003188436066,-8.32079216248882,-0.872667175795021
opened_cohort,important_degree_top3,rolling5,exact2,nevertreated,pc_score,collaboration_pc_score,low,downstream_outcomes,overall_new_release_count,FALSE,sa,9,-3.7833281847321,3.02869672332141,-9.71957376244205,2.15291739297785
opened_cohort,important_degree_top3,rolling5,exact2,nevertreated,pc_score,collaboration_pc_score,low,downstream_outcomes,overall_new_release_count,FALSE,sa,10,-2.96005857653515,2.70662065075728,-8.26503505201942,2.34491789894912
opened_cohort,important_degree_top3,rolling5,exact2,nevertreated,pc_score,collaboration_pc_score,low,downstream_outcomes,overall_new_release_count,FALSE,sa,11,-5.88337548750765,1.7444454819923,-9.30248863221255,-2.46426234280275
opened_cohort,important_degree_top3,rolling5,exact2,nevertreated,pc_score,collaboration_pc_score,high,downstream_outcomes,overall_new_release_count,FALSE,sa,-15,5.10292375414007,1.57408311419178,2.01772085032419,8.18812665795596
opened_cohort,important_degree_top3,rolling5,exact2,nevertreated,pc_score,collaboration_pc_score,high,downstream_outcomes,overall_new_release_count,FALSE,sa,-14,4.87810635392021,1.49493559552858,1.94803258668419,7.80818012115623
opened_cohort,important_degree_top3,rolling5,exact2,nevertreated,pc_score,collaboration_pc_score,high,downstream_outcomes,overall_new_release_count,FALSE,sa,-13,3.5405765161897,1.58408913048546,0.435761820438208,6.6453912119412
opened_cohort,important_degree_top3,rolling5,exact2,nevertreated,pc_score,collaboration_pc_score,high,downstream_outcomes,overall_new_release_count,FALSE,sa,-12,2.99770586271944,1.3333143000182,0.384409834683767,5.61100189075511
opened_cohort,important_degree_top3,rolling5,exact2,nevertreated,pc_score,collaboration_pc_score,high,downstream_outcomes,overall_new_release_count,FALSE,sa,-11,3.37794122826797,1.25465662645042,0.918814240425151,5.83706821611079
opened_cohort,important_degree_top3,rolling5,exact2,nevertreated,pc_score,collaboration_pc_score,high,downstream_outcomes,overall_new_release_count,FALSE,sa,-10,2.94582518839097,1.27376027477436,0.449255049833228,5.44239532694871
opened_cohort,important_degree_top3,rolling5,exact2,nevertreated,pc_score,collaboration_pc_score,high,downstream_outcomes,overall_new_release_count,FALSE,sa,-9,2.31118398613898,1.26363834487696,-0.165547169819867,4.78791514209783
opened_cohort,important_degree_top3,rolling5,exact2,nevertreated,pc_score,collaboration_pc_score,high,downstream_outcomes,overall_new_release_count,FALSE,sa,-8,2.5388274174039,1.28080125392987,0.0284569597013511,5.04919787510645
opened_cohort,important_degree_top3,rolling5,exact2,nevertreated,pc_score,collaboration_pc_score,high,downstream_outcomes,overall_new_release_count,FALSE,sa,-7,2.41062019845683,1.30435753901558,-0.145920578013707,4.96716097492737
opened_cohort,important_degree_top3,rolling5,exact2,nevertreated,pc_score,collaboration_pc_score,high,downstream_outcomes,overall_new_release_count,FALSE,sa,-6,2.34007929663611,1.32061292688229,-0.248322040053172,4.92848063332539
opened_cohort,important_degree_top3,rolling5,exact2,nevertreated,pc_score,collaboration_pc_score,high,downstream_outcomes,overall_new_release_count,FALSE,sa,-5,2.06170759684411,1.17918778966049,-0.249500470890443,4.37291566457867
opened_cohort,important_degree_top3,rolling5,exact2,nevertreated,pc_score,collaboration_pc_score,high,downstream_outcomes,overall_new_release_count,FALSE,sa,-4,1.71957632234591,1.13567903531499,-0.506354586871478,3.9455072315633
opened_cohort,important_degree_top3,rolling5,exact2,nevertreated,pc_score,collaboration_pc_score,high,downstream_outcomes,overall_new_release_count,FALSE,sa,-3,0.911763883992043,0.88702869869047,-0.826812365441279,2.65034013342536
opened_cohort,important_degree_top3,rolling5,exact2,nevertreated,pc_score,collaboration_pc_score,high,downstream_outcomes,overall_new_release_count,FALSE,sa,-2,1.80317403077282,0.558799816103155,0.707926391210632,2.898421670335
opened_cohort,important_degree_top3,rolling5,exact2,nevertreated,pc_score,collaboration_pc_score,high,downstream_outcomes,overall_new_release_count,FALSE,sa,-1,0,0,0,0
opened_cohort,important_degree_top3,rolling5,exact2,nevertreated,pc_score,collaboration_pc_score,high,downstream_outcomes,overall_new_release_count,FALSE,sa,0,-0.768423361012826,0.579931663496627,-1.90508942146622,0.368242699440563
opened_cohort,important_degree_top3,rolling5,exact2,nevertreated,pc_score,collaboration_pc_score,high,downstream_outcomes,overall_new_release_count,FALSE,sa,1,-1.97407499243924,0.820952275515784,-3.58314145245018,-0.365008532428305
opened_cohort,important_degree_top3,rolling5,exact2,nevertreated,pc_score,collaboration_pc_score,high,downstream_outcomes,overall_new_release_count,FALSE,sa,2,-1.59525267838966,1.0978353521903,-3.74700996868265,0.556504611903326
opened_cohort,important_degree_top3,rolling5,exact2,nevertreated,pc_score,collaboration_pc_score,high,downstream_outcomes,overall_new_release_count,FALSE,sa,3,-1.86095515772852,1.13288952372623,-4.08141862423192,0.35950830877489
opened_cohort,important_degree_top3,rolling5,exact2,nevertreated,pc_score,collaboration_pc_score,high,downstream_outcomes,overall_new_release_count,FALSE,sa,4,-1.64137871144753,1.26211661564076,-4.11512727810341,0.832369855208352
opened_cohort,important_degree_top3,rolling5,exact2,nevertreated,pc_score,collaboration_pc_score,high,downstream_outcomes,overall_new_release_count,FALSE,sa,5,-1.29638904202608,1.33668251451699,-3.91628677047937,1.32350868642722
opened_cohort,important_degree_top3,rolling5,exact2,nevertreated,pc_score,collaboration_pc_score,high,downstream_outcomes,overall_new_release_count,FALSE,sa,6,-1.60290983924362,1.62468266819047,-4.78728786889694,1.58146819040969
opened_cohort,important_degree_top3,rolling5,exact2,nevertreated,pc_score,collaboration_pc_score,high,downstream_outcomes,overall_new_release_count,FALSE,sa,7,-1.43394562889622,1.88064854758056,-5.12001678215412,2.25212552436169
opened_cohort,important_degree_top3,rolling5,exact2,nevertreated,pc_score,collaboration_pc_score,high,downstream_outcomes,overall_new_release_count,FALSE,sa,8,-1.40955167682556,1.98017859848202,-5.29070172985032,2.4715983761992
opened_cohort,important_degree_top3,rolling5,exact2,nevertreated,pc_score,collaboration_pc_score,high,downstream_outcomes,overall_new_release_count,FALSE,sa,9,-2.22175675177246,2.23397811346944,-6.60035385417257,2.15684035062765
opened_cohort,important_degree_top3,rolling5,exact2,nevertreated,pc_score,collaboration_pc_score,high,downstream_outcomes,overall_new_release_count,FALSE,sa,10,-2.96939413616897,2.93147271436576,-8.71508065632587,2.77629238398793
opened_cohort,important_degree_top3,rolling5,exact2,nevertreated,pc_score,collaboration_pc_score,high,downstream_outcomes,overall_new_release_count,FALSE,sa,11,-3.7483530106284,2.34513256963318,-8.34481284710943,0.848106825852629
opened_cohort,important_degree_top3,rolling5,exact2,nevertreated,pc_score,knowledge_level_pc_score,low,downstream_outcomes,overall_new_release_count,FALSE,sa,-15,3.94951128127794,1.74166797446946,0.535842051317793,7.36318051123809
opened_cohort,important_degree_top3,rolling5,exact2,nevertreated,pc_score,knowledge_level_pc_score,low,downstream_outcomes,overall_new_release_count,FALSE,sa,-14,3.74805021486389,1.73746455459959,0.342619687848694,7.15348074187908
opened_cohort,important_degree_top3,rolling5,exact2,nevertreated,pc_score,knowledge_level_pc_score,low,downstream_outcomes,overall_new_release_count,FALSE,sa,-13,2.77856711251968,1.68270112158736,-0.519527085791542,6.07666131083091
opened_cohort,important_degree_top3,rolling5,exact2,nevertreated,pc_score,knowledge_level_pc_score,low,downstream_outcomes,overall_new_release_count,FALSE,sa,-12,2.07743394270115,1.61344064774914,-1.08490972688718,5.23977761228947
opened_cohort,important_degree_top3,rolling5,exact2,nevertreated,pc_score,knowledge_level_pc_score,low,downstream_outcomes,overall_new_release_count,FALSE,sa,-11,1.97697688449563,1.63259543296201,-1.2229101641099,5.17686393310116
opened_cohort,important_degree_top3,rolling5,exact2,nevertreated,pc_score,knowledge_level_pc_score,low,downstream_outcomes,overall_new_release_count,FALSE,sa,-10,0.570637043652496,2.22169418113815,-3.78388355137828,4.92515763868327
opened_cohort,important_degree_top3,rolling5,exact2,nevertreated,pc_score,knowledge_level_pc_score,low,downstream_outcomes,overall_new_release_count,FALSE,sa,-9,0.633233924096848,1.85722959110202,-3.00693607446311,4.27340392265681
opened_cohort,important_degree_top3,rolling5,exact2,nevertreated,pc_score,knowledge_level_pc_score,low,downstream_outcomes,overall_new_release_count,FALSE,sa,-8,0.432766038120079,1.88140929223944,-3.25479617466922,4.12032825090938
opened_cohort,important_degree_top3,rolling5,exact2,nevertreated,pc_score,knowledge_level_pc_score,low,downstream_outcomes,overall_new_release_count,FALSE,sa,-7,0.465639820299324,1.91734088059024,-3.29234830565755,4.2236279462562
opened_cohort,important_degree_top3,rolling5,exact2,nevertreated,pc_score,knowledge_level_pc_score,low,downstream_outcomes,overall_new_release_count,FALSE,sa,-6,0.302795511590589,1.88525113416816,-3.39229671137901,3.99788773456018
opened_cohort,important_degree_top3,rolling5,exact2,nevertreated,pc_score,knowledge_level_pc_score,low,downstream_outcomes,overall_new_release_count,FALSE,sa,-5,-0.0786908127800541,1.63078072766103,-3.27502103899568,3.11763941343557
opened_cohort,important_degree_top3,rolling5,exact2,nevertreated,pc_score,knowledge_level_pc_score,low,downstream_outcomes,overall_new_release_count,FALSE,sa,-4,1.11059738680688,1.57028571389596,-1.9671626124292,4.18835738604296
opened_cohort,important_degree_top3,rolling5,exact2,nevertreated,pc_score,knowledge_level_pc_score,low,downstream_outcomes,overall_new_release_count,FALSE,sa,-3,0.376679686319629,1.2118561225803,-1.99855831393776,2.75191768657702
opened_cohort,important_degree_top3,rolling5,exact2,nevertreated,pc_score,knowledge_level_pc_score,low,downstream_outcomes,overall_new_release_count,FALSE,sa,-2,1.29151147536556,0.902270742028244,-0.476939179009794,3.05996212974092
opened_cohort,important_degree_top3,rolling5,exact2,nevertreated,pc_score,knowledge_level_pc_score,low,downstream_outcomes,overall_new_release_count,FALSE,sa,-1,0,0,0,0
opened_cohort,important_degree_top3,rolling5,exact2,nevertreated,pc_score,knowledge_level_pc_score,low,downstream_outcomes,overall_new_release_count,FALSE,sa,0,-1.25671917405243,0.677157627477611,-2.58394812390854,0.0705097758036912
opened_cohort,important_degree_top3,rolling5,exact2,nevertreated,pc_score,knowledge_level_pc_score,low,downstream_outcomes,overall_new_release_count,FALSE,sa,1,-2.1636213921974,0.883648994907748,-3.89557342221659,-0.431669362178215
opened_cohort,important_degree_top3,rolling5,exact2,nevertreated,pc_score,knowledge_level_pc_score,low,downstream_outcomes,overall_new_release_count,FALSE,sa,2,-0.656483526569005,1.15102236523665,-2.91248736243284,1.59952030929483
opened_cohort,important_degree_top3,rolling5,exact2,nevertreated,pc_score,knowledge_level_pc_score,low,downstream_outcomes,overall_new_release_count,FALSE,sa,3,-0.536188028915057,1.37365712156174,-3.22855598717606,2.15617992934595
opened_cohort,important_degree_top3,rolling5,exact2,nevertreated,pc_score,knowledge_level_pc_score,low,downstream_outcomes,overall_new_release_count,FALSE,sa,4,0.0901472011937227,1.66574462662704,-3.17471226699527,3.35500666938272
opened_cohort,important_degree_top3,rolling5,exact2,nevertreated,pc_score,knowledge_level_pc_score,low,downstream_outcomes,overall_new_release_count,FALSE,sa,5,0.761555806564568,1.80717606727573,-2.78050928529587,4.30362089842501
opened_cohort,important_degree_top3,rolling5,exact2,nevertreated,pc_score,knowledge_level_pc_score,low,downstream_outcomes,overall_new_release_count,FALSE,sa,6,0.246090629593708,2.10630008739031,-3.8822575416913,4.37443880087871
opened_cohort,important_degree_top3,rolling5,exact2,nevertreated,pc_score,knowledge_level_pc_score,low,downstream_outcomes,overall_new_release_count,FALSE,sa,7,-0.0683976169753631,2.15641962192548,-4.29498007594931,4.15818484199858
opened_cohort,important_degree_top3,rolling5,exact2,nevertreated,pc_score,knowledge_level_pc_score,low,downstream_outcomes,overall_new_release_count,FALSE,sa,8,0.0509708138201988,2.294228756531,-4.44571754898057,4.54765917662097
opened_cohort,important_degree_top3,rolling5,exact2,nevertreated,pc_score,knowledge_level_pc_score,low,downstream_outcomes,overall_new_release_count,FALSE,sa,9,0.703209164802574,3.18089243606178,-5.53134000987852,6.93775833948367
opened_cohort,important_degree_top3,rolling5,exact2,nevertreated,pc_score,knowledge_level_pc_score,low,downstream_outcomes,overall_new_release_count,FALSE,sa,10,1.4570358589846,3.01971935089918,-4.4616140687778,7.375685786747
opened_cohort,important_degree_top3,rolling5,exact2,nevertreated,pc_score,knowledge_level_pc_score,low,downstream_outcomes,overall_new_release_count,FALSE,sa,11,-2.54712015012355,2.45927085377485,-7.36729102352225,2.27305072327516
opened_cohort,important_degree_top3,rolling5,exact2,nevertreated,pc_score,knowledge_level_pc_score,high,downstream_outcomes,overall_new_release_count,FALSE,sa,-15,5.76553806346136,2.10571508750946,1.63833649194281,9.8927396349799
opened_cohort,important_degree_top3,rolling5,exact2,nevertreated,pc_score,knowledge_level_pc_score,high,downstream_outcomes,overall_new_release_count,FALSE,sa,-14,4.82719355112653,1.73561818226068,1.42538191389559,8.22900518835747
opened_cohort,important_degree_top3,rolling5,exact2,nevertreated,pc_score,knowledge_level_pc_score,high,downstream_outcomes,overall_new_release_count,FALSE,sa,-13,3.76699752912099,1.55268160160284,0.723741589979423,6.81025346826256
opened_cohort,important_degree_top3,rolling5,exact2,nevertreated,pc_score,knowledge_level_pc_score,high,downstream_outcomes,overall_new_release_count,FALSE,sa,-12,2.95678397664051,1.25239911047648,0.502081720106599,5.41148623317442
opened_cohort,important_degree_top3,rolling5,exact2,nevertreated,pc_score,knowledge_level_pc_score,high,downstream_outcomes,overall_new_release_count,FALSE,sa,-11,2.66615666918299,1.10110369587623,0.507993425265582,4.82431991310039
opened_cohort,important_degree_top3,rolling5,exact2,nevertreated,pc_score,knowledge_level_pc_score,high,downstream_outcomes,overall_new_release_count,FALSE,sa,-10,2.00641953556274,1.04424020726092,-0.0402912706686664,4.05313034179414
opened_cohort,important_degree_top3,rolling5,exact2,nevertreated,pc_score,knowledge_level_pc_score,high,downstream_outcomes,overall_new_release_count,FALSE,sa,-9,1.76098143000853,1.04278639850332,-0.282879911057982,3.80484277107504
opened_cohort,important_degree_top3,rolling5,exact2,nevertreated,pc_score,knowledge_level_pc_score,high,downstream_outcomes,overall_new_release_count,FALSE,sa,-8,2.12344963353011,0.986876496362848,0.18917170065893,4.0577275664013
opened_cohort,important_degree_top3,rolling5,exact2,nevertreated,pc_score,knowledge_level_pc_score,high,downstream_outcomes,overall_new_release_count,FALSE,sa,-7,1.51610647025086,0.970684261757345,-0.386434682793534,3.41864762329526
opened_cohort,important_degree_top3,rolling5,exact2,nevertreated,pc_score,knowledge_level_pc_score,high,downstream_outcomes,overall_new_release_count,FALSE,sa,-6,1.58602889452323,0.985534996452716,-0.345619698524091,3.51767748757055
opened_cohort,important_degree_top3,rolling5,exact2,nevertreated,pc_score,knowledge_level_pc_score,high,downstream_outcomes,overall_new_release_count,FALSE,sa,-5,1.98278805546479,1.14433662139888,-0.26011172247702,4.22568783340661
opened_cohort,important_degree_top3,rolling5,exact2,nevertreated,pc_score,knowledge_level_pc_score,high,downstream_outcomes,overall_new_release_count,FALSE,sa,-4,1.65506360023388,0.963076356302588,-0.232566058119188,3.54269325858696
opened_cohort,important_degree_top3,rolling5,exact2,nevertreated,pc_score,knowledge_level_pc_score,high,downstream_outcomes,overall_new_release_count,FALSE,sa,-3,1.57762375554206,0.761936246132781,0.0842287131218145,3.07101879796231
opened_cohort,important_degree_top3,rolling5,exact2,nevertreated,pc_score,knowledge_level_pc_score,high,downstream_outcomes,overall_new_release_count,FALSE,sa,-2,1.43360988534738,0.514164415581769,0.425847630807117,2.44137213988765
opened_cohort,important_degree_top3,rolling5,exact2,nevertreated,pc_score,knowledge_level_pc_score,high,downstream_outcomes,overall_new_release_count,FALSE,sa,-1,0,0,0,0
opened_cohort,important_degree_top3,rolling5,exact2,nevertreated,pc_score,knowledge_level_pc_score,high,downstream_outcomes,overall_new_release_count,FALSE,sa,0,-0.542379647920787,0.474184249903654,-1.47178077773195,0.387021481890376
opened_cohort,important_degree_top3,rolling5,exact2,nevertreated,pc_score,knowledge_level_pc_score,high,downstream_outcomes,overall_new_release_count,FALSE,sa,1,-1.17137476011497,0.807720794190418,-2.75450751672819,0.411757996498252
opened_cohort,important_degree_top3,rolling5,exact2,nevertreated,pc_score,knowledge_level_pc_score,high,downstream_outcomes,overall_new_release_count,FALSE,sa,2,-1.85344591893033,0.959043462008076,-3.73317110446616,0.0262792666055032
opened_cohort,important_degree_top3,rolling5,exact2,nevertreated,pc_score,knowledge_level_pc_score,high,downstream_outcomes,overall_new_release_count,FALSE,sa,3,-1.50078243254594,1.17295839864502,-3.79978089389017,0.798216028798293
opened_cohort,important_degree_top3,rolling5,exact2,nevertreated,pc_score,knowledge_level_pc_score,high,downstream_outcomes,overall_new_release_count,FALSE,sa,4,-2.17758624888464,1.27683888094793,-4.68019045554259,0.325017957773303
opened_cohort,important_degree_top3,rolling5,exact2,nevertreated,pc_score,knowledge_level_pc_score,high,downstream_outcomes,overall_new_release_count,FALSE,sa,5,-2.47434633634243,1.39069945422782,-5.20011726662895,0.251424593944094
opened_cohort,important_degree_top3,rolling5,exact2,nevertreated,pc_score,knowledge_level_pc_score,high,downstream_outcomes,overall_new_release_count,FALSE,sa,6,-4.31875878695104,1.36404437152831,-6.99228575514652,-1.64523181875556
opened_cohort,important_degree_top3,rolling5,exact2,nevertreated,pc_score,knowledge_level_pc_score,high,downstream_outcomes,overall_new_release_count,FALSE,sa,7,-4.7462649929385,1.67672347016362,-8.03264299445919,-1.45988699141781
opened_cohort,important_degree_top3,rolling5,exact2,nevertreated,pc_score,knowledge_level_pc_score,high,downstream_outcomes,overall_new_release_count,FALSE,sa,8,-5.21139088619271,1.86579431387637,-8.86834774139039,-1.55443403099504
opened_cohort,important_degree_top3,rolling5,exact2,nevertreated,pc_score,knowledge_level_pc_score,high,downstream_outcomes,overall_new_release_count,FALSE,sa,9,-5.92884153565069,2.17097847477258,-10.183959346205,-1.67372372509642
opened_cohort,important_degree_top3,rolling5,exact2,nevertreated,pc_score,knowledge_level_pc_score,high,downstream_outcomes,overall_new_release_count,FALSE,sa,10,-7.4237971077672,2.65491606913868,-12.627432603279,-2.22016161225538
opened_cohort,important_degree_top3,rolling5,exact2,nevertreated,pc_score,knowledge_level_pc_score,high,downstream_outcomes,overall_new_release_count,FALSE,sa,11,-6.45720632100688,2.05592073516899,-10.4868109619381,-2.42760168007566
opened_cohort,important_degree_top3,rolling5,exact2,nevertreated,pc_score,discussion_quality_pc_score,low,downstream_outcomes,overall_new_release_count,FALSE,sa,-15,3.68143660463752,1.68662738666128,0.375646926781407,6.98722628249364
opened_cohort,important_degree_top3,rolling5,exact2,nevertreated,pc_score,discussion_quality_pc_score,low,downstream_outcomes,overall_new_release_count,FALSE,sa,-14,2.80748338359293,1.35197453489181,0.15761329520499,5.45735347198088
opened_cohort,important_degree_top3,rolling5,exact2,nevertreated,pc_score,discussion_quality_pc_score,low,downstream_outcomes,overall_new_release_count,FALSE,sa,-13,2.5949578121514,1.25383634608821,0.137438573818501,5.05247705048429
opened_cohort,important_degree_top3,rolling5,exact2,nevertreated,pc_score,discussion_quality_pc_score,low,downstream_outcomes,overall_new_release_count,FALSE,sa,-12,1.16588801864024,1.34281277022663,-1.46602501100396,3.79780104828444
opened_cohort,important_degree_top3,rolling5,exact2,nevertreated,pc_score,discussion_quality_pc_score,low,downstream_outcomes,overall_new_release_count,FALSE,sa,-11,1.35310359154432,1.30143105605067,-1.19770127831499,3.90390846140363
opened_cohort,important_degree_top3,rolling5,exact2,nevertreated,pc_score,discussion_quality_pc_score,low,downstream_outcomes,overall_new_release_count,FALSE,sa,-10,0.181086572412443,1.84608947079436,-3.43724879034451,3.7994219351694
opened_cohort,important_degree_top3,rolling5,exact2,nevertreated,pc_score,discussion_quality_pc_score,low,downstream_outcomes,overall_new_release_count,FALSE,sa,-9,-1.37840849147599,2.54464200191096,-6.36590681522147,3.6090898322695
opened_cohort,important_degree_top3,rolling5,exact2,nevertreated,pc_score,discussion_quality_pc_score,low,downstream_outcomes,overall_new_release_count,FALSE,sa,-8,-1.50627689340584,2.53003408011862,-6.46514369043834,3.45258990362665
opened_cohort,important_degree_top3,rolling5,exact2,nevertreated,pc_score,discussion_quality_pc_score,low,downstream_outcomes,overall_new_release_count,FALSE,sa,-7,-2.29966554451472,2.25294606035081,-6.7154398228023,2.11610873377287
opened_cohort,important_degree_top3,rolling5,exact2,nevertreated,pc_score,discussion_quality_pc_score,low,downstream_outcomes,overall_new_release_count,FALSE,sa,-6,-2.60432070200446,1.91769713412921,-6.36300708489771,1.15436568088879
opened_cohort,important_degree_top3,rolling5,exact2,nevertreated,pc_score,discussion_quality_pc_score,low,downstream_outcomes,overall_new_release_count,FALSE,sa,-5,-2.21493250299598,1.94908350480131,-6.03513617240655,1.60527116641459
opened_cohort,important_degree_top3,rolling5,exact2,nevertreated,pc_score,discussion_quality_pc_score,low,downstream_outcomes,overall_new_release_count,FALSE,sa,-4,-1.63549969751961,1.87697552629805,-5.31437172906379,2.04337233402457
opened_cohort,important_degree_top3,rolling5,exact2,nevertreated,pc_score,discussion_quality_pc_score,low,downstream_outcomes,overall_new_release_count,FALSE,sa,-3,-1.65866078678623,1.83997496320566,-5.26501171466931,1.94769014109686
opened_cohort,important_degree_top3,rolling5,exact2,nevertreated,pc_score,discussion_quality_pc_score,low,downstream_outcomes,overall_new_release_count,FALSE,sa,-2,-0.560658919738408,1.81003438360553,-4.10832631160525,2.98700847212844
opened_cohort,important_degree_top3,rolling5,exact2,nevertreated,pc_score,discussion_quality_pc_score,low,downstream_outcomes,overall_new_release_count,FALSE,sa,-1,0,0,0,0
opened_cohort,important_degree_top3,rolling5,exact2,nevertreated,pc_score,discussion_quality_pc_score,low,downstream_outcomes,overall_new_release_count,FALSE,sa,0,-1.0569310590515,0.753677248677467,-2.53413846645933,0.420276348356339
opened_cohort,important_degree_top3,rolling5,exact2,nevertreated,pc_score,discussion_quality_pc_score,low,downstream_outcomes,overall_new_release_count,FALSE,sa,1,-1.82484175042768,1.64182507288443,-5.04281889328116,1.3931353924258
opened_cohort,important_degree_top3,rolling5,exact2,nevertreated,pc_score,discussion_quality_pc_score,low,downstream_outcomes,overall_new_release_count,FALSE,sa,2,-1.4906593266009,1.92146633267051,-5.25673333863509,2.27541468543329
opened_cohort,important_degree_top3,rolling5,exact2,nevertreated,pc_score,discussion_quality_pc_score,low,downstream_outcomes,overall_new_release_count,FALSE,sa,3,-0.858838027492422,2.12812886252073,-5.02997059803306,3.31229454304821
opened_cohort,important_degree_top3,rolling5,exact2,nevertreated,pc_score,discussion_quality_pc_score,low,downstream_outcomes,overall_new_release_count,FALSE,sa,4,-1.16093462786469,2.20970974273097,-5.49196572361739,3.17009646788801
opened_cohort,important_degree_top3,rolling5,exact2,nevertreated,pc_score,discussion_quality_pc_score,low,downstream_outcomes,overall_new_release_count,FALSE,sa,5,-1.14026254008178,2.31637823508342,-5.68036388084529,3.39983880068172
opened_cohort,important_degree_top3,rolling5,exact2,nevertreated,pc_score,discussion_quality_pc_score,low,downstream_outcomes,overall_new_release_count,FALSE,sa,6,-3.28648361740458,2.65560187401818,-8.49146329048021,1.91849605567105
opened_cohort,important_degree_top3,rolling5,exact2,nevertreated,pc_score,discussion_quality_pc_score,low,downstream_outcomes,overall_new_release_count,FALSE,sa,7,-4.28861807094457,3.19748477178351,-10.5556882236402,1.9784520817511
opened_cohort,important_degree_top3,rolling5,exact2,nevertreated,pc_score,discussion_quality_pc_score,low,downstream_outcomes,overall_new_release_count,FALSE,sa,8,-4.64382613534416,3.72539438383226,-11.9455991276554,2.65794685696707
opened_cohort,important_degree_top3,rolling5,exact2,nevertreated,pc_score,discussion_quality_pc_score,low,downstream_outcomes,overall_new_release_count,FALSE,sa,9,-5.64623850932777,5.98964355835342,-17.3859398837005,6.09346286504493
opened_cohort,important_degree_top3,rolling5,exact2,nevertreated,pc_score,discussion_quality_pc_score,low,downstream_outcomes,overall_new_release_count,FALSE,sa,10,-9.25988296120279,10.109244076225,-29.0740013506039,10.5542354281983
opened_cohort,important_degree_top3,rolling5,exact2,nevertreated,pc_score,discussion_quality_pc_score,low,downstream_outcomes,overall_new_release_count,FALSE,sa,11,-24.5021608540786,21.5842146546314,-66.8072215771561,17.8028998689989
opened_cohort,important_degree_top3,rolling5,exact2,nevertreated,pc_score,discussion_quality_pc_score,high,downstream_outcomes,overall_new_release_count,FALSE,sa,-15,5.20856363106625,1.88877022878864,1.50657398264051,8.910553279492
opened_cohort,important_degree_top3,rolling5,exact2,nevertreated,pc_score,discussion_quality_pc_score,high,downstream_outcomes,overall_new_release_count,FALSE,sa,-14,5.0328822309131,1.76777052753355,1.56805199694735,8.49771246487886
opened_cohort,important_degree_top3,rolling5,exact2,nevertreated,pc_score,discussion_quality_pc_score,high,downstream_outcomes,overall_new_release_count,FALSE,sa,-13,4.4260013795872,1.77468301480072,0.947622670577785,7.90438008859662
opened_cohort,important_degree_top3,rolling5,exact2,nevertreated,pc_score,discussion_quality_pc_score,high,downstream_outcomes,overall_new_release_count,FALSE,sa,-12,3.77779471065003,1.46215125610646,0.911978248681358,6.64361117261869
opened_cohort,important_degree_top3,rolling5,exact2,nevertreated,pc_score,discussion_quality_pc_score,high,downstream_outcomes,overall_new_release_count,FALSE,sa,-11,3.30138052415712,1.38608407760503,0.584655732051264,6.01810531626298
opened_cohort,important_degree_top3,rolling5,exact2,nevertreated,pc_score,discussion_quality_pc_score,high,downstream_outcomes,overall_new_release_count,FALSE,sa,-10,2.78527812840147,1.38668320806773,0.0673790405887114,5.50317721621422
opened_cohort,important_degree_top3,rolling5,exact2,nevertreated,pc_score,discussion_quality_pc_score,high,downstream_outcomes,overall_new_release_count,FALSE,sa,-9,2.34673703741814,1.34210233572044,-0.283783540593921,4.9772576154302
opened_cohort,important_degree_top3,rolling5,exact2,nevertreated,pc_score,discussion_quality_pc_score,high,downstream_outcomes,overall_new_release_count,FALSE,sa,-8,2.54958280603642,1.37348172712515,-0.142441379128862,5.24160699120171
opened_cohort,important_degree_top3,rolling5,exact2,nevertreated,pc_score,discussion_quality_pc_score,high,downstream_outcomes,overall_new_release_count,FALSE,sa,-7,2.55225651136036,1.58777076823477,-0.559774194379788,5.66428721710051
opened_cohort,important_degree_top3,rolling5,exact2,nevertreated,pc_score,discussion_quality_pc_score,high,downstream_outcomes,overall_new_release_count,FALSE,sa,-6,2.89258323781518,1.61436491168327,-0.271571989084027,6.05673846471438
opened_cohort,important_degree_top3,rolling5,exact2,nevertreated,pc_score,discussion_quality_pc_score,high,downstream_outcomes,overall_new_release_count,FALSE,sa,-5,2.2828151214578,1.46441220744967,-0.58743280514355,5.15306304805914
opened_cohort,important_degree_top3,rolling5,exact2,nevertreated,pc_score,discussion_quality_pc_score,high,downstream_outcomes,overall_new_release_count,FALSE,sa,-4,2.36920153164385,1.36346209421286,-0.303184173013368,5.04158723630106
opened_cohort,important_degree_top3,rolling5,exact2,nevertreated,pc_score,discussion_quality_pc_score,high,downstream_outcomes,overall_new_release_count,FALSE,sa,-3,1.57853528109658,0.971041493992858,-0.324706047129426,3.48177660932258
opened_cohort,important_degree_top3,rolling5,exact2,nevertreated,pc_score,discussion_quality_pc_score,high,downstream_outcomes,overall_new_release_count,FALSE,sa,-2,1.53852332608656,0.555830786608484,0.449094984333934,2.62795166783919
opened_cohort,important_degree_top3,rolling5,exact2,nevertreated,pc_score,discussion_quality_pc_score,high,downstream_outcomes,overall_new_release_count,FALSE,sa,-1,0,0,0,0
opened_cohort,important_degree_top3,rolling5,exact2,nevertreated,pc_score,discussion_quality_pc_score,high,downstream_outcomes,overall_new_release_count,FALSE,sa,0,-1.28113675176524,0.61828102117873,-2.49296755327555,-0.0693059502549296
opened_cohort,important_degree_top3,rolling5,exact2,nevertreated,pc_score,discussion_quality_pc_score,high,downstream_outcomes,overall_new_release_count,FALSE,sa,1,-2.87472220302024,0.731351350377256,-4.30817084975967,-1.44127355628082
opened_cohort,important_degree_top3,rolling5,exact2,nevertreated,pc_score,discussion_quality_pc_score,high,downstream_outcomes,overall_new_release_count,FALSE,sa,2,-2.62319203688794,0.905812296878861,-4.39858413877051,-0.847799935005373
opened_cohort,important_degree_top3,rolling5,exact2,nevertreated,pc_score,discussion_quality_pc_score,high,downstream_outcomes,overall_new_release_count,FALSE,sa,3,-2.80535467168829,0.911177591790531,-4.59126275159773,-1.01944659177885
opened_cohort,important_degree_top3,rolling5,exact2,nevertreated,pc_score,discussion_quality_pc_score,high,downstream_outcomes,overall_new_release_count,FALSE,sa,4,-2.66997140150469,1.12873244644341,-4.88228699653378,-0.4576558064756
opened_cohort,important_degree_top3,rolling5,exact2,nevertreated,pc_score,discussion_quality_pc_score,high,downstream_outcomes,overall_new_release_count,FALSE,sa,5,-2.28232931464954,1.31878754052606,-4.86715289408062,0.302494264781527
opened_cohort,important_degree_top3,rolling5,exact2,nevertreated,pc_score,discussion_quality_pc_score,high,downstream_outcomes,overall_new_release_count,FALSE,sa,6,-2.63603500038007,1.60710223344209,-5.78595537792656,0.513885377166428
opened_cohort,important_degree_top3,rolling5,exact2,nevertreated,pc_score,discussion_quality_pc_score,high,downstream_outcomes,overall_new_release_count,FALSE,sa,7,-2.86824824679212,1.82031123217981,-6.43605826186455,0.699561768280301
opened_cohort,important_degree_top3,rolling5,exact2,nevertreated,pc_score,discussion_quality_pc_score,high,downstream_outcomes,overall_new_release_count,FALSE,sa,8,-3.9084752991539,1.90997381369346,-7.65202397399308,-0.164926624314715
opened_cohort,important_degree_top3,rolling5,exact2,nevertreated,pc_score,discussion_quality_pc_score,high,downstream_outcomes,overall_new_release_count,FALSE,sa,9,-5.24559315048168,2.2937255158887,-9.74129516162353,-0.749891139339827
opened_cohort,important_degree_top3,rolling5,exact2,nevertreated,pc_score,discussion_quality_pc_score,high,downstream_outcomes,overall_new_release_count,FALSE,sa,10,-6.52837732443332,2.53363049712701,-11.4942930988023,-1.56246155006438
opened_cohort,important_degree_top3,rolling5,exact2,nevertreated,pc_score,discussion_quality_pc_score,high,downstream_outcomes,overall_new_release_count,FALSE,sa,11,-6.37447944578162,2.22634249335734,-10.738110732762,-2.01084815880123
opened_cohort,important_degree_top3,rolling5,exact2,nevertreated,pc_score,investment_in_new_talent_pc_score,low,downstream_outcomes,overall_new_release_count,FALSE,sa,-15,2.27447386156917,1.70910070306817,-1.07536351644445,5.62431123958278
opened_cohort,important_degree_top3,rolling5,exact2,nevertreated,pc_score,investment_in_new_talent_pc_score,low,downstream_outcomes,overall_new_release_count,FALSE,sa,-14,2.86910417756232,1.67168309330722,-0.407394685319844,6.14560304044448
opened_cohort,important_degree_top3,rolling5,exact2,nevertreated,pc_score,investment_in_new_talent_pc_score,low,downstream_outcomes,overall_new_release_count,FALSE,sa,-13,3.38038235347923,1.73496385081767,-0.0201467941234004,6.78091150108186
opened_cohort,important_degree_top3,rolling5,exact2,nevertreated,pc_score,investment_in_new_talent_pc_score,low,downstream_outcomes,overall_new_release_count,FALSE,sa,-12,3.15639369336256,1.4873396766026,0.241207927221459,6.07157945950366
opened_cohort,important_degree_top3,rolling5,exact2,nevertreated,pc_score,investment_in_new_talent_pc_score,low,downstream_outcomes,overall_new_release_count,FALSE,sa,-11,3.02071636164538,1.41411144510413,0.249057929241286,5.79237479404948
opened_cohort,important_degree_top3,rolling5,exact2,nevertreated,pc_score,investment_in_new_talent_pc_score,low,downstream_outcomes,overall_new_release_count,FALSE,sa,-10,2.4799648161678,1.23289870699091,0.0634833504656114,4.89644628186998
opened_cohort,important_degree_top3,rolling5,exact2,nevertreated,pc_score,investment_in_new_talent_pc_score,low,downstream_outcomes,overall_new_release_count,FALSE,sa,-9,1.73873589973867,1.10055955204914,-0.418360822277638,3.89583262175498
opened_cohort,important_degree_top3,rolling5,exact2,nevertreated,pc_score,investment_in_new_talent_pc_score,low,downstream_outcomes,overall_new_release_count,FALSE,sa,-8,1.73700909338888,1.05950646551002,-0.33962357901075,3.81364176578851
opened_cohort,important_degree_top3,rolling5,exact2,nevertreated,pc_score,investment_in_new_talent_pc_score,low,downstream_outcomes,overall_new_release_count,FALSE,sa,-7,1.36001417453126,1.17231580586004,-0.937724804954425,3.65775315401695
opened_cohort,important_degree_top3,rolling5,exact2,nevertreated,pc_score,investment_in_new_talent_pc_score,low,downstream_outcomes,overall_new_release_count,FALSE,sa,-6,1.52967013731705,1.30146324815945,-1.02119782907546,4.08053810370956
opened_cohort,important_degree_top3,rolling5,exact2,nevertreated,pc_score,investment_in_new_talent_pc_score,low,downstream_outcomes,overall_new_release_count,FALSE,sa,-5,0.758995471283763,1.08813782607487,-1.37375466782299,2.89174561039052
opened_cohort,important_degree_top3,rolling5,exact2,nevertreated,pc_score,investment_in_new_talent_pc_score,low,downstream_outcomes,overall_new_release_count,FALSE,sa,-4,1.54621772278489,1.18664530322263,-0.779607071531459,3.87204251710123
opened_cohort,important_degree_top3,rolling5,exact2,nevertreated,pc_score,investment_in_new_talent_pc_score,low,downstream_outcomes,overall_new_release_count,FALSE,sa,-3,1.05325141878154,0.924448560274261,-0.758667759356015,2.86517059691909
opened_cohort,important_degree_top3,rolling5,exact2,nevertreated,pc_score,investment_in_new_talent_pc_score,low,downstream_outcomes,overall_new_release_count,FALSE,sa,-2,1.14196677025857,0.447241009600616,0.26537439144136,2.01855914907577
opened_cohort,important_degree_top3,rolling5,exact2,nevertreated,pc_score,investment_in_new_talent_pc_score,low,downstream_outcomes,overall_new_release_count,FALSE,sa,-1,0,0,0,0
opened_cohort,important_degree_top3,rolling5,exact2,nevertreated,pc_score,investment_in_new_talent_pc_score,low,downstream_outcomes,overall_new_release_count,FALSE,sa,0,-0.715600383561846,0.51620054542191,-1.72735345258879,0.296152685465098
opened_cohort,important_degree_top3,rolling5,exact2,nevertreated,pc_score,investment_in_new_talent_pc_score,low,downstream_outcomes,overall_new_release_count,FALSE,sa,1,-1.73237289030354,0.673340082079611,-3.05211945117958,-0.412626329427501
opened_cohort,important_degree_top3,rolling5,exact2,nevertreated,pc_score,investment_in_new_talent_pc_score,low,downstream_outcomes,overall_new_release_count,FALSE,sa,2,-1.48943116695861,0.550118377825767,-2.56766318749711,-0.411199146420107
opened_cohort,important_degree_top3,rolling5,exact2,nevertreated,pc_score,investment_in_new_talent_pc_score,low,downstream_outcomes,overall_new_release_count,FALSE,sa,3,-1.28651488766128,0.541356851826314,-2.34757431724085,-0.225455458081702
opened_cohort,important_degree_top3,rolling5,exact2,nevertreated,pc_score,investment_in_new_talent_pc_score,low,downstream_outcomes,overall_new_release_count,FALSE,sa,4,-0.698365942121321,0.882412897527225,-2.42789522127468,1.03116333703204
opened_cohort,important_degree_top3,rolling5,exact2,nevertreated,pc_score,investment_in_new_talent_pc_score,low,downstream_outcomes,overall_new_release_count,FALSE,sa,5,-0.32428951211691,1.11226100901996,-2.50432108979603,1.85574206556222
opened_cohort,important_degree_top3,rolling5,exact2,nevertreated,pc_score,investment_in_new_talent_pc_score,low,downstream_outcomes,overall_new_release_count,FALSE,sa,6,-0.0419416753129204,1.42918901295748,-2.84315214070959,2.75926879008374
opened_cohort,important_degree_top3,rolling5,exact2,nevertreated,pc_score,investment_in_new_talent_pc_score,low,downstream_outcomes,overall_new_release_count,FALSE,sa,7,0.437473513800214,1.52887031159143,-2.55911229691899,3.43405932451941
opened_cohort,important_degree_top3,rolling5,exact2,nevertreated,pc_score,investment_in_new_talent_pc_score,low,downstream_outcomes,overall_new_release_count,FALSE,sa,8,0.151458865458894,1.46298480194349,-2.71599134635035,3.01890907726814
opened_cohort,important_degree_top3,rolling5,exact2,nevertreated,pc_score,investment_in_new_talent_pc_score,low,downstream_outcomes,overall_new_release_count,FALSE,sa,9,-0.340611092163137,1.44915382237539,-3.1809525840189,2.49973039969262
opened_cohort,important_degree_top3,rolling5,exact2,nevertreated,pc_score,investment_in_new_talent_pc_score,low,downstream_outcomes,overall_new_release_count,FALSE,sa,10,-2.20467416799267,1.46696852296511,-5.07993247300428,0.670584137018937
opened_cohort,important_degree_top3,rolling5,exact2,nevertreated,pc_score,investment_in_new_talent_pc_score,low,downstream_outcomes,overall_new_release_count,FALSE,sa,11,-1.84568436496122,0.953229405593176,-3.71401399992384,0.0226452700014099
opened_cohort,important_degree_top3,rolling5,exact2,nevertreated,pc_score,investment_in_new_talent_pc_score,high,downstream_outcomes,overall_new_release_count,FALSE,sa,-15,6.95829660532575,2.1343258463864,2.77501794640841,11.1415752642431
opened_cohort,important_degree_top3,rolling5,exact2,nevertreated,pc_score,investment_in_new_talent_pc_score,high,downstream_outcomes,overall_new_release_count,FALSE,sa,-14,5.79278470224813,1.82430218899684,2.21715241181432,9.36841699268194
opened_cohort,important_degree_top3,rolling5,exact2,nevertreated,pc_score,investment_in_new_talent_pc_score,high,downstream_outcomes,overall_new_release_count,FALSE,sa,-13,3.80757317897643,1.66477014579631,0.544623693215655,7.0705226647372
opened_cohort,important_degree_top3,rolling5,exact2,nevertreated,pc_score,investment_in_new_talent_pc_score,high,downstream_outcomes,overall_new_release_count,FALSE,sa,-12,2.18351201237689,1.54303925451266,-0.840844926467914,5.20786895122169
opened_cohort,important_degree_top3,rolling5,exact2,nevertreated,pc_score,investment_in_new_talent_pc_score,high,downstream_outcomes,overall_new_release_count,FALSE,sa,-11,1.84793965828144,1.52271856141389,-1.13658872208979,4.83246803865267
opened_cohort,important_degree_top3,rolling5,exact2,nevertreated,pc_score,investment_in_new_talent_pc_score,high,downstream_outcomes,overall_new_release_count,FALSE,sa,-10,0.505345822632829,2.05874348044638,-3.52979139904207,4.54048304430773
opened_cohort,important_degree_top3,rolling5,exact2,nevertreated,pc_score,investment_in_new_talent_pc_score,high,downstream_outcomes,overall_new_release_count,FALSE,sa,-9,1.19175274594099,1.92012225048473,-2.57168686500908,4.95519235689107
opened_cohort,important_degree_top3,rolling5,exact2,nevertreated,pc_score,investment_in_new_talent_pc_score,high,downstream_outcomes,overall_new_release_count,FALSE,sa,-8,0.899390178596312,1.88020735248879,-2.78581623228171,4.58459658947433
opened_cohort,important_degree_top3,rolling5,exact2,nevertreated,pc_score,investment_in_new_talent_pc_score,high,downstream_outcomes,overall_new_release_count,FALSE,sa,-7,0.295730860114478,1.81423503353019,-3.26016980560469,3.85163152583364
opened_cohort,important_degree_top3,rolling5,exact2,nevertreated,pc_score,investment_in_new_talent_pc_score,high,downstream_outcomes,overall_new_release_count,FALSE,sa,-6,-0.325710796415564,1.67708768372961,-3.61280265652559,2.96138106369446
opened_cohort,important_degree_top3,rolling5,exact2,nevertreated,pc_score,investment_in_new_talent_pc_score,high,downstream_outcomes,overall_new_release_count,FALSE,sa,-5,0.367267326810376,1.66063693612519,-2.887581067995,3.62211572161575
opened_cohort,important_degree_top3,rolling5,exact2,nevertreated,pc_score,investment_in_new_talent_pc_score,high,downstream_outcomes,overall_new_release_count,FALSE,sa,-4,0.461376720890381,1.40841669023402,-2.2991199919683,3.22187343374906
opened_cohort,important_degree_top3,rolling5,exact2,nevertreated,pc_score,investment_in_new_talent_pc_score,high,downstream_outcomes,overall_new_release_count,FALSE,sa,-3,0.502169925610158,1.27527447675854,-1.99736804883658,3.0017079000569
opened_cohort,important_degree_top3,rolling5,exact2,nevertreated,pc_score,investment_in_new_talent_pc_score,high,downstream_outcomes,overall_new_release_count,FALSE,sa,-2,1.52396467833249,1.10464860705406,-0.64114659149346,3.68907594815845
opened_cohort,important_degree_top3,rolling5,exact2,nevertreated,pc_score,investment_in_new_talent_pc_score,high,downstream_outcomes,overall_new_release_count,FALSE,sa,-1,0,0,0,0
opened_cohort,important_degree_top3,rolling5,exact2,nevertreated,pc_score,investment_in_new_talent_pc_score,high,downstream_outcomes,overall_new_release_count,FALSE,sa,0,-1.26444498096734,0.715259090228487,-2.66635279781517,0.137462835880494
opened_cohort,important_degree_top3,rolling5,exact2,nevertreated,pc_score,investment_in_new_talent_pc_score,high,downstream_outcomes,overall_new_release_count,FALSE,sa,1,-1.60126559909027,0.936180026198447,-3.43617845043922,0.23364725225869
opened_cohort,important_degree_top3,rolling5,exact2,nevertreated,pc_score,investment_in_new_talent_pc_score,high,downstream_outcomes,overall_new_release_count,FALSE,sa,2,-0.638849491707679,1.37971780667359,-3.34309639278792,2.06539740937257
opened_cohort,important_degree_top3,rolling5,exact2,nevertreated,pc_score,investment_in_new_talent_pc_score,high,downstream_outcomes,overall_new_release_count,FALSE,sa,3,-0.149346136002927,1.7588213142276,-3.59663591188903,3.29794363988317
opened_cohort,important_degree_top3,rolling5,exact2,nevertreated,pc_score,investment_in_new_talent_pc_score,high,downstream_outcomes,overall_new_release_count,FALSE,sa,4,-0.669346136002931,1.96705666724145,-4.52477720379617,3.18608493179031
opened_cohort,important_degree_top3,rolling5,exact2,nevertreated,pc_score,investment_in_new_talent_pc_score,high,downstream_outcomes,overall_new_release_count,FALSE,sa,5,-0.487493787009616,2.07635119458,-4.55714212838641,3.58215455436718
opened_cohort,important_degree_top3,rolling5,exact2,nevertreated,pc_score,investment_in_new_talent_pc_score,high,downstream_outcomes,overall_new_release_count,FALSE,sa,6,-3.14069992890491,2.14139314557277,-7.33783049422755,1.05643063641772
opened_cohort,important_degree_top3,rolling5,exact2,nevertreated,pc_score,investment_in_new_talent_pc_score,high,downstream_outcomes,overall_new_release_count,FALSE,sa,7,-4.64966179931578,2.24941409258005,-9.05851342077268,-0.240810177858873
opened_cohort,important_degree_top3,rolling5,exact2,nevertreated,pc_score,investment_in_new_talent_pc_score,high,downstream_outcomes,overall_new_release_count,FALSE,sa,8,-4.29917332949942,2.80053408597676,-9.78822013801387,1.18987347901503
opened_cohort,important_degree_top3,rolling5,exact2,nevertreated,pc_score,investment_in_new_talent_pc_score,high,downstream_outcomes,overall_new_release_count,FALSE,sa,9,-2.93346124900889,4.43274983570617,-11.621650926993,5.7547284289752
opened_cohort,important_degree_top3,rolling5,exact2,nevertreated,pc_score,investment_in_new_talent_pc_score,high,downstream_outcomes,overall_new_release_count,FALSE,sa,10,-0.901650223621688,3.94761240681505,-8.63897054097918,6.8356700937358
opened_cohort,important_degree_top3,rolling5,exact2,nevertreated,pc_score,investment_in_new_talent_pc_score,high,downstream_outcomes,overall_new_release_count,FALSE,sa,11,-6.33798032201995,2.61644454807949,-11.4662116362558,-1.20974900778414
opened_cohort,important_degree_top3,rolling5,exact2,nevertreated,pc_score,problem_solving_routines_pc_score,low,downstream_outcomes,overall_new_release_count,FALSE,sa,-15,0.0704650727816271,1.14693612109262,-2.1775297245599,2.31845987012315
opened_cohort,important_degree_top3,rolling5,exact2,nevertreated,pc_score,problem_solving_routines_pc_score,low,downstream_outcomes,overall_new_release_count,FALSE,sa,-14,0.167921941540517,0.719094074864673,-1.24150244519424,1.57734632827528
opened_cohort,important_degree_top3,rolling5,exact2,nevertreated,pc_score,problem_solving_routines_pc_score,low,downstream_outcomes,overall_new_release_count,FALSE,sa,-13,0.195982155378674,0.610874791661057,-1.001332436277,1.39329674703435
opened_cohort,important_degree_top3,rolling5,exact2,nevertreated,pc_score,problem_solving_routines_pc_score,low,downstream_outcomes,overall_new_release_count,FALSE,sa,-12,0.140977047185094,0.543557737344197,-0.924396118009533,1.20635021237972
opened_cohort,important_degree_top3,rolling5,exact2,nevertreated,pc_score,problem_solving_routines_pc_score,low,downstream_outcomes,overall_new_release_count,FALSE,sa,-11,-0.227418116712814,0.559794742000104,-1.32461581103302,0.869779577607389
opened_cohort,important_degree_top3,rolling5,exact2,nevertreated,pc_score,problem_solving_routines_pc_score,low,downstream_outcomes,overall_new_release_count,FALSE,sa,-10,-0.463266005985959,0.58918393966121,-1.61806652772193,0.691534515750012
opened_cohort,important_degree_top3,rolling5,exact2,nevertreated,pc_score,problem_solving_routines_pc_score,low,downstream_outcomes,overall_new_release_count,FALSE,sa,-9,-2.15952351773737,1.47051474123727,-5.04173241056242,0.722685375087686
opened_cohort,important_degree_top3,rolling5,exact2,nevertreated,pc_score,problem_solving_routines_pc_score,low,downstream_outcomes,overall_new_release_count,FALSE,sa,-8,-2.26527741529055,1.52967804576985,-5.26344638499946,0.732891554418368
opened_cohort,important_degree_top3,rolling5,exact2,nevertreated,pc_score,problem_solving_routines_pc_score,low,downstream_outcomes,overall_new_release_count,FALSE,sa,-7,-2.23145095428603,1.36162963385741,-4.90024503664655,0.437343128074483
opened_cohort,important_degree_top3,rolling5,exact2,nevertreated,pc_score,problem_solving_routines_pc_score,low,downstream_outcomes,overall_new_release_count,FALSE,sa,-6,-2.04721800169192,1.32656775510949,-4.64729080170651,0.552854798322673
opened_cohort,important_degree_top3,rolling5,exact2,nevertreated,pc_score,problem_solving_routines_pc_score,low,downstream_outcomes,overall_new_release_count,FALSE,sa,-5,-2.68631525863096,1.52094338527169,-5.66736429376347,0.294733776501543
opened_cohort,important_degree_top3,rolling5,exact2,nevertreated,pc_score,problem_solving_routines_pc_score,low,downstream_outcomes,overall_new_release_count,FALSE,sa,-4,-1.63409483139262,1.5785529861377,-4.7280586842225,1.45986902143727
opened_cohort,important_degree_top3,rolling5,exact2,nevertreated,pc_score,problem_solving_routines_pc_score,low,downstream_outcomes,overall_new_release_count,FALSE,sa,-3,-1.74679295371508,1.52514776692534,-4.73608257688875,1.24249666945859
opened_cohort,important_degree_top3,rolling5,exact2,nevertreated,pc_score,problem_solving_routines_pc_score,low,downstream_outcomes,overall_new_release_count,FALSE,sa,-2,-0.744320717707605,1.49229907313074,-3.66922690104386,2.18058546562865
opened_cohort,important_degree_top3,rolling5,exact2,nevertreated,pc_score,problem_solving_routines_pc_score,low,downstream_outcomes,overall_new_release_count,FALSE,sa,-1,0,0,0,0
opened_cohort,important_degree_top3,rolling5,exact2,nevertreated,pc_score,problem_solving_routines_pc_score,low,downstream_outcomes,overall_new_release_count,FALSE,sa,0,-0.964634223387344,0.629140351139641,-2.19774931162104,0.268480864846352
opened_cohort,important_degree_top3,rolling5,exact2,nevertreated,pc_score,problem_solving_routines_pc_score,low,downstream_outcomes,overall_new_release_count,FALSE,sa,1,-2.72121688808382,1.35756169982108,-5.38203781973313,-0.0603959564345082
opened_cohort,important_degree_top3,rolling5,exact2,nevertreated,pc_score,problem_solving_routines_pc_score,low,downstream_outcomes,overall_new_release_count,FALSE,sa,2,-2.85902458848354,1.47614264551968,-5.75226417370212,0.0342149967350398
opened_cohort,important_degree_top3,rolling5,exact2,nevertreated,pc_score,problem_solving_routines_pc_score,low,downstream_outcomes,overall_new_release_count,FALSE,sa,3,-3.2160096505496,1.44697713776664,-6.05208484057221,-0.379934460526997
opened_cohort,important_degree_top3,rolling5,exact2,nevertreated,pc_score,problem_solving_routines_pc_score,low,downstream_outcomes,overall_new_release_count,FALSE,sa,4,-3.06389519652051,1.34745531401757,-5.70490761199494,-0.422882781046076
opened_cohort,important_degree_top3,rolling5,exact2,nevertreated,pc_score,problem_solving_routines_pc_score,low,downstream_outcomes,overall_new_release_count,FALSE,sa,5,-3.01450533748411,1.39754402307543,-5.75369162271195,-0.275319052256277
opened_cohort,important_degree_top3,rolling5,exact2,nevertreated,pc_score,problem_solving_routines_pc_score,low,downstream_outcomes,overall_new_release_count,FALSE,sa,6,-3.45315957497497,1.67646059677448,-6.73902234465295,-0.167296805297001
opened_cohort,important_degree_top3,rolling5,exact2,nevertreated,pc_score,problem_solving_routines_pc_score,low,downstream_outcomes,overall_new_release_count,FALSE,sa,7,-3.7922172831851,2.08713521026507,-7.88300229530463,0.298567728934432
opened_cohort,important_degree_top3,rolling5,exact2,nevertreated,pc_score,problem_solving_routines_pc_score,low,downstream_outcomes,overall_new_release_count,FALSE,sa,8,-4.27582200020929,2.645774222335,-9.46153947598589,0.909895475567313
opened_cohort,important_degree_top3,rolling5,exact2,nevertreated,pc_score,problem_solving_routines_pc_score,low,downstream_outcomes,overall_new_release_count,FALSE,sa,9,-6.26253912468802,4.26815653254459,-14.6281259284754,2.10304767909938
opened_cohort,important_degree_top3,rolling5,exact2,nevertreated,pc_score,problem_solving_routines_pc_score,low,downstream_outcomes,overall_new_release_count,FALSE,sa,10,-7.64231111346463,6.93444185485005,-21.2338171489707,5.94919492204148
opened_cohort,important_degree_top3,rolling5,exact2,nevertreated,pc_score,problem_solving_routines_pc_score,low,downstream_outcomes,overall_new_release_count,FALSE,sa,11,-16.0317072496519,14.869918966635,-45.1767484242565,13.1133339249527
opened_cohort,important_degree_top3,rolling5,exact2,nevertreated,pc_score,problem_solving_routines_pc_score,high,downstream_outcomes,overall_new_release_count,FALSE,sa,-15,8.56849946729653,2.390677308851,3.88277194194857,13.2542269926445
opened_cohort,important_degree_top3,rolling5,exact2,nevertreated,pc_score,problem_solving_routines_pc_score,high,downstream_outcomes,overall_new_release_count,FALSE,sa,-14,8.03805187070169,2.16536438144355,3.79393768307233,12.282166058331
opened_cohort,important_degree_top3,rolling5,exact2,nevertreated,pc_score,problem_solving_routines_pc_score,high,downstream_outcomes,overall_new_release_count,FALSE,sa,-13,6.2993186700229,2.05413562146287,2.27321285195567,10.3254244880901
opened_cohort,important_degree_top3,rolling5,exact2,nevertreated,pc_score,problem_solving_routines_pc_score,high,downstream_outcomes,overall_new_release_count,FALSE,sa,-12,4.3761068205088,1.85248256328108,0.74524099647788,8.00697264453972
opened_cohort,important_degree_top3,rolling5,exact2,nevertreated,pc_score,problem_solving_routines_pc_score,high,downstream_outcomes,overall_new_release_count,FALSE,sa,-11,4.46749603471083,1.63340232881538,1.2660274702327,7.66896459918897
opened_cohort,important_degree_top3,rolling5,exact2,nevertreated,pc_score,problem_solving_routines_pc_score,high,downstream_outcomes,overall_new_release_count,FALSE,sa,-10,2.59960969119325,2.23913421432215,-1.78909336887816,6.98831275126467
opened_cohort,important_degree_top3,rolling5,exact2,nevertreated,pc_score,problem_solving_routines_pc_score,high,downstream_outcomes,overall_new_release_count,FALSE,sa,-9,3.17917006674205,2.10589132611536,-0.948376932444067,7.30671706592816
opened_cohort,important_degree_top3,rolling5,exact2,nevertreated,pc_score,problem_solving_routines_pc_score,high,downstream_outcomes,overall_new_release_count,FALSE,sa,-8,2.7861864555517,2.03293047265945,-1.19835727086083,6.77073018196422
opened_cohort,important_degree_top3,rolling5,exact2,nevertreated,pc_score,problem_solving_routines_pc_score,high,downstream_outcomes,overall_new_release_count,FALSE,sa,-7,1.80099682269704,1.98536666550021,-2.09032184168338,5.69231548707746
opened_cohort,important_degree_top3,rolling5,exact2,nevertreated,pc_score,problem_solving_routines_pc_score,high,downstream_outcomes,overall_new_release_count,FALSE,sa,-6,1.40639848651153,1.96518214988754,-2.44535852726804,5.25815550029111
opened_cohort,important_degree_top3,rolling5,exact2,nevertreated,pc_score,problem_solving_routines_pc_score,high,downstream_outcomes,overall_new_release_count,FALSE,sa,-5,1.95288892201188,1.84318540512223,-1.65975447202769,5.56553231605146
opened_cohort,important_degree_top3,rolling5,exact2,nevertreated,pc_score,problem_solving_routines_pc_score,high,downstream_outcomes,overall_new_release_count,FALSE,sa,-4,1.70255168000644,1.56055108731663,-1.35612845113414,4.76123181114703
opened_cohort,important_degree_top3,rolling5,exact2,nevertreated,pc_score,problem_solving_routines_pc_score,high,downstream_outcomes,overall_new_release_count,FALSE,sa,-3,1.49736065706005,1.36902947923883,-1.18593712224806,4.18065843636815
opened_cohort,important_degree_top3,rolling5,exact2,nevertreated,pc_score,problem_solving_routines_pc_score,high,downstream_outcomes,overall_new_release_count,FALSE,sa,-2,1.72681853062664,1.10623882489419,-0.441409566165973,3.89504662741925
opened_cohort,important_degree_top3,rolling5,exact2,nevertreated,pc_score,problem_solving_routines_pc_score,high,downstream_outcomes,overall_new_release_count,FALSE,sa,-1,0,0,0,0
opened_cohort,important_degree_top3,rolling5,exact2,nevertreated,pc_score,problem_solving_routines_pc_score,high,downstream_outcomes,overall_new_release_count,FALSE,sa,0,-1.15691592249796,0.696885930457188,-2.52281234619404,0.208980501198131
opened_cohort,important_degree_top3,rolling5,exact2,nevertreated,pc_score,problem_solving_routines_pc_score,high,downstream_outcomes,overall_new_release_count,FALSE,sa,1,-1.37432154708516,0.928832361877672,-3.1948329763654,0.446189882195075
opened_cohort,important_degree_top3,rolling5,exact2,nevertreated,pc_score,problem_solving_routines_pc_score,high,downstream_outcomes,overall_new_release_count,FALSE,sa,2,-0.265167677768698,1.37215984095201,-2.95460096603465,2.42426561049725
opened_cohort,important_degree_top3,rolling5,exact2,nevertreated,pc_score,problem_solving_routines_pc_score,high,downstream_outcomes,overall_new_release_count,FALSE,sa,3,1.03102824715353,1.7994739943694,-2.49594078181049,4.55799727611755
opened_cohort,important_degree_top3,rolling5,exact2,nevertreated,pc_score,problem_solving_routines_pc_score,high,downstream_outcomes,overall_new_release_count,FALSE,sa,4,0.787025436755064,2.11149083473882,-3.35149659933303,4.92554747284316
opened_cohort,important_degree_top3,rolling5,exact2,nevertreated,pc_score,problem_solving_routines_pc_score,high,downstream_outcomes,overall_new_release_count,FALSE,sa,5,1.19794584225542,2.27154264367887,-3.25427773935517,5.65016942386601
opened_cohort,important_degree_top3,rolling5,exact2,nevertreated,pc_score,problem_solving_routines_pc_score,high,downstream_outcomes,overall_new_release_count,FALSE,sa,6,-1.00043737148929,2.40231088290546,-5.70896670198399,3.7080919590054
opened_cohort,important_degree_top3,rolling5,exact2,nevertreated,pc_score,problem_solving_routines_pc_score,high,downstream_outcomes,overall_new_release_count,FALSE,sa,7,-1.87469406600791,2.47589820715305,-6.72745455202788,2.97806642001206
opened_cohort,important_degree_top3,rolling5,exact2,nevertreated,pc_score,problem_solving_routines_pc_score,high,downstream_outcomes,overall_new_release_count,FALSE,sa,8,-2.28413809261658,2.75211349817695,-7.6782805490434,3.11000436381024
opened_cohort,important_degree_top3,rolling5,exact2,nevertreated,pc_score,problem_solving_routines_pc_score,high,downstream_outcomes,overall_new_release_count,FALSE,sa,9,0.37574901080833,4.3347193964347,-8.12030100620368,8.87179902782034
opened_cohort,important_degree_top3,rolling5,exact2,nevertreated,pc_score,problem_solving_routines_pc_score,high,downstream_outcomes,overall_new_release_count,FALSE,sa,10,-1.63994831302134,4.17575183440302,-9.82442190845127,6.54452528240859
opened_cohort,important_degree_top3,rolling5,exact2,nevertreated,pc_score,problem_solving_routines_pc_score,high,downstream_outcomes,overall_new_release_count,FALSE,sa,11,-7.9896767396766,3.04323148132118,-13.9544104430661,-2.02494303628708
