metric,n,n_na,mean,median,sd,p10,p25,p75,p90
error_open_pct,266,3,8847.675947872538,-54.54545454545455,144041.53377906937,-100.0,-86.75320056899004,2.7755575615628945e-15,150.0
error_review_rate_pp,212,57,-4.7484666893301295,-1.4370789153803243,35.93178354885783,-53.53370113346289,-27.64957998596823,16.78402423971645,40.645811936283955
error_merge_rate_pp,166,103,14.682630728518557,0.0,302.0414880745349,-103.2608695652174,-50.89285714285714,42.4498746867168,111.43790849673204
error_review_rate_pct,210,59,2.1882389421120214,-3.636653927436428,95.23322859666851,-100.0,-70.4312329089228,29.595010813085082,92.30614120529269
error_merge_rate_pct,166,103,80.22018044142621,0.0,577.7227519120246,-79.86641221374046,-40.55555555555556,48.69047619047619,163.39285714285714
