metric,n,n_na,mean,median,sd,p10,p25,p75,p90
error_open_pct,582,0,4113.646144176403,-38.20701357466063,97379.02762158422,-100.0,-80.29411764705883,34.146341463414636,200.47587592546697
error_review_rate_pp,493,89,-7.689220706909024,-1.2784983259801486,33.044795411039445,-53.942054025464664,-27.596033397737575,12.8,27.173352248431176
error_merge_rate_pp,441,141,-20.319747389456026,-18.765698161183288,197.0373584336466,-141.66666666666669,-62.69113149847095,11.815856777493616,80.0
