metric,n,n_na,mean,median,sd,p10,p25,p75,p90
error_open_pct,582,0,12154.898504792585,-28.571428571428555,292146.1992646509,-100.0,-70.58823529411765,42.09541349809885,177.58620689655166
error_review_rate_pp,509,73,-2.795398304717662,1.2638476938247378,30.130571322002393,-40.601734139603124,-18.490837983156744,14.520621815837254,28.838121899667055
error_merge_rate_pp,462,120,-23.567395840413205,-21.0997732426304,172.54909427702825,-114.10714285714285,-60.94758745410769,6.813725490196076,50.0
error_review_rate_pct,500,82,0.19629073554680668,1.631653833620279,60.442425427995786,-75.36312225363638,-28.737249833640096,19.85464290907325,48.579637188692374
error_merge_rate_pct,456,126,-8.82027683718704,-20.115428218076886,96.15138671738305,-78.66161616161617,-47.136222910216716,6.3944962042788145,46.976799242424256
