metric,n,n_na,mean,median,sd,p10,p25,p75,p90
error_open_pct,266,3,26.395908092438603,-66.2878787878788,451.6523784441913,-100.0,-100.0,8.326672684688676e-15,100.0
error_review_rate_pp,187,82,-2.807143370341421,-1.6783127684305676,38.597518835981546,-55.59216615372494,-23.803279885855765,22.10882170574714,45.902509387215176
error_merge_rate_pp,155,114,11.98969953216348,0.0,164.15849702316046,-105.4044117647059,-44.50793650793652,37.867510640619884,145.71428571428564
error_review_rate_pct,186,83,7.602530667827647,-2.5968002090613043,94.02417176402948,-100.0,-44.1360995057282,36.08093981610364,103.77665460173866
error_merge_rate_pct,153,116,52.71568059402285,0.0,290.2435044746979,-71.851968503937,-41.07142857142856,50.00000000000001,152.73432449903052
