metric,n,n_na,mean,median,sd,p10,p25,p75,p90
error_open_pct,366,3,18.271514249135194,-56.5126050420168,429.5436834893218,-100.0,-92.1669407894737,8.108108108108086,115.09740259740263
error_review_rate_pp,286,83,38.77666563296331,7.713661896013857,252.2275684912193,-58.64624338214509,-26.398289048569804,45.09253676552611,80.15073649026124
error_merge_rate_pp,237,132,1.5115542430667983,0.0,330.42040259929905,-119.51800232288038,-47.05882352941176,45.71428571428573,113.58928571428572
error_review_rate_pct,284,85,92.27603152955103,10.687157166722127,571.3761116437609,-100.0,-50.308709627899276,82.87687540214465,226.1689743378635
error_merge_rate_pct,227,142,53.88413140812277,-2.857142857142844,242.27392748850662,-100.0,-62.16666666666667,57.79314368072475,210.00000000000009
