metric,n,n_na,mean,median,sd,p10,p25,p75,p90
error_open_pct,366,3,18.271514249135194,-56.5126050420168,429.5436834893218,-100.0,-92.1669407894737,8.108108108108086,115.09740259740263
error_review_rate_pp,286,83,38.77666563296331,7.713661896013857,252.2275684912193,-58.64624338214509,-26.398289048569804,45.09253676552611,80.15073649026124
error_merge_rate_pp,237,132,1.5115542430667983,0.0,330.42040259929905,-119.51800232288038,-47.05882352941176,45.71428571428573,113.58928571428572
