qualified_sample,covar_type,outcome,category,normalize,split_folder,split_value,estimation_type,event_time,estimate,sd,ci_low,ci_high
exact1,pc_score,pull_request_opened,github_outcomes,TRUE,split_full_avg,high,observed,-15,-0.283114466093816,0.543708870188294,-1.34878385166287,0.782554919475241
exact1,pc_score,pull_request_opened,github_outcomes,TRUE,split_full_avg,high,observed,-14,-1.29947780205352,0.456592975901207,-2.19440003481989,-0.404555569287158
exact1,pc_score,pull_request_opened,github_outcomes,TRUE,split_full_avg,high,observed,-13,-0.0559612818001385,0.399226300070306,-0.838444829937938,0.726522266337661
exact1,pc_score,pull_request_opened,github_outcomes,TRUE,split_full_avg,high,observed,-12,0.55396431938752,0.473515351341114,-0.374125769241065,1.4820544080161
exact1,pc_score,pull_request_opened,github_outcomes,TRUE,split_full_avg,high,observed,-11,0.542754193814508,0.449755588091267,-0.338766758844376,1.42427514647339
exact1,pc_score,pull_request_opened,github_outcomes,TRUE,split_full_avg,high,observed,-10,1.04648797005978,0.591412623947656,-0.112680772877624,2.20565671299719
exact1,pc_score,pull_request_opened,github_outcomes,TRUE,split_full_avg,high,observed,-9,0.331322291427731,0.376390058040858,-0.406402222332349,1.06904680518781
exact1,pc_score,pull_request_opened,github_outcomes,TRUE,split_full_avg,high,observed,-8,0.87219072825142,0.516276529008859,-0.139711268605945,1.88409272510878
exact1,pc_score,pull_request_opened,github_outcomes,TRUE,split_full_avg,high,observed,-7,0.188278204520415,0.256960600177888,-0.315364571828244,0.691920980869075
exact1,pc_score,pull_request_opened,github_outcomes,TRUE,split_full_avg,high,observed,-6,0.631021730451767,0.399837475144301,-0.152659720831063,1.4147031817346
exact1,pc_score,pull_request_opened,github_outcomes,TRUE,split_full_avg,high,observed,-5,-0.0446512016296744,0.192179628480539,-0.42132327345153,0.332020870192182
exact1,pc_score,pull_request_opened,github_outcomes,TRUE,split_full_avg,high,observed,-4,0.181978916691265,0.176678851047539,-0.164311631361912,0.528269464744442
exact1,pc_score,pull_request_opened,github_outcomes,TRUE,split_full_avg,high,observed,-3,0.344291007637501,0.180223864953715,-0.00894776767178085,0.697529782946784
exact1,pc_score,pull_request_opened,github_outcomes,TRUE,split_full_avg,high,observed,-2,0.412341302227235,0.157804353969273,0.103044768447459,0.72163783600701
exact1,pc_score,pull_request_opened,github_outcomes,TRUE,split_full_avg,high,observed,-1,0,0,0,0
exact1,pc_score,pull_request_opened,github_outcomes,TRUE,split_full_avg,high,observed,0,0.200414625379301,0.182124315658599,-0.156549033311553,0.557378284070155
exact1,pc_score,pull_request_opened,github_outcomes,TRUE,split_full_avg,high,observed,1,0.307599928608171,0.218865836205013,-0.121377110353655,0.736576967569997
exact1,pc_score,pull_request_opened,github_outcomes,TRUE,split_full_avg,high,observed,2,0.128932271884375,0.174109806122385,-0.212322948115499,0.470187491884249
exact1,pc_score,pull_request_opened,github_outcomes,TRUE,split_full_avg,high,observed,3,0.196201286886306,0.193457704081126,-0.182975813112701,0.575378386885314
exact1,pc_score,pull_request_opened,github_outcomes,TRUE,split_full_avg,high,observed,4,0.823556715468257,0.340667145600563,0.155849110091152,1.49126432084536
exact1,pc_score,pull_request_opened,github_outcomes,TRUE,split_full_avg,high,observed,5,0.706980104134786,0.348970861923616,0.0229972147644986,1.39096299350507
exact1,pc_score,pull_request_opened,github_outcomes,TRUE,split_full_avg,high,observed,6,0.941836019889913,0.46182909366079,0.0366509963147644,1.84702104346506
exact1,pc_score,pull_request_opened,github_outcomes,TRUE,split_full_avg,high,observed,7,0.481972803279042,0.263359853494417,-0.0342125095700148,0.9981581161281
exact1,pc_score,pull_request_opened,github_outcomes,TRUE,split_full_avg,high,observed,8,0.573070066307499,0.372345087418303,-0.156726305032376,1.30286643764737
exact1,pc_score,pull_request_opened,github_outcomes,TRUE,split_full_avg,high,observed,9,0.657403674458715,0.58092539023299,-0.481210090397946,1.79601743931538
exact1,pc_score,pull_request_opened,github_outcomes,TRUE,split_full_avg,high,observed,10,-0.378463596346089,0.465590378304594,-1.29102073782309,0.534093545130915
exact1,pc_score,pull_request_opened,github_outcomes,TRUE,split_full_avg,high,observed,11,-0.921408389077806,0.355703388427168,-1.61858703039506,-0.224229747760557
exact1,pc_score,pull_request_opened,github_outcomes,TRUE,split_full_avg,low,observed,-15,-1.38338269022665,0.559747746187222,-2.4804882727536,-0.286277107699692
exact1,pc_score,pull_request_opened,github_outcomes,TRUE,split_full_avg,low,observed,-14,0.37623798434168,1.0458952928612,-1.67371678966627,2.42619275834963
exact1,pc_score,pull_request_opened,github_outcomes,TRUE,split_full_avg,low,observed,-13,2.23812443366253,0.820151550799969,0.630627394094587,3.84562147323047
exact1,pc_score,pull_request_opened,github_outcomes,TRUE,split_full_avg,low,observed,-12,-0.509247568044476,0.430284636187653,-1.35260545497228,0.334110318883323
exact1,pc_score,pull_request_opened,github_outcomes,TRUE,split_full_avg,low,observed,-11,1.03615871367146,0.798325659992158,-0.528559579913167,2.60087700725609
exact1,pc_score,pull_request_opened,github_outcomes,TRUE,split_full_avg,low,observed,-10,0.223875337032687,0.445030865429154,-0.648385159208454,1.09613583327383
exact1,pc_score,pull_request_opened,github_outcomes,TRUE,split_full_avg,low,observed,-9,1.51557811504111,0.761931724814033,0.0221919344056025,3.00896429567661
exact1,pc_score,pull_request_opened,github_outcomes,TRUE,split_full_avg,low,observed,-8,0.298179181539914,0.363653610606623,-0.414581895249068,1.0109402583289
exact1,pc_score,pull_request_opened,github_outcomes,TRUE,split_full_avg,low,observed,-7,1.30315415098221,0.485320876422757,0.351925233193605,2.25438306877081
exact1,pc_score,pull_request_opened,github_outcomes,TRUE,split_full_avg,low,observed,-6,0.79421373064562,0.290586444891275,0.224664298658721,1.36376316263252
exact1,pc_score,pull_request_opened,github_outcomes,TRUE,split_full_avg,low,observed,-5,0.606114178722022,0.223623066674837,0.167812968039343,1.0444153894047
exact1,pc_score,pull_request_opened,github_outcomes,TRUE,split_full_avg,low,observed,-4,0.343475681492661,0.210170331104457,-0.0684581674720744,0.755409530457397
exact1,pc_score,pull_request_opened,github_outcomes,TRUE,split_full_avg,low,observed,-3,0.211211940771817,0.201895155471668,-0.184502563952653,0.606926445496287
exact1,pc_score,pull_request_opened,github_outcomes,TRUE,split_full_avg,low,observed,-2,0.305324279353168,0.172188377894686,-0.0321649413204158,0.642813500026752
exact1,pc_score,pull_request_opened,github_outcomes,TRUE,split_full_avg,low,observed,-1,0,0,0,0
exact1,pc_score,pull_request_opened,github_outcomes,TRUE,split_full_avg,low,observed,0,-0.219578886009338,0.299700836403533,-0.806992525360263,0.367834753341588
exact1,pc_score,pull_request_opened,github_outcomes,TRUE,split_full_avg,low,observed,1,-1.02842215380886,0.280380913698509,-1.57796874465794,-0.478875562959782
exact1,pc_score,pull_request_opened,github_outcomes,TRUE,split_full_avg,low,observed,2,-1.13372152957626,0.325987151000687,-1.77265634553761,-0.494786713614916
exact1,pc_score,pull_request_opened,github_outcomes,TRUE,split_full_avg,low,observed,3,-1.5260886898782,0.292731838180927,-2.09984309271282,-0.952334287043583
exact1,pc_score,pull_request_opened,github_outcomes,TRUE,split_full_avg,low,observed,4,-1.93159523747159,0.312017378863731,-2.5431493000445,-1.32004117489867
exact1,pc_score,pull_request_opened,github_outcomes,TRUE,split_full_avg,low,observed,5,-2.04081181144626,0.321020660133773,-2.67001230530846,-1.41161131758407
exact1,pc_score,pull_request_opened,github_outcomes,TRUE,split_full_avg,low,observed,6,-2.361258272828,0.432019079926987,-3.2080156694849,-1.51450087617111
exact1,pc_score,pull_request_opened,github_outcomes,TRUE,split_full_avg,low,observed,7,-2.41560678704531,0.516106486065269,-3.42717549973323,-1.40403807435738
exact1,pc_score,pull_request_opened,github_outcomes,TRUE,split_full_avg,low,observed,8,-2.93304689942293,0.513805575119308,-3.94010582665678,-1.92598797218909
exact1,pc_score,pull_request_opened,github_outcomes,TRUE,split_full_avg,low,observed,9,-2.98086186966372,0.612689502218669,-4.18173329401231,-1.77999044531513
exact1,pc_score,pull_request_opened,github_outcomes,TRUE,split_full_avg,low,observed,10,-1.64011579976515,0.581110803899298,-2.77909297540777,-0.501138624122525
exact1,pc_score,pull_request_opened,github_outcomes,TRUE,split_full_avg,low,observed,11,-1.66911353595359,1.25134166274236,-4.12174319492862,0.783516123021442
exact1,pc_score,pull_request_merged,github_outcomes,TRUE,split_full_avg,high,observed,-15,0.0672771304154051,0.652753993843298,-1.21212069751746,1.34667495834827
exact1,pc_score,pull_request_merged,github_outcomes,TRUE,split_full_avg,high,observed,-14,-0.490823032397087,0.486410454380775,-1.44418752298341,0.462541458189233
exact1,pc_score,pull_request_merged,github_outcomes,TRUE,split_full_avg,high,observed,-13,0.323268969209482,0.653160405611139,-0.95692542578835,1.60346336420731
exact1,pc_score,pull_request_merged,github_outcomes,TRUE,split_full_avg,high,observed,-12,1.21475509794198,0.498444206298037,0.237804453597827,2.19170574228613
exact1,pc_score,pull_request_merged,github_outcomes,TRUE,split_full_avg,high,observed,-11,0.939900281174553,0.540798796300068,-0.120065359573581,1.99986592192269
exact1,pc_score,pull_request_merged,github_outcomes,TRUE,split_full_avg,high,observed,-10,2.31187211979837,0.792397000017666,0.758773999763741,3.86497023983299
exact1,pc_score,pull_request_merged,github_outcomes,TRUE,split_full_avg,high,observed,-9,1.06041181394634,0.395096645427496,0.28602238890845,1.83480123898424
exact1,pc_score,pull_request_merged,github_outcomes,TRUE,split_full_avg,high,observed,-8,1.07232871446593,0.384579006868443,0.31855386100378,1.82610356792808
exact1,pc_score,pull_request_merged,github_outcomes,TRUE,split_full_avg,high,observed,-7,0.581539711716375,0.289980044417605,0.013178824657868,1.14990059877488
exact1,pc_score,pull_request_merged,github_outcomes,TRUE,split_full_avg,high,observed,-6,0.911902541908669,0.400152945627487,0.127602768478795,1.69620231533854
exact1,pc_score,pull_request_merged,github_outcomes,TRUE,split_full_avg,high,observed,-5,0.0717758232100872,0.181603785882487,-0.284167597119587,0.427719243539762
exact1,pc_score,pull_request_merged,github_outcomes,TRUE,split_full_avg,high,observed,-4,0.248450439191445,0.164727022008189,-0.0744145239446055,0.571315402327496
exact1,pc_score,pull_request_merged,github_outcomes,TRUE,split_full_avg,high,observed,-3,0.508413437086905,0.164084520999174,0.186807775928523,0.830019098245287
exact1,pc_score,pull_request_merged,github_outcomes,TRUE,split_full_avg,high,observed,-2,0.562300846922554,0.132305040920655,0.302982966718071,0.821618727127037
exact1,pc_score,pull_request_merged,github_outcomes,TRUE,split_full_avg,high,observed,-1,0,0,0,0
exact1,pc_score,pull_request_merged,github_outcomes,TRUE,split_full_avg,high,observed,0,0.718767374910397,0.208246364238369,0.310604501003193,1.1269302488176
exact1,pc_score,pull_request_merged,github_outcomes,TRUE,split_full_avg,high,observed,1,0.651847842870315,0.229323084014437,0.202374598202019,1.10132108753861
exact1,pc_score,pull_request_merged,github_outcomes,TRUE,split_full_avg,high,observed,2,0.84972543047682,0.374226740898325,0.116241018316103,1.58320984263754
exact1,pc_score,pull_request_merged,github_outcomes,TRUE,split_full_avg,high,observed,3,0.7102202352818,0.221534532748013,0.276012551095696,1.1444279194679
exact1,pc_score,pull_request_merged,github_outcomes,TRUE,split_full_avg,high,observed,4,1.88288589416121,0.48501542353996,0.932255664022894,2.83351612429954
exact1,pc_score,pull_request_merged,github_outcomes,TRUE,split_full_avg,high,observed,5,1.05826368350744,0.302297683401349,0.465760224040798,1.65076714297409
exact1,pc_score,pull_request_merged,github_outcomes,TRUE,split_full_avg,high,observed,6,0.912597782587003,0.183438942941084,0.553057454422479,1.27213811075153
exact1,pc_score,pull_request_merged,github_outcomes,TRUE,split_full_avg,high,observed,7,0.506514576594094,0.166792807801158,0.179600673303824,0.833428479884363
exact1,pc_score,pull_request_merged,github_outcomes,TRUE,split_full_avg,high,observed,8,1.05005082135975,0.289556668985674,0.482519750147828,1.61758189257167
exact1,pc_score,pull_request_merged,github_outcomes,TRUE,split_full_avg,high,observed,9,0.961869558593144,0.43885629843366,0.101711213663171,1.82202790352312
exact1,pc_score,pull_request_merged,github_outcomes,TRUE,split_full_avg,high,observed,10,-0.0316955480087494,0.407153252273411,-0.829715922464635,0.766324826447136
exact1,pc_score,pull_request_merged,github_outcomes,TRUE,split_full_avg,high,observed,11,-1.11631111267727,0.230437576914073,-1.56796876342885,-0.664653461925685
exact1,pc_score,pull_request_merged,github_outcomes,TRUE,split_full_avg,low,observed,-15,0.0778384053024674,0.633046608574931,-1.1629329475044,1.31860975810933
exact1,pc_score,pull_request_merged,github_outcomes,TRUE,split_full_avg,low,observed,-14,0.30492252282379,0.557329348057982,-0.787442999369855,1.39728804501744
exact1,pc_score,pull_request_merged,github_outcomes,TRUE,split_full_avg,low,observed,-13,1.48130736117095,0.475708020382976,0.548919641220321,2.41369508112159
exact1,pc_score,pull_request_merged,github_outcomes,TRUE,split_full_avg,low,observed,-12,-0.577279702711879,0.388402412683965,-1.33854843157245,0.183989026148693
exact1,pc_score,pull_request_merged,github_outcomes,TRUE,split_full_avg,low,observed,-11,0.0309902201889145,0.500165040746734,-0.949333259674683,1.01131370005251
exact1,pc_score,pull_request_merged,github_outcomes,TRUE,split_full_avg,low,observed,-10,-0.0799797334957164,0.411493048509392,-0.886506108574124,0.726546641582691
exact1,pc_score,pull_request_merged,github_outcomes,TRUE,split_full_avg,low,observed,-9,0.478767104800694,0.47217127329675,-0.446688590860936,1.40422280046232
exact1,pc_score,pull_request_merged,github_outcomes,TRUE,split_full_avg,low,observed,-8,-0.234796892131589,0.347291427101901,-0.915488089251315,0.445894304988137
exact1,pc_score,pull_request_merged,github_outcomes,TRUE,split_full_avg,low,observed,-7,0.825680266677851,0.391935766842574,0.0574861636664068,1.5938743696893
exact1,pc_score,pull_request_merged,github_outcomes,TRUE,split_full_avg,low,observed,-6,0.694776453378518,0.36532265759263,-0.0212559555030362,1.41080886226007
exact1,pc_score,pull_request_merged,github_outcomes,TRUE,split_full_avg,low,observed,-5,0.379446563162809,0.250269405709085,-0.111081472026997,0.869974598352615
exact1,pc_score,pull_request_merged,github_outcomes,TRUE,split_full_avg,low,observed,-4,0.230626576202645,0.243826616183084,-0.247273591516198,0.708526743921489
exact1,pc_score,pull_request_merged,github_outcomes,TRUE,split_full_avg,low,observed,-3,-0.00329027946198943,0.225302339487855,-0.444882864858186,0.438302305934207
exact1,pc_score,pull_request_merged,github_outcomes,TRUE,split_full_avg,low,observed,-2,0.00738267618260693,0.19291176186949,-0.370724377081594,0.385489729446808
exact1,pc_score,pull_request_merged,github_outcomes,TRUE,split_full_avg,low,observed,-1,0,0,0,0
exact1,pc_score,pull_request_merged,github_outcomes,TRUE,split_full_avg,low,observed,0,-0.634615070184594,0.197566590131821,-1.02184558684296,-0.247384553526225
exact1,pc_score,pull_request_merged,github_outcomes,TRUE,split_full_avg,low,observed,1,-1.49558723208996,0.169131669892605,-1.82708530507947,-1.16408915910045
exact1,pc_score,pull_request_merged,github_outcomes,TRUE,split_full_avg,low,observed,2,-1.89899212889341,0.190265585168812,-2.27191267582429,-1.52607158196254
exact1,pc_score,pull_request_merged,github_outcomes,TRUE,split_full_avg,low,observed,3,-2.01724356162237,0.260203478586225,-2.52724237965137,-1.50724474359336
exact1,pc_score,pull_request_merged,github_outcomes,TRUE,split_full_avg,low,observed,4,-2.44109604120884,0.338023662877773,-3.10362242044928,-1.77856966196841
exact1,pc_score,pull_request_merged,github_outcomes,TRUE,split_full_avg,low,observed,5,-2.47191740145266,0.327331624594124,-3.11348738565714,-1.83034741724818
exact1,pc_score,pull_request_merged,github_outcomes,TRUE,split_full_avg,low,observed,6,-3.00849268115999,0.457713777056382,-3.9056116841905,-2.11137367812948
exact1,pc_score,pull_request_merged,github_outcomes,TRUE,split_full_avg,low,observed,7,-3.09014759768652,0.557410390069551,-4.18267196222284,-1.9976232331502
exact1,pc_score,pull_request_merged,github_outcomes,TRUE,split_full_avg,low,observed,8,-3.189024922537,0.61560661079571,-4.39561387969659,-1.98243596537741
exact1,pc_score,pull_request_merged,github_outcomes,TRUE,split_full_avg,low,observed,9,-3.26853760431443,0.608364965162041,-4.46093293603203,-2.07614227259683
exact1,pc_score,pull_request_merged,github_outcomes,TRUE,split_full_avg,low,observed,10,-2.53457981698549,0.7120250301642,-3.93014887610732,-1.13901075786365
exact1,pc_score,pull_request_merged,github_outcomes,TRUE,split_full_avg,low,observed,11,-1.71914315319032,1.16463860300337,-4.00183481507692,0.563548508696284
exact1,pc_score,overall_new_release_count,downstream_outcomes,TRUE,split_full_avg,high,observed,-15,-0.177210317344369,0.334544817089957,-0.832918158840685,0.478497524151948
exact1,pc_score,overall_new_release_count,downstream_outcomes,TRUE,split_full_avg,high,observed,-14,0.147945750398369,0.249220464650585,-0.340526360316778,0.636417861113516
exact1,pc_score,overall_new_release_count,downstream_outcomes,TRUE,split_full_avg,high,observed,-13,0.224160864557867,0.218395019881817,-0.203893374410494,0.652215103526229
exact1,pc_score,overall_new_release_count,downstream_outcomes,TRUE,split_full_avg,high,observed,-12,0.562380599576473,0.179281386660486,0.210989081721921,0.913772117431025
exact1,pc_score,overall_new_release_count,downstream_outcomes,TRUE,split_full_avg,high,observed,-11,0.58405301885609,0.172084999052767,0.246766420712665,0.921339616999514
exact1,pc_score,overall_new_release_count,downstream_outcomes,TRUE,split_full_avg,high,observed,-10,0.379872035294438,0.217340866603848,-0.0461160632491047,0.805860133837981
exact1,pc_score,overall_new_release_count,downstream_outcomes,TRUE,split_full_avg,high,observed,-9,0.302270179229003,0.188495325830236,-0.0671806593982598,0.671721017856267
exact1,pc_score,overall_new_release_count,downstream_outcomes,TRUE,split_full_avg,high,observed,-8,0.346461891773727,0.174288939285315,0.00485557077451049,0.688068212772944
exact1,pc_score,overall_new_release_count,downstream_outcomes,TRUE,split_full_avg,high,observed,-7,0.857887972735902,0.312106878741368,0.24615849040282,1.46961745506898
exact1,pc_score,overall_new_release_count,downstream_outcomes,TRUE,split_full_avg,high,observed,-6,0.722492761919719,0.287038856912256,0.159896602371698,1.28508892146774
exact1,pc_score,overall_new_release_count,downstream_outcomes,TRUE,split_full_avg,high,observed,-5,0.217845509943718,0.149529326015515,-0.0752319690466921,0.510922988934128
exact1,pc_score,overall_new_release_count,downstream_outcomes,TRUE,split_full_avg,high,observed,-4,0.194848263444788,0.169441710615112,-0.137257489360831,0.526954016250408
exact1,pc_score,overall_new_release_count,downstream_outcomes,TRUE,split_full_avg,high,observed,-3,0.345760854198269,0.184878027396933,-0.0166000794997204,0.708121787896259
exact1,pc_score,overall_new_release_count,downstream_outcomes,TRUE,split_full_avg,high,observed,-2,0.411353107664395,0.174473647125752,0.0693847592979205,0.753321456030869
exact1,pc_score,overall_new_release_count,downstream_outcomes,TRUE,split_full_avg,high,observed,-1,0,0,0,0
exact1,pc_score,overall_new_release_count,downstream_outcomes,TRUE,split_full_avg,high,observed,0,0.506495450748754,0.325153623907123,-0.130805652109207,1.14379655360672
exact1,pc_score,overall_new_release_count,downstream_outcomes,TRUE,split_full_avg,high,observed,1,-0.0808960901973997,0.188298647508266,-0.449961439313602,0.288169258918803
exact1,pc_score,overall_new_release_count,downstream_outcomes,TRUE,split_full_avg,high,observed,2,-0.140585839219821,0.16673218906896,-0.467380929794983,0.18620925135534
exact1,pc_score,overall_new_release_count,downstream_outcomes,TRUE,split_full_avg,high,observed,3,0.0891344533193373,0.227313464484899,-0.356399937071066,0.53466884370974
exact1,pc_score,overall_new_release_count,downstream_outcomes,TRUE,split_full_avg,high,observed,4,1.15056328028365,0.619822653461344,-0.0642891205005867,2.36541568106788
exact1,pc_score,overall_new_release_count,downstream_outcomes,TRUE,split_full_avg,high,observed,5,0.714617059997703,0.580902063283668,-0.423950984038286,1.85318510403369
exact1,pc_score,overall_new_release_count,downstream_outcomes,TRUE,split_full_avg,high,observed,6,0.41290378394115,0.242476878507443,-0.0623508979334388,0.888158465815739
exact1,pc_score,overall_new_release_count,downstream_outcomes,TRUE,split_full_avg,high,observed,7,0.219382983264785,0.210560770753811,-0.193316127412684,0.632082093942255
exact1,pc_score,overall_new_release_count,downstream_outcomes,TRUE,split_full_avg,high,observed,8,0.416967325390976,0.232190587481267,-0.0381262260723068,0.872060876854258
exact1,pc_score,overall_new_release_count,downstream_outcomes,TRUE,split_full_avg,high,observed,9,0.418410427490796,0.445633626353189,-0.455031480161455,1.29185233514305
exact1,pc_score,overall_new_release_count,downstream_outcomes,TRUE,split_full_avg,high,observed,10,0.236985309987956,0.78181486904464,-1.29537183333954,1.76934245331545
exact1,pc_score,overall_new_release_count,downstream_outcomes,TRUE,split_full_avg,high,observed,11,-1.42622864316404,0.325972602768218,-2.06513494458975,-0.787322341738334
exact1,pc_score,overall_new_release_count,downstream_outcomes,TRUE,split_full_avg,low,observed,-15,0.383144323335775,0.309748553577038,-0.22396284167522,0.990251488346771
exact1,pc_score,overall_new_release_count,downstream_outcomes,TRUE,split_full_avg,low,observed,-14,0.436237672650761,0.315250083736522,-0.181652491472822,1.05412783677434
exact1,pc_score,overall_new_release_count,downstream_outcomes,TRUE,split_full_avg,low,observed,-13,0.464427268534193,0.279991148175923,-0.084355381890615,1.013209918959
exact1,pc_score,overall_new_release_count,downstream_outcomes,TRUE,split_full_avg,low,observed,-12,0.283130972896918,0.245803419120704,-0.198643728579663,0.764905674373498
exact1,pc_score,overall_new_release_count,downstream_outcomes,TRUE,split_full_avg,low,observed,-11,0.208024838265658,0.216354002356279,-0.216029006352649,0.632078682883965
exact1,pc_score,overall_new_release_count,downstream_outcomes,TRUE,split_full_avg,low,observed,-10,0.21408409584107,0.202523290061439,-0.18286155267935,0.611029744361491
exact1,pc_score,overall_new_release_count,downstream_outcomes,TRUE,split_full_avg,low,observed,-9,0.167925445559829,0.18036879950005,-0.18559740146027,0.521448292579928
exact1,pc_score,overall_new_release_count,downstream_outcomes,TRUE,split_full_avg,low,observed,-8,0.167158711592355,0.167471040924683,-0.161084528620024,0.495401951804734
exact1,pc_score,overall_new_release_count,downstream_outcomes,TRUE,split_full_avg,low,observed,-7,-0.0233161632319087,0.208257661661693,-0.431501180088828,0.38486885362501
exact1,pc_score,overall_new_release_count,downstream_outcomes,TRUE,split_full_avg,low,observed,-6,-0.0139200362136102,0.192139782156487,-0.390514009240325,0.362673936813105
exact1,pc_score,overall_new_release_count,downstream_outcomes,TRUE,split_full_avg,low,observed,-5,-0.220139926345403,0.162436425700679,-0.538515320718734,0.0982354680279279
exact1,pc_score,overall_new_release_count,downstream_outcomes,TRUE,split_full_avg,low,observed,-4,-0.381024261973234,0.153794912905229,-0.682462291267482,-0.0795862326789849
exact1,pc_score,overall_new_release_count,downstream_outcomes,TRUE,split_full_avg,low,observed,-3,-0.362433772074036,0.15809172134625,-0.672293545912685,-0.0525739982353867
exact1,pc_score,overall_new_release_count,downstream_outcomes,TRUE,split_full_avg,low,observed,-2,-0.327463486869484,0.143813238912747,-0.609337435138467,-0.0455895386005011
exact1,pc_score,overall_new_release_count,downstream_outcomes,TRUE,split_full_avg,low,observed,-1,0,0,0,0
exact1,pc_score,overall_new_release_count,downstream_outcomes,TRUE,split_full_avg,low,observed,0,-0.232914947917692,0.186575162424659,-0.598602266270023,0.132772370434639
exact1,pc_score,overall_new_release_count,downstream_outcomes,TRUE,split_full_avg,low,observed,1,-0.742614475978731,0.184616601308072,-1.10446301454255,-0.380765937414909
exact1,pc_score,overall_new_release_count,downstream_outcomes,TRUE,split_full_avg,low,observed,2,-0.972826044641518,0.159317375942274,-1.28508810148838,-0.66056398779466
exact1,pc_score,overall_new_release_count,downstream_outcomes,TRUE,split_full_avg,low,observed,3,-1.01355609801206,0.19135746771168,-1.38861673472695,-0.638495461297164
exact1,pc_score,overall_new_release_count,downstream_outcomes,TRUE,split_full_avg,low,observed,4,-1.24682114601337,0.200454546129176,-1.63971205642655,-0.853930235600182
exact1,pc_score,overall_new_release_count,downstream_outcomes,TRUE,split_full_avg,low,observed,5,-1.32464798078036,0.207155121130495,-1.73067201819613,-0.918623943364592
exact1,pc_score,overall_new_release_count,downstream_outcomes,TRUE,split_full_avg,low,observed,6,-1.51320612703821,0.229383681561031,-1.96279814289783,-1.06361411117859
exact1,pc_score,overall_new_release_count,downstream_outcomes,TRUE,split_full_avg,low,observed,7,-1.3780975260843,0.283877189679902,-1.93449681785691,-0.821698234311694
exact1,pc_score,overall_new_release_count,downstream_outcomes,TRUE,split_full_avg,low,observed,8,-1.56162519722229,0.309638934201651,-2.16851750825753,-0.954732886187058
exact1,pc_score,overall_new_release_count,downstream_outcomes,TRUE,split_full_avg,low,observed,9,-1.73999529739611,0.323295745130116,-2.37365495785113,-1.10633563694108
exact1,pc_score,overall_new_release_count,downstream_outcomes,TRUE,split_full_avg,low,observed,10,-1.58472819418509,0.380967586628141,-2.33142466397625,-0.838031724393932
exact1,pc_score,overall_new_release_count,downstream_outcomes,TRUE,split_full_avg,low,observed,11,-0.758520807417725,1.24493471640789,-3.19859285157719,1.68155123674174
exact1,pc_score,pull_request_opened,github_outcomes,TRUE,split_period1,high,observed,-15,-0.327087936525298,0.526057748858281,-1.35816112428753,0.703985251236932
exact1,pc_score,pull_request_opened,github_outcomes,TRUE,split_period1,high,observed,-14,-1.06181271482734,0.527449543029913,-2.09561381916597,-0.0280116104887118
exact1,pc_score,pull_request_opened,github_outcomes,TRUE,split_period1,high,observed,-13,0.225524522333738,0.398891676969187,-0.556303164525868,1.00735220919334
exact1,pc_score,pull_request_opened,github_outcomes,TRUE,split_period1,high,observed,-12,0.40598942962451,0.436756233462513,-0.450052787962016,1.26203164721104
exact1,pc_score,pull_request_opened,github_outcomes,TRUE,split_period1,high,observed,-11,0.134892734896596,0.373345442966102,-0.596864333316963,0.866649803110156
exact1,pc_score,pull_request_opened,github_outcomes,TRUE,split_period1,high,observed,-10,0.73628695548248,0.638628984360373,-0.515425853863852,1.98799976482881
exact1,pc_score,pull_request_opened,github_outcomes,TRUE,split_period1,high,observed,-9,-0.0498096107636044,0.397009023378695,-0.827947296585847,0.728328075058638
exact1,pc_score,pull_request_opened,github_outcomes,TRUE,split_period1,high,observed,-8,0.344723794159803,0.573850841234713,-0.780023854660235,1.46947144297984
exact1,pc_score,pull_request_opened,github_outcomes,TRUE,split_period1,high,observed,-7,-0.0874135891278748,0.259439586896053,-0.595915179444138,0.421088001188389
exact1,pc_score,pull_request_opened,github_outcomes,TRUE,split_period1,high,observed,-6,0.344116117320753,0.40191825439622,-0.443643661295838,1.13187589593735
exact1,pc_score,pull_request_opened,github_outcomes,TRUE,split_period1,high,observed,-5,-0.0460507593661758,0.218897045030629,-0.475088967626209,0.382987448893857
exact1,pc_score,pull_request_opened,github_outcomes,TRUE,split_period1,high,observed,-4,0.00533198114851219,0.181219719801223,-0.349858669661886,0.36052263195891
exact1,pc_score,pull_request_opened,github_outcomes,TRUE,split_period1,high,observed,-3,0.0611726646920131,0.181744521067826,-0.295046596600926,0.417391925984952
exact1,pc_score,pull_request_opened,github_outcomes,TRUE,split_period1,high,observed,-2,0.394397815273948,0.168365445748092,0.0644015416076871,0.724394088940209
exact1,pc_score,pull_request_opened,github_outcomes,TRUE,split_period1,high,observed,-1,0,0,0,0
exact1,pc_score,pull_request_opened,github_outcomes,TRUE,split_period1,high,observed,0,0.182571623398165,0.192818029125283,-0.19535171368739,0.56049496048372
exact1,pc_score,pull_request_opened,github_outcomes,TRUE,split_period1,high,observed,1,0.24421134444828,0.223596014895744,-0.194036844747378,0.682459533643938
exact1,pc_score,pull_request_opened,github_outcomes,TRUE,split_period1,high,observed,2,-0.210584141041095,0.195469307019748,-0.593703982799802,0.172535700717612
exact1,pc_score,pull_request_opened,github_outcomes,TRUE,split_period1,high,observed,3,-0.255915556778429,0.213149850254119,-0.673689263276502,0.161858149719644
exact1,pc_score,pull_request_opened,github_outcomes,TRUE,split_period1,high,observed,4,0.189151480730286,0.351816449583174,-0.500408760452735,0.878711721913307
exact1,pc_score,pull_request_opened,github_outcomes,TRUE,split_period1,high,observed,5,0.0183926927042401,0.381184430927535,-0.728728791913728,0.765514177322209
exact1,pc_score,pull_request_opened,github_outcomes,TRUE,split_period1,high,observed,6,0.343049415206399,0.492176626072115,-0.621616771894947,1.30771560230775
exact1,pc_score,pull_request_opened,github_outcomes,TRUE,split_period1,high,observed,7,-0.142603825960889,0.311924078987272,-0.753975020775942,0.468767368854164
exact1,pc_score,pull_request_opened,github_outcomes,TRUE,split_period1,high,observed,8,-0.28686187015971,0.410317314735834,-1.09108380704195,0.517360066722525
exact1,pc_score,pull_request_opened,github_outcomes,TRUE,split_period1,high,observed,9,-0.139490765506957,0.551108171674962,-1.21966278198988,0.940681250975969
exact1,pc_score,pull_request_opened,github_outcomes,TRUE,split_period1,high,observed,10,-0.687893337513285,0.411521645898834,-1.494475763475,0.11868908844843
exact1,pc_score,pull_request_opened,github_outcomes,TRUE,split_period1,high,observed,11,-1.38890063464374,0.383496035181229,-2.14055286359895,-0.63724840568853
exact1,pc_score,pull_request_opened,github_outcomes,TRUE,split_period1,low,observed,-15,-1.65720065470316,0.62703619363374,-2.88619159422529,-0.428209715181029
exact1,pc_score,pull_request_opened,github_outcomes,TRUE,split_period1,low,observed,-14,0.0130770116938007,0.90721682893543,-1.76506797301964,1.79122199640724
exact1,pc_score,pull_request_opened,github_outcomes,TRUE,split_period1,low,observed,-13,1.7975786109621,0.719536753596865,0.387286573912244,3.20787064801196
exact1,pc_score,pull_request_opened,github_outcomes,TRUE,split_period1,low,observed,-12,-0.0664842474682624,0.499356511460563,-1.04522300993096,0.91225451499444
exact1,pc_score,pull_request_opened,github_outcomes,TRUE,split_period1,low,observed,-11,1.34114859811017,0.736734355013063,-0.102850737715437,2.78514793393577
exact1,pc_score,pull_request_opened,github_outcomes,TRUE,split_period1,low,observed,-10,0.673662302750496,0.493300320430543,-0.293206325293367,1.64053093079436
exact1,pc_score,pull_request_opened,github_outcomes,TRUE,split_period1,low,observed,-9,1.58820828766171,0.623260051833238,0.366618586068566,2.80979798925486
exact1,pc_score,pull_request_opened,github_outcomes,TRUE,split_period1,low,observed,-8,0.725024744634676,0.373384182576942,-0.0068082532161311,1.45685774248548
exact1,pc_score,pull_request_opened,github_outcomes,TRUE,split_period1,low,observed,-7,1.40287603424391,0.444918757395089,0.530835269749533,2.27491679873828
exact1,pc_score,pull_request_opened,github_outcomes,TRUE,split_period1,low,observed,-6,0.986204094875621,0.292166390899832,0.41355796871195,1.55885022103929
exact1,pc_score,pull_request_opened,github_outcomes,TRUE,split_period1,low,observed,-5,0.555988513847633,0.212487469198364,0.139513074218839,0.972463953476428
exact1,pc_score,pull_request_opened,github_outcomes,TRUE,split_period1,low,observed,-4,0.415074711264489,0.201017079980318,0.0210812345030662,0.809068188025912
exact1,pc_score,pull_request_opened,github_outcomes,TRUE,split_period1,low,observed,-3,0.381077741567512,0.202167473859384,-0.0151705071968802,0.777325990331905
exact1,pc_score,pull_request_opened,github_outcomes,TRUE,split_period1,low,observed,-2,0.300624815652784,0.163944166648484,-0.0207057509782455,0.621955382283813
exact1,pc_score,pull_request_opened,github_outcomes,TRUE,split_period1,low,observed,-1,0,0,0,0
exact1,pc_score,pull_request_opened,github_outcomes,TRUE,split_period1,low,observed,0,-0.161173215662919,0.293273394815188,-0.735989069500687,0.41364263817485
exact1,pc_score,pull_request_opened,github_outcomes,TRUE,split_period1,low,observed,1,-0.84856184704021,0.266581989174762,-1.37106254582274,-0.326061148257676
exact1,pc_score,pull_request_opened,github_outcomes,TRUE,split_period1,low,observed,2,-0.742678100603532,0.319478185230402,-1.36885534365512,-0.116500857551944
exact1,pc_score,pull_request_opened,github_outcomes,TRUE,split_period1,low,observed,3,-1.03979067523096,0.280384478028672,-1.58934425216715,-0.490237098294761
exact1,pc_score,pull_request_opened,github_outcomes,TRUE,split_period1,low,observed,4,-1.24115573939825,0.295156566019743,-1.81966260879694,-0.662648869999551
exact1,pc_score,pull_request_opened,github_outcomes,TRUE,split_period1,low,observed,5,-1.34011389639876,0.296264471245841,-1.92079226004061,-0.759435532756914
exact1,pc_score,pull_request_opened,github_outcomes,TRUE,split_period1,low,observed,6,-1.64159285357938,0.412202443767854,-2.44950964336437,-0.833676063794385
exact1,pc_score,pull_request_opened,github_outcomes,TRUE,split_period1,low,observed,7,-1.64812234644761,0.498661508423745,-2.62549890295815,-0.670745789937073
exact1,pc_score,pull_request_opened,github_outcomes,TRUE,split_period1,low,observed,8,-2.0304126510197,0.504380245868583,-3.01899793292212,-1.04182736911728
exact1,pc_score,pull_request_opened,github_outcomes,TRUE,split_period1,low,observed,9,-2.31788580740021,0.651693571297531,-3.59520520714337,-1.04056640765705
exact1,pc_score,pull_request_opened,github_outcomes,TRUE,split_period1,low,observed,10,-1.34498638940213,0.607874527106047,-2.53642046252998,-0.153552316274277
exact1,pc_score,pull_request_opened,github_outcomes,TRUE,split_period1,low,observed,11,-1.15304952728586,1.24400119138266,-3.59129186239587,1.28519280782415
exact1,pc_score,pull_request_merged,github_outcomes,TRUE,split_period1,high,observed,-15,-0.240172842054588,0.665154373341681,-1.54387541380428,1.06352972969511
exact1,pc_score,pull_request_merged,github_outcomes,TRUE,split_period1,high,observed,-14,-0.46729571221191,0.457037730314487,-1.3630896636283,0.428498239204484
exact1,pc_score,pull_request_merged,github_outcomes,TRUE,split_period1,high,observed,-13,0.546278628961581,0.719164263112647,-0.863283326739207,1.95584058466237
exact1,pc_score,pull_request_merged,github_outcomes,TRUE,split_period1,high,observed,-12,1.08484118473201,0.547685146380317,0.0113782978265884,2.15830407163743
exact1,pc_score,pull_request_merged,github_outcomes,TRUE,split_period1,high,observed,-11,0.678986911881771,0.47970910625778,-0.261242936383478,1.61921676014702
exact1,pc_score,pull_request_merged,github_outcomes,TRUE,split_period1,high,observed,-10,2.07571342545069,0.913557647714814,0.285140435929655,3.86628641497173
exact1,pc_score,pull_request_merged,github_outcomes,TRUE,split_period1,high,observed,-9,0.452578959196725,0.412220200801456,-0.355372634374128,1.26053055276758
exact1,pc_score,pull_request_merged,github_outcomes,TRUE,split_period1,high,observed,-8,0.337403873409705,0.397106455123006,-0.440924778631388,1.1157325254508
exact1,pc_score,pull_request_merged,github_outcomes,TRUE,split_period1,high,observed,-7,0.203764657635924,0.301809220483295,-0.387781414511334,0.795310729783182
exact1,pc_score,pull_request_merged,github_outcomes,TRUE,split_period1,high,observed,-6,0.604901133093504,0.410687802520478,-0.200046959846633,1.40984922603364
exact1,pc_score,pull_request_merged,github_outcomes,TRUE,split_period1,high,observed,-5,0.0564952499006544,0.211049854898703,-0.357162465700803,0.470152965502112
exact1,pc_score,pull_request_merged,github_outcomes,TRUE,split_period1,high,observed,-4,0.129799678050073,0.17323488282077,-0.209740692278637,0.469340048378782
exact1,pc_score,pull_request_merged,github_outcomes,TRUE,split_period1,high,observed,-3,0.335368615311458,0.172466591508783,-0.00266590404575673,0.673403134668673
exact1,pc_score,pull_request_merged,github_outcomes,TRUE,split_period1,high,observed,-2,0.531425266784995,0.151311705752691,0.234854323509721,0.827996210060269
exact1,pc_score,pull_request_merged,github_outcomes,TRUE,split_period1,high,observed,-1,0,0,0,0
exact1,pc_score,pull_request_merged,github_outcomes,TRUE,split_period1,high,observed,0,0.667231049204346,0.21972837365916,0.236563436832392,1.0978986615763
exact1,pc_score,pull_request_merged,github_outcomes,TRUE,split_period1,high,observed,1,0.764224726076136,0.224441830402105,0.32431873848801,1.20413071366426
exact1,pc_score,pull_request_merged,github_outcomes,TRUE,split_period1,high,observed,2,0.498766098471313,0.391630908774051,-0.268830482725827,1.26636267966845
exact1,pc_score,pull_request_merged,github_outcomes,TRUE,split_period1,high,observed,3,0.174456514786578,0.275209427272925,-0.364953962668354,0.713866992241511
exact1,pc_score,pull_request_merged,github_outcomes,TRUE,split_period1,high,observed,4,0.922630426930682,0.478795925341682,-0.0158095867390149,1.86107044060038
exact1,pc_score,pull_request_merged,github_outcomes,TRUE,split_period1,high,observed,5,0.0711323425682197,0.342145790745363,-0.599473407292692,0.741738092429131
exact1,pc_score,pull_request_merged,github_outcomes,TRUE,split_period1,high,observed,6,-0.0489321702928273,0.273514434942354,-0.58502046277984,0.487156122194186
exact1,pc_score,pull_request_merged,github_outcomes,TRUE,split_period1,high,observed,7,-0.310909930321332,0.271743489526233,-0.843527169792749,0.221707309150085
exact1,pc_score,pull_request_merged,github_outcomes,TRUE,split_period1,high,observed,8,0.0445145529587326,0.390937917887417,-0.721723766100605,0.810752872018071
exact1,pc_score,pull_request_merged,github_outcomes,TRUE,split_period1,high,observed,9,0.120068305897753,0.448593943226571,-0.759175822826327,0.999312434621832
exact1,pc_score,pull_request_merged,github_outcomes,TRUE,split_period1,high,observed,10,-0.503290604961273,0.365422893245831,-1.2195194757231,0.212938265800556
exact1,pc_score,pull_request_merged,github_outcomes,TRUE,split_period1,high,observed,11,-1.6580744684642,0.283174202938622,-2.2130959062239,-1.1030530307045
exact1,pc_score,pull_request_merged,github_outcomes,TRUE,split_period1,low,observed,-15,-0.0271757064930717,0.679940366309463,-1.35985882445962,1.30550741147348
exact1,pc_score,pull_request_merged,github_outcomes,TRUE,split_period1,low,observed,-14,0.120955068681036,0.540397315000908,-0.938223668720744,1.18013380608282
exact1,pc_score,pull_request_merged,github_outcomes,TRUE,split_period1,low,observed,-13,1.11264304397286,0.573662698842352,-0.0117358457581487,2.23702193370387
exact1,pc_score,pull_request_merged,github_outcomes,TRUE,split_period1,low,observed,-12,-0.0525015750396107,0.457068129362938,-0.948355108590969,0.843351958511748
exact1,pc_score,pull_request_merged,github_outcomes,TRUE,split_period1,low,observed,-11,0.358068015448753,0.490426436673226,-0.60316780043077,1.31930383132828
exact1,pc_score,pull_request_merged,github_outcomes,TRUE,split_period1,low,observed,-10,0.494291751678892,0.442805739808554,-0.373607498345875,1.36219100170366
exact1,pc_score,pull_request_merged,github_outcomes,TRUE,split_period1,low,observed,-9,0.983150818547827,0.45014650654152,0.100863665726448,1.8654379713692
exact1,pc_score,pull_request_merged,github_outcomes,TRUE,split_period1,low,observed,-8,0.362595248719486,0.372507909427684,-0.367520253758774,1.09271075119775
exact1,pc_score,pull_request_merged,github_outcomes,TRUE,split_period1,low,observed,-7,1.05867753318306,0.367611408174298,0.338159173161437,1.77919589320469
exact1,pc_score,pull_request_merged,github_outcomes,TRUE,split_period1,low,observed,-6,0.902473783257604,0.358141757442034,0.200515938671217,1.60443162784399
exact1,pc_score,pull_request_merged,github_outcomes,TRUE,split_period1,low,observed,-5,0.3378102794948,0.234588227834253,-0.121982647060336,0.797603206049937
exact1,pc_score,pull_request_merged,github_outcomes,TRUE,split_period1,low,observed,-4,0.270252188287403,0.234440623892834,-0.189251434542551,0.729755811117357
exact1,pc_score,pull_request_merged,github_outcomes,TRUE,split_period1,low,observed,-3,0.0907111648938463,0.223137728068321,-0.346638782120063,0.528061111907755
exact1,pc_score,pull_request_merged,github_outcomes,TRUE,split_period1,low,observed,-2,0.0152492815906888,0.185199888260587,-0.347742499400061,0.378241062581439
exact1,pc_score,pull_request_merged,github_outcomes,TRUE,split_period1,low,observed,-1,0,0,0,0
exact1,pc_score,pull_request_merged,github_outcomes,TRUE,split_period1,low,observed,0,-0.535066039503299,0.186248595596414,-0.900113286872271,-0.170018792134328
exact1,pc_score,pull_request_merged,github_outcomes,TRUE,split_period1,low,observed,1,-1.43401730911536,0.133946827317921,-1.69655309065849,-1.17148152757224
exact1,pc_score,pull_request_merged,github_outcomes,TRUE,split_period1,low,observed,2,-1.49757855340462,0.184472974647517,-1.85914558371376,-1.13601152309549
exact1,pc_score,pull_request_merged,github_outcomes,TRUE,split_period1,low,observed,3,-1.4112664847258,0.229369322210042,-1.86083035625748,-0.961702613194117
exact1,pc_score,pull_request_merged,github_outcomes,TRUE,split_period1,low,observed,4,-1.43716246261823,0.334070446254739,-2.09194053727752,-0.782384387958938
exact1,pc_score,pull_request_merged,github_outcomes,TRUE,split_period1,low,observed,5,-1.49990591386457,0.306228585319082,-2.10011394108997,-0.89969788663917
exact1,pc_score,pull_request_merged,github_outcomes,TRUE,split_period1,low,observed,6,-1.94238463142742,0.429944062185847,-2.78507499331168,-1.09969426954316
exact1,pc_score,pull_request_merged,github_outcomes,TRUE,split_period1,low,observed,7,-2.07967758142837,0.524054071048559,-3.10682356068355,-1.0525316021732
exact1,pc_score,pull_request_merged,github_outcomes,TRUE,split_period1,low,observed,8,-2.09284981772088,0.573460274883196,-3.21683195649195,-0.96886767894982
exact1,pc_score,pull_request_merged,github_outcomes,TRUE,split_period1,low,observed,9,-2.61971935192011,0.582618954640774,-3.76165250301602,-1.47778620082419
exact1,pc_score,pull_request_merged,github_outcomes,TRUE,split_period1,low,observed,10,-2.24199029770341,0.684519205399518,-3.58364794028646,-0.900332655120354
exact1,pc_score,pull_request_merged,github_outcomes,TRUE,split_period1,low,observed,11,-1.11978065863447,1.1538350538468,-3.3812973641742,1.14173604690526
exact1,pc_score,overall_new_release_count,downstream_outcomes,TRUE,split_period1,high,observed,-15,-0.401702567682283,0.36786582162504,-1.12271957806736,0.319314442702796
exact1,pc_score,overall_new_release_count,downstream_outcomes,TRUE,split_period1,high,observed,-14,0.403606656729358,0.312088330388973,-0.208086470833029,1.01529978429174
exact1,pc_score,overall_new_release_count,downstream_outcomes,TRUE,split_period1,high,observed,-13,0.436428667307889,0.262933227657601,-0.0789204589010083,0.951777793516786
exact1,pc_score,overall_new_release_count,downstream_outcomes,TRUE,split_period1,high,observed,-12,0.72205620597515,0.190682256760823,0.348318982723937,1.09579342922636
exact1,pc_score,overall_new_release_count,downstream_outcomes,TRUE,split_period1,high,observed,-11,0.649580574363501,0.181614070681092,0.29361699582856,1.00554415289844
exact1,pc_score,overall_new_release_count,downstream_outcomes,TRUE,split_period1,high,observed,-10,0.660494031988702,0.178266910133001,0.31109088812802,1.00989717584938
exact1,pc_score,overall_new_release_count,downstream_outcomes,TRUE,split_period1,high,observed,-9,0.499821799458027,0.165160483264294,0.176107252260011,0.823536346656042
exact1,pc_score,overall_new_release_count,downstream_outcomes,TRUE,split_period1,high,observed,-8,0.541154647611887,0.148958867939972,0.249195266449542,0.833114028774232
exact1,pc_score,overall_new_release_count,downstream_outcomes,TRUE,split_period1,high,observed,-7,0.55083539129712,0.290147226617468,-0.0178531728731182,1.11952395546736
exact1,pc_score,overall_new_release_count,downstream_outcomes,TRUE,split_period1,high,observed,-6,0.497554972772035,0.258853662042991,-0.00979820483222704,1.0049081503763
exact1,pc_score,overall_new_release_count,downstream_outcomes,TRUE,split_period1,high,observed,-5,0.0601795696568315,0.147255425761208,-0.228441064835137,0.348800204148799
exact1,pc_score,overall_new_release_count,downstream_outcomes,TRUE,split_period1,high,observed,-4,0.243006505075366,0.159478125498646,-0.0695706209019792,0.555583631052712
exact1,pc_score,overall_new_release_count,downstream_outcomes,TRUE,split_period1,high,observed,-3,0.247082076360385,0.178703629577593,-0.103177037611698,0.597341190332467
exact1,pc_score,overall_new_release_count,downstream_outcomes,TRUE,split_period1,high,observed,-2,0.356660213454536,0.176992927481012,0.00975407559175295,0.703566351317319
exact1,pc_score,overall_new_release_count,downstream_outcomes,TRUE,split_period1,high,observed,-1,0,0,0,0
exact1,pc_score,overall_new_release_count,downstream_outcomes,TRUE,split_period1,high,observed,0,0.494833712371757,0.321230951875272,-0.134778953303777,1.12444637804729
exact1,pc_score,overall_new_release_count,downstream_outcomes,TRUE,split_period1,high,observed,1,0.114367598529815,0.243243209410621,-0.362389091915002,0.591124288974632
exact1,pc_score,overall_new_release_count,downstream_outcomes,TRUE,split_period1,high,observed,2,-0.186784854828008,0.190684528905103,-0.56052653148201,0.186956821825995
exact1,pc_score,overall_new_release_count,downstream_outcomes,TRUE,split_period1,high,observed,3,-0.127748968200018,0.207128420986607,-0.533720673333769,0.278222736933732
exact1,pc_score,overall_new_release_count,downstream_outcomes,TRUE,split_period1,high,observed,4,-0.0273313974660961,0.224233271774798,-0.466828610144701,0.412165815212509
exact1,pc_score,overall_new_release_count,downstream_outcomes,TRUE,split_period1,high,observed,5,-0.381270260009339,0.202148838237463,-0.777481982954767,0.0149414629360894
exact1,pc_score,overall_new_release_count,downstream_outcomes,TRUE,split_period1,high,observed,6,-0.22436401651061,0.2454088236907,-0.705365310944382,0.256637277923161
exact1,pc_score,overall_new_release_count,downstream_outcomes,TRUE,split_period1,high,observed,7,-0.149088819834158,0.256782073905096,-0.652381684688145,0.35420404501983
exact1,pc_score,overall_new_release_count,downstream_outcomes,TRUE,split_period1,high,observed,8,-0.23256979248953,0.280304252138747,-0.781966126681473,0.316826541702413
exact1,pc_score,overall_new_release_count,downstream_outcomes,TRUE,split_period1,high,observed,9,-0.266664031987126,0.370461559383198,-0.992768688378193,0.459440624403942
exact1,pc_score,overall_new_release_count,downstream_outcomes,TRUE,split_period1,high,observed,10,-0.930364912213634,0.390091178272123,-1.694943621627,-0.165786202800272
exact1,pc_score,overall_new_release_count,downstream_outcomes,TRUE,split_period1,high,observed,11,-1.75851906812438,0.341500916032782,-2.42786086354864,-1.08917727270013
exact1,pc_score,overall_new_release_count,downstream_outcomes,TRUE,split_period1,low,observed,-15,0.374948645155883,0.315121001225362,-0.242688517245826,0.992585807557592
exact1,pc_score,overall_new_release_count,downstream_outcomes,TRUE,split_period1,low,observed,-14,0.225650564938496,0.301108596627319,-0.36452228445105,0.815823414328041
exact1,pc_score,overall_new_release_count,downstream_outcomes,TRUE,split_period1,low,observed,-13,0.270581346857286,0.269700757971429,-0.258032138766716,0.799194832481287
exact1,pc_score,overall_new_release_count,downstream_outcomes,TRUE,split_period1,low,observed,-12,0.258297914025277,0.23791910453607,-0.20802353086542,0.724619358915973
exact1,pc_score,overall_new_release_count,downstream_outcomes,TRUE,split_period1,low,observed,-11,0.189155022079349,0.212859034044068,-0.228048684647024,0.606358728805721
exact1,pc_score,overall_new_release_count,downstream_outcomes,TRUE,split_period1,low,observed,-10,-0.0423982937601987,0.197253431675038,-0.429015019843272,0.344218432322875
exact1,pc_score,overall_new_release_count,downstream_outcomes,TRUE,split_period1,low,observed,-9,-0.0218905170128328,0.179131234795326,-0.372987737211671,0.329206703186006
exact1,pc_score,overall_new_release_count,downstream_outcomes,TRUE,split_period1,low,observed,-8,0.0436860728157196,0.184498300891229,-0.317930596931088,0.405302742562528
exact1,pc_score,overall_new_release_count,downstream_outcomes,TRUE,split_period1,low,observed,-7,0.176714388430914,0.275969326070642,-0.364185490667545,0.717614267529372
exact1,pc_score,overall_new_release_count,downstream_outcomes,TRUE,split_period1,low,observed,-6,0.130796997382375,0.222532398274005,-0.305366503234674,0.566960497999425
exact1,pc_score,overall_new_release_count,downstream_outcomes,TRUE,split_period1,low,observed,-5,-0.136629951511382,0.163671529658073,-0.457426149641206,0.184166246618441
exact1,pc_score,overall_new_release_count,downstream_outcomes,TRUE,split_period1,low,observed,-4,-0.446962037741779,0.157816756705138,-0.756282880883849,-0.137641194599708
exact1,pc_score,overall_new_release_count,downstream_outcomes,TRUE,split_period1,low,observed,-3,-0.315893820487149,0.164768812733165,-0.638840693444153,0.00705305246985571
exact1,pc_score,overall_new_release_count,downstream_outcomes,TRUE,split_period1,low,observed,-2,-0.286212572769383,0.151077975005769,-0.58232540378069,0.00990025824192431
exact1,pc_score,overall_new_release_count,downstream_outcomes,TRUE,split_period1,low,observed,-1,0,0,0,0
exact1,pc_score,overall_new_release_count,downstream_outcomes,TRUE,split_period1,low,observed,0,-0.213950956314223,0.1841836127445,-0.574950837293443,0.147048924664996
exact1,pc_score,overall_new_release_count,downstream_outcomes,TRUE,split_period1,low,observed,1,-0.818148150276554,0.14196286792508,-1.09639537140971,-0.539900929143397
exact1,pc_score,overall_new_release_count,downstream_outcomes,TRUE,split_period1,low,observed,2,-0.834576825437779,0.138689367646984,-1.10640798602587,-0.56274566484969
exact1,pc_score,overall_new_release_count,downstream_outcomes,TRUE,split_period1,low,observed,3,-0.738241844296315,0.194265345787741,-1.11900192204029,-0.357481766552342
exact1,pc_score,overall_new_release_count,downstream_outcomes,TRUE,split_period1,low,observed,4,-0.331794212655864,0.432189473166184,-1.17888558006159,0.515297154749857
exact1,pc_score,overall_new_release_count,downstream_outcomes,TRUE,split_period1,low,observed,5,-0.460646850670833,0.40425102133686,-1.25297885249108,0.331685151149412
exact1,pc_score,overall_new_release_count,downstream_outcomes,TRUE,split_period1,low,observed,6,-0.881034368441695,0.221581028599602,-1.31533318449691,-0.446735552386475
exact1,pc_score,overall_new_release_count,downstream_outcomes,TRUE,split_period1,low,observed,7,-0.936101372726655,0.251950237008969,-1.42992383726423,-0.442278908189075
exact1,pc_score,overall_new_release_count,downstream_outcomes,TRUE,split_period1,low,observed,8,-0.925964940979653,0.285286971331868,-1.48512740479011,-0.36680247716919
exact1,pc_score,overall_new_release_count,downstream_outcomes,TRUE,split_period1,low,observed,9,-1.14510573133224,0.37638942248656,-1.8828289994059,-0.407382463258583
exact1,pc_score,overall_new_release_count,downstream_outcomes,TRUE,split_period1,low,observed,10,0.00922521514357916,1.17403441424907,-2.2918822367846,2.31033266707176
exact1,pc_score,overall_new_release_count,downstream_outcomes,TRUE,split_period1,low,observed,11,-0.395791870956174,1.24020834311348,-2.8266002234586,2.03501648154626
exact1,pc_score,pull_request_opened,github_outcomes,TRUE,split_period5,high,observed,-15,-0.362549277184023,0.587819681807169,-1.51467585352607,0.789577299158028
exact1,pc_score,pull_request_opened,github_outcomes,TRUE,split_period5,high,observed,-14,-0.66896016814947,0.913731693895189,-2.45987428818404,1.1219539518851
exact1,pc_score,pull_request_opened,github_outcomes,TRUE,split_period5,high,observed,-13,0.393315289067748,0.6167072547049,-0.815430930153856,1.60206150828935
exact1,pc_score,pull_request_opened,github_outcomes,TRUE,split_period5,high,observed,-12,-0.0426967028543965,0.486320550108877,-0.995884981067796,0.910491575359002
exact1,pc_score,pull_request_opened,github_outcomes,TRUE,split_period5,high,observed,-11,0.740103830499314,0.553103840204876,-0.343979696302244,1.82418735730087
exact1,pc_score,pull_request_opened,github_outcomes,TRUE,split_period5,high,observed,-10,0.987055313882375,0.56913165240369,-0.128442724828858,2.10255335259361
exact1,pc_score,pull_request_opened,github_outcomes,TRUE,split_period5,high,observed,-9,1.15129111070797,0.689043473945319,-0.199234098224855,2.50181631964079
exact1,pc_score,pull_request_opened,github_outcomes,TRUE,split_period5,high,observed,-8,0.842696911838129,0.521368544527138,-0.179185435435062,1.86457925911132
exact1,pc_score,pull_request_opened,github_outcomes,TRUE,split_period5,high,observed,-7,0.369827749036601,0.447336455007245,-0.506951702777599,1.2466072008508
exact1,pc_score,pull_request_opened,github_outcomes,TRUE,split_period5,high,observed,-6,0.425777865591374,0.315570855692767,-0.192741011566449,1.0442967427492
exact1,pc_score,pull_request_opened,github_outcomes,TRUE,split_period5,high,observed,-5,0.0976450960638459,0.177141959059884,-0.249553143693528,0.444843335821219
exact1,pc_score,pull_request_opened,github_outcomes,TRUE,split_period5,high,observed,-4,0.067877714609641,0.158510098031489,-0.242802077532077,0.378557506751359
exact1,pc_score,pull_request_opened,github_outcomes,TRUE,split_period5,high,observed,-3,0.412839408026359,0.174742748771682,0.0703436204338619,0.755335195618856
exact1,pc_score,pull_request_opened,github_outcomes,TRUE,split_period5,high,observed,-2,0.381268425578331,0.164353055556894,0.0591364366868183,0.703400414469843
exact1,pc_score,pull_request_opened,github_outcomes,TRUE,split_period5,high,observed,-1,0,0,0,0
exact1,pc_score,pull_request_opened,github_outcomes,TRUE,split_period5,high,observed,0,0.0444189123825277,0.166342802786588,-0.281612981079184,0.37045080584424
exact1,pc_score,pull_request_opened,github_outcomes,TRUE,split_period5,high,observed,1,0.0731036044171923,0.209251637773045,-0.337029605617976,0.48323681445236
exact1,pc_score,pull_request_opened,github_outcomes,TRUE,split_period5,high,observed,2,-0.0540611444725571,0.152022995422715,-0.352026215501078,0.243903926555964
exact1,pc_score,pull_request_opened,github_outcomes,TRUE,split_period5,high,observed,3,0.110384412171143,0.170019634574514,-0.222854071594904,0.44362289593719
exact1,pc_score,pull_request_opened,github_outcomes,TRUE,split_period5,high,observed,4,0.69504140618892,0.348440298009438,0.0120984220904203,1.37798439028742
exact1,pc_score,pull_request_opened,github_outcomes,TRUE,split_period5,high,observed,5,0.855489702136226,0.333033025047034,0.20274497304404,1.50823443122841
exact1,pc_score,pull_request_opened,github_outcomes,TRUE,split_period5,high,observed,6,0.85593002843874,0.443263323588602,-0.012866085794919,1.7247261426724
exact1,pc_score,pull_request_opened,github_outcomes,TRUE,split_period5,high,observed,7,0.437611559755601,0.268877354548489,-0.0893880551594374,0.96461117467064
exact1,pc_score,pull_request_opened,github_outcomes,TRUE,split_period5,high,observed,8,0.584780179736921,0.399616962764808,-0.198469067282102,1.36802942675594
exact1,pc_score,pull_request_opened,github_outcomes,TRUE,split_period5,high,observed,9,0.832406130371284,0.697578689420432,-0.534848100892764,2.19966036163533
exact1,pc_score,pull_request_opened,github_outcomes,TRUE,split_period5,high,observed,10,-0.681882197053299,0.489393410035227,-1.64109328072234,0.277328886615746
exact1,pc_score,pull_request_opened,github_outcomes,TRUE,split_period5,high,observed,11,-0.798480357014253,0.353361798922378,-1.49106948290211,-0.105891231126393
exact1,pc_score,pull_request_opened,github_outcomes,TRUE,split_period5,low,observed,-15,-1.13917345869009,0.463972391617829,-2.04855934626103,-0.229787571119144
exact1,pc_score,pull_request_opened,github_outcomes,TRUE,split_period5,low,observed,-14,-0.383301575867652,0.675845222942771,-1.70795821283548,0.941355061100179
exact1,pc_score,pull_request_opened,github_outcomes,TRUE,split_period5,low,observed,-13,1.99436506941277,0.333418920160431,1.34086398589833,2.64786615292721
exact1,pc_score,pull_request_opened,github_outcomes,TRUE,split_period5,low,observed,-12,-0.0154311715295792,0.451853248998634,-0.901063539566901,0.870201196507743
exact1,pc_score,pull_request_opened,github_outcomes,TRUE,split_period5,low,observed,-11,0.744212701282858,0.838798611825099,-0.899832577894335,2.38825798046005
exact1,pc_score,pull_request_opened,github_outcomes,TRUE,split_period5,low,observed,-10,0.164920286651771,0.374516068886431,-0.569131208365633,0.898971781669176
exact1,pc_score,pull_request_opened,github_outcomes,TRUE,split_period5,low,observed,-9,0.500951580041322,0.403532840933735,-0.289972788188799,1.29187594827144
exact1,pc_score,pull_request_opened,github_outcomes,TRUE,split_period5,low,observed,-8,0.230901571579389,0.320293253551687,-0.396873205381918,0.858676348540696
exact1,pc_score,pull_request_opened,github_outcomes,TRUE,split_period5,low,observed,-7,1.13446188286325,0.384485505755998,0.380870291581495,1.88805347414501
exact1,pc_score,pull_request_opened,github_outcomes,TRUE,split_period5,low,observed,-6,0.964973717946084,0.34502392467937,0.288726825574519,1.64122061031765
exact1,pc_score,pull_request_opened,github_outcomes,TRUE,split_period5,low,observed,-5,0.535483909814488,0.225560483766528,0.0933853616320932,0.977582457996882
exact1,pc_score,pull_request_opened,github_outcomes,TRUE,split_period5,low,observed,-4,0.406061944170117,0.212807818291815,-0.0110413796818405,0.823165268022074
exact1,pc_score,pull_request_opened,github_outcomes,TRUE,split_period5,low,observed,-3,0.144478542118998,0.198810656471396,-0.245190344564939,0.534147428802934
exact1,pc_score,pull_request_opened,github_outcomes,TRUE,split_period5,low,observed,-2,0.309595277456152,0.169039608413399,-0.0217223550341106,0.640912909946414
exact1,pc_score,pull_request_opened,github_outcomes,TRUE,split_period5,low,observed,-1,0,0,0,0
exact1,pc_score,pull_request_opened,github_outcomes,TRUE,split_period5,low,observed,0,-0.0843299372619216,0.303167720549241,-0.678538669538434,0.509878795014591
exact1,pc_score,pull_request_opened,github_outcomes,TRUE,split_period5,low,observed,1,-0.839497330714753,0.276572615204702,-1.38157965651597,-0.297415004913537
exact1,pc_score,pull_request_opened,github_outcomes,TRUE,split_period5,low,observed,2,-0.971959827403651,0.324199234757342,-1.60739032752804,-0.336529327279261
exact1,pc_score,pull_request_opened,github_outcomes,TRUE,split_period5,low,observed,3,-1.45188579279608,0.299646901851966,-2.03919372042594,-0.864577865166227
exact1,pc_score,pull_request_opened,github_outcomes,TRUE,split_period5,low,observed,4,-1.8728145279012,0.31098497893944,-2.4823450866225,-1.2632839691799
exact1,pc_score,pull_request_opened,github_outcomes,TRUE,split_period5,low,observed,5,-2.18282071672395,0.313787985637173,-2.79784516857281,-1.56779626487509
exact1,pc_score,pull_request_opened,github_outcomes,TRUE,split_period5,low,observed,6,-2.348289109567,0.439755688275883,-3.21021025858773,-1.48636796054627
exact1,pc_score,pull_request_opened,github_outcomes,TRUE,split_period5,low,observed,7,-2.37060182312707,0.501117672626154,-3.35279246147434,-1.38841118477981
exact1,pc_score,pull_request_opened,github_outcomes,TRUE,split_period5,low,observed,8,-2.89698216194078,0.509962517517591,-3.89650869627526,-1.89745562760631
exact1,pc_score,pull_request_opened,github_outcomes,TRUE,split_period5,low,observed,9,-2.90489323906017,0.586517415307339,-4.05446737306255,-1.75531910505778
exact1,pc_score,pull_request_opened,github_outcomes,TRUE,split_period5,low,observed,10,-1.58950673540096,0.60768417658458,-2.78056772150674,-0.398445749295187
exact1,pc_score,pull_request_opened,github_outcomes,TRUE,split_period5,low,observed,11,-1.83753228301428,1.25239258982034,-4.29222175906216,0.617157193033591
exact1,pc_score,pull_request_merged,github_outcomes,TRUE,split_period5,high,observed,-15,0.112834830817242,0.665080942107309,-1.19072381571308,1.41639347734757
exact1,pc_score,pull_request_merged,github_outcomes,TRUE,split_period5,high,observed,-14,-0.173518506665103,0.464753514123777,-1.08443539434771,0.7373983810175
exact1,pc_score,pull_request_merged,github_outcomes,TRUE,split_period5,high,observed,-13,0.0134345269569244,0.526722648918968,-1.01894186492425,1.0458109188381
exact1,pc_score,pull_request_merged,github_outcomes,TRUE,split_period5,high,observed,-12,0.595661756836597,0.485984148389463,-0.356867174006751,1.54819068767995
exact1,pc_score,pull_request_merged,github_outcomes,TRUE,split_period5,high,observed,-11,0.418354736492956,0.487762598088745,-0.537659955760985,1.3743694287469
exact1,pc_score,pull_request_merged,github_outcomes,TRUE,split_period5,high,observed,-10,1.91060877933852,0.734227572303641,0.471522737623385,3.34969482105366
exact1,pc_score,pull_request_merged,github_outcomes,TRUE,split_period5,high,observed,-9,1.05798283974069,0.418120731275798,0.238466206440129,1.87749947304126
exact1,pc_score,pull_request_merged,github_outcomes,TRUE,split_period5,high,observed,-8,0.795102203838537,0.379874957625763,0.0505472868920422,1.53965712078503
exact1,pc_score,pull_request_merged,github_outcomes,TRUE,split_period5,high,observed,-7,0.449036005892789,0.306792057021767,-0.152276425869875,1.05034843765545
exact1,pc_score,pull_request_merged,github_outcomes,TRUE,split_period5,high,observed,-6,0.665067069483652,0.378450396341669,-0.0766957073460185,1.40682984631332
exact1,pc_score,pull_request_merged,github_outcomes,TRUE,split_period5,high,observed,-5,0.121306609536744,0.177433721566564,-0.226463484733721,0.469076703807209
exact1,pc_score,pull_request_merged,github_outcomes,TRUE,split_period5,high,observed,-4,0.114115870113576,0.158659215951084,-0.196856193150549,0.425087933377701
exact1,pc_score,pull_request_merged,github_outcomes,TRUE,split_period5,high,observed,-3,0.49144211941855,0.173579834501434,0.15122564379574,0.83165859504136
exact1,pc_score,pull_request_merged,github_outcomes,TRUE,split_period5,high,observed,-2,0.414269657593929,0.160453180933963,0.0997814229633605,0.728757892224497
exact1,pc_score,pull_request_merged,github_outcomes,TRUE,split_period5,high,observed,-1,0,0,0,0
exact1,pc_score,pull_request_merged,github_outcomes,TRUE,split_period5,high,observed,0,0.547818130537304,0.212605831665581,0.131110700472765,0.964525560601844
exact1,pc_score,pull_request_merged,github_outcomes,TRUE,split_period5,high,observed,1,0.291369932843678,0.228338423246191,-0.156173376718856,0.738913242406212
exact1,pc_score,pull_request_merged,github_outcomes,TRUE,split_period5,high,observed,2,0.495715366167837,0.371167380634827,-0.231772699876425,1.2232034322121
exact1,pc_score,pull_request_merged,github_outcomes,TRUE,split_period5,high,observed,3,0.471133662906554,0.229932724618057,0.0204655226551623,0.921801803157946
exact1,pc_score,pull_request_merged,github_outcomes,TRUE,split_period5,high,observed,4,1.66073057362215,0.490180244727626,0.699977293956004,2.6214838532883
exact1,pc_score,pull_request_merged,github_outcomes,TRUE,split_period5,high,observed,5,1.06369967297927,0.292664507569529,0.490077238142991,1.63732210781554
exact1,pc_score,pull_request_merged,github_outcomes,TRUE,split_period5,high,observed,6,0.658196174343963,0.190813785276554,0.284201155201918,1.03219119348601
exact1,pc_score,pull_request_merged,github_outcomes,TRUE,split_period5,high,observed,7,0.362105477852186,0.197252398147693,-0.0245092225172925,0.748720178221664
exact1,pc_score,pull_request_merged,github_outcomes,TRUE,split_period5,high,observed,8,0.91509342960727,0.348590933428824,0.231855200086774,1.59833165912777
exact1,pc_score,pull_request_merged,github_outcomes,TRUE,split_period5,high,observed,9,0.975612547473917,0.549296124684749,-0.101007856908192,2.05223295185603
exact1,pc_score,pull_request_merged,github_outcomes,TRUE,split_period5,high,observed,10,-0.359825047461804,0.519264213517741,-1.37758290595658,0.657932811032969
exact1,pc_score,pull_request_merged,github_outcomes,TRUE,split_period5,high,observed,11,-1.11279541588695,0.233913129900839,-1.5712651504926,-0.65432568128131
exact1,pc_score,pull_request_merged,github_outcomes,TRUE,split_period5,low,observed,-15,0.133685883018424,0.643769723101187,-1.1281027742599,1.39547454029675
exact1,pc_score,pull_request_merged,github_outcomes,TRUE,split_period5,low,observed,-14,-0.131306554622002,0.49736118734247,-1.10613448181324,0.84352137256924
exact1,pc_score,pull_request_merged,github_outcomes,TRUE,split_period5,low,observed,-13,2.43014388858345,0.431738059844854,1.58393729128754,3.27635048587936
exact1,pc_score,pull_request_merged,github_outcomes,TRUE,split_period5,low,observed,-12,-0.194013903042197,0.43020544366914,-1.03721657263371,0.649188766549318
exact1,pc_score,pull_request_merged,github_outcomes,TRUE,split_period5,low,observed,-11,0.436821478103126,0.563877664570708,-0.668378744455461,1.54202170066171
exact1,pc_score,pull_request_merged,github_outcomes,TRUE,split_period5,low,observed,-10,0.201785420601309,0.385021421188059,-0.552856564927287,0.956427406129906
exact1,pc_score,pull_request_merged,github_outcomes,TRUE,split_period5,low,observed,-9,0.398698897208309,0.425643304701287,-0.435561980006213,1.23295977442283
exact1,pc_score,pull_request_merged,github_outcomes,TRUE,split_period5,low,observed,-8,-0.0794590026224902,0.351917912835367,-0.769218111779809,0.610300106534829
exact1,pc_score,pull_request_merged,github_outcomes,TRUE,split_period5,low,observed,-7,0.901377910134709,0.407037600514485,0.103584213126319,1.6991716071431
exact1,pc_score,pull_request_merged,github_outcomes,TRUE,split_period5,low,observed,-6,0.878194656796626,0.383693134698077,0.126156112788394,1.63023320080486
exact1,pc_score,pull_request_merged,github_outcomes,TRUE,split_period5,low,observed,-5,0.35603344009026,0.25185914027116,-0.137610474841214,0.849677355021735
exact1,pc_score,pull_request_merged,github_outcomes,TRUE,split_period5,low,observed,-4,0.303605471956076,0.248318865919886,-0.1830995052469,0.790310449159052
exact1,pc_score,pull_request_merged,github_outcomes,TRUE,split_period5,low,observed,-3,-0.0306406752074778,0.219593202713487,-0.461043352525912,0.399762002110957
exact1,pc_score,pull_request_merged,github_outcomes,TRUE,split_period5,low,observed,-2,0.0856104390371345,0.191223376348235,-0.289187378605406,0.460408256679675
exact1,pc_score,pull_request_merged,github_outcomes,TRUE,split_period5,low,observed,-1,0,0,0,0
exact1,pc_score,pull_request_merged,github_outcomes,TRUE,split_period5,low,observed,0,-0.476166534729837,0.204668869709897,-0.877317519361234,-0.0750155500984388
exact1,pc_score,pull_request_merged,github_outcomes,TRUE,split_period5,low,observed,1,-1.21044352210804,0.18293361242815,-1.56899340246721,-0.851893641748863
exact1,pc_score,pull_request_merged,github_outcomes,TRUE,split_period5,low,observed,2,-1.60994506628667,0.203908167193136,-2.00960507398522,-1.21028505858813
exact1,pc_score,pull_request_merged,github_outcomes,TRUE,split_period5,low,observed,3,-1.82630796206398,0.265747476984717,-2.34717301695403,-1.30544290717394
exact1,pc_score,pull_request_merged,github_outcomes,TRUE,split_period5,low,observed,4,-2.29817492775136,0.337308152207973,-2.95929890607899,-1.63705094942373
exact1,pc_score,pull_request_merged,github_outcomes,TRUE,split_period5,low,observed,5,-2.48032137613861,0.313364363638731,-3.09451552887053,-1.8661272234067
exact1,pc_score,pull_request_merged,github_outcomes,TRUE,split_period5,low,observed,6,-2.84915936060199,0.45791792490115,-3.74667849340825,-1.95164022779574
exact1,pc_score,pull_request_merged,github_outcomes,TRUE,split_period5,low,observed,7,-2.90153797509645,0.539975731824646,-3.95989040947275,-1.84318554072014
exact1,pc_score,pull_request_merged,github_outcomes,TRUE,split_period5,low,observed,8,-3.00268752346958,0.614804038530754,-4.20770343898986,-1.7976716079493
exact1,pc_score,pull_request_merged,github_outcomes,TRUE,split_period5,low,observed,9,-3.02073053300047,0.616061136355907,-4.22821036025805,-1.81325070574289
exact1,pc_score,pull_request_merged,github_outcomes,TRUE,split_period5,low,observed,10,-2.21813910187503,0.67720343330835,-3.5454578311594,-0.890820372590669
exact1,pc_score,pull_request_merged,github_outcomes,TRUE,split_period5,low,observed,11,-1.75718782444378,1.16612944608146,-4.04280153876343,0.528425889875877
exact1,pc_score,overall_new_release_count,downstream_outcomes,TRUE,split_period5,high,observed,-15,-0.0401517892479172,0.311041917046041,-0.649793946658158,0.569490368162323
exact1,pc_score,overall_new_release_count,downstream_outcomes,TRUE,split_period5,high,observed,-14,-0.0169765953864364,0.244297465742232,-0.495799628241211,0.461846437468338
exact1,pc_score,overall_new_release_count,downstream_outcomes,TRUE,split_period5,high,observed,-13,0.0299467758614323,0.214882816069758,-0.391223543635294,0.451117095358159
exact1,pc_score,overall_new_release_count,downstream_outcomes,TRUE,split_period5,high,observed,-12,0.410035938286584,0.176750677280524,0.0636046108167575,0.75646726575641
exact1,pc_score,overall_new_release_count,downstream_outcomes,TRUE,split_period5,high,observed,-11,0.452484315323909,0.166894709696217,0.125370684319323,0.779597946328494
exact1,pc_score,overall_new_release_count,downstream_outcomes,TRUE,split_period5,high,observed,-10,0.290183209805215,0.20043386350291,-0.102667162660488,0.683033582270919
exact1,pc_score,overall_new_release_count,downstream_outcomes,TRUE,split_period5,high,observed,-9,0.230921925933382,0.176411528795098,-0.114844670505011,0.576688522371774
exact1,pc_score,overall_new_release_count,downstream_outcomes,TRUE,split_period5,high,observed,-8,0.279668542431126,0.16263195221711,-0.0390900839144088,0.598427168776661
exact1,pc_score,overall_new_release_count,downstream_outcomes,TRUE,split_period5,high,observed,-7,0.85963702033937,0.298704024345226,0.274177132622727,1.44509690805601
exact1,pc_score,overall_new_release_count,downstream_outcomes,TRUE,split_period5,high,observed,-6,0.354613476621169,0.21231083949054,-0.0615157687802905,0.770742722022628
exact1,pc_score,overall_new_release_count,downstream_outcomes,TRUE,split_period5,high,observed,-5,0.168805968836786,0.153443313845581,-0.131942926300554,0.469554863974125
exact1,pc_score,overall_new_release_count,downstream_outcomes,TRUE,split_period5,high,observed,-4,0.144023174308886,0.176157631969813,-0.201245784351948,0.48929213296972
exact1,pc_score,overall_new_release_count,downstream_outcomes,TRUE,split_period5,high,observed,-3,0.283776500705696,0.174852619163768,-0.0589346328552883,0.626487634266681
exact1,pc_score,overall_new_release_count,downstream_outcomes,TRUE,split_period5,high,observed,-2,0.225467824409935,0.175830953425412,-0.119160844303874,0.570096493123743
exact1,pc_score,overall_new_release_count,downstream_outcomes,TRUE,split_period5,high,observed,-1,0,0,0,0
exact1,pc_score,overall_new_release_count,downstream_outcomes,TRUE,split_period5,high,observed,0,0.26578074825805,0.321893703197237,-0.365130910008535,0.896692406524636
exact1,pc_score,overall_new_release_count,downstream_outcomes,TRUE,split_period5,high,observed,1,-0.163751213409466,0.18483564696669,-0.526029081464178,0.198526654645246
exact1,pc_score,overall_new_release_count,downstream_outcomes,TRUE,split_period5,high,observed,2,-0.343226922929281,0.138561600990718,-0.614807660871089,-0.0716461849874742
exact1,pc_score,overall_new_release_count,downstream_outcomes,TRUE,split_period5,high,observed,3,-0.0500082027314235,0.228042701976786,-0.496971898605925,0.396955493143078
exact1,pc_score,overall_new_release_count,downstream_outcomes,TRUE,split_period5,high,observed,4,1.0758490039359,0.566387244511951,-0.0342699953075241,2.18596800317933
exact1,pc_score,overall_new_release_count,downstream_outcomes,TRUE,split_period5,high,observed,5,0.848606584772502,0.532904837731086,-0.195886897180427,1.89310006672543
exact1,pc_score,overall_new_release_count,downstream_outcomes,TRUE,split_period5,high,observed,6,0.287505357861981,0.221192594089077,-0.14603212655261,0.721042842276572
exact1,pc_score,overall_new_release_count,downstream_outcomes,TRUE,split_period5,high,observed,7,0.0274429663825371,0.203213050616411,-0.370854612825628,0.425740545590703
exact1,pc_score,overall_new_release_count,downstream_outcomes,TRUE,split_period5,high,observed,8,0.269383431714004,0.257621110958114,-0.235553945763899,0.774320809191906
exact1,pc_score,overall_new_release_count,downstream_outcomes,TRUE,split_period5,high,observed,9,0.519789286277636,0.529305295031624,-0.517649091984348,1.55722766453962
exact1,pc_score,overall_new_release_count,downstream_outcomes,TRUE,split_period5,high,observed,10,-0.0888497339690397,0.977727815684986,-2.00519625271161,1.82749678477353
exact1,pc_score,overall_new_release_count,downstream_outcomes,TRUE,split_period5,high,observed,11,-1.59455612718279,0.327589905009872,-2.23663234100213,-0.952479913363438
exact1,pc_score,overall_new_release_count,downstream_outcomes,TRUE,split_period5,low,observed,-15,0.373868817946627,0.327583349447739,-0.268194546970941,1.01593218286419
exact1,pc_score,overall_new_release_count,downstream_outcomes,TRUE,split_period5,low,observed,-14,0.537083844036338,0.301174948246691,-0.0532190545271771,1.12738674259985
exact1,pc_score,overall_new_release_count,downstream_outcomes,TRUE,split_period5,low,observed,-13,0.566257873372565,0.262903953947693,0.0509661236350859,1.08154962311004
exact1,pc_score,overall_new_release_count,downstream_outcomes,TRUE,split_period5,low,observed,-12,0.309208985855475,0.265378791083696,-0.21093344466857,0.829351416379519
exact1,pc_score,overall_new_release_count,downstream_outcomes,TRUE,split_period5,low,observed,-11,0.271218953702158,0.233952414104262,-0.187327777942195,0.729765685346512
exact1,pc_score,overall_new_release_count,downstream_outcomes,TRUE,split_period5,low,observed,-10,0.290186432511941,0.221501405172173,-0.143956321625519,0.7243291866494
exact1,pc_score,overall_new_release_count,downstream_outcomes,TRUE,split_period5,low,observed,-9,0.233355442880372,0.193971379265075,-0.146828460479176,0.61353934623992
exact1,pc_score,overall_new_release_count,downstream_outcomes,TRUE,split_period5,low,observed,-8,0.256741376350712,0.17828711042765,-0.0927013600874822,0.606184112788907
exact1,pc_score,overall_new_release_count,downstream_outcomes,TRUE,split_period5,low,observed,-7,-0.0719919552900768,0.211279796225956,-0.48610035589295,0.342116445312796
exact1,pc_score,overall_new_release_count,downstream_outcomes,TRUE,split_period5,low,observed,-6,0.268078662550403,0.2279952609641,-0.178792048939233,0.714949374040039
exact1,pc_score,overall_new_release_count,downstream_outcomes,TRUE,split_period5,low,observed,-5,-0.193430661329175,0.162552398666455,-0.512033362715426,0.125172040057077
exact1,pc_score,overall_new_release_count,downstream_outcomes,TRUE,split_period5,low,observed,-4,-0.35236359811281,0.151929035293777,-0.650144507288613,-0.0545826889370063
exact1,pc_score,overall_new_release_count,downstream_outcomes,TRUE,split_period5,low,observed,-3,-0.368260340573556,0.161654566570095,-0.685103291050942,-0.0514173900961709
exact1,pc_score,overall_new_release_count,downstream_outcomes,TRUE,split_period5,low,observed,-2,-0.223451714083416,0.146659052691453,-0.510903457358664,0.0640000291918313
exact1,pc_score,overall_new_release_count,downstream_outcomes,TRUE,split_period5,low,observed,-1,0,0,0,0
exact1,pc_score,overall_new_release_count,downstream_outcomes,TRUE,split_period5,low,observed,0,-0.0834963695628042,0.199043521011762,-0.473621670745857,0.306628931620249
exact1,pc_score,overall_new_release_count,downstream_outcomes,TRUE,split_period5,low,observed,1,-0.682233454412377,0.188142115375524,-1.05099200054841,-0.31347490827635
exact1,pc_score,overall_new_release_count,downstream_outcomes,TRUE,split_period5,low,observed,2,-0.846269764379636,0.174815071773905,-1.18890730505649,-0.503632223702781
exact1,pc_score,overall_new_release_count,downstream_outcomes,TRUE,split_period5,low,observed,3,-0.911963615774757,0.19522764499907,-1.29460979997293,-0.529317431576579
exact1,pc_score,overall_new_release_count,downstream_outcomes,TRUE,split_period5,low,observed,4,-1.2006164252792,0.197857701012208,-1.58841751926313,-0.812815331295272
exact1,pc_score,overall_new_release_count,downstream_outcomes,TRUE,split_period5,low,observed,5,-1.39557945436132,0.195582735614986,-1.77892161616669,-1.01223729255595
exact1,pc_score,overall_new_release_count,downstream_outcomes,TRUE,split_period5,low,observed,6,-1.42249451285395,0.243963724607192,-1.90066341308405,-0.944325612623854
exact1,pc_score,overall_new_release_count,downstream_outcomes,TRUE,split_period5,low,observed,7,-1.18873614399908,0.292157215404611,-1.76136428619212,-0.616108001806041
exact1,pc_score,overall_new_release_count,downstream_outcomes,TRUE,split_period5,low,observed,8,-1.38368910411957,0.310992023567665,-1.99323347031219,-0.774144737926947
exact1,pc_score,overall_new_release_count,downstream_outcomes,TRUE,split_period5,low,observed,9,-1.58067008665146,0.313093193383612,-2.19433274568333,-0.967007427619577
exact1,pc_score,overall_new_release_count,downstream_outcomes,TRUE,split_period5,low,observed,10,-1.08528290133636,0.439462159094172,-1.94662873316094,-0.223937069511783
exact1,pc_score,overall_new_release_count,downstream_outcomes,TRUE,split_period5,low,observed,11,-0.574359725147734,1.24566730990239,-3.01586765255643,1.86714820226096
exact1,pc_score,pull_request_opened,github_outcomes,FALSE,split_full_avg,high,observed,-14,0.134504733087434,5.67851469971587,-10.9953840783557,11.2643935445305
exact1,pc_score,pull_request_opened,github_outcomes,FALSE,split_full_avg,high,observed,-13,5.78790771558581,5.17703940686258,-4.35908952186485,15.9349049530365
exact1,pc_score,pull_request_opened,github_outcomes,FALSE,split_full_avg,high,observed,-12,4.99545587214619,4.06244907246193,-2.96694430987919,12.9578560541716
exact1,pc_score,pull_request_opened,github_outcomes,FALSE,split_full_avg,high,observed,-11,8.96620990127291,4.10829164030639,0.913958286272385,17.0184615162734
exact1,pc_score,pull_request_opened,github_outcomes,FALSE,split_full_avg,high,observed,-10,6.80246762858094,3.34059059240219,0.254910067472643,13.3500251896892
exact1,pc_score,pull_request_opened,github_outcomes,FALSE,split_full_avg,high,observed,-9,3.62302715842204,3.23205911946916,-2.71180871573751,9.95786303258159
exact1,pc_score,pull_request_opened,github_outcomes,FALSE,split_full_avg,high,observed,-8,1.86825735185963,3.65787893855994,-5.30118536771784,9.03770007143711
exact1,pc_score,pull_request_opened,github_outcomes,FALSE,split_full_avg,high,observed,-7,1.42602360288667,4.0857109596944,-6.58196987811436,9.43401708388769
exact1,pc_score,pull_request_opened,github_outcomes,FALSE,split_full_avg,high,observed,-6,-0.579352858918863,4.40047676497851,-9.20428731827674,8.04558160043902
exact1,pc_score,pull_request_opened,github_outcomes,FALSE,split_full_avg,high,observed,-5,-2.2108820203573,3.68282731833016,-9.42922356428442,5.00745952356981
exact1,pc_score,pull_request_opened,github_outcomes,FALSE,split_full_avg,high,observed,-4,-2.14034128195284,3.19747121712295,-8.40738486751382,4.12670230360814
exact1,pc_score,pull_request_opened,github_outcomes,FALSE,split_full_avg,high,observed,-3,-0.538204381147976,2.3818150276322,-5.20656183530709,4.13015307301114
exact1,pc_score,pull_request_opened,github_outcomes,FALSE,split_full_avg,high,observed,-2,1.05522268771092,1.31649215712645,-1.52510194025691,3.63554731567876
exact1,pc_score,pull_request_opened,github_outcomes,FALSE,split_full_avg,high,observed,-1,0,0,0,0
exact1,pc_score,pull_request_opened,github_outcomes,FALSE,split_full_avg,high,observed,0,1.8113830277921,1.02493887547005,-0.197497168129188,3.82026322371339
exact1,pc_score,pull_request_opened,github_outcomes,FALSE,split_full_avg,high,observed,1,1.88826723858266,1.16703444326639,-0.399120270219464,4.17565474738477
exact1,pc_score,pull_request_opened,github_outcomes,FALSE,split_full_avg,high,observed,2,3.23668871726585,1.53286638019393,0.232270612085745,6.24110682244596
exact1,pc_score,pull_request_opened,github_outcomes,FALSE,split_full_avg,high,observed,3,3.75780312633224,2.0496845833182,-0.259578656971426,7.77518490963592
exact1,pc_score,pull_request_opened,github_outcomes,FALSE,split_full_avg,high,observed,4,4.50294613766517,2.39774998457844,-0.196643832108584,9.20253610743892
exact1,pc_score,pull_request_opened,github_outcomes,FALSE,split_full_avg,high,observed,5,4.06338866329928,2.80629794427688,-1.43695530748341,9.56373263408197
exact1,pc_score,pull_request_opened,github_outcomes,FALSE,split_full_avg,high,observed,6,6.65004964036359,3.29115128715317,0.199393117543372,13.1007061631838
exact1,pc_score,pull_request_opened,github_outcomes,FALSE,split_full_avg,high,observed,7,9.95441364889545,4.11374103243158,1.89148122532956,18.0173460724613
exact1,pc_score,pull_request_opened,github_outcomes,FALSE,split_full_avg,high,observed,8,12.8118812266828,4.86365290727885,3.27912152841626,22.3446409249493
exact1,pc_score,pull_request_opened,github_outcomes,FALSE,split_full_avg,high,observed,9,8.83671500356367,4.25786710608289,0.491295475641206,17.1821345314861
exact1,pc_score,pull_request_opened,github_outcomes,FALSE,split_full_avg,high,observed,10,4.32807010436575,6.66919180895368,-8.74354584118346,17.399686049915
exact1,pc_score,pull_request_opened,github_outcomes,FALSE,split_full_avg,high,observed,11,3.7738424882296,6.18880414167291,-8.35621362944931,15.9038986059085
exact1,pc_score,pull_request_opened,github_outcomes,FALSE,split_full_avg,low,observed,-15,24.7283043813231,12.4206022739686,0.383923924344629,49.0726848383015
exact1,pc_score,pull_request_opened,github_outcomes,FALSE,split_full_avg,low,observed,-14,16.4375095278132,8.43402658235642,-0.0931825736053753,32.9682016292318
exact1,pc_score,pull_request_opened,github_outcomes,FALSE,split_full_avg,low,observed,-13,19.0024191623779,8.37854840265103,2.58046429318192,35.424374031574
exact1,pc_score,pull_request_opened,github_outcomes,FALSE,split_full_avg,low,observed,-12,20.7466908113171,13.5954587452691,-5.90040832941027,47.3937899520444
exact1,pc_score,pull_request_opened,github_outcomes,FALSE,split_full_avg,low,observed,-11,38.0886698398338,21.8248689016266,-4.68807320735431,80.8654128870218
exact1,pc_score,pull_request_opened,github_outcomes,FALSE,split_full_avg,low,observed,-10,43.393188525308,26.7092353142334,-8.95691269058944,95.7432897412055
exact1,pc_score,pull_request_opened,github_outcomes,FALSE,split_full_avg,low,observed,-9,48.3403127128195,27.7832023913102,-6.11476397414841,102.795389399787
exact1,pc_score,pull_request_opened,github_outcomes,FALSE,split_full_avg,low,observed,-8,49.3870916457469,28.881110561126,-7.21988505406004,105.994068345554
exact1,pc_score,pull_request_opened,github_outcomes,FALSE,split_full_avg,low,observed,-7,46.760863454173,25.9503797008838,-4.10188075955929,97.6236076679054
exact1,pc_score,pull_request_opened,github_outcomes,FALSE,split_full_avg,low,observed,-6,37.9911193827611,21.1863888600867,-3.53420278300876,79.516441548531
exact1,pc_score,pull_request_opened,github_outcomes,FALSE,split_full_avg,low,observed,-5,28.7682481913058,15.2944874278206,-1.2089471672226,58.7454435498343
exact1,pc_score,pull_request_opened,github_outcomes,FALSE,split_full_avg,low,observed,-4,19.2895592416604,9.65064405281864,0.374296898135874,38.204821585185
exact1,pc_score,pull_request_opened,github_outcomes,FALSE,split_full_avg,low,observed,-3,12.549390370839,5.79579187906753,1.18963828786667,23.9091424538114
exact1,pc_score,pull_request_opened,github_outcomes,FALSE,split_full_avg,low,observed,-2,7.17119727572173,3.66297861253207,-0.00824080484113665,14.3506353562846
exact1,pc_score,pull_request_opened,github_outcomes,FALSE,split_full_avg,low,observed,-1,0,0,0,0
exact1,pc_score,pull_request_opened,github_outcomes,FALSE,split_full_avg,low,observed,0,-5.62252222992074,2.89396115451383,-11.2946860927678,0.0496416329263631
exact1,pc_score,pull_request_opened,github_outcomes,FALSE,split_full_avg,low,observed,1,-9.97017495708709,4.95039581128975,-19.672950747215,-0.267399166959189
exact1,pc_score,pull_request_opened,github_outcomes,FALSE,split_full_avg,low,observed,2,-14.669192791153,6.76849974364775,-27.9354522887026,-1.40293329360342
exact1,pc_score,pull_request_opened,github_outcomes,FALSE,split_full_avg,low,observed,3,-20.4792212222727,8.36188844005607,-36.8685225647826,-4.08991987976277
exact1,pc_score,pull_request_opened,github_outcomes,FALSE,split_full_avg,low,observed,4,-24.6319092553565,9.79723489134312,-43.834489642389,-5.42932886832396
exact1,pc_score,pull_request_opened,github_outcomes,FALSE,split_full_avg,low,observed,5,-21.9180943160957,9.10184657748255,-39.7577136079615,-4.07847502422989
exact1,pc_score,pull_request_opened,github_outcomes,FALSE,split_full_avg,low,observed,6,-28.6532099173134,11.8798087142759,-51.9376349972941,-5.36878483733268
exact1,pc_score,pull_request_opened,github_outcomes,FALSE,split_full_avg,low,observed,7,-25.9675258566555,11.1748823012957,-47.870295167195,-4.06475654611597
exact1,pc_score,pull_request_opened,github_outcomes,FALSE,split_full_avg,low,observed,8,-28.8431503379179,11.6058901288365,-51.5906949904375,-6.09560568539825
exact1,pc_score,pull_request_opened,github_outcomes,FALSE,split_full_avg,low,observed,9,-25.6748489747334,11.1315131854548,-47.4926148182248,-3.8570831312421
exact1,pc_score,pull_request_opened,github_outcomes,FALSE,split_full_avg,low,observed,10,-21.5299377598693,12.4055136397835,-45.8447444938449,2.78486897410638
exact1,pc_score,pull_request_opened,github_outcomes,FALSE,split_full_avg,low,observed,11,-20.876349065736,17.8328166055937,-55.8286696126996,14.0759714812276
exact1,pc_score,pull_request_merged,github_outcomes,FALSE,split_full_avg,high,observed,-14,0.876286861801269,4.19205251253869,-7.34013606277457,9.0927097863771
exact1,pc_score,pull_request_merged,github_outcomes,FALSE,split_full_avg,high,observed,-13,3.28404089487385,4.08091364360864,-4.71454984659909,11.2826316363468
exact1,pc_score,pull_request_merged,github_outcomes,FALSE,split_full_avg,high,observed,-12,4.037869795421,3.33154865271037,-2.49196556389133,10.5677051547333
exact1,pc_score,pull_request_merged,github_outcomes,FALSE,split_full_avg,high,observed,-11,6.80935906332098,3.38142330430367,0.181769386885781,13.4369487397562
exact1,pc_score,pull_request_merged,github_outcomes,FALSE,split_full_avg,high,observed,-10,5.85924521889176,3.01234046521587,-0.0449420929313469,11.7634325307149
exact1,pc_score,pull_request_merged,github_outcomes,FALSE,split_full_avg,high,observed,-9,2.85853083628661,2.95934823471882,-2.94179170376229,8.65885337633551
exact1,pc_score,pull_request_merged,github_outcomes,FALSE,split_full_avg,high,observed,-8,0.904386573539071,3.12270110494877,-5.21610759216052,7.02488073923866
exact1,pc_score,pull_request_merged,github_outcomes,FALSE,split_full_avg,high,observed,-7,0.678473873059051,3.49510616740646,-6.17193421505761,7.52888196117571
exact1,pc_score,pull_request_merged,github_outcomes,FALSE,split_full_avg,high,observed,-6,-0.299057209606008,3.48666834734301,-7.1329271703983,6.53481275118628
exact1,pc_score,pull_request_merged,github_outcomes,FALSE,split_full_avg,high,observed,-5,-1.91617917909245,2.85380096853219,-7.50962907741554,3.67727071923064
exact1,pc_score,pull_request_merged,github_outcomes,FALSE,split_full_avg,high,observed,-4,-2.24287316572598,2.47020670703616,-7.08447831151686,2.5987319800649
exact1,pc_score,pull_request_merged,github_outcomes,FALSE,split_full_avg,high,observed,-3,-0.737146975089327,1.87336695215443,-4.40894620131201,2.93465225113336
exact1,pc_score,pull_request_merged,github_outcomes,FALSE,split_full_avg,high,observed,-2,0.161017150139568,0.980474243735197,-1.76071236758142,2.08274666786055
exact1,pc_score,pull_request_merged,github_outcomes,FALSE,split_full_avg,high,observed,-1,0,0,0,0
exact1,pc_score,pull_request_merged,github_outcomes,FALSE,split_full_avg,high,observed,0,1.85243141828103,0.934448582598282,0.0209121963883969,3.68395064017366
exact1,pc_score,pull_request_merged,github_outcomes,FALSE,split_full_avg,high,observed,1,1.80406577757749,1.072087284712,-0.297225300458029,3.905356855613
exact1,pc_score,pull_request_merged,github_outcomes,FALSE,split_full_avg,high,observed,2,2.79846674897521,1.32684538790027,0.197849788690684,5.39908370925973
exact1,pc_score,pull_request_merged,github_outcomes,FALSE,split_full_avg,high,observed,3,4.12988876732383,1.65531439419923,0.885472554693338,7.37430497995432
exact1,pc_score,pull_request_merged,github_outcomes,FALSE,split_full_avg,high,observed,4,4.75468639279601,1.89846067350596,1.03370347272434,8.47566931286769
exact1,pc_score,pull_request_merged,github_outcomes,FALSE,split_full_avg,high,observed,5,4.35769502744253,2.1519179615696,0.139935822766106,8.57545423211895
exact1,pc_score,pull_request_merged,github_outcomes,FALSE,split_full_avg,high,observed,6,6.48472140270128,2.47578207524707,1.63218853521702,11.3372542701856
exact1,pc_score,pull_request_merged,github_outcomes,FALSE,split_full_avg,high,observed,7,8.66657468389232,2.89730349198269,2.98785983960624,14.3452895281784
exact1,pc_score,pull_request_merged,github_outcomes,FALSE,split_full_avg,high,observed,8,11.6121032925783,3.59698171884763,4.56201912363695,18.6621874615197
exact1,pc_score,pull_request_merged,github_outcomes,FALSE,split_full_avg,high,observed,9,8.7145029181102,3.33393349771716,2.17999326258457,15.2490125736358
exact1,pc_score,pull_request_merged,github_outcomes,FALSE,split_full_avg,high,observed,10,5.34529617064932,4.94969888704143,-4.35611364795189,15.0467059892505
exact1,pc_score,pull_request_merged,github_outcomes,FALSE,split_full_avg,high,observed,11,3.62243017711007,6.05650857918448,-8.2483266380915,15.4931869923116
exact1,pc_score,pull_request_merged,github_outcomes,FALSE,split_full_avg,low,observed,-15,12.0562905132978,7.56558120374347,-2.77224864603938,26.884829672635
exact1,pc_score,pull_request_merged,github_outcomes,FALSE,split_full_avg,low,observed,-14,7.01355259240071,5.28889940873914,-3.352690248728,17.3797954335294
exact1,pc_score,pull_request_merged,github_outcomes,FALSE,split_full_avg,low,observed,-13,7.66735352216975,5.2676090038377,-2.65716012535215,17.9918671696916
exact1,pc_score,pull_request_merged,github_outcomes,FALSE,split_full_avg,low,observed,-12,7.15496103915145,9.13499308812802,-10.7496254135795,25.0595474918824
exact1,pc_score,pull_request_merged,github_outcomes,FALSE,split_full_avg,low,observed,-11,11.7053571936433,11.4233098727651,-10.6843301569764,34.0950445442629
exact1,pc_score,pull_request_merged,github_outcomes,FALSE,split_full_avg,low,observed,-10,11.598936210268,11.8560102198468,-11.6388438206318,34.8367162411678
exact1,pc_score,pull_request_merged,github_outcomes,FALSE,split_full_avg,low,observed,-9,11.2005024135901,12.2096753495035,-12.7304612714368,35.1314660986169
exact1,pc_score,pull_request_merged,github_outcomes,FALSE,split_full_avg,low,observed,-8,13.8356302627169,12.2674763447946,-10.2086233730805,37.8798838985143
exact1,pc_score,pull_request_merged,github_outcomes,FALSE,split_full_avg,low,observed,-7,14.3069297451067,10.5491218904665,-6.36934916020761,34.983208650421
exact1,pc_score,pull_request_merged,github_outcomes,FALSE,split_full_avg,low,observed,-6,10.7499636068426,8.59539658934425,-6.09701370827214,27.5969409219573
exact1,pc_score,pull_request_merged,github_outcomes,FALSE,split_full_avg,low,observed,-5,10.1226154191751,7.02834929730628,-3.65294920354518,23.8981800418954
exact1,pc_score,pull_request_merged,github_outcomes,FALSE,split_full_avg,low,observed,-4,8.50692426394539,4.79834383039189,-0.897829643622719,17.9116781715135
exact1,pc_score,pull_request_merged,github_outcomes,FALSE,split_full_avg,low,observed,-3,6.56643504383069,3.81965154332863,-0.920081981093428,14.0529520687548
exact1,pc_score,pull_request_merged,github_outcomes,FALSE,split_full_avg,low,observed,-2,3.18646813462687,2.25974146431005,-1.24262513542083,7.61556140467457
exact1,pc_score,pull_request_merged,github_outcomes,FALSE,split_full_avg,low,observed,-1,0,0,0,0
exact1,pc_score,pull_request_merged,github_outcomes,FALSE,split_full_avg,low,observed,0,-5.22452648447245,1.79733751958386,-8.74730802285682,-1.70174494608809
exact1,pc_score,pull_request_merged,github_outcomes,FALSE,split_full_avg,low,observed,1,-8.1770893829461,2.65992098863747,-13.3905345206755,-2.96364424521667
exact1,pc_score,pull_request_merged,github_outcomes,FALSE,split_full_avg,low,observed,2,-11.9372341231892,3.65510753862667,-19.1012448988975,-4.77322334748092
exact1,pc_score,pull_request_merged,github_outcomes,FALSE,split_full_avg,low,observed,3,-13.3637009104729,4.31400421826136,-21.8191491782652,-4.90825264268062
exact1,pc_score,pull_request_merged,github_outcomes,FALSE,split_full_avg,low,observed,4,-14.076805071755,4.53935317629304,-22.9739372972893,-5.17967284622061
exact1,pc_score,pull_request_merged,github_outcomes,FALSE,split_full_avg,low,observed,5,-12.0108319520858,3.44024294310551,-18.7537081205726,-5.26795578359899
exact1,pc_score,pull_request_merged,github_outcomes,FALSE,split_full_avg,low,observed,6,-16.4649772976391,5.17916293235954,-26.6161366450639,-6.31381795021444
exact1,pc_score,pull_request_merged,github_outcomes,FALSE,split_full_avg,low,observed,7,-14.5919947099977,4.47524203033528,-23.3634690894548,-5.82052033054052
exact1,pc_score,pull_request_merged,github_outcomes,FALSE,split_full_avg,low,observed,8,-11.9502823654846,3.68372686871694,-19.1703870281698,-4.73017770279937
exact1,pc_score,pull_request_merged,github_outcomes,FALSE,split_full_avg,low,observed,9,-9.78698007420082,4.13447791410213,-17.890556785841,-1.68340336256066
exact1,pc_score,pull_request_merged,github_outcomes,FALSE,split_full_avg,low,observed,10,-4.59678927923606,4.94454243860879,-14.2880924589093,5.09451390043718
exact1,pc_score,pull_request_merged,github_outcomes,FALSE,split_full_avg,low,observed,11,-0.605918819497918,6.33497055501484,-13.022461107327,11.8106234683312
exact1,pc_score,overall_new_release_count,downstream_outcomes,FALSE,split_full_avg,high,observed,-14,3.87103251888556,1.78257536803988,0.377184797527403,7.36488024024372
exact1,pc_score,overall_new_release_count,downstream_outcomes,FALSE,split_full_avg,high,observed,-13,4.53105475641922,1.89946813970995,0.808097202587705,8.25401231025072
exact1,pc_score,overall_new_release_count,downstream_outcomes,FALSE,split_full_avg,high,observed,-12,5.38793235400636,1.66441160797581,2.12568560237378,8.65017910563895
exact1,pc_score,overall_new_release_count,downstream_outcomes,FALSE,split_full_avg,high,observed,-11,5.54040236329464,1.6203446753927,2.36452679952494,8.71627792706434
exact1,pc_score,overall_new_release_count,downstream_outcomes,FALSE,split_full_avg,high,observed,-10,5.54310056327025,1.65036704595109,2.30838115320612,8.77781997333438
exact1,pc_score,overall_new_release_count,downstream_outcomes,FALSE,split_full_avg,high,observed,-9,4.90227742941268,1.60355928174412,1.75930123719421,8.04525362163115
exact1,pc_score,overall_new_release_count,downstream_outcomes,FALSE,split_full_avg,high,observed,-8,5.20913988669629,1.5705630229962,2.13083636162372,8.28744341176885
exact1,pc_score,overall_new_release_count,downstream_outcomes,FALSE,split_full_avg,high,observed,-7,4.89398276825207,1.4583507550998,2.03561528825647,7.75235024824767
exact1,pc_score,overall_new_release_count,downstream_outcomes,FALSE,split_full_avg,high,observed,-6,4.32022581051979,1.40747204137824,1.56158060941845,7.07887101162114
exact1,pc_score,overall_new_release_count,downstream_outcomes,FALSE,split_full_avg,high,observed,-5,2.59503636182644,1.24583021753364,0.153209135460512,5.03686358819238
exact1,pc_score,overall_new_release_count,downstream_outcomes,FALSE,split_full_avg,high,observed,-4,1.41137132157098,1.02269744194738,-0.593115664645893,3.41585830778785
exact1,pc_score,overall_new_release_count,downstream_outcomes,FALSE,split_full_avg,high,observed,-3,0.906726800895624,0.783150692793315,-0.628248556979273,2.44170215877052
exact1,pc_score,overall_new_release_count,downstream_outcomes,FALSE,split_full_avg,high,observed,-2,0.543682166462228,0.534547365956618,-0.504030670812744,1.5913950037372
exact1,pc_score,overall_new_release_count,downstream_outcomes,FALSE,split_full_avg,high,observed,-1,0,0,0,0
exact1,pc_score,overall_new_release_count,downstream_outcomes,FALSE,split_full_avg,high,observed,0,-0.16197045527573,0.41440882490089,-0.974211752081474,0.650270841530014
exact1,pc_score,overall_new_release_count,downstream_outcomes,FALSE,split_full_avg,high,observed,1,-0.9394936213865,0.608517979011042,-2.13218886024814,0.253201617475141
exact1,pc_score,overall_new_release_count,downstream_outcomes,FALSE,split_full_avg,high,observed,2,-0.673371117339019,0.736787558972675,-2.11747473292546,0.770732498247425
exact1,pc_score,overall_new_release_count,downstream_outcomes,FALSE,split_full_avg,high,observed,3,-0.138562698558656,0.849147988965424,-1.80289275693089,1.52576735981357
exact1,pc_score,overall_new_release_count,downstream_outcomes,FALSE,split_full_avg,high,observed,4,0.23299693446883,0.957688622792678,-1.64407276620482,2.11006663514248
exact1,pc_score,overall_new_release_count,downstream_outcomes,FALSE,split_full_avg,high,observed,5,0.402991537814767,1.01117927939076,-1.57891984979113,2.38490292542066
exact1,pc_score,overall_new_release_count,downstream_outcomes,FALSE,split_full_avg,high,observed,6,0.489349710626167,1.21983736965276,-1.90153153389323,2.88023095514557
exact1,pc_score,overall_new_release_count,downstream_outcomes,FALSE,split_full_avg,high,observed,7,0.53967853174359,1.39074846829659,-2.18618846611774,3.26554552960491
exact1,pc_score,overall_new_release_count,downstream_outcomes,FALSE,split_full_avg,high,observed,8,0.781894155764951,1.62563041397983,-2.40434145563551,3.96812976716541
exact1,pc_score,overall_new_release_count,downstream_outcomes,FALSE,split_full_avg,high,observed,9,-0.726956408359627,1.91980321963108,-4.48977071883655,3.0358579021173
exact1,pc_score,overall_new_release_count,downstream_outcomes,FALSE,split_full_avg,high,observed,10,-2.88636770816618,2.31325405587093,-7.42034565767321,1.64761024134085
exact1,pc_score,overall_new_release_count,downstream_outcomes,FALSE,split_full_avg,high,observed,11,-4.2448171668578,2.3106988159453,-8.77378684611059,0.284152512394987
exact1,pc_score,overall_new_release_count,downstream_outcomes,FALSE,split_full_avg,low,observed,-15,-0.972491241545594,1.64220849156611,-4.19121988501516,2.24623740192397
exact1,pc_score,overall_new_release_count,downstream_outcomes,FALSE,split_full_avg,low,observed,-14,-0.752897967407153,1.24978213343422,-3.20247094893822,1.69667501412391
exact1,pc_score,overall_new_release_count,downstream_outcomes,FALSE,split_full_avg,low,observed,-13,-1.53242516778615,1.48409540623864,-4.44125216401389,1.3764018284416
exact1,pc_score,overall_new_release_count,downstream_outcomes,FALSE,split_full_avg,low,observed,-12,-1.97895896150608,1.6428107988965,-5.19886812734321,1.24095020433105
exact1,pc_score,overall_new_release_count,downstream_outcomes,FALSE,split_full_avg,low,observed,-11,-1.70530609506183,1.65498779205939,-4.94908216749824,1.53846997737458
exact1,pc_score,overall_new_release_count,downstream_outcomes,FALSE,split_full_avg,low,observed,-10,-1.70281269157254,1.79931627806069,-5.2294725965715,1.82384721342642
exact1,pc_score,overall_new_release_count,downstream_outcomes,FALSE,split_full_avg,low,observed,-9,-1.82372968635347,1.84758308485603,-5.44499253267129,1.79753315996435
exact1,pc_score,overall_new_release_count,downstream_outcomes,FALSE,split_full_avg,low,observed,-8,-1.44951877180135,1.89446738513685,-5.16267484666957,2.26363730306688
exact1,pc_score,overall_new_release_count,downstream_outcomes,FALSE,split_full_avg,low,observed,-7,-2.46450258804992,1.83856118160194,-6.06808250398971,1.13907732788988
exact1,pc_score,overall_new_release_count,downstream_outcomes,FALSE,split_full_avg,low,observed,-6,-2.4979419647638,1.77030994533985,-5.96774945762991,0.9718655281023
exact1,pc_score,overall_new_release_count,downstream_outcomes,FALSE,split_full_avg,low,observed,-5,-3.2245085536155,2.28594297674001,-7.70495678802593,1.25593968079492
exact1,pc_score,overall_new_release_count,downstream_outcomes,FALSE,split_full_avg,low,observed,-4,-2.32884663551623,2.40188223961495,-7.03653582516153,2.37884255412908
exact1,pc_score,overall_new_release_count,downstream_outcomes,FALSE,split_full_avg,low,observed,-3,-2.43831121439099,1.91207163812334,-6.18597162511273,1.30934919633076
exact1,pc_score,overall_new_release_count,downstream_outcomes,FALSE,split_full_avg,low,observed,-2,-1.70416759737812,1.30513930997543,-4.26224064492996,0.853905450173718
exact1,pc_score,overall_new_release_count,downstream_outcomes,FALSE,split_full_avg,low,observed,-1,0,0,0,0
exact1,pc_score,overall_new_release_count,downstream_outcomes,FALSE,split_full_avg,low,observed,0,-0.870500317560247,0.642400206255858,-2.12960472182173,0.388604086701234
exact1,pc_score,overall_new_release_count,downstream_outcomes,FALSE,split_full_avg,low,observed,1,-1.0896978952793,0.697234966122874,-2.45627842888013,0.27688263832153
exact1,pc_score,overall_new_release_count,downstream_outcomes,FALSE,split_full_avg,low,observed,2,-2.35772580946904,1.11173515516047,-4.53672671358356,-0.178724905354518
exact1,pc_score,overall_new_release_count,downstream_outcomes,FALSE,split_full_avg,low,observed,3,-3.86115046700331,2.20756536320251,-8.18797857888023,0.465677644873616
exact1,pc_score,overall_new_release_count,downstream_outcomes,FALSE,split_full_avg,low,observed,4,-4.3831845843463,2.30213894399683,-8.89537691458009,0.129007745887492
exact1,pc_score,overall_new_release_count,downstream_outcomes,FALSE,split_full_avg,low,observed,5,-5.02837714056239,2.29719158879659,-9.53087265460371,-0.525881626521072
exact1,pc_score,overall_new_release_count,downstream_outcomes,FALSE,split_full_avg,low,observed,6,-5.30207243802247,2.97610704242703,-11.1352422411794,0.53109736513451
exact1,pc_score,overall_new_release_count,downstream_outcomes,FALSE,split_full_avg,low,observed,7,-5.48456088190889,3.50250196831433,-12.349464739805,1.38034297598719
exact1,pc_score,overall_new_release_count,downstream_outcomes,FALSE,split_full_avg,low,observed,8,-2.36503393830969,1.48315541161216,-5.27201854506953,0.541950668450156
exact1,pc_score,overall_new_release_count,downstream_outcomes,FALSE,split_full_avg,low,observed,9,-2.57416096750529,1.60167193369381,-5.71343795754517,0.565116022534578
exact1,pc_score,overall_new_release_count,downstream_outcomes,FALSE,split_full_avg,low,observed,10,-4.01560958715263,3.08814646267798,-10.0683766540015,2.03715747969621
exact1,pc_score,overall_new_release_count,downstream_outcomes,FALSE,split_full_avg,low,observed,11,1.94172476106521,0.883854512365655,0.209369916828521,3.67407960530189
exact1,pc_score,pull_request_opened,github_outcomes,FALSE,split_period1,high,observed,-15,12.8114087326153,8.36662868576767,-3.58718349148938,29.2100009567199
exact1,pc_score,pull_request_opened,github_outcomes,FALSE,split_period1,high,observed,-14,8.98992311238332,6.13154477510913,-3.02790464683056,21.0077508715972
exact1,pc_score,pull_request_opened,github_outcomes,FALSE,split_period1,high,observed,-13,12.2112964982951,5.01582793063432,2.38027375425187,22.0423192423384
exact1,pc_score,pull_request_opened,github_outcomes,FALSE,split_period1,high,observed,-12,14.3846220417403,9.34826612435275,-3.93797956199113,32.7072236454717
exact1,pc_score,pull_request_opened,github_outcomes,FALSE,split_period1,high,observed,-11,18.9098145628908,11.3459921405948,-3.32833003267497,41.1479591584566
exact1,pc_score,pull_request_opened,github_outcomes,FALSE,split_period1,high,observed,-10,18.7019002156026,14.031245118244,-8.79934021615557,46.2031406473607
exact1,pc_score,pull_request_opened,github_outcomes,FALSE,split_period1,high,observed,-9,16.2301950286237,14.7771246281731,-12.7329692425956,45.1933592998429
exact1,pc_score,pull_request_opened,github_outcomes,FALSE,split_period1,high,observed,-8,15.5547479637668,12.8751746778111,-9.68059440474286,40.7900903322766
exact1,pc_score,pull_request_opened,github_outcomes,FALSE,split_period1,high,observed,-7,9.92169421188691,8.99950648305021,-7.71733849489149,27.5607269186653
exact1,pc_score,pull_request_opened,github_outcomes,FALSE,split_period1,high,observed,-6,8.47826660816242,9.15641800706243,-9.46831268567994,26.4248459020048
exact1,pc_score,pull_request_opened,github_outcomes,FALSE,split_period1,high,observed,-5,6.51824375170627,7.8019601332335,-8.77359810943139,21.8100856128439
exact1,pc_score,pull_request_opened,github_outcomes,FALSE,split_period1,high,observed,-4,2.62054893761869,5.4221953682479,-8.0069539841472,13.2480518593846
exact1,pc_score,pull_request_opened,github_outcomes,FALSE,split_period1,high,observed,-3,2.91993572387013,3.83564049997224,-4.59791965607547,10.4377911038157
exact1,pc_score,pull_request_opened,github_outcomes,FALSE,split_period1,high,observed,-2,2.1139114036426,2.08856891935737,-1.97968367829784,6.20750648558305
exact1,pc_score,pull_request_opened,github_outcomes,FALSE,split_period1,high,observed,-1,0,0,0,0
exact1,pc_score,pull_request_opened,github_outcomes,FALSE,split_period1,high,observed,0,0.0832447436572547,1.772326537733,-3.39051527029942,3.55700475761393
exact1,pc_score,pull_request_opened,github_outcomes,FALSE,split_period1,high,observed,1,-1.69557716595408,2.91607608606872,-7.41108629464878,4.01993196274062
exact1,pc_score,pull_request_opened,github_outcomes,FALSE,split_period1,high,observed,2,-5.41198725439193,4.76533818229051,-14.7520500916813,3.92807558289747
exact1,pc_score,pull_request_opened,github_outcomes,FALSE,split_period1,high,observed,3,-6.455354434215,5.31785230107319,-16.8783449443184,3.96763607588845
exact1,pc_score,pull_request_opened,github_outcomes,FALSE,split_period1,high,observed,4,-8.13737212173551,5.93111633563646,-19.762360139583,3.48761589611194
exact1,pc_score,pull_request_opened,github_outcomes,FALSE,split_period1,high,observed,5,-7.11477140113279,4.91065716283948,-16.7396594402982,2.51011663803259
exact1,pc_score,pull_request_opened,github_outcomes,FALSE,split_period1,high,observed,6,-7.29468317593792,6.41467946164104,-19.8674549207544,5.27808856887852
exact1,pc_score,pull_request_opened,github_outcomes,FALSE,split_period1,high,observed,7,-2.37916940730765,5.455621927714,-13.0721883856271,8.31384957101178
exact1,pc_score,pull_request_opened,github_outcomes,FALSE,split_period1,high,observed,8,1.68671338235622,5.72286371690172,-9.53009950277114,12.9035262674836
exact1,pc_score,pull_request_opened,github_outcomes,FALSE,split_period1,high,observed,9,-9.6249409886893,7.01936841691505,-23.3829030858428,4.1330211084642
exact1,pc_score,pull_request_opened,github_outcomes,FALSE,split_period1,high,observed,10,-20.5190562215873,13.6216024462529,-47.2173970162429,6.17928457306832
exact1,pc_score,pull_request_opened,github_outcomes,FALSE,split_period1,high,observed,11,-2.85393994251768,5.79711540414677,-14.2162861346454,8.50840624960999
exact1,pc_score,pull_request_opened,github_outcomes,FALSE,split_period1,low,observed,-15,11.5696916144912,10.7830075673387,-9.56500321749274,32.7043864464752
exact1,pc_score,pull_request_opened,github_outcomes,FALSE,split_period1,low,observed,-14,6.91356298682365,7.84574457216322,-8.46409637461627,22.2912223482636
exact1,pc_score,pull_request_opened,github_outcomes,FALSE,split_period1,low,observed,-13,12.9918161611329,7.68466627719538,-2.07012974217006,28.0537620644358
exact1,pc_score,pull_request_opened,github_outcomes,FALSE,split_period1,low,observed,-12,8.6245597737977,10.1486874091736,-11.2668675481826,28.515987095778
exact1,pc_score,pull_request_opened,github_outcomes,FALSE,split_period1,low,observed,-11,23.4451127969822,17.1135632485196,-10.0974711701161,56.9876967640805
exact1,pc_score,pull_request_opened,github_outcomes,FALSE,split_period1,low,observed,-10,21.5683522599146,18.0603620871833,-13.8299574309647,56.9666619507939
exact1,pc_score,pull_request_opened,github_outcomes,FALSE,split_period1,low,observed,-9,25.630483712513,17.5542153526131,-8.7757783786087,60.0367458036347
exact1,pc_score,pull_request_opened,github_outcomes,FALSE,split_period1,low,observed,-8,26.4942099248746,20.5426303520684,-13.7693455651795,66.7577654149287
exact1,pc_score,pull_request_opened,github_outcomes,FALSE,split_period1,low,observed,-7,36.7568430854461,26.1727911921867,-14.5418276512398,88.055513822132
exact1,pc_score,pull_request_opened,github_outcomes,FALSE,split_period1,low,observed,-6,32.3121472256024,22.7459794931291,-12.2699725809305,76.8942670321354
exact1,pc_score,pull_request_opened,github_outcomes,FALSE,split_period1,low,observed,-5,22.7094499092802,15.883521945,-8.42225310291984,53.8411529214802
exact1,pc_score,pull_request_opened,github_outcomes,FALSE,split_period1,low,observed,-4,15.4126575032167,9.92873630184345,-4.04766564839645,34.8729806548299
exact1,pc_score,pull_request_opened,github_outcomes,FALSE,split_period1,low,observed,-3,8.85796444334695,5.29812468809208,-1.52635994531352,19.2422888320074
exact1,pc_score,pull_request_opened,github_outcomes,FALSE,split_period1,low,observed,-2,5.93716101874007,3.38348446149354,-0.694468525787266,12.5687905632674
exact1,pc_score,pull_request_opened,github_outcomes,FALSE,split_period1,low,observed,-1,0,0,0,0
exact1,pc_score,pull_request_opened,github_outcomes,FALSE,split_period1,low,observed,0,-5.21834318399855,2.94658253448305,-10.9936449515853,0.556958583588233
exact1,pc_score,pull_request_opened,github_outcomes,FALSE,split_period1,low,observed,1,-7.17821906669853,4.85233459171082,-16.6887948664517,2.33235673305467
exact1,pc_score,pull_request_opened,github_outcomes,FALSE,split_period1,low,observed,2,-5.97556125938942,5.75643746017106,-17.2581786813247,5.30705616254585
exact1,pc_score,pull_request_opened,github_outcomes,FALSE,split_period1,low,observed,3,-10.0363586015821,6.69987241554656,-23.1681085360534,3.09539133288915
exact1,pc_score,pull_request_opened,github_outcomes,FALSE,split_period1,low,observed,4,-12.6253287012499,8.23298560396977,-28.7619804850307,3.51132308253084
exact1,pc_score,pull_request_opened,github_outcomes,FALSE,split_period1,low,observed,5,-12.567720727828,8.72503663538148,-29.6687925331757,4.53335107751974
exact1,pc_score,pull_request_opened,github_outcomes,FALSE,split_period1,low,observed,6,-15.9191589404135,10.947244073242,-37.3757573239678,5.53743944314079
exact1,pc_score,pull_request_opened,github_outcomes,FALSE,split_period1,low,observed,7,-15.1400842445881,11.4194698844611,-37.522245218132,7.24207672895569
exact1,pc_score,pull_request_opened,github_outcomes,FALSE,split_period1,low,observed,8,-15.6644242043933,11.4893907356597,-38.1836300462863,6.8547816374996
exact1,pc_score,pull_request_opened,github_outcomes,FALSE,split_period1,low,observed,9,-12.6725255739896,10.7327862728377,-33.7087866687514,8.36373552077232
exact1,pc_score,pull_request_opened,github_outcomes,FALSE,split_period1,low,observed,10,-12.7019860269909,12.157149201834,-36.5299984625855,11.1260264086036
exact1,pc_score,pull_request_opened,github_outcomes,FALSE,split_period1,low,observed,11,-14.5110539882999,17.8419038375577,-49.481185509913,20.4590775333131
exact1,pc_score,pull_request_merged,github_outcomes,FALSE,split_period1,high,observed,-15,8.1395027011801,6.06286821001149,-3.74371899044242,20.0227243928026
exact1,pc_score,pull_request_merged,github_outcomes,FALSE,split_period1,high,observed,-14,6.14003804163839,4.2122268410879,-2.11592656689389,14.3960026501707
exact1,pc_score,pull_request_merged,github_outcomes,FALSE,split_period1,high,observed,-13,7.03616873198455,3.5941192577946,-0.00830501329287792,14.080642477262
exact1,pc_score,pull_request_merged,github_outcomes,FALSE,split_period1,high,observed,-12,9.12330786694675,6.64229560622045,-3.89559152124533,22.1422072551388
exact1,pc_score,pull_request_merged,github_outcomes,FALSE,split_period1,high,observed,-11,12.3547564252715,7.93576959318361,-3.1993519773684,27.9088648279113
exact1,pc_score,pull_request_merged,github_outcomes,FALSE,split_period1,high,observed,-10,12.2775784428099,9.5453228463918,-6.43125433611801,30.9864112217378
exact1,pc_score,pull_request_merged,github_outcomes,FALSE,split_period1,high,observed,-9,9.73240110138891,9.92085353951081,-9.71247183605227,29.1772740388301
exact1,pc_score,pull_request_merged,github_outcomes,FALSE,split_period1,high,observed,-8,9.03850254675455,8.73189496711505,-8.07601158879094,26.1530166823
exact1,pc_score,pull_request_merged,github_outcomes,FALSE,split_period1,high,observed,-7,5.39282035668292,6.19931154198032,-6.75783026559851,17.5434709789643
exact1,pc_score,pull_request_merged,github_outcomes,FALSE,split_period1,high,observed,-6,5.52430625843329,6.47269421982474,-7.16217441242319,18.2107869292898
exact1,pc_score,pull_request_merged,github_outcomes,FALSE,split_period1,high,observed,-5,4.18850743724709,5.68631217146901,-6.95666441883217,15.3336792933263
exact1,pc_score,pull_request_merged,github_outcomes,FALSE,split_period1,high,observed,-4,1.57174285405138,3.95025960628139,-6.17076597426015,9.3142516823629
exact1,pc_score,pull_request_merged,github_outcomes,FALSE,split_period1,high,observed,-3,1.68943704667122,2.78244328486031,-3.76415179165499,7.14302588499743
exact1,pc_score,pull_request_merged,github_outcomes,FALSE,split_period1,high,observed,-2,1.53887252537439,1.56296514206425,-1.52453915307154,4.60228420382032
exact1,pc_score,pull_request_merged,github_outcomes,FALSE,split_period1,high,observed,-1,0,0,0,0
exact1,pc_score,pull_request_merged,github_outcomes,FALSE,split_period1,high,observed,0,0.759628190610263,1.42984102294673,-2.04286021436532,3.56211659558585
exact1,pc_score,pull_request_merged,github_outcomes,FALSE,split_period1,high,observed,1,-0.436913285164792,2.02889985368439,-4.4135569983862,3.53973042805661
exact1,pc_score,pull_request_merged,github_outcomes,FALSE,split_period1,high,observed,2,-3.94369350134576,3.40311983812299,-10.6138083840668,2.7264213813753
exact1,pc_score,pull_request_merged,github_outcomes,FALSE,split_period1,high,observed,3,-4.15876064841418,3.83354031599195,-11.6724996677584,3.35497837093005
exact1,pc_score,pull_request_merged,github_outcomes,FALSE,split_period1,high,observed,4,-5.30451891896775,4.21292500032395,-13.5618519196027,2.9528140816672
exact1,pc_score,pull_request_merged,github_outcomes,FALSE,split_period1,high,observed,5,-4.77408983282294,3.65549826293147,-11.9388664281686,2.39068676252275
exact1,pc_score,pull_request_merged,github_outcomes,FALSE,split_period1,high,observed,6,-4.95161804801018,4.65699523385031,-14.0793287063568,4.17609261033642
exact1,pc_score,pull_request_merged,github_outcomes,FALSE,split_period1,high,observed,7,-0.985589615574342,3.73649407332897,-8.30911799929912,6.33793876815044
exact1,pc_score,pull_request_merged,github_outcomes,FALSE,split_period1,high,observed,8,2.84360775780809,4.25168298536887,-5.4896908935149,11.1769064091311
exact1,pc_score,pull_request_merged,github_outcomes,FALSE,split_period1,high,observed,9,-4.86024579197294,5.42256964223765,-15.4884822907587,5.76799070681285
exact1,pc_score,pull_request_merged,github_outcomes,FALSE,split_period1,high,observed,10,-12.9027733004554,9.90676029606976,-32.3200234807521,6.51447687984137
exact1,pc_score,pull_request_merged,github_outcomes,FALSE,split_period1,high,observed,11,-1.53998260278108,5.81532440168797,-12.9380184300895,9.85805322452735
exact1,pc_score,pull_request_merged,github_outcomes,FALSE,split_period1,low,observed,-15,3.63127503419268,6.09926354823975,-8.32328152035724,15.5858315887426
exact1,pc_score,pull_request_merged,github_outcomes,FALSE,split_period1,low,observed,-14,0.942931883767391,5.04795811928326,-8.9510660300278,10.8369297975626
exact1,pc_score,pull_request_merged,github_outcomes,FALSE,split_period1,low,observed,-13,4.32010766037601,5.4540680216666,-6.36986566209053,15.0100809828426
exact1,pc_score,pull_request_merged,github_outcomes,FALSE,split_period1,low,observed,-12,-0.495065130089624,6.95281440725427,-14.122581368308,13.1324511081287
exact1,pc_score,pull_request_merged,github_outcomes,FALSE,split_period1,low,observed,-11,3.03341935760877,7.4679181590712,-11.6037002341708,17.6705389493883
exact1,pc_score,pull_request_merged,github_outcomes,FALSE,split_period1,low,observed,-10,1.76760531920656,5.93991761348134,-9.87463320321686,13.40984384163
exact1,pc_score,pull_request_merged,github_outcomes,FALSE,split_period1,low,observed,-9,2.59938090302126,7.39603977758991,-11.896857061055,17.0956188670975
exact1,pc_score,pull_request_merged,github_outcomes,FALSE,split_period1,low,observed,-8,4.58137203148796,9.37906367588118,-13.8015927732391,22.9643368362151
exact1,pc_score,pull_request_merged,github_outcomes,FALSE,split_period1,low,observed,-7,7.56324843005849,8.67518902159563,-9.44012205226895,24.5666189123859
exact1,pc_score,pull_request_merged,github_outcomes,FALSE,split_period1,low,observed,-6,4.79858372578608,7.59289115311406,-10.0834829343175,19.6806503858896
exact1,pc_score,pull_request_merged,github_outcomes,FALSE,split_period1,low,observed,-5,3.71328087926443,6.34455752446827,-8.72205186869338,16.1486136272222
exact1,pc_score,pull_request_merged,github_outcomes,FALSE,split_period1,low,observed,-4,3.79811358171044,4.07723160731703,-4.19326036863094,11.7894875320518
exact1,pc_score,pull_request_merged,github_outcomes,FALSE,split_period1,low,observed,-3,3.37503692375807,3.13705808161414,-2.77359691620564,9.52367076372178
exact1,pc_score,pull_request_merged,github_outcomes,FALSE,split_period1,low,observed,-2,1.73048192908968,2.01884741003868,-2.22645899458614,5.6874228527655
exact1,pc_score,pull_request_merged,github_outcomes,FALSE,split_period1,low,observed,-1,0,0,0,0
exact1,pc_score,pull_request_merged,github_outcomes,FALSE,split_period1,low,observed,0,-4.62361330790364,1.60070447394136,-7.76099407682871,-1.48623253897857
exact1,pc_score,pull_request_merged,github_outcomes,FALSE,split_period1,low,observed,1,-6.17315365681284,2.3470841648667,-10.7734386199516,-1.57286869367411
exact1,pc_score,pull_request_merged,github_outcomes,FALSE,split_period1,low,observed,2,-5.38458222824128,2.85416862624981,-10.9787527356909,0.209588279208353
exact1,pc_score,pull_request_merged,github_outcomes,FALSE,split_period1,low,observed,3,-5.38956561694558,2.81830330040532,-10.91344008574,0.134308851848837
exact1,pc_score,pull_request_merged,github_outcomes,FALSE,split_period1,low,observed,4,-4.66710714518482,2.7055954000636,-9.97007412930948,0.635859838939839
exact1,pc_score,pull_request_merged,github_outcomes,FALSE,split_period1,low,observed,5,-4.74797093256021,3.01877732906585,-10.6647744975293,1.16883263240885
exact1,pc_score,pull_request_merged,github_outcomes,FALSE,split_period1,low,observed,6,-6.34114155054037,3.94013132780953,-14.063798953047,1.38151585196631
exact1,pc_score,pull_request_merged,github_outcomes,FALSE,split_period1,low,observed,7,-5.56564085993897,3.48276812139191,-12.3918663778671,1.26058465798917
exact1,pc_score,pull_request_merged,github_outcomes,FALSE,split_period1,low,observed,8,-1.40691264580288,2.90067464986593,-7.09223495954009,4.27840966793434
exact1,pc_score,pull_request_merged,github_outcomes,FALSE,split_period1,low,observed,9,-0.0399298372164762,3.60492087815093,-7.10557475839231,7.02571508395935
exact1,pc_score,pull_request_merged,github_outcomes,FALSE,split_period1,low,observed,10,1.08542810356929,5.07887237028155,-8.86916174218254,11.0400179493211
exact1,pc_score,pull_request_merged,github_outcomes,FALSE,split_period1,low,observed,11,4.23190686411256,6.52968779020268,-8.5662812046847,17.0300949329098
exact1,pc_score,overall_new_release_count,downstream_outcomes,FALSE,split_period1,high,observed,-15,3.06392708577386,1.66526777319342,-0.199997749685244,6.32785192123297
exact1,pc_score,overall_new_release_count,downstream_outcomes,FALSE,split_period1,high,observed,-14,4.14227415595756,1.91362008511911,0.391578789124103,7.89296952279102
exact1,pc_score,overall_new_release_count,downstream_outcomes,FALSE,split_period1,high,observed,-13,4.39673966983555,1.85763753943265,0.755770092547569,8.03770924712354
exact1,pc_score,overall_new_release_count,downstream_outcomes,FALSE,split_period1,high,observed,-12,4.13271127555225,1.52467434344133,1.14434956240724,7.12107298869726
exact1,pc_score,overall_new_release_count,downstream_outcomes,FALSE,split_period1,high,observed,-11,4.25057630224605,1.51946237521491,1.27243004682482,7.22872255766727
exact1,pc_score,overall_new_release_count,downstream_outcomes,FALSE,split_period1,high,observed,-10,4.23770077476057,1.42579914069793,1.44313445899263,7.03226709052851
exact1,pc_score,overall_new_release_count,downstream_outcomes,FALSE,split_period1,high,observed,-9,3.44508135736412,1.24662817100415,1.00169014219598,5.88847257253225
exact1,pc_score,overall_new_release_count,downstream_outcomes,FALSE,split_period1,high,observed,-8,3.80683110048708,1.27648345355808,1.30492353151325,6.30873866946092
exact1,pc_score,overall_new_release_count,downstream_outcomes,FALSE,split_period1,high,observed,-7,3.62073648802596,1.22104855500299,1.22748132022011,6.01399165583181
exact1,pc_score,overall_new_release_count,downstream_outcomes,FALSE,split_period1,high,observed,-6,3.31050955277007,1.28201743236611,0.797755385332499,5.82326372020765
exact1,pc_score,overall_new_release_count,downstream_outcomes,FALSE,split_period1,high,observed,-5,1.9335171838923,1.27031046855026,-0.556291334466206,4.4233257022508
exact1,pc_score,overall_new_release_count,downstream_outcomes,FALSE,split_period1,high,observed,-4,0.719998241418398,1.07312549260815,-1.38332772409357,2.82332420693037
exact1,pc_score,overall_new_release_count,downstream_outcomes,FALSE,split_period1,high,observed,-3,0.336060150798823,0.870715577821983,-1.37054238173226,2.04266268332991
exact1,pc_score,overall_new_release_count,downstream_outcomes,FALSE,split_period1,high,observed,-2,-0.112976602387499,0.570774314836852,-1.23169425946773,1.00574105469273
exact1,pc_score,overall_new_release_count,downstream_outcomes,FALSE,split_period1,high,observed,-1,0,0,0,0
exact1,pc_score,overall_new_release_count,downstream_outcomes,FALSE,split_period1,high,observed,0,-0.0528117662359799,0.571111091919723,-1.17218950639864,1.06656597392668
exact1,pc_score,overall_new_release_count,downstream_outcomes,FALSE,split_period1,high,observed,1,-0.636316884330039,0.617094552765632,-1.84582220775068,0.573188439090599
exact1,pc_score,overall_new_release_count,downstream_outcomes,FALSE,split_period1,high,observed,2,-0.609851112957723,0.729595901622123,-2.03985908013708,0.820156854221638
exact1,pc_score,overall_new_release_count,downstream_outcomes,FALSE,split_period1,high,observed,3,-0.510407942305881,0.875108417877432,-2.22562044134565,1.20480455673388
exact1,pc_score,overall_new_release_count,downstream_outcomes,FALSE,split_period1,high,observed,4,-0.81987404122499,0.957701794096372,-2.69696955765388,1.0572214752039
exact1,pc_score,overall_new_release_count,downstream_outcomes,FALSE,split_period1,high,observed,5,-1.01993955056008,0.992744208625114,-2.9657181994653,0.925839098345149
exact1,pc_score,overall_new_release_count,downstream_outcomes,FALSE,split_period1,high,observed,6,-1.02935026904466,1.14167401613121,-3.26703134066184,1.20833080257252
exact1,pc_score,overall_new_release_count,downstream_outcomes,FALSE,split_period1,high,observed,7,-0.814598305287255,1.29742296510005,-3.35754731688336,1.72835070630885
exact1,pc_score,overall_new_release_count,downstream_outcomes,FALSE,split_period1,high,observed,8,-0.713351700875671,1.63971818473406,-3.92719934295442,2.50049594120308
exact1,pc_score,overall_new_release_count,downstream_outcomes,FALSE,split_period1,high,observed,9,-1.79339418151565,1.91588968072416,-5.548537955735,1.9617495927037
exact1,pc_score,overall_new_release_count,downstream_outcomes,FALSE,split_period1,high,observed,10,-4.98732766443572,2.09565920320911,-9.09481970272558,-0.879835626145858
exact1,pc_score,overall_new_release_count,downstream_outcomes,FALSE,split_period1,high,observed,11,-4.77802533885433,1.99679421607857,-8.69174200236833,-0.864308675340339
exact1,pc_score,overall_new_release_count,downstream_outcomes,FALSE,split_period1,low,observed,-15,-0.86387372845446,1.57439776278414,-3.94969334351138,2.22194588660246
exact1,pc_score,overall_new_release_count,downstream_outcomes,FALSE,split_period1,low,observed,-14,-1.2081625057829,1.07195236743824,-3.30918914596185,0.892864134396038
exact1,pc_score,overall_new_release_count,downstream_outcomes,FALSE,split_period1,low,observed,-13,-0.721063950730628,1.35511249545933,-3.37708444183091,1.93495654036965
exact1,pc_score,overall_new_release_count,downstream_outcomes,FALSE,split_period1,low,observed,-12,-2.63060584320095,2.74759366754862,-8.01588943159624,2.75467774519435
exact1,pc_score,overall_new_release_count,downstream_outcomes,FALSE,split_period1,low,observed,-11,-0.873955299137505,1.75237010654226,-4.30860070796033,2.56069010968532
exact1,pc_score,overall_new_release_count,downstream_outcomes,FALSE,split_period1,low,observed,-10,-0.248413490145002,1.36781327110893,-2.92932750151851,2.4325005212285
exact1,pc_score,overall_new_release_count,downstream_outcomes,FALSE,split_period1,low,observed,-9,-0.447064960073717,2.02166983050818,-4.40953782786974,3.51540790772231
exact1,pc_score,overall_new_release_count,downstream_outcomes,FALSE,split_period1,low,observed,-8,-0.375672449482268,2.18159487533785,-4.65159840514445,3.90025350617991
exact1,pc_score,overall_new_release_count,downstream_outcomes,FALSE,split_period1,low,observed,-7,-1.61571079041891,2.03136725666053,-5.59719061347354,2.36576903263572
exact1,pc_score,overall_new_release_count,downstream_outcomes,FALSE,split_period1,low,observed,-6,-1.39640058357654,1.75860075061329,-4.8432580547786,2.05045688762551
exact1,pc_score,overall_new_release_count,downstream_outcomes,FALSE,split_period1,low,observed,-5,-2.38687434405868,2.28121015256615,-6.85804624308834,2.08429755497098
exact1,pc_score,overall_new_release_count,downstream_outcomes,FALSE,split_period1,low,observed,-4,-1.49533422702385,2.44789667543271,-6.29321171087197,3.30254325682426
exact1,pc_score,overall_new_release_count,downstream_outcomes,FALSE,split_period1,low,observed,-3,-1.86136366307162,1.879564764585,-5.54531060165821,1.82258327551498
exact1,pc_score,overall_new_release_count,downstream_outcomes,FALSE,split_period1,low,observed,-2,-0.984344360794226,1.30664233354625,-3.54536333454488,1.57667461295642
exact1,pc_score,overall_new_release_count,downstream_outcomes,FALSE,split_period1,low,observed,-1,0,0,0,0
exact1,pc_score,overall_new_release_count,downstream_outcomes,FALSE,split_period1,low,observed,0,-1.31005803801624,0.525928862173632,-2.34087860787656,-0.279237468155924
exact1,pc_score,overall_new_release_count,downstream_outcomes,FALSE,split_period1,low,observed,1,-1.36488667560245,0.695470720278992,-2.72800928734928,-0.00176406385563044
exact1,pc_score,overall_new_release_count,downstream_outcomes,FALSE,split_period1,low,observed,2,-2.06701292144949,1.14216668444765,-4.30565962296687,0.171633780067898
exact1,pc_score,overall_new_release_count,downstream_outcomes,FALSE,split_period1,low,observed,3,-3.359172389888,2.18941584905975,-7.65042745404511,0.932082674269115
exact1,pc_score,overall_new_release_count,downstream_outcomes,FALSE,split_period1,low,observed,4,-3.39292654271195,2.28490423507686,-7.87133884346258,1.08548575803869
exact1,pc_score,overall_new_release_count,downstream_outcomes,FALSE,split_period1,low,observed,5,-3.67352454935642,2.28599877569855,-8.15408214972557,0.807033051012734
exact1,pc_score,overall_new_release_count,downstream_outcomes,FALSE,split_period1,low,observed,6,-3.79441363755246,2.98930673353951,-9.6534548352899,2.06462756018498
exact1,pc_score,overall_new_release_count,downstream_outcomes,FALSE,split_period1,low,observed,7,-4.16570237503196,3.52775058760409,-11.080093526736,2.74868877667206
exact1,pc_score,overall_new_release_count,downstream_outcomes,FALSE,split_period1,low,observed,8,-0.514078052220064,1.46746239166166,-3.39030433987693,2.3621482354368
exact1,pc_score,overall_new_release_count,downstream_outcomes,FALSE,split_period1,low,observed,9,-0.834409698129987,1.58611114081326,-3.94318753412397,2.274368137864
exact1,pc_score,overall_new_release_count,downstream_outcomes,FALSE,split_period1,low,observed,10,-1.94103360163388,2.52640027196179,-6.89277813467899,3.01071093141122
exact1,pc_score,overall_new_release_count,downstream_outcomes,FALSE,split_period1,low,observed,11,2.470537157576,1.43212631896845,-0.336430427602161,5.27750474275416
exact1,pc_score,pull_request_opened,github_outcomes,FALSE,split_period5,high,observed,-15,7.14102523120678,7.99853015029003,-8.53609386336168,22.8181443257752
exact1,pc_score,pull_request_opened,github_outcomes,FALSE,split_period5,high,observed,-14,3.91488794474388,6.21343180104595,-8.26343838530618,16.0932142747939
exact1,pc_score,pull_request_opened,github_outcomes,FALSE,split_period5,high,observed,-13,10.6770986904442,6.85287410835047,-2.75453456192268,24.1087319428112
exact1,pc_score,pull_request_opened,github_outcomes,FALSE,split_period5,high,observed,-12,8.43256541128868,6.55129591010595,-4.40797457251899,21.2731053950963
exact1,pc_score,pull_request_opened,github_outcomes,FALSE,split_period5,high,observed,-11,20.5075483609004,16.1872479662566,-11.2194576529625,52.2345543747634
exact1,pc_score,pull_request_opened,github_outcomes,FALSE,split_period5,high,observed,-10,20.615611393855,16.5360176458105,-11.7949831919336,53.0262059796437
exact1,pc_score,pull_request_opened,github_outcomes,FALSE,split_period5,high,observed,-9,20.4259204987569,18.456381118881,-15.7485864942498,56.6004274917637
exact1,pc_score,pull_request_opened,github_outcomes,FALSE,split_period5,high,observed,-8,21.6324373332886,22.0169182607108,-21.5207224577046,64.7855971242818
exact1,pc_score,pull_request_opened,github_outcomes,FALSE,split_period5,high,observed,-7,20.7730175511335,22.1005554457113,-22.5440711224606,64.0901062247276
exact1,pc_score,pull_request_opened,github_outcomes,FALSE,split_period5,high,observed,-6,12.9693682501484,15.5088961929702,-17.4280682880732,43.3668047883701
exact1,pc_score,pull_request_opened,github_outcomes,FALSE,split_period5,high,observed,-5,8.7366649150154,13.1049770645253,-16.9490901314542,34.422419961485
exact1,pc_score,pull_request_opened,github_outcomes,FALSE,split_period5,high,observed,-4,4.84975174833629,8.33565415852932,-11.4881304023812,21.1876338990538
exact1,pc_score,pull_request_opened,github_outcomes,FALSE,split_period5,high,observed,-3,1.01207880059255,3.34642196334506,-5.54690824756377,7.57106584874887
exact1,pc_score,pull_request_opened,github_outcomes,FALSE,split_period5,high,observed,-2,3.4201716605281,2.28618146072302,-1.06074400248902,7.90108732354523
exact1,pc_score,pull_request_opened,github_outcomes,FALSE,split_period5,high,observed,-1,0,0,0,0
exact1,pc_score,pull_request_opened,github_outcomes,FALSE,split_period5,high,observed,0,-0.0403171059524918,2.21736369665029,-4.38634995138707,4.30571573948208
exact1,pc_score,pull_request_opened,github_outcomes,FALSE,split_period5,high,observed,1,-0.128036158678309,2.83439782626856,-5.68345589816468,5.42738358080806
exact1,pc_score,pull_request_opened,github_outcomes,FALSE,split_period5,high,observed,2,-0.0933265398034923,3.91195525271089,-7.76075883511684,7.57410575550985
exact1,pc_score,pull_request_opened,github_outcomes,FALSE,split_period5,high,observed,3,-1.52368044179989,6.1513617524862,-13.5803494766728,10.5329885930731
exact1,pc_score,pull_request_opened,github_outcomes,FALSE,split_period5,high,observed,4,-0.464923635992316,7.30359629869358,-14.7799723814317,13.8501251094471
exact1,pc_score,pull_request_opened,github_outcomes,FALSE,split_period5,high,observed,5,0.257626273263544,7.28470090676564,-14.0203875039971,14.5356400505242
exact1,pc_score,pull_request_opened,github_outcomes,FALSE,split_period5,high,observed,6,1.23350982431252,9.23180691952295,-16.8608317379525,19.3278513865775
exact1,pc_score,pull_request_opened,github_outcomes,FALSE,split_period5,high,observed,7,4.65826236296167,9.95458193006751,-14.8527182199707,24.169242945894
exact1,pc_score,pull_request_opened,github_outcomes,FALSE,split_period5,high,observed,8,7.71326345641119,10.9940029345073,-13.8349822952231,29.2615092080455
exact1,pc_score,pull_request_opened,github_outcomes,FALSE,split_period5,high,observed,9,2.96678997743393,11.893069099778,-20.343625458131,26.2772054129989
exact1,pc_score,pull_request_opened,github_outcomes,FALSE,split_period5,high,observed,10,-3.10728565414846,15.0139575219258,-32.5346423971231,26.3200710888261
exact1,pc_score,pull_request_opened,github_outcomes,FALSE,split_period5,high,observed,11,-2.13118663132613,15.1850465433123,-31.8938778562183,27.631504593566
exact1,pc_score,pull_request_opened,github_outcomes,FALSE,split_period5,low,observed,-15,17.4706727000147,11.594548364156,-5.254642093731,40.1959874937603
exact1,pc_score,pull_request_opened,github_outcomes,FALSE,split_period5,low,observed,-14,10.9217003904819,8.02887231468147,-4.81488934629376,26.6582901272576
exact1,pc_score,pull_request_opened,github_outcomes,FALSE,split_period5,low,observed,-13,14.0569462991754,7.29788515287503,-0.246908600459648,28.3608011988105
exact1,pc_score,pull_request_opened,github_outcomes,FALSE,split_period5,low,observed,-12,13.4855124029395,10.7539680345794,-7.59226494483615,34.5632897507151
exact1,pc_score,pull_request_opened,github_outcomes,FALSE,split_period5,low,observed,-11,24.1601091101811,14.5774469123433,-4.41168683801186,52.731905058374
exact1,pc_score,pull_request_opened,github_outcomes,FALSE,split_period5,low,observed,-10,23.8844328318684,16.0811392165517,-7.63460003257286,55.4034656963097
exact1,pc_score,pull_request_opened,github_outcomes,FALSE,split_period5,low,observed,-9,27.3433021277024,16.8460187144665,-5.67489455265196,60.3614988080568
exact1,pc_score,pull_request_opened,github_outcomes,FALSE,split_period5,low,observed,-8,28.7847868892217,17.9224171952851,-6.34315081353702,63.9127245919805
exact1,pc_score,pull_request_opened,github_outcomes,FALSE,split_period5,low,observed,-7,28.3342208119278,15.0024338425391,-1.07054951944878,57.7389911433043
exact1,pc_score,pull_request_opened,github_outcomes,FALSE,split_period5,low,observed,-6,22.4209454148273,11.9427023881168,-0.986751265881672,45.8286420955362
exact1,pc_score,pull_request_opened,github_outcomes,FALSE,split_period5,low,observed,-5,19.0369620681813,9.51090629297002,0.395585733960019,37.6783384024025
exact1,pc_score,pull_request_opened,github_outcomes,FALSE,split_period5,low,observed,-4,14.3262081940336,6.88599193656657,0.829663998363175,27.8227523897041
exact1,pc_score,pull_request_opened,github_outcomes,FALSE,split_period5,low,observed,-3,11.6817706866471,5.17159310810571,1.54544819475986,21.8180931785342
exact1,pc_score,pull_request_opened,github_outcomes,FALSE,split_period5,low,observed,-2,5.32420917036341,2.95229427799871,-0.462287614514062,11.1107059552409
exact1,pc_score,pull_request_opened,github_outcomes,FALSE,split_period5,low,observed,-1,0,0,0,0
exact1,pc_score,pull_request_opened,github_outcomes,FALSE,split_period5,low,observed,0,-5.41189897623302,2.87041813542393,-11.0379185216639,0.214120569197885
exact1,pc_score,pull_request_opened,github_outcomes,FALSE,split_period5,low,observed,1,-9.2089032279245,4.64143259191838,-18.3061111080845,-0.111695347764483
exact1,pc_score,pull_request_opened,github_outcomes,FALSE,split_period5,low,observed,2,-13.396425594619,6.53381265943416,-26.2026984071099,-0.590152782128021
exact1,pc_score,pull_request_opened,github_outcomes,FALSE,split_period5,low,observed,3,-17.8877174948934,7.51806067012076,-32.6231164083301,-3.15231858145673
exact1,pc_score,pull_request_opened,github_outcomes,FALSE,split_period5,low,observed,4,-20.8527061624348,7.74846064654267,-36.0396890296585,-5.6657232952112
exact1,pc_score,pull_request_opened,github_outcomes,FALSE,split_period5,low,observed,5,-19.3037976571265,6.59177703149835,-32.2236806388633,-6.38391467538973
exact1,pc_score,pull_request_opened,github_outcomes,FALSE,split_period5,low,observed,6,-22.2689871079788,8.18978334978455,-38.3209624735565,-6.21701174240105
exact1,pc_score,pull_request_opened,github_outcomes,FALSE,split_period5,low,observed,7,-20.1092177792935,7.45891720924058,-34.728695509405,-5.48974004918194
exact1,pc_score,pull_request_opened,github_outcomes,FALSE,split_period5,low,observed,8,-21.4500583563577,6.27395460482979,-33.7470093818241,-9.15310733089133
exact1,pc_score,pull_request_opened,github_outcomes,FALSE,split_period5,low,observed,9,-21.4912276236296,7.46967681596323,-36.1317941829175,-6.85066106434163
exact1,pc_score,pull_request_opened,github_outcomes,FALSE,split_period5,low,observed,10,-19.8298949924828,9.4663679118907,-38.3839760997886,-1.27581388517701
exact1,pc_score,pull_request_opened,github_outcomes,FALSE,split_period5,low,observed,11,-16.8516426545823,11.0794041993154,-38.5672748852406,4.86398957607598
exact1,pc_score,pull_request_merged,github_outcomes,FALSE,split_period5,high,observed,-15,-0.927961609689111,3.41549440631721,-7.62233064607084,5.76640742669261
exact1,pc_score,pull_request_merged,github_outcomes,FALSE,split_period5,high,observed,-14,-0.598020718203471,3.35452084848435,-7.1728815812328,5.97684014482585
exact1,pc_score,pull_request_merged,github_outcomes,FALSE,split_period5,high,observed,-13,1.93198273304392,3.42650910852074,-4.78397511965674,8.64794058574458
exact1,pc_score,pull_request_merged,github_outcomes,FALSE,split_period5,high,observed,-12,1.04618203359679,3.069973440334,-4.97096590945785,7.06332997665142
exact1,pc_score,pull_request_merged,github_outcomes,FALSE,split_period5,high,observed,-11,1.68307413102291,3.13304715925987,-4.45769830112643,7.82384656317225
exact1,pc_score,pull_request_merged,github_outcomes,FALSE,split_period5,high,observed,-10,1.87703411079302,3.55974561659252,-5.10006729772833,8.85413551931436
exact1,pc_score,pull_request_merged,github_outcomes,FALSE,split_period5,high,observed,-9,-1.87796175311669,4.43098835691677,-10.5626989326736,6.80677542644018
exact1,pc_score,pull_request_merged,github_outcomes,FALSE,split_period5,high,observed,-8,-2.5668441422096,3.65253040385346,-9.72580373376239,4.59211544934318
exact1,pc_score,pull_request_merged,github_outcomes,FALSE,split_period5,high,observed,-7,-3.53323409955604,4.29154025763282,-11.9446530045164,4.87818480540428
exact1,pc_score,pull_request_merged,github_outcomes,FALSE,split_period5,high,observed,-6,-4.10481631839286,4.15679966876062,-12.2521436691637,4.04251103237795
exact1,pc_score,pull_request_merged,github_outcomes,FALSE,split_period5,high,observed,-5,-4.7981973021095,2.81447285352214,-10.3145640950129,0.718169490793905
exact1,pc_score,pull_request_merged,github_outcomes,FALSE,split_period5,high,observed,-4,-3.81936877943529,2.23505101661398,-8.20006877199869,0.561331213128121
exact1,pc_score,pull_request_merged,github_outcomes,FALSE,split_period5,high,observed,-3,-2.13594644704828,1.82534890952386,-5.71363030971505,1.44173741561849
exact1,pc_score,pull_request_merged,github_outcomes,FALSE,split_period5,high,observed,-2,0.418294750134369,0.816999514441379,-1.18302429817073,2.01961379843947
exact1,pc_score,pull_request_merged,github_outcomes,FALSE,split_period5,high,observed,-1,0,0,0,0
exact1,pc_score,pull_request_merged,github_outcomes,FALSE,split_period5,high,observed,0,2.31245080397877,0.894818218112384,0.558607096478499,4.06629451147905
exact1,pc_score,pull_request_merged,github_outcomes,FALSE,split_period5,high,observed,1,2.53638679501439,0.99689057637752,0.582481265314451,4.49029232471433
exact1,pc_score,pull_request_merged,github_outcomes,FALSE,split_period5,high,observed,2,3.26770863409485,1.29285642287315,0.733710045263487,5.80170722292622
exact1,pc_score,pull_request_merged,github_outcomes,FALSE,split_period5,high,observed,3,4.36873706724671,1.44904592887885,1.52860704664417,7.20886708784925
exact1,pc_score,pull_request_merged,github_outcomes,FALSE,split_period5,high,observed,4,6.37849205817229,1.72381382370626,2.99981696370802,9.75716715263656
exact1,pc_score,pull_request_merged,github_outcomes,FALSE,split_period5,high,observed,5,6.7462325300416,1.93038382965258,2.96268022392255,10.5297848361607
exact1,pc_score,pull_request_merged,github_outcomes,FALSE,split_period5,high,observed,6,9.09351508100927,2.22432357112604,4.73384088160223,13.4531892804163
exact1,pc_score,pull_request_merged,github_outcomes,FALSE,split_period5,high,observed,7,11.2148063696175,2.95722725032766,5.41864095897529,17.0109717802597
exact1,pc_score,pull_request_merged,github_outcomes,FALSE,split_period5,high,observed,8,14.3853442133324,3.82371199926773,6.89086869476769,21.8798197318972
exact1,pc_score,pull_request_merged,github_outcomes,FALSE,split_period5,high,observed,9,11.8829986231571,3.13675538302366,5.73495807243069,18.0310391738834
exact1,pc_score,pull_request_merged,github_outcomes,FALSE,split_period5,high,observed,10,8.81002874136185,4.87229874345401,-0.739676795808016,18.3597342785317
exact1,pc_score,pull_request_merged,github_outcomes,FALSE,split_period5,high,observed,11,8.19413626395748,6.09454697000287,-3.75117579724815,20.1394483251631
exact1,pc_score,pull_request_merged,github_outcomes,FALSE,split_period5,low,observed,-15,12.855666933064,8.13363699537575,-3.08626157787245,28.7975954440005
exact1,pc_score,pull_request_merged,github_outcomes,FALSE,split_period5,low,observed,-14,6.55636544168188,5.51387161764457,-4.25082292890148,17.3635538122652
exact1,pc_score,pull_request_merged,github_outcomes,FALSE,split_period5,low,observed,-13,8.37155677190642,5.27089121674338,-1.95939001291059,18.7025035567234
exact1,pc_score,pull_request_merged,github_outcomes,FALSE,split_period5,low,observed,-12,6.93366259119634,7.8007668511663,-8.35584043708961,22.2231656194823
exact1,pc_score,pull_request_merged,github_outcomes,FALSE,split_period5,low,observed,-11,14.7210313837679,10.4157573586599,-5.69385303920552,35.1359158067412
exact1,pc_score,pull_request_merged,github_outcomes,FALSE,split_period5,low,observed,-10,15.6437893890974,11.3061723163628,-6.51630835097368,37.8038871291685
exact1,pc_score,pull_request_merged,github_outcomes,FALSE,split_period5,low,observed,-9,17.0105137767442,11.7759261351953,-6.0703014482385,40.0913290017269
exact1,pc_score,pull_request_merged,github_outcomes,FALSE,split_period5,low,observed,-8,19.3526133411654,12.673976735924,-5.48838106124572,44.1936077435765
exact1,pc_score,pull_request_merged,github_outcomes,FALSE,split_period5,low,observed,-7,19.0658667426958,10.6318433917682,-1.77254630516994,39.9042797905615
exact1,pc_score,pull_request_merged,github_outcomes,FALSE,split_period5,low,observed,-6,14.8017769219527,8.60334578259913,-2.06078081194155,31.664334655847
exact1,pc_score,pull_request_merged,github_outcomes,FALSE,split_period5,low,observed,-5,13.8978110716593,6.99395576239521,0.189657777364717,27.6059643659539
exact1,pc_score,pull_request_merged,github_outcomes,FALSE,split_period5,low,observed,-4,10.5460855634301,5.06894207706462,0.610959092383428,20.4812120344767
exact1,pc_score,pull_request_merged,github_outcomes,FALSE,split_period5,low,observed,-3,7.64477214330286,3.76092209618315,0.273364834783891,15.0161794518218
exact1,pc_score,pull_request_merged,github_outcomes,FALSE,split_period5,low,observed,-2,3.30026202922981,2.15771939762923,-0.92886799012348,7.5293920485831
exact1,pc_score,pull_request_merged,github_outcomes,FALSE,split_period5,low,observed,-1,0,0,0,0
exact1,pc_score,pull_request_merged,github_outcomes,FALSE,split_period5,low,observed,0,-5.60116430494946,1.85778993977186,-9.24243258690229,-1.95989602299662
exact1,pc_score,pull_request_merged,github_outcomes,FALSE,split_period5,low,observed,1,-8.9070517722307,2.72848852327384,-14.2548892778474,-3.55921426661398
exact1,pc_score,pull_request_merged,github_outcomes,FALSE,split_period5,low,observed,2,-12.5804980325194,3.86152996700788,-20.1490967678548,-5.01189929718391
exact1,pc_score,pull_request_merged,github_outcomes,FALSE,split_period5,low,observed,3,-14.4712292743182,4.78688579530415,-23.8535254331144,-5.08893311552211
exact1,pc_score,pull_request_merged,github_outcomes,FALSE,split_period5,low,observed,4,-16.1426476209722,5.00845236840292,-25.9592142630419,-6.32608097890245
exact1,pc_score,pull_request_merged,github_outcomes,FALSE,split_period5,low,observed,5,-15.0578331154252,3.99565109668889,-22.8893092649354,-7.226356965915
exact1,pc_score,pull_request_merged,github_outcomes,FALSE,split_period5,low,observed,6,-17.4272668843814,5.14000490395126,-27.5016764961259,-7.35285727263694
exact1,pc_score,pull_request_merged,github_outcomes,FALSE,split_period5,low,observed,7,-15.5341787494001,4.37347240125703,-24.1061846558639,-6.96217284293631
exact1,pc_score,pull_request_merged,github_outcomes,FALSE,split_period5,low,observed,8,-12.9716126253979,3.51450664512574,-19.8600456498444,-6.08317960095149
exact1,pc_score,pull_request_merged,github_outcomes,FALSE,split_period5,low,observed,9,-12.2641563558616,4.07531497017401,-20.2517736974027,-4.27653901432055
exact1,pc_score,pull_request_merged,github_outcomes,FALSE,split_period5,low,observed,10,-9.08460396974803,5.20473685167471,-19.2858881990305,1.1166802595344
exact1,pc_score,pull_request_merged,github_outcomes,FALSE,split_period5,low,observed,11,-6.84442749802544,6.43276993242419,-19.4526565655769,5.76380156952597
exact1,pc_score,overall_new_release_count,downstream_outcomes,FALSE,split_period5,high,observed,-15,2.90157774416119,1.50102206249253,-0.0404254983241583,5.84358098664655
exact1,pc_score,overall_new_release_count,downstream_outcomes,FALSE,split_period5,high,observed,-14,3.93668877417246,1.72300196913768,0.559604914662608,7.31377263368232
exact1,pc_score,overall_new_release_count,downstream_outcomes,FALSE,split_period5,high,observed,-13,4.43042166881803,1.88507590514623,0.73567289473143,8.12517044290464
exact1,pc_score,overall_new_release_count,downstream_outcomes,FALSE,split_period5,high,observed,-12,5.14400125358906,1.68919798531732,1.83317320236712,8.454829304811
exact1,pc_score,overall_new_release_count,downstream_outcomes,FALSE,split_period5,high,observed,-11,5.18790563432188,1.64466145671242,1.96436917916553,8.41144208947823
exact1,pc_score,overall_new_release_count,downstream_outcomes,FALSE,split_period5,high,observed,-10,5.06816851344077,1.61702071272715,1.89880791649556,8.23752911038598
exact1,pc_score,overall_new_release_count,downstream_outcomes,FALSE,split_period5,high,observed,-9,4.3320739762457,1.53899534998296,1.31564309027909,7.3485048622123
exact1,pc_score,overall_new_release_count,downstream_outcomes,FALSE,split_period5,high,observed,-8,4.7743034720419,1.53362581792462,1.76839686890965,7.78021007517415
exact1,pc_score,overall_new_release_count,downstream_outcomes,FALSE,split_period5,high,observed,-7,4.28442493346977,1.41648430088732,1.50811570373063,7.06073416320891
exact1,pc_score,overall_new_release_count,downstream_outcomes,FALSE,split_period5,high,observed,-6,3.62195442871285,1.38628187836365,0.904841947120086,6.33906691030561
exact1,pc_score,overall_new_release_count,downstream_outcomes,FALSE,split_period5,high,observed,-5,1.93856290528281,1.17880182390262,-0.371888669566325,4.24901448013195
exact1,pc_score,overall_new_release_count,downstream_outcomes,FALSE,split_period5,high,observed,-4,0.726271307032861,0.930255307812391,-1.09702909627942,2.54957171034515
exact1,pc_score,overall_new_release_count,downstream_outcomes,FALSE,split_period5,high,observed,-3,0.703056736613311,0.733772161711278,-0.735136700340794,2.14125017356742
exact1,pc_score,overall_new_release_count,downstream_outcomes,FALSE,split_period5,high,observed,-2,0.494640935373109,0.52751546116562,-0.539289368511507,1.52857123925772
exact1,pc_score,overall_new_release_count,downstream_outcomes,FALSE,split_period5,high,observed,-1,0,0,0,0
exact1,pc_score,overall_new_release_count,downstream_outcomes,FALSE,split_period5,high,observed,0,-0.309381745655859,0.41598361070643,-1.12470962264046,0.505946131328744
exact1,pc_score,overall_new_release_count,downstream_outcomes,FALSE,split_period5,high,observed,1,-0.998950126836062,0.593244692422688,-2.16170972398453,0.163809470312406
exact1,pc_score,overall_new_release_count,downstream_outcomes,FALSE,split_period5,high,observed,2,-0.864648856418624,0.701158323603486,-2.23891917068146,0.509621457844208
exact1,pc_score,overall_new_release_count,downstream_outcomes,FALSE,split_period5,high,observed,3,-0.445940447465227,0.799274215661032,-2.01251791016085,1.1206370152304
exact1,pc_score,overall_new_release_count,downstream_outcomes,FALSE,split_period5,high,observed,4,0.266325130272205,0.934821451243997,-1.56592491416603,2.09857517471044
exact1,pc_score,overall_new_release_count,downstream_outcomes,FALSE,split_period5,high,observed,5,0.40024830026616,0.97075489409813,-1.50243129216618,2.3029278926985
exact1,pc_score,overall_new_release_count,downstream_outcomes,FALSE,split_period5,high,observed,6,0.249238716595419,1.21806296502964,-2.13816469486268,2.63664212805352
exact1,pc_score,overall_new_release_count,downstream_outcomes,FALSE,split_period5,high,observed,7,0.0604854905488414,1.386673454109,-2.6573944795048,2.77836546060248
exact1,pc_score,overall_new_release_count,downstream_outcomes,FALSE,split_period5,high,observed,8,0.504854373412716,1.5979057934322,-2.6270409817144,3.63674972853983
exact1,pc_score,overall_new_release_count,downstream_outcomes,FALSE,split_period5,high,observed,9,-1.07240035012807,1.93439602067632,-4.86381655065366,2.71901585039752
exact1,pc_score,overall_new_release_count,downstream_outcomes,FALSE,split_period5,high,observed,10,-2.45570978424126,2.22232901198212,-6.81147464772622,1.9000550792437
exact1,pc_score,overall_new_release_count,downstream_outcomes,FALSE,split_period5,high,observed,11,-3.71441636761417,2.2181368329241,-8.0619645601454,0.633131824917058
exact1,pc_score,overall_new_release_count,downstream_outcomes,FALSE,split_period5,low,observed,-15,-1.13743647753444,1.75677845277217,-4.5807222449679,2.30584928989902
exact1,pc_score,overall_new_release_count,downstream_outcomes,FALSE,split_period5,low,observed,-14,-0.828745973310132,1.33763287356068,-3.45050640548906,1.79301445886879
exact1,pc_score,overall_new_release_count,downstream_outcomes,FALSE,split_period5,low,observed,-13,-1.51135792499627,1.49205882651336,-4.43579322496245,1.41307737496992
exact1,pc_score,overall_new_release_count,downstream_outcomes,FALSE,split_period5,low,observed,-12,-1.50593729189629,1.47373449426694,-4.39445690065948,1.38258231686691
exact1,pc_score,overall_new_release_count,downstream_outcomes,FALSE,split_period5,low,observed,-11,-1.02265397218991,1.40119603371549,-3.76899819827227,1.72369025389246
exact1,pc_score,overall_new_release_count,downstream_outcomes,FALSE,split_period5,low,observed,-10,-0.950161283266607,1.45192865461878,-3.79594144631941,1.89561887978619
exact1,pc_score,overall_new_release_count,downstream_outcomes,FALSE,split_period5,low,observed,-9,-1.09255836197035,1.54750764275484,-4.12567334176983,1.94055661782912
exact1,pc_score,overall_new_release_count,downstream_outcomes,FALSE,split_period5,low,observed,-8,-0.736473293163584,1.57023329534533,-3.81413055204044,2.34118396571327
exact1,pc_score,overall_new_release_count,downstream_outcomes,FALSE,split_period5,low,observed,-7,-1.59273950489397,1.53922202973433,-4.60961468317325,1.4241356733853
exact1,pc_score,overall_new_release_count,downstream_outcomes,FALSE,split_period5,low,observed,-6,-1.64318777629463,1.56061511184694,-4.70199339551463,1.41561784292537
exact1,pc_score,overall_new_release_count,downstream_outcomes,FALSE,split_period5,low,observed,-5,-2.54120503698645,2.04513767162943,-6.54967487338013,1.46726479940724
exact1,pc_score,overall_new_release_count,downstream_outcomes,FALSE,split_period5,low,observed,-4,-1.8052545353349,2.13486124112936,-5.98958256794843,2.37907349727864
exact1,pc_score,overall_new_release_count,downstream_outcomes,FALSE,split_period5,low,observed,-3,-2.11376499988565,1.69479752918997,-5.43556815709799,1.20803815732669
exact1,pc_score,overall_new_release_count,downstream_outcomes,FALSE,split_period5,low,observed,-2,-1.4944323228683,1.16191658600307,-3.77178883143431,0.782924185697705
exact1,pc_score,overall_new_release_count,downstream_outcomes,FALSE,split_period5,low,observed,-1,0,0,0,0
exact1,pc_score,overall_new_release_count,downstream_outcomes,FALSE,split_period5,low,observed,0,-0.670723216350677,0.574468036166788,-1.79668056723758,0.455234134536227
exact1,pc_score,overall_new_release_count,downstream_outcomes,FALSE,split_period5,low,observed,1,-1.03481930754327,0.638414990334459,-2.28611268859881,0.216474073512267
exact1,pc_score,overall_new_release_count,downstream_outcomes,FALSE,split_period5,low,observed,2,-2.06100325123884,1.01487190046152,-4.05015217614341,-0.0718543263342724
exact1,pc_score,overall_new_release_count,downstream_outcomes,FALSE,split_period5,low,observed,3,-3.29773234583505,1.97936579970658,-7.17728931325996,0.581824621589848
exact1,pc_score,overall_new_release_count,downstream_outcomes,FALSE,split_period5,low,observed,4,-4.02378507158955,2.06303289678409,-8.06732954928637,0.0197594061072568
exact1,pc_score,overall_new_release_count,downstream_outcomes,FALSE,split_period5,low,observed,5,-4.63144342778662,2.07011524216833,-8.68886930243655,-0.574017553136689
exact1,pc_score,overall_new_release_count,downstream_outcomes,FALSE,split_period5,low,observed,6,-4.52665734522473,2.52609492883616,-9.4778034057436,0.424488715294133
exact1,pc_score,overall_new_release_count,downstream_outcomes,FALSE,split_period5,low,observed,7,-4.57680167169991,3.02368494028012,-10.503224154649,1.34962081124913
exact1,pc_score,overall_new_release_count,downstream_outcomes,FALSE,split_period5,low,observed,8,-2.04304214236027,1.38727867559156,-4.76210834651972,0.67602406179918
exact1,pc_score,overall_new_release_count,downstream_outcomes,FALSE,split_period5,low,observed,9,-2.32132436267951,1.49542764657331,-5.2523625499632,0.609713824604185
exact1,pc_score,overall_new_release_count,downstream_outcomes,FALSE,split_period5,low,observed,10,-4.31950531136552,3.09599869297768,-10.3876627496018,1.74865212687074
exact1,pc_score,overall_new_release_count,downstream_outcomes,FALSE,split_period5,low,observed,11,1.51895979870446,0.892655018044837,-0.230644036663422,3.26856363407234
exact1,pc_score_binary,pull_request_opened,github_outcomes,TRUE,split_full_avg,high,observed,-15,-0.71649741545428,0.653622374267534,-1.99759726901865,0.564602438110087
exact1,pc_score_binary,pull_request_opened,github_outcomes,TRUE,split_full_avg,high,observed,-14,-2.15279135910731,0.525348347501946,-3.18247412021112,-1.1231085980035
exact1,pc_score_binary,pull_request_opened,github_outcomes,TRUE,split_full_avg,high,observed,-13,-0.484933497122781,0.479175132813837,-1.4241167574379,0.45424976319234
exact1,pc_score_binary,pull_request_opened,github_outcomes,TRUE,split_full_avg,high,observed,-12,0.125122608855307,0.557778258253572,-0.968122777321695,1.21836799503231
exact1,pc_score_binary,pull_request_opened,github_outcomes,TRUE,split_full_avg,high,observed,-11,0.164229770886256,0.450147386198669,-0.718059106063135,1.04651864783565
exact1,pc_score_binary,pull_request_opened,github_outcomes,TRUE,split_full_avg,high,observed,-10,0.355396866397252,0.498660050801215,-0.621976833173129,1.33277056596763
exact1,pc_score_binary,pull_request_opened,github_outcomes,TRUE,split_full_avg,high,observed,-9,0.39569364923275,0.410223140053235,-0.408343705271591,1.19973100373709
exact1,pc_score_binary,pull_request_opened,github_outcomes,TRUE,split_full_avg,high,observed,-8,0.736953536712337,0.504511367153251,-0.251888742908034,1.72579581633271
exact1,pc_score_binary,pull_request_opened,github_outcomes,TRUE,split_full_avg,high,observed,-7,0.207514137112841,0.281747116749578,-0.344710211716331,0.759738485942013
exact1,pc_score_binary,pull_request_opened,github_outcomes,TRUE,split_full_avg,high,observed,-6,0.357051923986491,0.354586692175657,-0.337937992677797,1.05204184065078
exact1,pc_score_binary,pull_request_opened,github_outcomes,TRUE,split_full_avg,high,observed,-5,0.0992129954780171,0.203916460794258,-0.300463267678728,0.498889258634763
exact1,pc_score_binary,pull_request_opened,github_outcomes,TRUE,split_full_avg,high,observed,-4,0.119541411554482,0.17200696514191,-0.217592240123663,0.456675063232626
exact1,pc_score_binary,pull_request_opened,github_outcomes,TRUE,split_full_avg,high,observed,-3,0.354256462695325,0.176267637463992,0.00877189326589972,0.69974103212475
exact1,pc_score_binary,pull_request_opened,github_outcomes,TRUE,split_full_avg,high,observed,-2,0.460398989622895,0.139390440905618,0.187193725447884,0.733604253797905
exact1,pc_score_binary,pull_request_opened,github_outcomes,TRUE,split_full_avg,high,observed,-1,0,0,0,0
exact1,pc_score_binary,pull_request_opened,github_outcomes,TRUE,split_full_avg,high,observed,0,0.166789362851137,0.17468073927622,-0.175584886130255,0.509163611832529
exact1,pc_score_binary,pull_request_opened,github_outcomes,TRUE,split_full_avg,high,observed,1,0.21745311454866,0.198119776929718,-0.170861648233588,0.605767877330908
exact1,pc_score_binary,pull_request_opened,github_outcomes,TRUE,split_full_avg,high,observed,2,0.173907047561668,0.156235424115919,-0.132314383705534,0.48012847882887
exact1,pc_score_binary,pull_request_opened,github_outcomes,TRUE,split_full_avg,high,observed,3,0.184288350843411,0.177878705117524,-0.164353911186937,0.532930612873759
exact1,pc_score_binary,pull_request_opened,github_outcomes,TRUE,split_full_avg,high,observed,4,0.752737204264813,0.31192421447551,0.141365743892814,1.36410866463681
exact1,pc_score_binary,pull_request_opened,github_outcomes,TRUE,split_full_avg,high,observed,5,0.427187149937242,0.250801122396745,-0.0643830499603779,0.918757349834863
exact1,pc_score_binary,pull_request_opened,github_outcomes,TRUE,split_full_avg,high,observed,6,0.344361856330207,0.218127221582947,-0.0831674979723682,0.771891210632782
exact1,pc_score_binary,pull_request_opened,github_outcomes,TRUE,split_full_avg,high,observed,7,0.259167066533838,0.239065567521602,-0.209401445808501,0.727735578876177
exact1,pc_score_binary,pull_request_opened,github_outcomes,TRUE,split_full_avg,high,observed,8,0.386065891679135,0.289386809716954,-0.181132255366095,0.953264038724365
exact1,pc_score_binary,pull_request_opened,github_outcomes,TRUE,split_full_avg,high,observed,9,0.535688759912244,0.540095402159248,-0.522898228319881,1.59427574814437
exact1,pc_score_binary,pull_request_opened,github_outcomes,TRUE,split_full_avg,high,observed,10,0.25921516624146,0.583128262697508,-0.883716228645656,1.40214656112858
exact1,pc_score_binary,pull_request_opened,github_outcomes,TRUE,split_full_avg,high,observed,11,-0.672372613027269,0.760128268204792,-2.16222401870866,0.817478792654123
exact1,pc_score_binary,pull_request_opened,github_outcomes,TRUE,split_full_avg,low,observed,-15,-1.30641198674749,0.462077125462823,-2.21208315265463,-0.400740820840361
exact1,pc_score_binary,pull_request_opened,github_outcomes,TRUE,split_full_avg,low,observed,-14,0.613607891441508,0.875197926677003,-1.10178004484542,2.32899582772844
exact1,pc_score_binary,pull_request_opened,github_outcomes,TRUE,split_full_avg,low,observed,-13,2.25493393747921,0.720463984954632,0.842824526968128,3.66704334799029
exact1,pc_score_binary,pull_request_opened,github_outcomes,TRUE,split_full_avg,low,observed,-12,-0.2487905137086,0.440426910461118,-1.11202725821239,0.614446230795191
exact1,pc_score_binary,pull_request_opened,github_outcomes,TRUE,split_full_avg,low,observed,-11,1.39387991306732,0.870730219577853,-0.312751317305273,3.10051114343991
exact1,pc_score_binary,pull_request_opened,github_outcomes,TRUE,split_full_avg,low,observed,-10,0.915508277020383,0.603822539563001,-0.267983900523099,2.09900045456387
exact1,pc_score_binary,pull_request_opened,github_outcomes,TRUE,split_full_avg,low,observed,-9,1.42715407524862,0.778115678084769,-0.0979526537975308,2.95226080429477
exact1,pc_score_binary,pull_request_opened,github_outcomes,TRUE,split_full_avg,low,observed,-8,0.330303004842403,0.356687581615812,-0.368804655124588,1.02941066480939
exact1,pc_score_binary,pull_request_opened,github_outcomes,TRUE,split_full_avg,low,observed,-7,1.25279934885434,0.478952504327523,0.314052440372392,2.19154625733628
exact1,pc_score_binary,pull_request_opened,github_outcomes,TRUE,split_full_avg,low,observed,-6,0.948939413690726,0.314928313479983,0.33167991926996,1.56619890811149
exact1,pc_score_binary,pull_request_opened,github_outcomes,TRUE,split_full_avg,low,observed,-5,0.405943041383132,0.207650259280604,-0.00105146680685253,0.812937549573116
exact1,pc_score_binary,pull_request_opened,github_outcomes,TRUE,split_full_avg,low,observed,-4,0.299984810867212,0.200980029227415,-0.0939360464185212,0.693905668152945
exact1,pc_score_binary,pull_request_opened,github_outcomes,TRUE,split_full_avg,low,observed,-3,0.119409061374471,0.196787567911548,-0.266294571732163,0.505112694481104
exact1,pc_score_binary,pull_request_opened,github_outcomes,TRUE,split_full_avg,low,observed,-2,0.183062602536739,0.175342831984273,-0.160609348152436,0.526734553225915
exact1,pc_score_binary,pull_request_opened,github_outcomes,TRUE,split_full_avg,low,observed,-1,0,0,0,0
exact1,pc_score_binary,pull_request_opened,github_outcomes,TRUE,split_full_avg,low,observed,0,-0.186193107539224,0.31887588807482,-0.811189848165871,0.438803633087423
exact1,pc_score_binary,pull_request_opened,github_outcomes,TRUE,split_full_avg,low,observed,1,-0.988929140667726,0.296900346181411,-1.57085381918329,-0.40700446215216
exact1,pc_score_binary,pull_request_opened,github_outcomes,TRUE,split_full_avg,low,observed,2,-1.17863616906765,0.346694770701863,-1.8581579196433,-0.499114418492001
exact1,pc_score_binary,pull_request_opened,github_outcomes,TRUE,split_full_avg,low,observed,3,-1.56629544218978,0.304744140148049,-2.16359395687996,-0.968996927499605
exact1,pc_score_binary,pull_request_opened,github_outcomes,TRUE,split_full_avg,low,observed,4,-1.98083796846924,0.3149777017072,-2.59819426381535,-1.36348167312312
exact1,pc_score_binary,pull_request_opened,github_outcomes,TRUE,split_full_avg,low,observed,5,-1.92452564806003,0.348948620203408,-2.60846494365871,-1.24058635246135
exact1,pc_score_binary,pull_request_opened,github_outcomes,TRUE,split_full_avg,low,observed,6,-1.84293051909104,0.489814357500686,-2.80296665979239,-0.882894378389696
exact1,pc_score_binary,pull_request_opened,github_outcomes,TRUE,split_full_avg,low,observed,7,-2.15280857740711,0.501653794078827,-3.13605001380161,-1.16956714101261
exact1,pc_score_binary,pull_request_opened,github_outcomes,TRUE,split_full_avg,low,observed,8,-2.80702316724516,0.526594933449245,-3.83914923680568,-1.77489709768464
exact1,pc_score_binary,pull_request_opened,github_outcomes,TRUE,split_full_avg,low,observed,9,-2.93515803725132,0.607911358583869,-4.1266643000757,-1.74365177442693
exact1,pc_score_binary,pull_request_opened,github_outcomes,TRUE,split_full_avg,low,observed,10,-2.38815228441104,0.497969131450333,-3.36417178205369,-1.41213278676839
exact1,pc_score_binary,pull_request_opened,github_outcomes,TRUE,split_full_avg,low,observed,11,-2.16030126340171,0.483566546316843,-3.10809169418272,-1.2125108326207
exact1,pc_score_binary,pull_request_merged,github_outcomes,TRUE,split_full_avg,high,observed,-15,-0.379025895131945,0.54475831543027,-1.44675219337527,0.688700403111384
exact1,pc_score_binary,pull_request_merged,github_outcomes,TRUE,split_full_avg,high,observed,-14,-1.19679248043163,0.537696837906382,-2.25067828272813,-0.142906678135118
exact1,pc_score_binary,pull_request_merged,github_outcomes,TRUE,split_full_avg,high,observed,-13,-0.03549463794382,0.732825102502582,-1.47183183884888,1.40084256296124
exact1,pc_score_binary,pull_request_merged,github_outcomes,TRUE,split_full_avg,high,observed,-12,0.800615824758325,0.570093045192624,-0.316766543819217,1.91799819333587
exact1,pc_score_binary,pull_request_merged,github_outcomes,TRUE,split_full_avg,high,observed,-11,0.428463360027517,0.453927219248508,-0.461233989699558,1.31816070975459
exact1,pc_score_binary,pull_request_merged,github_outcomes,TRUE,split_full_avg,high,observed,-10,1.53487926817837,0.713562833007373,0.136296115483915,2.93346242087282
exact1,pc_score_binary,pull_request_merged,github_outcomes,TRUE,split_full_avg,high,observed,-9,0.876312920979037,0.417781604845197,0.0574609754824508,1.69516486647562
exact1,pc_score_binary,pull_request_merged,github_outcomes,TRUE,split_full_avg,high,observed,-8,0.714268775492342,0.384524671875773,-0.0393995813841739,1.46793713236886
exact1,pc_score_binary,pull_request_merged,github_outcomes,TRUE,split_full_avg,high,observed,-7,0.407667878993603,0.296100903678968,-0.172689892217174,0.988025650204381
exact1,pc_score_binary,pull_request_merged,github_outcomes,TRUE,split_full_avg,high,observed,-6,0.544152485599284,0.37665761077283,-0.194096431515463,1.28240140271403
exact1,pc_score_binary,pull_request_merged,github_outcomes,TRUE,split_full_avg,high,observed,-5,0.083196817736417,0.206086943962199,-0.320733592429494,0.487127227902328
exact1,pc_score_binary,pull_request_merged,github_outcomes,TRUE,split_full_avg,high,observed,-4,0.0264426058932405,0.16006752135264,-0.287289735957934,0.340174947744415
exact1,pc_score_binary,pull_request_merged,github_outcomes,TRUE,split_full_avg,high,observed,-3,0.332444206924304,0.174642984996073,-0.00985604366799864,0.674744457516606
exact1,pc_score_binary,pull_request_merged,github_outcomes,TRUE,split_full_avg,high,observed,-2,0.40654633079198,0.15015747643362,0.112237676982085,0.700854984601876
exact1,pc_score_binary,pull_request_merged,github_outcomes,TRUE,split_full_avg,high,observed,-1,0,0,0,0
exact1,pc_score_binary,pull_request_merged,github_outcomes,TRUE,split_full_avg,high,observed,0,0.620276701398233,0.203772123159556,0.220883340005503,1.01967006279096
exact1,pc_score_binary,pull_request_merged,github_outcomes,TRUE,split_full_avg,high,observed,1,0.472958803606415,0.218474851283592,0.0447480950905744,0.901169512122256
exact1,pc_score_binary,pull_request_merged,github_outcomes,TRUE,split_full_avg,high,observed,2,0.659752143100701,0.352125267079849,-0.0304133803758034,1.34991766657721
exact1,pc_score_binary,pull_request_merged,github_outcomes,TRUE,split_full_avg,high,observed,3,0.616724496975492,0.216888817742475,0.19162241420024,1.04182657975074
exact1,pc_score_binary,pull_request_merged,github_outcomes,TRUE,split_full_avg,high,observed,4,1.60986517474655,0.452932224138364,0.722118015435353,2.49761233405774
exact1,pc_score_binary,pull_request_merged,github_outcomes,TRUE,split_full_avg,high,observed,5,0.815277950030523,0.290427764850574,0.246039530923399,1.38451636913765
exact1,pc_score_binary,pull_request_merged,github_outcomes,TRUE,split_full_avg,high,observed,6,0.52536067800013,0.184170627536002,0.164386248029566,0.886335107970695
exact1,pc_score_binary,pull_request_merged,github_outcomes,TRUE,split_full_avg,high,observed,7,0.291449413045189,0.173201975640165,-0.0480264592095349,0.630925285299912
exact1,pc_score_binary,pull_request_merged,github_outcomes,TRUE,split_full_avg,high,observed,8,0.834924558068758,0.282796022685816,0.280644353604559,1.38920476253296
exact1,pc_score_binary,pull_request_merged,github_outcomes,TRUE,split_full_avg,high,observed,9,0.612450700585377,0.431096863186022,-0.232499151259227,1.45740055242998
exact1,pc_score_binary,pull_request_merged,github_outcomes,TRUE,split_full_avg,high,observed,10,0.182005836665922,0.487637087784438,-0.773762855391577,1.13777452872342
exact1,pc_score_binary,pull_request_merged,github_outcomes,TRUE,split_full_avg,high,observed,11,-0.548980680639538,0.72907528346033,-1.97796823622179,0.880006874942709
exact1,pc_score_binary,pull_request_merged,github_outcomes,TRUE,split_full_avg,low,observed,-15,-0.100240758272951,0.637752500380889,-1.35023565901949,1.14975414247359
exact1,pc_score_binary,pull_request_merged,github_outcomes,TRUE,split_full_avg,low,observed,-14,0.295494397252665,0.496906237275465,-0.678441827807246,1.26943062231258
exact1,pc_score_binary,pull_request_merged,github_outcomes,TRUE,split_full_avg,low,observed,-13,1.38346639333528,0.458371687099133,0.485057886620976,2.28187490004958
exact1,pc_score_binary,pull_request_merged,github_outcomes,TRUE,split_full_avg,low,observed,-12,-0.448637047065964,0.398562947193612,-1.22982042356544,0.332546329433516
exact1,pc_score_binary,pull_request_merged,github_outcomes,TRUE,split_full_avg,low,observed,-11,0.354895643632108,0.594512465374854,-0.810348788502607,1.52014007576682
exact1,pc_score_binary,pull_request_merged,github_outcomes,TRUE,split_full_avg,low,observed,-10,0.597525236531868,0.630576873808193,-0.638405436132191,1.83345590919593
exact1,pc_score_binary,pull_request_merged,github_outcomes,TRUE,split_full_avg,low,observed,-9,0.53482506000765,0.480297955491965,-0.406558932756601,1.4762090527719
exact1,pc_score_binary,pull_request_merged,github_outcomes,TRUE,split_full_avg,low,observed,-8,-0.100263746113514,0.335410826895766,-0.757668966829215,0.557141474602187
exact1,pc_score_binary,pull_request_merged,github_outcomes,TRUE,split_full_avg,low,observed,-7,0.836781663310849,0.375156853705573,0.101474230047927,1.57208909657377
exact1,pc_score_binary,pull_request_merged,github_outcomes,TRUE,split_full_avg,low,observed,-6,0.863724972506061,0.37401956561857,0.130646623893664,1.59680332111846
exact1,pc_score_binary,pull_request_merged,github_outcomes,TRUE,split_full_avg,low,observed,-5,0.234765663675632,0.22310652955665,-0.202523134255402,0.672054461606666
exact1,pc_score_binary,pull_request_merged,github_outcomes,TRUE,split_full_avg,low,observed,-4,0.269261054532532,0.228865644962181,-0.179315609593342,0.717837718658407
exact1,pc_score_binary,pull_request_merged,github_outcomes,TRUE,split_full_avg,low,observed,-3,-0.0129759402804038,0.214401690088743,-0.43320325285434,0.407251372293533
exact1,pc_score_binary,pull_request_merged,github_outcomes,TRUE,split_full_avg,low,observed,-2,-0.00764064952381791,0.184822663742187,-0.369893070458504,0.354611771410868
exact1,pc_score_binary,pull_request_merged,github_outcomes,TRUE,split_full_avg,low,observed,-1,0,0,0,0
exact1,pc_score_binary,pull_request_merged,github_outcomes,TRUE,split_full_avg,low,observed,0,-0.618527199923148,0.207407794473514,-1.02504647709124,-0.21200792275506
exact1,pc_score_binary,pull_request_merged,github_outcomes,TRUE,split_full_avg,low,observed,1,-1.45792183983389,0.176003990709918,-1.80288966162533,-1.11295401804245
exact1,pc_score_binary,pull_request_merged,github_outcomes,TRUE,split_full_avg,low,observed,2,-1.87874270936701,0.201104500541081,-2.27290753042753,-1.48457788830649
exact1,pc_score_binary,pull_request_merged,github_outcomes,TRUE,split_full_avg,low,observed,3,-2.05695524027549,0.264166798968944,-2.57472216625462,-1.53918831429636
exact1,pc_score_binary,pull_request_merged,github_outcomes,TRUE,split_full_avg,low,observed,4,-2.40362070878451,0.331827760712548,-3.0540031197811,-1.75323829778791
exact1,pc_score_binary,pull_request_merged,github_outcomes,TRUE,split_full_avg,low,observed,5,-2.44321891750997,0.33812352957623,-3.10594103547939,-1.78049679954056
exact1,pc_score_binary,pull_request_merged,github_outcomes,TRUE,split_full_avg,low,observed,6,-2.67259767591395,0.46292726089118,-3.57993510726066,-1.76526024456723
exact1,pc_score_binary,pull_request_merged,github_outcomes,TRUE,split_full_avg,low,observed,7,-2.80568483641058,0.536949264596957,-3.85810539502061,-1.75326427780054
exact1,pc_score_binary,pull_request_merged,github_outcomes,TRUE,split_full_avg,low,observed,8,-3.02748508345083,0.591165729112144,-4.18616991251063,-1.86880025439103
exact1,pc_score_binary,pull_request_merged,github_outcomes,TRUE,split_full_avg,low,observed,9,-3.00044497144061,0.607667525023428,-4.19147332048653,-1.80941662239469
exact1,pc_score_binary,pull_request_merged,github_outcomes,TRUE,split_full_avg,low,observed,10,-2.73439230883216,0.661478685980452,-4.03089053335385,-1.43789408431048
exact1,pc_score_binary,pull_request_merged,github_outcomes,TRUE,split_full_avg,low,observed,11,-2.84802074724673,0.541892991474947,-3.91013101053763,-1.78591048395584
exact1,pc_score_binary,overall_new_release_count,downstream_outcomes,TRUE,split_full_avg,high,observed,-15,-0.16645203713951,0.239574982383703,-0.636019002611568,0.303114928332549
exact1,pc_score_binary,overall_new_release_count,downstream_outcomes,TRUE,split_full_avg,high,observed,-14,0.0890428143040802,0.214865525314367,-0.33209361531208,0.51017924392024
exact1,pc_score_binary,overall_new_release_count,downstream_outcomes,TRUE,split_full_avg,high,observed,-13,0.150443073809097,0.223328277587079,-0.287280350261578,0.588166497879771
exact1,pc_score_binary,overall_new_release_count,downstream_outcomes,TRUE,split_full_avg,high,observed,-12,0.453242173052736,0.202945438555595,0.0554691134837704,0.851015232621702
exact1,pc_score_binary,overall_new_release_count,downstream_outcomes,TRUE,split_full_avg,high,observed,-11,0.428236740167259,0.183339437861488,0.0688914419587417,0.787582038375776
exact1,pc_score_binary,overall_new_release_count,downstream_outcomes,TRUE,split_full_avg,high,observed,-10,0.286259980281665,0.229405968398866,-0.163375717780112,0.735895678343443
exact1,pc_score_binary,overall_new_release_count,downstream_outcomes,TRUE,split_full_avg,high,observed,-9,0.211904733407135,0.198040499641405,-0.176254645890019,0.600064112704289
exact1,pc_score_binary,overall_new_release_count,downstream_outcomes,TRUE,split_full_avg,high,observed,-8,0.251587461971719,0.171940685688546,-0.0854162819778311,0.588591205921269
exact1,pc_score_binary,overall_new_release_count,downstream_outcomes,TRUE,split_full_avg,high,observed,-7,0.519940736962058,0.258271104068608,0.0137293729875873,1.02615210093653
exact1,pc_score_binary,overall_new_release_count,downstream_outcomes,TRUE,split_full_avg,high,observed,-6,0.370535454507408,0.232791557807204,-0.0857359987947118,0.826806907809528
exact1,pc_score_binary,overall_new_release_count,downstream_outcomes,TRUE,split_full_avg,high,observed,-5,0.11868064589343,0.162054976243066,-0.198947107542979,0.436308399329839
exact1,pc_score_binary,overall_new_release_count,downstream_outcomes,TRUE,split_full_avg,high,observed,-4,-0.0158868978546496,0.163967243653492,-0.337262695415494,0.305488899706195
exact1,pc_score_binary,overall_new_release_count,downstream_outcomes,TRUE,split_full_avg,high,observed,-3,0.233454273320631,0.182543539550223,-0.124331064197806,0.591239610839068
exact1,pc_score_binary,overall_new_release_count,downstream_outcomes,TRUE,split_full_avg,high,observed,-2,0.206770214818984,0.166886699011385,-0.120327715243331,0.533868144881298
exact1,pc_score_binary,overall_new_release_count,downstream_outcomes,TRUE,split_full_avg,high,observed,-1,0,0,0,0
exact1,pc_score_binary,overall_new_release_count,downstream_outcomes,TRUE,split_full_avg,high,observed,0,0.725882620442431,0.321711311102454,0.095328450681621,1.35643679020324
exact1,pc_score_binary,overall_new_release_count,downstream_outcomes,TRUE,split_full_avg,high,observed,1,-0.0425741281930607,0.191257458758885,-0.417438747360475,0.332290490974354
exact1,pc_score_binary,overall_new_release_count,downstream_outcomes,TRUE,split_full_avg,high,observed,2,-0.151382171644649,0.168396412097385,-0.481439139355524,0.178674796066225
exact1,pc_score_binary,overall_new_release_count,downstream_outcomes,TRUE,split_full_avg,high,observed,3,0.178044358268853,0.208045450932899,-0.229724725559628,0.585813442097334
exact1,pc_score_binary,overall_new_release_count,downstream_outcomes,TRUE,split_full_avg,high,observed,4,0.946235516215443,0.563686837068547,-0.158590684438908,2.0510617168698
exact1,pc_score_binary,overall_new_release_count,downstream_outcomes,TRUE,split_full_avg,high,observed,5,0.471672930119095,0.524066183826871,-0.555496790181573,1.49884265041976
exact1,pc_score_binary,overall_new_release_count,downstream_outcomes,TRUE,split_full_avg,high,observed,6,0.0454148507869185,0.229240717426205,-0.403896955368443,0.49472665694228
exact1,pc_score_binary,overall_new_release_count,downstream_outcomes,TRUE,split_full_avg,high,observed,7,0.0678521005279875,0.205508829468872,-0.334945205231002,0.470649406286977
exact1,pc_score_binary,overall_new_release_count,downstream_outcomes,TRUE,split_full_avg,high,observed,8,0.249519277154606,0.24962868622183,-0.23975294784018,0.738791502149392
exact1,pc_score_binary,overall_new_release_count,downstream_outcomes,TRUE,split_full_avg,high,observed,9,-0.0934083932992936,0.397984458770096,-0.873457932488683,0.686641145890095
exact1,pc_score_binary,overall_new_release_count,downstream_outcomes,TRUE,split_full_avg,high,observed,10,0.229751161831677,0.779927680433006,-1.29890709181701,1.75840941548037
exact1,pc_score_binary,overall_new_release_count,downstream_outcomes,TRUE,split_full_avg,high,observed,11,-0.928141609226544,0.758445120660995,-2.41469404572209,0.558410827269007
exact1,pc_score_binary,overall_new_release_count,downstream_outcomes,TRUE,split_full_avg,low,observed,-15,0.224381753954718,0.344894443342784,-0.451611354997138,0.900374862906574
exact1,pc_score_binary,overall_new_release_count,downstream_outcomes,TRUE,split_full_avg,low,observed,-14,0.245884429709103,0.317718311902334,-0.376843461619472,0.868612321037677
exact1,pc_score_binary,overall_new_release_count,downstream_outcomes,TRUE,split_full_avg,low,observed,-13,0.321672579152773,0.28343493318914,-0.233859889897942,0.877205048203487
exact1,pc_score_binary,overall_new_release_count,downstream_outcomes,TRUE,split_full_avg,low,observed,-12,0.234986687091908,0.243504250743807,-0.242281644365953,0.712255018549769
exact1,pc_score_binary,overall_new_release_count,downstream_outcomes,TRUE,split_full_avg,low,observed,-11,0.23317559679351,0.221413651954947,-0.200795161038186,0.667146354625206
exact1,pc_score_binary,overall_new_release_count,downstream_outcomes,TRUE,split_full_avg,low,observed,-10,0.22299767736108,0.20077466098686,-0.170520658173165,0.616516012895325
exact1,pc_score_binary,overall_new_release_count,downstream_outcomes,TRUE,split_full_avg,low,observed,-9,0.18237154936603,0.178224751326096,-0.166948963233118,0.531692061965178
exact1,pc_score_binary,overall_new_release_count,downstream_outcomes,TRUE,split_full_avg,low,observed,-8,0.219201189096875,0.16664799073737,-0.107428872748371,0.54583125094212
exact1,pc_score_binary,overall_new_release_count,downstream_outcomes,TRUE,split_full_avg,low,observed,-7,0.237740767347785,0.286187415943168,-0.323186567900825,0.798668102596394
exact1,pc_score_binary,overall_new_release_count,downstream_outcomes,TRUE,split_full_avg,low,observed,-6,0.251113713726522,0.236866938318149,-0.21314548537705,0.715372912830093
exact1,pc_score_binary,overall_new_release_count,downstream_outcomes,TRUE,split_full_avg,low,observed,-5,-0.202881888544109,0.16140502062932,-0.519235728977576,0.113471951889358
exact1,pc_score_binary,overall_new_release_count,downstream_outcomes,TRUE,split_full_avg,low,observed,-4,-0.277656508511316,0.161445085449618,-0.594088875992567,0.0387758589699347
exact1,pc_score_binary,overall_new_release_count,downstream_outcomes,TRUE,split_full_avg,low,observed,-3,-0.34151045092115,0.162755530967198,-0.660511291616858,-0.0225096102254424
exact1,pc_score_binary,overall_new_release_count,downstream_outcomes,TRUE,split_full_avg,low,observed,-2,-0.211078685603561,0.155087214509508,-0.515049626042197,0.0928922548350747
exact1,pc_score_binary,overall_new_release_count,downstream_outcomes,TRUE,split_full_avg,low,observed,-1,0,0,0,0
exact1,pc_score_binary,overall_new_release_count,downstream_outcomes,TRUE,split_full_avg,low,observed,0,-0.467955347270622,0.164769438888635,-0.790903447492346,-0.145007247048898
exact1,pc_score_binary,overall_new_release_count,downstream_outcomes,TRUE,split_full_avg,low,observed,1,-0.78940886639938,0.179096481222544,-1.14043796959557,-0.438379763203193
exact1,pc_score_binary,overall_new_release_count,downstream_outcomes,TRUE,split_full_avg,low,observed,2,-0.969795311601951,0.155924764012132,-1.27540784906573,-0.664182774138173
exact1,pc_score_binary,overall_new_release_count,downstream_outcomes,TRUE,split_full_avg,low,observed,3,-1.10974919264919,0.185624629457264,-1.47357346638543,-0.745924918912956
exact1,pc_score_binary,overall_new_release_count,downstream_outcomes,TRUE,split_full_avg,low,observed,4,-1.20273309366056,0.196499696202255,-1.58787249821698,-0.817593689104144
exact1,pc_score_binary,overall_new_release_count,downstream_outcomes,TRUE,split_full_avg,low,observed,5,-1.21565358641471,0.214187609242129,-1.63546130052928,-0.795845872300141
exact1,pc_score_binary,overall_new_release_count,downstream_outcomes,TRUE,split_full_avg,low,observed,6,-1.20721131152938,0.243308957079855,-1.6840968674059,-0.730325755652865
exact1,pc_score_binary,overall_new_release_count,downstream_outcomes,TRUE,split_full_avg,low,observed,7,-1.21048467787412,0.276830580476917,-1.75307261560887,-0.667896740139358
exact1,pc_score_binary,overall_new_release_count,downstream_outcomes,TRUE,split_full_avg,low,observed,8,-1.45269001501497,0.304221657393709,-2.04896446350664,-0.856415566523305
exact1,pc_score_binary,overall_new_release_count,downstream_outcomes,TRUE,split_full_avg,low,observed,9,-1.26912699381637,0.35023008813866,-1.95557796656814,-0.582676021064592
exact1,pc_score_binary,overall_new_release_count,downstream_outcomes,TRUE,split_full_avg,low,observed,10,-1.56589169796393,0.381739276967441,-2.31410068082011,-0.817682715107744
exact1,pc_score_binary,overall_new_release_count,downstream_outcomes,TRUE,split_full_avg,low,observed,11,-1.75881503630514,0.542954330020453,-2.82300552314522,-0.694624549465049
exact1,pc_score_binary,pull_request_opened,github_outcomes,TRUE,split_period1,high,observed,-15,-1.85176550102454,0.941882116156199,-3.69785444869069,-0.00567655335839223
exact1,pc_score_binary,pull_request_opened,github_outcomes,TRUE,split_period1,high,observed,-14,-2.14588544102837,0.588540600095121,-3.29942501721481,-0.992345864841937
exact1,pc_score_binary,pull_request_opened,github_outcomes,TRUE,split_period1,high,observed,-13,-0.0527851803836528,0.511216743135026,-1.0547699969283,0.949199636160997
exact1,pc_score_binary,pull_request_opened,github_outcomes,TRUE,split_period1,high,observed,-12,-0.16439921993248,0.559433065192436,-1.26088802770965,0.932089587844693
exact1,pc_score_binary,pull_request_opened,github_outcomes,TRUE,split_period1,high,observed,-11,0.777995795299983,0.633341622729294,-0.463353785249433,2.0193453758494
exact1,pc_score_binary,pull_request_opened,github_outcomes,TRUE,split_period1,high,observed,-10,0.873804233413073,0.594514898990699,-0.291444968608697,2.03905343543484
exact1,pc_score_binary,pull_request_opened,github_outcomes,TRUE,split_period1,high,observed,-9,0.74742859219769,0.588098434146909,-0.405244338730251,1.90010152312563
exact1,pc_score_binary,pull_request_opened,github_outcomes,TRUE,split_period1,high,observed,-8,0.64664959607049,0.552327632507608,-0.43591256364442,1.7292117557854
exact1,pc_score_binary,pull_request_opened,github_outcomes,TRUE,split_period1,high,observed,-7,0.259285239273561,0.30253354941049,-0.333680517570999,0.852250996118121
exact1,pc_score_binary,pull_request_opened,github_outcomes,TRUE,split_period1,high,observed,-6,0.308320786449538,0.34464284746824,-0.367179194588213,0.983820767487289
exact1,pc_score_binary,pull_request_opened,github_outcomes,TRUE,split_period1,high,observed,-5,0.0574580522117804,0.207689300546393,-0.34961297685915,0.464529081282711
exact1,pc_score_binary,pull_request_opened,github_outcomes,TRUE,split_period1,high,observed,-4,0.090959847497666,0.172649015808583,-0.247432223487156,0.429351918482488
exact1,pc_score_binary,pull_request_opened,github_outcomes,TRUE,split_period1,high,observed,-3,0.226771084158717,0.164480346896861,-0.0956103957591319,0.549152564076565
exact1,pc_score_binary,pull_request_opened,github_outcomes,TRUE,split_period1,high,observed,-2,0.424738798225766,0.141081393742449,0.148219266490567,0.701258329960966
exact1,pc_score_binary,pull_request_opened,github_outcomes,TRUE,split_period1,high,observed,-1,0,0,0,0
exact1,pc_score_binary,pull_request_opened,github_outcomes,TRUE,split_period1,high,observed,0,0.269165816037099,0.237806145844829,-0.196934229818765,0.735265861892963
exact1,pc_score_binary,pull_request_opened,github_outcomes,TRUE,split_period1,high,observed,1,0.0282814742926475,0.196969021315988,-0.357777807486688,0.414340756071983
exact1,pc_score_binary,pull_request_opened,github_outcomes,TRUE,split_period1,high,observed,2,-0.16677114320783,0.167645856011777,-0.495357020990914,0.161814734575253
exact1,pc_score_binary,pull_request_opened,github_outcomes,TRUE,split_period1,high,observed,3,-0.262602396114085,0.198713428884212,-0.65208071672714,0.12687592449897
exact1,pc_score_binary,pull_request_opened,github_outcomes,TRUE,split_period1,high,observed,4,-0.114088048124501,0.310103500626016,-0.721890909351493,0.493714813102491
exact1,pc_score_binary,pull_request_opened,github_outcomes,TRUE,split_period1,high,observed,5,-0.245953921061616,0.261885697972962,-0.759249889088621,0.267342046965389
exact1,pc_score_binary,pull_request_opened,github_outcomes,TRUE,split_period1,high,observed,6,-0.2362924710678,0.248222140475642,-0.722807866400057,0.250222924264458
exact1,pc_score_binary,pull_request_opened,github_outcomes,TRUE,split_period1,high,observed,7,-0.257505652878458,0.302508172213131,-0.850421670416195,0.335410364659279
exact1,pc_score_binary,pull_request_opened,github_outcomes,TRUE,split_period1,high,observed,8,-0.195987784107727,0.355966548819807,-0.893682219794549,0.501706651579095
exact1,pc_score_binary,pull_request_opened,github_outcomes,TRUE,split_period1,high,observed,9,-0.223769429384091,0.482185106031726,-1.16885223720627,0.721313378438092
exact1,pc_score_binary,pull_request_opened,github_outcomes,TRUE,split_period1,high,observed,10,-0.305082295799826,0.456181642948004,-1.19919831597791,0.589033724378263
exact1,pc_score_binary,pull_request_opened,github_outcomes,TRUE,split_period1,high,observed,11,-0.945524308271006,0.63124183247385,-2.18275829991975,0.29170968337774
exact1,pc_score_binary,pull_request_opened,github_outcomes,TRUE,split_period1,low,observed,-14,0.778947913282023,0.976596285913181,-1.13518080710781,2.69307663367186
exact1,pc_score_binary,pull_request_opened,github_outcomes,TRUE,split_period1,low,observed,-13,2.03270865892336,0.777221116246921,0.509355271079397,3.55606204676733
exact1,pc_score_binary,pull_request_opened,github_outcomes,TRUE,split_period1,low,observed,-12,0.168024895241219,0.363131226563825,-0.543712308823879,0.879762099306317
exact1,pc_score_binary,pull_request_opened,github_outcomes,TRUE,split_period1,low,observed,-11,0.779224068296306,0.732975622214686,-0.657408151244478,2.21585628783709
exact1,pc_score_binary,pull_request_opened,github_outcomes,TRUE,split_period1,low,observed,-10,0.358847761613204,0.448656456781593,-0.520518893678718,1.23821441690513
exact1,pc_score_binary,pull_request_opened,github_outcomes,TRUE,split_period1,low,observed,-9,0.891777589578932,0.678299540445447,-0.437689509694145,2.22124468885201
exact1,pc_score_binary,pull_request_opened,github_outcomes,TRUE,split_period1,low,observed,-8,0.317501628401741,0.334074463129416,-0.337284319331914,0.972287576135395
exact1,pc_score_binary,pull_request_opened,github_outcomes,TRUE,split_period1,low,observed,-7,1.1029744736305,0.450432439322646,0.220126892558118,1.98582205470289
exact1,pc_score_binary,pull_request_opened,github_outcomes,TRUE,split_period1,low,observed,-6,0.954346804595027,0.314342974749365,0.338234574086271,1.57045903510378
exact1,pc_score_binary,pull_request_opened,github_outcomes,TRUE,split_period1,low,observed,-5,0.422233095444198,0.209477320212748,0.0116575478272112,0.832808643061185
exact1,pc_score_binary,pull_request_opened,github_outcomes,TRUE,split_period1,low,observed,-4,0.295833820042253,0.204379044240603,-0.104749106669329,0.696416746753834
exact1,pc_score_binary,pull_request_opened,github_outcomes,TRUE,split_period1,low,observed,-3,0.195779953652591,0.204485524463671,-0.205011674296204,0.596571581601386
exact1,pc_score_binary,pull_request_opened,github_outcomes,TRUE,split_period1,low,observed,-2,0.163358358976556,0.179441773367388,-0.188347516823525,0.515064234776636
exact1,pc_score_binary,pull_request_opened,github_outcomes,TRUE,split_period1,low,observed,-1,0,0,0,0
exact1,pc_score_binary,pull_request_opened,github_outcomes,TRUE,split_period1,low,observed,0,-0.278138276621342,0.297789724415898,-0.861806136476502,0.305529583233818
exact1,pc_score_binary,pull_request_opened,github_outcomes,TRUE,split_period1,low,observed,1,-0.82445619378565,0.31284487220705,-1.43763214331147,-0.211280244259833
exact1,pc_score_binary,pull_request_opened,github_outcomes,TRUE,split_period1,low,observed,2,-0.846337942372841,0.367879605979176,-1.56738197009203,-0.125293914653657
exact1,pc_score_binary,pull_request_opened,github_outcomes,TRUE,split_period1,low,observed,3,-1.12718810540539,0.312773607772215,-1.74022437663893,-0.514151834171849
exact1,pc_score_binary,pull_request_opened,github_outcomes,TRUE,split_period1,low,observed,4,-1.1786981245717,0.326230451344797,-1.8181098092075,-0.539286439935892
exact1,pc_score_binary,pull_request_opened,github_outcomes,TRUE,split_period1,low,observed,5,-1.27130642176242,0.325845014271485,-1.90996264973453,-0.632650193790312
exact1,pc_score_binary,pull_request_opened,github_outcomes,TRUE,split_period1,low,observed,6,-1.21985152009698,0.439707355182985,-2.08167793625563,-0.358025103938328
exact1,pc_score_binary,pull_request_opened,github_outcomes,TRUE,split_period1,low,observed,7,-1.61883970694164,0.509447048167774,-2.61735592135048,-0.620323492532804
exact1,pc_score_binary,pull_request_opened,github_outcomes,TRUE,split_period1,low,observed,8,-2.29073458446177,0.51228125628603,-3.29480584678239,-1.28666332214115
exact1,pc_score_binary,pull_request_opened,github_outcomes,TRUE,split_period1,low,observed,9,-2.43911202232775,0.722873450204434,-3.85594398472844,-1.02228005992706
exact1,pc_score_binary,pull_request_opened,github_outcomes,TRUE,split_period1,low,observed,10,-2.2545267067164,0.52829429565574,-3.28998352620165,-1.21906988723115
exact1,pc_score_binary,pull_request_opened,github_outcomes,TRUE,split_period1,low,observed,11,-1.94477553990246,0.441824045360695,-2.81075066880942,-1.0788004109955
exact1,pc_score_binary,pull_request_merged,github_outcomes,TRUE,split_period1,high,observed,-15,-0.717219374040011,0.542590670480671,-1.78069708818213,0.346258340102104
exact1,pc_score_binary,pull_request_merged,github_outcomes,TRUE,split_period1,high,observed,-14,-0.91887821575704,0.495778767187919,-1.89060459944536,0.0528481679312814
exact1,pc_score_binary,pull_request_merged,github_outcomes,TRUE,split_period1,high,observed,-13,0.43011496505741,0.706665681792231,-0.954949771255363,1.81517970137018
exact1,pc_score_binary,pull_request_merged,github_outcomes,TRUE,split_period1,high,observed,-12,0.811104241209801,0.540020377579778,-0.247335698846564,1.86954418126617
exact1,pc_score_binary,pull_request_merged,github_outcomes,TRUE,split_period1,high,observed,-11,0.874926982413304,0.559940257709155,-0.22255592269664,1.97240988752325
exact1,pc_score_binary,pull_request_merged,github_outcomes,TRUE,split_period1,high,observed,-10,1.96602337393174,0.850450767995987,0.299139868659609,3.63290687920388
exact1,pc_score_binary,pull_request_merged,github_outcomes,TRUE,split_period1,high,observed,-9,0.777026875987209,0.468832748797883,-0.141885311656642,1.69593906363106
exact1,pc_score_binary,pull_request_merged,github_outcomes,TRUE,split_period1,high,observed,-8,0.303336276922272,0.365442607514021,-0.412931233805208,1.01960378764975
exact1,pc_score_binary,pull_request_merged,github_outcomes,TRUE,split_period1,high,observed,-7,0.46549700614203,0.307747934269478,-0.137688945026147,1.06868295731021
exact1,pc_score_binary,pull_request_merged,github_outcomes,TRUE,split_period1,high,observed,-6,0.457511693443852,0.354810617002601,-0.237917115881245,1.15294050276895
exact1,pc_score_binary,pull_request_merged,github_outcomes,TRUE,split_period1,high,observed,-5,0.0933709136495725,0.205398713158088,-0.309210564140279,0.495952391439424
exact1,pc_score_binary,pull_request_merged,github_outcomes,TRUE,split_period1,high,observed,-4,0.143907984668985,0.167589822587404,-0.184568067602327,0.472384036940297
exact1,pc_score_binary,pull_request_merged,github_outcomes,TRUE,split_period1,high,observed,-3,0.379714533347143,0.163348741538786,0.0595509999311223,0.699878066763163
exact1,pc_score_binary,pull_request_merged,github_outcomes,TRUE,split_period1,high,observed,-2,0.435625473410957,0.140227844860104,0.160778897485152,0.710472049336761
exact1,pc_score_binary,pull_request_merged,github_outcomes,TRUE,split_period1,high,observed,-1,0,0,0,0
exact1,pc_score_binary,pull_request_merged,github_outcomes,TRUE,split_period1,high,observed,0,0.653445952749618,0.210849521600231,0.240180890413164,1.06671101508607
exact1,pc_score_binary,pull_request_merged,github_outcomes,TRUE,split_period1,high,observed,1,0.458825229579823,0.203247238210181,0.0604606426878677,0.857189816471778
exact1,pc_score_binary,pull_request_merged,github_outcomes,TRUE,split_period1,high,observed,2,0.313178136033339,0.325720114936514,-0.325233289242228,0.951589561308907
exact1,pc_score_binary,pull_request_merged,github_outcomes,TRUE,split_period1,high,observed,3,0.134896055124127,0.242822828911204,-0.341036689541833,0.610828799790087
exact1,pc_score_binary,pull_request_merged,github_outcomes,TRUE,split_period1,high,observed,4,0.526621320260153,0.418271457421499,-0.293190736285985,1.34643337680629
exact1,pc_score_binary,pull_request_merged,github_outcomes,TRUE,split_period1,high,observed,5,-0.0152449423434477,0.292158142454502,-0.587874901554271,0.557385016867376
exact1,pc_score_binary,pull_request_merged,github_outcomes,TRUE,split_period1,high,observed,6,-0.222877419563334,0.250006777452547,-0.712890703370326,0.267135864243658
exact1,pc_score_binary,pull_request_merged,github_outcomes,TRUE,split_period1,high,observed,7,-0.279294057303858,0.277716621830509,-0.823618636091656,0.26503052148394
exact1,pc_score_binary,pull_request_merged,github_outcomes,TRUE,split_period1,high,observed,8,0.154754260562542,0.375705820962561,-0.581629148524077,0.891137669649161
exact1,pc_score_binary,pull_request_merged,github_outcomes,TRUE,split_period1,high,observed,9,-0.0283174435807918,0.403949254875254,-0.820057983136289,0.763423095974705
exact1,pc_score_binary,pull_request_merged,github_outcomes,TRUE,split_period1,high,observed,10,-0.352595848981695,0.385387849698334,-1.10795603439043,0.40276433642704
exact1,pc_score_binary,pull_request_merged,github_outcomes,TRUE,split_period1,high,observed,11,-1.01370944526824,0.604909927992247,-2.19933290413304,0.171914013596565
exact1,pc_score_binary,pull_request_merged,github_outcomes,TRUE,split_period1,low,observed,-14,0.26026340913699,0.537282237399214,-0.792809776165469,1.31333659443945
exact1,pc_score_binary,pull_request_merged,github_outcomes,TRUE,split_period1,low,observed,-13,1.05634716658094,0.518733598523522,0.0396293134748402,2.07306501968705
exact1,pc_score_binary,pull_request_merged,github_outcomes,TRUE,split_period1,low,observed,-12,-0.280240669732522,0.386257451335073,-1.03730527434926,0.47682393488422
exact1,pc_score_binary,pull_request_merged,github_outcomes,TRUE,split_period1,low,observed,-11,-0.113546824769186,0.426041939912889,-0.948589026998449,0.721495377460076
exact1,pc_score_binary,pull_request_merged,github_outcomes,TRUE,split_period1,low,observed,-10,0.150579266980438,0.419142486719136,-0.670940006989068,0.972098540949943
exact1,pc_score_binary,pull_request_merged,github_outcomes,TRUE,split_period1,low,observed,-9,0.412380769520095,0.453930385022001,-0.477322785123026,1.30208432416322
exact1,pc_score_binary,pull_request_merged,github_outcomes,TRUE,split_period1,low,observed,-8,0.079580831198116,0.375003176023934,-0.655425393808794,0.814587056205026
exact1,pc_score_binary,pull_request_merged,github_outcomes,TRUE,split_period1,low,observed,-7,0.625000989785859,0.355792163562098,-0.0723516507958529,1.32235363036757
exact1,pc_score_binary,pull_request_merged,github_outcomes,TRUE,split_period1,low,observed,-6,0.852362859109145,0.381294741001172,0.105025166746848,1.59970055147144
exact1,pc_score_binary,pull_request_merged,github_outcomes,TRUE,split_period1,low,observed,-5,0.15692669010644,0.224700357106227,-0.283486009821765,0.597339390034645
exact1,pc_score_binary,pull_request_merged,github_outcomes,TRUE,split_period1,low,observed,-4,0.119050972952748,0.227184331062302,-0.326230315929364,0.564332261834859
exact1,pc_score_binary,pull_request_merged,github_outcomes,TRUE,split_period1,low,observed,-3,-0.134344646324161,0.213454887532199,-0.552716225887271,0.284026933238949
exact1,pc_score_binary,pull_request_merged,github_outcomes,TRUE,split_period1,low,observed,-2,-0.121082364910699,0.18320515671659,-0.480164472075216,0.237999742253818
exact1,pc_score_binary,pull_request_merged,github_outcomes,TRUE,split_period1,low,observed,-1,0,0,0,0
exact1,pc_score_binary,pull_request_merged,github_outcomes,TRUE,split_period1,low,observed,0,-0.734063341895195,0.185559173810145,-1.09775932256308,-0.370367361227311
exact1,pc_score_binary,pull_request_merged,github_outcomes,TRUE,split_period1,low,observed,1,-1.53674309741819,0.14568228323537,-1.82228037255951,-1.25120582227686
exact1,pc_score_binary,pull_request_merged,github_outcomes,TRUE,split_period1,low,observed,2,-1.67292770638773,0.199486040473275,-2.06392034571534,-1.28193506706011
exact1,pc_score_binary,pull_request_merged,github_outcomes,TRUE,split_period1,low,observed,3,-1.65268275411663,0.237902001539879,-2.11897067713479,-1.18639483109847
exact1,pc_score_binary,pull_request_merged,github_outcomes,TRUE,split_period1,low,observed,4,-1.47759170363137,0.360794356121635,-2.18474864162978,-0.770434765632968
exact1,pc_score_binary,pull_request_merged,github_outcomes,TRUE,split_period1,low,observed,5,-1.66916710488188,0.324075363070301,-2.30435481649967,-1.03397939326409
exact1,pc_score_binary,pull_request_merged,github_outcomes,TRUE,split_period1,low,observed,6,-1.91893072641277,0.434944750064243,-2.77142243653868,-1.06643901628685
exact1,pc_score_binary,pull_request_merged,github_outcomes,TRUE,split_period1,low,observed,7,-2.23508844858117,0.503375537661925,-3.22170450239855,-1.2484723947638
exact1,pc_score_binary,pull_request_merged,github_outcomes,TRUE,split_period1,low,observed,8,-2.43141007639824,0.538860283781714,-3.4875762326104,-1.37524392018608
exact1,pc_score_binary,pull_request_merged,github_outcomes,TRUE,split_period1,low,observed,9,-2.7481483389067,0.573063912176124,-3.87135360677191,-1.6249430710415
exact1,pc_score_binary,pull_request_merged,github_outcomes,TRUE,split_period1,low,observed,10,-2.89368721891031,0.57023899438202,-4.01135564789907,-1.77601878992155
exact1,pc_score_binary,pull_request_merged,github_outcomes,TRUE,split_period1,low,observed,11,-2.53507586648911,0.501006899013628,-3.51704938855582,-1.5531023444224
exact1,pc_score_binary,overall_new_release_count,downstream_outcomes,TRUE,split_period1,high,observed,-15,0.222239302832857,0.356855204155058,-0.477196897311057,0.921675502976771
exact1,pc_score_binary,overall_new_release_count,downstream_outcomes,TRUE,split_period1,high,observed,-14,0.551971013099713,0.292322127216471,-0.0209803562445712,1.124922382444
exact1,pc_score_binary,overall_new_release_count,downstream_outcomes,TRUE,split_period1,high,observed,-13,0.492964169846189,0.248156037869624,0.00657833562172527,0.979350004070652
exact1,pc_score_binary,overall_new_release_count,downstream_outcomes,TRUE,split_period1,high,observed,-12,0.614283309212299,0.214898397900326,0.193082449327661,1.03548416909694
exact1,pc_score_binary,overall_new_release_count,downstream_outcomes,TRUE,split_period1,high,observed,-11,0.582901020483685,0.196066596791192,0.19861049077295,0.96719155019442
exact1,pc_score_binary,overall_new_release_count,downstream_outcomes,TRUE,split_period1,high,observed,-10,0.594771971386984,0.179274832297526,0.243393300083833,0.946150642690136
exact1,pc_score_binary,overall_new_release_count,downstream_outcomes,TRUE,split_period1,high,observed,-9,0.394446378606695,0.161880325497537,0.077160940631522,0.711731816581868
exact1,pc_score_binary,overall_new_release_count,downstream_outcomes,TRUE,split_period1,high,observed,-8,0.3847658194906,0.150485937334805,0.0898133823143814,0.679718256666819
exact1,pc_score_binary,overall_new_release_count,downstream_outcomes,TRUE,split_period1,high,observed,-7,0.463807275590859,0.263460912861649,-0.0525761136179731,0.980190664799691
exact1,pc_score_binary,overall_new_release_count,downstream_outcomes,TRUE,split_period1,high,observed,-6,0.305447758367652,0.236322204774741,-0.157743762990842,0.768639279726145
exact1,pc_score_binary,overall_new_release_count,downstream_outcomes,TRUE,split_period1,high,observed,-5,0.0718047814717519,0.1518788993971,-0.225877861346563,0.369487424290067
exact1,pc_score_binary,overall_new_release_count,downstream_outcomes,TRUE,split_period1,high,observed,-4,0.141195183382776,0.156226010167023,-0.16500779654459,0.447398163310141
exact1,pc_score_binary,overall_new_release_count,downstream_outcomes,TRUE,split_period1,high,observed,-3,0.279327828337873,0.164415914041492,-0.0429273631834513,0.601583019859197
exact1,pc_score_binary,overall_new_release_count,downstream_outcomes,TRUE,split_period1,high,observed,-2,0.211353171331025,0.156780528002114,-0.0959366635531191,0.518643006215169
exact1,pc_score_binary,overall_new_release_count,downstream_outcomes,TRUE,split_period1,high,observed,-1,0,0,0,0
exact1,pc_score_binary,overall_new_release_count,downstream_outcomes,TRUE,split_period1,high,observed,0,0.577172831322282,0.287871666868215,0.0129443642605798,1.14140129838398
exact1,pc_score_binary,overall_new_release_count,downstream_outcomes,TRUE,split_period1,high,observed,1,0.00294091671010066,0.219317040143512,-0.426920481971183,0.432802315391384
exact1,pc_score_binary,overall_new_release_count,downstream_outcomes,TRUE,split_period1,high,observed,2,-0.259663543718409,0.17161443319978,-0.596027832789977,0.0767007453531599
exact1,pc_score_binary,overall_new_release_count,downstream_outcomes,TRUE,split_period1,high,observed,3,-0.181411667206078,0.186933346382685,-0.547801026116141,0.184977691703985
exact1,pc_score_binary,overall_new_release_count,downstream_outcomes,TRUE,split_period1,high,observed,4,-0.167094137752753,0.203802331897022,-0.566546708270916,0.232358432765409
exact1,pc_score_binary,overall_new_release_count,downstream_outcomes,TRUE,split_period1,high,observed,5,-0.44334432190074,0.183005160133854,-0.802034435763093,-0.0846542080383864
exact1,pc_score_binary,overall_new_release_count,downstream_outcomes,TRUE,split_period1,high,observed,6,-0.426458321367745,0.21904870759262,-0.855793788249279,0.00287714551379009
exact1,pc_score_binary,overall_new_release_count,downstream_outcomes,TRUE,split_period1,high,observed,7,-0.302387004430265,0.250056120476912,-0.792497000565012,0.187722991704481
exact1,pc_score_binary,overall_new_release_count,downstream_outcomes,TRUE,split_period1,high,observed,8,-0.233261328466509,0.270788412558275,-0.764006617080727,0.29748396014771
exact1,pc_score_binary,overall_new_release_count,downstream_outcomes,TRUE,split_period1,high,observed,9,-0.549206960961347,0.305829579932857,-1.14863293762975,0.050219015707054
exact1,pc_score_binary,overall_new_release_count,downstream_outcomes,TRUE,split_period1,high,observed,10,-0.943146358944966,0.358567588747077,-1.64593883288924,-0.240353885000696
exact1,pc_score_binary,overall_new_release_count,downstream_outcomes,TRUE,split_period1,high,observed,11,-1.12426930693108,0.627439068360383,-2.35404988091743,0.10551126705527
exact1,pc_score_binary,overall_new_release_count,downstream_outcomes,TRUE,split_period1,low,observed,-14,-0.108241821616467,0.295222836091506,-0.686878580355819,0.470394937122885
exact1,pc_score_binary,overall_new_release_count,downstream_outcomes,TRUE,split_period1,low,observed,-13,0.0104316224550603,0.263157794938104,-0.505357655623624,0.526220900533745
exact1,pc_score_binary,overall_new_release_count,downstream_outcomes,TRUE,split_period1,low,observed,-12,0.106300441883565,0.237536435478203,-0.359270971653713,0.571871855420842
exact1,pc_score_binary,overall_new_release_count,downstream_outcomes,TRUE,split_period1,low,observed,-11,0.0262887432785241,0.212877725268966,-0.390951598248649,0.443529084805698
exact1,pc_score_binary,overall_new_release_count,downstream_outcomes,TRUE,split_period1,low,observed,-10,-0.165361868299936,0.198821839408645,-0.55505267354088,0.224328936941007
exact1,pc_score_binary,overall_new_release_count,downstream_outcomes,TRUE,split_period1,low,observed,-9,-0.0975448008909201,0.177703736810237,-0.445844125038985,0.250754523257145
exact1,pc_score_binary,overall_new_release_count,downstream_outcomes,TRUE,split_period1,low,observed,-8,0.0244761291674234,0.184528363390172,-0.337199463077313,0.38615172141216
exact1,pc_score_binary,overall_new_release_count,downstream_outcomes,TRUE,split_period1,low,observed,-7,0.170092013471943,0.295424308858744,-0.408939631891196,0.749123658835083
exact1,pc_score_binary,overall_new_release_count,downstream_outcomes,TRUE,split_period1,low,observed,-6,0.224876778673825,0.250525861332494,-0.266153909537863,0.715907466885513
exact1,pc_score_binary,overall_new_release_count,downstream_outcomes,TRUE,split_period1,low,observed,-5,-0.205091858178629,0.170581168670264,-0.539430948772346,0.129247232415089
exact1,pc_score_binary,overall_new_release_count,downstream_outcomes,TRUE,split_period1,low,observed,-4,-0.482096688154073,0.167861604609339,-0.811105433188377,-0.153087943119768
exact1,pc_score_binary,overall_new_release_count,downstream_outcomes,TRUE,split_period1,low,observed,-3,-0.449074229276656,0.167971947260286,-0.778299245906816,-0.119849212646497
exact1,pc_score_binary,overall_new_release_count,downstream_outcomes,TRUE,split_period1,low,observed,-2,-0.257347010903609,0.172607170893583,-0.595657065855032,0.0809630440478134
exact1,pc_score_binary,overall_new_release_count,downstream_outcomes,TRUE,split_period1,low,observed,-1,0,0,0,0
exact1,pc_score_binary,overall_new_release_count,downstream_outcomes,TRUE,split_period1,low,observed,0,-0.43870732789456,0.172059361048867,-0.77594367555034,-0.10147098023878
exact1,pc_score_binary,overall_new_release_count,downstream_outcomes,TRUE,split_period1,low,observed,1,-0.878916075270137,0.131640995460025,-1.13693242637179,-0.620899724168488
exact1,pc_score_binary,overall_new_release_count,downstream_outcomes,TRUE,split_period1,low,observed,2,-0.895638597928124,0.144281251046996,-1.17842984998024,-0.612847345876011
exact1,pc_score_binary,overall_new_release_count,downstream_outcomes,TRUE,split_period1,low,observed,3,-0.820355622744306,0.204481604873584,-1.22113956829653,-0.41957167719208
exact1,pc_score_binary,overall_new_release_count,downstream_outcomes,TRUE,split_period1,low,observed,4,-0.254651254727611,0.477946965442384,-1.19142730699468,0.682124797539461
exact1,pc_score_binary,overall_new_release_count,downstream_outcomes,TRUE,split_period1,low,observed,5,-0.397427513480916,0.44736217585814,-1.27425737816287,0.47940235120104
exact1,pc_score_binary,overall_new_release_count,downstream_outcomes,TRUE,split_period1,low,observed,6,-0.766891583519343,0.234260086684712,-1.22604135342138,-0.307741813617307
exact1,pc_score_binary,overall_new_release_count,downstream_outcomes,TRUE,split_period1,low,observed,7,-0.865251100317133,0.257352783172206,-1.36966255533466,-0.36083964529961
exact1,pc_score_binary,overall_new_release_count,downstream_outcomes,TRUE,split_period1,low,observed,8,-1.00681905886286,0.283617776744925,-1.56270990128292,-0.450928216442809
exact1,pc_score_binary,overall_new_release_count,downstream_outcomes,TRUE,split_period1,low,observed,9,-0.777797252497729,0.407994767471438,-1.57746699674175,0.0218724917462887
exact1,pc_score_binary,overall_new_release_count,downstream_outcomes,TRUE,split_period1,low,observed,10,0.691941741043394,1.52331019077204,-2.29374623286981,3.67762971495659
exact1,pc_score_binary,overall_new_release_count,downstream_outcomes,TRUE,split_period1,low,observed,11,-2.09436055937933,0.27923470635194,-2.64166058382913,-1.54706053492952
exact1,pc_score_binary,pull_request_opened,github_outcomes,TRUE,split_period5,high,observed,-15,-1.22070048890117,0.895735480120446,-2.97634202993725,0.534941052134904
exact1,pc_score_binary,pull_request_opened,github_outcomes,TRUE,split_period5,high,observed,-14,-1.38950687099917,0.524353583255942,-2.41723989418082,-0.361773847817524
exact1,pc_score_binary,pull_request_opened,github_outcomes,TRUE,split_period5,high,observed,-13,0.358360205419796,0.540118944920531,-0.700272926624445,1.41699333746404
exact1,pc_score_binary,pull_request_opened,github_outcomes,TRUE,split_period5,high,observed,-12,0.102580108255941,0.518717132665335,-0.914105471768116,1.11926568828
exact1,pc_score_binary,pull_request_opened,github_outcomes,TRUE,split_period5,high,observed,-11,0.822412986460136,0.507221594723591,-0.171741339198101,1.81656731211837
exact1,pc_score_binary,pull_request_opened,github_outcomes,TRUE,split_period5,high,observed,-10,0.873302633443093,0.523122473226396,-0.152017414080643,1.89862268096683
exact1,pc_score_binary,pull_request_opened,github_outcomes,TRUE,split_period5,high,observed,-9,0.653698229534455,0.44937215678032,-0.227071197754973,1.53446765682388
exact1,pc_score_binary,pull_request_opened,github_outcomes,TRUE,split_period5,high,observed,-8,0.812951471988857,0.518784155266869,-0.203865472334206,1.82976841631192
exact1,pc_score_binary,pull_request_opened,github_outcomes,TRUE,split_period5,high,observed,-7,0.449603987845905,0.323736479665976,-0.184919512299408,1.08412748799122
exact1,pc_score_binary,pull_request_opened,github_outcomes,TRUE,split_period5,high,observed,-6,0.485613913338399,0.364335300560299,-0.228483275759787,1.19971110243658
exact1,pc_score_binary,pull_request_opened,github_outcomes,TRUE,split_period5,high,observed,-5,0.121225737595664,0.193881506807155,-0.258782015746361,0.501233490937688
exact1,pc_score_binary,pull_request_opened,github_outcomes,TRUE,split_period5,high,observed,-4,0.11370823974011,0.176637802045775,-0.232501852269608,0.459918331749828
exact1,pc_score_binary,pull_request_opened,github_outcomes,TRUE,split_period5,high,observed,-3,0.375963068467929,0.169320043051535,0.0440957840869196,0.707830352848939
exact1,pc_score_binary,pull_request_opened,github_outcomes,TRUE,split_period5,high,observed,-2,0.402507397712967,0.137038436025271,0.133912063103435,0.671102732322499
exact1,pc_score_binary,pull_request_opened,github_outcomes,TRUE,split_period5,high,observed,-1,0,0,0,0
exact1,pc_score_binary,pull_request_opened,github_outcomes,TRUE,split_period5,high,observed,0,0.244512971038225,0.232116723850152,-0.210435807708072,0.699461749784522
exact1,pc_score_binary,pull_request_opened,github_outcomes,TRUE,split_period5,high,observed,1,0.0448205991252767,0.177859007882488,-0.3037830563244,0.393424254574954
exact1,pc_score_binary,pull_request_opened,github_outcomes,TRUE,split_period5,high,observed,2,0.0127744915447814,0.162371575677825,-0.305473796783756,0.331022779873319
exact1,pc_score_binary,pull_request_opened,github_outcomes,TRUE,split_period5,high,observed,3,0.0739630429984199,0.16926406426362,-0.257794522958275,0.405720608955115
exact1,pc_score_binary,pull_request_opened,github_outcomes,TRUE,split_period5,high,observed,4,0.489513658342885,0.306360918919494,-0.110953742739324,1.08998105942509
exact1,pc_score_binary,pull_request_opened,github_outcomes,TRUE,split_period5,high,observed,5,0.37459984520824,0.232431267340125,-0.0809654387784052,0.830165129194885
exact1,pc_score_binary,pull_request_opened,github_outcomes,TRUE,split_period5,high,observed,6,0.187496986632675,0.196843514036156,-0.198316300878191,0.573310274143541
exact1,pc_score_binary,pull_request_opened,github_outcomes,TRUE,split_period5,high,observed,7,0.221596404720303,0.272246333502081,-0.312006408943776,0.755199218384382
exact1,pc_score_binary,pull_request_opened,github_outcomes,TRUE,split_period5,high,observed,8,0.536560810696229,0.371152748623996,-0.190898576606803,1.26402019799926
exact1,pc_score_binary,pull_request_opened,github_outcomes,TRUE,split_period5,high,observed,9,0.394836250860717,0.580756205856244,-0.743445912617522,1.53311841433896
exact1,pc_score_binary,pull_request_opened,github_outcomes,TRUE,split_period5,high,observed,10,0.0246833672449358,0.590711830676783,-1.13311182088156,1.18247855537143
exact1,pc_score_binary,pull_request_opened,github_outcomes,TRUE,split_period5,high,observed,11,-0.546255815944599,0.626723988381135,-1.77463483317162,0.682123201282425
exact1,pc_score_binary,pull_request_opened,github_outcomes,TRUE,split_period5,low,observed,-14,0.756795791275542,1.43531321271262,-2.05641810564119,3.57000968819228
exact1,pc_score_binary,pull_request_opened,github_outcomes,TRUE,split_period5,low,observed,-13,2.29317223866513,1.16815065454302,0.00359695576080421,4.58274752156946
exact1,pc_score_binary,pull_request_opened,github_outcomes,TRUE,split_period5,low,observed,-12,-0.41245002037129,0.351327390294819,-1.10105170534914,0.276151664606555
exact1,pc_score_binary,pull_request_opened,github_outcomes,TRUE,split_period5,low,observed,-11,0.535689785427337,0.94921060479001,-1.32476299996108,2.39614257081576
exact1,pc_score_binary,pull_request_opened,github_outcomes,TRUE,split_period5,low,observed,-10,0.201570233466184,0.514850022005629,-0.807535809664849,1.21067627659722
exact1,pc_score_binary,pull_request_opened,github_outcomes,TRUE,split_period5,low,observed,-9,1.0894479844204,0.874969024542041,-0.625491303681995,2.8043872725228
exact1,pc_score_binary,pull_request_opened,github_outcomes,TRUE,split_period5,low,observed,-8,0.0257272300325361,0.324721808992015,-0.610727515591814,0.662181975656886
exact1,pc_score_binary,pull_request_opened,github_outcomes,TRUE,split_period5,low,observed,-7,0.963672917265068,0.492632742655809,-0.00188725834031744,1.92923309287045
exact1,pc_score_binary,pull_request_opened,github_outcomes,TRUE,split_period5,low,observed,-6,0.805785481913323,0.283624974751982,0.249880531399439,1.36169043242721
exact1,pc_score_binary,pull_request_opened,github_outcomes,TRUE,split_period5,low,observed,-5,0.377901965509008,0.209346603397439,-0.0324173771499726,0.788221308167988
exact1,pc_score_binary,pull_request_opened,github_outcomes,TRUE,split_period5,low,observed,-4,0.267421023054626,0.202136828636502,-0.128767161072918,0.66360920718217
exact1,pc_score_binary,pull_request_opened,github_outcomes,TRUE,split_period5,low,observed,-3,0.0395041253438077,0.200581788396034,-0.353636179912419,0.432644430600035
exact1,pc_score_binary,pull_request_opened,github_outcomes,TRUE,split_period5,low,observed,-2,0.185456786446012,0.1750627944981,-0.157666290770265,0.528579863662289
exact1,pc_score_binary,pull_request_opened,github_outcomes,TRUE,split_period5,low,observed,-1,0,0,0,0
exact1,pc_score_binary,pull_request_opened,github_outcomes,TRUE,split_period5,low,observed,0,-0.277483379248094,0.295673287397097,-0.857003022546404,0.302036264050215
exact1,pc_score_binary,pull_request_opened,github_outcomes,TRUE,split_period5,low,observed,1,-0.851799896953709,0.308540332672554,-1.45653894899191,-0.247060844915504
exact1,pc_score_binary,pull_request_opened,github_outcomes,TRUE,split_period5,low,observed,2,-1.0306289834786,0.351964762794051,-1.72047991855494,-0.34077804840226
exact1,pc_score_binary,pull_request_opened,github_outcomes,TRUE,split_period5,low,observed,3,-1.46067491570446,0.310935454790637,-2.07010840709411,-0.851241424314812
exact1,pc_score_binary,pull_request_opened,github_outcomes,TRUE,split_period5,low,observed,4,-1.80800102700189,0.321030988758384,-2.43722176496832,-1.17878028903545
exact1,pc_score_binary,pull_request_opened,github_outcomes,TRUE,split_period5,low,observed,5,-1.92731097243678,0.324094102585364,-2.5625354135041,-1.29208653136947
exact1,pc_score_binary,pull_request_opened,github_outcomes,TRUE,split_period5,low,observed,6,-1.7189408162897,0.433366256503701,-2.56833867903695,-0.869542953542443
exact1,pc_score_binary,pull_request_opened,github_outcomes,TRUE,split_period5,low,observed,7,-2.14457386228277,0.501342107988924,-3.12720439394106,-1.16194333062448
exact1,pc_score_binary,pull_request_opened,github_outcomes,TRUE,split_period5,low,observed,8,-2.84179305621028,0.488796204346248,-3.79983361672892,-1.88375249569163
exact1,pc_score_binary,pull_request_opened,github_outcomes,TRUE,split_period5,low,observed,9,-2.70428953250859,0.611631033755227,-3.90308635866883,-1.50549270634834
exact1,pc_score_binary,pull_request_opened,github_outcomes,TRUE,split_period5,low,observed,10,-2.09259090548058,0.475257678296592,-3.0240959549419,-1.16108585601926
exact1,pc_score_binary,pull_request_opened,github_outcomes,TRUE,split_period5,low,observed,11,-2.37938661029764,0.450027046107282,-3.26143962066791,-1.49733359992737
exact1,pc_score_binary,pull_request_merged,github_outcomes,TRUE,split_period5,high,observed,-15,-0.142057347184462,0.513014869781995,-1.14756649195717,0.863451797588247
exact1,pc_score_binary,pull_request_merged,github_outcomes,TRUE,split_period5,high,observed,-14,-0.277714114850054,0.425353827597908,-1.11140761694195,0.555979387241845
exact1,pc_score_binary,pull_request_merged,github_outcomes,TRUE,split_period5,high,observed,-13,0.950945933264939,0.621369990709723,-0.266939248526118,2.168831115056
exact1,pc_score_binary,pull_request_merged,github_outcomes,TRUE,split_period5,high,observed,-12,0.841824770150272,0.480897428480838,-0.10073418967217,1.78438372997271
exact1,pc_score_binary,pull_request_merged,github_outcomes,TRUE,split_period5,high,observed,-11,0.668017320596069,0.45723677447916,-0.228166757383085,1.56420139857522
exact1,pc_score_binary,pull_request_merged,github_outcomes,TRUE,split_period5,high,observed,-10,1.66170380821528,0.680773825559529,0.327387110118599,2.99602050631195
exact1,pc_score_binary,pull_request_merged,github_outcomes,TRUE,split_period5,high,observed,-9,0.762763071247948,0.370425562962467,0.0367289678415136,1.48879717465438
exact1,pc_score_binary,pull_request_merged,github_outcomes,TRUE,split_period5,high,observed,-8,0.596476973101766,0.375054594548202,-0.138630032212711,1.33158397841624
exact1,pc_score_binary,pull_request_merged,github_outcomes,TRUE,split_period5,high,observed,-7,0.667441006311627,0.333232845917908,0.0143046283125269,1.32057738431073
exact1,pc_score_binary,pull_request_merged,github_outcomes,TRUE,split_period5,high,observed,-6,0.600173880028248,0.3711711734485,-0.127321619930812,1.32766937998731
exact1,pc_score_binary,pull_request_merged,github_outcomes,TRUE,split_period5,high,observed,-5,0.0998430823645042,0.1872849732568,-0.267235465218823,0.466921629947832
exact1,pc_score_binary,pull_request_merged,github_outcomes,TRUE,split_period5,high,observed,-4,0.155560153605398,0.167209790175272,-0.172171035138134,0.483291342348931
exact1,pc_score_binary,pull_request_merged,github_outcomes,TRUE,split_period5,high,observed,-3,0.338122700608164,0.166065628652944,0.0126340684483935,0.663611332767935
exact1,pc_score_binary,pull_request_merged,github_outcomes,TRUE,split_period5,high,observed,-2,0.336839533849676,0.141069038527294,0.0603442183361806,0.613334849363171
exact1,pc_score_binary,pull_request_merged,github_outcomes,TRUE,split_period5,high,observed,-1,0,0,0,0
exact1,pc_score_binary,pull_request_merged,github_outcomes,TRUE,split_period5,high,observed,0,0.647310388202865,0.218762997496903,0.218534913108934,1.0760858632968
exact1,pc_score_binary,pull_request_merged,github_outcomes,TRUE,split_period5,high,observed,1,0.261953025230385,0.197028592701096,-0.124223016463764,0.648129066924533
exact1,pc_score_binary,pull_request_merged,github_outcomes,TRUE,split_period5,high,observed,2,0.501931672008032,0.338159664580155,-0.160861270569071,1.16472461458514
exact1,pc_score_binary,pull_request_merged,github_outcomes,TRUE,split_period5,high,observed,3,0.481812504992691,0.209553875050164,0.0710869098943701,0.892538100091012
exact1,pc_score_binary,pull_request_merged,github_outcomes,TRUE,split_period5,high,observed,4,1.35675592918081,0.429231230132678,0.515462718120763,2.19804914024086
exact1,pc_score_binary,pull_request_merged,github_outcomes,TRUE,split_period5,high,observed,5,0.811400426691149,0.267657593402201,0.286791543622835,1.33600930975946
exact1,pc_score_binary,pull_request_merged,github_outcomes,TRUE,split_period5,high,observed,6,0.393277862110085,0.186541601112176,0.0276563239302204,0.758899400289949
exact1,pc_score_binary,pull_request_merged,github_outcomes,TRUE,split_period5,high,observed,7,0.292283823463575,0.214695239932848,-0.128518846804808,0.713086493731957
exact1,pc_score_binary,pull_request_merged,github_outcomes,TRUE,split_period5,high,observed,8,0.938148179027319,0.35430955144737,0.243701458190473,1.63259489986416
exact1,pc_score_binary,pull_request_merged,github_outcomes,TRUE,split_period5,high,observed,9,0.429728046225712,0.457447862193906,-0.466869763674344,1.32632585612577
exact1,pc_score_binary,pull_request_merged,github_outcomes,TRUE,split_period5,high,observed,10,-0.0921471329506687,0.492421275396881,-1.05729283272856,0.872998566827219
exact1,pc_score_binary,pull_request_merged,github_outcomes,TRUE,split_period5,high,observed,11,-0.609304642621543,0.591913056333654,-1.7694542330355,0.550844947792419
exact1,pc_score_binary,pull_request_merged,github_outcomes,TRUE,split_period5,low,observed,-14,0.0251925579177733,0.723884191133537,-1.39362045670396,1.44400557253951
exact1,pc_score_binary,pull_request_merged,github_outcomes,TRUE,split_period5,low,observed,-13,0.565844256379735,0.542874478108288,-0.498189720712509,1.62987823347198
exact1,pc_score_binary,pull_request_merged,github_outcomes,TRUE,split_period5,low,observed,-12,-0.678351517373902,0.419759747030594,-1.50108062155387,0.144377586806062
exact1,pc_score_binary,pull_request_merged,github_outcomes,TRUE,split_period5,low,observed,-11,0.0445945915966953,0.658992630921738,-1.24703096500991,1.3362201482033
exact1,pc_score_binary,pull_request_merged,github_outcomes,TRUE,split_period5,low,observed,-10,0.358818520792503,0.653735522150597,-0.922503102622667,1.64014014420767
exact1,pc_score_binary,pull_request_merged,github_outcomes,TRUE,split_period5,low,observed,-9,0.630697322142387,0.532937142038269,-0.41385947625262,1.67525412053739
exact1,pc_score_binary,pull_request_merged,github_outcomes,TRUE,split_period5,low,observed,-8,-0.18987478830169,0.359648794286949,-0.89478642510411,0.51503684850073
exact1,pc_score_binary,pull_request_merged,github_outcomes,TRUE,split_period5,low,observed,-7,0.464491824934206,0.356419466291339,-0.234090328996819,1.16307397886523
exact1,pc_score_binary,pull_request_merged,github_outcomes,TRUE,split_period5,low,observed,-6,0.775604167168082,0.374574496826635,0.0414381533878767,1.50977018094829
exact1,pc_score_binary,pull_request_merged,github_outcomes,TRUE,split_period5,low,observed,-5,0.195303833772845,0.234038899129725,-0.263412408521416,0.654020076067107
exact1,pc_score_binary,pull_request_merged,github_outcomes,TRUE,split_period5,low,observed,-4,0.107208002771928,0.230646250777277,-0.344858648751534,0.55927465429539
exact1,pc_score_binary,pull_request_merged,github_outcomes,TRUE,split_period5,low,observed,-3,-0.0943554357084692,0.220727427994706,-0.526981194578093,0.338270323161155
exact1,pc_score_binary,pull_request_merged,github_outcomes,TRUE,split_period5,low,observed,-2,-0.00995804315307938,0.192891729771069,-0.388025833504374,0.368109747198216
exact1,pc_score_binary,pull_request_merged,github_outcomes,TRUE,split_period5,low,observed,-1,0,0,0,0
exact1,pc_score_binary,pull_request_merged,github_outcomes,TRUE,split_period5,low,observed,0,-0.704505317509605,0.190874986864569,-1.07862029176416,-0.330390343255049
exact1,pc_score_binary,pull_request_merged,github_outcomes,TRUE,split_period5,low,observed,1,-1.30049240429217,0.19596796197497,-1.68458960976311,-0.916395198821231
exact1,pc_score_binary,pull_request_merged,github_outcomes,TRUE,split_period5,low,observed,2,-1.78653822000199,0.19983403337444,-2.1782129254159,-1.39486351458809
exact1,pc_score_binary,pull_request_merged,github_outcomes,TRUE,split_period5,low,observed,3,-1.97196182918711,0.263390751927887,-2.48820770296577,-1.45571595540845
exact1,pc_score_binary,pull_request_merged,github_outcomes,TRUE,split_period5,low,observed,4,-2.2938194050106,0.339132215302966,-2.95851854700441,-1.62912026301678
exact1,pc_score_binary,pull_request_merged,github_outcomes,TRUE,split_period5,low,observed,5,-2.5143540741566,0.322922687129328,-3.14728254093008,-1.88142560738311
exact1,pc_score_binary,pull_request_merged,github_outcomes,TRUE,split_period5,low,observed,6,-2.57365423459814,0.440755990271292,-3.43753597552987,-1.70977249366641
exact1,pc_score_binary,pull_request_merged,github_outcomes,TRUE,split_period5,low,observed,7,-2.86971992711951,0.524520212032659,-3.89777954270352,-1.8416603115355
exact1,pc_score_binary,pull_request_merged,github_outcomes,TRUE,split_period5,low,observed,8,-3.0111222359661,0.570346829914489,-4.1290020225985,-1.8932424493337
exact1,pc_score_binary,pull_request_merged,github_outcomes,TRUE,split_period5,low,observed,9,-2.74511967751509,0.624290845671886,-3.96872973503199,-1.52150961999819
exact1,pc_score_binary,pull_request_merged,github_outcomes,TRUE,split_period5,low,observed,10,-2.3104917079978,0.634320755107805,-3.55376038800909,-1.0672230279865
exact1,pc_score_binary,pull_request_merged,github_outcomes,TRUE,split_period5,low,observed,11,-2.97853853618914,0.520926046541401,-3.99955358741028,-1.95752348496799
exact1,pc_score_binary,overall_new_release_count,downstream_outcomes,TRUE,split_period5,high,observed,-15,0.526621213688596,0.311659666600486,-0.084231732848356,1.13747416022555
exact1,pc_score_binary,overall_new_release_count,downstream_outcomes,TRUE,split_period5,high,observed,-14,0.458367591451422,0.241014164694294,-0.0140201713493951,0.930755354252238
exact1,pc_score_binary,overall_new_release_count,downstream_outcomes,TRUE,split_period5,high,observed,-13,0.403245088877578,0.205760835750537,-4.61491934748426e-05,0.806536326948632
exact1,pc_score_binary,overall_new_release_count,downstream_outcomes,TRUE,split_period5,high,observed,-12,0.65402035651612,0.184509282941145,0.292382161951474,1.01565855108076
exact1,pc_score_binary,overall_new_release_count,downstream_outcomes,TRUE,split_period5,high,observed,-11,0.586022332888394,0.169481806290522,0.253837992558971,0.918206673217817
exact1,pc_score_binary,overall_new_release_count,downstream_outcomes,TRUE,split_period5,high,observed,-10,0.383652909238058,0.204221988794383,-0.0166221887989331,0.78392800727505
exact1,pc_score_binary,overall_new_release_count,downstream_outcomes,TRUE,split_period5,high,observed,-9,0.247871109447759,0.179033206467237,-0.103033975228026,0.598776194123543
exact1,pc_score_binary,overall_new_release_count,downstream_outcomes,TRUE,split_period5,high,observed,-8,0.280414944829834,0.159834066123566,-0.0328598247723555,0.593689714432023
exact1,pc_score_binary,overall_new_release_count,downstream_outcomes,TRUE,split_period5,high,observed,-7,0.565563866909265,0.235285637492877,0.104404017423227,1.0267237163953
exact1,pc_score_binary,overall_new_release_count,downstream_outcomes,TRUE,split_period5,high,observed,-6,0.297242659396128,0.199137289630718,-0.0930664282800804,0.687551747072336
exact1,pc_score_binary,overall_new_release_count,downstream_outcomes,TRUE,split_period5,high,observed,-5,0.0973765250681923,0.157428123004775,-0.211182596021166,0.405935646157551
exact1,pc_score_binary,overall_new_release_count,downstream_outcomes,TRUE,split_period5,high,observed,-4,0.0704214886300015,0.164671765259228,-0.252335171278085,0.393178148538088
exact1,pc_score_binary,overall_new_release_count,downstream_outcomes,TRUE,split_period5,high,observed,-3,0.213466930446831,0.165416827589434,-0.11075005162846,0.537683912522122
exact1,pc_score_binary,overall_new_release_count,downstream_outcomes,TRUE,split_period5,high,observed,-2,0.0811668383818611,0.155756810018492,-0.224116509254383,0.386450186018106
exact1,pc_score_binary,overall_new_release_count,downstream_outcomes,TRUE,split_period5,high,observed,-1,0,0,0,0
exact1,pc_score_binary,overall_new_release_count,downstream_outcomes,TRUE,split_period5,high,observed,0,0.538622282762855,0.305445856954185,-0.0600515968673474,1.13729616239306
exact1,pc_score_binary,overall_new_release_count,downstream_outcomes,TRUE,split_period5,high,observed,1,-0.100361822179822,0.170427958800615,-0.434400621429028,0.233676977069384
exact1,pc_score_binary,overall_new_release_count,downstream_outcomes,TRUE,split_period5,high,observed,2,-0.178699306534548,0.158459111216411,-0.489279164518713,0.131880551449617
exact1,pc_score_binary,overall_new_release_count,downstream_outcomes,TRUE,split_period5,high,observed,3,0.0873912371936937,0.199940855570275,-0.304492839724046,0.479275314111433
exact1,pc_score_binary,overall_new_release_count,downstream_outcomes,TRUE,split_period5,high,observed,4,0.834313446763828,0.511621985009873,-0.168465643855522,1.83709253738318
exact1,pc_score_binary,overall_new_release_count,downstream_outcomes,TRUE,split_period5,high,observed,5,0.462705712824206,0.483987341608219,-0.485909476727904,1.41132090237632
exact1,pc_score_binary,overall_new_release_count,downstream_outcomes,TRUE,split_period5,high,observed,6,-0.120486649778953,0.209300742187043,-0.530716104465557,0.289742804907652
exact1,pc_score_binary,overall_new_release_count,downstream_outcomes,TRUE,split_period5,high,observed,7,-0.134272240270063,0.199064039547603,-0.524437757783364,0.255893277243239
exact1,pc_score_binary,overall_new_release_count,downstream_outcomes,TRUE,split_period5,high,observed,8,0.175569052441739,0.266386253488152,-0.346548004395039,0.697686109278516
exact1,pc_score_binary,overall_new_release_count,downstream_outcomes,TRUE,split_period5,high,observed,9,-0.357761784497525,0.395573083176294,-1.13308502752306,0.417561458528011
exact1,pc_score_binary,overall_new_release_count,downstream_outcomes,TRUE,split_period5,high,observed,10,0.067539265525255,0.77017198586617,-1.44199782677244,1.57707635782295
exact1,pc_score_binary,overall_new_release_count,downstream_outcomes,TRUE,split_period5,high,observed,11,-0.977276930463016,0.622401330216859,-2.19718353768806,0.242629676762026
exact1,pc_score_binary,overall_new_release_count,downstream_outcomes,TRUE,split_period5,low,observed,-14,0.240745991632877,0.374302863583514,-0.49288762099081,0.974379604256565
exact1,pc_score_binary,overall_new_release_count,downstream_outcomes,TRUE,split_period5,low,observed,-13,0.21157668928882,0.360001505219677,-0.494026260941748,0.917179639519387
exact1,pc_score_binary,overall_new_release_count,downstream_outcomes,TRUE,split_period5,low,observed,-12,-0.0606058201248425,0.281844184597575,-0.613020421936089,0.491808781686404
exact1,pc_score_binary,overall_new_release_count,downstream_outcomes,TRUE,split_period5,low,observed,-11,0.0806451849269417,0.254598681869038,-0.418368231536372,0.579658601390255
exact1,pc_score_binary,overall_new_release_count,downstream_outcomes,TRUE,split_period5,low,observed,-10,0.175440136263491,0.230477962161057,-0.27629666957218,0.627176942099162
exact1,pc_score_binary,overall_new_release_count,downstream_outcomes,TRUE,split_period5,low,observed,-9,0.10572453920523,0.202471789254847,-0.291120167734271,0.502569246144731
exact1,pc_score_binary,overall_new_release_count,downstream_outcomes,TRUE,split_period5,low,observed,-8,0.159512233390133,0.179384672893757,-0.192081725481631,0.511106192261898
exact1,pc_score_binary,overall_new_release_count,downstream_outcomes,TRUE,split_period5,low,observed,-7,0.143762663411278,0.313459889768928,-0.470618720535821,0.758144047358378
exact1,pc_score_binary,overall_new_release_count,downstream_outcomes,TRUE,split_period5,low,observed,-6,0.283919238936688,0.268485664431059,-0.242312663348188,0.810151141221563
exact1,pc_score_binary,overall_new_release_count,downstream_outcomes,TRUE,split_period5,low,observed,-5,-0.209041805006825,0.167253467238717,-0.53685860079471,0.118774990781059
exact1,pc_score_binary,overall_new_release_count,downstream_outcomes,TRUE,split_period5,low,observed,-4,-0.39834607166138,0.162236800391454,-0.71633020042863,-0.0803619428941303
exact1,pc_score_binary,overall_new_release_count,downstream_outcomes,TRUE,split_period5,low,observed,-3,-0.37994677865739,0.17213590280836,-0.717333148161776,-0.0425604091530037
exact1,pc_score_binary,overall_new_release_count,downstream_outcomes,TRUE,split_period5,low,observed,-2,-0.145737955651003,0.164556780381503,-0.46826924519875,0.176793333896743
exact1,pc_score_binary,overall_new_release_count,downstream_outcomes,TRUE,split_period5,low,observed,-1,0,0,0,0
exact1,pc_score_binary,overall_new_release_count,downstream_outcomes,TRUE,split_period5,low,observed,0,-0.367706396571337,0.17471546823885,-0.710148714319483,-0.02526407882319
exact1,pc_score_binary,overall_new_release_count,downstream_outcomes,TRUE,split_period5,low,observed,1,-0.781251201206324,0.194894081886813,-1.16324360170448,-0.399258800708171
exact1,pc_score_binary,overall_new_release_count,downstream_outcomes,TRUE,split_period5,low,observed,2,-0.97708210134913,0.157477031545485,-1.28573708317828,-0.66842711951998
exact1,pc_score_binary,overall_new_release_count,downstream_outcomes,TRUE,split_period5,low,observed,3,-1.07294160213215,0.189673678683579,-1.44470201235196,-0.701181191912333
exact1,pc_score_binary,overall_new_release_count,downstream_outcomes,TRUE,split_period5,low,observed,4,-1.18371817539993,0.202353362895628,-1.58033076667536,-0.787105584124498
exact1,pc_score_binary,overall_new_release_count,downstream_outcomes,TRUE,split_period5,low,observed,5,-1.26380469123181,0.21097805332286,-1.67732167574461,-0.850287706719001
exact1,pc_score_binary,overall_new_release_count,downstream_outcomes,TRUE,split_period5,low,observed,6,-1.08607264842301,0.24881442799723,-1.57374892729758,-0.598396369548436
exact1,pc_score_binary,overall_new_release_count,downstream_outcomes,TRUE,split_period5,low,observed,7,-1.05722682077118,0.2875147324161,-1.62075569630674,-0.493697945235627
exact1,pc_score_binary,overall_new_release_count,downstream_outcomes,TRUE,split_period5,low,observed,8,-1.33590184710019,0.295994057067322,-1.91605019895214,-0.755753495248237
exact1,pc_score_binary,overall_new_release_count,downstream_outcomes,TRUE,split_period5,low,observed,9,-0.996528810202104,0.368825632481258,-1.71942704986537,-0.273630570538838
exact1,pc_score_binary,overall_new_release_count,downstream_outcomes,TRUE,split_period5,low,observed,10,-1.39870879832988,0.372226410634683,-2.12827256317385,-0.669145033485897
exact1,pc_score_binary,overall_new_release_count,downstream_outcomes,TRUE,split_period5,low,observed,11,-2.24443226849613,0.293650557044954,-2.81998736030424,-1.66887717668802
exact1,pc_score_binary,pull_request_opened,github_outcomes,FALSE,split_full_avg,high,observed,-15,-3.65811124223877,5.60866259828071,-14.651089934869,7.33486745039142
exact1,pc_score_binary,pull_request_opened,github_outcomes,FALSE,split_full_avg,high,observed,-14,-2.05229547225065,5.1682014833121,-12.1819703795424,8.07737943504106
exact1,pc_score_binary,pull_request_opened,github_outcomes,FALSE,split_full_avg,high,observed,-13,0.601619696503698,4.49564316897038,-8.20984091467824,9.41308030768563
exact1,pc_score_binary,pull_request_opened,github_outcomes,FALSE,split_full_avg,high,observed,-12,-1.49701662923754,4.06058303633978,-9.4557593804635,6.46172612198842
exact1,pc_score_binary,pull_request_opened,github_outcomes,FALSE,split_full_avg,high,observed,-11,2.82414554216876,4.32034470294282,-5.64373007559917,11.2920211599367
exact1,pc_score_binary,pull_request_opened,github_outcomes,FALSE,split_full_avg,high,observed,-10,2.82853473297404,3.54473251474836,-4.11914099593275,9.77621046188082
exact1,pc_score_binary,pull_request_opened,github_outcomes,FALSE,split_full_avg,high,observed,-9,4.24543643818194,5.31215285089899,-6.16638314958008,14.657256025944
exact1,pc_score_binary,pull_request_opened,github_outcomes,FALSE,split_full_avg,high,observed,-8,-0.4889340004474,4.0424704987818,-8.41217617805973,7.43430817716493
exact1,pc_score_binary,pull_request_opened,github_outcomes,FALSE,split_full_avg,high,observed,-7,0.271432974441044,4.84682317072185,-9.22834044017379,9.77120638905588
exact1,pc_score_binary,pull_request_opened,github_outcomes,FALSE,split_full_avg,high,observed,-6,-2.4959543709371,4.6087950079852,-11.5291925865881,6.5372838447139
exact1,pc_score_binary,pull_request_opened,github_outcomes,FALSE,split_full_avg,high,observed,-5,-2.58391833122141,3.89985118630182,-10.227626656373,5.05978999393016
exact1,pc_score_binary,pull_request_opened,github_outcomes,FALSE,split_full_avg,high,observed,-4,-0.656676087159602,2.97825325876977,-6.49405247434834,5.18070030002914
exact1,pc_score_binary,pull_request_opened,github_outcomes,FALSE,split_full_avg,high,observed,-3,0.496150703078017,2.57699693160459,-4.55476328286698,5.54706468902301
exact1,pc_score_binary,pull_request_opened,github_outcomes,FALSE,split_full_avg,high,observed,-2,0.0260366623959351,1.68714790803419,-3.28077323735108,3.33284656214295
exact1,pc_score_binary,pull_request_opened,github_outcomes,FALSE,split_full_avg,high,observed,-1,0,0,0,0
exact1,pc_score_binary,pull_request_opened,github_outcomes,FALSE,split_full_avg,high,observed,0,1.76788027726122,2.31752975722983,-2.77447804690925,6.31023860143169
exact1,pc_score_binary,pull_request_opened,github_outcomes,FALSE,split_full_avg,high,observed,1,2.70774647668224,3.14476170025674,-3.45598645582097,8.87147940918545
exact1,pc_score_binary,pull_request_opened,github_outcomes,FALSE,split_full_avg,high,observed,2,2.55378398424425,3.32844941743178,-3.96997687392204,9.07754484241054
exact1,pc_score_binary,pull_request_opened,github_outcomes,FALSE,split_full_avg,high,observed,3,1.36647303445598,3.0006949197364,-4.51488900822736,7.24783507713932
exact1,pc_score_binary,pull_request_opened,github_outcomes,FALSE,split_full_avg,high,observed,4,1.13923467994902,3.11798437880012,-4.97201470249921,7.25048406239725
exact1,pc_score_binary,pull_request_opened,github_outcomes,FALSE,split_full_avg,high,observed,5,0.340762205659846,3.39445487931587,-6.31236935779926,6.99389376911895
exact1,pc_score_binary,pull_request_opened,github_outcomes,FALSE,split_full_avg,high,observed,6,1.8724234401927,3.63920796007208,-5.26042416154859,9.00527104193398
exact1,pc_score_binary,pull_request_opened,github_outcomes,FALSE,split_full_avg,high,observed,7,2.6652396794808,4.20037919074734,-5.56750353438399,10.8979828933456
exact1,pc_score_binary,pull_request_opened,github_outcomes,FALSE,split_full_avg,high,observed,8,6.87522649993505,3.96535189548903,-0.89686321522344,14.6473162150935
exact1,pc_score_binary,pull_request_opened,github_outcomes,FALSE,split_full_avg,high,observed,9,7.49101957446464,4.16100234409063,-0.664545019952997,15.6465841688823
exact1,pc_score_binary,pull_request_opened,github_outcomes,FALSE,split_full_avg,high,observed,10,7.88924774915767,5.89473571807181,-3.66443425826307,19.4429297565784
exact1,pc_score_binary,pull_request_opened,github_outcomes,FALSE,split_full_avg,high,observed,11,6.45452380436198,5.96358516656978,-5.2341031221148,18.1431507308387
exact1,pc_score_binary,pull_request_opened,github_outcomes,FALSE,split_full_avg,low,observed,-15,28.497713742791,12.8230191295039,3.36459624896325,53.6308312366187
exact1,pc_score_binary,pull_request_opened,github_outcomes,FALSE,split_full_avg,low,observed,-14,21.9516000931331,10.4775881136229,1.4155273904322,42.487672795834
exact1,pc_score_binary,pull_request_opened,github_outcomes,FALSE,split_full_avg,low,observed,-13,27.4475363816677,9.86616433640815,8.10985428230777,46.7852184810277
exact1,pc_score_binary,pull_request_opened,github_outcomes,FALSE,split_full_avg,low,observed,-12,27.3579382561876,13.5326016835598,0.834038956410275,53.8818375559649
exact1,pc_score_binary,pull_request_opened,github_outcomes,FALSE,split_full_avg,low,observed,-11,40.2833983490772,20.5980948628819,-0.0888675821714244,80.6556642803258
exact1,pc_score_binary,pull_request_opened,github_outcomes,FALSE,split_full_avg,low,observed,-10,35.1786217441735,19.191384989314,-2.43649283488195,72.793736323229
exact1,pc_score_binary,pull_request_opened,github_outcomes,FALSE,split_full_avg,low,observed,-9,44.1566827679758,25.6486939268715,-6.11475732869232,94.4281228646439
exact1,pc_score_binary,pull_request_opened,github_outcomes,FALSE,split_full_avg,low,observed,-8,54.2933456833404,31.175898465158,-6.81141530836931,115.39810667505
exact1,pc_score_binary,pull_request_opened,github_outcomes,FALSE,split_full_avg,low,observed,-7,51.0823640369127,29.0016282759142,-5.76082738387911,107.925555457705
exact1,pc_score_binary,pull_request_opened,github_outcomes,FALSE,split_full_avg,low,observed,-6,41.8493853667506,22.0758913694974,-1.41936171746432,85.1181324509655
exact1,pc_score_binary,pull_request_opened,github_outcomes,FALSE,split_full_avg,low,observed,-5,32.6593067417146,17.5610923566085,-1.76043427723805,67.0790477606673
exact1,pc_score_binary,pull_request_opened,github_outcomes,FALSE,split_full_avg,low,observed,-4,20.9499785984061,11.0880914226183,-0.78268058992585,42.6826377867381
exact1,pc_score_binary,pull_request_opened,github_outcomes,FALSE,split_full_avg,low,observed,-3,13.9341371272375,6.39112692599693,1.40752835228352,26.4607459021915
exact1,pc_score_binary,pull_request_opened,github_outcomes,FALSE,split_full_avg,low,observed,-2,9.16442117366088,3.88670055283027,1.54648809011354,16.7823542572082
exact1,pc_score_binary,pull_request_opened,github_outcomes,FALSE,split_full_avg,low,observed,-1,0,0,0,0
exact1,pc_score_binary,pull_request_opened,github_outcomes,FALSE,split_full_avg,low,observed,0,-4.9635434719197,2.17494094917918,-9.2264277323109,-0.7006592115285
exact1,pc_score_binary,pull_request_opened,github_outcomes,FALSE,split_full_avg,low,observed,1,-9.68274094715569,4.11258414118373,-17.7434058638758,-1.62207603043558
exact1,pc_score_binary,pull_request_opened,github_outcomes,FALSE,split_full_avg,low,observed,2,-14.5856993152816,6.60223484179756,-27.5260796052049,-1.64531902535842
exact1,pc_score_binary,pull_request_opened,github_outcomes,FALSE,split_full_avg,low,observed,3,-19.557904969582,8.60287682707042,-36.4195435506401,-2.69626638852402
exact1,pc_score_binary,pull_request_opened,github_outcomes,FALSE,split_full_avg,low,observed,4,-22.4921767100091,9.90322479937478,-41.9024973167837,-3.08185610323455
exact1,pc_score_binary,pull_request_opened,github_outcomes,FALSE,split_full_avg,low,observed,5,-20.6154619300973,9.60364196900832,-39.4386001893536,-1.79232367084103
exact1,pc_score_binary,pull_request_opened,github_outcomes,FALSE,split_full_avg,low,observed,6,-26.3615258735728,12.8520614875942,-51.5515663892574,-1.1714853578882
exact1,pc_score_binary,pull_request_opened,github_outcomes,FALSE,split_full_avg,low,observed,7,-20.0610424686486,11.6680806805947,-42.9304806026142,2.80839566531694
exact1,pc_score_binary,pull_request_opened,github_outcomes,FALSE,split_full_avg,low,observed,8,-22.2808927837929,12.2662366833114,-46.3227166830832,1.76093111549752
exact1,pc_score_binary,pull_request_opened,github_outcomes,FALSE,split_full_avg,low,observed,9,-26.901781089114,12.8977260230097,-52.1813240942129,-1.62223808401501
exact1,pc_score_binary,pull_request_opened,github_outcomes,FALSE,split_full_avg,low,observed,10,-33.9306021562264,16.7323698615533,-66.7260470848709,-1.13515722758194
exact1,pc_score_binary,pull_request_opened,github_outcomes,FALSE,split_full_avg,low,observed,11,-31.2094723177815,19.3118363289829,-69.060671522588,6.64172688702491
exact1,pc_score_binary,pull_request_merged,github_outcomes,FALSE,split_full_avg,high,observed,-15,-3.09632665089184,4.22845335981013,-11.3840952361197,5.19144193433601
exact1,pc_score_binary,pull_request_merged,github_outcomes,FALSE,split_full_avg,high,observed,-14,-1.76450147847373,3.69773737579752,-9.01206673503687,5.48306377808941
exact1,pc_score_binary,pull_request_merged,github_outcomes,FALSE,split_full_avg,high,observed,-13,-1.39133486972058,3.47310430450339,-8.19861930654723,5.41594956710607
exact1,pc_score_binary,pull_request_merged,github_outcomes,FALSE,split_full_avg,high,observed,-12,-3.10092814128301,3.37262321740268,-9.71126964739226,3.50941336482625
exact1,pc_score_binary,pull_request_merged,github_outcomes,FALSE,split_full_avg,high,observed,-11,0.0356193406234127,3.32501701104367,-6.48141400102217,6.552652682269
exact1,pc_score_binary,pull_request_merged,github_outcomes,FALSE,split_full_avg,high,observed,-10,2.55127568514719,3.1180181881688,-3.56003996366366,8.66259133395804
exact1,pc_score_binary,pull_request_merged,github_outcomes,FALSE,split_full_avg,high,observed,-9,2.12349673592191,3.8137478214163,-5.35144899405403,9.59844246589785
exact1,pc_score_binary,pull_request_merged,github_outcomes,FALSE,split_full_avg,high,observed,-8,-0.256166054980444,3.39018407399148,-6.90092684000374,6.38859473004286
exact1,pc_score_binary,pull_request_merged,github_outcomes,FALSE,split_full_avg,high,observed,-7,-0.136756123289288,3.68302840208921,-7.35549179138414,7.08197954480556
exact1,pc_score_binary,pull_request_merged,github_outcomes,FALSE,split_full_avg,high,observed,-6,-1.70371392777058,3.6937965269259,-8.94355512054534,5.53612726500418
exact1,pc_score_binary,pull_request_merged,github_outcomes,FALSE,split_full_avg,high,observed,-5,-1.701560780637,2.96909795292563,-7.52099276837123,4.11787120709723
exact1,pc_score_binary,pull_request_merged,github_outcomes,FALSE,split_full_avg,high,observed,-4,-0.141177375960164,2.48515849452253,-5.01208802522433,4.729733273304
exact1,pc_score_binary,pull_request_merged,github_outcomes,FALSE,split_full_avg,high,observed,-3,0.603385122916641,2.0698119282311,-3.45344625641631,4.66021650224959
exact1,pc_score_binary,pull_request_merged,github_outcomes,FALSE,split_full_avg,high,observed,-2,-0.322419684688767,1.36372947096114,-2.9953294477726,2.35049007839507
exact1,pc_score_binary,pull_request_merged,github_outcomes,FALSE,split_full_avg,high,observed,-1,0,0,0,0
exact1,pc_score_binary,pull_request_merged,github_outcomes,FALSE,split_full_avg,high,observed,0,0.391370364093822,1.24552652343059,-2.04986162183014,2.83260235001778
exact1,pc_score_binary,pull_request_merged,github_outcomes,FALSE,split_full_avg,high,observed,1,0.704504300546318,1.66276525594761,-2.554515601111,3.96352420220364
exact1,pc_score_binary,pull_request_merged,github_outcomes,FALSE,split_full_avg,high,observed,2,1.44474930962074,2.03377296687071,-2.54144570544585,5.43094432468734
exact1,pc_score_binary,pull_request_merged,github_outcomes,FALSE,split_full_avg,high,observed,3,1.78761077362558,2.25269880374519,-2.627678881715,6.20290042896615
exact1,pc_score_binary,pull_request_merged,github_outcomes,FALSE,split_full_avg,high,observed,4,2.36481888009866,2.37066909883323,-2.28169255361446,7.01133031381179
exact1,pc_score_binary,pull_request_merged,github_outcomes,FALSE,split_full_avg,high,observed,5,1.48573539552515,2.49087352941269,-3.39637672212371,6.36784751317402
exact1,pc_score_binary,pull_request_merged,github_outcomes,FALSE,split_full_avg,high,observed,6,3.68547173300941,2.69344739502799,-1.59368516124546,8.96462862726427
exact1,pc_score_binary,pull_request_merged,github_outcomes,FALSE,split_full_avg,high,observed,7,3.75195392842464,3.32124098157762,-2.7576783954675,10.2615862523168
exact1,pc_score_binary,pull_request_merged,github_outcomes,FALSE,split_full_avg,high,observed,8,7.64261053918553,2.94521267430812,1.86999369754161,13.4152273808294
exact1,pc_score_binary,pull_request_merged,github_outcomes,FALSE,split_full_avg,high,observed,9,8.76709563333952,3.00307951767675,2.88105977869308,14.653131487986
exact1,pc_score_binary,pull_request_merged,github_outcomes,FALSE,split_full_avg,high,observed,10,9.42566721204537,3.70030121429156,2.17307683203391,16.6782575920568
exact1,pc_score_binary,pull_request_merged,github_outcomes,FALSE,split_full_avg,high,observed,11,9.02556344584061,4.34706230158546,0.505321334733116,17.5458055569481
exact1,pc_score_binary,pull_request_merged,github_outcomes,FALSE,split_full_avg,low,observed,-15,15.0806631763042,7.74976416092778,-0.108874579114296,30.2702009317226
exact1,pc_score_binary,pull_request_merged,github_outcomes,FALSE,split_full_avg,low,observed,-14,11.2611566027206,6.56192010273648,-1.60020679864289,24.1225200040841
exact1,pc_score_binary,pull_request_merged,github_outcomes,FALSE,split_full_avg,low,observed,-13,14.0761283109508,5.63686184428611,3.02787909615002,25.1243775257516
exact1,pc_score_binary,pull_request_merged,github_outcomes,FALSE,split_full_avg,low,observed,-12,13.2738462293038,9.18981768874428,-4.73819644063503,31.2858888992426
exact1,pc_score_binary,pull_request_merged,github_outcomes,FALSE,split_full_avg,low,observed,-11,14.5936692595937,9.2867782773743,-3.60841616405994,32.7957546832473
exact1,pc_score_binary,pull_request_merged,github_outcomes,FALSE,split_full_avg,low,observed,-10,12.145607232139,10.0374513198335,-7.52779735473461,31.8190118190127
exact1,pc_score_binary,pull_request_merged,github_outcomes,FALSE,split_full_avg,low,observed,-9,13.019576125003,12.7409556028015,-11.952696856488,37.991849106494
exact1,pc_score_binary,pull_request_merged,github_outcomes,FALSE,split_full_avg,low,observed,-8,16.1756998000421,12.8017891660913,-8.91580696549689,41.2672065655812
exact1,pc_score_binary,pull_request_merged,github_outcomes,FALSE,split_full_avg,low,observed,-7,13.7785755435476,11.1012809337254,-7.97993508655428,35.5370861736494
exact1,pc_score_binary,pull_request_merged,github_outcomes,FALSE,split_full_avg,low,observed,-6,12.4885930614772,9.58691362926961,-6.3017576518912,31.2789437748457
exact1,pc_score_binary,pull_request_merged,github_outcomes,FALSE,split_full_avg,low,observed,-5,11.0998825384707,7.68859667529774,-3.96976694511282,26.1695320220543
exact1,pc_score_binary,pull_request_merged,github_outcomes,FALSE,split_full_avg,low,observed,-4,7.88830598925988,5.15560025117765,-2.21667050304831,17.9932824815681
exact1,pc_score_binary,pull_request_merged,github_outcomes,FALSE,split_full_avg,low,observed,-3,6.43079404961653,4.08169064610177,-1.56931961674294,14.430907715976
exact1,pc_score_binary,pull_request_merged,github_outcomes,FALSE,split_full_avg,low,observed,-2,4.23729089900554,2.18375373257669,-0.0428664168447748,8.51744821485585
exact1,pc_score_binary,pull_request_merged,github_outcomes,FALSE,split_full_avg,low,observed,-1,0,0,0,0
exact1,pc_score_binary,pull_request_merged,github_outcomes,FALSE,split_full_avg,low,observed,0,-3.45455648354896,1.48682802276674,-6.36873940817177,-0.540373558926143
exact1,pc_score_binary,pull_request_merged,github_outcomes,FALSE,split_full_avg,low,observed,1,-6.75433269535319,2.31308734898965,-11.2879838993729,-2.22068149133347
exact1,pc_score_binary,pull_request_merged,github_outcomes,FALSE,split_full_avg,low,observed,2,-11.0323357968682,3.72778081528379,-18.3387861948244,-3.72588539891192
exact1,pc_score_binary,pull_request_merged,github_outcomes,FALSE,split_full_avg,low,observed,3,-11.6290195616301,4.31688130810511,-20.0901069255161,-3.16793219774411
exact1,pc_score_binary,pull_request_merged,github_outcomes,FALSE,split_full_avg,low,observed,4,-12.393185134814,4.65528638316034,-21.5175464458082,-3.2688238238197
exact1,pc_score_binary,pull_request_merged,github_outcomes,FALSE,split_full_avg,low,observed,5,-10.6928988411243,3.88319630745701,-18.30396360374,-3.08183407850853
exact1,pc_score_binary,pull_request_merged,github_outcomes,FALSE,split_full_avg,low,observed,6,-14.4232400586664,5.74389514943906,-25.681274551567,-3.16520556576584
exact1,pc_score_binary,pull_request_merged,github_outcomes,FALSE,split_full_avg,low,observed,7,-9.31106781933271,4.41998122409844,-17.9742310185656,-0.647904620099778
exact1,pc_score_binary,pull_request_merged,github_outcomes,FALSE,split_full_avg,low,observed,8,-7.02833778152336,3.99019655118878,-14.8491230218534,0.79244745880665
exact1,pc_score_binary,pull_request_merged,github_outcomes,FALSE,split_full_avg,low,observed,9,-10.7397157529524,4.767960282453,-20.0849179065602,-1.39451359934447
exact1,pc_score_binary,pull_request_merged,github_outcomes,FALSE,split_full_avg,low,observed,10,-12.8581639000618,6.31115674557302,-25.2280311213849,-0.488296678738639
exact1,pc_score_binary,pull_request_merged,github_outcomes,FALSE,split_full_avg,low,observed,11,-11.7541237765262,8.54835483523678,-28.5088992535903,5.00065170053791
exact1,pc_score_binary,overall_new_release_count,downstream_outcomes,FALSE,split_full_avg,high,observed,-15,1.16139546045241,2.22757828075887,-3.20465796983498,5.5274488907398
exact1,pc_score_binary,overall_new_release_count,downstream_outcomes,FALSE,split_full_avg,high,observed,-14,2.98867024790667,1.77102889890274,-0.482546393942694,6.45988688975603
exact1,pc_score_binary,overall_new_release_count,downstream_outcomes,FALSE,split_full_avg,high,observed,-13,0.180961441925471,3.66240105487257,-6.99734462562477,7.35926750947572
exact1,pc_score_binary,overall_new_release_count,downstream_outcomes,FALSE,split_full_avg,high,observed,-12,1.45058811052784,3.09961357158094,-4.6246544897708,7.52583071082647
exact1,pc_score_binary,overall_new_release_count,downstream_outcomes,FALSE,split_full_avg,high,observed,-11,2.01685826459422,2.37363382905923,-2.63546404036188,6.66918056955032
exact1,pc_score_binary,overall_new_release_count,downstream_outcomes,FALSE,split_full_avg,high,observed,-10,2.08672146536888,2.09238775090966,-2.01435852641406,6.18780145715182
exact1,pc_score_binary,overall_new_release_count,downstream_outcomes,FALSE,split_full_avg,high,observed,-9,1.50190428203823,2.36543571318369,-3.13434971580181,6.13815827987826
exact1,pc_score_binary,overall_new_release_count,downstream_outcomes,FALSE,split_full_avg,high,observed,-8,2.46612773420878,2.09133915108765,-1.63289700192302,6.56515247034059
exact1,pc_score_binary,overall_new_release_count,downstream_outcomes,FALSE,split_full_avg,high,observed,-7,1.42424884480707,2.33176870265058,-3.14601781238806,5.9945155020022
exact1,pc_score_binary,overall_new_release_count,downstream_outcomes,FALSE,split_full_avg,high,observed,-6,0.707557411929983,2.14292117522377,-3.4925680915086,4.90768291536857
exact1,pc_score_binary,overall_new_release_count,downstream_outcomes,FALSE,split_full_avg,high,observed,-5,-1.95153893362302,2.89164839618139,-7.61916979013854,3.71609192289249
exact1,pc_score_binary,overall_new_release_count,downstream_outcomes,FALSE,split_full_avg,high,observed,-4,-1.1426351904611,2.99801275409123,-7.01874018847991,4.7334698075577
exact1,pc_score_binary,overall_new_release_count,downstream_outcomes,FALSE,split_full_avg,high,observed,-3,-1.71597867559816,2.30360871525776,-6.23105175750336,2.79909440630704
exact1,pc_score_binary,overall_new_release_count,downstream_outcomes,FALSE,split_full_avg,high,observed,-2,-1.3391349973758,1.57085118031014,-4.41800331078368,1.73973331603208
exact1,pc_score_binary,overall_new_release_count,downstream_outcomes,FALSE,split_full_avg,high,observed,-1,0,0,0,0
exact1,pc_score_binary,overall_new_release_count,downstream_outcomes,FALSE,split_full_avg,high,observed,0,-0.394906186303843,0.623822454050061,-1.61759819624196,0.827785823634276
exact1,pc_score_binary,overall_new_release_count,downstream_outcomes,FALSE,split_full_avg,high,observed,1,-0.696046204962879,0.741414677600128,-2.14921897305913,0.757126563133372
exact1,pc_score_binary,overall_new_release_count,downstream_outcomes,FALSE,split_full_avg,high,observed,2,-1.99028395450916,1.25529546967732,-4.45066307507671,0.470095166058377
exact1,pc_score_binary,overall_new_release_count,downstream_outcomes,FALSE,split_full_avg,high,observed,3,-3.35454590248255,2.59391973924725,-8.43862859140717,1.72953678644206
exact1,pc_score_binary,overall_new_release_count,downstream_outcomes,FALSE,split_full_avg,high,observed,4,-3.44786108699558,2.75688678112665,-8.85135917800382,1.95563700401266
exact1,pc_score_binary,overall_new_release_count,downstream_outcomes,FALSE,split_full_avg,high,observed,5,-3.36142733018979,2.77021435007486,-8.79104745633651,2.06819279595694
exact1,pc_score_binary,overall_new_release_count,downstream_outcomes,FALSE,split_full_avg,high,observed,6,-3.17079916507685,3.65240659422613,-10.32951608976,3.98791775960636
exact1,pc_score_binary,overall_new_release_count,downstream_outcomes,FALSE,split_full_avg,high,observed,7,-5.51849634713619,5.16208609805422,-15.6361850993225,4.59919240505008
exact1,pc_score_binary,overall_new_release_count,downstream_outcomes,FALSE,split_full_avg,high,observed,8,-0.578127743863626,1.80941998546061,-4.12459091536641,2.96833542763916
exact1,pc_score_binary,overall_new_release_count,downstream_outcomes,FALSE,split_full_avg,high,observed,9,-2.01494380877482,2.24996837981849,-6.42488183321907,2.39499421566943
exact1,pc_score_binary,overall_new_release_count,downstream_outcomes,FALSE,split_full_avg,high,observed,10,-4.2954354726711,3.4967070891744,-11.1489813674529,2.55811042211073
exact1,pc_score_binary,overall_new_release_count,downstream_outcomes,FALSE,split_full_avg,high,observed,11,-2.82637280162738,2.2279375881401,-7.19313047438198,1.54038487112722
exact1,pc_score_binary,overall_new_release_count,downstream_outcomes,FALSE,split_full_avg,low,observed,-15,0.516954979212381,0.77405125269024,-1.00018547606049,2.03409543448525
exact1,pc_score_binary,overall_new_release_count,downstream_outcomes,FALSE,split_full_avg,low,observed,-14,-0.268794480314771,1.40746150155851,-3.02741902336946,2.48983006273992
exact1,pc_score_binary,overall_new_release_count,downstream_outcomes,FALSE,split_full_avg,low,observed,-13,0.37940358772114,1.32537409169124,-2.21832963199369,2.97713680743597
exact1,pc_score_binary,overall_new_release_count,downstream_outcomes,FALSE,split_full_avg,low,observed,-12,0.86005311293974,1.04723934956022,-1.19253601219829,2.91264223807777
exact1,pc_score_binary,overall_new_release_count,downstream_outcomes,FALSE,split_full_avg,low,observed,-11,1.41918209380991,1.17955688881209,-0.892749408261791,3.73111359588162
exact1,pc_score_binary,overall_new_release_count,downstream_outcomes,FALSE,split_full_avg,low,observed,-10,1.70681599065513,1.19106479420321,-0.627671005983161,4.04130298729343
exact1,pc_score_binary,overall_new_release_count,downstream_outcomes,FALSE,split_full_avg,low,observed,-9,1.24092279328211,1.05863535988121,-0.834002512085057,3.31584809864928
exact1,pc_score_binary,overall_new_release_count,downstream_outcomes,FALSE,split_full_avg,low,observed,-8,1.474947365724,1.04682202436919,-0.576823802039603,3.52671853348761
exact1,pc_score_binary,overall_new_release_count,downstream_outcomes,FALSE,split_full_avg,low,observed,-7,0.861068815156794,0.952551040248348,-1.00593122372997,2.72806885404356
exact1,pc_score_binary,overall_new_release_count,downstream_outcomes,FALSE,split_full_avg,low,observed,-6,0.862757756768032,0.880452293818336,-0.862928739115908,2.58844425265197
exact1,pc_score_binary,overall_new_release_count,downstream_outcomes,FALSE,split_full_avg,low,observed,-5,0.349623124057479,0.756034027746165,-1.13220357032501,1.83144981843996
exact1,pc_score_binary,overall_new_release_count,downstream_outcomes,FALSE,split_full_avg,low,observed,-4,-0.238358030663744,0.702595171212008,-1.61544456623928,1.13872850491179
exact1,pc_score_binary,overall_new_release_count,downstream_outcomes,FALSE,split_full_avg,low,observed,-3,-0.195319405013575,0.606916261584817,-1.38487527771982,0.994236467692667
exact1,pc_score_binary,overall_new_release_count,downstream_outcomes,FALSE,split_full_avg,low,observed,-2,0.028843423623697,0.453871805801627,-0.860745315747491,0.918432162994885
exact1,pc_score_binary,overall_new_release_count,downstream_outcomes,FALSE,split_full_avg,low,observed,-1,0,0,0,0
exact1,pc_score_binary,overall_new_release_count,downstream_outcomes,FALSE,split_full_avg,low,observed,0,-0.618295928824369,0.485526238776879,-1.56992735682705,0.333335499178313
exact1,pc_score_binary,overall_new_release_count,downstream_outcomes,FALSE,split_full_avg,low,observed,1,-1.14799418532437,0.592288502054203,-2.3088796493506,0.0128912787018709
exact1,pc_score_binary,overall_new_release_count,downstream_outcomes,FALSE,split_full_avg,low,observed,2,-1.15676192956865,0.697297404656516,-2.52346484269543,0.209940983558116
exact1,pc_score_binary,overall_new_release_count,downstream_outcomes,FALSE,split_full_avg,low,observed,3,-1.13839141781866,0.792353886978876,-2.69140503629726,0.414622200659934
exact1,pc_score_binary,overall_new_release_count,downstream_outcomes,FALSE,split_full_avg,low,observed,4,-1.28756235900917,0.855159070592059,-2.96367413736961,0.388549419351263
exact1,pc_score_binary,overall_new_release_count,downstream_outcomes,FALSE,split_full_avg,low,observed,5,-1.87547837952689,0.884306223841978,-3.60871857825716,-0.14223818079661
exact1,pc_score_binary,overall_new_release_count,downstream_outcomes,FALSE,split_full_avg,low,observed,6,-2.14944939155723,1.0296201847697,-4.16750495370585,-0.131393829408619
exact1,pc_score_binary,overall_new_release_count,downstream_outcomes,FALSE,split_full_avg,low,observed,7,-1.42394971214157,1.16962108739051,-3.71640704342697,0.868507619143834
exact1,pc_score_binary,overall_new_release_count,downstream_outcomes,FALSE,split_full_avg,low,observed,8,-1.37880157853506,1.36358842768345,-4.05143489679463,1.29383173972452
exact1,pc_score_binary,overall_new_release_count,downstream_outcomes,FALSE,split_full_avg,low,observed,9,-1.609791772103,1.31522872382596,-4.18764007080187,0.968056526595876
exact1,pc_score_binary,overall_new_release_count,downstream_outcomes,FALSE,split_full_avg,low,observed,10,-2.35053383451917,1.5045397745218,-5.2994317925819,0.598364123543551
exact1,pc_score_binary,overall_new_release_count,downstream_outcomes,FALSE,split_full_avg,low,observed,11,-2.49643477792044,2.02623571721068,-6.46785678365336,1.47498722781249
exact1,pc_score_binary,pull_request_opened,github_outcomes,FALSE,split_period1,high,observed,-15,2.37022128936304,9.57669712314743,-16.4001050720059,21.140547650732
exact1,pc_score_binary,pull_request_opened,github_outcomes,FALSE,split_period1,high,observed,-14,2.38803282984827,6.82499281847459,-10.9889530943619,15.7650187540585
exact1,pc_score_binary,pull_request_opened,github_outcomes,FALSE,split_period1,high,observed,-13,9.0093262700354,5.46678017505299,-1.70556287306846,19.7242154131393
exact1,pc_score_binary,pull_request_opened,github_outcomes,FALSE,split_period1,high,observed,-12,7.89827426470461,7.41751778103469,-6.64006058612339,22.4366091155326
exact1,pc_score_binary,pull_request_opened,github_outcomes,FALSE,split_period1,high,observed,-11,14.6658791080908,12.6405425924273,-10.1095843730668,39.4413425892484
exact1,pc_score_binary,pull_request_opened,github_outcomes,FALSE,split_period1,high,observed,-10,15.915216043941,13.7684092546064,-11.0708660950874,42.9012981829695
exact1,pc_score_binary,pull_request_opened,github_outcomes,FALSE,split_period1,high,observed,-9,15.9306220352124,13.1003289590355,-9.74602272449722,41.607266794922
exact1,pc_score_binary,pull_request_opened,github_outcomes,FALSE,split_period1,high,observed,-8,11.1467649426239,13.4511666499528,-15.2175216912837,37.5110515765315
exact1,pc_score_binary,pull_request_opened,github_outcomes,FALSE,split_period1,high,observed,-7,9.03454397279447,9.8759883195025,-10.3223931334304,28.3914810790194
exact1,pc_score_binary,pull_request_opened,github_outcomes,FALSE,split_period1,high,observed,-6,3.36651288190608,8.65391806353876,-13.5951665226299,20.3281922864421
exact1,pc_score_binary,pull_request_opened,github_outcomes,FALSE,split_period1,high,observed,-5,2.68351447338685,7.07371570432351,-11.1809683070872,16.5479972538609
exact1,pc_score_binary,pull_request_opened,github_outcomes,FALSE,split_period1,high,observed,-4,0.133821947255623,5.14342257358016,-9.94728629696148,10.2149301914727
exact1,pc_score_binary,pull_request_opened,github_outcomes,FALSE,split_period1,high,observed,-3,0.499776657166902,3.51843328391322,-6.39635257930302,7.39590589363682
exact1,pc_score_binary,pull_request_opened,github_outcomes,FALSE,split_period1,high,observed,-2,0.691918529346959,1.99263262661179,-3.21364141881215,4.59747847750607
exact1,pc_score_binary,pull_request_opened,github_outcomes,FALSE,split_period1,high,observed,-1,0,0,0,0
exact1,pc_score_binary,pull_request_opened,github_outcomes,FALSE,split_period1,high,observed,0,2.14353138208671,2.7423277434642,-3.23143099510313,7.51849375927654
exact1,pc_score_binary,pull_request_opened,github_outcomes,FALSE,split_period1,high,observed,1,1.74462730677137,3.79895064486522,-5.70131595716447,9.19057057070721
exact1,pc_score_binary,pull_request_opened,github_outcomes,FALSE,split_period1,high,observed,2,-2.47225057341291,5.07666005798088,-12.4225042870554,7.47800314022961
exact1,pc_score_binary,pull_request_opened,github_outcomes,FALSE,split_period1,high,observed,3,-4.70756163332074,5.5176131445827,-15.5220833967028,6.10696013006136
exact1,pc_score_binary,pull_request_opened,github_outcomes,FALSE,split_period1,high,observed,4,-6.66738306189217,5.95187637520067,-18.3330607572855,4.99829463350114
exact1,pc_score_binary,pull_request_opened,github_outcomes,FALSE,split_period1,high,observed,5,-6.21008179461103,4.90513504397626,-15.8241464808045,3.40398289158244
exact1,pc_score_binary,pull_request_opened,github_outcomes,FALSE,split_period1,high,observed,6,-5.16773356817531,5.35378313094944,-15.6611485048362,5.32568136848559
exact1,pc_score_binary,pull_request_opened,github_outcomes,FALSE,split_period1,high,observed,7,-4.02480887591327,4.92743844002007,-13.6825882183526,5.63297046652608
exact1,pc_score_binary,pull_request_opened,github_outcomes,FALSE,split_period1,high,observed,8,-0.658698750691318,4.77010194386185,-10.0080985606605,8.6907010592779
exact1,pc_score_binary,pull_request_opened,github_outcomes,FALSE,split_period1,high,observed,9,-0.862262972222709,6.35626688672509,-13.3205460702039,11.5960201257585
exact1,pc_score_binary,pull_request_opened,github_outcomes,FALSE,split_period1,high,observed,10,-8.84317851718371,12.1514303973874,-32.6599820960629,14.9736250616955
exact1,pc_score_binary,pull_request_opened,github_outcomes,FALSE,split_period1,high,observed,11,4.63301195900661,5.97546673775469,-7.07890284699258,16.3449267650058
exact1,pc_score_binary,pull_request_opened,github_outcomes,FALSE,split_period1,low,observed,-15,20.6157970997543,10.1218030894979,0.77706304433837,40.4545311551702
exact1,pc_score_binary,pull_request_opened,github_outcomes,FALSE,split_period1,low,observed,-14,14.2902883958938,8.9289534988017,-3.21046046175754,31.7910372535451
exact1,pc_score_binary,pull_request_opened,github_outcomes,FALSE,split_period1,low,observed,-13,15.3575201874382,9.10517688926478,-2.48862651552073,33.2036668903972
exact1,pc_score_binary,pull_request_opened,github_outcomes,FALSE,split_period1,low,observed,-12,18.4390696130733,11.4978840473484,-4.0967831197295,40.9749223458762
exact1,pc_score_binary,pull_request_opened,github_outcomes,FALSE,split_period1,low,observed,-11,34.0836011096828,20.9927665746806,-7.06222137669117,75.2294235960567
exact1,pc_score_binary,pull_request_opened,github_outcomes,FALSE,split_period1,low,observed,-10,23.9742009678636,16.6757967622188,-8.71036068608532,56.6587626218124
exact1,pc_score_binary,pull_request_opened,github_outcomes,FALSE,split_period1,low,observed,-9,26.849949731034,19.8626158508482,-12.0807773366286,65.7806767986965
exact1,pc_score_binary,pull_request_opened,github_outcomes,FALSE,split_period1,low,observed,-8,36.6232696111379,24.9337002676885,-12.2467829135316,85.4933221358073
exact1,pc_score_binary,pull_request_opened,github_outcomes,FALSE,split_period1,low,observed,-7,38.003279200303,25.5263108272399,-12.0282900210872,88.0348484216933
exact1,pc_score_binary,pull_request_opened,github_outcomes,FALSE,split_period1,low,observed,-6,35.2323602905754,22.1542710871611,-8.19001104026048,78.6547316214112
exact1,pc_score_binary,pull_request_opened,github_outcomes,FALSE,split_period1,low,observed,-5,25.9513178144662,16.9740691563642,-7.31785773200765,59.22049336094
exact1,pc_score_binary,pull_request_opened,github_outcomes,FALSE,split_period1,low,observed,-4,18.3180896605645,10.8651959573213,-2.97769441578526,39.6138737369142
exact1,pc_score_binary,pull_request_opened,github_outcomes,FALSE,split_period1,low,observed,-3,11.7136908732362,5.66544476792182,0.609419128109426,22.817962618363
exact1,pc_score_binary,pull_request_opened,github_outcomes,FALSE,split_period1,low,observed,-2,8.23365957057304,3.87237043908509,0.643813509966276,15.8235056311798
exact1,pc_score_binary,pull_request_opened,github_outcomes,FALSE,split_period1,low,observed,-1,0,0,0,0
exact1,pc_score_binary,pull_request_opened,github_outcomes,FALSE,split_period1,low,observed,0,-6.72421903283304,2.27409943537291,-11.1814539261639,-2.26698413950213
exact1,pc_score_binary,pull_request_opened,github_outcomes,FALSE,split_period1,low,observed,1,-10.1532171920306,3.95510333556561,-17.9052197297392,-2.40121465432199
exact1,pc_score_binary,pull_request_opened,github_outcomes,FALSE,split_period1,low,observed,2,-10.2491985119273,5.36178946979494,-20.7583058727254,0.259908848870776
exact1,pc_score_binary,pull_request_opened,github_outcomes,FALSE,split_period1,low,observed,3,-12.5488789838456,6.7100263582097,-25.7005306459366,0.602772678245428
exact1,pc_score_binary,pull_request_opened,github_outcomes,FALSE,split_period1,low,observed,4,-14.5499850425896,8.13610795766098,-30.4967566396051,1.39678655442589
exact1,pc_score_binary,pull_request_opened,github_outcomes,FALSE,split_period1,low,observed,5,-14.6986270482429,8.7001030312302,-31.7508289894541,2.35357489296833
exact1,pc_score_binary,pull_request_opened,github_outcomes,FALSE,split_period1,low,observed,6,-19.0905136075549,11.3192520489122,-41.2762476234228,3.09522040831307
exact1,pc_score_binary,pull_request_opened,github_outcomes,FALSE,split_period1,low,observed,7,-15.1845994305838,11.5765190985377,-37.8745768637178,7.5053780025501
exact1,pc_score_binary,pull_request_opened,github_outcomes,FALSE,split_period1,low,observed,8,-16.0207917677755,12.0657343406459,-39.6696310754416,7.62804753989054
exact1,pc_score_binary,pull_request_opened,github_outcomes,FALSE,split_period1,low,observed,9,-18.7297382964708,12.0392822009569,-42.3267314103464,4.86725481740474
exact1,pc_score_binary,pull_request_opened,github_outcomes,FALSE,split_period1,low,observed,10,-22.2163766180431,13.6888343213303,-49.0464918878505,4.61373865176439
exact1,pc_score_binary,pull_request_opened,github_outcomes,FALSE,split_period1,low,observed,11,-29.239595103293,19.0751174325075,-66.6268252710077,8.14763506442166
exact1,pc_score_binary,pull_request_merged,github_outcomes,FALSE,split_period1,high,observed,-15,0.677733014204716,6.85916290344845,-12.7662262765542,14.1216923049637
exact1,pc_score_binary,pull_request_merged,github_outcomes,FALSE,split_period1,high,observed,-14,0.424583842325313,4.40239533984831,-8.20411102377738,9.053278708428
exact1,pc_score_binary,pull_request_merged,github_outcomes,FALSE,split_period1,high,observed,-13,4.47175543112795,3.80092462391683,-2.97805683174904,11.9215676940049
exact1,pc_score_binary,pull_request_merged,github_outcomes,FALSE,split_period1,high,observed,-12,3.59135903360477,5.08275220841637,-6.37083529489131,13.5535533621009
exact1,pc_score_binary,pull_request_merged,github_outcomes,FALSE,split_period1,high,observed,-11,7.88347251969747,8.58497333857687,-8.94307522391319,24.7100202633081
exact1,pc_score_binary,pull_request_merged,github_outcomes,FALSE,split_period1,high,observed,-10,10.7749736748998,9.2618131006538,-7.3781800023817,28.9281273521812
exact1,pc_score_binary,pull_request_merged,github_outcomes,FALSE,split_period1,high,observed,-9,9.16964305852188,8.49817413925786,-7.48677825442353,25.8260643714673
exact1,pc_score_binary,pull_request_merged,github_outcomes,FALSE,split_period1,high,observed,-8,6.92672172225409,9.00209921891039,-10.7173927468103,24.5708361913185
exact1,pc_score_binary,pull_request_merged,github_outcomes,FALSE,split_period1,high,observed,-7,5.25491527453769,6.66483995860597,-7.80817104433001,18.3180015934054
exact1,pc_score_binary,pull_request_merged,github_outcomes,FALSE,split_period1,high,observed,-6,2.03202700654653,6.07522707555327,-9.87541806153788,13.9394720746309
exact1,pc_score_binary,pull_request_merged,github_outcomes,FALSE,split_period1,high,observed,-5,1.57967734091324,5.03950776277417,-8.29775787412414,11.4571125559506
exact1,pc_score_binary,pull_request_merged,github_outcomes,FALSE,split_period1,high,observed,-4,0.0619711445431588,3.72166419432041,-7.23249067632484,7.35643296541116
exact1,pc_score_binary,pull_request_merged,github_outcomes,FALSE,split_period1,high,observed,-3,0.0293813831937392,2.45710463223326,-4.78654369598346,4.84530646237094
exact1,pc_score_binary,pull_request_merged,github_outcomes,FALSE,split_period1,high,observed,-2,0.121532472454014,1.44674963909383,-2.71409682016988,2.95716176507791
exact1,pc_score_binary,pull_request_merged,github_outcomes,FALSE,split_period1,high,observed,-1,0,0,0,0
exact1,pc_score_binary,pull_request_merged,github_outcomes,FALSE,split_period1,high,observed,0,0.876182507052464,1.78836766345671,-2.62901811332269,4.38138312742762
exact1,pc_score_binary,pull_request_merged,github_outcomes,FALSE,split_period1,high,observed,1,0.615429091561152,2.21625015826856,-3.72842121864522,4.95927940176752
exact1,pc_score_binary,pull_request_merged,github_outcomes,FALSE,split_period1,high,observed,2,-2.3464084660425,3.33688923532006,-8.88671136726982,4.19389443518481
exact1,pc_score_binary,pull_request_merged,github_outcomes,FALSE,split_period1,high,observed,3,-3.13125869645725,4.06752784260153,-11.1036132679562,4.84109587504175
exact1,pc_score_binary,pull_request_merged,github_outcomes,FALSE,split_period1,high,observed,4,-3.82559913424524,4.35677447246174,-12.3648771002703,4.71367883177977
exact1,pc_score_binary,pull_request_merged,github_outcomes,FALSE,split_period1,high,observed,5,-3.75834683009776,3.6380932732991,-10.889009645764,3.37231598556848
exact1,pc_score_binary,pull_request_merged,github_outcomes,FALSE,split_period1,high,observed,6,-2.17865364075019,3.9264475741216,-9.87449088602853,5.51718360452814
exact1,pc_score_binary,pull_request_merged,github_outcomes,FALSE,split_period1,high,observed,7,-0.532567661245751,3.45615027680362,-7.30662220378085,6.24148688128935
exact1,pc_score_binary,pull_request_merged,github_outcomes,FALSE,split_period1,high,observed,8,3.08774829650667,3.48778987398183,-3.74831985649771,9.92381644951105
exact1,pc_score_binary,pull_request_merged,github_outcomes,FALSE,split_period1,high,observed,9,3.31496721737296,4.77927886366345,-6.05241935540739,12.6823537901533
exact1,pc_score_binary,pull_request_merged,github_outcomes,FALSE,split_period1,high,observed,10,-1.60256067914197,8.36210104668732,-17.9922787306491,14.7871573723652
exact1,pc_score_binary,pull_request_merged,github_outcomes,FALSE,split_period1,high,observed,11,7.70547503514365,4.52489861831821,-1.16332625676004,16.5742763270473
exact1,pc_score_binary,pull_request_merged,github_outcomes,FALSE,split_period1,low,observed,-15,9.89549911974484,5.48278333453564,-0.850756215945019,20.6417544554347
exact1,pc_score_binary,pull_request_merged,github_outcomes,FALSE,split_period1,low,observed,-14,5.58924325102788,5.35805770970529,-4.91254985999449,16.0910363620503
exact1,pc_score_binary,pull_request_merged,github_outcomes,FALSE,split_period1,low,observed,-13,3.94166736259672,5.78720245987573,-7.40124945875971,15.2845841839532
exact1,pc_score_binary,pull_request_merged,github_outcomes,FALSE,split_period1,low,observed,-12,6.6760950129254,7.94417227458716,-8.89448264526543,22.2466726711162
exact1,pc_score_binary,pull_request_merged,github_outcomes,FALSE,split_period1,low,observed,-11,8.04942435763391,7.34095770439582,-6.3388527429819,22.4377014582497
exact1,pc_score_binary,pull_request_merged,github_outcomes,FALSE,split_period1,low,observed,-10,3.72179633286757,6.85927512786347,-9.72238291774483,17.16597558348
exact1,pc_score_binary,pull_request_merged,github_outcomes,FALSE,split_period1,low,observed,-9,2.33324550424944,8.27747750307955,-13.8906104017865,18.5571014102854
exact1,pc_score_binary,pull_request_merged,github_outcomes,FALSE,split_period1,low,observed,-8,7.20858021074912,9.03153450587721,-10.4932274207702,24.9103878422685
exact1,pc_score_binary,pull_request_merged,github_outcomes,FALSE,split_period1,low,observed,-7,7.25645674597941,8.6990156854178,-9.79361399743946,24.3065274893983
exact1,pc_score_binary,pull_request_merged,github_outcomes,FALSE,split_period1,low,observed,-6,6.72705804389808,7.8953217231637,-8.74777253350276,22.2018886212989
exact1,pc_score_binary,pull_request_merged,github_outcomes,FALSE,split_period1,low,observed,-5,5.23538269621403,6.49458988471367,-7.49401347782476,17.9647788702528
exact1,pc_score_binary,pull_request_merged,github_outcomes,FALSE,split_period1,low,observed,-4,4.74323955553849,4.37267699122005,-3.8272073472528,13.3136864583298
exact1,pc_score_binary,pull_request_merged,github_outcomes,FALSE,split_period1,low,observed,-3,4.66198594671959,3.38795035893099,-1.97839675678516,11.3023686502243
exact1,pc_score_binary,pull_request_merged,github_outcomes,FALSE,split_period1,low,observed,-2,3.21390514867891,2.02832037233729,-0.761602781102178,7.18941307846
exact1,pc_score_binary,pull_request_merged,github_outcomes,FALSE,split_period1,low,observed,-1,0,0,0,0
exact1,pc_score_binary,pull_request_merged,github_outcomes,FALSE,split_period1,low,observed,0,-4.5936136431228,1.34480351632618,-7.22942853512211,-1.9577987511235
exact1,pc_score_binary,pull_request_merged,github_outcomes,FALSE,split_period1,low,observed,1,-7.52652276820604,2.18593954433281,-11.8109642750984,-3.24208126131373
exact1,pc_score_binary,pull_request_merged,github_outcomes,FALSE,split_period1,low,observed,2,-8.00624502456587,2.7320449566307,-13.361053139562,-2.6514369095697
exact1,pc_score_binary,pull_request_merged,github_outcomes,FALSE,split_period1,low,observed,3,-6.84752559480054,2.64742475876706,-12.036478121984,-1.65857306761709
exact1,pc_score_binary,pull_request_merged,github_outcomes,FALSE,split_period1,low,observed,4,-6.64302762257489,2.68807745668068,-11.911659437669,-1.37439580748076
exact1,pc_score_binary,pull_request_merged,github_outcomes,FALSE,split_period1,low,observed,5,-6.48314068635765,2.99961565356333,-12.3623873673418,-0.603894005373526
exact1,pc_score_binary,pull_request_merged,github_outcomes,FALSE,split_period1,low,observed,6,-9.38329691410788,3.91508596811619,-17.0568654116156,-1.70972841660015
exact1,pc_score_binary,pull_request_merged,github_outcomes,FALSE,split_period1,low,observed,7,-6.547960389246,3.66336264154732,-13.7281511666787,0.632230388186748
exact1,pc_score_binary,pull_request_merged,github_outcomes,FALSE,split_period1,low,observed,8,-3.12551098077983,3.56367885683802,-10.1103215401823,3.85929957862268
exact1,pc_score_binary,pull_request_merged,github_outcomes,FALSE,split_period1,low,observed,9,-5.26542208399525,3.96026981409815,-13.0275509196276,2.49670675163713
exact1,pc_score_binary,pull_request_merged,github_outcomes,FALSE,split_period1,low,observed,10,-6.3206241709424,5.35488508377316,-16.8161989351378,4.17495059325299
exact1,pc_score_binary,pull_request_merged,github_outcomes,FALSE,split_period1,low,observed,11,-11.7660537072743,9.63494396379175,-30.6505438763062,7.11843646175748
exact1,pc_score_binary,overall_new_release_count,downstream_outcomes,FALSE,split_period1,high,observed,-15,0.923502899174937,2.54574556747842,-4.06615841308277,5.91316421143264
exact1,pc_score_binary,overall_new_release_count,downstream_outcomes,FALSE,split_period1,high,observed,-14,3.3424809650524,1.85598419173848,-0.295248050755021,6.98020998085983
exact1,pc_score_binary,overall_new_release_count,downstream_outcomes,FALSE,split_period1,high,observed,-13,3.54040578399764,1.63654573638389,0.332776140685207,6.74803542731007
exact1,pc_score_binary,overall_new_release_count,downstream_outcomes,FALSE,split_period1,high,observed,-12,4.13402328523117,1.70205601199703,0.797993501716992,7.47005306874535
exact1,pc_score_binary,overall_new_release_count,downstream_outcomes,FALSE,split_period1,high,observed,-11,4.27166713121848,1.59693642062234,1.14167174679869,7.40166251563828
exact1,pc_score_binary,overall_new_release_count,downstream_outcomes,FALSE,split_period1,high,observed,-10,4.21493454351057,1.60759916386395,1.06404018233723,7.36582890468392
exact1,pc_score_binary,overall_new_release_count,downstream_outcomes,FALSE,split_period1,high,observed,-9,3.8302929238904,1.65827321343262,0.580077425562462,7.08050842221833
exact1,pc_score_binary,overall_new_release_count,downstream_outcomes,FALSE,split_period1,high,observed,-8,4.3411255508169,1.57395394075616,1.25617582693484,7.42607527469897
exact1,pc_score_binary,overall_new_release_count,downstream_outcomes,FALSE,split_period1,high,observed,-7,4.06207438711927,1.58147400469142,0.9623853379241,7.16176343631445
exact1,pc_score_binary,overall_new_release_count,downstream_outcomes,FALSE,split_period1,high,observed,-6,3.17481088473449,1.59675199328583,0.0451769778942546,6.30444479157472
exact1,pc_score_binary,overall_new_release_count,downstream_outcomes,FALSE,split_period1,high,observed,-5,1.2608672803754,1.46890630259272,-1.61818907270633,4.13992363345714
exact1,pc_score_binary,overall_new_release_count,downstream_outcomes,FALSE,split_period1,high,observed,-4,1.06890461233295,1.43273904861003,-1.7392639229427,3.87707314760861
exact1,pc_score_binary,overall_new_release_count,downstream_outcomes,FALSE,split_period1,high,observed,-3,0.634594586246637,0.992585447028974,-1.31087288993015,2.58006206242343
exact1,pc_score_binary,overall_new_release_count,downstream_outcomes,FALSE,split_period1,high,observed,-2,0.26814351936591,0.625772429599422,-0.958370442648958,1.49465748138078
exact1,pc_score_binary,overall_new_release_count,downstream_outcomes,FALSE,split_period1,high,observed,-1,0,0,0,0
exact1,pc_score_binary,overall_new_release_count,downstream_outcomes,FALSE,split_period1,high,observed,0,0.296648318825545,0.692913872702841,-1.06146287167202,1.65475950932311
exact1,pc_score_binary,overall_new_release_count,downstream_outcomes,FALSE,split_period1,high,observed,1,-0.168529088892187,0.713696580320538,-1.56737438632044,1.23031620853607
exact1,pc_score_binary,overall_new_release_count,downstream_outcomes,FALSE,split_period1,high,observed,2,-0.424577475988965,0.893335187719847,-2.17551444391986,1.32635949194193
exact1,pc_score_binary,overall_new_release_count,downstream_outcomes,FALSE,split_period1,high,observed,3,-0.0451131902746939,1.06630470447869,-2.13507041105294,2.04484403050355
exact1,pc_score_binary,overall_new_release_count,downstream_outcomes,FALSE,split_period1,high,observed,4,-0.262063075067312,1.07225100939354,-2.36367505347865,1.83954890334402
exact1,pc_score_binary,overall_new_release_count,downstream_outcomes,FALSE,split_period1,high,observed,5,-0.370069987509694,1.05167143184358,-2.43134599392311,1.69120601890373
exact1,pc_score_binary,overall_new_release_count,downstream_outcomes,FALSE,split_period1,high,observed,6,0.772988215487932,1.06562682246074,-1.31564035653511,2.86161678751098
exact1,pc_score_binary,overall_new_release_count,downstream_outcomes,FALSE,split_period1,high,observed,7,0.912218630968112,1.35973835191675,-1.75286853878872,3.57730580072494
exact1,pc_score_binary,overall_new_release_count,downstream_outcomes,FALSE,split_period1,high,observed,8,1.53405823242737,1.80924323861441,-2.01205851525687,5.08017498011161
exact1,pc_score_binary,overall_new_release_count,downstream_outcomes,FALSE,split_period1,high,observed,9,-0.0509464231058509,2.2135546448238,-4.38951352696051,4.28762068074881
exact1,pc_score_binary,overall_new_release_count,downstream_outcomes,FALSE,split_period1,high,observed,10,-2.53799402757527,2.15744960465276,-6.76659525269468,1.69060719754415
exact1,pc_score_binary,overall_new_release_count,downstream_outcomes,FALSE,split_period1,high,observed,11,-2.34602974186097,2.00518770425657,-6.27619764220386,1.58413815848191
exact1,pc_score_binary,overall_new_release_count,downstream_outcomes,FALSE,split_period1,low,observed,-15,0.479025155674116,0.721823784217972,-0.93574946139311,1.89379977274134
exact1,pc_score_binary,overall_new_release_count,downstream_outcomes,FALSE,split_period1,low,observed,-14,0.134528652082216,1.41845741895258,-2.64564788906484,2.91470519322927
exact1,pc_score_binary,overall_new_release_count,downstream_outcomes,FALSE,split_period1,low,observed,-13,0.346641626786183,1.50679305393824,-2.60667275893277,3.29995601250514
exact1,pc_score_binary,overall_new_release_count,downstream_outcomes,FALSE,split_period1,low,observed,-12,-0.678761357134654,1.31858056469988,-3.26317926394642,1.90565654967711
exact1,pc_score_binary,overall_new_release_count,downstream_outcomes,FALSE,split_period1,low,observed,-11,-0.19024609367028,1.5803749988513,-3.28778109141882,2.90728890407826
exact1,pc_score_binary,overall_new_release_count,downstream_outcomes,FALSE,split_period1,low,observed,-10,-0.478700551990235,2.04279843749907,-4.48258548948841,3.52518438550794
exact1,pc_score_binary,overall_new_release_count,downstream_outcomes,FALSE,split_period1,low,observed,-9,-1.17733825628568,2.21823787759872,-5.52508449637917,3.17040798380781
exact1,pc_score_binary,overall_new_release_count,downstream_outcomes,FALSE,split_period1,low,observed,-8,-0.870806031736929,2.07451715997387,-4.93685966528571,3.19524760181185
exact1,pc_score_binary,overall_new_release_count,downstream_outcomes,FALSE,split_period1,low,observed,-7,-1.3455912810382,1.81024459044588,-4.89367067831213,2.20248811623573
exact1,pc_score_binary,overall_new_release_count,downstream_outcomes,FALSE,split_period1,low,observed,-6,-1.07743391420978,1.59423184089525,-4.20212832236447,2.04726049394491
exact1,pc_score_binary,overall_new_release_count,downstream_outcomes,FALSE,split_period1,low,observed,-5,-2.00865289135775,2.07439303730849,-6.07446324448239,2.0571574617669
exact1,pc_score_binary,overall_new_release_count,downstream_outcomes,FALSE,split_period1,low,observed,-4,-1.96407794631434,2.13452910993016,-6.14775500177745,2.21959910914877
exact1,pc_score_binary,overall_new_release_count,downstream_outcomes,FALSE,split_period1,low,observed,-3,-2.193404683644,1.71061173843696,-5.54620369098045,1.15939432369245
exact1,pc_score_binary,overall_new_release_count,downstream_outcomes,FALSE,split_period1,low,observed,-2,-1.31923889975183,1.18233891777356,-3.636623178588,0.998145379084335
exact1,pc_score_binary,overall_new_release_count,downstream_outcomes,FALSE,split_period1,low,observed,-1,0,0,0,0
exact1,pc_score_binary,overall_new_release_count,downstream_outcomes,FALSE,split_period1,low,observed,0,-1.23290080254583,0.429257764845796,-2.07424602164359,-0.391555583448066
exact1,pc_score_binary,overall_new_release_count,downstream_outcomes,FALSE,split_period1,low,observed,1,-1.63748072695529,0.604053719990189,-2.82142601813607,-0.453535435774523
exact1,pc_score_binary,overall_new_release_count,downstream_outcomes,FALSE,split_period1,low,observed,2,-2.43470329055366,0.93793764739697,-4.27306107945172,-0.596345501655595
exact1,pc_score_binary,overall_new_release_count,downstream_outcomes,FALSE,split_period1,low,observed,3,-3.53756675374644,1.93898931913365,-7.3379858192484,0.262852311755514
exact1,pc_score_binary,overall_new_release_count,downstream_outcomes,FALSE,split_period1,low,observed,4,-3.54149940705847,2.07501622982298,-7.6085312175115,0.525532403394573
exact1,pc_score_binary,overall_new_release_count,downstream_outcomes,FALSE,split_period1,low,observed,5,-4.01698177156627,2.10947618231978,-8.15155508891305,0.117591545780503
exact1,pc_score_binary,overall_new_release_count,downstream_outcomes,FALSE,split_period1,low,observed,6,-5.19127564031343,2.81341744541544,-10.7055738333277,0.323022552700824
exact1,pc_score_binary,overall_new_release_count,downstream_outcomes,FALSE,split_period1,low,observed,7,-5.12981877179646,3.07451844164785,-11.1558749174262,0.896237373833313
exact1,pc_score_binary,overall_new_release_count,downstream_outcomes,FALSE,split_period1,low,observed,8,-2.27122256735139,1.29883266063559,-4.81693458219714,0.274489447494365
exact1,pc_score_binary,overall_new_release_count,downstream_outcomes,FALSE,split_period1,low,observed,9,-2.52299319559298,1.39830804798658,-5.26367696964667,0.217690578460712
exact1,pc_score_binary,overall_new_release_count,downstream_outcomes,FALSE,split_period1,low,observed,10,-3.90790192325343,2.1340989045355,-8.09073577614301,0.274931929636151
exact1,pc_score_binary,overall_new_release_count,downstream_outcomes,FALSE,split_period1,low,observed,11,-2.73017645793742,2.39713712581895,-7.42856522454257,1.96821230866773
exact1,pc_score_binary,pull_request_opened,github_outcomes,FALSE,split_period5,high,observed,-15,4.40266570073184,7.95761108396217,-11.194252023834,19.9995834252977
exact1,pc_score_binary,pull_request_opened,github_outcomes,FALSE,split_period5,high,observed,-14,3.24180728316552,5.97421478676161,-8.46765369888724,14.9512682652183
exact1,pc_score_binary,pull_request_opened,github_outcomes,FALSE,split_period5,high,observed,-13,6.99279012040667,6.07591273186512,-4.91599883404897,18.9015790748623
exact1,pc_score_binary,pull_request_opened,github_outcomes,FALSE,split_period5,high,observed,-12,4.56570213077882,6.01086742764551,-7.21559802740638,16.347002288964
exact1,pc_score_binary,pull_request_opened,github_outcomes,FALSE,split_period5,high,observed,-11,19.7021863651947,15.8993211428243,-11.4604830747409,50.8648558051304
exact1,pc_score_binary,pull_request_opened,github_outcomes,FALSE,split_period5,high,observed,-10,25.9542523880925,23.1788342888347,-19.4762628180235,71.3847675942085
exact1,pc_score_binary,pull_request_opened,github_outcomes,FALSE,split_period5,high,observed,-9,25.1580012880396,21.3267498759183,-16.6424284687604,66.9584310448395
exact1,pc_score_binary,pull_request_opened,github_outcomes,FALSE,split_period5,high,observed,-8,19.794088445132,21.183913366676,-21.7263817535529,61.314558643817
exact1,pc_score_binary,pull_request_opened,github_outcomes,FALSE,split_period5,high,observed,-7,19.4104926547551,20.2811900318336,-20.3406398076388,59.161625117149
exact1,pc_score_binary,pull_request_opened,github_outcomes,FALSE,split_period5,high,observed,-6,11.0121009131515,15.2993750665017,-18.9746742171918,40.9988760434948
exact1,pc_score_binary,pull_request_opened,github_outcomes,FALSE,split_period5,high,observed,-5,7.44224011054882,10.76535904869,-13.6578636248835,28.5423438459812
exact1,pc_score_binary,pull_request_opened,github_outcomes,FALSE,split_period5,high,observed,-4,4.96558081335205,6.61270744274141,-7.99532577442112,17.9264874011252
exact1,pc_score_binary,pull_request_opened,github_outcomes,FALSE,split_period5,high,observed,-3,2.06471352669276,3.13842800655143,-4.08660536614805,8.21603241953357
exact1,pc_score_binary,pull_request_opened,github_outcomes,FALSE,split_period5,high,observed,-2,1.57207109205705,2.07145482255198,-2.48798036014483,5.63212254425894
exact1,pc_score_binary,pull_request_opened,github_outcomes,FALSE,split_period5,high,observed,-1,0,0,0,0
exact1,pc_score_binary,pull_request_opened,github_outcomes,FALSE,split_period5,high,observed,0,0.698897152715302,2.96759040114904,-5.11758003353681,6.51537433896742
exact1,pc_score_binary,pull_request_opened,github_outcomes,FALSE,split_period5,high,observed,1,-0.153021903551616,4.48464928207434,-8.94293449641732,8.63689068931408
exact1,pc_score_binary,pull_request_opened,github_outcomes,FALSE,split_period5,high,observed,2,-0.422897679949145,5.00742427208171,-10.2374492532293,9.391653893331
exact1,pc_score_binary,pull_request_opened,github_outcomes,FALSE,split_period5,high,observed,3,-4.04013370479389,6.69090564696152,-17.1543087728385,9.07404136325069
exact1,pc_score_binary,pull_request_opened,github_outcomes,FALSE,split_period5,high,observed,4,-5.86443494703006,8.2299626857003,-21.9951618110026,10.2662919169425
exact1,pc_score_binary,pull_request_opened,github_outcomes,FALSE,split_period5,high,observed,5,-5.29541320789968,8.01183200218886,-20.9986039321898,10.4077775163905
exact1,pc_score_binary,pull_request_opened,github_outcomes,FALSE,split_period5,high,observed,6,-5.00980179684567,9.18607299289161,-23.0145048629132,12.9949012692219
exact1,pc_score_binary,pull_request_opened,github_outcomes,FALSE,split_period5,high,observed,7,-4.56101275119244,9.62389502366196,-23.4238469975699,14.301821495185
exact1,pc_score_binary,pull_request_opened,github_outcomes,FALSE,split_period5,high,observed,8,0.00297981864324393,10.3363299129217,-20.2562268106832,20.2621864479697
exact1,pc_score_binary,pull_request_opened,github_outcomes,FALSE,split_period5,high,observed,9,2.24474468395192,9.65432178130449,-16.6777260074049,21.1672153753087
exact1,pc_score_binary,pull_request_opened,github_outcomes,FALSE,split_period5,high,observed,10,-0.648627928385607,13.2488676566433,-26.6164085354065,25.3191526786353
exact1,pc_score_binary,pull_request_opened,github_outcomes,FALSE,split_period5,high,observed,11,-2.66488250126202,15.0055968979823,-32.0758524213074,26.7460874187833
exact1,pc_score_binary,pull_request_opened,github_outcomes,FALSE,split_period5,low,observed,-14,4.09624260257939,7.08937778718721,-9.79893786030755,17.9914230654663
exact1,pc_score_binary,pull_request_opened,github_outcomes,FALSE,split_period5,low,observed,-13,14.225126075737,6.02699858913348,2.41220884103536,26.0380433104386
exact1,pc_score_binary,pull_request_opened,github_outcomes,FALSE,split_period5,low,observed,-12,12.9639421281817,8.64814811428841,-3.98642817582359,29.914312432187
exact1,pc_score_binary,pull_request_opened,github_outcomes,FALSE,split_period5,low,observed,-11,19.6369047673229,11.6931243099043,-3.28161888008951,42.5554284147353
exact1,pc_score_binary,pull_request_opened,github_outcomes,FALSE,split_period5,low,observed,-10,20.0902349749868,13.8205650477277,-6.99807251855953,47.1785424685331
exact1,pc_score_binary,pull_request_opened,github_outcomes,FALSE,split_period5,low,observed,-9,22.2193054163588,16.531993926184,-10.1834026789618,54.6220135116795
exact1,pc_score_binary,pull_request_opened,github_outcomes,FALSE,split_period5,low,observed,-8,28.3010603151537,18.0890358505669,-7.15344995195734,63.7555705822648
exact1,pc_score_binary,pull_request_opened,github_outcomes,FALSE,split_period5,low,observed,-7,26.2604139529578,15.1961320121736,-3.5240047909024,56.044832696818
exact1,pc_score_binary,pull_request_opened,github_outcomes,FALSE,split_period5,low,observed,-6,23.9085411802063,12.8011822305943,-1.18177599175857,48.9988583521711
exact1,pc_score_binary,pull_request_opened,github_outcomes,FALSE,split_period5,low,observed,-5,18.2122348344714,10.0277198939155,-1.4420961576029,37.8665658265457
exact1,pc_score_binary,pull_request_opened,github_outcomes,FALSE,split_period5,low,observed,-4,12.7053084070856,7.00160247343013,-1.01783244083744,26.4284492550087
exact1,pc_score_binary,pull_request_opened,github_outcomes,FALSE,split_period5,low,observed,-3,10.4029352343406,5.31681695667739,-0.0180260007470849,20.8238964694283
exact1,pc_score_binary,pull_request_opened,github_outcomes,FALSE,split_period5,low,observed,-2,6.0959647478917,2.86441780785415,0.481705844497575,11.7102236512858
exact1,pc_score_binary,pull_request_opened,github_outcomes,FALSE,split_period5,low,observed,-1,0,0,0,0
exact1,pc_score_binary,pull_request_opened,github_outcomes,FALSE,split_period5,low,observed,0,-5.04476007217806,2.1234826273622,-9.20678602180796,-0.882734122548155
exact1,pc_score_binary,pull_request_opened,github_outcomes,FALSE,split_period5,low,observed,1,-8.94789473430745,4.02687169328077,-16.8405632531378,-1.05522621547714
exact1,pc_score_binary,pull_request_opened,github_outcomes,FALSE,split_period5,low,observed,2,-13.1068947343075,6.29887176602195,-25.4526833957105,-0.761106072904456
exact1,pc_score_binary,pull_request_opened,github_outcomes,FALSE,split_period5,low,observed,3,-15.5604241460721,7.2140510667603,-29.6999642369223,-1.42088405522194
exact1,pc_score_binary,pull_request_opened,github_outcomes,FALSE,split_period5,low,observed,4,-17.5950123813663,7.74411530676442,-32.7734783826245,-2.416546380108
exact1,pc_score_binary,pull_request_opened,github_outcomes,FALSE,split_period5,low,observed,5,-16.2253653225427,6.81943318194132,-29.5914543591477,-2.8592762859377
exact1,pc_score_binary,pull_request_opened,github_outcomes,FALSE,split_period5,low,observed,6,-18.8205224987847,8.73889079543866,-35.9487484578445,-1.69229653972497
exact1,pc_score_binary,pull_request_opened,github_outcomes,FALSE,split_period5,low,observed,7,-14.1639685873575,7.61030523412754,-29.0801668462475,0.75222967153246
exact1,pc_score_binary,pull_request_opened,github_outcomes,FALSE,split_period5,low,observed,8,-15.7514678314705,6.87504638638769,-29.2265587487903,-2.27637691415061
exact1,pc_score_binary,pull_request_opened,github_outcomes,FALSE,split_period5,low,observed,9,-20.7619635544681,8.15135952377787,-36.7386282210727,-4.78529888786344
exact1,pc_score_binary,pull_request_opened,github_outcomes,FALSE,split_period5,low,observed,10,-22.1010047650978,9.63731165880015,-40.9901356163461,-3.21187391384948
exact1,pc_score_binary,pull_request_opened,github_outcomes,FALSE,split_period5,low,observed,11,-21.362442856077,11.6952826164322,-44.2851967842842,1.56031107213018
exact1,pc_score_binary,pull_request_merged,github_outcomes,FALSE,split_period5,high,observed,-15,-1.9711427439844,3.67692720180748,-9.17792005952705,5.23563457155826
exact1,pc_score_binary,pull_request_merged,github_outcomes,FALSE,split_period5,high,observed,-14,-1.50120466131596,3.30705978123675,-7.98304183254,4.98063250990808
exact1,pc_score_binary,pull_request_merged,github_outcomes,FALSE,split_period5,high,observed,-13,-0.706025451758994,3.18876570141881,-6.95600622653986,5.54395532302187
exact1,pc_score_binary,pull_request_merged,github_outcomes,FALSE,split_period5,high,observed,-12,-2.64202657664856,3.24266254837189,-8.99764517145747,3.71359201816035
exact1,pc_score_binary,pull_request_merged,github_outcomes,FALSE,split_period5,high,observed,-11,0.317574999225606,3.31043026754485,-6.17086832516229,6.8060183236135
exact1,pc_score_binary,pull_request_merged,github_outcomes,FALSE,split_period5,high,observed,-10,0.77805389391231,3.85262119568511,-6.7730836496305,8.32919143745512
exact1,pc_score_binary,pull_request_merged,github_outcomes,FALSE,split_period5,high,observed,-9,-1.68303868988561,5.79634913320153,-13.0438829909606,9.67780561118938
exact1,pc_score_binary,pull_request_merged,github_outcomes,FALSE,split_period5,high,observed,-8,-3.20832885646534,4.61966336900455,-12.2628690597143,5.84621134678358
exact1,pc_score_binary,pull_request_merged,github_outcomes,FALSE,split_period5,high,observed,-7,-2.30413315098593,4.32295986478658,-10.7771344859676,6.16886818399577
exact1,pc_score_binary,pull_request_merged,github_outcomes,FALSE,split_period5,high,observed,-6,-4.54651971828359,4.4093697229711,-13.1888843753069,4.09584493873976
exact1,pc_score_binary,pull_request_merged,github_outcomes,FALSE,split_period5,high,observed,-5,-3.72844697255885,3.39366892785193,-10.3800380711486,2.92314412603094
exact1,pc_score_binary,pull_request_merged,github_outcomes,FALSE,split_period5,high,observed,-4,-0.610485003928843,2.63545734768029,-5.77598140538221,4.55501139752453
exact1,pc_score_binary,pull_request_merged,github_outcomes,FALSE,split_period5,high,observed,-3,0.0254791740446692,2.16148802631531,-4.21103735753333,4.26199570562267
exact1,pc_score_binary,pull_request_merged,github_outcomes,FALSE,split_period5,high,observed,-2,0.0104837531457088,1.4749485890731,-2.88041548143756,2.90138298772898
exact1,pc_score_binary,pull_request_merged,github_outcomes,FALSE,split_period5,high,observed,-1,0,0,0,0
exact1,pc_score_binary,pull_request_merged,github_outcomes,FALSE,split_period5,high,observed,0,0.997634396388438,1.27822206740436,-1.50768085572411,3.50294964850099
exact1,pc_score_binary,pull_request_merged,github_outcomes,FALSE,split_period5,high,observed,1,0.80690214098228,1.7125533151915,-2.54970235679305,4.16350663875762
exact1,pc_score_binary,pull_request_merged,github_outcomes,FALSE,split_period5,high,observed,2,1.76831518446057,2.13067774982407,-2.4078132051946,5.94444357411574
exact1,pc_score_binary,pull_request_merged,github_outcomes,FALSE,split_period5,high,observed,3,2.14308226520593,2.40857095206282,-2.5777168008372,6.86388133124905
exact1,pc_score_binary,pull_request_merged,github_outcomes,FALSE,split_period5,high,observed,4,2.61412263787675,2.53217554793667,-2.34894143607913,7.57718671183263
exact1,pc_score_binary,pull_request_merged,github_outcomes,FALSE,split_period5,high,observed,5,2.87444872483329,2.71735942998025,-2.45157575792799,8.20047320759458
exact1,pc_score_binary,pull_request_merged,github_outcomes,FALSE,split_period5,high,observed,6,4.971672193516,3.03167384600656,-0.970408544656862,10.9137529316889
exact1,pc_score_binary,pull_request_merged,github_outcomes,FALSE,split_period5,high,observed,7,4.80945645587438,3.67463929147191,-2.39283655541057,12.0117494671593
exact1,pc_score_binary,pull_request_merged,github_outcomes,FALSE,split_period5,high,observed,8,9.0731026829699,3.29137195237444,2.62201365631599,15.5241917096238
exact1,pc_score_binary,pull_request_merged,github_outcomes,FALSE,split_period5,high,observed,9,10.2164284396985,3.2237707586881,3.8978377526698,16.5350191267272
exact1,pc_score_binary,pull_request_merged,github_outcomes,FALSE,split_period5,high,observed,10,10.1746952833196,3.96989069465631,2.39370952179325,17.955681044846
exact1,pc_score_binary,pull_request_merged,github_outcomes,FALSE,split_period5,high,observed,11,11.6703190223167,4.58089294644787,2.69176884727882,20.6488691973545
exact1,pc_score_binary,pull_request_merged,github_outcomes,FALSE,split_period5,low,observed,-14,2.20026717539861,5.34969270579447,-8.28513052795856,12.6856648787558
exact1,pc_score_binary,pull_request_merged,github_outcomes,FALSE,split_period5,low,observed,-13,9.98541715898379,4.62313874060715,0.924065227393776,19.0467690905738
exact1,pc_score_binary,pull_request_merged,github_outcomes,FALSE,split_period5,low,observed,-12,8.09847970256826,6.67156550421958,-4.97778868570211,21.1747480908386
exact1,pc_score_binary,pull_request_merged,github_outcomes,FALSE,split_period5,low,observed,-11,12.3993434268051,8.70694063836511,-4.66626022439056,29.4649470780007
exact1,pc_score_binary,pull_request_merged,github_outcomes,FALSE,split_period5,low,observed,-10,12.483838889562,10.040434432494,-7.19541259812629,32.1630903772502
exact1,pc_score_binary,pull_request_merged,github_outcomes,FALSE,split_period5,low,observed,-9,13.4257357338054,11.8720465342828,-9.84347547338898,36.6949469409997
exact1,pc_score_binary,pull_request_merged,github_outcomes,FALSE,split_period5,low,observed,-8,17.9067028566189,12.8601033939871,-7.29909979559587,43.1125055088337
exact1,pc_score_binary,pull_request_merged,github_outcomes,FALSE,split_period5,low,observed,-7,17.2832767324675,10.8316169287445,-3.94669244787178,38.5132459128067
exact1,pc_score_binary,pull_request_merged,github_outcomes,FALSE,split_period5,low,observed,-6,15.571884080483,9.24111428099397,-2.54069991026515,33.6844680712312
exact1,pc_score_binary,pull_request_merged,github_outcomes,FALSE,split_period5,low,observed,-5,13.1349593585244,7.40465228565312,-1.37815912135568,27.6480778384045
exact1,pc_score_binary,pull_request_merged,github_outcomes,FALSE,split_period5,low,observed,-4,8.65299012694836,5.13054102935089,-1.40287029057938,18.7088505444761
exact1,pc_score_binary,pull_request_merged,github_outcomes,FALSE,split_period5,low,observed,-3,6.84446107679101,3.9426414067189,-0.883116080378032,14.5720382339601
exact1,pc_score_binary,pull_request_merged,github_outcomes,FALSE,split_period5,low,observed,-2,3.79567712535481,2.09104169535919,-0.302764597549198,7.89411884825883
exact1,pc_score_binary,pull_request_merged,github_outcomes,FALSE,split_period5,low,observed,-1,0,0,0,0
exact1,pc_score_binary,pull_request_merged,github_outcomes,FALSE,split_period5,low,observed,0,-4.04206401637421,1.52536672542124,-7.03178279819984,-1.05234523454859
exact1,pc_score_binary,pull_request_merged,github_outcomes,FALSE,split_period5,low,observed,1,-7.21348582807413,2.46544490804361,-12.0457578478396,-2.38121380830866
exact1,pc_score_binary,pull_request_merged,github_outcomes,FALSE,split_period5,low,observed,2,-11.4767799457212,3.78933877986985,-18.9038839542661,-4.04967593717631
exact1,pc_score_binary,pull_request_merged,github_outcomes,FALSE,split_period5,low,observed,3,-12.4046622986623,4.44005464351408,-21.1071693999499,-3.70215519737474
exact1,pc_score_binary,pull_request_merged,github_outcomes,FALSE,split_period5,low,observed,4,-13.5385446516035,4.85201105472387,-23.0484863188623,-4.02860298434476
exact1,pc_score_binary,pull_request_merged,github_outcomes,FALSE,split_period5,low,observed,5,-12.8821328868976,4.07557302460951,-20.8702560151323,-4.894009758663
exact1,pc_score_binary,pull_request_merged,github_outcomes,FALSE,split_period5,low,observed,6,-15.5386419621204,5.48988447868434,-26.2988155403417,-4.77846838389912
exact1,pc_score_binary,pull_request_merged,github_outcomes,FALSE,split_period5,low,observed,7,-11.5381660546183,4.34029664717666,-20.0451474830846,-3.03118462615206
exact1,pc_score_binary,pull_request_merged,github_outcomes,FALSE,split_period5,low,observed,8,-9.42658434191866,3.79766079785714,-16.8699995057187,-1.98316917811867
exact1,pc_score_binary,pull_request_merged,github_outcomes,FALSE,split_period5,low,observed,9,-12.8402421302438,4.61255462447621,-21.8808491942172,-3.79963506627042
exact1,pc_score_binary,pull_request_merged,github_outcomes,FALSE,split_period5,low,observed,10,-12.8555723078451,5.778490055663,-24.1814128169446,-1.5297317987456
exact1,pc_score_binary,pull_request_merged,github_outcomes,FALSE,split_period5,low,observed,11,-15.0730752239826,8.38982651268557,-31.5171351888463,1.37098474088113
exact1,pc_score_binary,overall_new_release_count,downstream_outcomes,FALSE,split_period5,high,observed,-15,0.968842463007067,1.93579384274273,-2.82531346876868,4.76299839478282
exact1,pc_score_binary,overall_new_release_count,downstream_outcomes,FALSE,split_period5,high,observed,-14,1.67908786015189,1.53099829756682,-1.32166880307908,4.67984452338285
exact1,pc_score_binary,overall_new_release_count,downstream_outcomes,FALSE,split_period5,high,observed,-13,-0.474890384957985,3.34405324606365,-7.02923474724275,6.07945397732678
exact1,pc_score_binary,overall_new_release_count,downstream_outcomes,FALSE,split_period5,high,observed,-12,0.983909949377684,2.70926839117539,-4.32625609732609,6.29407599608146
exact1,pc_score_binary,overall_new_release_count,downstream_outcomes,FALSE,split_period5,high,observed,-11,1.3987204296432,2.22053607128868,-2.95353027008261,5.75097112936901
exact1,pc_score_binary,overall_new_release_count,downstream_outcomes,FALSE,split_period5,high,observed,-10,1.68255735646957,1.98548513834612,-2.20899351468883,5.57410822762796
exact1,pc_score_binary,overall_new_release_count,downstream_outcomes,FALSE,split_period5,high,observed,-9,1.06690302462447,2.31065391758147,-3.46197865383521,5.59578470308415
exact1,pc_score_binary,overall_new_release_count,downstream_outcomes,FALSE,split_period5,high,observed,-8,2.05235203672094,2.08804098314126,-2.04020829023592,6.1449123636778
exact1,pc_score_binary,overall_new_release_count,downstream_outcomes,FALSE,split_period5,high,observed,-7,1.06154989071222,2.37230398765555,-3.58816592509266,5.71126570651709
exact1,pc_score_binary,overall_new_release_count,downstream_outcomes,FALSE,split_period5,high,observed,-6,0.660411054095069,2.23653477101745,-3.72319709709914,5.04401920528928
exact1,pc_score_binary,overall_new_release_count,downstream_outcomes,FALSE,split_period5,high,observed,-5,-2.16494369984507,2.96223775331322,-7.97092969633899,3.64104229664885
exact1,pc_score_binary,overall_new_release_count,downstream_outcomes,FALSE,split_period5,high,observed,-4,-1.50605494176708,3.07504470339991,-7.53314256043091,4.52103267689674
exact1,pc_score_binary,overall_new_release_count,downstream_outcomes,FALSE,split_period5,high,observed,-3,-1.77800804798275,2.35464816310721,-6.39311844767288,2.83710235170737
exact1,pc_score_binary,overall_new_release_count,downstream_outcomes,FALSE,split_period5,high,observed,-2,-1.12341853299616,1.58094752481259,-4.22207568162883,1.97523861563651
exact1,pc_score_binary,overall_new_release_count,downstream_outcomes,FALSE,split_period5,high,observed,-1,0,0,0,0
exact1,pc_score_binary,overall_new_release_count,downstream_outcomes,FALSE,split_period5,high,observed,0,0.0693095961705137,0.56153090324732,-1.03129097419423,1.16991016653526
exact1,pc_score_binary,overall_new_release_count,downstream_outcomes,FALSE,split_period5,high,observed,1,-0.233988726149537,0.660608793189353,-1.52878196080067,1.06080450850159
exact1,pc_score_binary,overall_new_release_count,downstream_outcomes,FALSE,split_period5,high,observed,2,-1.75448562055947,1.26361558510594,-4.23117216736711,0.722200926248163
exact1,pc_score_binary,overall_new_release_count,downstream_outcomes,FALSE,split_period5,high,observed,3,-3.11038624167749,2.66652636985429,-8.3367779265919,2.11600544323692
exact1,pc_score_binary,overall_new_release_count,downstream_outcomes,FALSE,split_period5,high,observed,4,-2.95277754602533,2.83559041065267,-8.51053475090455,2.6049796588539
exact1,pc_score_binary,overall_new_release_count,downstream_outcomes,FALSE,split_period5,high,observed,5,-2.72638003049737,2.84682012741938,-8.30614748023936,2.85338741924462
exact1,pc_score_binary,overall_new_release_count,downstream_outcomes,FALSE,split_period5,high,observed,6,-2.77544869485014,3.97089798231184,-10.5584087401814,5.00751135048107
exact1,pc_score_binary,overall_new_release_count,downstream_outcomes,FALSE,split_period5,high,observed,7,-4.82574142745413,5.44907295090325,-15.5059244112245,5.85444155631624
exact1,pc_score_binary,overall_new_release_count,downstream_outcomes,FALSE,split_period5,high,observed,8,0.782455574544964,1.58939633213704,-2.33276123644363,3.89767238553356
exact1,pc_score_binary,overall_new_release_count,downstream_outcomes,FALSE,split_period5,high,observed,9,-0.259867948075623,1.92273636444138,-4.02843122238072,3.50869532622948
exact1,pc_score_binary,overall_new_release_count,downstream_outcomes,FALSE,split_period5,high,observed,10,-0.601543298088731,2.3471165391839,-5.20189171488917,3.99880511871171
exact1,pc_score_binary,overall_new_release_count,downstream_outcomes,FALSE,split_period5,high,observed,11,-2.40554609908539,2.2266058346016,-6.76969353490453,1.95860133673374
exact1,pc_score_binary,overall_new_release_count,downstream_outcomes,FALSE,split_period5,low,observed,-14,-0.268669227841679,1.84131236197411,-3.87764145731093,3.34030300162757
exact1,pc_score_binary,overall_new_release_count,downstream_outcomes,FALSE,split_period5,low,observed,-13,1.24714309894755,1.86115705857265,-2.40072473585485,4.89501093374996
exact1,pc_score_binary,overall_new_release_count,downstream_outcomes,FALSE,split_period5,low,observed,-12,1.47555858908563,1.3421494953239,-1.15505442174921,4.10617159992048
exact1,pc_score_binary,overall_new_release_count,downstream_outcomes,FALSE,split_period5,low,observed,-11,2.02449598481433,1.32672921942321,-0.575893285255161,4.62488525488382
exact1,pc_score_binary,overall_new_release_count,downstream_outcomes,FALSE,split_period5,low,observed,-10,2.24091033274742,1.35451794623359,-0.413944841870419,4.89576550736526
exact1,pc_score_binary,overall_new_release_count,downstream_outcomes,FALSE,split_period5,low,observed,-9,1.65908469581454,1.18478487255764,-0.663093654398431,3.98126304602751
exact1,pc_score_binary,overall_new_release_count,downstream_outcomes,FALSE,split_period5,low,observed,-8,1.73107548707986,1.14370929656217,-0.510594734181997,3.97274570834172
exact1,pc_score_binary,overall_new_release_count,downstream_outcomes,FALSE,split_period5,low,observed,-7,1.0088845891843,1.0214671763542,-0.993191076469939,3.01096025483853
exact1,pc_score_binary,overall_new_release_count,downstream_outcomes,FALSE,split_period5,low,observed,-6,0.864423516658527,0.931005062107173,-0.960346405071532,2.68919343838859
exact1,pc_score_binary,overall_new_release_count,downstream_outcomes,FALSE,split_period5,low,observed,-5,0.364594876442207,0.812796130545897,-1.22848553942775,1.95767529231217
exact1,pc_score_binary,overall_new_release_count,downstream_outcomes,FALSE,split_period5,low,observed,-4,-0.0517205943366075,0.744759987101982,-1.51145016905649,1.40800898038328
exact1,pc_score_binary,overall_new_release_count,downstream_outcomes,FALSE,split_period5,low,observed,-3,-0.254519413833487,0.649656806125673,-1.52784675383981,1.01880792617283
exact1,pc_score_binary,overall_new_release_count,downstream_outcomes,FALSE,split_period5,low,observed,-2,-0.228733234522196,0.523320422838786,-1.25444126328622,0.796974794241824
exact1,pc_score_binary,overall_new_release_count,downstream_outcomes,FALSE,split_period5,low,observed,-1,0,0,0,0
exact1,pc_score_binary,overall_new_release_count,downstream_outcomes,FALSE,split_period5,low,observed,0,-0.999967791807465,0.520723166761813,-2.02058519866062,0.0206496150456879
exact1,pc_score_binary,overall_new_release_count,downstream_outcomes,FALSE,split_period5,low,observed,1,-1.54758033434514,0.638248578896288,-2.79854754898186,-0.296613119708412
exact1,pc_score_binary,overall_new_release_count,downstream_outcomes,FALSE,split_period5,low,observed,2,-1.46099209905102,0.714603485482351,-2.86161493059643,-0.0603692675056129
exact1,pc_score_binary,overall_new_release_count,downstream_outcomes,FALSE,split_period5,low,observed,3,-1.49069798140396,0.811050463735443,-3.08035689032543,0.0989609275175081
exact1,pc_score_binary,overall_new_release_count,downstream_outcomes,FALSE,split_period5,low,observed,4,-1.83328621669809,0.863936422998729,-3.52660160577559,-0.139970827620579
exact1,pc_score_binary,overall_new_release_count,downstream_outcomes,FALSE,split_period5,low,observed,5,-2.51628621669809,0.894667401506141,-4.26983432365012,-0.762738109746049
exact1,pc_score_binary,overall_new_release_count,downstream_outcomes,FALSE,split_period5,low,observed,6,-2.72325113651212,1.0552072113743,-4.79145727080575,-0.655045002218496
exact1,pc_score_binary,overall_new_release_count,downstream_outcomes,FALSE,split_period5,low,observed,7,-2.17095690998934,1.21812392101324,-4.5584797951753,0.216565975196612
exact1,pc_score_binary,overall_new_release_count,downstream_outcomes,FALSE,split_period5,low,observed,8,-2.36098507598529,1.42581059990107,-5.1555738517914,0.433603699820814
exact1,pc_score_binary,overall_new_release_count,downstream_outcomes,FALSE,split_period5,low,observed,9,-2.91228186228219,1.50933194212318,-5.87057246884363,0.0460087442792512
exact1,pc_score_binary,overall_new_release_count,downstream_outcomes,FALSE,split_period5,low,observed,10,-5.0249389472117,2.29087478303845,-9.51505352196706,-0.534824372456338
exact1,pc_score_binary,overall_new_release_count,downstream_outcomes,FALSE,split_period5,low,observed,11,-2.97830317921196,2.01542141125325,-6.92852914526834,0.971922786844415
exact2,pc_score,pull_request_opened,github_outcomes,TRUE,split_full_avg,high,observed,-15,0.00468203922170421,0.680933592521455,-1.32994780212035,1.33931188056376
exact2,pc_score,pull_request_opened,github_outcomes,TRUE,split_full_avg,high,observed,-14,-0.626631835953572,0.67235372262955,-1.94444513230749,0.691181460400346
exact2,pc_score,pull_request_opened,github_outcomes,TRUE,split_full_avg,high,observed,-13,1.31060380338563,0.625058293285483,0.0854895485460854,2.53571805822518
exact2,pc_score,pull_request_opened,github_outcomes,TRUE,split_full_avg,high,observed,-12,0.647038085955563,0.586419655629999,-0.502344439079236,1.79642061099036
exact2,pc_score,pull_request_opened,github_outcomes,TRUE,split_full_avg,high,observed,-11,0.881582815438665,0.471772517403681,-0.0430913186725503,1.80625694954988
exact2,pc_score,pull_request_opened,github_outcomes,TRUE,split_full_avg,high,observed,-10,0.510675853118858,0.363937789379462,-0.202642214064887,1.2239939203026
exact2,pc_score,pull_request_opened,github_outcomes,TRUE,split_full_avg,high,observed,-9,0.395079089951729,0.343707451638624,-0.278587515259973,1.06874569516343
exact2,pc_score,pull_request_opened,github_outcomes,TRUE,split_full_avg,high,observed,-8,0.864539324173679,0.386906192085406,0.106203187686283,1.62287546066107
exact2,pc_score,pull_request_opened,github_outcomes,TRUE,split_full_avg,high,observed,-7,0.303212042207542,0.269153845343508,-0.224329494665734,0.830753579080819
exact2,pc_score,pull_request_opened,github_outcomes,TRUE,split_full_avg,high,observed,-6,0.169520398192981,0.20513864702351,-0.232551349973099,0.571592146359061
exact2,pc_score,pull_request_opened,github_outcomes,TRUE,split_full_avg,high,observed,-5,0.106841827749619,0.153817052491686,-0.194639595134086,0.408323250633324
exact2,pc_score,pull_request_opened,github_outcomes,TRUE,split_full_avg,high,observed,-4,0.258593605079636,0.133848803715803,-0.00375005020333763,0.520937260362609
exact2,pc_score,pull_request_opened,github_outcomes,TRUE,split_full_avg,high,observed,-3,0.0935648979174573,0.112509561965958,-0.126953843535821,0.314083639370736
exact2,pc_score,pull_request_opened,github_outcomes,TRUE,split_full_avg,high,observed,-2,0.354099304080406,0.1002569869104,0.157595609736022,0.55060299842479
exact2,pc_score,pull_request_opened,github_outcomes,TRUE,split_full_avg,high,observed,-1,0,0,0,0
exact2,pc_score,pull_request_opened,github_outcomes,TRUE,split_full_avg,high,observed,0,0.469185247915842,0.192645942638081,0.0915992003452024,0.846771295486481
exact2,pc_score,pull_request_opened,github_outcomes,TRUE,split_full_avg,high,observed,1,0.52612281556081,0.210754422010279,0.113044148420664,0.939201482700957
exact2,pc_score,pull_request_opened,github_outcomes,TRUE,split_full_avg,high,observed,2,0.878679202611944,0.229999711313135,0.4278797684382,1.32947863678569
exact2,pc_score,pull_request_opened,github_outcomes,TRUE,split_full_avg,high,observed,3,1.21663560129396,0.366616290501546,0.498067671910928,1.93520353067699
exact2,pc_score,pull_request_opened,github_outcomes,TRUE,split_full_avg,high,observed,4,1.25251208088338,0.460441617408102,0.350046510763499,2.15497765100326
exact2,pc_score,pull_request_opened,github_outcomes,TRUE,split_full_avg,high,observed,5,1.46429091453414,0.484962605609376,0.513764207539759,2.41481762152851
exact2,pc_score,pull_request_opened,github_outcomes,TRUE,split_full_avg,high,observed,6,1.59697081151662,0.625505913312611,0.370979221423901,2.82296240160933
exact2,pc_score,pull_request_opened,github_outcomes,TRUE,split_full_avg,high,observed,7,0.911073501265758,0.411800459351669,0.103944600936486,1.71820240159503
exact2,pc_score,pull_request_opened,github_outcomes,TRUE,split_full_avg,high,observed,8,0.681802561326416,0.524422854114641,-0.34606623273828,1.70967135539111
exact2,pc_score,pull_request_opened,github_outcomes,TRUE,split_full_avg,high,observed,9,0.241735166955995,0.384253616362278,-0.51140192111407,0.994872255026061
exact2,pc_score,pull_request_opened,github_outcomes,TRUE,split_full_avg,high,observed,10,0.0128278183167481,0.374000519584307,-0.720213200068494,0.74586883670199
exact2,pc_score,pull_request_opened,github_outcomes,TRUE,split_full_avg,high,observed,11,0.183251769533923,0.69373587377892,-1.17647054307276,1.5429740821406
exact2,pc_score,pull_request_opened,github_outcomes,TRUE,split_full_avg,low,observed,-15,1.88553374755341,1.65578168934022,-1.35979836355342,5.13086585866023
exact2,pc_score,pull_request_opened,github_outcomes,TRUE,split_full_avg,low,observed,-14,0.680518805010382,0.945858186581161,-1.17336324068869,2.53440085070946
exact2,pc_score,pull_request_opened,github_outcomes,TRUE,split_full_avg,low,observed,-13,-0.0768772110424376,0.697308529543065,-1.44360192894684,1.28984750686197
exact2,pc_score,pull_request_opened,github_outcomes,TRUE,split_full_avg,low,observed,-12,-0.199353765310257,0.491208688939308,-1.1621227956313,0.763415265010787
exact2,pc_score,pull_request_opened,github_outcomes,TRUE,split_full_avg,low,observed,-11,-0.487665215835162,0.455382796007423,-1.38021549600971,0.404885064339388
exact2,pc_score,pull_request_opened,github_outcomes,TRUE,split_full_avg,low,observed,-10,0.440124358388296,0.622640300655102,-0.780250630895705,1.6604993476723
exact2,pc_score,pull_request_opened,github_outcomes,TRUE,split_full_avg,low,observed,-9,0.725313052165796,0.730361085999611,-0.706194676393441,2.15682078072503
exact2,pc_score,pull_request_opened,github_outcomes,TRUE,split_full_avg,low,observed,-8,0.206161378317604,0.638541693858417,-1.04538034164489,1.4577030982801
exact2,pc_score,pull_request_opened,github_outcomes,TRUE,split_full_avg,low,observed,-7,0.431433757407485,0.618668687108511,-0.781156869325196,1.64402438414017
exact2,pc_score,pull_request_opened,github_outcomes,TRUE,split_full_avg,low,observed,-6,0.286765276569202,0.565604909719106,-0.821820346480244,1.39535089961865
exact2,pc_score,pull_request_opened,github_outcomes,TRUE,split_full_avg,low,observed,-5,0.172041764353989,0.402875173338462,-0.617593575389396,0.961677104097373
exact2,pc_score,pull_request_opened,github_outcomes,TRUE,split_full_avg,low,observed,-4,0.057939122454547,0.292648870233275,-0.515652663202672,0.631530908111766
exact2,pc_score,pull_request_opened,github_outcomes,TRUE,split_full_avg,low,observed,-3,0.0410681069030158,0.206352187820708,-0.363382181225573,0.445518395031604
exact2,pc_score,pull_request_opened,github_outcomes,TRUE,split_full_avg,low,observed,-2,0.31348081563164,0.169624331426655,-0.0189828739646039,0.645944505227885
exact2,pc_score,pull_request_opened,github_outcomes,TRUE,split_full_avg,low,observed,-1,0,0,0,0
exact2,pc_score,pull_request_opened,github_outcomes,TRUE,split_full_avg,low,observed,0,-0.645546002928303,0.29928741021376,-1.23214932694727,-0.0589426789093337
exact2,pc_score,pull_request_opened,github_outcomes,TRUE,split_full_avg,low,observed,1,-1.80293949590471,0.581300293060674,-2.94228807030364,-0.663590921505794
exact2,pc_score,pull_request_opened,github_outcomes,TRUE,split_full_avg,low,observed,2,-2.5676835312336,0.857518193155787,-4.24841918981894,-0.886947872648256
exact2,pc_score,pull_request_opened,github_outcomes,TRUE,split_full_avg,low,observed,3,-3.29263351754424,1.29996657258915,-5.84056799981898,-0.744699035269508
exact2,pc_score,pull_request_opened,github_outcomes,TRUE,split_full_avg,low,observed,4,-3.88155712439278,1.83858088569911,-7.48517566036303,-0.277938588422519
exact2,pc_score,pull_request_opened,github_outcomes,TRUE,split_full_avg,low,observed,5,-4.14930262885767,2.3076292029403,-8.67225586662065,0.373650608905317
exact2,pc_score,pull_request_opened,github_outcomes,TRUE,split_full_avg,low,observed,6,-4.45277964976046,2.46416009078666,-9.28253342770232,0.376974128181395
exact2,pc_score,pull_request_opened,github_outcomes,TRUE,split_full_avg,low,observed,7,-4.83070597156759,3.04275189513245,-10.7944996860272,1.13308774289201
exact2,pc_score,pull_request_opened,github_outcomes,TRUE,split_full_avg,low,observed,8,-4.65726760871043,2.97281062684625,-10.4839764373291,1.16944121990821
exact2,pc_score,pull_request_opened,github_outcomes,TRUE,split_full_avg,low,observed,9,-5.43619604849964,3.28678444063326,-11.8782935521408,1.00590145514156
exact2,pc_score,pull_request_opened,github_outcomes,TRUE,split_full_avg,low,observed,10,-5.85911364732919,3.6511208911424,-13.0153105939683,1.29708329930991
exact2,pc_score,pull_request_opened,github_outcomes,TRUE,split_full_avg,low,observed,11,-5.40931440046584,3.33880442899477,-11.9533710812956,1.13474228036391
exact2,pc_score,pull_request_merged,github_outcomes,TRUE,split_full_avg,high,observed,-15,0.4063170091324,0.584508463998166,-0.739319580304004,1.5519535985688
exact2,pc_score,pull_request_merged,github_outcomes,TRUE,split_full_avg,high,observed,-14,-0.177944080445203,0.564130024573001,-1.28363892860828,0.927750767717879
exact2,pc_score,pull_request_merged,github_outcomes,TRUE,split_full_avg,high,observed,-13,0.925903251184333,0.543182597341802,-0.138734639605598,1.99054114197426
exact2,pc_score,pull_request_merged,github_outcomes,TRUE,split_full_avg,high,observed,-12,0.442390927919474,0.416993242244479,-0.374915826879705,1.25969768271865
exact2,pc_score,pull_request_merged,github_outcomes,TRUE,split_full_avg,high,observed,-11,0.862421395359667,0.451681294669751,-0.0228739421930451,1.74771673291238
exact2,pc_score,pull_request_merged,github_outcomes,TRUE,split_full_avg,high,observed,-10,0.308133455910013,0.326189016650642,-0.331197016725245,0.947463928545272
exact2,pc_score,pull_request_merged,github_outcomes,TRUE,split_full_avg,high,observed,-9,0.382755267277986,0.30527795969095,-0.215589533716275,0.981100068272248
exact2,pc_score,pull_request_merged,github_outcomes,TRUE,split_full_avg,high,observed,-8,0.662502184186632,0.338197266897155,-0.000364458931791711,1.32536882730506
exact2,pc_score,pull_request_merged,github_outcomes,TRUE,split_full_avg,high,observed,-7,0.1931930559495,0.232417475754718,-0.262345196529748,0.648731308428748
exact2,pc_score,pull_request_merged,github_outcomes,TRUE,split_full_avg,high,observed,-6,0.188995408463819,0.186863529167003,-0.177257108703506,0.555247925631145
exact2,pc_score,pull_request_merged,github_outcomes,TRUE,split_full_avg,high,observed,-5,0.13507950242027,0.146394635526585,-0.151853983211836,0.422012988052375
exact2,pc_score,pull_request_merged,github_outcomes,TRUE,split_full_avg,high,observed,-4,0.241092915491624,0.127004560976613,-0.00783602402253775,0.490021855005785
exact2,pc_score,pull_request_merged,github_outcomes,TRUE,split_full_avg,high,observed,-3,0.14431483553308,0.109629018763277,-0.070558041242942,0.359187712309102
exact2,pc_score,pull_request_merged,github_outcomes,TRUE,split_full_avg,high,observed,-2,0.394062072930705,0.096652481108158,0.204623209958716,0.583500935902695
exact2,pc_score,pull_request_merged,github_outcomes,TRUE,split_full_avg,high,observed,-1,0,0,0,0
exact2,pc_score,pull_request_merged,github_outcomes,TRUE,split_full_avg,high,observed,0,0.557783989607643,0.199666171783202,0.166438292912567,0.949129686302718
exact2,pc_score,pull_request_merged,github_outcomes,TRUE,split_full_avg,high,observed,1,0.452687462824551,0.161854570327481,0.135452504982688,0.769922420666413
exact2,pc_score,pull_request_merged,github_outcomes,TRUE,split_full_avg,high,observed,2,0.850237592398152,0.218028476932694,0.422901777610072,1.27757340718623
exact2,pc_score,pull_request_merged,github_outcomes,TRUE,split_full_avg,high,observed,3,1.10225514815545,0.310196337221166,0.494270327201966,1.71023996910894
exact2,pc_score,pull_request_merged,github_outcomes,TRUE,split_full_avg,high,observed,4,1.32459562088892,0.362950359059738,0.613212917131829,2.035978324646
exact2,pc_score,pull_request_merged,github_outcomes,TRUE,split_full_avg,high,observed,5,1.44226776846734,0.455030517862348,0.550407953457142,2.33412758347755
exact2,pc_score,pull_request_merged,github_outcomes,TRUE,split_full_avg,high,observed,6,1.60555107280604,0.528021864474409,0.570628218436202,2.64047392717589
exact2,pc_score,pull_request_merged,github_outcomes,TRUE,split_full_avg,high,observed,7,0.923380006413461,0.29842127998979,0.338474297633473,1.50828571519345
exact2,pc_score,pull_request_merged,github_outcomes,TRUE,split_full_avg,high,observed,8,1.01411708268408,0.422896077417666,0.185240770945453,1.8429933944227
exact2,pc_score,pull_request_merged,github_outcomes,TRUE,split_full_avg,high,observed,9,0.487851412778877,0.408346745249342,-0.312508207909834,1.28821103346759
exact2,pc_score,pull_request_merged,github_outcomes,TRUE,split_full_avg,high,observed,10,0.404231484446792,0.310729534259106,-0.204798402701056,1.01326137159464
exact2,pc_score,pull_request_merged,github_outcomes,TRUE,split_full_avg,high,observed,11,0.537070131272075,0.76675684592973,-0.965773286750196,2.03991354929434
exact2,pc_score,pull_request_merged,github_outcomes,TRUE,split_full_avg,low,observed,-15,0.863947147462296,0.714916012958746,-0.537288237936846,2.26518253286144
exact2,pc_score,pull_request_merged,github_outcomes,TRUE,split_full_avg,low,observed,-14,0.513643730855841,0.762210538613532,-0.980288924826681,2.00757638653836
exact2,pc_score,pull_request_merged,github_outcomes,TRUE,split_full_avg,low,observed,-13,0.136689614106271,0.700557805491341,-1.23640368465676,1.5097829128693
exact2,pc_score,pull_request_merged,github_outcomes,TRUE,split_full_avg,low,observed,-12,-0.312571968218397,0.485224819403157,-1.26361261424858,0.638468677811791
exact2,pc_score,pull_request_merged,github_outcomes,TRUE,split_full_avg,low,observed,-11,-0.713017621262539,0.450951640912938,-1.5968828374519,0.170847594926818
exact2,pc_score,pull_request_merged,github_outcomes,TRUE,split_full_avg,low,observed,-10,0.809363462122961,0.93548618615866,-1.02418946274801,2.64291638699393
exact2,pc_score,pull_request_merged,github_outcomes,TRUE,split_full_avg,low,observed,-9,0.71268724067309,0.888565713843074,-1.02890155845934,2.45427603980551
exact2,pc_score,pull_request_merged,github_outcomes,TRUE,split_full_avg,low,observed,-8,-0.121370726355661,0.53539427884268,-1.17074351288731,0.928002060175991
exact2,pc_score,pull_request_merged,github_outcomes,TRUE,split_full_avg,low,observed,-7,0.135817254351184,0.497186317416691,-0.83866792778553,1.1103024364879
exact2,pc_score,pull_request_merged,github_outcomes,TRUE,split_full_avg,low,observed,-6,-0.00742978870095865,0.443417514031219,-0.876528116202147,0.86166853880023
exact2,pc_score,pull_request_merged,github_outcomes,TRUE,split_full_avg,low,observed,-5,0.0665609401399541,0.322967205076101,-0.566454781809205,0.699576662089113
exact2,pc_score,pull_request_merged,github_outcomes,TRUE,split_full_avg,low,observed,-4,-0.0247131205780614,0.231159538516332,-0.477785816070072,0.428359574913949
exact2,pc_score,pull_request_merged,github_outcomes,TRUE,split_full_avg,low,observed,-3,-0.0415690240120923,0.171891223304207,-0.378475821688338,0.295337773664153
exact2,pc_score,pull_request_merged,github_outcomes,TRUE,split_full_avg,low,observed,-2,0.282643627333463,0.156250994051733,-0.0236083210079346,0.588895575674861
exact2,pc_score,pull_request_merged,github_outcomes,TRUE,split_full_avg,low,observed,-1,0,0,0,0
exact2,pc_score,pull_request_merged,github_outcomes,TRUE,split_full_avg,low,observed,0,-0.477120554392218,0.244169671065292,-0.955693109680191,0.00145200089575492
exact2,pc_score,pull_request_merged,github_outcomes,TRUE,split_full_avg,low,observed,1,-1.70533498777957,0.453903811998001,-2.59498645929566,-0.815683516263492
exact2,pc_score,pull_request_merged,github_outcomes,TRUE,split_full_avg,low,observed,2,-2.4547731150216,0.696811833570057,-3.82052430881891,-1.08902192122428
exact2,pc_score,pull_request_merged,github_outcomes,TRUE,split_full_avg,low,observed,3,-3.01336657937153,0.981089174607174,-4.93630136160159,-1.09043179714147
exact2,pc_score,pull_request_merged,github_outcomes,TRUE,split_full_avg,low,observed,4,-3.58079207559982,1.42872480757404,-6.38109269844493,-0.780491452754697
exact2,pc_score,pull_request_merged,github_outcomes,TRUE,split_full_avg,low,observed,5,-3.92140105366526,1.79156152294518,-7.43286163863781,-0.409940468692718
exact2,pc_score,pull_request_merged,github_outcomes,TRUE,split_full_avg,low,observed,6,-4.185921797748,1.84696589384746,-7.80597494968902,-0.565868645806975
exact2,pc_score,pull_request_merged,github_outcomes,TRUE,split_full_avg,low,observed,7,-4.56328632653698,2.38827517108697,-9.24430566186745,0.117733008793487
exact2,pc_score,pull_request_merged,github_outcomes,TRUE,split_full_avg,low,observed,8,-4.38058168217205,2.25994793391812,-8.81007963265157,0.0489162683074644
exact2,pc_score,pull_request_merged,github_outcomes,TRUE,split_full_avg,low,observed,9,-4.80275220034931,2.55057488682845,-9.80187897853308,0.196374577834456
exact2,pc_score,pull_request_merged,github_outcomes,TRUE,split_full_avg,low,observed,10,-5.5098972709015,2.842197498991,-11.0806043689239,0.0608098271208544
exact2,pc_score,pull_request_merged,github_outcomes,TRUE,split_full_avg,low,observed,11,-4.67582039541635,2.57242137489069,-9.7177662902021,0.366125499369396
exact2,pc_score,overall_new_release_count,downstream_outcomes,TRUE,split_full_avg,high,observed,-15,1.45430958526041,0.410395076772734,0.649935234785852,2.25868393573497
exact2,pc_score,overall_new_release_count,downstream_outcomes,TRUE,split_full_avg,high,observed,-14,1.35318681260698,0.369000449953904,0.629945930697325,2.07642769451663
exact2,pc_score,overall_new_release_count,downstream_outcomes,TRUE,split_full_avg,high,observed,-13,1.1246424149471,0.34605464982479,0.446375301290511,1.80290952860369
exact2,pc_score,overall_new_release_count,downstream_outcomes,TRUE,split_full_avg,high,observed,-12,1.05375051328851,0.309419859534158,0.447287588601555,1.66021343797546
exact2,pc_score,overall_new_release_count,downstream_outcomes,TRUE,split_full_avg,high,observed,-11,0.801768273093016,0.275587499328575,0.26161677440901,1.34191977177702
exact2,pc_score,overall_new_release_count,downstream_outcomes,TRUE,split_full_avg,high,observed,-10,0.76864631681014,0.257190158553491,0.264553606045299,1.27273902757498
exact2,pc_score,overall_new_release_count,downstream_outcomes,TRUE,split_full_avg,high,observed,-9,0.644143643408432,0.244927144916879,0.164086439371349,1.12420084744551
exact2,pc_score,overall_new_release_count,downstream_outcomes,TRUE,split_full_avg,high,observed,-8,0.550567752697101,0.217283305551039,0.124692473817064,0.976443031577137
exact2,pc_score,overall_new_release_count,downstream_outcomes,TRUE,split_full_avg,high,observed,-7,0.527326058114782,0.182726239061301,0.169182629554631,0.885469486674932
exact2,pc_score,overall_new_release_count,downstream_outcomes,TRUE,split_full_avg,high,observed,-6,0.283453359847536,0.171020291498206,-0.051746411488947,0.61865313118402
exact2,pc_score,overall_new_release_count,downstream_outcomes,TRUE,split_full_avg,high,observed,-5,0.412490095898349,0.165791580225786,0.087538598655809,0.737441593140889
exact2,pc_score,overall_new_release_count,downstream_outcomes,TRUE,split_full_avg,high,observed,-4,0.422710199853876,0.163966341943442,0.101336169644729,0.744084230063023
exact2,pc_score,overall_new_release_count,downstream_outcomes,TRUE,split_full_avg,high,observed,-3,0.338999035458266,0.12738273293616,0.0893288789033927,0.58866919201314
exact2,pc_score,overall_new_release_count,downstream_outcomes,TRUE,split_full_avg,high,observed,-2,0.435570212581019,0.116402830285137,0.20742066522215,0.663719759939888
exact2,pc_score,overall_new_release_count,downstream_outcomes,TRUE,split_full_avg,high,observed,-1,0,0,0,0
exact2,pc_score,overall_new_release_count,downstream_outcomes,TRUE,split_full_avg,high,observed,0,0.419601961141469,0.150412993360048,0.124792494155776,0.714411428127163
exact2,pc_score,overall_new_release_count,downstream_outcomes,TRUE,split_full_avg,high,observed,1,0.0731166101509206,0.163945003697639,-0.248215597096452,0.394448817398293
exact2,pc_score,overall_new_release_count,downstream_outcomes,TRUE,split_full_avg,high,observed,2,0.154765603670426,0.184532853404841,-0.206918789003061,0.516449996343914
exact2,pc_score,overall_new_release_count,downstream_outcomes,TRUE,split_full_avg,high,observed,3,0.27568283720172,0.197601771615543,-0.111616635164744,0.662982309568183
exact2,pc_score,overall_new_release_count,downstream_outcomes,TRUE,split_full_avg,high,observed,4,0.200686689368327,0.211792592717562,-0.214426792358095,0.615800171094749
exact2,pc_score,overall_new_release_count,downstream_outcomes,TRUE,split_full_avg,high,observed,5,0.345137678768992,0.246910899104045,-0.138807683474936,0.82908304101292
exact2,pc_score,overall_new_release_count,downstream_outcomes,TRUE,split_full_avg,high,observed,6,0.0445191131938432,0.234373314227975,-0.414852582692987,0.503890809080674
exact2,pc_score,overall_new_release_count,downstream_outcomes,TRUE,split_full_avg,high,observed,7,-0.00566178917535334,0.250624377712072,-0.496885569491013,0.485561991140307
exact2,pc_score,overall_new_release_count,downstream_outcomes,TRUE,split_full_avg,high,observed,8,-0.172724223834442,0.269151316973995,-0.700260805103471,0.354812357434587
exact2,pc_score,overall_new_release_count,downstream_outcomes,TRUE,split_full_avg,high,observed,9,-0.511775033980289,0.292060015305226,-1.08421266397853,0.060662596017955
exact2,pc_score,overall_new_release_count,downstream_outcomes,TRUE,split_full_avg,high,observed,10,0.190377628555287,0.7848544743982,-1.34793714126519,1.72869239837576
exact2,pc_score,overall_new_release_count,downstream_outcomes,TRUE,split_full_avg,high,observed,11,-1.43161053470737,0.419394503312712,-2.25362376120029,-0.609597308214456
exact2,pc_score,overall_new_release_count,downstream_outcomes,TRUE,split_full_avg,low,observed,-15,0.596639113065089,0.305198379854078,-0.00154971144890403,1.19482793757908
exact2,pc_score,overall_new_release_count,downstream_outcomes,TRUE,split_full_avg,low,observed,-14,0.474643613382481,0.250785392688301,-0.0168957562865882,0.966182983051551
exact2,pc_score,overall_new_release_count,downstream_outcomes,TRUE,split_full_avg,low,observed,-13,0.342327215437233,0.272589280698487,-0.191947774731801,0.876602205606267
exact2,pc_score,overall_new_release_count,downstream_outcomes,TRUE,split_full_avg,low,observed,-12,0.358034291236388,0.334941371623686,-0.298450797146035,1.01451937961881
exact2,pc_score,overall_new_release_count,downstream_outcomes,TRUE,split_full_avg,low,observed,-11,0.293374462876479,0.292628916673229,-0.28017821380305,0.866927139556008
exact2,pc_score,overall_new_release_count,downstream_outcomes,TRUE,split_full_avg,low,observed,-10,0.283867308888853,0.255706344446181,-0.217317126225663,0.785051744003368
exact2,pc_score,overall_new_release_count,downstream_outcomes,TRUE,split_full_avg,low,observed,-9,0.226215802302104,0.234074968355438,-0.232571135674553,0.685002740278762
exact2,pc_score,overall_new_release_count,downstream_outcomes,TRUE,split_full_avg,low,observed,-8,0.215583340234144,0.228353737296869,-0.231989984867718,0.663156665336006
exact2,pc_score,overall_new_release_count,downstream_outcomes,TRUE,split_full_avg,low,observed,-7,0.0862816450450656,0.21685842566871,-0.338760869265606,0.511324159355738
exact2,pc_score,overall_new_release_count,downstream_outcomes,TRUE,split_full_avg,low,observed,-6,0.390054143530484,0.238696197472311,-0.0777904035152447,0.857898690576213
exact2,pc_score,overall_new_release_count,downstream_outcomes,TRUE,split_full_avg,low,observed,-5,0.0352945966740894,0.182329583831836,-0.322071387636309,0.392660580984488
exact2,pc_score,overall_new_release_count,downstream_outcomes,TRUE,split_full_avg,low,observed,-4,-0.0184830545349616,0.144219299479696,-0.301152881515166,0.264186772445243
exact2,pc_score,overall_new_release_count,downstream_outcomes,TRUE,split_full_avg,low,observed,-3,-0.194563329559052,0.126240488772665,-0.441994687553475,0.0528680284353708
exact2,pc_score,overall_new_release_count,downstream_outcomes,TRUE,split_full_avg,low,observed,-2,-0.0854666857023369,0.115043408000738,-0.310951765383784,0.14001839397911
exact2,pc_score,overall_new_release_count,downstream_outcomes,TRUE,split_full_avg,low,observed,-1,0,0,0,0
exact2,pc_score,overall_new_release_count,downstream_outcomes,TRUE,split_full_avg,low,observed,0,-0.143838659003144,0.13386710600795,-0.406218186778725,0.118540868772438
exact2,pc_score,overall_new_release_count,downstream_outcomes,TRUE,split_full_avg,low,observed,1,-0.812937567667293,0.143600848397975,-1.09439523052732,-0.531479904807262
exact2,pc_score,overall_new_release_count,downstream_outcomes,TRUE,split_full_avg,low,observed,2,-0.827798751378691,0.207406330066732,-1.23431515830949,-0.421282344447897
exact2,pc_score,overall_new_release_count,downstream_outcomes,TRUE,split_full_avg,low,observed,3,-1.23184551255359,0.22041930336653,-1.66386734715199,-0.799823677955189
exact2,pc_score,overall_new_release_count,downstream_outcomes,TRUE,split_full_avg,low,observed,4,-1.42789544644053,0.305528248546232,-2.02673081359114,-0.829060079289912
exact2,pc_score,overall_new_release_count,downstream_outcomes,TRUE,split_full_avg,low,observed,5,-1.38098363581273,0.347435749610425,-2.06195770504916,-0.700009566576297
exact2,pc_score,overall_new_release_count,downstream_outcomes,TRUE,split_full_avg,low,observed,6,-1.58754332141634,0.352385355175711,-2.27821861756073,-0.896868025271944
exact2,pc_score,overall_new_release_count,downstream_outcomes,TRUE,split_full_avg,low,observed,7,-1.29567111767204,0.516222504418514,-2.30746722633233,-0.283875009011754
exact2,pc_score,overall_new_release_count,downstream_outcomes,TRUE,split_full_avg,low,observed,8,-1.46710665012341,0.414292171620125,-2.27911930649885,-0.655093993747964
exact2,pc_score,overall_new_release_count,downstream_outcomes,TRUE,split_full_avg,low,observed,9,-1.74728184792204,0.47554668149523,-2.67935334365269,-0.81521035219139
exact2,pc_score,overall_new_release_count,downstream_outcomes,TRUE,split_full_avg,low,observed,10,-1.38720178894867,0.613802051625687,-2.59025381013502,-0.184149767762323
exact2,pc_score,overall_new_release_count,downstream_outcomes,TRUE,split_full_avg,low,observed,11,-2.08119010356182,0.363752432136881,-2.7941448705501,-1.36823533657353
exact2,pc_score,pull_request_opened,github_outcomes,TRUE,split_period1,high,observed,-15,-0.111521130432498,0.67029546003694,-1.4253002321049,1.2022579712399
exact2,pc_score,pull_request_opened,github_outcomes,TRUE,split_period1,high,observed,-14,-0.251936457493767,0.68829171024106,-1.60098820956624,1.09711529457871
exact2,pc_score,pull_request_opened,github_outcomes,TRUE,split_period1,high,observed,-13,1.59227336452857,0.625234344918418,0.366814048488466,2.81773268056867
exact2,pc_score,pull_request_opened,github_outcomes,TRUE,split_period1,high,observed,-12,0.827479206804481,0.580109760879369,-0.309535924519082,1.96449433812804
exact2,pc_score,pull_request_opened,github_outcomes,TRUE,split_period1,high,observed,-11,0.507741100445924,0.437684351421192,-0.350120228339612,1.36560242923146
exact2,pc_score,pull_request_opened,github_outcomes,TRUE,split_period1,high,observed,-10,0.453528132948965,0.394263476762775,-0.319228281506074,1.226284547404
exact2,pc_score,pull_request_opened,github_outcomes,TRUE,split_period1,high,observed,-9,0.694554678407809,0.366126781149446,-0.0230538126451051,1.41216316946072
exact2,pc_score,pull_request_opened,github_outcomes,TRUE,split_period1,high,observed,-8,1.05694464434162,0.391846196141666,0.288926099903955,1.82496318877928
exact2,pc_score,pull_request_opened,github_outcomes,TRUE,split_period1,high,observed,-7,0.553085875774249,0.290405774978436,-0.0161094431834858,1.12228119473198
exact2,pc_score,pull_request_opened,github_outcomes,TRUE,split_period1,high,observed,-6,0.320675638923407,0.228823519048905,-0.127818458412448,0.769169736259261
exact2,pc_score,pull_request_opened,github_outcomes,TRUE,split_period1,high,observed,-5,0.283189828105091,0.177966799918921,-0.0656250997359932,0.632004755946176
exact2,pc_score,pull_request_opened,github_outcomes,TRUE,split_period1,high,observed,-4,0.51358653326238,0.155990487410261,0.207845177938269,0.819327888586491
exact2,pc_score,pull_request_opened,github_outcomes,TRUE,split_period1,high,observed,-3,0.315841299533765,0.124440384073396,0.0719381467499095,0.559744452317621
exact2,pc_score,pull_request_opened,github_outcomes,TRUE,split_period1,high,observed,-2,0.524164415083788,0.103202156468368,0.321888188405786,0.72644064176179
exact2,pc_score,pull_request_opened,github_outcomes,TRUE,split_period1,high,observed,-1,0,0,0,0
exact2,pc_score,pull_request_opened,github_outcomes,TRUE,split_period1,high,observed,0,0.544131796652212,0.191750966330647,0.168299902644144,0.91996369066028
exact2,pc_score,pull_request_opened,github_outcomes,TRUE,split_period1,high,observed,1,0.513810293982333,0.213695934353476,0.0949662626495197,0.932654325315146
exact2,pc_score,pull_request_opened,github_outcomes,TRUE,split_period1,high,observed,2,0.448194265834554,0.223702019957294,0.00973830671825743,0.88665022495085
exact2,pc_score,pull_request_opened,github_outcomes,TRUE,split_period1,high,observed,3,0.694570531783178,0.362974438247287,-0.0168593671815038,1.40600043074786
exact2,pc_score,pull_request_opened,github_outcomes,TRUE,split_period1,high,observed,4,0.583835584858765,0.436962002432731,-0.272609939909388,1.44028110962692
exact2,pc_score,pull_request_opened,github_outcomes,TRUE,split_period1,high,observed,5,1.0262469121233,0.460751525798274,0.123173921558687,1.92931990268792
exact2,pc_score,pull_request_opened,github_outcomes,TRUE,split_period1,high,observed,6,1.08627628353415,0.586324375668947,-0.0629194927769854,2.23547205984529
exact2,pc_score,pull_request_opened,github_outcomes,TRUE,split_period1,high,observed,7,0.346675348043266,0.387297742721919,-0.412428227691694,1.10577892377823
exact2,pc_score,pull_request_opened,github_outcomes,TRUE,split_period1,high,observed,8,0.350390918992585,0.485916652368485,-0.602005719649646,1.30278755763482
exact2,pc_score,pull_request_opened,github_outcomes,TRUE,split_period1,high,observed,9,-0.188008717902695,0.375474679037024,-0.923939088815263,0.547921653009872
exact2,pc_score,pull_request_opened,github_outcomes,TRUE,split_period1,high,observed,10,-0.28532356509918,0.381837399694145,-1.03372486849971,0.463077738301345
exact2,pc_score,pull_request_opened,github_outcomes,TRUE,split_period1,high,observed,11,0.0312959336829361,0.626925272719783,-1.19747760084784,1.26006946821371
exact2,pc_score,pull_request_opened,github_outcomes,TRUE,split_period1,low,observed,-15,2.70551673829794,1.80742663158205,-0.837039459602878,6.24807293619875
exact2,pc_score,pull_request_opened,github_outcomes,TRUE,split_period1,low,observed,-14,0.485660810953314,0.966748032778997,-1.40916533329352,2.38048695520015
exact2,pc_score,pull_request_opened,github_outcomes,TRUE,split_period1,low,observed,-13,-0.388675743387023,0.679701117204233,-1.72088993310732,0.943538446333273
exact2,pc_score,pull_request_opened,github_outcomes,TRUE,split_period1,low,observed,-12,-0.377470072688333,0.518881459212793,-1.39447773274541,0.639537587368741
exact2,pc_score,pull_request_opened,github_outcomes,TRUE,split_period1,low,observed,-11,0.0640666874287031,0.534024521001727,-0.982621373734682,1.11075474859209
exact2,pc_score,pull_request_opened,github_outcomes,TRUE,split_period1,low,observed,-10,0.554678439180733,0.642056392827936,-0.703752090762021,1.81310896912349
exact2,pc_score,pull_request_opened,github_outcomes,TRUE,split_period1,low,observed,-9,0.488823007803237,0.730876561841928,-0.943695053406943,1.92134106901342
exact2,pc_score,pull_request_opened,github_outcomes,TRUE,split_period1,low,observed,-8,-0.0623429186168475,0.591145725224764,-1.22098854005738,1.09630270282369
exact2,pc_score,pull_request_opened,github_outcomes,TRUE,split_period1,low,observed,-7,0.127126227452027,0.580306285868978,-1.01027409285117,1.26452654775522
exact2,pc_score,pull_request_opened,github_outcomes,TRUE,split_period1,low,observed,-6,0.0557064608521858,0.520016747143622,-0.963526363549312,1.07493928525368
exact2,pc_score,pull_request_opened,github_outcomes,TRUE,split_period1,low,observed,-5,-0.0426878945192638,0.363123890777059,-0.754410720442299,0.669034931403772
exact2,pc_score,pull_request_opened,github_outcomes,TRUE,split_period1,low,observed,-4,-0.267086419810063,0.258661825660265,-0.774063598104181,0.239890758484056
exact2,pc_score,pull_request_opened,github_outcomes,TRUE,split_period1,low,observed,-3,-0.249724109227239,0.187069173466411,-0.616379689221404,0.116931470766926
exact2,pc_score,pull_request_opened,github_outcomes,TRUE,split_period1,low,observed,-2,0.09078346598119,0.165708223490208,-0.234004652059618,0.415571584021999
exact2,pc_score,pull_request_opened,github_outcomes,TRUE,split_period1,low,observed,-1,0,0,0,0
exact2,pc_score,pull_request_opened,github_outcomes,TRUE,split_period1,low,observed,0,-0.733364184740507,0.298222934918738,-1.31788113718123,-0.14884723229978
exact2,pc_score,pull_request_opened,github_outcomes,TRUE,split_period1,low,observed,1,-1.85086240898153,0.573110822343444,-2.97415962077468,-0.727565197188376
exact2,pc_score,pull_request_opened,github_outcomes,TRUE,split_period1,low,observed,2,-2.09470116615795,0.827829793067836,-3.71724756057091,-0.472154771744993
exact2,pc_score,pull_request_opened,github_outcomes,TRUE,split_period1,low,observed,3,-2.70404109276129,1.21284568798452,-5.08121864121094,-0.326863544311639
exact2,pc_score,pull_request_opened,github_outcomes,TRUE,split_period1,low,observed,4,-3.11716520919372,1.75886093932908,-6.56453265027873,0.330202231891279
exact2,pc_score,pull_request_opened,github_outcomes,TRUE,split_period1,low,observed,5,-3.62349794440066,2.22038582071951,-7.9754541530109,0.728458264209573
exact2,pc_score,pull_request_opened,github_outcomes,TRUE,split_period1,low,observed,6,-3.94628233641299,2.35057670819212,-8.55341268446955,0.660848011643561
exact2,pc_score,pull_request_opened,github_outcomes,TRUE,split_period1,low,observed,7,-4.0129407134261,2.78847782525724,-9.47835725093028,1.45247582407809
exact2,pc_score,pull_request_opened,github_outcomes,TRUE,split_period1,low,observed,8,-4.24924563558441,2.79371961540946,-9.72493608178694,1.22644481061813
exact2,pc_score,pull_request_opened,github_outcomes,TRUE,split_period1,low,observed,9,-4.82251635040309,3.21912639290655,-11.1320040804999,1.48697137969375
exact2,pc_score,pull_request_opened,github_outcomes,TRUE,split_period1,low,observed,10,-5.15220900405909,3.3784991859894,-11.7740674085983,1.46964940048013
exact2,pc_score,pull_request_opened,github_outcomes,TRUE,split_period1,low,observed,11,-5.20776759938654,3.17536551142826,-11.4314840017859,1.01594880301286
exact2,pc_score,pull_request_merged,github_outcomes,TRUE,split_period1,high,observed,-15,0.201735306444602,0.612296899033801,-0.998366615661647,1.40183722855085
exact2,pc_score,pull_request_merged,github_outcomes,TRUE,split_period1,high,observed,-14,-0.0194427379595908,0.604945303677407,-1.20513553316731,1.16625005724813
exact2,pc_score,pull_request_merged,github_outcomes,TRUE,split_period1,high,observed,-13,1.09633142972798,0.551633267325705,0.0151302257696002,2.17753263368636
exact2,pc_score,pull_request_merged,github_outcomes,TRUE,split_period1,high,observed,-12,0.377872809669108,0.423525145847843,-0.452236476192666,1.20798209553088
exact2,pc_score,pull_request_merged,github_outcomes,TRUE,split_period1,high,observed,-11,0.341212285504487,0.390123940343037,-0.423430637567865,1.10585520857684
exact2,pc_score,pull_request_merged,github_outcomes,TRUE,split_period1,high,observed,-10,0.193956972036251,0.354898547833651,-0.501644181717705,0.889558125790207
exact2,pc_score,pull_request_merged,github_outcomes,TRUE,split_period1,high,observed,-9,0.61502134767668,0.331458444050695,-0.0346372026626822,1.26467989801604
exact2,pc_score,pull_request_merged,github_outcomes,TRUE,split_period1,high,observed,-8,0.828954309279417,0.344864557584719,0.153019776413367,1.50488884214547
exact2,pc_score,pull_request_merged,github_outcomes,TRUE,split_period1,high,observed,-7,0.340740208058532,0.255547410249883,-0.160132716031238,0.841613132148303
exact2,pc_score,pull_request_merged,github_outcomes,TRUE,split_period1,high,observed,-6,0.217676953855682,0.199115750918097,-0.172589917943789,0.607943825655153
exact2,pc_score,pull_request_merged,github_outcomes,TRUE,split_period1,high,observed,-5,0.226317015462112,0.159665630677446,-0.0866276206656817,0.539261651589906
exact2,pc_score,pull_request_merged,github_outcomes,TRUE,split_period1,high,observed,-4,0.416703687957795,0.138319854289089,0.14559677355118,0.68781060236441
exact2,pc_score,pull_request_merged,github_outcomes,TRUE,split_period1,high,observed,-3,0.314037887083859,0.120420334673196,0.0780140311243942,0.550061743043324
exact2,pc_score,pull_request_merged,github_outcomes,TRUE,split_period1,high,observed,-2,0.516417772153906,0.105232156526238,0.310162745362479,0.722672798945333
exact2,pc_score,pull_request_merged,github_outcomes,TRUE,split_period1,high,observed,-1,0,0,0,0
exact2,pc_score,pull_request_merged,github_outcomes,TRUE,split_period1,high,observed,0,0.708768240883887,0.201139574056115,0.314534675733903,1.10300180603387
exact2,pc_score,pull_request_merged,github_outcomes,TRUE,split_period1,high,observed,1,0.50572597094166,0.163597892405718,0.185074101826453,0.826377840056868
exact2,pc_score,pull_request_merged,github_outcomes,TRUE,split_period1,high,observed,2,0.331060679767394,0.190977066875251,-0.043254371308097,0.705375730842886
exact2,pc_score,pull_request_merged,github_outcomes,TRUE,split_period1,high,observed,3,0.569008870487204,0.304270874538106,-0.0273620436074844,1.16537978458189
exact2,pc_score,pull_request_merged,github_outcomes,TRUE,split_period1,high,observed,4,0.55767662202784,0.339589847366606,-0.107919478810707,1.22327272286639
exact2,pc_score,pull_request_merged,github_outcomes,TRUE,split_period1,high,observed,5,0.837245564287708,0.439726170795984,-0.0246177304724208,1.69910885904784
exact2,pc_score,pull_request_merged,github_outcomes,TRUE,split_period1,high,observed,6,1.00577558598653,0.507090834044559,0.0118775512591891,1.99967362071386
exact2,pc_score,pull_request_merged,github_outcomes,TRUE,split_period1,high,observed,7,0.31893735989898,0.30301214777739,-0.274966449744704,0.912841169542665
exact2,pc_score,pull_request_merged,github_outcomes,TRUE,split_period1,high,observed,8,0.572469235744775,0.411756632508852,-0.234573763972575,1.37951223546212
exact2,pc_score,pull_request_merged,github_outcomes,TRUE,split_period1,high,observed,9,0.173632205411978,0.425562224968645,-0.660469755526567,1.00773416635052
exact2,pc_score,pull_request_merged,github_outcomes,TRUE,split_period1,high,observed,10,0.0340929509187052,0.347503148848619,-0.647013220824588,0.715199122661999
exact2,pc_score,pull_request_merged,github_outcomes,TRUE,split_period1,high,observed,11,0.318383861907057,0.710376588496193,-1.07395425154548,1.7107219753596
exact2,pc_score,pull_request_merged,github_outcomes,TRUE,split_period1,low,observed,-15,1.45645581060359,0.577402613613239,0.324746687921643,2.58816493328554
exact2,pc_score,pull_request_merged,github_outcomes,TRUE,split_period1,low,observed,-14,0.510874272729588,0.748175456304969,-0.955549621628152,1.97729816708733
exact2,pc_score,pull_request_merged,github_outcomes,TRUE,split_period1,low,observed,-13,-0.0356521191455486,0.699055663783053,-1.40580122016033,1.33449698186924
exact2,pc_score,pull_request_merged,github_outcomes,TRUE,split_period1,low,observed,-12,-0.27429060969074,0.501652041986708,-1.25752861198469,0.708947392603207
exact2,pc_score,pull_request_merged,github_outcomes,TRUE,split_period1,low,observed,-11,-0.0130624676937756,0.559913571510719,-1.11049306785478,1.08436813246723
exact2,pc_score,pull_request_merged,github_outcomes,TRUE,split_period1,low,observed,-10,0.950128076224524,0.965175084005951,-0.94161508842714,2.84187124087619
exact2,pc_score,pull_request_merged,github_outcomes,TRUE,split_period1,low,observed,-9,0.554471307673245,0.908295236772386,-1.22578735640063,2.33472997174712
exact2,pc_score,pull_request_merged,github_outcomes,TRUE,split_period1,low,observed,-8,-0.348452488274928,0.493206731870508,-1.31513768274112,0.618232706191269
exact2,pc_score,pull_request_merged,github_outcomes,TRUE,split_period1,low,observed,-7,-0.0706232432603328,0.464036314242829,-0.980134419176278,0.838887932655613
exact2,pc_score,pull_request_merged,github_outcomes,TRUE,split_period1,low,observed,-6,-0.121253070239669,0.412200632740847,-0.929166310411729,0.68666016993239
exact2,pc_score,pull_request_merged,github_outcomes,TRUE,split_period1,low,observed,-5,-0.0723207544997476,0.294395457594487,-0.649335851384943,0.504694342385448
exact2,pc_score,pull_request_merged,github_outcomes,TRUE,split_period1,low,observed,-4,-0.288651462390725,0.206241857340377,-0.692885502777865,0.115582577996415
exact2,pc_score,pull_request_merged,github_outcomes,TRUE,split_period1,low,observed,-3,-0.2811540417829,0.156867190509519,-0.588613735181556,0.0263056516157568
exact2,pc_score,pull_request_merged,github_outcomes,TRUE,split_period1,low,observed,-2,0.0932772383422293,0.150510450999155,-0.201723245616114,0.388277722300573
exact2,pc_score,pull_request_merged,github_outcomes,TRUE,split_period1,low,observed,-1,0,0,0,0
exact2,pc_score,pull_request_merged,github_outcomes,TRUE,split_period1,low,observed,0,-0.643936281924593,0.232132030656397,-1.09891506201113,-0.188957501838054
exact2,pc_score,pull_request_merged,github_outcomes,TRUE,split_period1,low,observed,1,-1.820503126364,0.445059721565065,-2.69282018063152,-0.948186072096468
exact2,pc_score,pull_request_merged,github_outcomes,TRUE,split_period1,low,observed,2,-1.90013773011151,0.67965529680894,-3.23226211185703,-0.568013348365989
exact2,pc_score,pull_request_merged,github_outcomes,TRUE,split_period1,low,observed,3,-2.43008007661108,0.917822930480359,-4.22901302035258,-0.631147132869573
exact2,pc_score,pull_request_merged,github_outcomes,TRUE,split_period1,low,observed,4,-2.73091265794996,1.36733192071081,-5.41088322254314,-0.0509420933567801
exact2,pc_score,pull_request_merged,github_outcomes,TRUE,split_period1,low,observed,5,-3.22749157702017,1.71819032931376,-6.59514462247513,0.140161468434789
exact2,pc_score,pull_request_merged,github_outcomes,TRUE,split_period1,low,observed,6,-3.61552996795832,1.77220840908959,-7.08905844977391,-0.14200148614273
exact2,pc_score,pull_request_merged,github_outcomes,TRUE,split_period1,low,observed,7,-3.72352780550813,2.18173704432551,-7.99973241238613,0.552676801369865
exact2,pc_score,pull_request_merged,github_outcomes,TRUE,split_period1,low,observed,8,-3.91926639370027,2.11678403824522,-8.06816310866091,0.22963032126037
exact2,pc_score,pull_request_merged,github_outcomes,TRUE,split_period1,low,observed,9,-4.35809169790708,2.51341580368545,-9.28438667313055,0.568203277316393
exact2,pc_score,pull_request_merged,github_outcomes,TRUE,split_period1,low,observed,10,-4.70468816689766,2.6139017756139,-9.82793564710091,0.418559313305597
exact2,pc_score,pull_request_merged,github_outcomes,TRUE,split_period1,low,observed,11,-4.38425775051927,2.47176759028269,-9.22892222747333,0.460406726434798
exact2,pc_score,overall_new_release_count,downstream_outcomes,TRUE,split_period1,high,observed,-15,0.855945154996033,0.253281089525053,0.359514219526929,1.35237609046514
exact2,pc_score,overall_new_release_count,downstream_outcomes,TRUE,split_period1,high,observed,-14,0.917866198043549,0.239937099689514,0.447589482652101,1.388142913435
exact2,pc_score,overall_new_release_count,downstream_outcomes,TRUE,split_period1,high,observed,-13,0.813773919054672,0.223503978371236,0.375706121447049,1.25184171666229
exact2,pc_score,overall_new_release_count,downstream_outcomes,TRUE,split_period1,high,observed,-12,0.782445172182758,0.177999170620561,0.433566797766459,1.13132354659906
exact2,pc_score,overall_new_release_count,downstream_outcomes,TRUE,split_period1,high,observed,-11,0.60099229996784,0.146129763222061,0.3145779640526,0.887406635883079
exact2,pc_score,overall_new_release_count,downstream_outcomes,TRUE,split_period1,high,observed,-10,0.580978340808113,0.13961460839606,0.307333708351836,0.854622973264391
exact2,pc_score,overall_new_release_count,downstream_outcomes,TRUE,split_period1,high,observed,-9,0.476180970540273,0.126567096635645,0.228109461134408,0.724252479946138
exact2,pc_score,overall_new_release_count,downstream_outcomes,TRUE,split_period1,high,observed,-8,0.41905470843065,0.121617816764372,0.180683787572481,0.65742562928882
exact2,pc_score,overall_new_release_count,downstream_outcomes,TRUE,split_period1,high,observed,-7,0.351421816571629,0.147764604892483,0.0618031909823625,0.641040442160895
exact2,pc_score,overall_new_release_count,downstream_outcomes,TRUE,split_period1,high,observed,-6,0.298027770017676,0.162799510401014,-0.021059270368312,0.617114810403664
exact2,pc_score,overall_new_release_count,downstream_outcomes,TRUE,split_period1,high,observed,-5,0.28524557941952,0.162881822094282,-0.034002791885274,0.604493950724313
exact2,pc_score,overall_new_release_count,downstream_outcomes,TRUE,split_period1,high,observed,-4,0.422398070844803,0.164171222964785,0.100622473833825,0.744173667855781
exact2,pc_score,overall_new_release_count,downstream_outcomes,TRUE,split_period1,high,observed,-3,0.283343368550537,0.132220288277144,0.0241916035273353,0.542495133573739
exact2,pc_score,overall_new_release_count,downstream_outcomes,TRUE,split_period1,high,observed,-2,0.337342858259628,0.116370756030878,0.109256176439107,0.565429540080149
exact2,pc_score,overall_new_release_count,downstream_outcomes,TRUE,split_period1,high,observed,-1,0,0,0,0
exact2,pc_score,overall_new_release_count,downstream_outcomes,TRUE,split_period1,high,observed,0,0.399074981399012,0.150843685228145,0.103421358351848,0.694728604446176
exact2,pc_score,overall_new_release_count,downstream_outcomes,TRUE,split_period1,high,observed,1,0.00901100287572242,0.162245033924547,-0.30898926361639,0.327011269367835
exact2,pc_score,overall_new_release_count,downstream_outcomes,TRUE,split_period1,high,observed,2,-0.0412632925288384,0.180204671831179,-0.394464449317949,0.311937864260273
exact2,pc_score,overall_new_release_count,downstream_outcomes,TRUE,split_period1,high,observed,3,-0.0334168740427207,0.185667459994134,-0.397325095631224,0.330491347545782
exact2,pc_score,overall_new_release_count,downstream_outcomes,TRUE,split_period1,high,observed,4,-0.0892646817703423,0.205104748959522,-0.491269989731006,0.312740626190322
exact2,pc_score,overall_new_release_count,downstream_outcomes,TRUE,split_period1,high,observed,5,0.0229248461297766,0.234882431061304,-0.437444718750379,0.483294411009932
exact2,pc_score,overall_new_release_count,downstream_outcomes,TRUE,split_period1,high,observed,6,-0.214314250124319,0.218109117156841,-0.641808119751727,0.213179619503089
exact2,pc_score,overall_new_release_count,downstream_outcomes,TRUE,split_period1,high,observed,7,-0.202962209257217,0.249618921119549,-0.692215294651533,0.286290876137098
exact2,pc_score,overall_new_release_count,downstream_outcomes,TRUE,split_period1,high,observed,8,-0.333481290263809,0.282597445490262,-0.887372283424723,0.220409702897104
exact2,pc_score,overall_new_release_count,downstream_outcomes,TRUE,split_period1,high,observed,9,-0.61078743686259,0.300778675630018,-1.20031364109743,-0.0212612326277544
exact2,pc_score,overall_new_release_count,downstream_outcomes,TRUE,split_period1,high,observed,10,0.454051093535558,0.913905352169502,-1.33720339671667,2.24530558378778
exact2,pc_score,overall_new_release_count,downstream_outcomes,TRUE,split_period1,high,observed,11,-1.27979393699949,0.41565029549751,-2.09446851617461,-0.465119357824371
exact2,pc_score,overall_new_release_count,downstream_outcomes,TRUE,split_period1,low,observed,-15,1.23469723048726,0.401737654572839,0.447291427524494,2.02210303345002
exact2,pc_score,overall_new_release_count,downstream_outcomes,TRUE,split_period1,low,observed,-14,0.844460839181204,0.332574840144571,0.192614152497844,1.49630752586456
exact2,pc_score,overall_new_release_count,downstream_outcomes,TRUE,split_period1,low,observed,-13,0.597193682550974,0.335296198648297,-0.0599868667996878,1.25437423190164
exact2,pc_score,overall_new_release_count,downstream_outcomes,TRUE,split_period1,low,observed,-12,0.564647175738686,0.388775420314183,-0.197352648077113,1.32664699955449
exact2,pc_score,overall_new_release_count,downstream_outcomes,TRUE,split_period1,low,observed,-11,0.406842599756472,0.335394626628976,-0.250530868436322,1.06421606794926
exact2,pc_score,overall_new_release_count,downstream_outcomes,TRUE,split_period1,low,observed,-10,0.419958858570045,0.303363414657774,-0.174633434159192,1.01455115129928
exact2,pc_score,overall_new_release_count,downstream_outcomes,TRUE,split_period1,low,observed,-9,0.357570560382676,0.280244707566539,-0.191709066447742,0.906850187213093
exact2,pc_score,overall_new_release_count,downstream_outcomes,TRUE,split_period1,low,observed,-8,0.307813898767163,0.25861847719522,-0.199078316535468,0.814706114069793
exact2,pc_score,overall_new_release_count,downstream_outcomes,TRUE,split_period1,low,observed,-7,0.232038648465048,0.230556093126308,-0.219851294062515,0.683928590992612
exact2,pc_score,overall_new_release_count,downstream_outcomes,TRUE,split_period1,low,observed,-6,0.325587015607936,0.229855888000554,-0.12493052487315,0.776104556089021
exact2,pc_score,overall_new_release_count,downstream_outcomes,TRUE,split_period1,low,observed,-5,0.108939924244238,0.173894810920823,-0.231893905160576,0.449773753649052
exact2,pc_score,overall_new_release_count,downstream_outcomes,TRUE,split_period1,low,observed,-4,-0.066182352982844,0.131655906238777,-0.324227929210847,0.19186322324516
exact2,pc_score,overall_new_release_count,downstream_outcomes,TRUE,split_period1,low,observed,-3,-0.190895126190153,0.118684948416098,-0.423517625085705,0.0417273727053983
exact2,pc_score,overall_new_release_count,downstream_outcomes,TRUE,split_period1,low,observed,-2,-0.0272105847830255,0.109198465714024,-0.241239577582513,0.186818408016462
exact2,pc_score,overall_new_release_count,downstream_outcomes,TRUE,split_period1,low,observed,-1,0,0,0,0
exact2,pc_score,overall_new_release_count,downstream_outcomes,TRUE,split_period1,low,observed,0,-0.183557161660758,0.143639844224294,-0.465091256340375,0.0979769330188591
exact2,pc_score,overall_new_release_count,downstream_outcomes,TRUE,split_period1,low,observed,1,-0.793847667706222,0.145345222974736,-1.0787243047367,-0.50897103067574
exact2,pc_score,overall_new_release_count,downstream_outcomes,TRUE,split_period1,low,observed,2,-0.668367635137953,0.211695070598967,-1.08328997351193,-0.253445296763978
exact2,pc_score,overall_new_release_count,downstream_outcomes,TRUE,split_period1,low,observed,3,-0.969098941895765,0.233119092854291,-1.42601236389018,-0.512185519901354
exact2,pc_score,overall_new_release_count,downstream_outcomes,TRUE,split_period1,low,observed,4,-1.15427102476572,0.301242517598558,-1.74470635925889,-0.563835690272542
exact2,pc_score,overall_new_release_count,downstream_outcomes,TRUE,split_period1,low,observed,5,-1.05876016443863,0.337836108160229,-1.72091893643268,-0.396601392444582
exact2,pc_score,overall_new_release_count,downstream_outcomes,TRUE,split_period1,low,observed,6,-1.34802248725065,0.344051149592483,-2.02236274045192,-0.673682234049386
exact2,pc_score,overall_new_release_count,downstream_outcomes,TRUE,split_period1,low,observed,7,-1.07238094181711,0.478110522820661,-2.00947756654561,-0.135284317088616
exact2,pc_score,overall_new_release_count,downstream_outcomes,TRUE,split_period1,low,observed,8,-1.37640221352845,0.395487552562072,-2.15155781655011,-0.601246610506784
exact2,pc_score,overall_new_release_count,downstream_outcomes,TRUE,split_period1,low,observed,9,-1.56515482848298,0.481614808030584,-2.50911985222292,-0.621189804743033
exact2,pc_score,overall_new_release_count,downstream_outcomes,TRUE,split_period1,low,observed,10,-1.51304407885644,0.459905448736914,-2.41445875838079,-0.611629399332087
exact2,pc_score,overall_new_release_count,downstream_outcomes,TRUE,split_period1,low,observed,11,-2.24460563956349,0.335482798153317,-2.90215192394399,-1.58705935518299
exact2,pc_score,pull_request_opened,github_outcomes,TRUE,split_period5,high,observed,-15,-0.11240664088877,0.565965421547711,-1.22169886712228,0.996885585344744
exact2,pc_score,pull_request_opened,github_outcomes,TRUE,split_period5,high,observed,-14,-0.922824029600722,0.590237474463882,-2.07968947954993,0.234041420348487
exact2,pc_score,pull_request_opened,github_outcomes,TRUE,split_period5,high,observed,-13,1.18456459895439,0.614592527633681,-0.0200367552076248,2.3891659531164
exact2,pc_score,pull_request_opened,github_outcomes,TRUE,split_period5,high,observed,-12,0.44700601263346,0.550457054118897,-0.631889813439577,1.5259018387065
exact2,pc_score,pull_request_opened,github_outcomes,TRUE,split_period5,high,observed,-11,0.928813070144616,0.461226412078946,0.024809302469882,1.83281683781935
exact2,pc_score,pull_request_opened,github_outcomes,TRUE,split_period5,high,observed,-10,0.354682291187623,0.350710002182806,-0.332709313090676,1.04207389546592
exact2,pc_score,pull_request_opened,github_outcomes,TRUE,split_period5,high,observed,-9,0.247872163176763,0.330247179951303,-0.399412309527792,0.895156635881317
exact2,pc_score,pull_request_opened,github_outcomes,TRUE,split_period5,high,observed,-8,0.762399746616657,0.371776564641246,0.0337176799198146,1.4910818133135
exact2,pc_score,pull_request_opened,github_outcomes,TRUE,split_period5,high,observed,-7,0.243687940569835,0.264011079928756,-0.273773776090526,0.761149657230197
exact2,pc_score,pull_request_opened,github_outcomes,TRUE,split_period5,high,observed,-6,0.0773828405103186,0.198642664107508,-0.311956781140397,0.466722462161035
exact2,pc_score,pull_request_opened,github_outcomes,TRUE,split_period5,high,observed,-5,0.0757368372791172,0.150686279212409,-0.219608269977204,0.371081944535439
exact2,pc_score,pull_request_opened,github_outcomes,TRUE,split_period5,high,observed,-4,0.25416411173823,0.129324509663692,0.000688072797392469,0.507640150679067
exact2,pc_score,pull_request_opened,github_outcomes,TRUE,split_period5,high,observed,-3,0.104166280411305,0.112922595161529,-0.117162006105293,0.325494566927902
exact2,pc_score,pull_request_opened,github_outcomes,TRUE,split_period5,high,observed,-2,0.322612135862103,0.103347822623243,0.120050403520546,0.52517386820366
exact2,pc_score,pull_request_opened,github_outcomes,TRUE,split_period5,high,observed,-1,0,0,0,0
exact2,pc_score,pull_request_opened,github_outcomes,TRUE,split_period5,high,observed,0,0.370655475369991,0.182291068561084,0.0133649809902656,0.727945969749716
exact2,pc_score,pull_request_opened,github_outcomes,TRUE,split_period5,high,observed,1,0.308834543905816,0.204864786361253,-0.09270043736224,0.710369525173872
exact2,pc_score,pull_request_opened,github_outcomes,TRUE,split_period5,high,observed,2,0.649354441784053,0.213560357152739,0.230776141764684,1.06793274180342
exact2,pc_score,pull_request_opened,github_outcomes,TRUE,split_period5,high,observed,3,1.04895376996369,0.357550964047877,0.348153880429854,1.74975365949753
exact2,pc_score,pull_request_opened,github_outcomes,TRUE,split_period5,high,observed,4,1.16629430705621,0.436131624774354,0.311476322498473,2.02111229161394
exact2,pc_score,pull_request_opened,github_outcomes,TRUE,split_period5,high,observed,5,1.88967648692747,0.479029238337221,0.950779179786516,2.82857379406842
exact2,pc_score,pull_request_opened,github_outcomes,TRUE,split_period5,high,observed,6,1.89568829011048,0.61445658780594,0.69135337801084,3.10002320221013
exact2,pc_score,pull_request_opened,github_outcomes,TRUE,split_period5,high,observed,7,1.07041678793359,0.390559227907645,0.304920701234609,1.83591287463258
exact2,pc_score,pull_request_opened,github_outcomes,TRUE,split_period5,high,observed,8,0.877178059884987,0.534245383831948,-0.169942892425632,1.92429901219561
exact2,pc_score,pull_request_opened,github_outcomes,TRUE,split_period5,high,observed,9,0.371090395463039,0.369970323205879,-0.354051438020483,1.09623222894656
exact2,pc_score,pull_request_opened,github_outcomes,TRUE,split_period5,high,observed,10,0.113990067256741,0.383062566334908,-0.63681256275968,0.864792697273161
exact2,pc_score,pull_request_opened,github_outcomes,TRUE,split_period5,high,observed,11,-0.32933339964219,0.384138021329706,-1.08224392144841,0.423577122164034
exact2,pc_score,pull_request_opened,github_outcomes,TRUE,split_period5,low,observed,-15,1.94754433503482,1.62496384036765,-1.23738479208579,5.13247346215542
exact2,pc_score,pull_request_opened,github_outcomes,TRUE,split_period5,low,observed,-14,0.601330493153718,0.904564819097976,-1.17161655227831,2.37427753858575
exact2,pc_score,pull_request_opened,github_outcomes,TRUE,split_period5,low,observed,-13,0.06939755032459,0.717042701211954,-1.33600614405084,1.47480124470002
exact2,pc_score,pull_request_opened,github_outcomes,TRUE,split_period5,low,observed,-12,0.125057773097171,0.515607761260768,-0.885533438973934,1.13564898516828
exact2,pc_score,pull_request_opened,github_outcomes,TRUE,split_period5,low,observed,-11,-0.366897233578238,0.463483099474105,-1.27532410854748,0.541529641391008
exact2,pc_score,pull_request_opened,github_outcomes,TRUE,split_period5,low,observed,-10,0.628905345646235,0.639721756351753,-0.6249492968032,1.88275998809567
exact2,pc_score,pull_request_opened,github_outcomes,TRUE,split_period5,low,observed,-9,0.896842787107641,0.746303775939542,-0.565912613733862,2.35959818794914
exact2,pc_score,pull_request_opened,github_outcomes,TRUE,split_period5,low,observed,-8,0.325555870108629,0.608159067756686,-0.866435902694476,1.51754764291173
exact2,pc_score,pull_request_opened,github_outcomes,TRUE,split_period5,low,observed,-7,0.536292269245334,0.637101606377301,-0.712426879254176,1.78501141774484
exact2,pc_score,pull_request_opened,github_outcomes,TRUE,split_period5,low,observed,-6,0.388345964864141,0.574396556173673,-0.737471285236259,1.51416321496454
exact2,pc_score,pull_request_opened,github_outcomes,TRUE,split_period5,low,observed,-5,0.18116717279297,0.412555989551576,-0.62744256672812,0.989776912314059
exact2,pc_score,pull_request_opened,github_outcomes,TRUE,split_period5,low,observed,-4,-0.00087302913950503,0.294689362352452,-0.57846417935031,0.5767181210713
exact2,pc_score,pull_request_opened,github_outcomes,TRUE,split_period5,low,observed,-3,-0.00451713016105373,0.205844791569825,-0.407972921637911,0.398938661315803
exact2,pc_score,pull_request_opened,github_outcomes,TRUE,split_period5,low,observed,-2,0.304970425649266,0.168313276783231,-0.0249235968458667,0.634864448144399
exact2,pc_score,pull_request_opened,github_outcomes,TRUE,split_period5,low,observed,-1,0,0,0,0
exact2,pc_score,pull_request_opened,github_outcomes,TRUE,split_period5,low,observed,0,-0.509021313171788,0.286837718838048,-1.07122324209436,0.0531806157507866
exact2,pc_score,pull_request_opened,github_outcomes,TRUE,split_period5,low,observed,1,-1.53103819227252,0.547994649991361,-2.60510770625559,-0.456968678289457
exact2,pc_score,pull_request_opened,github_outcomes,TRUE,split_period5,low,observed,2,-2.26720427013604,0.809722544852702,-3.85426045804734,-0.680148082224743
exact2,pc_score,pull_request_opened,github_outcomes,TRUE,split_period5,low,observed,3,-3.04017826596091,1.24077721702255,-5.47210161132511,-0.608254920596718
exact2,pc_score,pull_request_opened,github_outcomes,TRUE,split_period5,low,observed,4,-3.72567943183373,1.7504090403602,-7.15648115093972,-0.29487771272774
exact2,pc_score,pull_request_opened,github_outcomes,TRUE,split_period5,low,observed,5,-4.51247501972878,2.22249258485482,-8.86856048604423,-0.156389553413325
exact2,pc_score,pull_request_opened,github_outcomes,TRUE,split_period5,low,observed,6,-4.67905995797617,2.36339022693822,-9.31130480277507,-0.0468151131772618
exact2,pc_score,pull_request_opened,github_outcomes,TRUE,split_period5,low,observed,7,-4.87716191397732,2.95281763407003,-10.6646844767546,0.910360648799945
exact2,pc_score,pull_request_opened,github_outcomes,TRUE,split_period5,low,observed,8,-4.72085227813051,2.85591723449115,-10.3184500577332,0.876745501472153
exact2,pc_score,pull_request_opened,github_outcomes,TRUE,split_period5,low,observed,9,-5.54262497466724,3.32894055646963,-12.0673484653477,0.982098516013238
exact2,pc_score,pull_request_opened,github_outcomes,TRUE,split_period5,low,observed,10,-5.64219143859478,3.46033793905354,-12.4244537991397,1.14007092195016
exact2,pc_score,pull_request_opened,github_outcomes,TRUE,split_period5,low,observed,11,-4.7882852038887,3.33803544057963,-11.3308346674248,1.75426425964737
exact2,pc_score,pull_request_merged,github_outcomes,TRUE,split_period5,high,observed,-15,0.298654929741372,0.396059339225322,-0.477621375140259,1.074931234623
exact2,pc_score,pull_request_merged,github_outcomes,TRUE,split_period5,high,observed,-14,-0.526468832442441,0.464675634575781,-1.43723307621097,0.38429541132609
exact2,pc_score,pull_request_merged,github_outcomes,TRUE,split_period5,high,observed,-13,0.893198641107978,0.538126242885239,-0.161528794947091,1.94792607716305
exact2,pc_score,pull_request_merged,github_outcomes,TRUE,split_period5,high,observed,-12,0.289456833679237,0.391023088618844,-0.476948420013698,1.05586208737217
exact2,pc_score,pull_request_merged,github_outcomes,TRUE,split_period5,high,observed,-11,0.871697539264302,0.434706352370231,0.01967308861865,1.72372198990995
exact2,pc_score,pull_request_merged,github_outcomes,TRUE,split_period5,high,observed,-10,0.177879836606623,0.303332465178156,-0.416651795142562,0.772411468355808
exact2,pc_score,pull_request_merged,github_outcomes,TRUE,split_period5,high,observed,-9,0.206586039480503,0.290370933262213,-0.362540989713435,0.775713068674441
exact2,pc_score,pull_request_merged,github_outcomes,TRUE,split_period5,high,observed,-8,0.46911985804197,0.320080150945728,-0.158237237811657,1.0964769538956
exact2,pc_score,pull_request_merged,github_outcomes,TRUE,split_period5,high,observed,-7,0.110957633670976,0.225434365171513,-0.33089372206519,0.552808989407141
exact2,pc_score,pull_request_merged,github_outcomes,TRUE,split_period5,high,observed,-6,0.0551788205547932,0.18038372448984,-0.298373279445294,0.40873092055488
exact2,pc_score,pull_request_merged,github_outcomes,TRUE,split_period5,high,observed,-5,0.111847643206335,0.142657761309415,-0.167761568960118,0.391456855372788
exact2,pc_score,pull_request_merged,github_outcomes,TRUE,split_period5,high,observed,-4,0.174853928855002,0.124489164720109,-0.0691448339964108,0.418852691706415
exact2,pc_score,pull_request_merged,github_outcomes,TRUE,split_period5,high,observed,-3,0.14379236901505,0.11308628223796,-0.0778567441713516,0.365441482201451
exact2,pc_score,pull_request_merged,github_outcomes,TRUE,split_period5,high,observed,-2,0.357806425738606,0.101165165420598,0.159522701514234,0.556090149962979
exact2,pc_score,pull_request_merged,github_outcomes,TRUE,split_period5,high,observed,-1,0,0,0,0
exact2,pc_score,pull_request_merged,github_outcomes,TRUE,split_period5,high,observed,0,0.48568442600352,0.191822070533578,0.109713167757707,0.861655684249333
exact2,pc_score,pull_request_merged,github_outcomes,TRUE,split_period5,high,observed,1,0.159991455968681,0.147648336525533,-0.129399283621364,0.449382195558726
exact2,pc_score,pull_request_merged,github_outcomes,TRUE,split_period5,high,observed,2,0.586571767361741,0.193661435378898,0.206995354019101,0.966148180704381
exact2,pc_score,pull_request_merged,github_outcomes,TRUE,split_period5,high,observed,3,0.916039833664415,0.300016936138323,0.328006638833301,1.50407302849553
exact2,pc_score,pull_request_merged,github_outcomes,TRUE,split_period5,high,observed,4,1.21058866471861,0.339610826740553,0.544951444307126,1.87622588513009
exact2,pc_score,pull_request_merged,github_outcomes,TRUE,split_period5,high,observed,5,1.76133284933665,0.434311887717163,0.910081549411011,2.61258414926229
exact2,pc_score,pull_request_merged,github_outcomes,TRUE,split_period5,high,observed,6,1.81295299994692,0.510180025452842,0.813000150059349,2.81290584983449
exact2,pc_score,pull_request_merged,github_outcomes,TRUE,split_period5,high,observed,7,1.02698654235393,0.258022362493651,0.521262711866376,1.53271037284149
exact2,pc_score,pull_request_merged,github_outcomes,TRUE,split_period5,high,observed,8,1.0880631795591,0.402016187758003,0.300111451553414,1.87601490756479
exact2,pc_score,pull_request_merged,github_outcomes,TRUE,split_period5,high,observed,9,0.343478619668881,0.277043413372548,-0.199526470541313,0.886483709879076
exact2,pc_score,pull_request_merged,github_outcomes,TRUE,split_period5,high,observed,10,0.213111582362341,0.283181195805858,-0.341923561417142,0.768146726141823
exact2,pc_score,pull_request_merged,github_outcomes,TRUE,split_period5,high,observed,11,-0.086185581525118,0.354974685907001,-0.781935965902839,0.609564802852603
exact2,pc_score,pull_request_merged,github_outcomes,TRUE,split_period5,low,observed,-15,0.960319028913657,0.752458003276702,-0.514498657508679,2.43513671533599
exact2,pc_score,pull_request_merged,github_outcomes,TRUE,split_period5,low,observed,-14,0.50765200146446,0.755820301729587,-0.973755789925531,1.98905979285445
exact2,pc_score,pull_request_merged,github_outcomes,TRUE,split_period5,low,observed,-13,0.157711567418227,0.691548007367728,-1.19772252702252,1.51314566185898
exact2,pc_score,pull_request_merged,github_outcomes,TRUE,split_period5,low,observed,-12,-0.0747049742946428,0.491822843257421,-1.03867774707919,0.889267798489902
exact2,pc_score,pull_request_merged,github_outcomes,TRUE,split_period5,low,observed,-11,-0.549594866087949,0.464338979514254,-1.45969926593589,0.360509533759989
exact2,pc_score,pull_request_merged,github_outcomes,TRUE,split_period5,low,observed,-10,0.950718050339343,0.957818804381036,-0.926606806247487,2.82804290692617
exact2,pc_score,pull_request_merged,github_outcomes,TRUE,split_period5,low,observed,-9,0.921658819342775,0.899796266668775,-0.841941863328024,2.68525950201357
exact2,pc_score,pull_request_merged,github_outcomes,TRUE,split_period5,low,observed,-8,0.102125034069062,0.5162928201138,-0.909808893353987,1.11405896149211
exact2,pc_score,pull_request_merged,github_outcomes,TRUE,split_period5,low,observed,-7,0.239706971964039,0.506256574474889,-0.752555914006743,1.23196985793482
exact2,pc_score,pull_request_merged,github_outcomes,TRUE,split_period5,low,observed,-6,0.125933848051608,0.451049509912265,-0.758123191376432,1.00999088747965
exact2,pc_score,pull_request_merged,github_outcomes,TRUE,split_period5,low,observed,-5,0.0476481288105719,0.332245376195245,-0.603552808532108,0.698849066153251
exact2,pc_score,pull_request_merged,github_outcomes,TRUE,split_period5,low,observed,-4,-0.0214756181802655,0.234801403973767,-0.481686369968848,0.438735133608317
exact2,pc_score,pull_request_merged,github_outcomes,TRUE,split_period5,low,observed,-3,-0.0807190633338778,0.170448250352192,-0.414797634024175,0.253359507356419
exact2,pc_score,pull_request_merged,github_outcomes,TRUE,split_period5,low,observed,-2,0.270854146798666,0.155240470330929,-0.0334171750499538,0.575125468647286
exact2,pc_score,pull_request_merged,github_outcomes,TRUE,split_period5,low,observed,-1,0,0,0,0
exact2,pc_score,pull_request_merged,github_outcomes,TRUE,split_period5,low,observed,0,-0.378078563194528,0.237790416138816,-0.844147778826607,0.0879906524375513
exact2,pc_score,pull_request_merged,github_outcomes,TRUE,split_period5,low,observed,1,-1.37364267875389,0.432566322643524,-2.22147267113519,-0.52581268637258
exact2,pc_score,pull_request_merged,github_outcomes,TRUE,split_period5,low,observed,2,-2.12573706066452,0.66417851556754,-3.4275269511769,-0.823947170152146
exact2,pc_score,pull_request_merged,github_outcomes,TRUE,split_period5,low,observed,3,-2.75591723207159,0.936693356790297,-4.59183621138057,-0.919998252762605
exact2,pc_score,pull_request_merged,github_outcomes,TRUE,split_period5,low,observed,4,-3.39528815616049,1.36427466008767,-6.06926648993232,-0.72130982238866
exact2,pc_score,pull_request_merged,github_outcomes,TRUE,split_period5,low,observed,5,-4.19103329480091,1.72587519846847,-7.57374868379911,-0.808317905802711
exact2,pc_score,pull_request_merged,github_outcomes,TRUE,split_period5,low,observed,6,-4.32600712434884,1.77383299832339,-7.80271980106268,-0.849294447635
exact2,pc_score,pull_request_merged,github_outcomes,TRUE,split_period5,low,observed,7,-4.57839328547751,2.3250248645487,-9.13544201999296,-0.02134455096206
exact2,pc_score,pull_request_merged,github_outcomes,TRUE,split_period5,low,observed,8,-4.31504227127887,2.16215843452331,-8.55287280294455,-0.0772117396131895
exact2,pc_score,pull_request_merged,github_outcomes,TRUE,split_period5,low,observed,9,-4.64562623688596,2.62272399711372,-9.78616527122886,0.494912797456939
exact2,pc_score,pull_request_merged,github_outcomes,TRUE,split_period5,low,observed,10,-4.95924728712565,2.67745487268701,-10.2070588375922,0.288564263340886
exact2,pc_score,pull_request_merged,github_outcomes,TRUE,split_period5,low,observed,11,-3.92484380217813,2.65456216096575,-9.127785637671,1.27809803331474
exact2,pc_score,overall_new_release_count,downstream_outcomes,TRUE,split_period5,high,observed,-15,1.71103075137817,0.370514820725517,0.984821702756162,2.43723980000019
exact2,pc_score,overall_new_release_count,downstream_outcomes,TRUE,split_period5,high,observed,-14,1.64022358919707,0.336759037369261,0.980175875953315,2.30027130244082
exact2,pc_score,overall_new_release_count,downstream_outcomes,TRUE,split_period5,high,observed,-13,1.31159536266985,0.32572002530971,0.673184113062815,1.95000661227688
exact2,pc_score,overall_new_release_count,downstream_outcomes,TRUE,split_period5,high,observed,-12,1.28321246636651,0.283871451600193,0.726824421230129,1.83960051150288
exact2,pc_score,overall_new_release_count,downstream_outcomes,TRUE,split_period5,high,observed,-11,0.940522526609081,0.256345143277558,0.438086045785068,1.44295900743309
exact2,pc_score,overall_new_release_count,downstream_outcomes,TRUE,split_period5,high,observed,-10,0.881821498946259,0.237817276309532,0.415699637379576,1.34794336051294
exact2,pc_score,overall_new_release_count,downstream_outcomes,TRUE,split_period5,high,observed,-9,0.739142223418826,0.231677203054,0.285054905432987,1.19322954140467
exact2,pc_score,overall_new_release_count,downstream_outcomes,TRUE,split_period5,high,observed,-8,0.635940146938729,0.211339219203412,0.221715277300041,1.05016501657742
exact2,pc_score,overall_new_release_count,downstream_outcomes,TRUE,split_period5,high,observed,-7,0.646541300176863,0.187849463939077,0.278356350856272,1.01472624949745
exact2,pc_score,overall_new_release_count,downstream_outcomes,TRUE,split_period5,high,observed,-6,0.398555461000928,0.17775091990051,0.0501636579959285,0.746947264005927
exact2,pc_score,overall_new_release_count,downstream_outcomes,TRUE,split_period5,high,observed,-5,0.424114232288111,0.175818762642874,0.0795094575080784,0.768719007068143
exact2,pc_score,overall_new_release_count,downstream_outcomes,TRUE,split_period5,high,observed,-4,0.483594147774276,0.169569362743333,0.151238196797343,0.81595009875121
exact2,pc_score,overall_new_release_count,downstream_outcomes,TRUE,split_period5,high,observed,-3,0.303587201835971,0.132676381630696,0.0435414938398061,0.563632909832135
exact2,pc_score,overall_new_release_count,downstream_outcomes,TRUE,split_period5,high,observed,-2,0.367752129062227,0.114925277271764,0.142498585609569,0.593005672514885
exact2,pc_score,overall_new_release_count,downstream_outcomes,TRUE,split_period5,high,observed,-1,0,0,0,0
exact2,pc_score,overall_new_release_count,downstream_outcomes,TRUE,split_period5,high,observed,0,0.279163665339162,0.155908213874576,-0.0264164338550068,0.584743764533331
exact2,pc_score,overall_new_release_count,downstream_outcomes,TRUE,split_period5,high,observed,1,-0.147034010199164,0.15455012082559,-0.449952247017321,0.155884226618992
exact2,pc_score,overall_new_release_count,downstream_outcomes,TRUE,split_period5,high,observed,2,-0.0288598604291731,0.175173987003584,-0.372200874956198,0.314481154097852
exact2,pc_score,overall_new_release_count,downstream_outcomes,TRUE,split_period5,high,observed,3,0.0619549444278898,0.194123711530875,-0.318527530172626,0.442437419028406
exact2,pc_score,overall_new_release_count,downstream_outcomes,TRUE,split_period5,high,observed,4,0.0450886582753676,0.209511096268141,-0.365553090410189,0.455730406960925
exact2,pc_score,overall_new_release_count,downstream_outcomes,TRUE,split_period5,high,observed,5,0.305649908379841,0.244646398031221,-0.173857031761351,0.785156848521033
exact2,pc_score,overall_new_release_count,downstream_outcomes,TRUE,split_period5,high,observed,6,-0.149833685932577,0.224781012467922,-0.590404470369704,0.29073709850455
exact2,pc_score,overall_new_release_count,downstream_outcomes,TRUE,split_period5,high,observed,7,-0.111042684596585,0.252500174368289,-0.605943026358431,0.38385765716526
exact2,pc_score,overall_new_release_count,downstream_outcomes,TRUE,split_period5,high,observed,8,-0.432314454541815,0.278874384337148,-0.978908247842626,0.114279338758995
exact2,pc_score,overall_new_release_count,downstream_outcomes,TRUE,split_period5,high,observed,9,-0.732196697616251,0.304508069454643,-1.32903251374735,-0.135360881485151
exact2,pc_score,overall_new_release_count,downstream_outcomes,TRUE,split_period5,high,observed,10,-0.646440516442048,0.377952860164536,-1.38722812236454,0.0943470894804419
exact2,pc_score,overall_new_release_count,downstream_outcomes,TRUE,split_period5,high,observed,11,-1.42464744115365,0.415149060635782,-2.23833959999978,-0.610955282307517
exact2,pc_score,overall_new_release_count,downstream_outcomes,TRUE,split_period5,low,observed,-15,0.265714125674324,0.302513922188218,-0.327213161814584,0.858641413163232
exact2,pc_score,overall_new_release_count,downstream_outcomes,TRUE,split_period5,low,observed,-14,0.254602668430102,0.254944368916012,-0.245088294645281,0.754293631505485
exact2,pc_score,overall_new_release_count,downstream_outcomes,TRUE,split_period5,low,observed,-13,0.125321642315663,0.273043030985738,-0.409842698416384,0.660485983047709
exact2,pc_score,overall_new_release_count,downstream_outcomes,TRUE,split_period5,low,observed,-12,0.187099670466807,0.338963017423868,-0.477267843683975,0.851467184617589
exact2,pc_score,overall_new_release_count,downstream_outcomes,TRUE,split_period5,low,observed,-11,0.147162106109833,0.29723341194803,-0.435415381308306,0.72973959352797
exact2,pc_score,overall_new_release_count,downstream_outcomes,TRUE,split_period5,low,observed,-10,0.193990591278353,0.25178802039756,-0.299513928700865,0.687495111257571
exact2,pc_score,overall_new_release_count,downstream_outcomes,TRUE,split_period5,low,observed,-9,0.148494935530686,0.232791910430283,-0.307777208912668,0.604767079974039
exact2,pc_score,overall_new_release_count,downstream_outcomes,TRUE,split_period5,low,observed,-8,0.119568929844272,0.22159916617493,-0.314765435858591,0.553903295547135
exact2,pc_score,overall_new_release_count,downstream_outcomes,TRUE,split_period5,low,observed,-7,-0.0603119440977715,0.206606864333919,-0.465261398192254,0.344637509996711
exact2,pc_score,overall_new_release_count,downstream_outcomes,TRUE,split_period5,low,observed,-6,0.270957665481127,0.233287723024874,-0.186286271647626,0.72820160260988
exact2,pc_score,overall_new_release_count,downstream_outcomes,TRUE,split_period5,low,observed,-5,0.0111112641699654,0.179627514265471,-0.340958663790358,0.363181192130289
exact2,pc_score,overall_new_release_count,downstream_outcomes,TRUE,split_period5,low,observed,-4,-0.0880072032383624,0.144351855151778,-0.370936839335848,0.194922432859123
exact2,pc_score,overall_new_release_count,downstream_outcomes,TRUE,split_period5,low,observed,-3,-0.178225322396721,0.125803793176516,-0.424800757022692,0.0683501122292494
exact2,pc_score,overall_new_release_count,downstream_outcomes,TRUE,split_period5,low,observed,-2,-0.0372290209402991,0.118596115582149,-0.269677407481311,0.195219365600713
exact2,pc_score,overall_new_release_count,downstream_outcomes,TRUE,split_period5,low,observed,-1,0,0,0,0
exact2,pc_score,overall_new_release_count,downstream_outcomes,TRUE,split_period5,low,observed,0,-0.0152255240337118,0.135109899595317,-0.280040927240533,0.249589879173109
exact2,pc_score,overall_new_release_count,downstream_outcomes,TRUE,split_period5,low,observed,1,-0.60520983251847,0.154739356894137,-0.908498972030978,-0.301920693005962
exact2,pc_score,overall_new_release_count,downstream_outcomes,TRUE,split_period5,low,observed,2,-0.630476415034772,0.211335672279676,-1.04469433270294,-0.216258497366607
exact2,pc_score,overall_new_release_count,downstream_outcomes,TRUE,split_period5,low,observed,3,-1.03397447326655,0.219632255944987,-1.46445369491873,-0.603495251614378
exact2,pc_score,overall_new_release_count,downstream_outcomes,TRUE,split_period5,low,observed,4,-1.23726747922107,0.295588037532631,-1.81662003278502,-0.65791492565711
exact2,pc_score,overall_new_release_count,downstream_outcomes,TRUE,split_period5,low,observed,5,-1.34808955965861,0.332831566969709,-2.00043943091924,-0.695739688397976
exact2,pc_score,overall_new_release_count,downstream_outcomes,TRUE,split_period5,low,observed,6,-1.39334529887543,0.348129383294335,-2.07567889013233,-0.711011707618538
exact2,pc_score,overall_new_release_count,downstream_outcomes,TRUE,split_period5,low,observed,7,-1.17421465265582,0.506368349829079,-2.16669661832081,-0.18173268699082
exact2,pc_score,overall_new_release_count,downstream_outcomes,TRUE,split_period5,low,observed,8,-1.21903766258786,0.399709505708104,-2.00246829377575,-0.435607031399979
exact2,pc_score,overall_new_release_count,downstream_outcomes,TRUE,split_period5,low,observed,9,-1.47637632106234,0.494922550154667,-2.44642451936548,-0.506328122759191
exact2,pc_score,overall_new_release_count,downstream_outcomes,TRUE,split_period5,low,observed,10,-0.464043028777158,0.928528670185153,-2.28395922234006,1.35587316478574
exact2,pc_score,overall_new_release_count,downstream_outcomes,TRUE,split_period5,low,observed,11,-2.08507242947051,0.357910796270466,-2.78657759016062,-1.3835672687804
exact2,pc_score,pull_request_opened,github_outcomes,FALSE,split_full_avg,high,observed,-15,24.2992502261769,14.8202536645668,-4.74844695637401,53.3469474087278
exact2,pc_score,pull_request_opened,github_outcomes,FALSE,split_full_avg,high,observed,-14,10.9463051842909,12.7432795330549,-14.0305227004968,35.9231330690785
exact2,pc_score,pull_request_opened,github_outcomes,FALSE,split_full_avg,high,observed,-13,22.5447503352617,10.629539041926,1.7108538130867,43.3786468574366
exact2,pc_score,pull_request_opened,github_outcomes,FALSE,split_full_avg,high,observed,-12,22.2144811602208,9.82249582879012,2.96238933579214,41.4665729846494
exact2,pc_score,pull_request_opened,github_outcomes,FALSE,split_full_avg,high,observed,-11,16.3061482681018,9.25498044780528,-1.83361340959653,34.4459099458002
exact2,pc_score,pull_request_opened,github_outcomes,FALSE,split_full_avg,high,observed,-10,17.0791552736802,7.81736717498207,1.75711561071535,32.4011949366451
exact2,pc_score,pull_request_opened,github_outcomes,FALSE,split_full_avg,high,observed,-9,13.9676478945272,6.86574876491243,0.510780315298831,27.4245154737556
exact2,pc_score,pull_request_opened,github_outcomes,FALSE,split_full_avg,high,observed,-8,11.6104664199106,5.98615513801063,-0.12239765059029,23.3433304904114
exact2,pc_score,pull_request_opened,github_outcomes,FALSE,split_full_avg,high,observed,-7,10.8460942944861,5.26228225088608,0.532021082749417,21.1601675062229
exact2,pc_score,pull_request_opened,github_outcomes,FALSE,split_full_avg,high,observed,-6,7.62057957063211,4.63408931933174,-1.46223549525809,16.7033946365223
exact2,pc_score,pull_request_opened,github_outcomes,FALSE,split_full_avg,high,observed,-5,5.44386915273882,3.2734295173656,-0.972052701297756,11.8597910067754
exact2,pc_score,pull_request_opened,github_outcomes,FALSE,split_full_avg,high,observed,-4,4.11961145461798,2.43313295216402,-0.649329131623492,8.88855204085946
exact2,pc_score,pull_request_opened,github_outcomes,FALSE,split_full_avg,high,observed,-3,1.12372021654534,1.71096950842795,-2.22978001997344,4.47722045306413
exact2,pc_score,pull_request_opened,github_outcomes,FALSE,split_full_avg,high,observed,-2,4.54035657559706,1.38216191519934,1.83131922180635,7.24939392938776
exact2,pc_score,pull_request_opened,github_outcomes,FALSE,split_full_avg,high,observed,-1,0,0,0,0
exact2,pc_score,pull_request_opened,github_outcomes,FALSE,split_full_avg,high,observed,0,1.74536871387581,1.94290171514025,-2.06271864779907,5.55345607555069
exact2,pc_score,pull_request_opened,github_outcomes,FALSE,split_full_avg,high,observed,1,2.65628994163387,3.4073987375359,-4.02221158393649,9.33479146720424
exact2,pc_score,pull_request_opened,github_outcomes,FALSE,split_full_avg,high,observed,2,4.46968066377634,4.08478209518571,-3.53649224278766,12.4758535703403
exact2,pc_score,pull_request_opened,github_outcomes,FALSE,split_full_avg,high,observed,3,8.43395613006055,4.89674338477247,-1.16366090409349,18.0315731642146
exact2,pc_score,pull_request_opened,github_outcomes,FALSE,split_full_avg,high,observed,4,10.6772846809927,5.6255860041598,-0.348863887160491,21.7034332491459
exact2,pc_score,pull_request_opened,github_outcomes,FALSE,split_full_avg,high,observed,5,13.9300345614328,6.62089582051706,0.95307875321941,26.9069903696463
exact2,pc_score,pull_request_opened,github_outcomes,FALSE,split_full_avg,high,observed,6,15.1872288605824,7.64897194755422,0.195243843376176,30.1792138777887
exact2,pc_score,pull_request_opened,github_outcomes,FALSE,split_full_avg,high,observed,7,18.3969964198252,8.61059097899889,1.52023810098737,35.273754738663
exact2,pc_score,pull_request_opened,github_outcomes,FALSE,split_full_avg,high,observed,8,18.440652347417,10.3129854431095,-1.77279912107769,38.6541038159116
exact2,pc_score,pull_request_opened,github_outcomes,FALSE,split_full_avg,high,observed,9,11.3693971517888,9.71840013897089,-7.6786671205941,30.4174614241718
exact2,pc_score,pull_request_opened,github_outcomes,FALSE,split_full_avg,high,observed,10,2.96867394002269,6.66872138394095,-10.1020199725016,16.0393678525469
exact2,pc_score,pull_request_opened,github_outcomes,FALSE,split_full_avg,high,observed,11,6.82573176166469,6.78951538301709,-6.48171838904882,20.1331819123782
exact2,pc_score,pull_request_opened,github_outcomes,FALSE,split_full_avg,low,observed,-15,22.0629065326236,10.4259398608454,1.62806440536655,42.4977486598807
exact2,pc_score,pull_request_opened,github_outcomes,FALSE,split_full_avg,low,observed,-14,14.5519567773544,14.4796436374365,-13.8281447520212,42.93205830673
exact2,pc_score,pull_request_opened,github_outcomes,FALSE,split_full_avg,low,observed,-13,1.98210769248461,12.5232772925382,-22.5635158008903,26.5277311858595
exact2,pc_score,pull_request_opened,github_outcomes,FALSE,split_full_avg,low,observed,-12,0.342004838832926,12.4098435816368,-23.9812885811752,24.6652982588411
exact2,pc_score,pull_request_opened,github_outcomes,FALSE,split_full_avg,low,observed,-11,0.530959446524778,13.6171719286818,-26.1586975336916,27.2206164267411
exact2,pc_score,pull_request_opened,github_outcomes,FALSE,split_full_avg,low,observed,-10,2.66822595006995,13.987001094341,-24.7462961948385,30.0827480949784
exact2,pc_score,pull_request_opened,github_outcomes,FALSE,split_full_avg,low,observed,-9,3.10142989366727,12.7203010655189,-21.8303601947498,28.0332199820843
exact2,pc_score,pull_request_opened,github_outcomes,FALSE,split_full_avg,low,observed,-8,4.28703799307943,10.7813006026075,-16.8443111880313,25.4183871741902
exact2,pc_score,pull_request_opened,github_outcomes,FALSE,split_full_avg,low,observed,-7,1.62633804540393,8.36364725550016,-14.7664105753764,18.0190866661842
exact2,pc_score,pull_request_opened,github_outcomes,FALSE,split_full_avg,low,observed,-6,3.70424826674583,6.38054774199498,-8.80162530756433,16.210121841056
exact2,pc_score,pull_request_opened,github_outcomes,FALSE,split_full_avg,low,observed,-5,4.64351830522401,4.80041713941126,-4.76529928802206,14.0523358984701
exact2,pc_score,pull_request_opened,github_outcomes,FALSE,split_full_avg,low,observed,-4,6.24941536087448,4.20002300109405,-1.98262972126987,14.4814604430188
exact2,pc_score,pull_request_opened,github_outcomes,FALSE,split_full_avg,low,observed,-3,5.79699023264178,3.85653813520883,-1.76182451236754,13.3558049776511
exact2,pc_score,pull_request_opened,github_outcomes,FALSE,split_full_avg,low,observed,-2,5.2159483552975,2.53520009161285,0.246956175736304,10.1849405348587
exact2,pc_score,pull_request_opened,github_outcomes,FALSE,split_full_avg,low,observed,-1,0,0,0,0
exact2,pc_score,pull_request_opened,github_outcomes,FALSE,split_full_avg,low,observed,0,-9.61636415204296,2.79558448646429,-15.095709745513,-4.13701855857296
exact2,pc_score,pull_request_opened,github_outcomes,FALSE,split_full_avg,low,observed,1,-18.3419496349332,6.22338783807259,-30.5397897975554,-6.14410947231088
exact2,pc_score,pull_request_opened,github_outcomes,FALSE,split_full_avg,low,observed,2,-27.6819832138905,9.4709037584862,-46.2449545805235,-9.11901184725758
exact2,pc_score,pull_request_opened,github_outcomes,FALSE,split_full_avg,low,observed,3,-35.8153662938272,12.0688115540149,-59.4702369396964,-12.160495647958
exact2,pc_score,pull_request_opened,github_outcomes,FALSE,split_full_avg,low,observed,4,-41.2487213912996,14.8931551540685,-70.4393054932739,-12.0581372893253
exact2,pc_score,pull_request_opened,github_outcomes,FALSE,split_full_avg,low,observed,5,-42.1686449058971,16.4178054136427,-74.3475435166368,-9.98974629515744
exact2,pc_score,pull_request_opened,github_outcomes,FALSE,split_full_avg,low,observed,6,-48.0944272716752,19.292029902322,-85.9068058802264,-10.282048663124
exact2,pc_score,pull_request_opened,github_outcomes,FALSE,split_full_avg,low,observed,7,-48.1142630117992,21.9199181767553,-91.0773026382397,-5.15122338535876
exact2,pc_score,pull_request_opened,github_outcomes,FALSE,split_full_avg,low,observed,8,-44.5083647016141,22.6376962689058,-88.8782493886695,-0.138480014558702
exact2,pc_score,pull_request_opened,github_outcomes,FALSE,split_full_avg,low,observed,9,-43.5429116671349,23.8857354094785,-90.3589530697126,3.2731297354429
exact2,pc_score,pull_request_opened,github_outcomes,FALSE,split_full_avg,low,observed,10,-53.1338451067347,27.0818374496282,-106.214246508006,-0.0534437054633514
exact2,pc_score,pull_request_opened,github_outcomes,FALSE,split_full_avg,low,observed,11,-84.2554124328072,53.7489151735166,-189.6032861729,21.0924613072854
exact2,pc_score,pull_request_merged,github_outcomes,FALSE,split_full_avg,high,observed,-15,16.4472102572214,11.0452751731756,-5.20152908220273,38.0959495966456
exact2,pc_score,pull_request_merged,github_outcomes,FALSE,split_full_avg,high,observed,-14,5.20447802249764,9.86705316925769,-14.1349461892474,24.5439022342427
exact2,pc_score,pull_request_merged,github_outcomes,FALSE,split_full_avg,high,observed,-13,13.9271382815725,7.92389378892298,-1.60369354471651,29.4579701078616
exact2,pc_score,pull_request_merged,github_outcomes,FALSE,split_full_avg,high,observed,-12,17.2278857504112,7.65978485850768,2.21470742773618,32.2410640730863
exact2,pc_score,pull_request_merged,github_outcomes,FALSE,split_full_avg,high,observed,-11,11.4519199682634,7.1620073681081,-2.58561447322848,25.4894544097553
exact2,pc_score,pull_request_merged,github_outcomes,FALSE,split_full_avg,high,observed,-10,12.2754449222533,5.94997554444624,0.613492855138713,23.937396989368
exact2,pc_score,pull_request_merged,github_outcomes,FALSE,split_full_avg,high,observed,-9,10.5865885513394,5.2641773742915,0.268800897728033,20.9043762049507
exact2,pc_score,pull_request_merged,github_outcomes,FALSE,split_full_avg,high,observed,-8,8.9519439742972,4.86527486275873,-0.583994756709902,18.4878827053043
exact2,pc_score,pull_request_merged,github_outcomes,FALSE,split_full_avg,high,observed,-7,8.34022319342006,4.42558343220572,-0.33392033370315,17.0143667205433
exact2,pc_score,pull_request_merged,github_outcomes,FALSE,split_full_avg,high,observed,-6,6.71970820347809,4.09777027351788,-1.31192153261696,14.7513379395731
exact2,pc_score,pull_request_merged,github_outcomes,FALSE,split_full_avg,high,observed,-5,4.73032586406147,2.94039894104133,-1.03285606037953,10.4935077885025
exact2,pc_score,pull_request_merged,github_outcomes,FALSE,split_full_avg,high,observed,-4,3.45785776062109,2.05571007756191,-0.571333991400264,7.48704951264244
exact2,pc_score,pull_request_merged,github_outcomes,FALSE,split_full_avg,high,observed,-3,0.874429211744409,1.49392264940375,-2.05365918108693,3.80251760457575
exact2,pc_score,pull_request_merged,github_outcomes,FALSE,split_full_avg,high,observed,-2,3.95967263936301,1.20587462823449,1.59615836802341,6.32318691070262
exact2,pc_score,pull_request_merged,github_outcomes,FALSE,split_full_avg,high,observed,-1,0,0,0,0
exact2,pc_score,pull_request_merged,github_outcomes,FALSE,split_full_avg,high,observed,0,2.58964802841218,1.49543428124335,-0.341403162824784,5.52069921964915
exact2,pc_score,pull_request_merged,github_outcomes,FALSE,split_full_avg,high,observed,1,2.59195541804334,2.33079953755994,-1.97641167557414,7.16032251166082
exact2,pc_score,pull_request_merged,github_outcomes,FALSE,split_full_avg,high,observed,2,4.6717736868142,2.73824602581372,-0.695188523780679,10.0387358974091
exact2,pc_score,pull_request_merged,github_outcomes,FALSE,split_full_avg,high,observed,3,8.3852122329645,3.51646902136483,1.49293295108944,15.2774915148396
exact2,pc_score,pull_request_merged,github_outcomes,FALSE,split_full_avg,high,observed,4,10.9431749302382,4.12941234320515,2.84952673755608,19.0368231229203
exact2,pc_score,pull_request_merged,github_outcomes,FALSE,split_full_avg,high,observed,5,13.2672304060872,4.61539845800079,4.22104942840564,22.3134113837687
exact2,pc_score,pull_request_merged,github_outcomes,FALSE,split_full_avg,high,observed,6,15.9651695411364,5.54531456289281,5.09635299786648,26.8339860844063
exact2,pc_score,pull_request_merged,github_outcomes,FALSE,split_full_avg,high,observed,7,18.5592906352524,6.16001390259644,6.4856633861634,30.6329178843414
exact2,pc_score,pull_request_merged,github_outcomes,FALSE,split_full_avg,high,observed,8,21.0190661353265,8.0066868834768,5.32595984371201,36.7121724269411
exact2,pc_score,pull_request_merged,github_outcomes,FALSE,split_full_avg,high,observed,9,12.6337251234284,6.68793984909132,-0.474636980790596,25.7420872276474
exact2,pc_score,pull_request_merged,github_outcomes,FALSE,split_full_avg,high,observed,10,6.96069557629567,5.19977895518656,-3.23087117586998,17.1522623284613
exact2,pc_score,pull_request_merged,github_outcomes,FALSE,split_full_avg,high,observed,11,11.6135824387044,5.16108023589091,1.49786517635818,21.7292997010505
exact2,pc_score,pull_request_merged,github_outcomes,FALSE,split_full_avg,low,observed,-15,9.1250369744109,6.65180764944935,-3.91250601850982,22.1625799673316
exact2,pc_score,pull_request_merged,github_outcomes,FALSE,split_full_avg,low,observed,-14,7.70819713940852,14.4846637658835,-20.6817438417231,36.0981381205402
exact2,pc_score,pull_request_merged,github_outcomes,FALSE,split_full_avg,low,observed,-13,-6.81251854113644,10.0445888866928,-26.4999127590543,12.8748756767814
exact2,pc_score,pull_request_merged,github_outcomes,FALSE,split_full_avg,low,observed,-12,-7.45030014128766,8.57765372746185,-24.2625014471129,9.36190116453756
exact2,pc_score,pull_request_merged,github_outcomes,FALSE,split_full_avg,low,observed,-11,-8.20601136522981,9.52141344426878,-26.8679817159966,10.455958985537
exact2,pc_score,pull_request_merged,github_outcomes,FALSE,split_full_avg,low,observed,-10,-5.09563657562387,8.62216765943937,-21.995085188125,11.8038120368773
exact2,pc_score,pull_request_merged,github_outcomes,FALSE,split_full_avg,low,observed,-9,-4.10748684860567,7.00029502392483,-17.8280650954983,9.61309139828699
exact2,pc_score,pull_request_merged,github_outcomes,FALSE,split_full_avg,low,observed,-8,-1.63524612865874,6.00701733586354,-13.4090001069513,10.1385078496338
exact2,pc_score,pull_request_merged,github_outcomes,FALSE,split_full_avg,low,observed,-7,-1.96480251858745,4.76274762015649,-11.2997878540942,7.37018281691928
exact2,pc_score,pull_request_merged,github_outcomes,FALSE,split_full_avg,low,observed,-6,1.14617813913351,3.85387487778099,-6.40741662131722,8.69977289958424
exact2,pc_score,pull_request_merged,github_outcomes,FALSE,split_full_avg,low,observed,-5,2.42579907962378,3.2655952720589,-3.97476765361167,8.82636581285923
exact2,pc_score,pull_request_merged,github_outcomes,FALSE,split_full_avg,low,observed,-4,3.50438824677838,3.27652629165776,-2.91760328487083,9.92637977842758
exact2,pc_score,pull_request_merged,github_outcomes,FALSE,split_full_avg,low,observed,-3,3.42795307598724,3.06220210518527,-2.57396305017589,9.42986920215037
exact2,pc_score,pull_request_merged,github_outcomes,FALSE,split_full_avg,low,observed,-2,3.59398967417846,2.05844030971798,-0.440553332868785,7.6285326812257
exact2,pc_score,pull_request_merged,github_outcomes,FALSE,split_full_avg,low,observed,-1,0,0,0,0
exact2,pc_score,pull_request_merged,github_outcomes,FALSE,split_full_avg,low,observed,0,-8.48453310092765,2.36335287168846,-13.116704729437,-3.85236147241826
exact2,pc_score,pull_request_merged,github_outcomes,FALSE,split_full_avg,low,observed,1,-15.8540636256967,5.1961534294679,-26.0385243474538,-5.6696029039396
exact2,pc_score,pull_request_merged,github_outcomes,FALSE,split_full_avg,low,observed,2,-23.2759925502375,7.87185072093231,-38.7048199632648,-7.84716513721012
exact2,pc_score,pull_request_merged,github_outcomes,FALSE,split_full_avg,low,observed,3,-29.3266874481015,10.2538752000066,-49.4242828401145,-9.2290920560885
exact2,pc_score,pull_request_merged,github_outcomes,FALSE,split_full_avg,low,observed,4,-33.0991900131608,12.5921667910187,-57.7798369235574,-8.41854310276427
exact2,pc_score,pull_request_merged,github_outcomes,FALSE,split_full_avg,low,observed,5,-33.0677097407982,13.4869239812127,-59.5020807439751,-6.63333873762134
exact2,pc_score,pull_request_merged,github_outcomes,FALSE,split_full_avg,low,observed,6,-36.3693426626584,15.6578768080858,-67.0587812065065,-5.6799041188103
exact2,pc_score,pull_request_merged,github_outcomes,FALSE,split_full_avg,low,observed,7,-37.4279844971369,17.5686323838425,-71.8625039694682,-2.99346502480553
exact2,pc_score,pull_request_merged,github_outcomes,FALSE,split_full_avg,low,observed,8,-32.9127542030191,17.6161489065352,-67.440406059828,1.61489765378989
exact2,pc_score,pull_request_merged,github_outcomes,FALSE,split_full_avg,low,observed,9,-29.8256150794186,18.9647575329787,-66.9965398440569,7.34530968521972
exact2,pc_score,pull_request_merged,github_outcomes,FALSE,split_full_avg,low,observed,10,-38.4848250815653,22.1089809463148,-81.8184277363422,4.8487775732117
exact2,pc_score,pull_request_merged,github_outcomes,FALSE,split_full_avg,low,observed,11,-67.3391698624812,48.1809077353114,-161.773749023692,27.0954092987291
exact2,pc_score,overall_new_release_count,downstream_outcomes,FALSE,split_full_avg,high,observed,-15,5.21358545782886,2.19608159017931,0.909265541077409,9.5179053745803
exact2,pc_score,overall_new_release_count,downstream_outcomes,FALSE,split_full_avg,high,observed,-14,5.03949386034493,1.97674286940464,1.16507783631183,8.91390988437803
exact2,pc_score,overall_new_release_count,downstream_outcomes,FALSE,split_full_avg,high,observed,-13,5.20664813090198,1.9189457313401,1.44551449747539,8.96778176432857
exact2,pc_score,overall_new_release_count,downstream_outcomes,FALSE,split_full_avg,high,observed,-12,3.80453849367955,1.51633897780516,0.83251409718145,6.77656289017766
exact2,pc_score,overall_new_release_count,downstream_outcomes,FALSE,split_full_avg,high,observed,-11,3.36473566078119,1.31332460493008,0.790619435118234,5.93885188644414
exact2,pc_score,overall_new_release_count,downstream_outcomes,FALSE,split_full_avg,high,observed,-10,3.19274691295637,1.38786237262345,0.472536662614412,5.91295716329832
exact2,pc_score,overall_new_release_count,downstream_outcomes,FALSE,split_full_avg,high,observed,-9,2.65711389246743,1.23897857327168,0.22871588885495,5.08551189607992
exact2,pc_score,overall_new_release_count,downstream_outcomes,FALSE,split_full_avg,high,observed,-8,2.29843268037631,1.2541912683415,-0.159782205573041,4.75664756632565
exact2,pc_score,overall_new_release_count,downstream_outcomes,FALSE,split_full_avg,high,observed,-7,1.96526835125431,1.52930117950336,-1.03216196057228,4.96269866308091
exact2,pc_score,overall_new_release_count,downstream_outcomes,FALSE,split_full_avg,high,observed,-6,2.29623890532094,1.5709850885764,-0.782891868288796,5.37536967893068
exact2,pc_score,overall_new_release_count,downstream_outcomes,FALSE,split_full_avg,high,observed,-5,1.89169444887397,1.41322821281545,-0.878232848244318,4.66162174599226
exact2,pc_score,overall_new_release_count,downstream_outcomes,FALSE,split_full_avg,high,observed,-4,2.71490967256197,1.34252019417819,0.0835700919727187,5.34624925315123
exact2,pc_score,overall_new_release_count,downstream_outcomes,FALSE,split_full_avg,high,observed,-3,2.01524516176436,0.925207053477795,0.201839336947882,3.82865098658084
exact2,pc_score,overall_new_release_count,downstream_outcomes,FALSE,split_full_avg,high,observed,-2,1.72702393049788,0.538393714164565,0.671772250735329,2.78227561026042
exact2,pc_score,overall_new_release_count,downstream_outcomes,FALSE,split_full_avg,high,observed,-1,0,0,0,0
exact2,pc_score,overall_new_release_count,downstream_outcomes,FALSE,split_full_avg,high,observed,0,-0.977711083944373,0.608666632666265,-2.17069768397025,0.215275516081506
exact2,pc_score,overall_new_release_count,downstream_outcomes,FALSE,split_full_avg,high,observed,1,-1.71127641303673,0.892631717621403,-3.46083457957468,0.038281753501225
exact2,pc_score,overall_new_release_count,downstream_outcomes,FALSE,split_full_avg,high,observed,2,-1.10132901944515,1.10191051521932,-3.26107362927501,1.05841559038471
exact2,pc_score,overall_new_release_count,downstream_outcomes,FALSE,split_full_avg,high,observed,3,-0.719789086398775,1.35052331907486,-3.3668147917855,1.92723661898795
exact2,pc_score,overall_new_release_count,downstream_outcomes,FALSE,split_full_avg,high,observed,4,-0.185116680851192,1.54008990363045,-3.20369289196687,2.83345953026448
exact2,pc_score,overall_new_release_count,downstream_outcomes,FALSE,split_full_avg,high,observed,5,0.471554768216235,1.68254275618819,-2.82622903391261,3.76933857034508
exact2,pc_score,overall_new_release_count,downstream_outcomes,FALSE,split_full_avg,high,observed,6,-1.19452043104735,1.81219745780725,-4.74642744834955,2.35738658625486
exact2,pc_score,overall_new_release_count,downstream_outcomes,FALSE,split_full_avg,high,observed,7,-1.85487730811539,1.78718113091227,-5.35775232470345,1.64799770847266
exact2,pc_score,overall_new_release_count,downstream_outcomes,FALSE,split_full_avg,high,observed,8,-2.45158663214357,1.92932834782814,-6.23307019388672,1.32989692959957
exact2,pc_score,overall_new_release_count,downstream_outcomes,FALSE,split_full_avg,high,observed,9,-4.19706134232855,1.98532059361083,-8.08828970580578,-0.30583297885131
exact2,pc_score,overall_new_release_count,downstream_outcomes,FALSE,split_full_avg,high,observed,10,-4.68090220039609,2.45000971051328,-9.48292123300213,0.121116832209943
exact2,pc_score,overall_new_release_count,downstream_outcomes,FALSE,split_full_avg,high,observed,11,-6.01707925871567,2.22621286305252,-10.3804564702986,-1.65370204713274
exact2,pc_score,overall_new_release_count,downstream_outcomes,FALSE,split_full_avg,low,observed,-15,4.54066616962221,1.58824875726593,1.42769860538099,7.65363373386342
exact2,pc_score,overall_new_release_count,downstream_outcomes,FALSE,split_full_avg,low,observed,-14,3.82224755964798,1.3891410541178,1.09953109357709,6.54496402571886
exact2,pc_score,overall_new_release_count,downstream_outcomes,FALSE,split_full_avg,low,observed,-13,2.58655505436885,1.31538944383711,0.00839174444811297,5.16471836428958
exact2,pc_score,overall_new_release_count,downstream_outcomes,FALSE,split_full_avg,low,observed,-12,2.0586721416525,1.33814820206309,-0.564098334391147,4.68144261769615
exact2,pc_score,overall_new_release_count,downstream_outcomes,FALSE,split_full_avg,low,observed,-11,1.90904627219545,1.28060484763507,-0.600939229169278,4.41903177356019
exact2,pc_score,overall_new_release_count,downstream_outcomes,FALSE,split_full_avg,low,observed,-10,0.543024257763818,1.70211353597025,-2.79311827273787,3.87916678826551
exact2,pc_score,overall_new_release_count,downstream_outcomes,FALSE,split_full_avg,low,observed,-9,-1.72228641782456,2.56598206688561,-6.75161126892036,3.30703843327124
exact2,pc_score,overall_new_release_count,downstream_outcomes,FALSE,split_full_avg,low,observed,-8,-1.30655294778376,2.38746113519967,-5.98597677277511,3.37287087720759
exact2,pc_score,overall_new_release_count,downstream_outcomes,FALSE,split_full_avg,low,observed,-7,-1.27235083242936,1.97884253817832,-5.15088220725886,2.60618054240014
exact2,pc_score,overall_new_release_count,downstream_outcomes,FALSE,split_full_avg,low,observed,-6,-1.81545432051684,1.78931672788671,-5.3225151071748,1.69160646614112
exact2,pc_score,overall_new_release_count,downstream_outcomes,FALSE,split_full_avg,low,observed,-5,-2.12906877006104,2.03622003110661,-6.12006003103,1.86192249090792
exact2,pc_score,overall_new_release_count,downstream_outcomes,FALSE,split_full_avg,low,observed,-4,-2.10976883169154,2.00248966968039,-6.03464858426511,1.81511092088202
exact2,pc_score,overall_new_release_count,downstream_outcomes,FALSE,split_full_avg,low,observed,-3,-2.18036073287658,1.96069508551104,-6.02332310047821,1.66260163472505
exact2,pc_score,overall_new_release_count,downstream_outcomes,FALSE,split_full_avg,low,observed,-2,-1.08362865457038,1.89201768641986,-4.7919833199533,2.62472601081254
exact2,pc_score,overall_new_release_count,downstream_outcomes,FALSE,split_full_avg,low,observed,-1,0,0,0,0
exact2,pc_score,overall_new_release_count,downstream_outcomes,FALSE,split_full_avg,low,observed,0,-1.81360861744631,0.850340167525527,-3.48027534579634,-0.146941889096274
exact2,pc_score,overall_new_release_count,downstream_outcomes,FALSE,split_full_avg,low,observed,1,-3.73804727072814,1.66428602008886,-7.0000478701023,-0.476046671353982
exact2,pc_score,overall_new_release_count,downstream_outcomes,FALSE,split_full_avg,low,observed,2,-3.85016367777997,1.92434783179775,-7.62188542810356,-0.0784419274563724
exact2,pc_score,overall_new_release_count,downstream_outcomes,FALSE,split_full_avg,low,observed,3,-3.74802768300344,1.93336932304967,-7.53743155618079,0.0413761901739025
exact2,pc_score,overall_new_release_count,downstream_outcomes,FALSE,split_full_avg,low,observed,4,-4.2581480076001,1.89855182086253,-7.97930957649065,-0.536986438709538
exact2,pc_score,overall_new_release_count,downstream_outcomes,FALSE,split_full_avg,low,observed,5,-4.64980923323205,2.02330077187501,-8.61547874610706,-0.684139720357029
exact2,pc_score,overall_new_release_count,downstream_outcomes,FALSE,split_full_avg,low,observed,6,-5.57127941289933,2.40115033121214,-10.2775340620751,-0.865024763723539
exact2,pc_score,overall_new_release_count,downstream_outcomes,FALSE,split_full_avg,low,observed,7,-6.61312227500357,3.12627061925039,-12.7406126887343,-0.485631861272802
exact2,pc_score,overall_new_release_count,downstream_outcomes,FALSE,split_full_avg,low,observed,8,-7.77166287125822,3.95726673907178,-15.5279056798389,-0.0154200626775349
exact2,pc_score,overall_new_release_count,downstream_outcomes,FALSE,split_full_avg,low,observed,9,-9.31523891995586,8.39042805410383,-25.7604779059994,7.13000006608765
exact2,pc_score,overall_new_release_count,downstream_outcomes,FALSE,split_full_avg,low,observed,10,-20.8119766493374,18.4794121408007,-57.0316244453067,15.4076711466319
exact2,pc_score,overall_new_release_count,downstream_outcomes,FALSE,split_full_avg,low,observed,11,-75.4967879748175,62.5643008694922,-198.122817679022,47.1292417293872
exact2,pc_score,pull_request_opened,github_outcomes,FALSE,split_period1,high,observed,-15,29.0512186579119,21.1175058758066,-12.339092858669,70.4415301744928
exact2,pc_score,pull_request_opened,github_outcomes,FALSE,split_period1,high,observed,-14,20.1339134586368,17.3174919720651,-13.8083708066108,54.0761977238844
exact2,pc_score,pull_request_opened,github_outcomes,FALSE,split_period1,high,observed,-13,27.752765396936,15.1703468542754,-1.98111443744382,57.4866452313158
exact2,pc_score,pull_request_opened,github_outcomes,FALSE,split_period1,high,observed,-12,23.2025964307197,13.6871895254664,-3.62429503919432,50.0294879006338
exact2,pc_score,pull_request_opened,github_outcomes,FALSE,split_period1,high,observed,-11,22.3618363114146,12.2512375693552,-1.65058932452164,46.3742619473507
exact2,pc_score,pull_request_opened,github_outcomes,FALSE,split_period1,high,observed,-10,23.4669742838451,9.98797282486216,3.89054754711529,43.043401020575
exact2,pc_score,pull_request_opened,github_outcomes,FALSE,split_period1,high,observed,-9,15.5525926852536,7.76822624167839,0.326869251563997,30.7783161189433
exact2,pc_score,pull_request_opened,github_outcomes,FALSE,split_period1,high,observed,-8,12.076632904338,6.09241238678164,0.135504626245956,24.01776118243
exact2,pc_score,pull_request_opened,github_outcomes,FALSE,split_period1,high,observed,-7,9.84523633750694,5.18011799902508,-0.307794940582218,19.9982676155961
exact2,pc_score,pull_request_opened,github_outcomes,FALSE,split_period1,high,observed,-6,5.1421342057013,4.88878593705381,-4.43988623092416,14.7241546423268
exact2,pc_score,pull_request_opened,github_outcomes,FALSE,split_period1,high,observed,-5,4.39198568139774,3.94191703682991,-3.33417171078888,12.1181430735844
exact2,pc_score,pull_request_opened,github_outcomes,FALSE,split_period1,high,observed,-4,2.57000056150282,3.21813416746847,-3.73754240673537,8.87754352974102
exact2,pc_score,pull_request_opened,github_outcomes,FALSE,split_period1,high,observed,-3,0.505255452576531,2.49584722037271,-4.38660509935398,5.39711600450704
exact2,pc_score,pull_request_opened,github_outcomes,FALSE,split_period1,high,observed,-2,2.22914878079888,1.55780252805577,-0.824144174190434,5.28244173578819
exact2,pc_score,pull_request_opened,github_outcomes,FALSE,split_period1,high,observed,-1,0,0,0,0
exact2,pc_score,pull_request_opened,github_outcomes,FALSE,split_period1,high,observed,0,2.31768695196573,1.68146287104368,-0.977980275279879,5.61335417921133
exact2,pc_score,pull_request_opened,github_outcomes,FALSE,split_period1,high,observed,1,4.62496412749085,2.66118340770751,-0.59095535161587,9.84088360659757
exact2,pc_score,pull_request_opened,github_outcomes,FALSE,split_period1,high,observed,2,4.40227595544754,3.02408641243543,-1.5249334129259,10.329485323821
exact2,pc_score,pull_request_opened,github_outcomes,FALSE,split_period1,high,observed,3,5.25130821351207,3.94360718122375,-2.47816186168648,12.9807782887106
exact2,pc_score,pull_request_opened,github_outcomes,FALSE,split_period1,high,observed,4,5.37716842856578,4.90167957946428,-4.2301235471842,14.9844604043158
exact2,pc_score,pull_request_opened,github_outcomes,FALSE,split_period1,high,observed,5,6.78399638555492,6.03898476719719,-5.05241375815156,18.6204065292614
exact2,pc_score,pull_request_opened,github_outcomes,FALSE,split_period1,high,observed,6,7.45038339405601,7.44275918782957,-7.13742461408994,22.038191402202
exact2,pc_score,pull_request_opened,github_outcomes,FALSE,split_period1,high,observed,7,10.0667655002846,8.42722783637807,-6.45060105901642,26.5841320595856
exact2,pc_score,pull_request_opened,github_outcomes,FALSE,split_period1,high,observed,8,11.4705035053178,10.1404835521101,-8.40484425681811,31.3458512674536
exact2,pc_score,pull_request_opened,github_outcomes,FALSE,split_period1,high,observed,9,9.06406800593772,11.0033925953757,-12.5025814809987,30.6307174928742
exact2,pc_score,pull_request_opened,github_outcomes,FALSE,split_period1,high,observed,10,0.787795084460375,8.61735715857451,-16.1022249463457,17.6778151152664
exact2,pc_score,pull_request_opened,github_outcomes,FALSE,split_period1,high,observed,11,5.33371760130461,9.44616313881128,-13.1807621507655,23.8481973533747
exact2,pc_score,pull_request_opened,github_outcomes,FALSE,split_period1,low,observed,-15,21.330835163919,9.01359942216554,3.66418029647456,38.9974900313635
exact2,pc_score,pull_request_opened,github_outcomes,FALSE,split_period1,low,observed,-14,12.0362506674312,12.9580868751593,-13.3615996078809,37.4341009427434
exact2,pc_score,pull_request_opened,github_outcomes,FALSE,split_period1,low,observed,-13,6.06837351260087,12.4010589984976,-18.2377021244544,30.3744491496561
exact2,pc_score,pull_request_opened,github_outcomes,FALSE,split_period1,low,observed,-12,6.92274555398264,11.3746983571139,-15.3716632259606,29.2171543339259
exact2,pc_score,pull_request_opened,github_outcomes,FALSE,split_period1,low,observed,-11,3.04711355325951,10.790277565381,-18.1018304748872,24.1960575814063
exact2,pc_score,pull_request_opened,github_outcomes,FALSE,split_period1,low,observed,-10,2.10298702198808,10.6191693071312,-18.710584819989,22.9165588639652
exact2,pc_score,pull_request_opened,github_outcomes,FALSE,split_period1,low,observed,-9,4.68914352514473,10.2296574884631,-15.360985152243,24.7392722025325
exact2,pc_score,pull_request_opened,github_outcomes,FALSE,split_period1,low,observed,-8,7.58903182220519,8.73920518910127,-9.5398103484333,24.7178739928437
exact2,pc_score,pull_request_opened,github_outcomes,FALSE,split_period1,low,observed,-7,4.96545208105147,6.94855338781507,-8.65371255906606,18.584616721169
exact2,pc_score,pull_request_opened,github_outcomes,FALSE,split_period1,low,observed,-6,5.42222681629285,5.28372913673991,-4.93388229171736,15.7783359243031
exact2,pc_score,pull_request_opened,github_outcomes,FALSE,split_period1,low,observed,-5,6.6469255616925,4.48575762935793,-2.14515939184904,15.439010515234
exact2,pc_score,pull_request_opened,github_outcomes,FALSE,split_period1,low,observed,-4,9.43273242344199,4.67074931886019,0.278063758476014,18.587401088408
exact2,pc_score,pull_request_opened,github_outcomes,FALSE,split_period1,low,observed,-3,6.84832199613761,4.04932250066189,-1.08835010515969,14.7849940974349
exact2,pc_score,pull_request_opened,github_outcomes,FALSE,split_period1,low,observed,-2,7.57032312363838,2.76448655549517,2.15192947486784,12.9887167724089
exact2,pc_score,pull_request_opened,github_outcomes,FALSE,split_period1,low,observed,-1,0,0,0,0
exact2,pc_score,pull_request_opened,github_outcomes,FALSE,split_period1,low,observed,0,-10.5064990433634,2.88112506780381,-16.1535041762589,-4.85949391046796
exact2,pc_score,pull_request_opened,github_outcomes,FALSE,split_period1,low,observed,1,-18.9866518796311,5.71450951566836,-30.1870905303411,-7.78621322892113
exact2,pc_score,pull_request_opened,github_outcomes,FALSE,split_period1,low,observed,2,-23.4360080203192,7.92930089316174,-38.9774377709163,-7.89457826972222
exact2,pc_score,pull_request_opened,github_outcomes,FALSE,split_period1,low,observed,3,-26.6406015240673,9.85349026683255,-45.9534424470591,-7.32776060107548
exact2,pc_score,pull_request_opened,github_outcomes,FALSE,split_period1,low,observed,4,-30.2892657562411,12.112149592441,-54.0290789574255,-6.54945255505669
exact2,pc_score,pull_request_opened,github_outcomes,FALSE,split_period1,low,observed,5,-28.3099749624684,13.6111867182216,-54.9879009301829,-1.632048994754
exact2,pc_score,pull_request_opened,github_outcomes,FALSE,split_period1,low,observed,6,-37.2239457525486,16.0617129507977,-68.704903136112,-5.74298836898517
exact2,pc_score,pull_request_opened,github_outcomes,FALSE,split_period1,low,observed,7,-39.0715741430109,17.8958756902057,-74.1474904958141,-3.99565779020779
exact2,pc_score,pull_request_opened,github_outcomes,FALSE,split_period1,low,observed,8,-39.0580425047073,18.7331879481506,-75.7750908830825,-2.34099412633202
exact2,pc_score,pull_request_opened,github_outcomes,FALSE,split_period1,low,observed,9,-38.5542383568734,20.0576350546512,-77.8672030639897,0.758726350243023
exact2,pc_score,pull_request_opened,github_outcomes,FALSE,split_period1,low,observed,10,-44.3154792582981,22.9281239950272,-89.2546022885515,0.623643771955223
exact2,pc_score,pull_request_opened,github_outcomes,FALSE,split_period1,low,observed,11,-59.1837508444416,38.6389927556058,-134.916176645429,16.5486749565457
exact2,pc_score,pull_request_merged,github_outcomes,FALSE,split_period1,high,observed,-15,19.0002208293496,15.8899399345466,-12.1440614423618,50.1445031010609
exact2,pc_score,pull_request_merged,github_outcomes,FALSE,split_period1,high,observed,-14,11.916231266759,13.3832064179517,-14.3148533124262,38.1473158459443
exact2,pc_score,pull_request_merged,github_outcomes,FALSE,split_period1,high,observed,-13,17.2818345585294,11.5014256099708,-5.26095963701325,39.8246287540721
exact2,pc_score,pull_request_merged,github_outcomes,FALSE,split_period1,high,observed,-12,17.5209529778197,10.2746389537593,-2.61733937154856,37.6592453271879
exact2,pc_score,pull_request_merged,github_outcomes,FALSE,split_period1,high,observed,-11,16.3839401400416,9.31783329739232,-1.87901312284738,34.6468934029305
exact2,pc_score,pull_request_merged,github_outcomes,FALSE,split_period1,high,observed,-10,17.2558789811975,7.51401507332819,2.52840943747422,31.9833485249207
exact2,pc_score,pull_request_merged,github_outcomes,FALSE,split_period1,high,observed,-9,11.8447869161237,5.85422401231242,0.3705078519914,23.3190659802561
exact2,pc_score,pull_request_merged,github_outcomes,FALSE,split_period1,high,observed,-8,9.39007979349627,4.70782352570924,0.162745683106166,18.6174139038864
exact2,pc_score,pull_request_merged,github_outcomes,FALSE,split_period1,high,observed,-7,7.29502799279695,4.18102659959733,-0.899784142413822,15.4898401280077
exact2,pc_score,pull_request_merged,github_outcomes,FALSE,split_period1,high,observed,-6,5.1143545857431,4.06033079692631,-2.84389377623247,13.0726029477187
exact2,pc_score,pull_request_merged,github_outcomes,FALSE,split_period1,high,observed,-5,4.27037181434776,3.24482460969655,-2.08948442065747,10.630228049353
exact2,pc_score,pull_request_merged,github_outcomes,FALSE,split_period1,high,observed,-4,2.08862708090698,2.67693592727813,-3.15816733655816,7.33542149837211
exact2,pc_score,pull_request_merged,github_outcomes,FALSE,split_period1,high,observed,-3,0.0429487436417557,2.16422653971182,-4.19893527419341,4.28483276147692
exact2,pc_score,pull_request_merged,github_outcomes,FALSE,split_period1,high,observed,-2,1.69161545682558,1.42819428640522,-1.10764534452865,4.49087625817981
exact2,pc_score,pull_request_merged,github_outcomes,FALSE,split_period1,high,observed,-1,0,0,0,0
exact2,pc_score,pull_request_merged,github_outcomes,FALSE,split_period1,high,observed,0,3.48304556722424,1.37542238309391,0.787217696360176,6.17887343808831
exact2,pc_score,pull_request_merged,github_outcomes,FALSE,split_period1,high,observed,1,5.15725696353635,2.13280942238518,0.976950495661392,9.33756343141131
exact2,pc_score,pull_request_merged,github_outcomes,FALSE,split_period1,high,observed,2,6.02327846891251,2.38530181368463,1.34808691409065,10.6984700237344
exact2,pc_score,pull_request_merged,github_outcomes,FALSE,split_period1,high,observed,3,7.07005266246094,3.05793709624911,1.07649595381269,13.0636093711092
exact2,pc_score,pull_request_merged,github_outcomes,FALSE,split_period1,high,observed,4,7.75650427536415,3.67316955440811,0.55709194872426,14.955916602004
exact2,pc_score,pull_request_merged,github_outcomes,FALSE,split_period1,high,observed,5,8.96413868396624,4.20691876840983,0.718577897882978,17.2096994700495
exact2,pc_score,pull_request_merged,github_outcomes,FALSE,split_period1,high,observed,6,10.6157151488978,5.29214955157005,0.243102027820516,20.9883282699751
exact2,pc_score,pull_request_merged,github_outcomes,FALSE,split_period1,high,observed,7,12.1535765310923,6.09351094131315,0.210295086118558,24.0968579760661
exact2,pc_score,pull_request_merged,github_outcomes,FALSE,split_period1,high,observed,8,15.7374387027832,7.76176421651938,0.524380838405225,30.9504965671612
exact2,pc_score,pull_request_merged,github_outcomes,FALSE,split_period1,high,observed,9,12.3736524734174,8.00720781824091,-3.32047485033481,28.0677797971695
exact2,pc_score,pull_request_merged,github_outcomes,FALSE,split_period1,high,observed,10,6.63523008595998,7.13451051874215,-7.34841053077463,20.6188707026946
exact2,pc_score,pull_request_merged,github_outcomes,FALSE,split_period1,high,observed,11,11.8343849548932,7.39503812879647,-2.65988977754787,26.3286596873343
exact2,pc_score,pull_request_merged,github_outcomes,FALSE,split_period1,low,observed,-15,10.1215382545957,5.87140877026936,-1.38642293513225,21.6294994443236
exact2,pc_score,pull_request_merged,github_outcomes,FALSE,split_period1,low,observed,-14,6.65127116497006,12.932237614218,-18.6959145588972,31.9984568888373
exact2,pc_score,pull_request_merged,github_outcomes,FALSE,split_period1,low,observed,-13,-2.40721444021076,9.32400580599706,-20.682265819965,15.8678369395435
exact2,pc_score,pull_request_merged,github_outcomes,FALSE,split_period1,low,observed,-12,-0.760435896161344,7.06798082101236,-14.6136783053456,13.0928065130229
exact2,pc_score,pull_request_merged,github_outcomes,FALSE,split_period1,low,observed,-11,-4.80588002451012,7.5019820953827,-19.5097649314602,9.89800488243997
exact2,pc_score,pull_request_merged,github_outcomes,FALSE,split_period1,low,observed,-10,-3.73522842612351,6.980650314299,-17.4173030421496,9.94684618990253
exact2,pc_score,pull_request_merged,github_outcomes,FALSE,split_period1,low,observed,-9,-1.3408412946369,6.00541453416555,-13.1114537816014,10.4297711923276
exact2,pc_score,pull_request_merged,github_outcomes,FALSE,split_period1,low,observed,-8,2.35695928519058,5.19420914016151,-7.82369062952598,12.5376091999071
exact2,pc_score,pull_request_merged,github_outcomes,FALSE,split_period1,low,observed,-7,2.04570991133627,4.41457677706062,-6.60686057170255,10.6982803943751
exact2,pc_score,pull_request_merged,github_outcomes,FALSE,split_period1,low,observed,-6,3.34872969917941,3.66256255081047,-3.82989290040911,10.5273522987679
exact2,pc_score,pull_request_merged,github_outcomes,FALSE,split_period1,low,observed,-5,4.01674859825604,3.34151784606715,-2.53262638003557,10.5661235765477
exact2,pc_score,pull_request_merged,github_outcomes,FALSE,split_period1,low,observed,-4,5.90806412568138,3.70678692314552,-1.35723824368384,13.1733664950466
exact2,pc_score,pull_request_merged,github_outcomes,FALSE,split_period1,low,observed,-3,4.25795566210906,3.16440474208167,-1.94427763237101,10.4601889565891
exact2,pc_score,pull_request_merged,github_outcomes,FALSE,split_period1,low,observed,-2,5.79334183302487,2.22645762998696,1.42948487825043,10.1571987877993
exact2,pc_score,pull_request_merged,github_outcomes,FALSE,split_period1,low,observed,-1,0,0,0,0
exact2,pc_score,pull_request_merged,github_outcomes,FALSE,split_period1,low,observed,0,-9.63374804799497,2.49324165618586,-14.5205016941193,-4.74699440187068
exact2,pc_score,pull_request_merged,github_outcomes,FALSE,split_period1,low,observed,1,-17.0530643132729,4.87037314197137,-26.5989956715367,-7.50713295500897
exact2,pc_score,pull_request_merged,github_outcomes,FALSE,split_period1,low,observed,2,-20.6276847245741,6.65182714338169,-33.6652659256022,-7.59010352354596
exact2,pc_score,pull_request_merged,github_outcomes,FALSE,split_period1,low,observed,3,-21.3298757682029,8.3165291992859,-37.6302729988033,-5.02947853760256
exact2,pc_score,pull_request_merged,github_outcomes,FALSE,split_period1,low,observed,4,-23.4505753645897,10.2098226675083,-43.461827792906,-3.4393229362733
exact2,pc_score,pull_request_merged,github_outcomes,FALSE,split_period1,low,observed,5,-21.73445005227,11.0679441462603,-43.4276205789402,-0.0412795255998795
exact2,pc_score,pull_request_merged,github_outcomes,FALSE,split_period1,low,observed,6,-27.5532439616563,12.9297172202658,-52.8954897133773,-2.21099820993533
exact2,pc_score,pull_request_merged,github_outcomes,FALSE,split_period1,low,observed,7,-28.8546846590181,14.402382841494,-57.0833550283464,-0.626014289689778
exact2,pc_score,pull_request_merged,github_outcomes,FALSE,split_period1,low,observed,8,-27.8646286928079,14.9940502135927,-57.2529671114497,1.52370972583383
exact2,pc_score,pull_request_merged,github_outcomes,FALSE,split_period1,low,observed,9,-26.8569719594544,16.2096075398573,-58.6278027375747,4.91385881866591
exact2,pc_score,pull_request_merged,github_outcomes,FALSE,split_period1,low,observed,10,-32.4256447993465,18.8987745592175,-69.4672429354128,4.61595333671984
exact2,pc_score,pull_request_merged,github_outcomes,FALSE,split_period1,low,observed,11,-46.4980855615358,34.1566236267265,-113.44506786992,20.4488967468482
exact2,pc_score,overall_new_release_count,downstream_outcomes,FALSE,split_period1,high,observed,-15,5.2654123396096,3.42885089147076,-1.45513540767308,11.9859600868923
exact2,pc_score,overall_new_release_count,downstream_outcomes,FALSE,split_period1,high,observed,-14,5.05493435705659,3.00824187208883,-0.841219712237507,10.9510884263507
exact2,pc_score,overall_new_release_count,downstream_outcomes,FALSE,split_period1,high,observed,-13,5.33501255607663,2.77610947736031,-0.106162019549579,10.7761871317028
exact2,pc_score,overall_new_release_count,downstream_outcomes,FALSE,split_period1,high,observed,-12,4.51448023487582,2.46132518273986,-0.309717123294305,9.33867759304595
exact2,pc_score,overall_new_release_count,downstream_outcomes,FALSE,split_period1,high,observed,-11,4.86136966453011,2.38810510878702,0.180683651307564,9.54205567775266
exact2,pc_score,overall_new_release_count,downstream_outcomes,FALSE,split_period1,high,observed,-10,4.27872411169153,2.16979645510981,0.0259230596762965,8.53152516370676
exact2,pc_score,overall_new_release_count,downstream_outcomes,FALSE,split_period1,high,observed,-9,3.60272223310139,2.0400291087362,-0.395734820021563,7.60117928622435
exact2,pc_score,overall_new_release_count,downstream_outcomes,FALSE,split_period1,high,observed,-8,3.28622046681063,2.07261560373963,-0.776106116519051,7.3485470501403
exact2,pc_score,overall_new_release_count,downstream_outcomes,FALSE,split_period1,high,observed,-7,2.62493662094642,1.9045222629342,-1.10792701440461,6.35780025629744
exact2,pc_score,overall_new_release_count,downstream_outcomes,FALSE,split_period1,high,observed,-6,2.61750481091366,1.8195472141815,-0.948807728882079,6.1838173507094
exact2,pc_score,overall_new_release_count,downstream_outcomes,FALSE,split_period1,high,observed,-5,2.20552833437728,1.53669141971955,-0.806386848273037,5.21744351702761
exact2,pc_score,overall_new_release_count,downstream_outcomes,FALSE,split_period1,high,observed,-4,2.36268125730018,1.37724963463493,-0.336728026584283,5.06209054118465
exact2,pc_score,overall_new_release_count,downstream_outcomes,FALSE,split_period1,high,observed,-3,1.71799090049434,1.08444559112031,-0.407522458101455,3.84350425909014
exact2,pc_score,overall_new_release_count,downstream_outcomes,FALSE,split_period1,high,observed,-2,1.29279636744584,0.548114555300853,0.218491839056172,2.36710089583552
exact2,pc_score,overall_new_release_count,downstream_outcomes,FALSE,split_period1,high,observed,-1,0,0,0,0
exact2,pc_score,overall_new_release_count,downstream_outcomes,FALSE,split_period1,high,observed,0,-0.538682230983693,0.720029539692204,-1.94994012878041,0.872575666813027
exact2,pc_score,overall_new_release_count,downstream_outcomes,FALSE,split_period1,high,observed,1,-0.855143564141276,1.15323824932124,-3.11549053281091,1.40520340452836
exact2,pc_score,overall_new_release_count,downstream_outcomes,FALSE,split_period1,high,observed,2,-0.0223478652165665,1.34604302176519,-2.66059218787634,2.61589645744321
exact2,pc_score,overall_new_release_count,downstream_outcomes,FALSE,split_period1,high,observed,3,-0.156272596399373,1.65898412584239,-3.40788148305045,3.09533629025171
exact2,pc_score,overall_new_release_count,downstream_outcomes,FALSE,split_period1,high,observed,4,0.21593170467591,2.06562985645425,-3.83270281397442,4.26456622332624
exact2,pc_score,overall_new_release_count,downstream_outcomes,FALSE,split_period1,high,observed,5,0.430877941235041,2.30249407259335,-4.08201044104793,4.94376632351801
exact2,pc_score,overall_new_release_count,downstream_outcomes,FALSE,split_period1,high,observed,6,-0.281799843275084,2.83283416047871,-5.83415479781336,5.27055511126319
exact2,pc_score,overall_new_release_count,downstream_outcomes,FALSE,split_period1,high,observed,7,-0.544432353950824,3.14282534199432,-6.70437002425969,5.61550531635804
exact2,pc_score,overall_new_release_count,downstream_outcomes,FALSE,split_period1,high,observed,8,-1.30386658672904,3.21423945022487,-7.60377590916979,4.99604273571171
exact2,pc_score,overall_new_release_count,downstream_outcomes,FALSE,split_period1,high,observed,9,-2.80942041213469,3.21387101422109,-9.10860760000802,3.48976677573864
exact2,pc_score,overall_new_release_count,downstream_outcomes,FALSE,split_period1,high,observed,10,-3.50831825007606,3.4641359964225,-10.2980248030642,3.28138830291204
exact2,pc_score,overall_new_release_count,downstream_outcomes,FALSE,split_period1,high,observed,11,-3.72595624846754,3.08105868169922,-9.76483126459802,2.31291876766294
exact2,pc_score,overall_new_release_count,downstream_outcomes,FALSE,split_period1,low,observed,-15,5.44988821470412,1.42718831972139,2.65259910805019,8.24717732135805
exact2,pc_score,overall_new_release_count,downstream_outcomes,FALSE,split_period1,low,observed,-14,4.11994644260404,1.09245955977514,1.97872570544477,6.26116717976332
exact2,pc_score,overall_new_release_count,downstream_outcomes,FALSE,split_period1,low,observed,-13,3.19378951276733,1.08066711302165,1.07568197124489,5.31189705428977
exact2,pc_score,overall_new_release_count,downstream_outcomes,FALSE,split_period1,low,observed,-12,2.23345651105355,1.06894483361969,0.138324637158948,4.32858838494815
exact2,pc_score,overall_new_release_count,downstream_outcomes,FALSE,split_period1,low,observed,-11,1.54053258959436,1.04068514364083,-0.499210291941662,3.58027547113037
exact2,pc_score,overall_new_release_count,downstream_outcomes,FALSE,split_period1,low,observed,-10,-0.0629224749754902,1.78811972957446,-3.56763714494144,3.44179219499045
exact2,pc_score,overall_new_release_count,downstream_outcomes,FALSE,split_period1,low,observed,-9,-2.5011374837296,2.88968951081781,-8.16492892493251,3.16265395747332
exact2,pc_score,overall_new_release_count,downstream_outcomes,FALSE,split_period1,low,observed,-8,-1.83056023974246,2.74660243443614,-7.2139010112373,3.55278053175238
exact2,pc_score,overall_new_release_count,downstream_outcomes,FALSE,split_period1,low,observed,-7,-1.55693499579308,2.32380339515955,-6.11158965030581,2.99771965871964
exact2,pc_score,overall_new_release_count,downstream_outcomes,FALSE,split_period1,low,observed,-6,-1.6421056335504,2.11470403783863,-5.78692554771412,2.50271428061332
exact2,pc_score,overall_new_release_count,downstream_outcomes,FALSE,split_period1,low,observed,-5,-2.18662727708893,2.65164907815917,-7.38385947028091,3.01060491610305
exact2,pc_score,overall_new_release_count,downstream_outcomes,FALSE,split_period1,low,observed,-4,-1.80472334889018,2.60164182610739,-6.90394132806065,3.2944946302803
exact2,pc_score,overall_new_release_count,downstream_outcomes,FALSE,split_period1,low,observed,-3,-2.0801057826685,2.46994145474809,-6.92119103397476,2.76097946863775
exact2,pc_score,overall_new_release_count,downstream_outcomes,FALSE,split_period1,low,observed,-2,-1.03959877329026,2.40026785568869,-5.7441237704401,3.66492622385957
exact2,pc_score,overall_new_release_count,downstream_outcomes,FALSE,split_period1,low,observed,-1,0,0,0,0
exact2,pc_score,overall_new_release_count,downstream_outcomes,FALSE,split_period1,low,observed,0,-2.53924615606787,1.02100488442322,-4.54041572953738,-0.538076582598372
exact2,pc_score,overall_new_release_count,downstream_outcomes,FALSE,split_period1,low,observed,1,-4.78903206701817,2.04713634224084,-8.80141929781021,-0.776644836226126
exact2,pc_score,overall_new_release_count,downstream_outcomes,FALSE,split_period1,low,observed,2,-4.92688522865573,2.32275392478169,-9.47948292122785,-0.374287536083608
exact2,pc_score,overall_new_release_count,downstream_outcomes,FALSE,split_period1,low,observed,3,-3.76327769454092,2.33693025335798,-8.34366099112257,0.817105602040725
exact2,pc_score,overall_new_release_count,downstream_outcomes,FALSE,split_period1,low,observed,4,-4.09150179602096,2.21853347724767,-8.43982741142639,0.256823819384471
exact2,pc_score,overall_new_release_count,downstream_outcomes,FALSE,split_period1,low,observed,5,-4.20023714101435,2.33204675960514,-8.77104878984043,0.370574507811733
exact2,pc_score,overall_new_release_count,downstream_outcomes,FALSE,split_period1,low,observed,6,-6.80816096209855,2.87849367947689,-12.4500085738733,-1.16631335032384
exact2,pc_score,overall_new_release_count,downstream_outcomes,FALSE,split_period1,low,observed,7,-9.07883142922302,4.09445880423674,-17.103970685527,-1.053692172919
exact2,pc_score,overall_new_release_count,downstream_outcomes,FALSE,split_period1,low,observed,8,-10.1963826766818,5.76591295947828,-21.4975720772592,1.10480672389566
exact2,pc_score,overall_new_release_count,downstream_outcomes,FALSE,split_period1,low,observed,9,-10.5113157124315,9.15057861144192,-28.4464497908577,7.42381836599465
exact2,pc_score,overall_new_release_count,downstream_outcomes,FALSE,split_period1,low,observed,10,-19.347868960286,16.9245312695226,-52.5199502485502,13.8242123279783
exact2,pc_score,overall_new_release_count,downstream_outcomes,FALSE,split_period1,low,observed,11,-53.2206990447704,44.0275529005003,-139.514702729751,33.0733046402102
exact2,pc_score,pull_request_opened,github_outcomes,FALSE,split_period5,high,observed,-15,23.0490963313855,12.0199567086096,-0.510018817489311,46.6082114802604
exact2,pc_score,pull_request_opened,github_outcomes,FALSE,split_period5,high,observed,-14,12.0128713549031,10.3873109446102,-8.3462580965329,32.3720008063391
exact2,pc_score,pull_request_opened,github_outcomes,FALSE,split_period5,high,observed,-13,20.2297647525681,9.24806032561532,2.10356651436211,38.3559629907742
exact2,pc_score,pull_request_opened,github_outcomes,FALSE,split_period5,high,observed,-12,18.2689699038941,8.30719932489305,1.9868592271037,34.5510805806845
exact2,pc_score,pull_request_opened,github_outcomes,FALSE,split_period5,high,observed,-11,16.1446171340762,7.64722353868162,1.15605899826026,31.1331752698922
exact2,pc_score,pull_request_opened,github_outcomes,FALSE,split_period5,high,observed,-10,15.9476364322426,6.46307416823737,3.28001106249738,28.6152618019879
exact2,pc_score,pull_request_opened,github_outcomes,FALSE,split_period5,high,observed,-9,9.71365240608209,5.74683300810571,-1.55014028980509,20.9774451019693
exact2,pc_score,pull_request_opened,github_outcomes,FALSE,split_period5,high,observed,-8,9.11129917396206,5.18229836098647,-1.04600561357143,19.2686039614955
exact2,pc_score,pull_request_opened,github_outcomes,FALSE,split_period5,high,observed,-7,8.66348591163007,4.60161607819097,-0.355681601624225,17.6826534248844
exact2,pc_score,pull_request_opened,github_outcomes,FALSE,split_period5,high,observed,-6,7.96549120830645,4.11747080437503,-0.104751568268607,16.0357339848815
exact2,pc_score,pull_request_opened,github_outcomes,FALSE,split_period5,high,observed,-5,5.06582848143048,2.92146692343038,-0.660246688493061,10.791903651354
exact2,pc_score,pull_request_opened,github_outcomes,FALSE,split_period5,high,observed,-4,2.90786095813394,2.22374155508219,-1.45067248982715,7.26639440609502
exact2,pc_score,pull_request_opened,github_outcomes,FALSE,split_period5,high,observed,-3,-1.22887703715148,1.95010419059423,-5.05108125071617,2.5933271764132
exact2,pc_score,pull_request_opened,github_outcomes,FALSE,split_period5,high,observed,-2,2.7225762116446,1.2000531471408,0.370472043248639,5.07468038004056
exact2,pc_score,pull_request_opened,github_outcomes,FALSE,split_period5,high,observed,-1,0,0,0,0
exact2,pc_score,pull_request_opened,github_outcomes,FALSE,split_period5,high,observed,0,1.46437282723231,1.98363255301553,-2.42354697667813,5.35229263114276
exact2,pc_score,pull_request_opened,github_outcomes,FALSE,split_period5,high,observed,1,1.24729396469306,3.32357766380266,-5.26691825636016,7.76150618574628
exact2,pc_score,pull_request_opened,github_outcomes,FALSE,split_period5,high,observed,2,3.09129172609591,4.06106054053196,-4.86838693334674,11.0509703855386
exact2,pc_score,pull_request_opened,github_outcomes,FALSE,split_period5,high,observed,3,8.16693765464741,4.6734387761738,-0.993002346653233,17.326877655948
exact2,pc_score,pull_request_opened,github_outcomes,FALSE,split_period5,high,observed,4,11.4803412550578,5.05402201752241,1.57445810071389,21.3862244094017
exact2,pc_score,pull_request_opened,github_outcomes,FALSE,split_period5,high,observed,5,17.0566401077766,5.99457422777442,5.3072746213388,28.8060055942145
exact2,pc_score,pull_request_opened,github_outcomes,FALSE,split_period5,high,observed,6,16.3880520994127,7.33711032207488,2.00731586814597,30.7687883306795
exact2,pc_score,pull_request_opened,github_outcomes,FALSE,split_period5,high,observed,7,19.1717876711672,8.95756104045775,1.61496803187006,36.7286073104644
exact2,pc_score,pull_request_opened,github_outcomes,FALSE,split_period5,high,observed,8,20.0404905240057,12.8855223454644,-5.21513327310455,45.2961143211159
exact2,pc_score,pull_request_opened,github_outcomes,FALSE,split_period5,high,observed,9,12.7554737388083,11.6382609501726,-10.0555177235301,35.5664652011466
exact2,pc_score,pull_request_opened,github_outcomes,FALSE,split_period5,high,observed,10,0.518891359383653,5.9768777365855,-11.1957890043239,12.2335717230912
exact2,pc_score,pull_request_opened,github_outcomes,FALSE,split_period5,high,observed,11,7.6211653340604,5.79419675247632,-3.73546030079319,18.977790968914
exact2,pc_score,pull_request_opened,github_outcomes,FALSE,split_period5,low,observed,-15,23.4037593527743,12.4984914091257,-1.09328380911204,47.9008025146606
exact2,pc_score,pull_request_opened,github_outcomes,FALSE,split_period5,low,observed,-14,15.1983100004205,16.5439361059724,-17.2278047672854,47.6244247681264
exact2,pc_score,pull_request_opened,github_outcomes,FALSE,split_period5,low,observed,-13,3.14401930653268,15.8712818209595,-27.9636930625479,34.2517316756133
exact2,pc_score,pull_request_opened,github_outcomes,FALSE,split_period5,low,observed,-12,2.33336645475766,14.1047243147262,-25.3118932021057,29.9786261116211
exact2,pc_score,pull_request_opened,github_outcomes,FALSE,split_period5,low,observed,-11,-2.01361541134746,15.4149660313796,-32.2269488328514,28.1997180101565
exact2,pc_score,pull_request_opened,github_outcomes,FALSE,split_period5,low,observed,-10,2.28831065763633,16.7934965327978,-30.6269425466474,35.20356386192
exact2,pc_score,pull_request_opened,github_outcomes,FALSE,split_period5,low,observed,-9,5.23946978590987,15.8932151995524,-25.9112320052128,36.3901715770326
exact2,pc_score,pull_request_opened,github_outcomes,FALSE,split_period5,low,observed,-8,6.47299018594146,13.826210359257,-20.6263821182022,33.5723624900851
exact2,pc_score,pull_request_opened,github_outcomes,FALSE,split_period5,low,observed,-7,4.3481478111715,11.2806722979642,-17.7619698928383,26.4582655151813
exact2,pc_score,pull_request_opened,github_outcomes,FALSE,split_period5,low,observed,-6,5.25107598232393,8.21970476912668,-10.8595453651644,21.3616973298122
exact2,pc_score,pull_request_opened,github_outcomes,FALSE,split_period5,low,observed,-5,5.53881484576225,5.7482498071131,-5.72775477617942,16.8053844677039
exact2,pc_score,pull_request_opened,github_outcomes,FALSE,split_period5,low,observed,-4,6.24724916900397,4.32185576529351,-2.22358813097131,14.7180864689793
exact2,pc_score,pull_request_opened,github_outcomes,FALSE,split_period5,low,observed,-3,5.80294259265967,3.47917836519222,-1.01624700311709,12.6221321884364
exact2,pc_score,pull_request_opened,github_outcomes,FALSE,split_period5,low,observed,-2,5.05585473893531,2.35485477328512,0.440339383296469,9.67137009457415
exact2,pc_score,pull_request_opened,github_outcomes,FALSE,split_period5,low,observed,-1,0,0,0,0
exact2,pc_score,pull_request_opened,github_outcomes,FALSE,split_period5,low,observed,0,-7.66136153699248,2.85260808263666,-13.2524733789603,-2.07024969502463
exact2,pc_score,pull_request_opened,github_outcomes,FALSE,split_period5,low,observed,1,-14.8311388101031,6.5422725054783,-27.6539929208406,-2.00828469936567
exact2,pc_score,pull_request_opened,github_outcomes,FALSE,split_period5,low,observed,2,-25.55442910183,10.4820335557343,-46.0992148710692,-5.00964333259091
exact2,pc_score,pull_request_opened,github_outcomes,FALSE,split_period5,low,observed,3,-36.2004836211989,13.5843190815496,-62.8257490210361,-9.57521822136157
exact2,pc_score,pull_request_opened,github_outcomes,FALSE,split_period5,low,observed,4,-44.5963229325333,17.086663827539,-78.0861840345097,-11.1064618305569
exact2,pc_score,pull_request_opened,github_outcomes,FALSE,split_period5,low,observed,5,-49.4749456011131,18.9455568891454,-86.608237103838,-12.3416540983881
exact2,pc_score,pull_request_opened,github_outcomes,FALSE,split_period5,low,observed,6,-52.6104039644458,21.812174132224,-95.3622652636048,-9.85854266528687
exact2,pc_score,pull_request_opened,github_outcomes,FALSE,split_period5,low,observed,7,-52.3350967492192,24.7547225576136,-100.854352962142,-3.81584053629652
exact2,pc_score,pull_request_opened,github_outcomes,FALSE,split_period5,low,observed,8,-49.0406592025674,25.6037067152672,-99.223924364491,1.1426059593563
exact2,pc_score,pull_request_opened,github_outcomes,FALSE,split_period5,low,observed,9,-48.1287987836144,26.6688508696171,-100.399746488064,4.14214892083501
exact2,pc_score,pull_request_opened,github_outcomes,FALSE,split_period5,low,observed,10,-49.1366219574644,27.9578496456962,-103.934007263029,5.66076334810013
exact2,pc_score,pull_request_opened,github_outcomes,FALSE,split_period5,low,observed,11,-66.3487668128166,38.8714620815902,-142.536832492733,9.83929886710014
exact2,pc_score,pull_request_merged,github_outcomes,FALSE,split_period5,high,observed,-15,17.5917644976803,8.70777738822851,0.524520816752439,34.6590081786082
exact2,pc_score,pull_request_merged,github_outcomes,FALSE,split_period5,high,observed,-14,7.70198155857349,8.00229236803847,-7.9825114827819,23.3864745999289
exact2,pc_score,pull_request_merged,github_outcomes,FALSE,split_period5,high,observed,-13,13.2719671210851,7.1497145718008,-0.741473439644437,27.2854076818147
exact2,pc_score,pull_request_merged,github_outcomes,FALSE,split_period5,high,observed,-12,12.9852762337025,6.57963796022376,0.0891858316638903,25.881366635741
exact2,pc_score,pull_request_merged,github_outcomes,FALSE,split_period5,high,observed,-11,10.3666301499627,5.9754261012144,-1.34520500841756,22.0784653083429
exact2,pc_score,pull_request_merged,github_outcomes,FALSE,split_period5,high,observed,-10,10.711006211779,4.96186430239858,0.985752179077773,20.4362602444802
exact2,pc_score,pull_request_merged,github_outcomes,FALSE,split_period5,high,observed,-9,6.69115009036739,4.44515002499227,-2.02134395861745,15.4036441393522
exact2,pc_score,pull_request_merged,github_outcomes,FALSE,split_period5,high,observed,-8,6.65865129010708,4.20367158330464,-1.58054501317002,14.8978475933842
exact2,pc_score,pull_request_merged,github_outcomes,FALSE,split_period5,high,observed,-7,6.48156094324296,3.90900403451429,-1.18008696440505,14.143208850891
exact2,pc_score,pull_request_merged,github_outcomes,FALSE,split_period5,high,observed,-6,6.73358556788771,3.66935044158601,-0.458341297620871,13.9255124333963
exact2,pc_score,pull_request_merged,github_outcomes,FALSE,split_period5,high,observed,-5,3.7724677660657,2.63571209048729,-1.39352793128939,8.93846346342079
exact2,pc_score,pull_request_merged,github_outcomes,FALSE,split_period5,high,observed,-4,1.68265780470832,1.85389744854196,-1.95098119443393,5.31629680385057
exact2,pc_score,pull_request_merged,github_outcomes,FALSE,split_period5,high,observed,-3,-1.35191806354441,1.71832607117353,-4.71983716304452,2.0160010359557
exact2,pc_score,pull_request_merged,github_outcomes,FALSE,split_period5,high,observed,-2,2.04409150332199,1.01386735635747,0.0569114848613486,4.03127152178264
exact2,pc_score,pull_request_merged,github_outcomes,FALSE,split_period5,high,observed,-1,0,0,0,0
exact2,pc_score,pull_request_merged,github_outcomes,FALSE,split_period5,high,observed,0,2.15291128045881,1.55141500307422,-0.887862125566657,5.19368468648428
exact2,pc_score,pull_request_merged,github_outcomes,FALSE,split_period5,high,observed,1,1.34723052298144,2.30500221772771,-3.17057382376487,5.86503486972776
exact2,pc_score,pull_request_merged,github_outcomes,FALSE,split_period5,high,observed,2,3.33198007992578,2.74644773611412,-2.05105748285789,8.71501764270946
exact2,pc_score,pull_request_merged,github_outcomes,FALSE,split_period5,high,observed,3,7.67476526787471,3.29627137376126,1.21407337530264,14.1354571604468
exact2,pc_score,pull_request_merged,github_outcomes,FALSE,split_period5,high,observed,4,10.9461951718016,3.65363182599108,3.78507679285908,18.1073135507441
exact2,pc_score,pull_request_merged,github_outcomes,FALSE,split_period5,high,observed,5,14.4665290958758,4.07724382928524,6.47513119047671,22.4579270012749
exact2,pc_score,pull_request_merged,github_outcomes,FALSE,split_period5,high,observed,6,15.5859863515903,5.30330387399001,5.19151075856983,25.9804619446107
exact2,pc_score,pull_request_merged,github_outcomes,FALSE,split_period5,high,observed,7,17.873017139502,6.33119517480025,5.46387459689349,30.2821596821105
exact2,pc_score,pull_request_merged,github_outcomes,FALSE,split_period5,high,observed,8,20.3925860940868,10.0553314922583,0.684136369260532,40.1010358189131
exact2,pc_score,pull_request_merged,github_outcomes,FALSE,split_period5,high,observed,9,12.1351043620942,7.65713390470096,-2.87287809111972,27.143086815308
exact2,pc_score,pull_request_merged,github_outcomes,FALSE,split_period5,high,observed,10,4.33716358539295,5.0356004384509,-5.53261327397081,14.2069404447567
exact2,pc_score,pull_request_merged,github_outcomes,FALSE,split_period5,high,observed,11,10.9928280167163,4.47616475096357,2.21954510482768,19.7661109286049
exact2,pc_score,pull_request_merged,github_outcomes,FALSE,split_period5,low,observed,-15,5.50096708175118,7.73237802411009,-9.65449384550459,20.656428009007
exact2,pc_score,pull_request_merged,github_outcomes,FALSE,split_period5,low,observed,-14,5.49296098741042,16.6240465769948,-27.0901703034995,38.0760922783203
exact2,pc_score,pull_request_merged,github_outcomes,FALSE,split_period5,low,observed,-13,-8.17972044588193,12.2700508655415,-32.2290201423433,15.8695792505794
exact2,pc_score,pull_request_merged,github_outcomes,FALSE,split_period5,low,observed,-12,-7.34311329091686,9.33207306154482,-25.6339764915447,10.947749909711
exact2,pc_score,pull_request_merged,github_outcomes,FALSE,split_period5,low,observed,-11,-10.8448529507208,11.442696291729,-33.2725376825096,11.5828317810679
exact2,pc_score,pull_request_merged,github_outcomes,FALSE,split_period5,low,observed,-10,-6.88726285307346,10.7253612796004,-27.9089709610903,14.1344452549434
exact2,pc_score,pull_request_merged,github_outcomes,FALSE,split_period5,low,observed,-9,-3.75073950314379,8.83969334090096,-21.0765384513097,13.5750594450221
exact2,pc_score,pull_request_merged,github_outcomes,FALSE,split_period5,low,observed,-8,-1.28001722900286,7.64937514166601,-16.2727925066682,13.7127580486625
exact2,pc_score,pull_request_merged,github_outcomes,FALSE,split_period5,low,observed,-7,-1.09347626699069,6.13555457446446,-13.119163232941,10.9322106989596
exact2,pc_score,pull_request_merged,github_outcomes,FALSE,split_period5,low,observed,-6,1.56643661133579,4.52782584391561,-7.30810204273881,10.4409752654104
exact2,pc_score,pull_request_merged,github_outcomes,FALSE,split_period5,low,observed,-5,2.99371155085895,3.50339362362719,-3.87293995145035,9.86036305316824
exact2,pc_score,pull_request_merged,github_outcomes,FALSE,split_period5,low,observed,-4,3.86689055703347,3.17296942658984,-2.35212951908262,10.0859106331496
exact2,pc_score,pull_request_merged,github_outcomes,FALSE,split_period5,low,observed,-3,3.60550220826518,2.67633370032655,-1.64011184437487,8.85111626090522
exact2,pc_score,pull_request_merged,github_outcomes,FALSE,split_period5,low,observed,-2,3.8983495796841,1.93287366871806,0.109917188996702,7.68678197037149
exact2,pc_score,pull_request_merged,github_outcomes,FALSE,split_period5,low,observed,-1,0,0,0,0
exact2,pc_score,pull_request_merged,github_outcomes,FALSE,split_period5,low,observed,0,-6.53076539174201,2.30947198802579,-11.0573304882726,-2.00420029521146
exact2,pc_score,pull_request_merged,github_outcomes,FALSE,split_period5,low,observed,1,-12.9688425085937,5.23306759568964,-23.2256549961454,-2.71203002104201
exact2,pc_score,pull_request_merged,github_outcomes,FALSE,split_period5,low,observed,2,-21.2539214182065,8.44220975940363,-37.8006525466376,-4.70719028977536
exact2,pc_score,pull_request_merged,github_outcomes,FALSE,split_period5,low,observed,3,-29.8137014277713,11.3554591841651,-52.0704014287348,-7.55700142680777
exact2,pc_score,pull_request_merged,github_outcomes,FALSE,split_period5,low,observed,4,-35.8291485822429,14.3064162041853,-63.8697243424461,-7.78857282203969
exact2,pc_score,pull_request_merged,github_outcomes,FALSE,split_period5,low,observed,5,-39.0095885631133,15.6111236343778,-69.6073908864938,-8.41178623973286
exact2,pc_score,pull_request_merged,github_outcomes,FALSE,split_period5,low,observed,6,-39.657760850166,17.757593544548,-74.4626441974802,-4.85287750285192
exact2,pc_score,pull_request_merged,github_outcomes,FALSE,split_period5,low,observed,7,-40.6592193076225,19.9397854091584,-79.741198709573,-1.57723990567196
exact2,pc_score,pull_request_merged,github_outcomes,FALSE,split_period5,low,observed,8,-35.0119212675651,19.9777249047854,-74.1682620809445,4.14441954581422
exact2,pc_score,pull_request_merged,github_outcomes,FALSE,split_period5,low,observed,9,-33.4399181877546,21.0672844024676,-74.731795616591,7.85195924108186
exact2,pc_score,pull_request_merged,github_outcomes,FALSE,split_period5,low,observed,10,-35.4203241803836,21.872290930782,-78.2900144047164,7.44936604394923
exact2,pc_score,pull_request_merged,github_outcomes,FALSE,split_period5,low,observed,11,-49.8105214438275,33.1370685584588,-114.759175818407,15.1381329307518
exact2,pc_score,overall_new_release_count,downstream_outcomes,FALSE,split_period5,high,observed,-15,4.69261458619475,1.93976534650251,0.890674507049832,8.49455466533966
exact2,pc_score,overall_new_release_count,downstream_outcomes,FALSE,split_period5,high,observed,-14,4.56681167572745,1.71073792694478,1.21376533891568,7.91985801253921
exact2,pc_score,overall_new_release_count,downstream_outcomes,FALSE,split_period5,high,observed,-13,4.73431640833424,1.65618573092982,1.4881923757118,7.98044044095668
exact2,pc_score,overall_new_release_count,downstream_outcomes,FALSE,split_period5,high,observed,-12,3.99229078336884,1.45862943359539,1.13337709352187,6.85120447321581
exact2,pc_score,overall_new_release_count,downstream_outcomes,FALSE,split_period5,high,observed,-11,4.07981108929477,1.38731581017474,1.36067210135228,6.79895007723727
exact2,pc_score,overall_new_release_count,downstream_outcomes,FALSE,split_period5,high,observed,-10,4.29750130029125,1.53953806594199,1.28000669104495,7.31499590953754
exact2,pc_score,overall_new_release_count,downstream_outcomes,FALSE,split_period5,high,observed,-9,3.90139570211139,1.49683286010169,0.967603296312068,6.83518810791071
exact2,pc_score,overall_new_release_count,downstream_outcomes,FALSE,split_period5,high,observed,-8,3.3399366447329,1.53038517022922,0.340381711083628,6.33949157838217
exact2,pc_score,overall_new_release_count,downstream_outcomes,FALSE,split_period5,high,observed,-7,2.64284889978293,1.64233352856063,-0.576124816195901,5.86182261576176
exact2,pc_score,overall_new_release_count,downstream_outcomes,FALSE,split_period5,high,observed,-6,2.26877217947833,1.62158281900962,-0.909530145780512,5.44707450473718
exact2,pc_score,overall_new_release_count,downstream_outcomes,FALSE,split_period5,high,observed,-5,1.58717986578978,1.32016369228457,-1.00034097108797,4.17470070266753
exact2,pc_score,overall_new_release_count,downstream_outcomes,FALSE,split_period5,high,observed,-4,2.0608585466786,1.2085996474856,-0.307996762393165,4.42971385575037
exact2,pc_score,overall_new_release_count,downstream_outcomes,FALSE,split_period5,high,observed,-3,0.915860638131755,0.87297798853254,-0.795176219392024,2.62689749565553
exact2,pc_score,overall_new_release_count,downstream_outcomes,FALSE,split_period5,high,observed,-2,1.03527675646467,0.547994686264191,-0.0387928286131491,2.10934634154248
exact2,pc_score,overall_new_release_count,downstream_outcomes,FALSE,split_period5,high,observed,-1,0,0,0,0
exact2,pc_score,overall_new_release_count,downstream_outcomes,FALSE,split_period5,high,observed,0,-0.707522963322885,0.4945016870013,-1.67674626984543,0.261700343199662
exact2,pc_score,overall_new_release_count,downstream_outcomes,FALSE,split_period5,high,observed,1,-0.67807088583991,0.865601428011553,-2.37464968474255,1.01850791306273
exact2,pc_score,overall_new_release_count,downstream_outcomes,FALSE,split_period5,high,observed,2,0.304113611874822,1.11366308178578,-1.8786660284253,2.48689325217495
exact2,pc_score,overall_new_release_count,downstream_outcomes,FALSE,split_period5,high,observed,3,1.35611435807388,1.54289648621086,-1.6679627548994,4.38019147104716
exact2,pc_score,overall_new_release_count,downstream_outcomes,FALSE,split_period5,high,observed,4,1.93110736245779,1.78283369971486,-1.56324668898334,5.42546141389892
exact2,pc_score,overall_new_release_count,downstream_outcomes,FALSE,split_period5,high,observed,5,2.80756478247452,1.94468099145201,-1.00400996077141,6.61913952572045
exact2,pc_score,overall_new_release_count,downstream_outcomes,FALSE,split_period5,high,observed,6,0.90082502638089,2.08601158737082,-3.18775768486592,4.9894077376277
exact2,pc_score,overall_new_release_count,downstream_outcomes,FALSE,split_period5,high,observed,7,0.111334222521536,2.10143331695245,-4.00747507870527,4.23014352374834
exact2,pc_score,overall_new_release_count,downstream_outcomes,FALSE,split_period5,high,observed,8,-0.604481000231034,2.29424732792914,-5.10120576297215,3.89224376251008
exact2,pc_score,overall_new_release_count,downstream_outcomes,FALSE,split_period5,high,observed,9,-2.40942033398485,2.30338932004063,-6.92406340126448,2.10522273329477
exact2,pc_score,overall_new_release_count,downstream_outcomes,FALSE,split_period5,high,observed,10,-2.53220561834825,2.98308584086243,-8.37905386643861,3.31464262974211
exact2,pc_score,overall_new_release_count,downstream_outcomes,FALSE,split_period5,high,observed,11,-3.32850111715785,2.38390053058222,-8.00094615709901,1.3439439227833
exact2,pc_score,overall_new_release_count,downstream_outcomes,FALSE,split_period5,low,observed,-15,5.13504259716899,1.80339688569753,1.60038470120183,8.66970049313616
exact2,pc_score,overall_new_release_count,downstream_outcomes,FALSE,split_period5,low,observed,-14,4.30479797675453,1.61455706961377,1.14026612031154,7.46932983319753
exact2,pc_score,overall_new_release_count,downstream_outcomes,FALSE,split_period5,low,observed,-13,2.86506695270634,1.47051077639456,-0.0171341690269973,5.74726807443967
exact2,pc_score,overall_new_release_count,downstream_outcomes,FALSE,split_period5,low,observed,-12,2.00424841075514,1.43776221579804,-0.81376553220902,4.82226235371929
exact2,pc_score,overall_new_release_count,downstream_outcomes,FALSE,split_period5,low,observed,-11,1.63169730341334,1.27823633059949,-0.873645904561664,4.13704051138834
exact2,pc_score,overall_new_release_count,downstream_outcomes,FALSE,split_period5,low,observed,-10,0.179021913304538,1.54922070624549,-2.85745067093663,3.21549449754571
exact2,pc_score,overall_new_release_count,downstream_outcomes,FALSE,split_period5,low,observed,-9,-1.85354629240839,2.27864508839895,-6.31969066567033,2.61259808085355
exact2,pc_score,overall_new_release_count,downstream_outcomes,FALSE,split_period5,low,observed,-8,-1.97904481199496,2.34047715962861,-6.56638004486703,2.60829042087711
exact2,pc_score,overall_new_release_count,downstream_outcomes,FALSE,split_period5,low,observed,-7,-1.85445578262777,1.94523656018614,-5.66711944059261,1.95820787533707
exact2,pc_score,overall_new_release_count,downstream_outcomes,FALSE,split_period5,low,observed,-6,-1.74782757700916,1.78119877428067,-5.23897717459928,1.74332202058095
exact2,pc_score,overall_new_release_count,downstream_outcomes,FALSE,split_period5,low,observed,-5,-1.70176227432382,1.94712150905581,-5.51812043207321,2.11459588342558
exact2,pc_score,overall_new_release_count,downstream_outcomes,FALSE,split_period5,low,observed,-4,-1.18978445929502,1.90649816131471,-4.92652085547186,2.54695193688181
exact2,pc_score,overall_new_release_count,downstream_outcomes,FALSE,split_period5,low,observed,-3,-0.919160787507178,1.82558553148873,-4.49730842922508,2.65898685421073
exact2,pc_score,overall_new_release_count,downstream_outcomes,FALSE,split_period5,low,observed,-2,-0.145831757877692,1.78335561989652,-3.64120877287486,3.34954525711948
exact2,pc_score,overall_new_release_count,downstream_outcomes,FALSE,split_period5,low,observed,-1,0,0,0,0
exact2,pc_score,overall_new_release_count,downstream_outcomes,FALSE,split_period5,low,observed,0,-1.65871052811089,0.777261840134498,-3.18214373477451,-0.135277321447277
exact2,pc_score,overall_new_release_count,downstream_outcomes,FALSE,split_period5,low,observed,1,-4.17742122355382,1.51201681087433,-7.1409741728675,-1.21386827424014
exact2,pc_score,overall_new_release_count,downstream_outcomes,FALSE,split_period5,low,observed,2,-4.4960247625304,1.72595910136169,-7.87890460119931,-1.11314492386149
exact2,pc_score,overall_new_release_count,downstream_outcomes,FALSE,split_period5,low,observed,3,-4.97101280652849,1.70426944726198,-8.31138092316198,-1.630644689895
exact2,pc_score,overall_new_release_count,downstream_outcomes,FALSE,split_period5,low,observed,4,-5.51568042967531,1.64530448826873,-8.74047722668202,-2.2908836326686
exact2,pc_score,overall_new_release_count,downstream_outcomes,FALSE,split_period5,low,observed,5,-6.11802380605025,1.77766472497335,-9.60224666699801,-2.63380094510248
exact2,pc_score,overall_new_release_count,downstream_outcomes,FALSE,split_period5,low,observed,6,-6.61167510614629,2.04414328006771,-10.618195935079,-2.60515427721358
exact2,pc_score,overall_new_release_count,downstream_outcomes,FALSE,split_period5,low,observed,7,-7.33436603476491,2.58543408731817,-12.4018168459085,-2.2669152236213
exact2,pc_score,overall_new_release_count,downstream_outcomes,FALSE,split_period5,low,observed,8,-8.05674466733195,3.08810878649682,-14.1094378888657,-2.00405144579818
exact2,pc_score,overall_new_release_count,downstream_outcomes,FALSE,split_period5,low,observed,9,-9.10437037146475,5.92270848815831,-20.712879008255,2.50413826532553
exact2,pc_score,overall_new_release_count,downstream_outcomes,FALSE,split_period5,low,observed,10,-15.2445131006525,11.0912483861951,-36.9833599375949,6.49433373628987
exact2,pc_score,overall_new_release_count,downstream_outcomes,FALSE,split_period5,low,observed,11,-47.1652253095595,38.3316782869903,-122.29531475206,27.9648641329415
exact2,pc_score_binary,pull_request_opened,github_outcomes,TRUE,split_full_avg,high,observed,-15,0.789498363083607,0.705907331341782,-0.594080006346285,2.1730767325135
exact2,pc_score_binary,pull_request_opened,github_outcomes,TRUE,split_full_avg,high,observed,-14,0.627925819826318,0.596021302123098,-0.540275932334954,1.79612757198759
exact2,pc_score_binary,pull_request_opened,github_outcomes,TRUE,split_full_avg,high,observed,-13,1.36160824500332,0.625421760222423,0.135781594967366,2.58743489503927
exact2,pc_score_binary,pull_request_opened,github_outcomes,TRUE,split_full_avg,high,observed,-12,1.54158732580507,0.655717625220243,0.256380780373389,2.82679387123674
exact2,pc_score_binary,pull_request_opened,github_outcomes,TRUE,split_full_avg,high,observed,-11,1.24803354726861,0.483652272854164,0.300075092474453,2.19599200206277
exact2,pc_score_binary,pull_request_opened,github_outcomes,TRUE,split_full_avg,high,observed,-10,1.49475246344131,0.660385161396476,0.200397547104221,2.78910737977841
exact2,pc_score_binary,pull_request_opened,github_outcomes,TRUE,split_full_avg,high,observed,-9,1.53896551556234,0.591925572474647,0.378791393512032,2.69913963761265
exact2,pc_score_binary,pull_request_opened,github_outcomes,TRUE,split_full_avg,high,observed,-8,1.05626228661338,0.403786581340632,0.264840587185742,1.84768398604102
exact2,pc_score_binary,pull_request_opened,github_outcomes,TRUE,split_full_avg,high,observed,-7,0.400376795616824,0.236968705678377,-0.0640818675127949,0.864835458746442
exact2,pc_score_binary,pull_request_opened,github_outcomes,TRUE,split_full_avg,high,observed,-6,0.343636373770051,0.19749302677931,-0.0434499587173967,0.730722706257498
exact2,pc_score_binary,pull_request_opened,github_outcomes,TRUE,split_full_avg,high,observed,-5,0.284089290168612,0.147520519821085,-0.00505092868071499,0.57322950901794
exact2,pc_score_binary,pull_request_opened,github_outcomes,TRUE,split_full_avg,high,observed,-4,0.244137775201297,0.132728199787018,-0.0160094963812583,0.504285046783853
exact2,pc_score_binary,pull_request_opened,github_outcomes,TRUE,split_full_avg,high,observed,-3,0.233099725151477,0.11717420544656,0.00343828247621891,0.462761167826735
exact2,pc_score_binary,pull_request_opened,github_outcomes,TRUE,split_full_avg,high,observed,-2,0.496639552324503,0.0986268442578726,0.303330937579073,0.689948167069933
exact2,pc_score_binary,pull_request_opened,github_outcomes,TRUE,split_full_avg,high,observed,-1,0,0,0,0
exact2,pc_score_binary,pull_request_opened,github_outcomes,TRUE,split_full_avg,high,observed,0,0.640767658397445,0.2101731176764,0.228828347751701,1.05270696904319
exact2,pc_score_binary,pull_request_opened,github_outcomes,TRUE,split_full_avg,high,observed,1,0.776358404088128,0.227853108446093,0.329766311533787,1.22295049664247
exact2,pc_score_binary,pull_request_opened,github_outcomes,TRUE,split_full_avg,high,observed,2,1.0337905624539,0.237342996248008,0.568598289807805,1.49898283509999
exact2,pc_score_binary,pull_request_opened,github_outcomes,TRUE,split_full_avg,high,observed,3,1.4756581610794,0.401315977560482,0.689078845060851,2.26223747709794
exact2,pc_score_binary,pull_request_opened,github_outcomes,TRUE,split_full_avg,high,observed,4,1.42523705653003,0.468643635813576,0.506695530335425,2.34377858272464
exact2,pc_score_binary,pull_request_opened,github_outcomes,TRUE,split_full_avg,high,observed,5,1.87545607567293,0.506230995215918,0.883243325049726,2.86766882629612
exact2,pc_score_binary,pull_request_opened,github_outcomes,TRUE,split_full_avg,high,observed,6,1.71304930292621,0.612409895665287,0.512725907422243,2.91337269843017
exact2,pc_score_binary,pull_request_opened,github_outcomes,TRUE,split_full_avg,high,observed,7,0.919763660147339,0.380110992727446,0.174746114401545,1.66478120589313
exact2,pc_score_binary,pull_request_opened,github_outcomes,TRUE,split_full_avg,high,observed,8,1.11780952096892,0.496111686476626,0.14543061547473,2.09018842646311
exact2,pc_score_binary,pull_request_opened,github_outcomes,TRUE,split_full_avg,high,observed,9,0.525821795056755,0.35372682310324,-0.167482778225595,1.2191263683391
exact2,pc_score_binary,pull_request_opened,github_outcomes,TRUE,split_full_avg,high,observed,10,0.166828622534146,0.355160066826917,-0.529285108446612,0.862942353514903
exact2,pc_score_binary,pull_request_opened,github_outcomes,TRUE,split_full_avg,high,observed,11,0.501578135144411,0.633117080496745,-0.739331342629209,1.74248761291803
exact2,pc_score_binary,pull_request_opened,github_outcomes,TRUE,split_full_avg,low,observed,-15,1.36607280274628,1.50860967844381,-1.5908021670036,4.32294777249615
exact2,pc_score_binary,pull_request_opened,github_outcomes,TRUE,split_full_avg,low,observed,-14,0.0776460677660827,0.99449277185139,-1.87155976506264,2.02685190059481
exact2,pc_score_binary,pull_request_opened,github_outcomes,TRUE,split_full_avg,low,observed,-13,0.311291353139644,0.741202642318562,-1.14146582580474,1.76404853208403
exact2,pc_score_binary,pull_request_opened,github_outcomes,TRUE,split_full_avg,low,observed,-12,0.0161146382224134,0.540374776028248,-1.04301992279295,1.07524919923778
exact2,pc_score_binary,pull_request_opened,github_outcomes,TRUE,split_full_avg,low,observed,-11,-0.15875136779756,0.541648881836098,-1.22038317619631,0.902880440601191
exact2,pc_score_binary,pull_request_opened,github_outcomes,TRUE,split_full_avg,low,observed,-10,-0.012245545274687,0.528743786689183,-1.04858336718549,1.02409227663611
exact2,pc_score_binary,pull_request_opened,github_outcomes,TRUE,split_full_avg,low,observed,-9,0.016282861185496,0.699334390316004,-1.35441254383387,1.38697826620486
exact2,pc_score_binary,pull_request_opened,github_outcomes,TRUE,split_full_avg,low,observed,-8,0.27794032550283,0.716387193675217,-1.12617857410059,1.68205922510626
exact2,pc_score_binary,pull_request_opened,github_outcomes,TRUE,split_full_avg,low,observed,-7,0.388184209333364,0.70315703983692,-0.990003588746999,1.76637200741373
exact2,pc_score_binary,pull_request_opened,github_outcomes,TRUE,split_full_avg,low,observed,-6,0.293998081495613,0.625386996767916,-0.931760432169503,1.51975659516073
exact2,pc_score_binary,pull_request_opened,github_outcomes,TRUE,split_full_avg,low,observed,-5,0.125291158675602,0.446790912358465,-0.75041902954699,1.00100134689819
exact2,pc_score_binary,pull_request_opened,github_outcomes,TRUE,split_full_avg,low,observed,-4,0.193840459590109,0.322696701646684,-0.438645075637391,0.826325994817609
exact2,pc_score_binary,pull_request_opened,github_outcomes,TRUE,split_full_avg,low,observed,-3,0.0292032769431168,0.242068859157986,-0.445251687006536,0.50365824089277
exact2,pc_score_binary,pull_request_opened,github_outcomes,TRUE,split_full_avg,low,observed,-2,0.276183284897058,0.19199761318252,-0.100132036940681,0.652498606734796
exact2,pc_score_binary,pull_request_opened,github_outcomes,TRUE,split_full_avg,low,observed,-1,0,0,0,0
exact2,pc_score_binary,pull_request_opened,github_outcomes,TRUE,split_full_avg,low,observed,0,-0.822443572770466,0.35293081309507,-1.5141879664368,-0.13069917910413
exact2,pc_score_binary,pull_request_opened,github_outcomes,TRUE,split_full_avg,low,observed,1,-2.09423514829428,0.644295383724699,-3.35705410039469,-0.831416196193867
exact2,pc_score_binary,pull_request_opened,github_outcomes,TRUE,split_full_avg,low,observed,2,-2.7743123754461,0.957868856939186,-4.6517353350469,-0.896889415845292
exact2,pc_score_binary,pull_request_opened,github_outcomes,TRUE,split_full_avg,low,observed,3,-3.61055624544695,1.42323548206385,-6.40009779029211,-0.821014700601794
exact2,pc_score_binary,pull_request_opened,github_outcomes,TRUE,split_full_avg,low,observed,4,-4.29838066902807,2.11332784694059,-8.44050324903162,-0.156258089024518
exact2,pc_score_binary,pull_request_opened,github_outcomes,TRUE,split_full_avg,low,observed,5,-4.68324492821137,2.5032313636349,-9.58957840093577,0.223088544513026
exact2,pc_score_binary,pull_request_opened,github_outcomes,TRUE,split_full_avg,low,observed,6,-5.03820455778076,2.73305366355582,-10.3949897383502,0.318580622788646
exact2,pc_score_binary,pull_request_opened,github_outcomes,TRUE,split_full_avg,low,observed,7,-5.19135253578509,3.2677284472278,-11.5961002923516,1.2133952207814
exact2,pc_score_binary,pull_request_opened,github_outcomes,TRUE,split_full_avg,low,observed,8,-5.63580283530975,3.29148445590754,-12.0871123688885,0.815506698269029
exact2,pc_score_binary,pull_request_opened,github_outcomes,TRUE,split_full_avg,low,observed,9,-6.1931922505521,3.62016762924256,-13.2887208038675,0.902336302763322
exact2,pc_score_binary,pull_request_opened,github_outcomes,TRUE,split_full_avg,low,observed,10,-6.51377567302936,3.95124703597316,-14.2582198635368,1.23066851747803
exact2,pc_score_binary,pull_request_opened,github_outcomes,TRUE,split_full_avg,low,observed,11,-6.35919495102577,3.65252597437733,-13.5181458608053,0.799755958753787
exact2,pc_score_binary,pull_request_merged,github_outcomes,TRUE,split_full_avg,high,observed,-15,0.977750619864736,0.719608316495906,-0.432681680467239,2.38818292019671
exact2,pc_score_binary,pull_request_merged,github_outcomes,TRUE,split_full_avg,high,observed,-14,0.736591250149665,0.559371963867932,-0.359777799031482,1.83296029933081
exact2,pc_score_binary,pull_request_merged,github_outcomes,TRUE,split_full_avg,high,observed,-13,1.13889454726218,0.568844084626991,0.0239601413932806,2.25382895313109
exact2,pc_score_binary,pull_request_merged,github_outcomes,TRUE,split_full_avg,high,observed,-12,0.862064298919278,0.449697541270253,-0.0193428819704176,1.74347147980897
exact2,pc_score_binary,pull_request_merged,github_outcomes,TRUE,split_full_avg,high,observed,-11,1.17060481386534,0.469354675734228,0.250669649426257,2.09053997830443
exact2,pc_score_binary,pull_request_merged,github_outcomes,TRUE,split_full_avg,high,observed,-10,1.89302545463372,1.07494296712115,-0.213862760923742,3.99991367019118
exact2,pc_score_binary,pull_request_merged,github_outcomes,TRUE,split_full_avg,high,observed,-9,1.93911861428996,0.925845241522294,0.124461940906266,3.75377528767366
exact2,pc_score_binary,pull_request_merged,github_outcomes,TRUE,split_full_avg,high,observed,-8,0.809462206238059,0.353684105118285,0.116241360206222,1.5026830522699
exact2,pc_score_binary,pull_request_merged,github_outcomes,TRUE,split_full_avg,high,observed,-7,0.278649348913598,0.219135255655507,-0.150855752171196,0.708154449998391
exact2,pc_score_binary,pull_request_merged,github_outcomes,TRUE,split_full_avg,high,observed,-6,0.339896820852325,0.192160631481462,-0.0367380168513409,0.71653165855599
exact2,pc_score_binary,pull_request_merged,github_outcomes,TRUE,split_full_avg,high,observed,-5,0.287841738390378,0.145647018031805,0.00237358304803881,0.573309893732716
exact2,pc_score_binary,pull_request_merged,github_outcomes,TRUE,split_full_avg,high,observed,-4,0.290782598655997,0.128592810281472,0.0387406905043119,0.542824506807682
exact2,pc_score_binary,pull_request_merged,github_outcomes,TRUE,split_full_avg,high,observed,-3,0.231127603910718,0.116501015672357,0.00278561319289788,0.459469594628538
exact2,pc_score_binary,pull_request_merged,github_outcomes,TRUE,split_full_avg,high,observed,-2,0.505600174527978,0.0918741157353296,0.325526907686732,0.685673441369224
exact2,pc_score_binary,pull_request_merged,github_outcomes,TRUE,split_full_avg,high,observed,-1,0,0,0,0
exact2,pc_score_binary,pull_request_merged,github_outcomes,TRUE,split_full_avg,high,observed,0,0.880174905156458,0.226464215158944,0.436305043444928,1.32404476686799
exact2,pc_score_binary,pull_request_merged,github_outcomes,TRUE,split_full_avg,high,observed,1,0.618387193302029,0.171663844687554,0.281926057714423,0.954848328889636
exact2,pc_score_binary,pull_request_merged,github_outcomes,TRUE,split_full_avg,high,observed,2,0.852246826353792,0.195816727980568,0.468446039511879,1.23604761319571
exact2,pc_score_binary,pull_request_merged,github_outcomes,TRUE,split_full_avg,high,observed,3,1.30802433492447,0.339825275439697,0.641966795062659,1.97408187478627
exact2,pc_score_binary,pull_request_merged,github_outcomes,TRUE,split_full_avg,high,observed,4,1.38116664242168,0.359896219653556,0.675770051900708,2.08656323294265
exact2,pc_score_binary,pull_request_merged,github_outcomes,TRUE,split_full_avg,high,observed,5,1.7025082610308,0.471445173167744,0.778475721622019,2.62654080043958
exact2,pc_score_binary,pull_request_merged,github_outcomes,TRUE,split_full_avg,high,observed,6,1.61649327501275,0.515512407694681,0.606088955931174,2.62689759409432
exact2,pc_score_binary,pull_request_merged,github_outcomes,TRUE,split_full_avg,high,observed,7,0.956687082801246,0.266828597666804,0.433703031374311,1.47967113422818
exact2,pc_score_binary,pull_request_merged,github_outcomes,TRUE,split_full_avg,high,observed,8,1.24682986876938,0.397952520149618,0.466842929276124,2.02681680826263
exact2,pc_score_binary,pull_request_merged,github_outcomes,TRUE,split_full_avg,high,observed,9,0.758513689530014,0.390382846042904,-0.00663668871407808,1.52366406777411
exact2,pc_score_binary,pull_request_merged,github_outcomes,TRUE,split_full_avg,high,observed,10,0.447441230476948,0.316731371205977,-0.173352257086768,1.06823471804066
exact2,pc_score_binary,pull_request_merged,github_outcomes,TRUE,split_full_avg,high,observed,11,0.647803149254037,0.713926200033886,-0.75149220281238,2.04709850132045
exact2,pc_score_binary,pull_request_merged,github_outcomes,TRUE,split_full_avg,low,observed,-15,0.726347769157581,0.652255464525434,-0.55207294131227,2.00476847962743
exact2,pc_score_binary,pull_request_merged,github_outcomes,TRUE,split_full_avg,low,observed,-14,0.132673300272688,0.77468909648316,-1.3857173288343,1.65106392937968
exact2,pc_score_binary,pull_request_merged,github_outcomes,TRUE,split_full_avg,low,observed,-13,0.266959444302293,0.693158383578749,-1.09163098751205,1.62554987611664
exact2,pc_score_binary,pull_request_merged,github_outcomes,TRUE,split_full_avg,low,observed,-12,0.0807016163502787,0.482937034078708,-0.865854970443989,1.02725820314455
exact2,pc_score_binary,pull_request_merged,github_outcomes,TRUE,split_full_avg,low,observed,-11,-0.314953661218508,0.507090232153143,-1.30885051623867,0.678943193801652
exact2,pc_score_binary,pull_request_merged,github_outcomes,TRUE,split_full_avg,low,observed,-10,-0.196400885829925,0.487683396330898,-1.15226034263848,0.759458570978634
exact2,pc_score_binary,pull_request_merged,github_outcomes,TRUE,split_full_avg,low,observed,-9,-0.316620311285742,0.56286866596972,-1.41984289658639,0.786602274014908
exact2,pc_score_binary,pull_request_merged,github_outcomes,TRUE,split_full_avg,low,observed,-8,-0.00412077883086159,0.579922803234179,-1.14076947316985,1.13252791550813
exact2,pc_score_binary,pull_request_merged,github_outcomes,TRUE,split_full_avg,low,observed,-7,0.114574942636997,0.542885263664437,-0.9494801741453,1.17863005941929
exact2,pc_score_binary,pull_request_merged,github_outcomes,TRUE,split_full_avg,low,observed,-6,0.0326563023233438,0.473852114765472,-0.89609384261698,0.961406447263668
exact2,pc_score_binary,pull_request_merged,github_outcomes,TRUE,split_full_avg,low,observed,-5,0.0448855265807276,0.346176948478734,-0.63362129243759,0.723392345599046
exact2,pc_score_binary,pull_request_merged,github_outcomes,TRUE,split_full_avg,low,observed,-4,0.0443338487333922,0.246901442950092,-0.439592979448789,0.528260676915573
exact2,pc_score_binary,pull_request_merged,github_outcomes,TRUE,split_full_avg,low,observed,-3,-0.00766039122220827,0.198229785348954,-0.396190770506158,0.380869988061741
exact2,pc_score_binary,pull_request_merged,github_outcomes,TRUE,split_full_avg,low,observed,-2,0.26297131829372,0.173663907860779,-0.0774099411134072,0.603352577700847
exact2,pc_score_binary,pull_request_merged,github_outcomes,TRUE,split_full_avg,low,observed,-1,0,0,0,0
exact2,pc_score_binary,pull_request_merged,github_outcomes,TRUE,split_full_avg,low,observed,0,-0.772512642801881,0.262125472739581,-1.28627856937146,-0.258746716232302
exact2,pc_score_binary,pull_request_merged,github_outcomes,TRUE,split_full_avg,low,observed,1,-1.91835854648728,0.512086067110506,-2.92204723802387,-0.914669854950692
exact2,pc_score_binary,pull_request_merged,github_outcomes,TRUE,split_full_avg,low,observed,2,-2.50037489374884,0.777740127145626,-4.02474554295427,-0.976004244543412
exact2,pc_score_binary,pull_request_merged,github_outcomes,TRUE,split_full_avg,low,observed,3,-3.30330117414503,1.06645485788147,-5.39355269559271,-1.21304965269735
exact2,pc_score_binary,pull_request_merged,github_outcomes,TRUE,split_full_avg,low,observed,4,-3.89056182903629,1.65053966262532,-7.12561956778192,-0.655504090290667
exact2,pc_score_binary,pull_request_merged,github_outcomes,TRUE,split_full_avg,low,observed,5,-4.30578353486548,1.93189892514052,-8.09230542814089,-0.519261641590071
exact2,pc_score_binary,pull_request_merged,github_outcomes,TRUE,split_full_avg,low,observed,6,-4.65277694669551,2.06464050440556,-8.6994723353304,-0.606081558060615
exact2,pc_score_binary,pull_request_merged,github_outcomes,TRUE,split_full_avg,low,observed,7,-4.90410557419048,2.54661338154087,-9.89546780201059,0.0872566536296224
exact2,pc_score_binary,pull_request_merged,github_outcomes,TRUE,split_full_avg,low,observed,8,-5.12217049480289,2.50735726171907,-10.0365907277723,-0.207750261833509
exact2,pc_score_binary,pull_request_merged,github_outcomes,TRUE,split_full_avg,low,observed,9,-5.51140810318254,2.79726758616305,-10.9940525720621,-0.0287636343029565
exact2,pc_score_binary,pull_request_merged,github_outcomes,TRUE,split_full_avg,low,observed,10,-5.98156717162324,3.06064975869105,-11.9804406986577,0.0173063554112263
exact2,pc_score_binary,pull_request_merged,github_outcomes,TRUE,split_full_avg,low,observed,11,-5.33229895531756,2.81306301439467,-10.8459024635311,0.181304552895987
exact2,pc_score_binary,overall_new_release_count,downstream_outcomes,TRUE,split_full_avg,high,observed,-15,1.1676663857446,0.394513707091735,0.394419519844795,1.9409132516444
exact2,pc_score_binary,overall_new_release_count,downstream_outcomes,TRUE,split_full_avg,high,observed,-14,1.02384350530714,0.331726589280453,0.373659390317452,1.67402762029683
exact2,pc_score_binary,overall_new_release_count,downstream_outcomes,TRUE,split_full_avg,high,observed,-13,0.943241271301708,0.302520603716489,0.35030088801739,1.53618165458603
exact2,pc_score_binary,overall_new_release_count,downstream_outcomes,TRUE,split_full_avg,high,observed,-12,0.916230702854239,0.266121206744703,0.394633137634622,1.43782826807386
exact2,pc_score_binary,overall_new_release_count,downstream_outcomes,TRUE,split_full_avg,high,observed,-11,0.698596260696288,0.242870677813681,0.222569732181473,1.1746227892111
exact2,pc_score_binary,overall_new_release_count,downstream_outcomes,TRUE,split_full_avg,high,observed,-10,0.633696378324673,0.232486227222676,0.178023372968227,1.08936938368112
exact2,pc_score_binary,overall_new_release_count,downstream_outcomes,TRUE,split_full_avg,high,observed,-9,0.475847598296332,0.218712318891022,0.0471714532699288,0.904523743322735
exact2,pc_score_binary,overall_new_release_count,downstream_outcomes,TRUE,split_full_avg,high,observed,-8,0.479171893583881,0.198049322636343,0.090995221216649,0.867348565951113
exact2,pc_score_binary,overall_new_release_count,downstream_outcomes,TRUE,split_full_avg,high,observed,-7,0.346148588393348,0.168029611747538,0.016810549368174,0.675486627418523
exact2,pc_score_binary,overall_new_release_count,downstream_outcomes,TRUE,split_full_avg,high,observed,-6,0.220078113937587,0.173696418505588,-0.120366866333366,0.56052309420854
exact2,pc_score_binary,overall_new_release_count,downstream_outcomes,TRUE,split_full_avg,high,observed,-5,0.286077403113195,0.154648322760912,-0.0170333094981918,0.589188115724582
exact2,pc_score_binary,overall_new_release_count,downstream_outcomes,TRUE,split_full_avg,high,observed,-4,0.332030334208793,0.149113560180229,0.0397677562555441,0.624292912162041
exact2,pc_score_binary,overall_new_release_count,downstream_outcomes,TRUE,split_full_avg,high,observed,-3,0.273688002907524,0.132967346419941,0.0130720039244398,0.534304001890608
exact2,pc_score_binary,overall_new_release_count,downstream_outcomes,TRUE,split_full_avg,high,observed,-2,0.267657590189667,0.115605327161768,0.0410711489526025,0.494244031426732
exact2,pc_score_binary,overall_new_release_count,downstream_outcomes,TRUE,split_full_avg,high,observed,-1,0,0,0,0
exact2,pc_score_binary,overall_new_release_count,downstream_outcomes,TRUE,split_full_avg,high,observed,0,0.263971476666058,0.155143136367159,-0.0401090706135741,0.56805202394569
exact2,pc_score_binary,overall_new_release_count,downstream_outcomes,TRUE,split_full_avg,high,observed,1,-0.0541383616670409,0.175728534486533,-0.398566289260645,0.290289565926563
exact2,pc_score_binary,overall_new_release_count,downstream_outcomes,TRUE,split_full_avg,high,observed,2,-0.043258389588911,0.183237610624524,-0.402404106412978,0.315887327235156
exact2,pc_score_binary,overall_new_release_count,downstream_outcomes,TRUE,split_full_avg,high,observed,3,-0.162650498252409,0.206935728540269,-0.568244526191337,0.24294352968652
exact2,pc_score_binary,overall_new_release_count,downstream_outcomes,TRUE,split_full_avg,high,observed,4,-0.0407978775978084,0.220807864705384,-0.473581292420362,0.391985537224745
exact2,pc_score_binary,overall_new_release_count,downstream_outcomes,TRUE,split_full_avg,high,observed,5,0.132203284261692,0.263127946361554,-0.383527490606953,0.647934059130338
exact2,pc_score_binary,overall_new_release_count,downstream_outcomes,TRUE,split_full_avg,high,observed,6,-0.379874444848461,0.228198469600636,-0.827143445265707,0.0673945555687843
exact2,pc_score_binary,overall_new_release_count,downstream_outcomes,TRUE,split_full_avg,high,observed,7,-0.22767245758399,0.271149756552703,-0.759125980427287,0.303781065259307
exact2,pc_score_binary,overall_new_release_count,downstream_outcomes,TRUE,split_full_avg,high,observed,8,-0.541118452732805,0.263211798094337,-1.05701357699771,-0.0252233284679043
exact2,pc_score_binary,overall_new_release_count,downstream_outcomes,TRUE,split_full_avg,high,observed,9,-0.898400166631684,0.291030185559498,-1.4688193303283,-0.327981002935068
exact2,pc_score_binary,overall_new_release_count,downstream_outcomes,TRUE,split_full_avg,high,observed,10,-0.534017541481679,0.445448177625124,-1.40709596962692,0.339060886663563
exact2,pc_score_binary,overall_new_release_count,downstream_outcomes,TRUE,split_full_avg,high,observed,11,-1.41353379761488,0.413272750581275,-2.22354838875418,-0.603519206475578
exact2,pc_score_binary,overall_new_release_count,downstream_outcomes,TRUE,split_full_avg,low,observed,-15,1.02975091956557,0.288339082830065,0.464606317218642,1.5948955219125
exact2,pc_score_binary,overall_new_release_count,downstream_outcomes,TRUE,split_full_avg,low,observed,-14,0.822581828043326,0.264065759697109,0.305012939036992,1.34015071704966
exact2,pc_score_binary,overall_new_release_count,downstream_outcomes,TRUE,split_full_avg,low,observed,-13,0.656344833347952,0.292369111931194,0.0833013739628111,1.22938829273309
exact2,pc_score_binary,overall_new_release_count,downstream_outcomes,TRUE,split_full_avg,low,observed,-12,0.588982649520611,0.333904654237059,-0.0654704727840234,1.24343577182525
exact2,pc_score_binary,overall_new_release_count,downstream_outcomes,TRUE,split_full_avg,low,observed,-11,0.462277206039997,0.294052549866952,-0.114065791699229,1.03862020377922
exact2,pc_score_binary,overall_new_release_count,downstream_outcomes,TRUE,split_full_avg,low,observed,-10,0.491702049822212,0.267161478640232,-0.0319344483126427,1.01533854795707
exact2,pc_score_binary,overall_new_release_count,downstream_outcomes,TRUE,split_full_avg,low,observed,-9,0.432780848855513,0.245711294388611,-0.0488132881461648,0.914374985857191
exact2,pc_score_binary,overall_new_release_count,downstream_outcomes,TRUE,split_full_avg,low,observed,-8,0.352194978746101,0.236491463982642,-0.111328290659878,0.81571824815208
exact2,pc_score_binary,overall_new_release_count,downstream_outcomes,TRUE,split_full_avg,low,observed,-7,0.273143220812669,0.232962858208625,-0.183463981276237,0.729750422901575
exact2,pc_score_binary,overall_new_release_count,downstream_outcomes,TRUE,split_full_avg,low,observed,-6,0.392548735822131,0.226902315836297,-0.0521798032170121,0.837277274861274
exact2,pc_score_binary,overall_new_release_count,downstream_outcomes,TRUE,split_full_avg,low,observed,-5,0.147494281298718,0.181915199029214,-0.209059508798542,0.504048071395977
exact2,pc_score_binary,overall_new_release_count,downstream_outcomes,TRUE,split_full_avg,low,observed,-4,0.0418933962365497,0.133955839676069,-0.220660049528545,0.304446842001645
exact2,pc_score_binary,overall_new_release_count,downstream_outcomes,TRUE,split_full_avg,low,observed,-3,-0.1380021083058,0.1184079082942,-0.370081608562432,0.0940773919508322
exact2,pc_score_binary,overall_new_release_count,downstream_outcomes,TRUE,split_full_avg,low,observed,-2,0.0633649009822947,0.110360979754669,-0.152942619336857,0.279672421301446
exact2,pc_score_binary,overall_new_release_count,downstream_outcomes,TRUE,split_full_avg,low,observed,-1,0,0,0,0
exact2,pc_score_binary,overall_new_release_count,downstream_outcomes,TRUE,split_full_avg,low,observed,0,0.013579103081087,0.139380132081933,-0.259605955799501,0.286764161961675
exact2,pc_score_binary,overall_new_release_count,downstream_outcomes,TRUE,split_full_avg,low,observed,1,-0.693912235042137,0.146139738340448,-0.980346122189415,-0.407478347894859
exact2,pc_score_binary,overall_new_release_count,downstream_outcomes,TRUE,split_full_avg,low,observed,2,-0.630896597813126,0.218346490497993,-1.05885571918919,-0.20293747643706
exact2,pc_score_binary,overall_new_release_count,downstream_outcomes,TRUE,split_full_avg,low,observed,3,-0.840259404509285,0.23965621914846,-1.30998559404027,-0.370533214978303
exact2,pc_score_binary,overall_new_release_count,downstream_outcomes,TRUE,split_full_avg,low,observed,4,-1.13880065353215,0.339377468328934,-1.80398049145686,-0.473620815607444
exact2,pc_score_binary,overall_new_release_count,downstream_outcomes,TRUE,split_full_avg,low,observed,5,-1.17347766819701,0.359605337553955,-1.87830412980276,-0.468651206591258
exact2,pc_score_binary,overall_new_release_count,downstream_outcomes,TRUE,split_full_avg,low,observed,6,-1.18321189814292,0.392676128968338,-1.95285711092086,-0.413566685364973
exact2,pc_score_binary,overall_new_release_count,downstream_outcomes,TRUE,split_full_avg,low,observed,7,-1.11436773544801,0.525014563422766,-2.14339627975663,-0.0853391911393855
exact2,pc_score_binary,overall_new_release_count,downstream_outcomes,TRUE,split_full_avg,low,observed,8,-1.17745672058182,0.454386459723435,-2.06805418163976,-0.286859259523892
exact2,pc_score_binary,overall_new_release_count,downstream_outcomes,TRUE,split_full_avg,low,observed,9,-1.33017683135087,0.497191633535549,-2.30467243308055,-0.355681229621193
exact2,pc_score_binary,overall_new_release_count,downstream_outcomes,TRUE,split_full_avg,low,observed,10,-0.581529809554081,1.00451662056527,-2.55038238586201,1.38732276675385
exact2,pc_score_binary,overall_new_release_count,downstream_outcomes,TRUE,split_full_avg,low,observed,11,-2.15774971535386,0.33243391794569,-2.80932019452741,-1.5061792361803
exact2,pc_score_binary,pull_request_opened,github_outcomes,TRUE,split_period1,high,observed,-15,0.160322017353331,0.819443084888719,-1.44578642902856,1.76643046373522
exact2,pc_score_binary,pull_request_opened,github_outcomes,TRUE,split_period1,high,observed,-14,0.597463695400167,0.722694790844104,-0.819018094654278,2.01394548545461
exact2,pc_score_binary,pull_request_opened,github_outcomes,TRUE,split_period1,high,observed,-13,1.36264065898331,0.684464479779785,0.0210902786149296,2.70419103935169
exact2,pc_score_binary,pull_request_opened,github_outcomes,TRUE,split_period1,high,observed,-12,1.57295872231874,0.722275338782048,0.15729905830592,2.98861838633155
exact2,pc_score_binary,pull_request_opened,github_outcomes,TRUE,split_period1,high,observed,-11,1.23651614515873,0.479128980529538,0.297423343320832,2.17560894699662
exact2,pc_score_binary,pull_request_opened,github_outcomes,TRUE,split_period1,high,observed,-10,1.61016485822062,0.659519808982161,0.317506032615581,2.90282368382565
exact2,pc_score_binary,pull_request_opened,github_outcomes,TRUE,split_period1,high,observed,-9,1.35676138831566,0.559388817806601,0.260359305414724,2.4531634712166
exact2,pc_score_binary,pull_request_opened,github_outcomes,TRUE,split_period1,high,observed,-8,0.857367943757044,0.388311080936831,0.0962782251208556,1.61845766239323
exact2,pc_score_binary,pull_request_opened,github_outcomes,TRUE,split_period1,high,observed,-7,0.612184536822566,0.266286067140129,0.0902638452279136,1.13410522841722
exact2,pc_score_binary,pull_request_opened,github_outcomes,TRUE,split_period1,high,observed,-6,0.435415294083815,0.225130192739991,-0.00583988368656752,0.876670471854197
exact2,pc_score_binary,pull_request_opened,github_outcomes,TRUE,split_period1,high,observed,-5,0.277841100690759,0.167270453455325,-0.0500089880816776,0.605691189463196
exact2,pc_score_binary,pull_request_opened,github_outcomes,TRUE,split_period1,high,observed,-4,0.313675007571618,0.15222718145567,0.0153097319185046,0.612040283224731
exact2,pc_score_binary,pull_request_opened,github_outcomes,TRUE,split_period1,high,observed,-3,0.196171364612169,0.125134534008777,-0.0490923220450339,0.441435051269372
exact2,pc_score_binary,pull_request_opened,github_outcomes,TRUE,split_period1,high,observed,-2,0.506885780060525,0.100625245818994,0.309660298255297,0.704111261865753
exact2,pc_score_binary,pull_request_opened,github_outcomes,TRUE,split_period1,high,observed,-1,0,0,0,0
exact2,pc_score_binary,pull_request_opened,github_outcomes,TRUE,split_period1,high,observed,0,0.700529969291848,0.207823596523539,0.293195720105711,1.10786421847798
exact2,pc_score_binary,pull_request_opened,github_outcomes,TRUE,split_period1,high,observed,1,0.690717894896855,0.228702367376369,0.242461254839171,1.13897453495454
exact2,pc_score_binary,pull_request_opened,github_outcomes,TRUE,split_period1,high,observed,2,0.461536286026905,0.23552592308177,-9.45232133643392e-05,0.923167095267174
exact2,pc_score_binary,pull_request_opened,github_outcomes,TRUE,split_period1,high,observed,3,0.622640795717682,0.383842522361489,-0.129690548110837,1.3749721395462
exact2,pc_score_binary,pull_request_opened,github_outcomes,TRUE,split_period1,high,observed,4,0.472494988608799,0.454087399701444,-0.417516314806032,1.36250629202363
exact2,pc_score_binary,pull_request_opened,github_outcomes,TRUE,split_period1,high,observed,5,0.888535136989894,0.489795687792825,-0.0714644110840433,1.84853468506383
exact2,pc_score_binary,pull_request_opened,github_outcomes,TRUE,split_period1,high,observed,6,0.732507615631132,0.597448063040066,-0.438490587927398,1.90350581918966
exact2,pc_score_binary,pull_request_opened,github_outcomes,TRUE,split_period1,high,observed,7,0.185099556570157,0.406662294849897,-0.611958541335641,0.982157654475956
exact2,pc_score_binary,pull_request_opened,github_outcomes,TRUE,split_period1,high,observed,8,0.236643540914961,0.485422852951275,-0.714785250869539,1.18807233269946
exact2,pc_score_binary,pull_request_opened,github_outcomes,TRUE,split_period1,high,observed,9,-0.102120042236427,0.425965192462406,-0.937011819462743,0.732771734989889
exact2,pc_score_binary,pull_request_opened,github_outcomes,TRUE,split_period1,high,observed,10,-0.438352408262981,0.399434549260808,-1.22124412481416,0.344539308288203
exact2,pc_score_binary,pull_request_opened,github_outcomes,TRUE,split_period1,high,observed,11,0.0422441732265249,0.601111812134654,-1.1359349785574,1.22042332501045
exact2,pc_score_binary,pull_request_opened,github_outcomes,TRUE,split_period1,low,observed,-15,1.57187244004296,1.42308281323503,-1.21736987389769,4.36111475398361
exact2,pc_score_binary,pull_request_opened,github_outcomes,TRUE,split_period1,low,observed,-14,-0.186354928876265,0.895368345555839,-1.94127688616571,1.56856702841318
exact2,pc_score_binary,pull_request_opened,github_outcomes,TRUE,split_period1,low,observed,-13,0.0860370744093476,0.702478123707929,-1.29082004805819,1.46289419687689
exact2,pc_score_binary,pull_request_opened,github_outcomes,TRUE,split_period1,low,observed,-12,-0.209186027267879,0.490273362613221,-1.17012181798979,0.751749763454033
exact2,pc_score_binary,pull_request_opened,github_outcomes,TRUE,split_period1,low,observed,-11,-0.333819869369351,0.532615944756425,-1.37774712109194,0.710107382353241
exact2,pc_score_binary,pull_request_opened,github_outcomes,TRUE,split_period1,low,observed,-10,-0.193990536232627,0.51632512556478,-1.2059877823396,0.818006709874341
exact2,pc_score_binary,pull_request_opened,github_outcomes,TRUE,split_period1,low,observed,-9,-0.00350117455370536,0.680302711532633,-1.33689448915767,1.32989214005025
exact2,pc_score_binary,pull_request_opened,github_outcomes,TRUE,split_period1,low,observed,-8,0.360443776477906,0.672796367858374,-0.958237104524507,1.67912465748032
exact2,pc_score_binary,pull_request_opened,github_outcomes,TRUE,split_period1,low,observed,-7,0.196421241437849,0.669982886024686,-1.11674521517054,1.50958769804623
exact2,pc_score_binary,pull_request_opened,github_outcomes,TRUE,split_period1,low,observed,-6,0.128670587447155,0.568584486026443,-0.985755005164674,1.24309618005898
exact2,pc_score_binary,pull_request_opened,github_outcomes,TRUE,split_period1,low,observed,-5,0.0657546175326529,0.402271102158574,-0.722696742698153,0.854205977763459
exact2,pc_score_binary,pull_request_opened,github_outcomes,TRUE,split_period1,low,observed,-4,0.0269308817383573,0.281812748482247,-0.525422105286847,0.579283868763561
exact2,pc_score_binary,pull_request_opened,github_outcomes,TRUE,split_period1,low,observed,-3,-0.0550378689149295,0.211119777375725,-0.46883263257135,0.358756894741491
exact2,pc_score_binary,pull_request_opened,github_outcomes,TRUE,split_period1,low,observed,-2,0.166017062181019,0.180883125803408,-0.188513864393661,0.520547988755698
exact2,pc_score_binary,pull_request_opened,github_outcomes,TRUE,split_period1,low,observed,-1,0,0,0,0
exact2,pc_score_binary,pull_request_opened,github_outcomes,TRUE,split_period1,low,observed,0,-0.881437399749922,0.339026854370806,-1.5459300343167,-0.216944765183143
exact2,pc_score_binary,pull_request_opened,github_outcomes,TRUE,split_period1,low,observed,1,-2.02123827716988,0.628776347618258,-3.25363991850167,-0.788836635838094
exact2,pc_score_binary,pull_request_opened,github_outcomes,TRUE,split_period1,low,observed,2,-2.13661750221501,0.908773686508106,-3.9178139277709,-0.355421076659123
exact2,pc_score_binary,pull_request_opened,github_outcomes,TRUE,split_period1,low,observed,3,-2.62510395721618,1.30192437742873,-5.17687573697649,-0.0733321774558715
exact2,pc_score_binary,pull_request_opened,github_outcomes,TRUE,split_period1,low,observed,4,-3.1580354511713,1.95298281575043,-6.98588177004214,0.669810867699535
exact2,pc_score_binary,pull_request_opened,github_outcomes,TRUE,split_period1,low,observed,5,-3.57184410409761,2.36422257902369,-8.20572035898405,1.06203215078883
exact2,pc_score_binary,pull_request_opened,github_outcomes,TRUE,split_period1,low,observed,6,-3.86058555543859,2.54035705912946,-8.83968539133233,1.11851428045515
exact2,pc_score_binary,pull_request_opened,github_outcomes,TRUE,split_period1,low,observed,7,-4.03381546967183,2.91458548611313,-9.74640302245356,1.6787720831099
exact2,pc_score_binary,pull_request_opened,github_outcomes,TRUE,split_period1,low,observed,8,-4.40721115833553,2.98102941794827,-10.2500288175141,1.43560650084309
exact2,pc_score_binary,pull_request_opened,github_outcomes,TRUE,split_period1,low,observed,9,-5.20561189916359,3.44123484226646,-11.9504321900059,1.53920839167867
exact2,pc_score_binary,pull_request_opened,github_outcomes,TRUE,split_period1,low,observed,10,-5.28078703729564,3.55053602659719,-12.2398376494261,1.67826357483485
exact2,pc_score_binary,pull_request_opened,github_outcomes,TRUE,split_period1,low,observed,11,-5.62209585521172,3.34902384337396,-12.1861825882247,0.941990877801249
exact2,pc_score_binary,pull_request_merged,github_outcomes,TRUE,split_period1,high,observed,-15,0.56005257662104,0.776851243936235,-0.962575861493981,2.08268101473606
exact2,pc_score_binary,pull_request_merged,github_outcomes,TRUE,split_period1,high,observed,-14,0.757255213943747,0.641565059323652,-0.500212302330611,2.0147227302181
exact2,pc_score_binary,pull_request_merged,github_outcomes,TRUE,split_period1,high,observed,-13,0.978021409397269,0.539006035817651,-0.0784304208053275,2.03447323959987
exact2,pc_score_binary,pull_request_merged,github_outcomes,TRUE,split_period1,high,observed,-12,0.970705453771468,0.488247651558564,0.013740056716682,1.92767085082625
exact2,pc_score_binary,pull_request_merged,github_outcomes,TRUE,split_period1,high,observed,-11,1.15200342000518,0.491536181559042,0.188592504149455,2.1154143358609
exact2,pc_score_binary,pull_request_merged,github_outcomes,TRUE,split_period1,high,observed,-10,1.85295495770958,1.06374219181409,-0.231979738246043,3.9378896536652
exact2,pc_score_binary,pull_request_merged,github_outcomes,TRUE,split_period1,high,observed,-9,1.62043135962599,0.865105695568954,-0.0751758036891572,3.31603852294114
exact2,pc_score_binary,pull_request_merged,github_outcomes,TRUE,split_period1,high,observed,-8,0.57726146414859,0.358269459145235,-0.12494667577607,1.27946960407325
exact2,pc_score_binary,pull_request_merged,github_outcomes,TRUE,split_period1,high,observed,-7,0.370788407362441,0.250998647264738,-0.121168941276445,0.862745756001328
exact2,pc_score_binary,pull_request_merged,github_outcomes,TRUE,split_period1,high,observed,-6,0.280611830044175,0.216198916930055,-0.143138047138733,0.704361707227084
exact2,pc_score_binary,pull_request_merged,github_outcomes,TRUE,split_period1,high,observed,-5,0.223375275631679,0.171897213221837,-0.113543262283121,0.560293813546478
exact2,pc_score_binary,pull_request_merged,github_outcomes,TRUE,split_period1,high,observed,-4,0.273603842236589,0.144413340541554,-0.00944630522485629,0.556653989698034
exact2,pc_score_binary,pull_request_merged,github_outcomes,TRUE,split_period1,high,observed,-3,0.173454603499058,0.120693168900315,-0.0631040075455592,0.410013214543675
exact2,pc_score_binary,pull_request_merged,github_outcomes,TRUE,split_period1,high,observed,-2,0.52433269658614,0.0987180473348981,0.33084532380974,0.71782006936254
exact2,pc_score_binary,pull_request_merged,github_outcomes,TRUE,split_period1,high,observed,-1,0,0,0,0
exact2,pc_score_binary,pull_request_merged,github_outcomes,TRUE,split_period1,high,observed,0,0.843255759659589,0.21915582271476,0.413710347138658,1.27280117218052
exact2,pc_score_binary,pull_request_merged,github_outcomes,TRUE,split_period1,high,observed,1,0.631680818375103,0.168821254788987,0.300791158988688,0.962570477761518
exact2,pc_score_binary,pull_request_merged,github_outcomes,TRUE,split_period1,high,observed,2,0.350382831380482,0.197096622190623,-0.0359265481131384,0.736692210874103
exact2,pc_score_binary,pull_request_merged,github_outcomes,TRUE,split_period1,high,observed,3,0.44225891384206,0.328130879274768,-0.200877609536485,1.08539543722061
exact2,pc_score_binary,pull_request_merged,github_outcomes,TRUE,split_period1,high,observed,4,0.427022958624529,0.380810556617834,-0.319365732346426,1.17341164959548
exact2,pc_score_binary,pull_request_merged,github_outcomes,TRUE,split_period1,high,observed,5,0.665123889734639,0.517905220304398,-0.349970342061982,1.68021812153126
exact2,pc_score_binary,pull_request_merged,github_outcomes,TRUE,split_period1,high,observed,6,0.470107437749126,0.61646493105737,-0.738163827123318,1.67837870262157
exact2,pc_score_binary,pull_request_merged,github_outcomes,TRUE,split_period1,high,observed,7,0.0428767800884269,0.520527802704516,-0.977357713212425,1.06311127338928
exact2,pc_score_binary,pull_request_merged,github_outcomes,TRUE,split_period1,high,observed,8,0.197846603275523,0.604800718575411,-0.987562805132283,1.38325601168333
exact2,pc_score_binary,pull_request_merged,github_outcomes,TRUE,split_period1,high,observed,9,0.0117086442184861,0.786163051077806,-1.52917093589401,1.55258822433099
exact2,pc_score_binary,pull_request_merged,github_outcomes,TRUE,split_period1,high,observed,10,-0.469232610373215,0.622457862759025,-1.6892500213809,0.750784800634474
exact2,pc_score_binary,pull_request_merged,github_outcomes,TRUE,split_period1,high,observed,11,0.0655711191579042,0.906536932868379,-1.71124126926412,1.84238350757993
exact2,pc_score_binary,pull_request_merged,github_outcomes,TRUE,split_period1,low,observed,-15,0.830481365788727,0.585091851868001,-0.316298663872556,1.97726139545001
exact2,pc_score_binary,pull_request_merged,github_outcomes,TRUE,split_period1,low,observed,-14,-0.0673708838707754,0.70137475325849,-1.44206540025742,1.30732363251587
exact2,pc_score_binary,pull_request_merged,github_outcomes,TRUE,split_period1,low,observed,-13,0.159159302244659,0.664541153396334,-1.14334135841216,1.46165996290147
exact2,pc_score_binary,pull_request_merged,github_outcomes,TRUE,split_period1,low,observed,-12,-0.195177982916516,0.436233541657431,-1.05019572456508,0.659839758732049
exact2,pc_score_binary,pull_request_merged,github_outcomes,TRUE,split_period1,low,observed,-11,-0.470244120010077,0.482115950101496,-1.41519138220901,0.474703142188855
exact2,pc_score_binary,pull_request_merged,github_outcomes,TRUE,split_period1,low,observed,-10,-0.242789452532058,0.462294274492939,-1.14888623053822,0.663307325474102
exact2,pc_score_binary,pull_request_merged,github_outcomes,TRUE,split_period1,low,observed,-9,-0.219597365239071,0.537793818268098,-1.27367324904454,0.834478518566401
exact2,pc_score_binary,pull_request_merged,github_outcomes,TRUE,split_period1,low,observed,-8,0.128632461198556,0.53646322465191,-0.922835459119187,1.1801003815163
exact2,pc_score_binary,pull_request_merged,github_outcomes,TRUE,split_period1,low,observed,-7,0.0390220486696202,0.509914986856622,-0.960411325569359,1.0384554229086
exact2,pc_score_binary,pull_request_merged,github_outcomes,TRUE,split_period1,low,observed,-6,0.0059170904451297,0.430089444175079,-0.837058220138024,0.848892401028284
exact2,pc_score_binary,pull_request_merged,github_outcomes,TRUE,split_period1,low,observed,-5,0.0421651741126374,0.308674866212824,-0.562837563664497,0.647167911889772
exact2,pc_score_binary,pull_request_merged,github_outcomes,TRUE,split_period1,low,observed,-4,-0.0488826010075023,0.217606817062196,-0.475391962449407,0.377626760434403
exact2,pc_score_binary,pull_request_merged,github_outcomes,TRUE,split_period1,low,observed,-3,-0.07464263145732,0.175707619532184,-0.4190295657404,0.26974430282576
exact2,pc_score_binary,pull_request_merged,github_outcomes,TRUE,split_period1,low,observed,-2,0.13382058716214,0.163443989002004,-0.186529631281788,0.454170805606069
exact2,pc_score_binary,pull_request_merged,github_outcomes,TRUE,split_period1,low,observed,-1,0,0,0,0
exact2,pc_score_binary,pull_request_merged,github_outcomes,TRUE,split_period1,low,observed,0,-0.750167218567803,0.252440868006281,-1.24495131986011,-0.255383117275492
exact2,pc_score_binary,pull_request_merged,github_outcomes,TRUE,split_period1,low,observed,1,-1.93892344166104,0.497027168524399,-2.91309669196887,-0.96475019135322
exact2,pc_score_binary,pull_request_merged,github_outcomes,TRUE,split_period1,low,observed,2,-1.9364997313902,0.738760672017633,-3.38447064854476,-0.488528814235636
exact2,pc_score_binary,pull_request_merged,github_outcomes,TRUE,split_period1,low,observed,3,-2.28255116715188,0.97477426988375,-4.19310873612403,-0.371993598179728
exact2,pc_score_binary,pull_request_merged,github_outcomes,TRUE,split_period1,low,observed,4,-2.68634553724803,1.50523155031608,-5.63659937586754,0.263908301371487
exact2,pc_score_binary,pull_request_merged,github_outcomes,TRUE,split_period1,low,observed,5,-3.09518181109279,1.79770854766274,-6.61869056451175,0.428326942326173
exact2,pc_score_binary,pull_request_merged,github_outcomes,TRUE,split_period1,low,observed,6,-3.29523255315845,1.89448026928109,-7.00841388094939,0.417948774632478
exact2,pc_score_binary,pull_request_merged,github_outcomes,TRUE,split_period1,low,observed,7,-3.61349408466361,2.22973249032392,-7.9837697656985,0.756781596371284
exact2,pc_score_binary,pull_request_merged,github_outcomes,TRUE,split_period1,low,observed,8,-3.7918000620291,2.20822068444642,-8.11991260354408,0.536312479485872
exact2,pc_score_binary,pull_request_merged,github_outcomes,TRUE,split_period1,low,observed,9,-4.46885069971977,2.59714894089733,-9.55926262387854,0.621561224439007
exact2,pc_score_binary,pull_request_merged,github_outcomes,TRUE,split_period1,low,observed,10,-4.41094236815112,2.68703362155756,-9.67752826640394,0.855643530101707
exact2,pc_score_binary,pull_request_merged,github_outcomes,TRUE,split_period1,low,observed,11,-4.55421789653373,2.48623019443961,-9.42722907763536,0.318793284567896
exact2,pc_score_binary,overall_new_release_count,downstream_outcomes,TRUE,split_period1,high,observed,-15,0.782797083387157,0.311833658899241,0.171603111944645,1.39399105482967
exact2,pc_score_binary,overall_new_release_count,downstream_outcomes,TRUE,split_period1,high,observed,-14,0.694054001222028,0.261074595877244,0.182347793302629,1.20576020914143
exact2,pc_score_binary,overall_new_release_count,downstream_outcomes,TRUE,split_period1,high,observed,-13,0.641127738869598,0.235467546474776,0.179611347779036,1.10264412996016
exact2,pc_score_binary,overall_new_release_count,downstream_outcomes,TRUE,split_period1,high,observed,-12,0.627283201393422,0.17965028867742,0.275168635585678,0.979397767201166
exact2,pc_score_binary,overall_new_release_count,downstream_outcomes,TRUE,split_period1,high,observed,-11,0.394136258847611,0.164045250363517,0.0726075681351183,0.715664949560104
exact2,pc_score_binary,overall_new_release_count,downstream_outcomes,TRUE,split_period1,high,observed,-10,0.395896196560143,0.148294331660279,0.105239306505996,0.68655308661429
exact2,pc_score_binary,overall_new_release_count,downstream_outcomes,TRUE,split_period1,high,observed,-9,0.230200973048527,0.128639772049469,-0.0219329801684327,0.482334926265487
exact2,pc_score_binary,overall_new_release_count,downstream_outcomes,TRUE,split_period1,high,observed,-8,0.272980806092301,0.123168416653898,0.0315707094506619,0.514390902733941
exact2,pc_score_binary,overall_new_release_count,downstream_outcomes,TRUE,split_period1,high,observed,-7,0.250413561089776,0.130217580802792,-0.00481289728369594,0.505640019463248
exact2,pc_score_binary,overall_new_release_count,downstream_outcomes,TRUE,split_period1,high,observed,-6,0.252170681707353,0.15202083944506,-0.0457901636049646,0.55013152701967
exact2,pc_score_binary,overall_new_release_count,downstream_outcomes,TRUE,split_period1,high,observed,-5,0.275203300232855,0.153126569007483,-0.0249247750218121,0.575331375487522
exact2,pc_score_binary,overall_new_release_count,downstream_outcomes,TRUE,split_period1,high,observed,-4,0.331451861883405,0.15221700427865,0.0331065334972515,0.629797190269558
exact2,pc_score_binary,overall_new_release_count,downstream_outcomes,TRUE,split_period1,high,observed,-3,0.342627589731678,0.135367249995337,0.0773077797408173,0.607947399722539
exact2,pc_score_binary,overall_new_release_count,downstream_outcomes,TRUE,split_period1,high,observed,-2,0.291249600564189,0.11590719018766,0.0640715077963756,0.518427693332002
exact2,pc_score_binary,overall_new_release_count,downstream_outcomes,TRUE,split_period1,high,observed,-1,0,0,0,0
exact2,pc_score_binary,overall_new_release_count,downstream_outcomes,TRUE,split_period1,high,observed,0,0.430022587463576,0.162159114694818,0.112190722661732,0.747854452265421
exact2,pc_score_binary,overall_new_release_count,downstream_outcomes,TRUE,split_period1,high,observed,1,-0.0247565596146858,0.181001640752334,-0.379519775489261,0.330006656259889
exact2,pc_score_binary,overall_new_release_count,downstream_outcomes,TRUE,split_period1,high,observed,2,-0.215024811792344,0.196303763098343,-0.599780187465097,0.169730563880409
exact2,pc_score_binary,overall_new_release_count,downstream_outcomes,TRUE,split_period1,high,observed,3,-0.435600125388784,0.221283537169468,-0.869315858240941,-0.00188439253662659
exact2,pc_score_binary,overall_new_release_count,downstream_outcomes,TRUE,split_period1,high,observed,4,-0.480174600607874,0.293272359543484,-1.0549884253131,0.0946392240973545
exact2,pc_score_binary,overall_new_release_count,downstream_outcomes,TRUE,split_period1,high,observed,5,-0.311771874819013,0.330936507117279,-0.960407428768879,0.336863679130854
exact2,pc_score_binary,overall_new_release_count,downstream_outcomes,TRUE,split_period1,high,observed,6,-0.82872904185813,0.335321349066675,-1.48595888602881,-0.171499197687448
exact2,pc_score_binary,overall_new_release_count,downstream_outcomes,TRUE,split_period1,high,observed,7,-0.649288190059448,0.446691685767968,-1.52480389416467,0.22622751404577
exact2,pc_score_binary,overall_new_release_count,downstream_outcomes,TRUE,split_period1,high,observed,8,-0.76185943218607,0.410607689764034,-1.56665050412358,0.042931639751437
exact2,pc_score_binary,overall_new_release_count,downstream_outcomes,TRUE,split_period1,high,observed,9,-1.18449596588789,0.447582067268297,-2.06175681773375,-0.307235114042027
exact2,pc_score_binary,overall_new_release_count,downstream_outcomes,TRUE,split_period1,high,observed,10,-0.895498842474415,0.627845271794259,-2.12607557519116,0.335077890242333
exact2,pc_score_binary,overall_new_release_count,downstream_outcomes,TRUE,split_period1,high,observed,11,-1.63427657070231,0.447925270155186,-2.51221010020647,-0.756343041198144
exact2,pc_score_binary,overall_new_release_count,downstream_outcomes,TRUE,split_period1,low,observed,-15,1.36890705274278,0.359066731407899,0.665136259183298,2.07267784630226
exact2,pc_score_binary,overall_new_release_count,downstream_outcomes,TRUE,split_period1,low,observed,-14,1.1298308157407,0.324945371972522,0.492937886674561,1.76672374480685
exact2,pc_score_binary,overall_new_release_count,downstream_outcomes,TRUE,split_period1,low,observed,-13,0.941787811982995,0.336466993464676,0.282312504792231,1.60126311917376
exact2,pc_score_binary,overall_new_release_count,downstream_outcomes,TRUE,split_period1,low,observed,-12,0.827819661217832,0.364921415529711,0.112573686779599,1.54306563565606
exact2,pc_score_binary,overall_new_release_count,downstream_outcomes,TRUE,split_period1,low,observed,-11,0.692405025567094,0.323858810242133,0.0576417574925126,1.32716829364168
exact2,pc_score_binary,overall_new_release_count,downstream_outcomes,TRUE,split_period1,low,observed,-10,0.658568253965771,0.30282333962557,0.065034508299654,1.25210199963189
exact2,pc_score_binary,overall_new_release_count,downstream_outcomes,TRUE,split_period1,low,observed,-9,0.593608739150912,0.287579776577304,0.0299523770593954,1.15726510124243
exact2,pc_score_binary,overall_new_release_count,downstream_outcomes,TRUE,split_period1,low,observed,-8,0.490726195861795,0.267820960951693,-0.0342028876035241,1.01565527932711
exact2,pc_score_binary,overall_new_release_count,downstream_outcomes,TRUE,split_period1,low,observed,-7,0.306961730950959,0.233527101499748,-0.150751387988547,0.764674849890465
exact2,pc_score_binary,overall_new_release_count,downstream_outcomes,TRUE,split_period1,low,observed,-6,0.323961853804864,0.220978427211977,-0.109155863530611,0.757079571140339
exact2,pc_score_binary,overall_new_release_count,downstream_outcomes,TRUE,split_period1,low,observed,-5,0.113294445094155,0.168547074193151,-0.217057820324421,0.443646710512731
exact2,pc_score_binary,overall_new_release_count,downstream_outcomes,TRUE,split_period1,low,observed,-4,0.0264669819488589,0.125334026443329,-0.219187709880065,0.272121673777783
exact2,pc_score_binary,overall_new_release_count,downstream_outcomes,TRUE,split_period1,low,observed,-3,-0.235094051786705,0.112438114650626,-0.455472756501931,-0.0147153470714791
exact2,pc_score_binary,overall_new_release_count,downstream_outcomes,TRUE,split_period1,low,observed,-2,0.0187256170678306,0.108189897080121,-0.193326581209207,0.230777815344868
exact2,pc_score_binary,overall_new_release_count,downstream_outcomes,TRUE,split_period1,low,observed,-1,0,0,0,0
exact2,pc_score_binary,overall_new_release_count,downstream_outcomes,TRUE,split_period1,low,observed,0,-0.157958046502711,0.133105717619406,-0.418845253036747,0.102929160031325
exact2,pc_score_binary,overall_new_release_count,downstream_outcomes,TRUE,split_period1,low,observed,1,-0.755368287629668,0.129524528678017,-1.00923636383858,-0.501500211420754
exact2,pc_score_binary,overall_new_release_count,downstream_outcomes,TRUE,split_period1,low,observed,2,-0.470662843715635,0.19661530794386,-0.8560288472856,-0.0852968401456707
exact2,pc_score_binary,overall_new_release_count,downstream_outcomes,TRUE,split_period1,low,observed,3,-0.568243842952215,0.207372080776442,-0.974693121274041,-0.161794564630389
exact2,pc_score_binary,overall_new_release_count,downstream_outcomes,TRUE,split_period1,low,observed,4,-0.681203044060704,0.216380755761758,-1.10530932535375,-0.257096762767658
exact2,pc_score_binary,overall_new_release_count,downstream_outcomes,TRUE,split_period1,low,observed,5,-0.704702463689994,0.216843378287704,-1.12971548513389,-0.279689442246093
exact2,pc_score_binary,overall_new_release_count,downstream_outcomes,TRUE,split_period1,low,observed,6,-0.764226338029966,0.266093038502729,-1.28576869349531,-0.242683982564617
exact2,pc_score_binary,overall_new_release_count,downstream_outcomes,TRUE,split_period1,low,observed,7,-0.689147782789232,0.299893488222445,-1.27693901970522,-0.101356545873239
exact2,pc_score_binary,overall_new_release_count,downstream_outcomes,TRUE,split_period1,low,observed,8,-0.961951990210908,0.283822342576624,-1.51824378166109,-0.405660198760725
exact2,pc_score_binary,overall_new_release_count,downstream_outcomes,TRUE,split_period1,low,observed,9,-0.960422848295197,0.290998969701372,-1.53078082890989,-0.390064867680508
exact2,pc_score_binary,overall_new_release_count,downstream_outcomes,TRUE,split_period1,low,observed,10,-0.260520891183958,0.829004362909662,-1.8853694424869,1.36432766011898
exact2,pc_score_binary,overall_new_release_count,downstream_outcomes,TRUE,split_period1,low,observed,11,-1.9623439627384,0.252013693537663,-2.45629080207222,-1.46839712340458
exact2,pc_score_binary,pull_request_opened,github_outcomes,TRUE,split_period5,high,observed,-15,0.174538572521289,0.759128784282347,-1.31335384467211,1.66243098971469
exact2,pc_score_binary,pull_request_opened,github_outcomes,TRUE,split_period5,high,observed,-14,0.222080571745243,0.677723120017146,-1.10625674348836,1.55041788697885
exact2,pc_score_binary,pull_request_opened,github_outcomes,TRUE,split_period5,high,observed,-13,1.82031117225092,0.639781168612869,0.566340081769701,3.07428226273215
exact2,pc_score_binary,pull_request_opened,github_outcomes,TRUE,split_period5,high,observed,-12,0.684821385116594,0.507312972354708,-0.309512040698633,1.67915481093182
exact2,pc_score_binary,pull_request_opened,github_outcomes,TRUE,split_period5,high,observed,-11,0.86949606135742,0.480082149474118,-0.0714649516118514,1.81045707432669
exact2,pc_score_binary,pull_request_opened,github_outcomes,TRUE,split_period5,high,observed,-10,1.24049970870288,0.635039299143791,-0.00417731761895102,2.48517673502471
exact2,pc_score_binary,pull_request_opened,github_outcomes,TRUE,split_period5,high,observed,-9,1.00832691659541,0.543201052620632,-0.0563471465410281,2.07300097973185
exact2,pc_score_binary,pull_request_opened,github_outcomes,TRUE,split_period5,high,observed,-8,0.862711245666352,0.320529023824693,0.234474358969953,1.49094813236275
exact2,pc_score_binary,pull_request_opened,github_outcomes,TRUE,split_period5,high,observed,-7,0.264392281053188,0.233859907485578,-0.193973137618545,0.722757699724921
exact2,pc_score_binary,pull_request_opened,github_outcomes,TRUE,split_period5,high,observed,-6,0.1984376677019,0.20140177538831,-0.196309812059187,0.593185147462988
exact2,pc_score_binary,pull_request_opened,github_outcomes,TRUE,split_period5,high,observed,-5,0.196874330849851,0.154142293087775,-0.105244563602189,0.49899322530189
exact2,pc_score_binary,pull_request_opened,github_outcomes,TRUE,split_period5,high,observed,-4,0.161171048455873,0.137355272229483,-0.108045285113913,0.43038738202566
exact2,pc_score_binary,pull_request_opened,github_outcomes,TRUE,split_period5,high,observed,-3,0.0755040170227635,0.116264449428812,-0.152374303857707,0.303382337903234
exact2,pc_score_binary,pull_request_opened,github_outcomes,TRUE,split_period5,high,observed,-2,0.332272488567578,0.10654116119552,0.123451812624358,0.541093164510798
exact2,pc_score_binary,pull_request_opened,github_outcomes,TRUE,split_period5,high,observed,-1,0,0,0,0
exact2,pc_score_binary,pull_request_opened,github_outcomes,TRUE,split_period5,high,observed,0,0.282673110330135,0.169954582025512,-0.050437870439868,0.615784091100137
exact2,pc_score_binary,pull_request_opened,github_outcomes,TRUE,split_period5,high,observed,1,0.405588091102222,0.220962575259957,-0.0274985564072936,0.838674738611737
exact2,pc_score_binary,pull_request_opened,github_outcomes,TRUE,split_period5,high,observed,2,0.553125512561121,0.224442310902688,0.113218583191851,0.99303244193039
exact2,pc_score_binary,pull_request_opened,github_outcomes,TRUE,split_period5,high,observed,3,1.18307797607486,0.408863447803292,0.381705618380405,1.98445033376931
exact2,pc_score_binary,pull_request_opened,github_outcomes,TRUE,split_period5,high,observed,4,1.19014713744893,0.472800333087942,0.263458484596565,2.1168357903013
exact2,pc_score_binary,pull_request_opened,github_outcomes,TRUE,split_period5,high,observed,5,2.01748749313721,0.516036041506582,1.00605685178431,3.02891813449011
exact2,pc_score_binary,pull_request_opened,github_outcomes,TRUE,split_period5,high,observed,6,1.67961180650431,0.64948782625067,0.406615667053001,2.95260794595563
exact2,pc_score_binary,pull_request_opened,github_outcomes,TRUE,split_period5,high,observed,7,0.821041871366603,0.389496466529,0.0576287969697635,1.58445494576344
exact2,pc_score_binary,pull_request_opened,github_outcomes,TRUE,split_period5,high,observed,8,0.844398423739158,0.500083140946526,-0.135764532516033,1.82456137999435
exact2,pc_score_binary,pull_request_opened,github_outcomes,TRUE,split_period5,high,observed,9,0.0952969881384386,0.34843768661204,-0.58764087762116,0.778234853898037
exact2,pc_score_binary,pull_request_opened,github_outcomes,TRUE,split_period5,high,observed,10,-0.00958780122253448,0.346451792510273,-0.68863331454267,0.669457712097601
exact2,pc_score_binary,pull_request_opened,github_outcomes,TRUE,split_period5,high,observed,11,-0.0599984910342413,0.443863122198484,-0.929970210543269,0.809973228474787
exact2,pc_score_binary,pull_request_opened,github_outcomes,TRUE,split_period5,low,observed,-15,1.60488408239022,1.44632985593543,-1.22992243524322,4.43969060002367
exact2,pc_score_binary,pull_request_opened,github_outcomes,TRUE,split_period5,low,observed,-14,0.198959026448498,0.958406042714187,-1.67951681727131,2.0774348701683
exact2,pc_score_binary,pull_request_opened,github_outcomes,TRUE,split_period5,low,observed,-13,-0.253522795124839,0.748554381539268,-1.7206893829418,1.21364379269213
exact2,pc_score_binary,pull_request_opened,github_outcomes,TRUE,split_period5,low,observed,-12,0.279365749703825,0.600040549867768,-0.896713728037,1.45544522744465
exact2,pc_score_binary,pull_request_opened,github_outcomes,TRUE,split_period5,low,observed,-11,0.0263078268808022,0.565353902361661,-1.08178582174805,1.13440147550966
exact2,pc_score_binary,pull_request_opened,github_outcomes,TRUE,split_period5,low,observed,-10,0.147970471091014,0.576891911897965,-0.982737676228997,1.27867861841102
exact2,pc_score_binary,pull_request_opened,github_outcomes,TRUE,split_period5,low,observed,-9,0.443950264753907,0.785344342131651,-1.09532464582413,1.98322517533194
exact2,pc_score_binary,pull_request_opened,github_outcomes,TRUE,split_period5,low,observed,-8,0.542202569094716,0.816232826184415,-1.05761377022674,2.14201890841617
exact2,pc_score_binary,pull_request_opened,github_outcomes,TRUE,split_period5,low,observed,-7,0.561069436029896,0.719776653760989,-0.849692805341642,1.97183167740143
exact2,pc_score_binary,pull_request_opened,github_outcomes,TRUE,split_period5,low,observed,-6,0.468442302981144,0.665917469154829,-0.836755936562322,1.77364054252461
exact2,pc_score_binary,pull_request_opened,github_outcomes,TRUE,split_period5,low,observed,-5,0.213816346869516,0.466013677774831,-0.699570461569153,1.12720315530819
exact2,pc_score_binary,pull_request_opened,github_outcomes,TRUE,split_period5,low,observed,-4,0.255417955794683,0.322412745816761,-0.376511026006169,0.887346937595535
exact2,pc_score_binary,pull_request_opened,github_outcomes,TRUE,split_period5,low,observed,-3,0.128284576591111,0.238090873688555,-0.338373535838456,0.594942689020679
exact2,pc_score_binary,pull_request_opened,github_outcomes,TRUE,split_period5,low,observed,-2,0.375340832833409,0.181983933717715,0.0186523227466879,0.73202934292013
exact2,pc_score_binary,pull_request_opened,github_outcomes,TRUE,split_period5,low,observed,-1,0,0,0,0
exact2,pc_score_binary,pull_request_opened,github_outcomes,TRUE,split_period5,low,observed,0,-0.510881633617791,0.361722972635445,-1.21985865998326,0.198095392747682
exact2,pc_score_binary,pull_request_opened,github_outcomes,TRUE,split_period5,low,observed,1,-1.78744221517498,0.66857117463188,-3.09784171745346,-0.477042712896496
exact2,pc_score_binary,pull_request_opened,github_outcomes,TRUE,split_period5,low,observed,2,-2.38418696475492,0.984082299220759,-4.3129882712276,-0.455385658282229
exact2,pc_score_binary,pull_request_opened,github_outcomes,TRUE,split_period5,low,observed,3,-3.39111822813865,1.43643444200617,-6.20652973447075,-0.575706721806549
exact2,pc_score_binary,pull_request_opened,github_outcomes,TRUE,split_period5,low,observed,4,-4.09365217346252,2.10167113664849,-8.21292760129355,0.0256232543685142
exact2,pc_score_binary,pull_request_opened,github_outcomes,TRUE,split_period5,low,observed,5,-4.88272062771467,2.55474283943231,-9.89001659300201,0.124575337572666
exact2,pc_score_binary,pull_request_opened,github_outcomes,TRUE,split_period5,low,observed,6,-4.97558607095534,2.77142029731284,-10.4075698536885,0.456397711777836
exact2,pc_score_binary,pull_request_opened,github_outcomes,TRUE,split_period5,low,observed,7,-5.11115957398826,3.27945585185711,-11.5388930436282,1.31657389565168
exact2,pc_score_binary,pull_request_opened,github_outcomes,TRUE,split_period5,low,observed,8,-5.46032889313567,3.34417974448585,-12.0149211923279,1.09426340605659
exact2,pc_score_binary,pull_request_opened,github_outcomes,TRUE,split_period5,low,observed,9,-5.6451072802844,3.54084474387501,-12.5851629782794,1.29494841771063
exact2,pc_score_binary,pull_request_opened,github_outcomes,TRUE,split_period5,low,observed,10,-6.50013954009708,4.10015128218538,-14.5364360531804,1.53615697298627
exact2,pc_score_binary,pull_request_opened,github_outcomes,TRUE,split_period5,low,observed,11,-5.67932245263107,3.70129681244169,-12.9338642050168,1.57521929975465
exact2,pc_score_binary,pull_request_merged,github_outcomes,TRUE,split_period5,high,observed,-15,0.648643291294392,0.714179162052708,-0.751147866328915,2.0484344489177
exact2,pc_score_binary,pull_request_merged,github_outcomes,TRUE,split_period5,high,observed,-14,0.488970252972413,0.58086076576627,-0.649516847929476,1.6274573538743
exact2,pc_score_binary,pull_request_merged,github_outcomes,TRUE,split_period5,high,observed,-13,1.43267580788124,0.575938886229799,0.303835590870838,2.56151602489165
exact2,pc_score_binary,pull_request_merged,github_outcomes,TRUE,split_period5,high,observed,-12,0.370195410162669,0.36161798803761,-0.338575846391046,1.07896666671638
exact2,pc_score_binary,pull_request_merged,github_outcomes,TRUE,split_period5,high,observed,-11,0.848781565724294,0.4653077790927,-0.0632216812973971,1.76078481274599
exact2,pc_score_binary,pull_request_merged,github_outcomes,TRUE,split_period5,high,observed,-10,1.7667211718717,1.03570449384781,-0.263259636070006,3.79670197981341
exact2,pc_score_binary,pull_request_merged,github_outcomes,TRUE,split_period5,high,observed,-9,1.46440864572624,0.88574825269397,-0.271657929553936,3.20047522100643
exact2,pc_score_binary,pull_request_merged,github_outcomes,TRUE,split_period5,high,observed,-8,0.621381438888686,0.290936002009174,0.0511468749507059,1.19161600282667
exact2,pc_score_binary,pull_request_merged,github_outcomes,TRUE,split_period5,high,observed,-7,0.20221806125679,0.21671026007602,-0.222534048492209,0.626970171005789
exact2,pc_score_binary,pull_request_merged,github_outcomes,TRUE,split_period5,high,observed,-6,0.192673790313172,0.192407328445649,-0.1844445734403,0.569792154066643
exact2,pc_score_binary,pull_request_merged,github_outcomes,TRUE,split_period5,high,observed,-5,0.223351960641005,0.149208857059283,-0.0690973991951885,0.5158013204772
exact2,pc_score_binary,pull_request_merged,github_outcomes,TRUE,split_period5,high,observed,-4,0.211997140014801,0.132536253709002,-0.0477739172548433,0.471768197284445
exact2,pc_score_binary,pull_request_merged,github_outcomes,TRUE,split_period5,high,observed,-3,0.110914057784604,0.117574592146553,-0.119532142822639,0.341360258391848
exact2,pc_score_binary,pull_request_merged,github_outcomes,TRUE,split_period5,high,observed,-2,0.391953060259281,0.100806907424986,0.194371521706307,0.589534598812254
exact2,pc_score_binary,pull_request_merged,github_outcomes,TRUE,split_period5,high,observed,-1,0,0,0,0
exact2,pc_score_binary,pull_request_merged,github_outcomes,TRUE,split_period5,high,observed,0,0.533304800482562,0.163307965715663,0.213221187679863,0.853388413285261
exact2,pc_score_binary,pull_request_merged,github_outcomes,TRUE,split_period5,high,observed,1,0.331728194296627,0.165842751738561,0.00667640088904731,0.656779987704207
exact2,pc_score_binary,pull_request_merged,github_outcomes,TRUE,split_period5,high,observed,2,0.414211576693811,0.159209682312203,0.102160599361894,0.726262554025728
exact2,pc_score_binary,pull_request_merged,github_outcomes,TRUE,split_period5,high,observed,3,1.106849165595,0.346056891532581,0.428577658191145,1.78512067299886
exact2,pc_score_binary,pull_request_merged,github_outcomes,TRUE,split_period5,high,observed,4,1.14974620831964,0.363474246210763,0.437336685746546,1.86215573089274
exact2,pc_score_binary,pull_request_merged,github_outcomes,TRUE,split_period5,high,observed,5,1.86381223267084,0.473082279272909,0.936570965295935,2.79105350004574
exact2,pc_score_binary,pull_request_merged,github_outcomes,TRUE,split_period5,high,observed,6,1.51163637056009,0.537042069811405,0.45903391372974,2.56423882739045
exact2,pc_score_binary,pull_request_merged,github_outcomes,TRUE,split_period5,high,observed,7,0.846506848040154,0.272198946864017,0.312996912186681,1.38001678389363
exact2,pc_score_binary,pull_request_merged,github_outcomes,TRUE,split_period5,high,observed,8,1.13287015652889,0.40628772934694,0.336546207008889,1.9291941060489
exact2,pc_score_binary,pull_request_merged,github_outcomes,TRUE,split_period5,high,observed,9,0.470968252419192,0.393196837874133,-0.299697549814108,1.24163405465249
exact2,pc_score_binary,pull_request_merged,github_outcomes,TRUE,split_period5,high,observed,10,0.356914660014342,0.3170663307971,-0.264535348347975,0.978364668376659
exact2,pc_score_binary,pull_request_merged,github_outcomes,TRUE,split_period5,high,observed,11,0.141984289029698,0.402841997692035,-0.647586026446691,0.931554604506086
exact2,pc_score_binary,pull_request_merged,github_outcomes,TRUE,split_period5,low,observed,-15,0.772967880661024,0.657145141471195,-0.515036596622517,2.06097235794457
exact2,pc_score_binary,pull_request_merged,github_outcomes,TRUE,split_period5,low,observed,-14,0.178430886906887,0.777073520884093,-1.34463321402594,1.70149498783971
exact2,pc_score_binary,pull_request_merged,github_outcomes,TRUE,split_period5,low,observed,-13,-0.173219137523041,0.689038133742721,-1.52373387965877,1.17729560461269
exact2,pc_score_binary,pull_request_merged,github_outcomes,TRUE,split_period5,low,observed,-12,0.149479147868719,0.514791778478326,-0.8595127379488,1.15847103368624
exact2,pc_score_binary,pull_request_merged,github_outcomes,TRUE,split_period5,low,observed,-11,-0.151942169855389,0.531954684016691,-1.1945733505281,0.890689010817325
exact2,pc_score_binary,pull_request_merged,github_outcomes,TRUE,split_period5,low,observed,-10,-0.140068389933455,0.512379112385141,-1.14433145020833,0.864194670341421
exact2,pc_score_binary,pull_request_merged,github_outcomes,TRUE,split_period5,low,observed,-9,0.0439289398713008,0.630772742441761,-1.19238563531455,1.28024351505715
exact2,pc_score_binary,pull_request_merged,github_outcomes,TRUE,split_period5,low,observed,-8,0.230450188816796,0.654701634675643,-1.05276501514747,1.51366539278106
exact2,pc_score_binary,pull_request_merged,github_outcomes,TRUE,split_period5,low,observed,-7,0.238836354022889,0.558850623320146,-0.856510867684596,1.33418357573037
exact2,pc_score_binary,pull_request_merged,github_outcomes,TRUE,split_period5,low,observed,-6,0.195982389660366,0.504566260502226,-0.792967480923997,1.18493226024473
exact2,pc_score_binary,pull_request_merged,github_outcomes,TRUE,split_period5,low,observed,-5,0.111635866595687,0.359890631751572,-0.593749771637394,0.817021504828769
exact2,pc_score_binary,pull_request_merged,github_outcomes,TRUE,split_period5,low,observed,-4,0.113475464681288,0.24587431386005,-0.36843819048441,0.595389119846985
exact2,pc_score_binary,pull_request_merged,github_outcomes,TRUE,split_period5,low,observed,-3,0.0662269670232738,0.192248983156002,-0.31058103996249,0.443034974009037
exact2,pc_score_binary,pull_request_merged,github_outcomes,TRUE,split_period5,low,observed,-2,0.320610385731394,0.165350652386144,-0.00347689294544734,0.644697664408236
exact2,pc_score_binary,pull_request_merged,github_outcomes,TRUE,split_period5,low,observed,-1,0,0,0,0
exact2,pc_score_binary,pull_request_merged,github_outcomes,TRUE,split_period5,low,observed,0,-0.478074108477073,0.295592903317504,-1.05743619897938,0.101287982025234
exact2,pc_score_binary,pull_request_merged,github_outcomes,TRUE,split_period5,low,observed,1,-1.69303268264578,0.525915009142613,-2.7238261005653,-0.662239264726259
exact2,pc_score_binary,pull_request_merged,github_outcomes,TRUE,split_period5,low,observed,2,-2.15420604433193,0.804598600401908,-3.73121930111967,-0.577192787544193
exact2,pc_score_binary,pull_request_merged,github_outcomes,TRUE,split_period5,low,observed,3,-3.17516005689134,1.08331425362317,-5.29845599399275,-1.05186411978993
exact2,pc_score_binary,pull_request_merged,github_outcomes,TRUE,split_period5,low,observed,4,-3.69872063802514,1.6310734777298,-6.89562465437555,-0.501816621674722
exact2,pc_score_binary,pull_request_merged,github_outcomes,TRUE,split_period5,low,observed,5,-4.54125622884821,1.97999257487038,-8.42204167559416,-0.660470782102257
exact2,pc_score_binary,pull_request_merged,github_outcomes,TRUE,split_period5,low,observed,6,-4.54251216010869,2.09074656234457,-8.64037542230406,-0.44464889791333
exact2,pc_score_binary,pull_request_merged,github_outcomes,TRUE,split_period5,low,observed,7,-4.82345463689207,2.55186899350481,-9.82511786416149,0.178208590377345
exact2,pc_score_binary,pull_request_merged,github_outcomes,TRUE,split_period5,low,observed,8,-5.11797215643491,2.55669407522488,-10.1290925438757,-0.106851768994151
exact2,pc_score_binary,pull_request_merged,github_outcomes,TRUE,split_period5,low,observed,9,-5.11637786831328,2.71505328041906,-10.4378822979346,0.205126561308068
exact2,pc_score_binary,pull_request_merged,github_outcomes,TRUE,split_period5,low,observed,10,-6.118202524805,3.19765500141739,-12.3856063275831,0.149201277973091
exact2,pc_score_binary,pull_request_merged,github_outcomes,TRUE,split_period5,low,observed,11,-4.76879917223608,2.86732002492765,-10.3887464210943,0.851148076622122
exact2,pc_score_binary,overall_new_release_count,downstream_outcomes,TRUE,split_period5,high,observed,-15,1.13063368418754,0.28831412750398,0.565537994279737,1.69572937409534
exact2,pc_score_binary,overall_new_release_count,downstream_outcomes,TRUE,split_period5,high,observed,-14,1.07701421869286,0.245009143970921,0.59679629650985,1.55723214087586
exact2,pc_score_binary,overall_new_release_count,downstream_outcomes,TRUE,split_period5,high,observed,-13,0.897005593116993,0.235523077595887,0.435380361029053,1.35863082520493
exact2,pc_score_binary,overall_new_release_count,downstream_outcomes,TRUE,split_period5,high,observed,-12,0.737132623033219,0.182344771860925,0.379736870185806,1.09452837588063
exact2,pc_score_binary,overall_new_release_count,downstream_outcomes,TRUE,split_period5,high,observed,-11,0.510702243451736,0.154174552089453,0.208520121356408,0.812884365547063
exact2,pc_score_binary,overall_new_release_count,downstream_outcomes,TRUE,split_period5,high,observed,-10,0.434023948584739,0.141921646167325,0.155857522096782,0.712190375072695
exact2,pc_score_binary,overall_new_release_count,downstream_outcomes,TRUE,split_period5,high,observed,-9,0.308436583086444,0.125015377716824,0.0634064427614695,0.553466723411418
exact2,pc_score_binary,overall_new_release_count,downstream_outcomes,TRUE,split_period5,high,observed,-8,0.321717681745044,0.123806223776995,0.0790574831421339,0.564377880347954
exact2,pc_score_binary,overall_new_release_count,downstream_outcomes,TRUE,split_period5,high,observed,-7,0.270386068900138,0.137430981448642,0.0010213452608005,0.539750792539476
exact2,pc_score_binary,overall_new_release_count,downstream_outcomes,TRUE,split_period5,high,observed,-6,0.143600419891897,0.158949087819397,-0.167939792234122,0.455140632017915
exact2,pc_score_binary,overall_new_release_count,downstream_outcomes,TRUE,split_period5,high,observed,-5,0.219697854708177,0.146306906127973,-0.0670636813026503,0.506459390719004
exact2,pc_score_binary,overall_new_release_count,downstream_outcomes,TRUE,split_period5,high,observed,-4,0.357172493971865,0.153198543507107,0.0569033486979342,0.657441639245795
exact2,pc_score_binary,overall_new_release_count,downstream_outcomes,TRUE,split_period5,high,observed,-3,0.142237073741087,0.132372811649569,-0.117213637092068,0.401687784574242
exact2,pc_score_binary,overall_new_release_count,downstream_outcomes,TRUE,split_period5,high,observed,-2,0.19841213296347,0.120904808699541,-0.0385612920876302,0.435385558014571
exact2,pc_score_binary,overall_new_release_count,downstream_outcomes,TRUE,split_period5,high,observed,-1,0,0,0,0
exact2,pc_score_binary,overall_new_release_count,downstream_outcomes,TRUE,split_period5,high,observed,0,0.194673209952585,0.164502474539295,-0.127751640144434,0.517098060049603
exact2,pc_score_binary,overall_new_release_count,downstream_outcomes,TRUE,split_period5,high,observed,1,-0.190344556786994,0.17336085960637,-0.530131841615479,0.149442728041491
exact2,pc_score_binary,overall_new_release_count,downstream_outcomes,TRUE,split_period5,high,observed,2,-0.152972785098124,0.192499827902565,-0.530272447787152,0.224326877590904
exact2,pc_score_binary,overall_new_release_count,downstream_outcomes,TRUE,split_period5,high,observed,3,-0.297384615767506,0.21415872951246,-0.717135725611927,0.122366494076915
exact2,pc_score_binary,overall_new_release_count,downstream_outcomes,TRUE,split_period5,high,observed,4,-0.293757628569966,0.232646909008608,-0.749745570226838,0.162230313086906
exact2,pc_score_binary,overall_new_release_count,downstream_outcomes,TRUE,split_period5,high,observed,5,0.0433280374004026,0.274537532442534,-0.494765526186964,0.581421600987769
exact2,pc_score_binary,overall_new_release_count,downstream_outcomes,TRUE,split_period5,high,observed,6,-0.590680977760363,0.249560470669321,-1.07981950027223,-0.101542455248494
exact2,pc_score_binary,overall_new_release_count,downstream_outcomes,TRUE,split_period5,high,observed,7,-0.498363532623755,0.282180826059259,-1.0514379516999,0.0547108864523916
exact2,pc_score_binary,overall_new_release_count,downstream_outcomes,TRUE,split_period5,high,observed,8,-0.785632066405697,0.276020301045576,-1.32663185645503,-0.244632276356369
exact2,pc_score_binary,overall_new_release_count,downstream_outcomes,TRUE,split_period5,high,observed,9,-1.07334868210569,0.30026205652823,-1.66186231290102,-0.484835051310361
exact2,pc_score_binary,overall_new_release_count,downstream_outcomes,TRUE,split_period5,high,observed,10,-1.02334743469165,0.33665569835264,-1.68319260346282,-0.363502265920474
exact2,pc_score_binary,overall_new_release_count,downstream_outcomes,TRUE,split_period5,high,observed,11,-1.60312697675678,0.42443846608582,-2.43502637028498,-0.77122758322857
exact2,pc_score_binary,overall_new_release_count,downstream_outcomes,TRUE,split_period5,low,observed,-15,1.0999831586907,0.415649435351744,0.285310265401284,1.91465605198012
exact2,pc_score_binary,overall_new_release_count,downstream_outcomes,TRUE,split_period5,low,observed,-14,0.903062549127388,0.381619109160577,0.155089095172657,1.65103600308212
exact2,pc_score_binary,overall_new_release_count,downstream_outcomes,TRUE,split_period5,low,observed,-13,0.789492662840892,0.392287974670008,0.0206082324876758,1.55837709319411
exact2,pc_score_binary,overall_new_release_count,downstream_outcomes,TRUE,split_period5,low,observed,-12,0.83364414493902,0.425280486298865,9.43917932447746e-05,1.66719389808479
exact2,pc_score_binary,overall_new_release_count,downstream_outcomes,TRUE,split_period5,low,observed,-11,0.704948001650516,0.378783484349733,-0.0374676276749618,1.44736363097599
exact2,pc_score_binary,overall_new_release_count,downstream_outcomes,TRUE,split_period5,low,observed,-10,0.720972692527709,0.341349803817521,0.0519270770453674,1.39001830801005
exact2,pc_score_binary,overall_new_release_count,downstream_outcomes,TRUE,split_period5,low,observed,-9,0.651023561530718,0.322219767601193,0.0194728170323789,1.28257430602906
exact2,pc_score_binary,overall_new_release_count,downstream_outcomes,TRUE,split_period5,low,observed,-8,0.561465761869933,0.299397799839846,-0.0253539258161646,1.14828544955603
exact2,pc_score_binary,overall_new_release_count,downstream_outcomes,TRUE,split_period5,low,observed,-7,0.390616861757399,0.255307844515728,-0.109786513493427,0.891020237008225
exact2,pc_score_binary,overall_new_release_count,downstream_outcomes,TRUE,split_period5,low,observed,-6,0.467480027664029,0.238465570562667,8.75093612022759e-05,0.934872545966856
exact2,pc_score_binary,overall_new_release_count,downstream_outcomes,TRUE,split_period5,low,observed,-5,0.19420786276709,0.18969495688139,-0.177594252720434,0.566009978254614
exact2,pc_score_binary,overall_new_release_count,downstream_outcomes,TRUE,split_period5,low,observed,-4,0.0130424448943185,0.133797495941845,-0.249200647151697,0.275285536940334
exact2,pc_score_binary,overall_new_release_count,downstream_outcomes,TRUE,split_period5,low,observed,-3,-0.0583521273675479,0.118757552571435,-0.291116930407561,0.174412675672465
exact2,pc_score_binary,overall_new_release_count,downstream_outcomes,TRUE,split_period5,low,observed,-2,0.118319480609253,0.108234941483355,-0.0938210046981228,0.330459965916628
exact2,pc_score_binary,overall_new_release_count,downstream_outcomes,TRUE,split_period5,low,observed,-1,0,0,0,0
exact2,pc_score_binary,overall_new_release_count,downstream_outcomes,TRUE,split_period5,low,observed,0,0.0953951388104963,0.134600718783141,-0.168422270004459,0.359212547625452
exact2,pc_score_binary,overall_new_release_count,downstream_outcomes,TRUE,split_period5,low,observed,1,-0.547305970662397,0.145971302671479,-0.833409723898496,-0.261202217426298
exact2,pc_score_binary,overall_new_release_count,downstream_outcomes,TRUE,split_period5,low,observed,2,-0.486582123382492,0.209087350381271,-0.896393330129784,-0.0767709166352005
exact2,pc_score_binary,overall_new_release_count,downstream_outcomes,TRUE,split_period5,low,observed,3,-0.688990309123039,0.230318079648357,-1.14041374523382,-0.237566873012259
exact2,pc_score_binary,overall_new_release_count,downstream_outcomes,TRUE,split_period5,low,observed,4,-0.849181762988089,0.325786267962811,-1.4877228481952,-0.210640677780978
exact2,pc_score_binary,overall_new_release_count,downstream_outcomes,TRUE,split_period5,low,observed,5,-1.03774660530265,0.36468072012478,-1.75252081674722,-0.322972393858084
exact2,pc_score_binary,overall_new_release_count,downstream_outcomes,TRUE,split_period5,low,observed,6,-0.957003991606998,0.374545529935868,-1.6911132302813,-0.222894752932697
exact2,pc_score_binary,overall_new_release_count,downstream_outcomes,TRUE,split_period5,low,observed,7,-0.779641947799274,0.517176927152214,-1.79330872501761,0.234024829419066
exact2,pc_score_binary,overall_new_release_count,downstream_outcomes,TRUE,split_period5,low,observed,8,-0.937942819250129,0.454442941633194,-1.82865098485119,-0.0472346536490683
exact2,pc_score_binary,overall_new_release_count,downstream_outcomes,TRUE,split_period5,low,observed,9,-1.09762859030452,0.462497195834017,-2.00412309413919,-0.191134086469847
exact2,pc_score_binary,overall_new_release_count,downstream_outcomes,TRUE,split_period5,low,observed,10,0.0652702753485304,1.11102248794037,-2.11233380101459,2.24287435171165
exact2,pc_score_binary,overall_new_release_count,downstream_outcomes,TRUE,split_period5,low,observed,11,-1.83368245096288,0.374143396798172,-2.5670035086873,-1.10036139323846
exact2,pc_score_binary,pull_request_opened,github_outcomes,FALSE,split_full_avg,high,observed,-15,31.5313913087328,15.8581161364684,0.449483681254719,62.6132989362109
exact2,pc_score_binary,pull_request_opened,github_outcomes,FALSE,split_full_avg,high,observed,-14,16.1717513063207,11.3370504936903,-6.04886766131226,38.3923702739537
exact2,pc_score_binary,pull_request_opened,github_outcomes,FALSE,split_full_avg,high,observed,-13,15.6315756505393,10.7535436124285,-5.4453698298207,36.7085211308992
exact2,pc_score_binary,pull_request_opened,github_outcomes,FALSE,split_full_avg,high,observed,-12,16.4060418645362,8.49460823585851,-0.243390277746464,33.0554740068189
exact2,pc_score_binary,pull_request_opened,github_outcomes,FALSE,split_full_avg,high,observed,-11,14.0876825374509,8.26301607863868,-2.10782897668095,30.2831940515827
exact2,pc_score_binary,pull_request_opened,github_outcomes,FALSE,split_full_avg,high,observed,-10,15.7131072294012,7.49705091150481,1.01888744285176,30.4073270159506
exact2,pc_score_binary,pull_request_opened,github_outcomes,FALSE,split_full_avg,high,observed,-9,12.0930132652036,6.14080240946667,0.0570405426489593,24.1289859877583
exact2,pc_score_binary,pull_request_opened,github_outcomes,FALSE,split_full_avg,high,observed,-8,10.3034096459973,5.96240620784417,-1.38290652137728,21.9897258133719
exact2,pc_score_binary,pull_request_opened,github_outcomes,FALSE,split_full_avg,high,observed,-7,6.73346674221899,5.36894861060334,-3.78967253456356,17.2566060190015
exact2,pc_score_binary,pull_request_opened,github_outcomes,FALSE,split_full_avg,high,observed,-6,6.96246172470088,4.56578249451471,-1.98647196454794,15.9113954139497
exact2,pc_score_binary,pull_request_opened,github_outcomes,FALSE,split_full_avg,high,observed,-5,6.79173563060665,3.52751533259913,-0.122194421287641,13.7056656825009
exact2,pc_score_binary,pull_request_opened,github_outcomes,FALSE,split_full_avg,high,observed,-4,5.73801690841754,2.89967590011153,0.0546521441989469,11.4213816726361
exact2,pc_score_binary,pull_request_opened,github_outcomes,FALSE,split_full_avg,high,observed,-3,3.22095515927907,2.00667735923732,-0.712132464826075,7.15404278338421
exact2,pc_score_binary,pull_request_opened,github_outcomes,FALSE,split_full_avg,high,observed,-2,4.62502756530059,1.17213852365247,2.32763605894176,6.92241907165942
exact2,pc_score_binary,pull_request_opened,github_outcomes,FALSE,split_full_avg,high,observed,-1,0,0,0,0
exact2,pc_score_binary,pull_request_opened,github_outcomes,FALSE,split_full_avg,high,observed,0,1.10251582392356,1.58220840097783,-1.99861264199299,4.20364428984012
exact2,pc_score_binary,pull_request_opened,github_outcomes,FALSE,split_full_avg,high,observed,1,2.78268352325125,2.40014876260679,-1.92160805145805,7.48697509796055
exact2,pc_score_binary,pull_request_opened,github_outcomes,FALSE,split_full_avg,high,observed,2,4.47986832213096,2.77244405490518,-0.954122025483191,9.91385866974511
exact2,pc_score_binary,pull_request_opened,github_outcomes,FALSE,split_full_avg,high,observed,3,6.2834802782854,3.60913603097182,-0.790426342419374,13.3573868989902
exact2,pc_score_binary,pull_request_opened,github_outcomes,FALSE,split_full_avg,high,observed,4,8.8525565253278,3.87898875116045,1.24973857305332,16.4553744776023
exact2,pc_score_binary,pull_request_opened,github_outcomes,FALSE,split_full_avg,high,observed,5,12.5722436178963,4.94757192247353,2.87500264984821,22.2694845859444
exact2,pc_score_binary,pull_request_opened,github_outcomes,FALSE,split_full_avg,high,observed,6,13.4735038629518,5.89333430258627,1.92256862988267,25.0244390960209
exact2,pc_score_binary,pull_request_opened,github_outcomes,FALSE,split_full_avg,high,observed,7,14.1440796611328,7.01009372775553,0.404295954731948,27.8838633675336
exact2,pc_score_binary,pull_request_opened,github_outcomes,FALSE,split_full_avg,high,observed,8,16.5968596793133,9.45651833009004,-1.93791624766317,35.1316356062898
exact2,pc_score_binary,pull_request_opened,github_outcomes,FALSE,split_full_avg,high,observed,9,13.6723538289125,9.72530962964039,-5.38925304518267,32.7339607030076
exact2,pc_score_binary,pull_request_opened,github_outcomes,FALSE,split_full_avg,high,observed,10,5.28955201400773,5.9372569157462,-6.34747154085483,16.9265755688703
exact2,pc_score_binary,pull_request_opened,github_outcomes,FALSE,split_full_avg,high,observed,11,8.65137495354558,5.57168963869646,-2.26913673829948,19.5718866453906
exact2,pc_score_binary,pull_request_opened,github_outcomes,FALSE,split_full_avg,low,observed,-15,14.8885085933694,8.61211858601975,-1.99124383522936,31.7682610219681
exact2,pc_score_binary,pull_request_opened,github_outcomes,FALSE,split_full_avg,low,observed,-14,7.97916131737426,13.7413820280614,-18.9539474576261,34.9122700923746
exact2,pc_score_binary,pull_request_opened,github_outcomes,FALSE,split_full_avg,low,observed,-13,10.0396574553732,14.6850143045756,-18.7429705815949,38.8222854923413
exact2,pc_score_binary,pull_request_opened,github_outcomes,FALSE,split_full_avg,low,observed,-12,10.2528800613387,14.0295153220973,-17.2449699699721,37.7507300926495
exact2,pc_score_binary,pull_request_opened,github_outcomes,FALSE,split_full_avg,low,observed,-11,3.20249733418433,13.5279686304715,-23.3123211815397,29.7173158499084
exact2,pc_score_binary,pull_request_opened,github_outcomes,FALSE,split_full_avg,low,observed,-10,4.08650432000692,14.0738631168884,-23.4982673890942,31.6712760291081
exact2,pc_score_binary,pull_request_opened,github_outcomes,FALSE,split_full_avg,low,observed,-9,7.65420901085122,13.3321152430814,-18.4767368655883,33.7851548872907
exact2,pc_score_binary,pull_request_opened,github_outcomes,FALSE,split_full_avg,low,observed,-8,8.00366898200194,11.0745834437603,-13.7025145677683,29.7098525317722
exact2,pc_score_binary,pull_request_opened,github_outcomes,FALSE,split_full_avg,low,observed,-7,6.39640740670999,8.59460172170422,-10.4490119678303,23.2418267812503
exact2,pc_score_binary,pull_request_opened,github_outcomes,FALSE,split_full_avg,low,observed,-6,5.27108520142926,6.59501930110846,-7.65515262874332,18.1973230316018
exact2,pc_score_binary,pull_request_opened,github_outcomes,FALSE,split_full_avg,low,observed,-5,4.35277222652901,4.95039615087187,-5.35000422917985,14.0555486822379
exact2,pc_score_binary,pull_request_opened,github_outcomes,FALSE,split_full_avg,low,observed,-4,5.9145288710622,4.22768240710744,-2.37172864686838,14.2007863889928
exact2,pc_score_binary,pull_request_opened,github_outcomes,FALSE,split_full_avg,low,observed,-3,4.57231587659703,3.94219609061886,-3.15438846101594,12.29902021421
exact2,pc_score_binary,pull_request_opened,github_outcomes,FALSE,split_full_avg,low,observed,-2,4.62002959788605,2.71830862369984,-0.707855304565645,9.94791450033774
exact2,pc_score_binary,pull_request_opened,github_outcomes,FALSE,split_full_avg,low,observed,-1,0,0,0,0
exact2,pc_score_binary,pull_request_opened,github_outcomes,FALSE,split_full_avg,low,observed,0,-8.7570041194257,2.87573362458606,-14.3934420236144,-3.12056621523703
exact2,pc_score_binary,pull_request_opened,github_outcomes,FALSE,split_full_avg,low,observed,1,-16.7869769284725,6.09858511725689,-28.7402037582961,-4.83375009864903
exact2,pc_score_binary,pull_request_opened,github_outcomes,FALSE,split_full_avg,low,observed,2,-25.5846558993892,9.09640890156916,-43.4136173464647,-7.75569445231362
exact2,pc_score_binary,pull_request_opened,github_outcomes,FALSE,split_full_avg,low,observed,3,-31.3364269657574,11.4594908787925,-53.7970290881906,-8.87582484332419
exact2,pc_score_binary,pull_request_opened,github_outcomes,FALSE,split_full_avg,low,observed,4,-37.3600567196724,14.3806616485463,-65.5461535508231,-9.17395988852165
exact2,pc_score_binary,pull_request_opened,github_outcomes,FALSE,split_full_avg,low,observed,5,-38.9050324840272,15.9552410873012,-70.1773050151375,-7.63275995291692
exact2,pc_score_binary,pull_request_opened,github_outcomes,FALSE,split_full_avg,low,observed,6,-43.6972182605193,18.3588950425296,-79.6806525438773,-7.71378397716133
exact2,pc_score_binary,pull_request_opened,github_outcomes,FALSE,split_full_avg,low,observed,7,-42.1586620635514,20.8475344590719,-83.0198296033323,-1.29749452377042
exact2,pc_score_binary,pull_request_opened,github_outcomes,FALSE,split_full_avg,low,observed,8,-41.4793416272637,21.5193913138064,-83.6573486023242,0.698665347796911
exact2,pc_score_binary,pull_request_opened,github_outcomes,FALSE,split_full_avg,low,observed,9,-45.1183342966345,22.5270605189865,-89.271372913848,-0.965295679421025
exact2,pc_score_binary,pull_request_opened,github_outcomes,FALSE,split_full_avg,low,observed,10,-51.5649512459842,24.6592838418354,-99.8971475759816,-3.23275491598672
exact2,pc_score_binary,pull_request_opened,github_outcomes,FALSE,split_full_avg,low,observed,11,-62.1163511506661,36.0678753793305,-132.809386894154,8.57668459282163
exact2,pc_score_binary,pull_request_merged,github_outcomes,FALSE,split_full_avg,high,observed,-15,14.4833009215375,9.9765784014872,-5.07079274537738,34.0373945884525
exact2,pc_score_binary,pull_request_merged,github_outcomes,FALSE,split_full_avg,high,observed,-14,3.33189472189703,11.2988678863503,-18.8138863353495,25.4776757791436
exact2,pc_score_binary,pull_request_merged,github_outcomes,FALSE,split_full_avg,high,observed,-13,5.45638214482855,10.6974350384492,-15.5105905305318,26.4233548201889
exact2,pc_score_binary,pull_request_merged,github_outcomes,FALSE,split_full_avg,high,observed,-12,9.18832397111978,7.42585727549062,-5.36635628884183,23.7430042310814
exact2,pc_score_binary,pull_request_merged,github_outcomes,FALSE,split_full_avg,high,observed,-11,6.57967230121257,8.61858369855097,-10.3127517479473,23.4720963503725
exact2,pc_score_binary,pull_request_merged,github_outcomes,FALSE,split_full_avg,high,observed,-10,9.05051457601203,7.45267093650464,-5.55672045953707,23.6577496115611
exact2,pc_score_binary,pull_request_merged,github_outcomes,FALSE,split_full_avg,high,observed,-9,7.44725203352879,5.92109608570631,-4.15809629445558,19.0526003615132
exact2,pc_score_binary,pull_request_merged,github_outcomes,FALSE,split_full_avg,high,observed,-8,6.32766674401458,5.60359379861565,-4.65537710127209,17.3107105893012
exact2,pc_score_binary,pull_request_merged,github_outcomes,FALSE,split_full_avg,high,observed,-7,4.45072266983868,4.55523908534516,-4.47754593743782,13.3789912771152
exact2,pc_score_binary,pull_request_merged,github_outcomes,FALSE,split_full_avg,high,observed,-6,5.77437574933481,3.7823276805727,-1.63898650458768,13.1877380032573
exact2,pc_score_binary,pull_request_merged,github_outcomes,FALSE,split_full_avg,high,observed,-5,5.03266335485902,2.78466709507027,-0.425284151478699,10.4906108611967
exact2,pc_score_binary,pull_request_merged,github_outcomes,FALSE,split_full_avg,high,observed,-4,4.1744617150183,2.2647973823354,-0.264541154359076,8.61346458439568
exact2,pc_score_binary,pull_request_merged,github_outcomes,FALSE,split_full_avg,high,observed,-3,1.92614192103476,1.60100413521416,-1.211826183985,5.06411002605452
exact2,pc_score_binary,pull_request_merged,github_outcomes,FALSE,split_full_avg,high,observed,-2,3.43428264467381,0.971972297469832,1.52921694163293,5.33934834771468
exact2,pc_score_binary,pull_request_merged,github_outcomes,FALSE,split_full_avg,high,observed,-1,0,0,0,0
exact2,pc_score_binary,pull_request_merged,github_outcomes,FALSE,split_full_avg,high,observed,0,1.71993435479112,1.24458349167488,-0.719449288891646,4.15931799847388
exact2,pc_score_binary,pull_request_merged,github_outcomes,FALSE,split_full_avg,high,observed,1,3.00672341387214,1.67229797452247,-0.270980616191893,6.28442744393618
exact2,pc_score_binary,pull_request_merged,github_outcomes,FALSE,split_full_avg,high,observed,2,5.53369236456992,1.86635149899247,1.87564342654468,9.19174130259516
exact2,pc_score_binary,pull_request_merged,github_outcomes,FALSE,split_full_avg,high,observed,3,8.52480733873587,2.58779160106959,3.45273580063948,13.5968788768323
exact2,pc_score_binary,pull_request_merged,github_outcomes,FALSE,split_full_avg,high,observed,4,12.0845639662892,3.16461853908012,5.88191162969213,18.2872163028862
exact2,pc_score_binary,pull_request_merged,github_outcomes,FALSE,split_full_avg,high,observed,5,15.6190658736725,3.92322762027995,7.9295397379238,23.3085920094212
exact2,pc_score_binary,pull_request_merged,github_outcomes,FALSE,split_full_avg,high,observed,6,19.0755125342997,5.14978599345281,8.98193198713221,29.1690930814672
exact2,pc_score_binary,pull_request_merged,github_outcomes,FALSE,split_full_avg,high,observed,7,20.5443628399806,6.15325981575628,8.48397360109833,32.6047520788629
exact2,pc_score_binary,pull_request_merged,github_outcomes,FALSE,split_full_avg,high,observed,8,25.2689024226301,8.63470307134009,8.34488440280357,42.1929204424567
exact2,pc_score_binary,pull_request_merged,github_outcomes,FALSE,split_full_avg,high,observed,9,21.5687054491408,8.50694342889678,4.89509632850314,38.2423145697785
exact2,pc_score_binary,pull_request_merged,github_outcomes,FALSE,split_full_avg,high,observed,10,14.4862856547643,7.23539063657253,0.30492000708211,28.6676513024464
exact2,pc_score_binary,pull_request_merged,github_outcomes,FALSE,split_full_avg,high,observed,11,18.019529745614,7.31222510396252,3.6875685418475,32.3514909493806
exact2,pc_score_binary,pull_request_merged,github_outcomes,FALSE,split_full_avg,low,observed,-15,9.11513567418572,6.59730241165405,-3.81557705265621,22.0458484010276
exact2,pc_score_binary,pull_request_merged,github_outcomes,FALSE,split_full_avg,low,observed,-14,6.46000314442474,12.1299088326871,-17.314618167642,30.2346244564915
exact2,pc_score_binary,pull_request_merged,github_outcomes,FALSE,split_full_avg,low,observed,-13,1.49326160111271,8.7920308348409,-15.7391188351755,18.7256420374009
exact2,pc_score_binary,pull_request_merged,github_outcomes,FALSE,split_full_avg,low,observed,-12,2.85209801668372,8.01628350641463,-12.8598176558889,18.5640136892564
exact2,pc_score_binary,pull_request_merged,github_outcomes,FALSE,split_full_avg,low,observed,-11,-3.4872856503986,8.04486559537118,-19.2552222173261,12.2806509165289
exact2,pc_score_binary,pull_request_merged,github_outcomes,FALSE,split_full_avg,low,observed,-10,-1.73054041974426,7.94389366832505,-17.3005720096614,13.8394911701728
exact2,pc_score_binary,pull_request_merged,github_outcomes,FALSE,split_full_avg,low,observed,-9,0.73341060668059,6.60852705548391,-12.2193024220679,13.6861236354291
exact2,pc_score_binary,pull_request_merged,github_outcomes,FALSE,split_full_avg,low,observed,-8,2.34271387853307,5.65192862151912,-8.73506621964441,13.4204939767105
exact2,pc_score_binary,pull_request_merged,github_outcomes,FALSE,split_full_avg,low,observed,-7,2.5112637121946,4.82251588926962,-6.94086743077386,11.9633948551631
exact2,pc_score_binary,pull_request_merged,github_outcomes,FALSE,split_full_avg,low,observed,-6,2.65639742595884,4.1730186523474,-5.52271913264206,10.8355139845597
exact2,pc_score_binary,pull_request_merged,github_outcomes,FALSE,split_full_avg,low,observed,-5,2.87768570824287,3.59845346610879,-4.17528308533035,9.9306545018161
exact2,pc_score_binary,pull_request_merged,github_outcomes,FALSE,split_full_avg,low,observed,-4,3.75696847480093,3.33363938879387,-2.77696472723506,10.2909016768369
exact2,pc_score_binary,pull_request_merged,github_outcomes,FALSE,split_full_avg,low,observed,-3,2.73844300021442,3.12395429651093,-3.384507420947,8.86139342137584
exact2,pc_score_binary,pull_request_merged,github_outcomes,FALSE,split_full_avg,low,observed,-2,3.75154714374688,2.21666021078884,-0.593106869399246,8.09620115689301
exact2,pc_score_binary,pull_request_merged,github_outcomes,FALSE,split_full_avg,low,observed,-1,0,0,0,0
exact2,pc_score_binary,pull_request_merged,github_outcomes,FALSE,split_full_avg,low,observed,0,-7.40024887253378,2.40812929004936,-12.1201822810305,-2.68031546403703
exact2,pc_score_binary,pull_request_merged,github_outcomes,FALSE,split_full_avg,low,observed,1,-14.9262652643132,5.09983703929705,-24.9219458613354,-4.93058466729101
exact2,pc_score_binary,pull_request_merged,github_outcomes,FALSE,split_full_avg,low,observed,2,-22.1140449063709,7.48120429382669,-36.7772053222712,-7.45088449047055
exact2,pc_score_binary,pull_request_merged,github_outcomes,FALSE,split_full_avg,low,observed,3,-26.7870501263558,9.62909622606301,-45.6600787294393,-7.91402152327232
exact2,pc_score_binary,pull_request_merged,github_outcomes,FALSE,split_full_avg,low,observed,4,-31.6836291718442,11.9259746189024,-55.0585394248929,-8.30871891879558
exact2,pc_score_binary,pull_request_merged,github_outcomes,FALSE,split_full_avg,low,observed,5,-33.1736086647599,12.8318072336803,-58.3239508427733,-8.02326648674638
exact2,pc_score_binary,pull_request_merged,github_outcomes,FALSE,split_full_avg,low,observed,6,-36.598102053526,14.4924984917567,-65.0033990973692,-8.19280500968285
exact2,pc_score_binary,pull_request_merged,github_outcomes,FALSE,split_full_avg,low,observed,7,-37.7197946545976,16.4155325579898,-69.8942384682577,-5.54535084093759
exact2,pc_score_binary,pull_request_merged,github_outcomes,FALSE,split_full_avg,low,observed,8,-35.4386602825395,16.3773635106984,-67.5382927635083,-3.33902780157073
exact2,pc_score_binary,pull_request_merged,github_outcomes,FALSE,split_full_avg,low,observed,9,-37.3979589173107,17.3830031422857,-71.4686450761906,-3.3272727584308
exact2,pc_score_binary,pull_request_merged,github_outcomes,FALSE,split_full_avg,low,observed,10,-42.4567105302599,19.3980440278214,-80.4768768247899,-4.43654423572995
exact2,pc_score_binary,pull_request_merged,github_outcomes,FALSE,split_full_avg,low,observed,11,-52.2968278529159,30.6495344512655,-112.369915377396,7.77625967156448
exact2,pc_score_binary,overall_new_release_count,downstream_outcomes,FALSE,split_full_avg,high,observed,-15,6.24721114008861,2.05794753806973,2.21363396547193,10.2807883147053
exact2,pc_score_binary,overall_new_release_count,downstream_outcomes,FALSE,split_full_avg,high,observed,-14,5.59649077356547,1.75492320800899,2.15684128586786,9.03614026126309
exact2,pc_score_binary,overall_new_release_count,downstream_outcomes,FALSE,split_full_avg,high,observed,-13,4.6834425393709,1.51644772262002,1.71120500303565,7.65568007570615
exact2,pc_score_binary,overall_new_release_count,downstream_outcomes,FALSE,split_full_avg,high,observed,-12,3.70008995685868,1.38887131406292,0.977902181295364,6.42227773242199
exact2,pc_score_binary,overall_new_release_count,downstream_outcomes,FALSE,split_full_avg,high,observed,-11,3.99296672883332,1.37499966027868,1.2979673946871,6.68796606297953
exact2,pc_score_binary,overall_new_release_count,downstream_outcomes,FALSE,split_full_avg,high,observed,-10,3.77276167270549,1.31903555268939,1.18745198943429,6.35807135597669
exact2,pc_score_binary,overall_new_release_count,downstream_outcomes,FALSE,split_full_avg,high,observed,-9,3.23060046577672,1.32910310566274,0.62555837867775,5.83564255287569
exact2,pc_score_binary,overall_new_release_count,downstream_outcomes,FALSE,split_full_avg,high,observed,-8,2.8285629416447,1.39332387059995,0.0976481552687902,5.5594777280206
exact2,pc_score_binary,overall_new_release_count,downstream_outcomes,FALSE,split_full_avg,high,observed,-7,1.71072729656489,1.10015305837079,-0.445572697841864,3.86702729097165
exact2,pc_score_binary,overall_new_release_count,downstream_outcomes,FALSE,split_full_avg,high,observed,-6,1.50043617594624,0.977665188929344,-0.415787594355269,3.41665994624776
exact2,pc_score_binary,overall_new_release_count,downstream_outcomes,FALSE,split_full_avg,high,observed,-5,1.00414095233934,0.791199546474174,-0.546610158750038,2.55489206342872
exact2,pc_score_binary,overall_new_release_count,downstream_outcomes,FALSE,split_full_avg,high,observed,-4,1.11953341307089,0.552088280059317,0.0374403841546331,2.20162644198716
exact2,pc_score_binary,overall_new_release_count,downstream_outcomes,FALSE,split_full_avg,high,observed,-3,0.738898783246706,0.488973066354221,-0.219488426807566,1.69728599330098
exact2,pc_score_binary,overall_new_release_count,downstream_outcomes,FALSE,split_full_avg,high,observed,-2,0.873770893944062,0.343226868465782,0.201046231751129,1.54649555613699
exact2,pc_score_binary,overall_new_release_count,downstream_outcomes,FALSE,split_full_avg,high,observed,-1,0,0,0,0
exact2,pc_score_binary,overall_new_release_count,downstream_outcomes,FALSE,split_full_avg,high,observed,0,-0.214388976971918,0.387851985774951,-0.974578869090821,0.545800915146986
exact2,pc_score_binary,overall_new_release_count,downstream_outcomes,FALSE,split_full_avg,high,observed,1,-0.464559941954966,0.725861116687055,-1.88724773066159,0.958127846751661
exact2,pc_score_binary,overall_new_release_count,downstream_outcomes,FALSE,split_full_avg,high,observed,2,1.094086057369,1.06137788307637,-0.986214593460682,3.17438670819867
exact2,pc_score_binary,overall_new_release_count,downstream_outcomes,FALSE,split_full_avg,high,observed,3,1.38893370814886,1.43337337628712,-1.42047810937389,4.19834552567161
exact2,pc_score_binary,overall_new_release_count,downstream_outcomes,FALSE,split_full_avg,high,observed,4,1.64935188382127,1.6194901961362,-1.52484890060568,4.82355266824821
exact2,pc_score_binary,overall_new_release_count,downstream_outcomes,FALSE,split_full_avg,high,observed,5,2.0068775972792,1.7000761548347,-1.32527166619681,5.33902686075521
exact2,pc_score_binary,overall_new_release_count,downstream_outcomes,FALSE,split_full_avg,high,observed,6,0.491715821584376,1.87556377832774,-3.18438918393799,4.16782082710674
exact2,pc_score_binary,overall_new_release_count,downstream_outcomes,FALSE,split_full_avg,high,observed,7,0.0440961301705223,2.03107816882099,-3.93681708071862,4.02500934105967
exact2,pc_score_binary,overall_new_release_count,downstream_outcomes,FALSE,split_full_avg,high,observed,8,-0.413707643288506,2.16831387274349,-4.66360283386575,3.83618754728873
exact2,pc_score_binary,overall_new_release_count,downstream_outcomes,FALSE,split_full_avg,high,observed,9,-0.770936020917472,2.18490179514671,-5.05334353940502,3.51147149757007
exact2,pc_score_binary,overall_new_release_count,downstream_outcomes,FALSE,split_full_avg,high,observed,10,-1.42250043635937,2.31477062435975,-5.95945086010447,3.11444998738573
exact2,pc_score_binary,overall_new_release_count,downstream_outcomes,FALSE,split_full_avg,high,observed,11,-1.58624793081326,2.4291065904018,-6.34729684800079,3.17480098637428
exact2,pc_score_binary,overall_new_release_count,downstream_outcomes,FALSE,split_full_avg,low,observed,-15,3.50716276221423,1.79860365702542,-0.0181004055556011,7.03242592998405
exact2,pc_score_binary,overall_new_release_count,downstream_outcomes,FALSE,split_full_avg,low,observed,-14,3.37707314771709,1.58566605802059,0.269167673996737,6.48497862143744
exact2,pc_score_binary,overall_new_release_count,downstream_outcomes,FALSE,split_full_avg,low,observed,-13,2.9845948992246,1.65350717017032,-0.256279154309225,6.22546895275842
exact2,pc_score_binary,overall_new_release_count,downstream_outcomes,FALSE,split_full_avg,low,observed,-12,1.98438534368614,1.43454450996372,-0.827321895842755,4.79609258321503
exact2,pc_score_binary,overall_new_release_count,downstream_outcomes,FALSE,split_full_avg,low,observed,-11,1.2002981175856,1.36698281766092,-1.47898820502981,3.879584440201
exact2,pc_score_binary,overall_new_release_count,downstream_outcomes,FALSE,split_full_avg,low,observed,-10,-0.385479349424801,1.77493167458096,-3.86434543160348,3.09338673275387
exact2,pc_score_binary,overall_new_release_count,downstream_outcomes,FALSE,split_full_avg,low,observed,-9,-0.970653240500596,1.95628071882892,-4.80496344940528,2.86365696840409
exact2,pc_score_binary,overall_new_release_count,downstream_outcomes,FALSE,split_full_avg,low,observed,-8,-0.663364779606434,2.03896655554865,-4.65973922848179,3.33300966926892
exact2,pc_score_binary,overall_new_release_count,downstream_outcomes,FALSE,split_full_avg,low,observed,-7,-1.01192442687977,2.34727938457221,-5.6125920206413,3.58874316688175
exact2,pc_score_binary,overall_new_release_count,downstream_outcomes,FALSE,split_full_avg,low,observed,-6,-1.0717477020544,2.50883162534435,-5.98905768772931,3.84556228362052
exact2,pc_score_binary,overall_new_release_count,downstream_outcomes,FALSE,split_full_avg,low,observed,-5,-1.1014199833895,2.57051353036187,-6.13962650289877,3.93678653611977
exact2,pc_score_binary,overall_new_release_count,downstream_outcomes,FALSE,split_full_avg,low,observed,-4,-0.506347007147951,2.47922179134471,-5.36562171818359,4.35292770388768
exact2,pc_score_binary,overall_new_release_count,downstream_outcomes,FALSE,split_full_avg,low,observed,-3,-0.903963734981147,2.28327434019437,-5.3791814417621,3.57125397179981
exact2,pc_score_binary,overall_new_release_count,downstream_outcomes,FALSE,split_full_avg,low,observed,-2,-0.333522351886742,2.11748880200005,-4.48380040380684,3.81675570003335
exact2,pc_score_binary,overall_new_release_count,downstream_outcomes,FALSE,split_full_avg,low,observed,-1,0,0,0,0
exact2,pc_score_binary,overall_new_release_count,downstream_outcomes,FALSE,split_full_avg,low,observed,0,-2.37239010206904,0.983403793092673,-4.29986153653068,-0.444918667607397
exact2,pc_score_binary,overall_new_release_count,downstream_outcomes,FALSE,split_full_avg,low,observed,1,-4.63387514027708,1.86790050063295,-8.29496012151767,-0.972790159036487
exact2,pc_score_binary,overall_new_release_count,downstream_outcomes,FALSE,split_full_avg,low,observed,2,-5.76754404408012,2.05179425082555,-9.78906077569819,-1.74602731246205
exact2,pc_score_binary,overall_new_release_count,downstream_outcomes,FALSE,split_full_avg,low,observed,3,-5.51237066600423,2.05228324646804,-9.53484582908159,-1.48989550292688
exact2,pc_score_binary,overall_new_release_count,downstream_outcomes,FALSE,split_full_avg,low,observed,4,-5.79024165780149,2.11262381185404,-9.9309843290354,-1.64949898656757
exact2,pc_score_binary,overall_new_release_count,downstream_outcomes,FALSE,split_full_avg,low,observed,5,-5.87972711641455,2.27083040347642,-10.3305547072283,-1.42889952560077
exact2,pc_score_binary,overall_new_release_count,downstream_outcomes,FALSE,split_full_avg,low,observed,6,-6.67246207262819,2.71141871038973,-11.9868427449921,-1.35808140026431
exact2,pc_score_binary,overall_new_release_count,downstream_outcomes,FALSE,split_full_avg,low,observed,7,-8.18055407334753,3.50377398937175,-15.0479510925162,-1.3131570541789
exact2,pc_score_binary,overall_new_release_count,downstream_outcomes,FALSE,split_full_avg,low,observed,8,-9.04040128726073,4.29812989391843,-17.4647358793408,-0.616066695180621
exact2,pc_score_binary,overall_new_release_count,downstream_outcomes,FALSE,split_full_avg,low,observed,9,-11.5469662633276,7.95434181120673,-27.1374762132928,4.04354368663761
exact2,pc_score_binary,overall_new_release_count,downstream_outcomes,FALSE,split_full_avg,low,observed,10,-18.4900830129922,14.8333233738111,-47.563396825662,10.5832307996776
exact2,pc_score_binary,overall_new_release_count,downstream_outcomes,FALSE,split_full_avg,low,observed,11,-47.953006343132,38.3928069161477,-123.202907898782,27.2968952125176
exact2,pc_score_binary,pull_request_opened,github_outcomes,FALSE,split_period1,high,observed,-15,25.9199627846948,15.9923249117314,-5.42499404229879,57.2649196116884
exact2,pc_score_binary,pull_request_opened,github_outcomes,FALSE,split_period1,high,observed,-14,15.7203392167269,13.4466423737547,-10.6350798358323,42.0757582692861
exact2,pc_score_binary,pull_request_opened,github_outcomes,FALSE,split_period1,high,observed,-13,22.0389448055802,11.6742916365155,-0.842666801990124,44.9205564131505
exact2,pc_score_binary,pull_request_opened,github_outcomes,FALSE,split_period1,high,observed,-12,17.1092147506945,10.1597456069643,-2.80388663895558,37.0223161403447
exact2,pc_score_binary,pull_request_opened,github_outcomes,FALSE,split_period1,high,observed,-11,11.4310991552378,9.17674345959303,-6.55531802556455,29.4175163360401
exact2,pc_score_binary,pull_request_opened,github_outcomes,FALSE,split_period1,high,observed,-10,17.888002102188,8.72321826786323,0.790494297176039,34.9855099071999
exact2,pc_score_binary,pull_request_opened,github_outcomes,FALSE,split_period1,high,observed,-9,12.8143944150784,6.81861767379654,-0.550096225562784,26.1788850557196
exact2,pc_score_binary,pull_request_opened,github_outcomes,FALSE,split_period1,high,observed,-8,8.39799044724121,5.72038755880519,-2.81396916801697,19.6099500624994
exact2,pc_score_binary,pull_request_opened,github_outcomes,FALSE,split_period1,high,observed,-7,7.47166495765495,5.38893270893784,-3.09064315186321,18.0339730671731
exact2,pc_score_binary,pull_request_opened,github_outcomes,FALSE,split_period1,high,observed,-6,4.42419875448757,4.76489458303763,-4.91499462826618,13.7633921372413
exact2,pc_score_binary,pull_request_opened,github_outcomes,FALSE,split_period1,high,observed,-5,5.96863883831855,3.83206819768098,-1.54221482913616,13.4794925057733
exact2,pc_score_binary,pull_request_opened,github_outcomes,FALSE,split_period1,high,observed,-4,5.03878845371007,3.14643386016145,-1.12822191220638,11.2057988196265
exact2,pc_score_binary,pull_request_opened,github_outcomes,FALSE,split_period1,high,observed,-3,3.27153040228023,2.45187388095228,-1.53414240438624,8.0772032089467
exact2,pc_score_binary,pull_request_opened,github_outcomes,FALSE,split_period1,high,observed,-2,3.54048906378462,1.86091880927859,-0.106911802401419,7.18788992997066
exact2,pc_score_binary,pull_request_opened,github_outcomes,FALSE,split_period1,high,observed,-1,0,0,0,0
exact2,pc_score_binary,pull_request_opened,github_outcomes,FALSE,split_period1,high,observed,0,0.0547066853293097,2.04660671792397,-3.95664248180168,4.0660558524603
exact2,pc_score_binary,pull_request_opened,github_outcomes,FALSE,split_period1,high,observed,1,0.389660501566664,3.61652583410998,-6.6987301332889,7.47805113642223
exact2,pc_score_binary,pull_request_opened,github_outcomes,FALSE,split_period1,high,observed,2,-2.74282987776313,4.3985419624185,-11.3639721241034,5.87831236857714
exact2,pc_score_binary,pull_request_opened,github_outcomes,FALSE,split_period1,high,observed,3,-4.56271093128909,5.89984542430635,-16.1264079629295,7.00098610035136
exact2,pc_score_binary,pull_request_opened,github_outcomes,FALSE,split_period1,high,observed,4,-5.40408231416715,7.10762273411381,-19.3350228730302,8.52685824469592
exact2,pc_score_binary,pull_request_opened,github_outcomes,FALSE,split_period1,high,observed,5,-2.93749227968284,7.88284313137828,-18.3878648171843,12.5128802578186
exact2,pc_score_binary,pull_request_opened,github_outcomes,FALSE,split_period1,high,observed,6,-4.31795624615717,9.10689999527427,-22.1674802368947,13.5315677445804
exact2,pc_score_binary,pull_request_opened,github_outcomes,FALSE,split_period1,high,observed,7,-3.30581159899079,9.68968457149581,-22.2975933591226,15.685970161141
exact2,pc_score_binary,pull_request_opened,github_outcomes,FALSE,split_period1,high,observed,8,1.23927622670255,10.2775827221791,-18.9047859087685,21.3833383621736
exact2,pc_score_binary,pull_request_opened,github_outcomes,FALSE,split_period1,high,observed,9,-0.28364212441207,11.9346271298991,-23.6755112990144,23.1082270501903
exact2,pc_score_binary,pull_request_opened,github_outcomes,FALSE,split_period1,high,observed,10,-5.82393554376339,8.91835895564026,-23.3039190968183,11.6560480092915
exact2,pc_score_binary,pull_request_opened,github_outcomes,FALSE,split_period1,high,observed,11,1.33169565192507,9.09204831481468,-16.4887190451117,19.1521103489618
exact2,pc_score_binary,pull_request_opened,github_outcomes,FALSE,split_period1,low,observed,-15,20.7056641075508,10.0608070802792,0.98648223020346,40.4248459848981
exact2,pc_score_binary,pull_request_opened,github_outcomes,FALSE,split_period1,low,observed,-14,9.78311837780444,12.2212029069537,-14.1704393198248,33.7366760754337
exact2,pc_score_binary,pull_request_opened,github_outcomes,FALSE,split_period1,low,observed,-13,8.4853183982927,12.6944373940626,-16.3957788940699,33.3664156906553
exact2,pc_score_binary,pull_request_opened,github_outcomes,FALSE,split_period1,low,observed,-12,4.05357654657878,14.002547995786,-23.3914175251617,31.4985706183192
exact2,pc_score_binary,pull_request_opened,github_outcomes,FALSE,split_period1,low,observed,-11,6.52422990613542,13.7510805179939,-20.4278879091326,33.4763477214034
exact2,pc_score_binary,pull_request_opened,github_outcomes,FALSE,split_period1,low,observed,-10,4.82943180354214,12.4492561029435,-19.5711101582272,29.2299737653115
exact2,pc_score_binary,pull_request_opened,github_outcomes,FALSE,split_period1,low,observed,-9,2.60255056121468,11.6461575075916,-20.2239181536648,25.4290192760941
exact2,pc_score_binary,pull_request_opened,github_outcomes,FALSE,split_period1,low,observed,-8,8.54458000064037,9.7472369905268,-10.5600045007922,27.6491645020729
exact2,pc_score_binary,pull_request_opened,github_outcomes,FALSE,split_period1,low,observed,-7,6.29657987567981,7.94915632692618,-9.28376652509551,21.8769262764551
exact2,pc_score_binary,pull_request_opened,github_outcomes,FALSE,split_period1,low,observed,-6,5.91229730754726,5.57784096853932,-5.02027099078981,16.8448656058843
exact2,pc_score_binary,pull_request_opened,github_outcomes,FALSE,split_period1,low,observed,-5,4.59593890096305,4.6211285897075,-4.46147313486365,13.6533509367897
exact2,pc_score_binary,pull_request_opened,github_outcomes,FALSE,split_period1,low,observed,-4,5.80731477670469,4.33079131009859,-2.68103619108856,14.2956657444979
exact2,pc_score_binary,pull_request_opened,github_outcomes,FALSE,split_period1,low,observed,-3,3.5693789176366,3.78342593553319,-3.84613591600846,10.9848937512817
exact2,pc_score_binary,pull_request_opened,github_outcomes,FALSE,split_period1,low,observed,-2,5.18435360831996,2.63710456715131,0.0156286567033872,10.3530785599365
exact2,pc_score_binary,pull_request_opened,github_outcomes,FALSE,split_period1,low,observed,-1,0,0,0,0
exact2,pc_score_binary,pull_request_opened,github_outcomes,FALSE,split_period1,low,observed,0,-7.39777489650883,3.13279132324089,-13.538045890061,-1.25750390295668
exact2,pc_score_binary,pull_request_opened,github_outcomes,FALSE,split_period1,low,observed,1,-16.9478459586319,5.98247323998161,-28.6734935089959,-5.22219840826797
exact2,pc_score_binary,pull_request_opened,github_outcomes,FALSE,split_period1,low,observed,2,-19.0877126628468,8.26651607060863,-35.2900841612397,-2.88534116445388
exact2,pc_score_binary,pull_request_opened,github_outcomes,FALSE,split_period1,low,observed,3,-22.0087677646963,10.6161324953006,-42.8163874554854,-1.20114807390713
exact2,pc_score_binary,pull_request_opened,github_outcomes,FALSE,split_period1,low,observed,4,-25.5798744951947,12.7672386552468,-50.6036622594785,-0.556086730910852
exact2,pc_score_binary,pull_request_opened,github_outcomes,FALSE,split_period1,low,observed,5,-25.7824934757637,14.8382322668325,-54.8654287187554,3.30044176722795
exact2,pc_score_binary,pull_request_opened,github_outcomes,FALSE,split_period1,low,observed,6,-31.3510937623108,17.2171251077243,-65.0966589734505,2.39447144882879
exact2,pc_score_binary,pull_request_opened,github_outcomes,FALSE,split_period1,low,observed,7,-29.3202552809691,18.8693739342331,-66.3042281920659,7.6637176301277
exact2,pc_score_binary,pull_request_opened,github_outcomes,FALSE,split_period1,low,observed,8,-39.1129075737726,20.0105155214068,-78.3335179957299,0.107702848184672
exact2,pc_score_binary,pull_request_opened,github_outcomes,FALSE,split_period1,low,observed,9,-33.0878473558648,20.7373985449678,-73.7331485040017,7.55745379227211
exact2,pc_score_binary,pull_request_opened,github_outcomes,FALSE,split_period1,low,observed,10,-44.4087287714432,23.9602920174571,-91.3709011256591,2.5534435827727
exact2,pc_score_binary,pull_request_opened,github_outcomes,FALSE,split_period1,low,observed,11,-55.5672334123473,34.8610817633776,-123.894953668567,12.7604868438727
exact2,pc_score_binary,pull_request_merged,github_outcomes,FALSE,split_period1,high,observed,-15,17.3368741096843,11.5283568917095,-5.25870539806631,39.932453617435
exact2,pc_score_binary,pull_request_merged,github_outcomes,FALSE,split_period1,high,observed,-14,10.1598645040727,10.1947519193209,-9.82184925779627,30.1415782659416
exact2,pc_score_binary,pull_request_merged,github_outcomes,FALSE,split_period1,high,observed,-13,14.4943235725168,8.41499818703054,-1.99907287406302,30.9877200190967
exact2,pc_score_binary,pull_request_merged,github_outcomes,FALSE,split_period1,high,observed,-12,15.0216508860605,7.67006998669794,-0.0116862878674073,30.0549880599885
exact2,pc_score_binary,pull_request_merged,github_outcomes,FALSE,split_period1,high,observed,-11,9.59286447674197,7.03150838928037,-4.18889196624756,23.3746209197315
exact2,pc_score_binary,pull_request_merged,github_outcomes,FALSE,split_period1,high,observed,-10,14.1462586303514,6.55030737563431,1.30765617410812,26.9848610865946
exact2,pc_score_binary,pull_request_merged,github_outcomes,FALSE,split_period1,high,observed,-9,10.9704529347494,5.10167627988284,0.971167426179044,20.9697384433198
exact2,pc_score_binary,pull_request_merged,github_outcomes,FALSE,split_period1,high,observed,-8,7.3452402927024,4.38426641847765,-1.24792188751379,15.9384024729186
exact2,pc_score_binary,pull_request_merged,github_outcomes,FALSE,split_period1,high,observed,-7,5.95246691678656,4.31988513390216,-2.51450794566167,14.4194417792348
exact2,pc_score_binary,pull_request_merged,github_outcomes,FALSE,split_period1,high,observed,-6,4.91327556139261,3.91837201150263,-2.76673358115255,12.5932847039378
exact2,pc_score_binary,pull_request_merged,github_outcomes,FALSE,split_period1,high,observed,-5,5.83120862684546,3.16350966467613,-0.369270315919751,12.0316875696107
exact2,pc_score_binary,pull_request_merged,github_outcomes,FALSE,split_period1,high,observed,-4,4.40076093673826,2.62798068601588,-0.750081207852872,9.55160308132939
exact2,pc_score_binary,pull_request_merged,github_outcomes,FALSE,split_period1,high,observed,-3,2.67604754543476,2.10755099168542,-1.45475239826866,6.80684748913818
exact2,pc_score_binary,pull_request_merged,github_outcomes,FALSE,split_period1,high,observed,-2,2.69085844410664,1.65635894938678,-0.555605096691442,5.93732198490473
exact2,pc_score_binary,pull_request_merged,github_outcomes,FALSE,split_period1,high,observed,-1,0,0,0,0
exact2,pc_score_binary,pull_request_merged,github_outcomes,FALSE,split_period1,high,observed,0,0.947824565060812,1.59440488851766,-2.17720901643381,4.07285814655543
exact2,pc_score_binary,pull_request_merged,github_outcomes,FALSE,split_period1,high,observed,1,1.45643400250241,2.5685322635061,-3.57788923396954,6.49075723897435
exact2,pc_score_binary,pull_request_merged,github_outcomes,FALSE,split_period1,high,observed,2,0.204847216555726,2.94238695520536,-5.56223121564678,5.97192564875823
exact2,pc_score_binary,pull_request_merged,github_outcomes,FALSE,split_period1,high,observed,3,-1.21406427327388,4.09588870702841,-9.24200613904955,6.8138775925018
exact2,pc_score_binary,pull_request_merged,github_outcomes,FALSE,split_period1,high,observed,4,-0.729982110247515,4.85041352626489,-10.2367926217267,8.77682840123166
exact2,pc_score_binary,pull_request_merged,github_outcomes,FALSE,split_period1,high,observed,5,1.7133184045207,5.10189053015161,-8.28638703457645,11.7130238436178
exact2,pc_score_binary,pull_request_merged,github_outcomes,FALSE,split_period1,high,observed,6,1.21991673480109,6.23150377813435,-10.9938306703422,13.4336641399444
exact2,pc_score_binary,pull_request_merged,github_outcomes,FALSE,split_period1,high,observed,7,1.93116595554223,6.67350768793893,-11.1489091128181,15.0112410239025
exact2,pc_score_binary,pull_request_merged,github_outcomes,FALSE,split_period1,high,observed,8,7.38383991227814,7.53103114363787,-7.37698112925209,22.1446609538084
exact2,pc_score_binary,pull_request_merged,github_outcomes,FALSE,split_period1,high,observed,9,4.34994971899873,8.38348959731322,-12.0816898917352,20.7815893297326
exact2,pc_score_binary,pull_request_merged,github_outcomes,FALSE,split_period1,high,observed,10,0.545839433522028,6.94472075645343,-13.0658132491267,14.1574921161707
exact2,pc_score_binary,pull_request_merged,github_outcomes,FALSE,split_period1,high,observed,11,8.13941556514963,6.6600786638538,-4.91433861600382,21.1931697463031
exact2,pc_score_binary,pull_request_merged,github_outcomes,FALSE,split_period1,low,observed,-15,8.18813686896784,6.37467169369562,-4.30621965067557,20.6824933886113
exact2,pc_score_binary,pull_request_merged,github_outcomes,FALSE,split_period1,low,observed,-14,2.06062876652195,11.9743775040344,-21.4091511413855,25.5304086744294
exact2,pc_score_binary,pull_request_merged,github_outcomes,FALSE,split_period1,low,observed,-13,-3.23497145134886,9.49281951132897,-21.8408976935537,15.3709547908559
exact2,pc_score_binary,pull_request_merged,github_outcomes,FALSE,split_period1,low,observed,-12,-6.02532049762378,9.68495274093668,-25.0078278698597,12.9571868746121
exact2,pc_score_binary,pull_request_merged,github_outcomes,FALSE,split_period1,low,observed,-11,-4.76630739865095,8.59980952698373,-21.6219340715391,12.0893192742372
exact2,pc_score_binary,pull_request_merged,github_outcomes,FALSE,split_period1,low,observed,-10,-3.06445474604586,8.2986221722911,-19.3297542037364,13.2008447116447
exact2,pc_score_binary,pull_request_merged,github_outcomes,FALSE,split_period1,low,observed,-9,-4.67006260754889,7.17540187739949,-18.7338502872519,9.3937250721541
exact2,pc_score_binary,pull_request_merged,github_outcomes,FALSE,split_period1,low,observed,-8,1.8488622761912,5.30300565025998,-8.54502879831835,12.2427533507008
exact2,pc_score_binary,pull_request_merged,github_outcomes,FALSE,split_period1,low,observed,-7,1.71229803056281,4.83516215761852,-7.76461979836948,11.1892158594951
exact2,pc_score_binary,pull_request_merged,github_outcomes,FALSE,split_period1,low,observed,-6,3.08944831135779,3.7918849877635,-4.34264626465867,10.5215428873742
exact2,pc_score_binary,pull_request_merged,github_outcomes,FALSE,split_period1,low,observed,-5,1.96665366751816,3.45724256641749,-4.80954176266011,8.74284909769643
exact2,pc_score_binary,pull_request_merged,github_outcomes,FALSE,split_period1,low,observed,-4,2.72684884503494,3.36715845666222,-3.872781730023,9.32647942009289
exact2,pc_score_binary,pull_request_merged,github_outcomes,FALSE,split_period1,low,observed,-3,1.20654162206675,2.96813160567362,-4.61099632505355,7.02407956918705
exact2,pc_score_binary,pull_request_merged,github_outcomes,FALSE,split_period1,low,observed,-2,3.47701928603956,2.11293230613975,-0.664328033994351,7.61836660607346
exact2,pc_score_binary,pull_request_merged,github_outcomes,FALSE,split_period1,low,observed,-1,0,0,0,0
exact2,pc_score_binary,pull_request_merged,github_outcomes,FALSE,split_period1,low,observed,0,-6.69170755672915,2.64485913626942,-11.8756314638172,-1.50778364964108
exact2,pc_score_binary,pull_request_merged,github_outcomes,FALSE,split_period1,low,observed,1,-15.4503314030366,5.1802590505984,-25.6036391422095,-5.29702366386377
exact2,pc_score_binary,pull_request_merged,github_outcomes,FALSE,split_period1,low,observed,2,-17.8420051099737,7.29571861278341,-32.1416135910292,-3.54239662891819
exact2,pc_score_binary,pull_request_merged,github_outcomes,FALSE,split_period1,low,observed,3,-18.2547057576787,9.12113014866966,-36.1321208490712,-0.377290666286171
exact2,pc_score_binary,pull_request_merged,github_outcomes,FALSE,split_period1,low,observed,4,-20.2486041900451,10.9163975258192,-41.6447433406507,1.14753496056054
exact2,pc_score_binary,pull_request_merged,github_outcomes,FALSE,split_period1,low,observed,5,-20.1966939300246,12.3037402140637,-44.3120247495894,3.91863688954023
exact2,pc_score_binary,pull_request_merged,github_outcomes,FALSE,split_period1,low,observed,6,-24.0135457199874,13.9444754198629,-51.3447175429186,3.31762610294387
exact2,pc_score_binary,pull_request_merged,github_outcomes,FALSE,split_period1,low,observed,7,-21.5486825409677,15.0455950966499,-51.0380489304015,7.94068384846615
exact2,pc_score_binary,pull_request_merged,github_outcomes,FALSE,split_period1,low,observed,8,-29.5848729659661,16.3283392134645,-61.5884178243566,2.41867189242431
exact2,pc_score_binary,pull_request_merged,github_outcomes,FALSE,split_period1,low,observed,9,-22.3445114521625,16.5003754914639,-54.6852474154318,9.9962245111068
exact2,pc_score_binary,pull_request_merged,github_outcomes,FALSE,split_period1,low,observed,10,-32.1795443683464,19.7898308233533,-70.9676127821188,6.60852404542601
exact2,pc_score_binary,pull_request_merged,github_outcomes,FALSE,split_period1,low,observed,11,-43.5667012048157,30.2730297416032,-102.901839498358,15.7684370887266
exact2,pc_score_binary,overall_new_release_count,downstream_outcomes,FALSE,split_period1,high,observed,-15,6.73190538037111,2.53948961891389,1.7545057272999,11.7093050334423
exact2,pc_score_binary,overall_new_release_count,downstream_outcomes,FALSE,split_period1,high,observed,-14,6.7036598066879,2.3807955264313,2.03730057488256,11.3700190384932
exact2,pc_score_binary,overall_new_release_count,downstream_outcomes,FALSE,split_period1,high,observed,-13,6.41543713887966,2.21374236031198,2.07650211266818,10.7543721650911
exact2,pc_score_binary,overall_new_release_count,downstream_outcomes,FALSE,split_period1,high,observed,-12,4.67338692203014,1.81244411980334,1.1209964472156,8.22577739684468
exact2,pc_score_binary,overall_new_release_count,downstream_outcomes,FALSE,split_period1,high,observed,-11,5.05316100938627,1.83608341334004,1.45443751923978,8.65188449953276
exact2,pc_score_binary,overall_new_release_count,downstream_outcomes,FALSE,split_period1,high,observed,-10,4.50278158541116,1.67995653093199,1.21006678478445,7.79549638603787
exact2,pc_score_binary,overall_new_release_count,downstream_outcomes,FALSE,split_period1,high,observed,-9,3.52816679958835,1.5942138855595,0.403507583891726,6.65282601528498
exact2,pc_score_binary,overall_new_release_count,downstream_outcomes,FALSE,split_period1,high,observed,-8,3.157230661572,1.73329303686582,-0.240023690685009,6.55448501382901
exact2,pc_score_binary,overall_new_release_count,downstream_outcomes,FALSE,split_period1,high,observed,-7,2.43220465020968,1.56363571482839,-0.632521350853958,5.49693065127331
exact2,pc_score_binary,overall_new_release_count,downstream_outcomes,FALSE,split_period1,high,observed,-6,2.22737226410954,1.48731999431758,-0.687774924752921,5.14251945297199
exact2,pc_score_binary,overall_new_release_count,downstream_outcomes,FALSE,split_period1,high,observed,-5,1.63327801408869,1.23999979328771,-0.797121580755213,4.06367760893259
exact2,pc_score_binary,overall_new_release_count,downstream_outcomes,FALSE,split_period1,high,observed,-4,1.87815010724031,1.08689252505481,-0.252159241867117,4.00845945634774
exact2,pc_score_binary,overall_new_release_count,downstream_outcomes,FALSE,split_period1,high,observed,-3,2.00197691103957,0.937725322593075,0.16403527875714,3.83991854332199
exact2,pc_score_binary,overall_new_release_count,downstream_outcomes,FALSE,split_period1,high,observed,-2,0.912337480832005,0.454469097955748,0.0215780488387395,1.80309691282527
exact2,pc_score_binary,overall_new_release_count,downstream_outcomes,FALSE,split_period1,high,observed,-1,0,0,0,0
exact2,pc_score_binary,overall_new_release_count,downstream_outcomes,FALSE,split_period1,high,observed,0,-0.805282027849853,0.692980050345055,-2.16352292652616,0.552958870826455
exact2,pc_score_binary,overall_new_release_count,downstream_outcomes,FALSE,split_period1,high,observed,1,-0.728173869378228,1.07899162120941,-2.84299744694867,1.38664970819221
exact2,pc_score_binary,overall_new_release_count,downstream_outcomes,FALSE,split_period1,high,observed,2,0.141584739247706,1.21184184164747,-2.23362527038134,2.51679474887675
exact2,pc_score_binary,overall_new_release_count,downstream_outcomes,FALSE,split_period1,high,observed,3,0.488478636993749,1.52547307494231,-2.50144858989318,3.47840586388068
exact2,pc_score_binary,overall_new_release_count,downstream_outcomes,FALSE,split_period1,high,observed,4,1.35503868497208,1.79335732657137,-2.15994167510782,4.87001904505197
exact2,pc_score_binary,overall_new_release_count,downstream_outcomes,FALSE,split_period1,high,observed,5,1.7363171096809,1.8883409202421,-1.96483109399362,5.43746531335542
exact2,pc_score_binary,overall_new_release_count,downstream_outcomes,FALSE,split_period1,high,observed,6,0.763318912950816,2.37034171880931,-3.88255085591544,5.40918868181707
exact2,pc_score_binary,overall_new_release_count,downstream_outcomes,FALSE,split_period1,high,observed,7,0.459428564685203,2.53599047713826,-4.51111277050578,5.42996989987618
exact2,pc_score_binary,overall_new_release_count,downstream_outcomes,FALSE,split_period1,high,observed,8,0.176814067502393,2.70164141724362,-5.1184031102951,5.47203124529988
exact2,pc_score_binary,overall_new_release_count,downstream_outcomes,FALSE,split_period1,high,observed,9,-1.2115744364131,2.70895390903823,-6.52112409812802,4.09797522530183
exact2,pc_score_binary,overall_new_release_count,downstream_outcomes,FALSE,split_period1,high,observed,10,-1.6774576928791,3.01175145814855,-7.58049055085025,4.22557516509205
exact2,pc_score_binary,overall_new_release_count,downstream_outcomes,FALSE,split_period1,high,observed,11,-1.34592048657357,2.57925784399417,-6.40126586080215,3.70942488765501
exact2,pc_score_binary,overall_new_release_count,downstream_outcomes,FALSE,split_period1,low,observed,-15,3.59246127410906,1.67813134278792,0.303323842244745,6.88159870597338
exact2,pc_score_binary,overall_new_release_count,downstream_outcomes,FALSE,split_period1,low,observed,-14,2.69118737881269,1.21525788362224,0.309281926913092,5.07309283071229
exact2,pc_score_binary,overall_new_release_count,downstream_outcomes,FALSE,split_period1,low,observed,-13,2.05065228569469,1.14900600964777,-0.201399493214946,4.30270406460432
exact2,pc_score_binary,overall_new_release_count,downstream_outcomes,FALSE,split_period1,low,observed,-12,0.986478467362216,1.27823546693746,-1.51886304783521,3.49181998255964
exact2,pc_score_binary,overall_new_release_count,downstream_outcomes,FALSE,split_period1,low,observed,-11,0.375790693063859,1.09239949859327,-1.76531232417896,2.51689371030668
exact2,pc_score_binary,overall_new_release_count,downstream_outcomes,FALSE,split_period1,low,observed,-10,-0.795929881031925,1.59664059833132,-3.92534545376132,2.33348569169746
exact2,pc_score_binary,overall_new_release_count,downstream_outcomes,FALSE,split_period1,low,observed,-9,-1.79508093741864,2.04898426332759,-5.81109009354072,2.22092821870344
exact2,pc_score_binary,overall_new_release_count,downstream_outcomes,FALSE,split_period1,low,observed,-8,-1.29443890965231,2.26043755653872,-5.7248965204682,3.13601870116358
exact2,pc_score_binary,overall_new_release_count,downstream_outcomes,FALSE,split_period1,low,observed,-7,-2.09861165141581,2.49519374563785,-6.98919139286598,2.79196809003437
exact2,pc_score_binary,overall_new_release_count,downstream_outcomes,FALSE,split_period1,low,observed,-6,-1.88986386668582,2.36002595239014,-6.5155147333705,2.73578699999885
exact2,pc_score_binary,overall_new_release_count,downstream_outcomes,FALSE,split_period1,low,observed,-5,-1.91184375109404,2.5395925352889,-6.88944512026028,3.06575761807221
exact2,pc_score_binary,overall_new_release_count,downstream_outcomes,FALSE,split_period1,low,observed,-4,-1.79901117181414,2.45116157017913,-6.60328784936523,3.00526550573695
exact2,pc_score_binary,overall_new_release_count,downstream_outcomes,FALSE,split_period1,low,observed,-3,-2.35237118709622,2.30526532573816,-6.87069122554301,2.16594885135056
exact2,pc_score_binary,overall_new_release_count,downstream_outcomes,FALSE,split_period1,low,observed,-2,-1.03867617723922,2.24121911748017,-5.43146564750036,3.35411329302191
exact2,pc_score_binary,overall_new_release_count,downstream_outcomes,FALSE,split_period1,low,observed,-1,0,0,0,0
exact2,pc_score_binary,overall_new_release_count,downstream_outcomes,FALSE,split_period1,low,observed,0,-2.16103372926938,0.970781483483156,-4.06376543689636,-0.258302021642391
exact2,pc_score_binary,overall_new_release_count,downstream_outcomes,FALSE,split_period1,low,observed,1,-5.13202316071854,1.87822478805716,-8.81334374531057,-1.45070257612652
exact2,pc_score_binary,overall_new_release_count,downstream_outcomes,FALSE,split_period1,low,observed,2,-5.20542971286366,2.13101065237316,-9.38221059151506,-1.02864883421226
exact2,pc_score_binary,overall_new_release_count,downstream_outcomes,FALSE,split_period1,low,observed,3,-5.06481204647871,2.13653169097841,-9.25241416079639,-0.87720993216103
exact2,pc_score_binary,overall_new_release_count,downstream_outcomes,FALSE,split_period1,low,observed,4,-5.66759999353595,2.05146291202098,-9.68846730109708,-1.64673268597483
exact2,pc_score_binary,overall_new_release_count,downstream_outcomes,FALSE,split_period1,low,observed,5,-5.7114843453618,2.15562505792641,-9.93650945889756,-1.48645923182603
exact2,pc_score_binary,overall_new_release_count,downstream_outcomes,FALSE,split_period1,low,observed,6,-7.2660484370347,2.51037632483984,-12.1863860337208,-2.34571084034862
exact2,pc_score_binary,overall_new_release_count,downstream_outcomes,FALSE,split_period1,low,observed,7,-9.02845391567702,3.55899219633328,-16.0040786204902,-2.0528292108638
exact2,pc_score_binary,overall_new_release_count,downstream_outcomes,FALSE,split_period1,low,observed,8,-12.8647642141411,6.17785629214202,-24.9733625467395,-0.756165881542746
exact2,pc_score_binary,overall_new_release_count,downstream_outcomes,FALSE,split_period1,low,observed,9,-10.6073237229595,7.71238346938663,-25.7235953229573,4.50894787703827
exact2,pc_score_binary,overall_new_release_count,downstream_outcomes,FALSE,split_period1,low,observed,10,-20.6414644112285,17.0921686791786,-54.1421150224185,12.8591861999615
exact2,pc_score_binary,overall_new_release_count,downstream_outcomes,FALSE,split_period1,low,observed,11,-48.1750854572139,38.2758029024735,-123.195659146062,26.8454882316343
exact2,pc_score_binary,pull_request_opened,github_outcomes,FALSE,split_period5,high,observed,-15,30.531168133255,14.9677718651672,1.19433527752731,59.8680009889826
exact2,pc_score_binary,pull_request_opened,github_outcomes,FALSE,split_period5,high,observed,-14,14.6499888983459,10.9292906471234,-6.77142077001586,36.0713985667077
exact2,pc_score_binary,pull_request_opened,github_outcomes,FALSE,split_period5,high,observed,-13,14.8268970900694,10.2758045827343,-5.31367989208978,34.9674740722286
exact2,pc_score_binary,pull_request_opened,github_outcomes,FALSE,split_period5,high,observed,-12,17.1453474807777,9.07780677259435,-0.647153793507211,34.9378487550626
exact2,pc_score_binary,pull_request_opened,github_outcomes,FALSE,split_period5,high,observed,-11,12.5403611641595,8.55449190286235,-4.22644296545066,29.3071652937697
exact2,pc_score_binary,pull_request_opened,github_outcomes,FALSE,split_period5,high,observed,-10,14.8280257805693,7.39667015002666,0.330552286517017,29.3254992746215
exact2,pc_score_binary,pull_request_opened,github_outcomes,FALSE,split_period5,high,observed,-9,13.1252144572665,6.53662871638941,0.313422173143277,25.9370067413898
exact2,pc_score_binary,pull_request_opened,github_outcomes,FALSE,split_period5,high,observed,-8,9.5681242644018,6.19634723723289,-2.57671632057467,21.7129648493783
exact2,pc_score_binary,pull_request_opened,github_outcomes,FALSE,split_period5,high,observed,-7,6.30482779013132,5.62155385268991,-4.71341776114089,17.3230733414035
exact2,pc_score_binary,pull_request_opened,github_outcomes,FALSE,split_period5,high,observed,-6,8.05187369306952,4.97145379592292,-1.69217574693941,17.7959231330785
exact2,pc_score_binary,pull_request_opened,github_outcomes,FALSE,split_period5,high,observed,-5,7.92848191453945,3.85696983501692,0.368821037906279,15.4881427911726
exact2,pc_score_binary,pull_request_opened,github_outcomes,FALSE,split_period5,high,observed,-4,7.61011000825152,3.3870605282376,0.971471372905826,14.2487486435972
exact2,pc_score_binary,pull_request_opened,github_outcomes,FALSE,split_period5,high,observed,-3,3.59542866638188,2.16792164711634,-0.653697761966146,7.84455509472991
exact2,pc_score_binary,pull_request_opened,github_outcomes,FALSE,split_period5,high,observed,-2,4.71371289840945,1.41440748432411,1.9414742291342,7.4859515676847
exact2,pc_score_binary,pull_request_opened,github_outcomes,FALSE,split_period5,high,observed,-1,0,0,0,0
exact2,pc_score_binary,pull_request_opened,github_outcomes,FALSE,split_period5,high,observed,0,1.1335424627018,1.77738095214297,-2.35012420349841,4.61720912890201
exact2,pc_score_binary,pull_request_opened,github_outcomes,FALSE,split_period5,high,observed,1,3.0721844021606,2.69523040923384,-2.21046719993773,8.35483600425893
exact2,pc_score_binary,pull_request_opened,github_outcomes,FALSE,split_period5,high,observed,2,3.144379432281,3.28086474288987,-3.28611546378315,9.57487432834514
exact2,pc_score_binary,pull_request_opened,github_outcomes,FALSE,split_period5,high,observed,3,6.37084780577501,4.34133288348997,-2.13816464586533,14.8798602574154
exact2,pc_score_binary,pull_request_opened,github_outcomes,FALSE,split_period5,high,observed,4,8.7388824443293,4.7452476170644,-0.561802885116924,18.0395677737755
exact2,pc_score_binary,pull_request_opened,github_outcomes,FALSE,split_period5,high,observed,5,13.8209607575824,5.82617297800019,2.40166172070201,25.2402597944627
exact2,pc_score_binary,pull_request_opened,github_outcomes,FALSE,split_period5,high,observed,6,14.3221156841757,7.07986703151829,0.445576302399903,28.1986550659516
exact2,pc_score_binary,pull_request_opened,github_outcomes,FALSE,split_period5,high,observed,7,15.1631614222515,8.25475097780412,-1.0161504942446,31.3424733387476
exact2,pc_score_binary,pull_request_opened,github_outcomes,FALSE,split_period5,high,observed,8,18.7076517184634,11.5016633455627,-3.83560843883944,41.2509118757662
exact2,pc_score_binary,pull_request_opened,github_outcomes,FALSE,split_period5,high,observed,9,15.0290287385756,12.3491767377886,-9.17535766749017,39.2334151446413
exact2,pc_score_binary,pull_request_opened,github_outcomes,FALSE,split_period5,high,observed,10,4.87464530588041,6.74245011602648,-8.34055692153149,18.0898475332923
exact2,pc_score_binary,pull_request_opened,github_outcomes,FALSE,split_period5,high,observed,11,10.2274388127663,6.13877869399299,-1.80456742746,22.2594450529925
exact2,pc_score_binary,pull_request_opened,github_outcomes,FALSE,split_period5,low,observed,-15,14.2365959026977,8.90186304928707,-3.21105567390499,31.6842474793003
exact2,pc_score_binary,pull_request_opened,github_outcomes,FALSE,split_period5,low,observed,-14,7.86984155200165,14.223593862135,-20.0084024177829,35.7480855217862
exact2,pc_score_binary,pull_request_opened,github_outcomes,FALSE,split_period5,low,observed,-13,9.06211769436532,14.9401845899794,-20.2206441019943,38.3448794907249
exact2,pc_score_binary,pull_request_opened,github_outcomes,FALSE,split_period5,low,observed,-12,7.9701177507251,13.7933109668724,-19.0647717443448,35.005007245795
exact2,pc_score_binary,pull_request_opened,github_outcomes,FALSE,split_period5,low,observed,-11,1.64277122336009,13.1715174894067,-24.1734030558771,27.4589455025973
exact2,pc_score_binary,pull_request_opened,github_outcomes,FALSE,split_period5,low,observed,-10,3.53249376070715,14.6083332196611,-25.0998393498286,32.1648268712429
exact2,pc_score_binary,pull_request_opened,github_outcomes,FALSE,split_period5,low,observed,-9,5.41937360039769,13.7655013156198,-21.5610089782171,32.3997561790124
exact2,pc_score_binary,pull_request_opened,github_outcomes,FALSE,split_period5,low,observed,-8,7.40089343333133,11.4802408324715,-15.1003785983128,29.9021654649755
exact2,pc_score_binary,pull_request_opened,github_outcomes,FALSE,split_period5,low,observed,-7,7.29140695594292,9.63744998879415,-11.5979950220936,26.1808089339795
exact2,pc_score_binary,pull_request_opened,github_outcomes,FALSE,split_period5,low,observed,-6,4.47879733878262,7.11931027952192,-9.47505080908034,18.4326454866456
exact2,pc_score_binary,pull_request_opened,github_outcomes,FALSE,split_period5,low,observed,-5,3.58332174925856,5.05801294377637,-6.33038362054313,13.4970271190603
exact2,pc_score_binary,pull_request_opened,github_outcomes,FALSE,split_period5,low,observed,-4,3.44296258278471,3.5447469345453,-3.50474140892408,10.3906665744935
exact2,pc_score_binary,pull_request_opened,github_outcomes,FALSE,split_period5,low,observed,-3,4.08522651752465,3.7555429266975,-3.27563761880246,11.4460906538518
exact2,pc_score_binary,pull_request_opened,github_outcomes,FALSE,split_period5,low,observed,-2,4.33977953579053,2.48003906120462,-0.521097024170531,9.2006560957516
exact2,pc_score_binary,pull_request_opened,github_outcomes,FALSE,split_period5,low,observed,-1,0,0,0,0
exact2,pc_score_binary,pull_request_opened,github_outcomes,FALSE,split_period5,low,observed,0,-7.83316135368527,2.54252225022598,-12.8165049641282,-2.84981774324235
exact2,pc_score_binary,pull_request_opened,github_outcomes,FALSE,split_period5,low,observed,1,-15.2996265668268,5.61863309968825,-26.3121474422158,-4.28710569143783
exact2,pc_score_binary,pull_request_opened,github_outcomes,FALSE,split_period5,low,observed,2,-22.4240772447137,8.87297705375824,-39.8151122700798,-5.03304221934752
exact2,pc_score_binary,pull_request_opened,github_outcomes,FALSE,split_period5,low,observed,3,-30.1788692035732,11.4441070866333,-52.6093190933744,-7.748419313772
exact2,pc_score_binary,pull_request_opened,github_outcomes,FALSE,split_period5,low,observed,4,-36.8021511110067,14.7838206993905,-65.778439681812,-7.8258625402014
exact2,pc_score_binary,pull_request_opened,github_outcomes,FALSE,split_period5,low,observed,5,-41.0629271745878,16.7618797438022,-73.91621147244,-8.20964287673558
exact2,pc_score_binary,pull_request_opened,github_outcomes,FALSE,split_period5,low,observed,6,-44.5800893502282,18.9669492588848,-81.7553098976424,-7.40486880281401
exact2,pc_score_binary,pull_request_opened,github_outcomes,FALSE,split_period5,low,observed,7,-43.8276206984693,21.6308120134833,-86.2240122448966,-1.43122915204196
exact2,pc_score_binary,pull_request_opened,github_outcomes,FALSE,split_period5,low,observed,8,-42.4860656365999,22.3350010494087,-86.262667693441,1.2905364202412
exact2,pc_score_binary,pull_request_opened,github_outcomes,FALSE,split_period5,low,observed,9,-43.6436750647118,23.0534062026246,-88.828351221856,1.54100109243232
exact2,pc_score_binary,pull_request_opened,github_outcomes,FALSE,split_period5,low,observed,10,-48.8356656998881,24.3951076953015,-96.6500767826791,-1.02125461709714
exact2,pc_score_binary,pull_request_opened,github_outcomes,FALSE,split_period5,low,observed,11,-47.7724230617254,26.6678844886369,-100.041476659454,4.49663053600293
exact2,pc_score_binary,pull_request_merged,github_outcomes,FALSE,split_period5,high,observed,-15,14.4909108870145,9.58130830007251,-4.28845338112759,33.2702751551567
exact2,pc_score_binary,pull_request_merged,github_outcomes,FALSE,split_period5,high,observed,-14,2.09111710890962,11.3004232083796,-20.0577123795144,24.2399465973336
exact2,pc_score_binary,pull_request_merged,github_outcomes,FALSE,split_period5,high,observed,-13,5.63761041633648,10.2145531196224,-14.3829136981234,25.6581345307964
exact2,pc_score_binary,pull_request_merged,github_outcomes,FALSE,split_period5,high,observed,-12,10.0644856925092,8.28009160973164,-6.16449386256482,26.2934652475832
exact2,pc_score_binary,pull_request_merged,github_outcomes,FALSE,split_period5,high,observed,-11,5.3587366546238,8.9551768442793,-12.1934099601636,22.9108832694112
exact2,pc_score_binary,pull_request_merged,github_outcomes,FALSE,split_period5,high,observed,-10,8.64671163750718,7.11951731508318,-5.30754230005584,22.6009655750702
exact2,pc_score_binary,pull_request_merged,github_outcomes,FALSE,split_period5,high,observed,-9,8.67032971962314,6.26303939000153,-3.60522748477986,20.9458869240261
exact2,pc_score_binary,pull_request_merged,github_outcomes,FALSE,split_period5,high,observed,-8,6.11524740451215,5.68714612036243,-5.03155899139821,17.2620538004225
exact2,pc_score_binary,pull_request_merged,github_outcomes,FALSE,split_period5,high,observed,-7,4.35789853423882,4.76405548329652,-4.97965021302235,13.6954472815
exact2,pc_score_binary,pull_request_merged,github_outcomes,FALSE,split_period5,high,observed,-6,7.0118224773336,4.23449339175547,-1.28778457050712,15.3114295251743
exact2,pc_score_binary,pull_request_merged,github_outcomes,FALSE,split_period5,high,observed,-5,6.10165607977083,3.19280196288359,-0.156235767481009,12.3595479270227
exact2,pc_score_binary,pull_request_merged,github_outcomes,FALSE,split_period5,high,observed,-4,5.30386321761444,2.81658758509614,-0.216648449173995,10.8243748844029
exact2,pc_score_binary,pull_request_merged,github_outcomes,FALSE,split_period5,high,observed,-3,1.71973439697991,1.77545159453687,-1.76015072831235,5.19961952227216
exact2,pc_score_binary,pull_request_merged,github_outcomes,FALSE,split_period5,high,observed,-2,3.42116973703524,1.22355568047773,1.02300060329889,5.8193388707716
exact2,pc_score_binary,pull_request_merged,github_outcomes,FALSE,split_period5,high,observed,-1,0,0,0,0
exact2,pc_score_binary,pull_request_merged,github_outcomes,FALSE,split_period5,high,observed,0,2.00912849196066,1.40923133596518,-0.752964926531089,4.77122191045242
exact2,pc_score_binary,pull_request_merged,github_outcomes,FALSE,split_period5,high,observed,1,3.4668895674209,1.91304571793264,-0.282680039727064,7.21645917456887
exact2,pc_score_binary,pull_request_merged,github_outcomes,FALSE,split_period5,high,observed,2,4.62045696199918,2.29927047370864,0.113886833530247,9.12702709046811
exact2,pc_score_binary,pull_request_merged,github_outcomes,FALSE,split_period5,high,observed,3,9.00411660055346,3.2662323388855,2.60230121633788,15.405931984769
exact2,pc_score_binary,pull_request_merged,github_outcomes,FALSE,split_period5,high,observed,4,12.3173696126017,3.92919258986239,4.61615213647146,20.018587088732
exact2,pc_score_binary,pull_request_merged,github_outcomes,FALSE,split_period5,high,observed,5,16.8788342210355,4.74365397954582,7.58127242112574,26.1763960209454
exact2,pc_score_binary,pull_request_merged,github_outcomes,FALSE,split_period5,high,observed,6,19.9773176797822,6.13462380563205,7.95345502074339,32.001180338821
exact2,pc_score_binary,pull_request_merged,github_outcomes,FALSE,split_period5,high,observed,7,21.8689909735084,6.94206574996382,8.26254210357934,35.4754398434375
exact2,pc_score_binary,pull_request_merged,github_outcomes,FALSE,split_period5,high,observed,8,27.5935986479983,10.0575328899881,7.8808341836217,47.3063631123749
exact2,pc_score_binary,pull_request_merged,github_outcomes,FALSE,split_period5,high,observed,9,22.6199980974866,9.60584294289827,3.79254592940603,41.4474502655672
exact2,pc_score_binary,pull_request_merged,github_outcomes,FALSE,split_period5,high,observed,10,14.5360154885906,7.29475822616817,0.238289365301025,28.8337416118802
exact2,pc_score_binary,pull_request_merged,github_outcomes,FALSE,split_period5,high,observed,11,20.101210563038,7.26802181652038,5.85588780265807,34.346533323418
exact2,pc_score_binary,pull_request_merged,github_outcomes,FALSE,split_period5,low,observed,-15,8.58909717224642,6.88971865232329,-4.91475138630722,22.0929457308001
exact2,pc_score_binary,pull_request_merged,github_outcomes,FALSE,split_period5,low,observed,-14,6.8426780530149,12.7532101593221,-18.1536138592564,31.8389699652862
exact2,pc_score_binary,pull_request_merged,github_outcomes,FALSE,split_period5,low,observed,-13,0.466732514133253,9.31768593513005,-17.7959319187216,18.7293969469881
exact2,pc_score_binary,pull_request_merged,github_outcomes,FALSE,split_period5,low,observed,-12,0.669550327470791,7.50546345321493,-14.0411580408305,15.3802586957721
exact2,pc_score_binary,pull_request_merged,github_outcomes,FALSE,split_period5,low,observed,-11,-4.46388911957459,7.88382272635304,-19.9161816632265,10.9884034240774
exact2,pc_score_binary,pull_request_merged,github_outcomes,FALSE,split_period5,low,observed,-10,-2.61227557195277,8.31978987901258,-18.9190637348174,13.6945125909119
exact2,pc_score_binary,pull_request_merged,github_outcomes,FALSE,split_period5,low,observed,-9,-1.65009538106242,6.53560795303153,-14.4598869690042,11.1596962068794
exact2,pc_score_binary,pull_request_merged,github_outcomes,FALSE,split_period5,low,observed,-8,1.42765125759052,5.52028968999259,-9.39211653479496,12.247419049976
exact2,pc_score_binary,pull_request_merged,github_outcomes,FALSE,split_period5,low,observed,-7,2.38924074511826,4.95115021736192,-7.3150136809111,12.0934951711476
exact2,pc_score_binary,pull_request_merged,github_outcomes,FALSE,split_period5,low,observed,-6,1.0747518184241,3.68224785239494,-6.14245397226998,8.29195760911817
exact2,pc_score_binary,pull_request_merged,github_outcomes,FALSE,split_period5,low,observed,-5,1.55757092047595,3.10542933934997,-4.52907058464999,7.64421242560189
exact2,pc_score_binary,pull_request_merged,github_outcomes,FALSE,split_period5,low,observed,-4,1.81043297466258,2.49461139122474,-3.07900535213792,6.69987130146307
exact2,pc_score_binary,pull_request_merged,github_outcomes,FALSE,split_period5,low,observed,-3,2.64770080907469,2.93131096906022,-3.09766869028335,8.39307030843272
exact2,pc_score_binary,pull_request_merged,github_outcomes,FALSE,split_period5,low,observed,-2,3.53666305517956,2.01426957804797,-0.411305317794455,7.48463142815357
exact2,pc_score_binary,pull_request_merged,github_outcomes,FALSE,split_period5,low,observed,-1,0,0,0,0
exact2,pc_score_binary,pull_request_merged,github_outcomes,FALSE,split_period5,low,observed,0,-6.58556303699996,2.13028713107017,-10.7609258138975,-2.41020026010243
exact2,pc_score_binary,pull_request_merged,github_outcomes,FALSE,split_period5,low,observed,1,-13.8448061459767,4.6832674262337,-23.0240103013948,-4.66560199055864
exact2,pc_score_binary,pull_request_merged,github_outcomes,FALSE,split_period5,low,observed,2,-19.5594391520543,7.19780060811777,-33.6671283439651,-5.4517499601435
exact2,pc_score_binary,pull_request_merged,github_outcomes,FALSE,split_period5,low,observed,3,-26.2818327939432,9.50687370878956,-44.9153052631707,-7.64836032471563
exact2,pc_score_binary,pull_request_merged,github_outcomes,FALSE,split_period5,low,observed,4,-31.7275550940834,12.167322680569,-55.5755075479986,-7.87960264016823
exact2,pc_score_binary,pull_request_merged,github_outcomes,FALSE,split_period5,low,observed,5,-35.5244695400863,13.4474992277155,-61.8815680264087,-9.16737105376379
exact2,pc_score_binary,pull_request_merged,github_outcomes,FALSE,split_period5,low,observed,6,-38.1501407885814,14.9994503281021,-67.5490634316615,-8.75121814550127
exact2,pc_score_binary,pull_request_merged,github_outcomes,FALSE,split_period5,low,observed,7,-40.2151200851767,17.1000989396193,-73.7313140068305,-6.69892616352283
exact2,pc_score_binary,pull_request_merged,github_outcomes,FALSE,split_period5,low,observed,8,-37.3120244833936,17.0014367922537,-70.6348405962108,-3.98920837057629
exact2,pc_score_binary,pull_request_merged,github_outcomes,FALSE,split_period5,low,observed,9,-37.5447886653323,17.5753257134888,-71.9924270637705,-3.0971502668942
exact2,pc_score_binary,pull_request_merged,github_outcomes,FALSE,split_period5,low,observed,10,-42.5013984116013,18.8682871077306,-79.4832411427532,-5.51955568044939
exact2,pc_score_binary,pull_request_merged,github_outcomes,FALSE,split_period5,low,observed,11,-39.8919220297136,20.702340010268,-80.4685084498388,0.684664390411605
exact2,pc_score_binary,overall_new_release_count,downstream_outcomes,FALSE,split_period5,high,observed,-15,3.83519248327735,1.67516237276474,0.551874232658465,7.11851073389623
exact2,pc_score_binary,overall_new_release_count,downstream_outcomes,FALSE,split_period5,high,observed,-14,3.56493242432674,1.33546747230861,0.947416178601861,6.18244867005162
exact2,pc_score_binary,overall_new_release_count,downstream_outcomes,FALSE,split_period5,high,observed,-13,3.33442474987521,1.05024496398016,1.27594462047409,5.39290487927633
exact2,pc_score_binary,overall_new_release_count,downstream_outcomes,FALSE,split_period5,high,observed,-12,2.6569267625821,1.02872574940362,0.640624293751008,4.67322923141318
exact2,pc_score_binary,overall_new_release_count,downstream_outcomes,FALSE,split_period5,high,observed,-11,3.01902068231824,1.09153801600126,0.879606170955768,5.15843519368071
exact2,pc_score_binary,overall_new_release_count,downstream_outcomes,FALSE,split_period5,high,observed,-10,1.79965966421581,1.59827317724948,-1.33295576319316,4.93227509162478
exact2,pc_score_binary,overall_new_release_count,downstream_outcomes,FALSE,split_period5,high,observed,-9,1.73048540212489,1.42057871201355,-1.05384887342166,4.51481967767144
exact2,pc_score_binary,overall_new_release_count,downstream_outcomes,FALSE,split_period5,high,observed,-8,1.38546989360666,1.43608406806461,-1.42925487979998,4.2001946670133
exact2,pc_score_binary,overall_new_release_count,downstream_outcomes,FALSE,split_period5,high,observed,-7,0.401385013956178,1.11829432377919,-1.79047186065104,2.59324188856339
exact2,pc_score_binary,overall_new_release_count,downstream_outcomes,FALSE,split_period5,high,observed,-6,0.289913466683511,0.967476547605814,-1.60634056662388,2.18616749999091
exact2,pc_score_binary,overall_new_release_count,downstream_outcomes,FALSE,split_period5,high,observed,-5,0.372777000072667,0.971578574372439,-1.53151700569731,2.27707100584265
exact2,pc_score_binary,overall_new_release_count,downstream_outcomes,FALSE,split_period5,high,observed,-4,0.757472589483928,0.886537228208734,-0.980140377805191,2.49508555677305
exact2,pc_score_binary,overall_new_release_count,downstream_outcomes,FALSE,split_period5,high,observed,-3,-0.144228916835405,0.749168033248353,-1.61259826200218,1.32414042833137
exact2,pc_score_binary,overall_new_release_count,downstream_outcomes,FALSE,split_period5,high,observed,-2,1.06399308472523,0.721158129799673,-0.34947684968213,2.47746301913259
exact2,pc_score_binary,overall_new_release_count,downstream_outcomes,FALSE,split_period5,high,observed,-1,0,0,0,0
exact2,pc_score_binary,overall_new_release_count,downstream_outcomes,FALSE,split_period5,high,observed,0,-0.104507037783592,0.416771773044711,-0.921379712951227,0.712365637384042
exact2,pc_score_binary,overall_new_release_count,downstream_outcomes,FALSE,split_period5,high,observed,1,-0.28360604009772,0.725211221232902,-1.70502003371421,1.13780795351877
exact2,pc_score_binary,overall_new_release_count,downstream_outcomes,FALSE,split_period5,high,observed,2,0.888551339420295,1.03617286086789,-1.14234746788077,2.91945014672136
exact2,pc_score_binary,overall_new_release_count,downstream_outcomes,FALSE,split_period5,high,observed,3,1.86567859845644,1.37165460665519,-0.822764430587725,4.55412162750061
exact2,pc_score_binary,overall_new_release_count,downstream_outcomes,FALSE,split_period5,high,observed,4,2.03171775508299,1.50354436104401,-0.915229192563274,4.97866470272925
exact2,pc_score_binary,overall_new_release_count,downstream_outcomes,FALSE,split_period5,high,observed,5,2.56315600809506,1.54500285097328,-0.465049579812566,5.59136159600268
exact2,pc_score_binary,overall_new_release_count,downstream_outcomes,FALSE,split_period5,high,observed,6,1.65782090964161,1.65426750586895,-1.58454340186152,4.90018522114475
exact2,pc_score_binary,overall_new_release_count,downstream_outcomes,FALSE,split_period5,high,observed,7,1.19884572965807,1.67274436461504,-2.07973322498741,4.47742468430354
exact2,pc_score_binary,overall_new_release_count,downstream_outcomes,FALSE,split_period5,high,observed,8,1.36757702333775,1.85188996544737,-2.2621273089391,4.9972813556146
exact2,pc_score_binary,overall_new_release_count,downstream_outcomes,FALSE,split_period5,high,observed,9,3.29813569404305,3.04560038888077,-2.67124106816326,9.26751245624937
exact2,pc_score_binary,overall_new_release_count,downstream_outcomes,FALSE,split_period5,high,observed,10,3.53152166088359,2.87918151175247,-2.11167410215124,9.17471742391843
exact2,pc_score_binary,overall_new_release_count,downstream_outcomes,FALSE,split_period5,high,observed,11,-0.281014733610479,1.92437750028811,-4.05279463417517,3.49076516695421
exact2,pc_score_binary,overall_new_release_count,downstream_outcomes,FALSE,split_period5,low,observed,-15,5.41524950004385,2.0811973909685,1.33610261374558,9.49439638634212
exact2,pc_score_binary,overall_new_release_count,downstream_outcomes,FALSE,split_period5,low,observed,-14,4.94374345641019,1.96199778101363,1.09822780562347,8.78925910719691
exact2,pc_score_binary,overall_new_release_count,downstream_outcomes,FALSE,split_period5,low,observed,-13,3.89734794467331,1.9842420864364,0.00823345525796215,7.78646243408866
exact2,pc_score_binary,overall_new_release_count,downstream_outcomes,FALSE,split_period5,low,observed,-12,2.76968008277954,1.6926045051095,-0.547824747235075,6.08718491279415
exact2,pc_score_binary,overall_new_release_count,downstream_outcomes,FALSE,split_period5,low,observed,-11,2.06831397109076,1.56837096616629,-1.00569312259517,5.14232106477668
exact2,pc_score_binary,overall_new_release_count,downstream_outcomes,FALSE,split_period5,low,observed,-10,1.64684571056705,1.51302115116962,-1.3186757457254,4.6123671668595
exact2,pc_score_binary,overall_new_release_count,downstream_outcomes,FALSE,split_period5,low,observed,-9,0.275600833060616,1.88250887278212,-3.41411655759234,3.96531822371357
exact2,pc_score_binary,overall_new_release_count,downstream_outcomes,FALSE,split_period5,low,observed,-8,0.325816851261519,2.07545837327451,-3.74208156035653,4.39371526287957
exact2,pc_score_binary,overall_new_release_count,downstream_outcomes,FALSE,split_period5,low,observed,-7,0.225831452549821,2.17723366925661,-4.04154653919314,4.49320944429278
exact2,pc_score_binary,overall_new_release_count,downstream_outcomes,FALSE,split_period5,low,observed,-6,0.206834917537099,2.27136794756823,-4.24504625969663,4.65871609477083
exact2,pc_score_binary,overall_new_release_count,downstream_outcomes,FALSE,split_period5,low,observed,-5,-0.477739431338625,2.35082324776779,-5.0853529969635,4.12987413428625
exact2,pc_score_binary,overall_new_release_count,downstream_outcomes,FALSE,split_period5,low,observed,-4,-0.0265378109876097,2.2942872509382,-4.52334082282649,4.47026520085127
exact2,pc_score_binary,overall_new_release_count,downstream_outcomes,FALSE,split_period5,low,observed,-3,0.296480394322088,2.16191987093053,-3.94088255270176,4.53384334134594
exact2,pc_score_binary,overall_new_release_count,downstream_outcomes,FALSE,split_period5,low,observed,-2,-0.348203732488757,1.93963809170622,-4.14989439223295,3.45348692725544
exact2,pc_score_binary,overall_new_release_count,downstream_outcomes,FALSE,split_period5,low,observed,-1,0,0,0,0
exact2,pc_score_binary,overall_new_release_count,downstream_outcomes,FALSE,split_period5,low,observed,0,-2.47332427716691,0.981891603524076,-4.3978318200741,-0.54881673425972
exact2,pc_score_binary,overall_new_release_count,downstream_outcomes,FALSE,split_period5,low,observed,1,-4.90637975008208,1.85132266205164,-8.53497216770329,-1.27778733246087
exact2,pc_score_binary,overall_new_release_count,downstream_outcomes,FALSE,split_period5,low,observed,2,-5.43213945087687,2.02263717252361,-9.39650830902314,-1.4677705927306
exact2,pc_score_binary,overall_new_release_count,downstream_outcomes,FALSE,split_period5,low,observed,3,-5.96874534147999,2.05117684330383,-9.98905195435549,-1.94843872860448
exact2,pc_score_binary,overall_new_release_count,downstream_outcomes,FALSE,split_period5,low,observed,4,-6.05710438776331,2.05658726895637,-10.0880154349178,-2.02619334060882
exact2,pc_score_binary,overall_new_release_count,downstream_outcomes,FALSE,split_period5,low,observed,5,-6.32185427088628,2.2407381481159,-10.7137010411934,-1.93000750057912
exact2,pc_score_binary,overall_new_release_count,downstream_outcomes,FALSE,split_period5,low,observed,6,-7.55675226337106,2.61435663076219,-12.680891259665,-2.43261326707716
exact2,pc_score_binary,overall_new_release_count,downstream_outcomes,FALSE,split_period5,low,observed,7,-8.75560638616602,3.30250632580747,-15.2285187847487,-2.28269398758337
exact2,pc_score_binary,overall_new_release_count,downstream_outcomes,FALSE,split_period5,low,observed,8,-9.79626237093905,3.78144667221781,-17.207897848486,-2.38462689339214
exact2,pc_score_binary,overall_new_release_count,downstream_outcomes,FALSE,split_period5,low,observed,9,-13.2198248124647,5.69481502973281,-24.381662270741,-2.05798735418836
exact2,pc_score_binary,overall_new_release_count,downstream_outcomes,FALSE,split_period5,low,observed,10,-19.6199438028591,10.3689782334367,-39.943141140395,0.703253534676765
exact2,pc_score_binary,overall_new_release_count,downstream_outcomes,FALSE,split_period5,low,observed,11,-29.2719494247343,20.1072771576495,-68.6822126537273,10.1383138042586
exact_1_2,pc_score,pull_request_opened,github_outcomes,TRUE,split_full_avg,high,observed,-15,-0.0706291958141328,0.522490383867912,-1.09471034819524,0.953451956566974
exact_1_2,pc_score,pull_request_opened,github_outcomes,TRUE,split_full_avg,high,observed,-14,-0.802703677549821,0.510587494318147,-1.80345516641339,0.198047811313748
exact_1_2,pc_score,pull_request_opened,github_outcomes,TRUE,split_full_avg,high,observed,-13,0.952997986701505,0.47316868305263,0.0255873679183497,1.88040860548466
exact_1_2,pc_score,pull_request_opened,github_outcomes,TRUE,split_full_avg,high,observed,-12,0.622682333956449,0.450346189933477,-0.259996198313167,1.50536086622606
exact_1_2,pc_score,pull_request_opened,github_outcomes,TRUE,split_full_avg,high,observed,-11,0.792917381742624,0.367664387881153,0.0722951814955647,1.51353958198968
exact_1_2,pc_score,pull_request_opened,github_outcomes,TRUE,split_full_avg,high,observed,-10,0.65088836970153,0.310083785343403,0.0431241504284599,1.2586525889746
exact_1_2,pc_score,pull_request_opened,github_outcomes,TRUE,split_full_avg,high,observed,-9,0.378395067908066,0.272209515165622,-0.155135581816552,0.911925717632685
exact_1_2,pc_score,pull_request_opened,github_outcomes,TRUE,split_full_avg,high,observed,-8,0.86654156075477,0.315996185295973,0.247189037574663,1.48589408393488
exact_1_2,pc_score,pull_request_opened,github_outcomes,TRUE,split_full_avg,high,observed,-7,0.273135897766051,0.209789301734189,-0.13805113363296,0.684322929165062
exact_1_2,pc_score,pull_request_opened,github_outcomes,TRUE,split_full_avg,high,observed,-6,0.290287101961635,0.18408392057424,-0.070517382363875,0.651091586287146
exact_1_2,pc_score,pull_request_opened,github_outcomes,TRUE,split_full_avg,high,observed,-5,0.0671987920241965,0.124202610875943,-0.176238325292651,0.310635909341044
exact_1_2,pc_score,pull_request_opened,github_outcomes,TRUE,split_full_avg,high,observed,-4,0.238544901576137,0.10910330811068,0.0247024176792046,0.452387385473069
exact_1_2,pc_score,pull_request_opened,github_outcomes,TRUE,split_full_avg,high,observed,-3,0.159175468685319,0.0955220230507515,-0.0280476964941537,0.346398633864792
exact_1_2,pc_score,pull_request_opened,github_outcomes,TRUE,split_full_avg,high,observed,-2,0.369340200791726,0.0847610066992421,0.203208627661211,0.53547177392224
exact_1_2,pc_score,pull_request_opened,github_outcomes,TRUE,split_full_avg,high,observed,-1,0,0,0,0
exact_1_2,pc_score,pull_request_opened,github_outcomes,TRUE,split_full_avg,high,observed,0,0.398852748560485,0.150006132224467,0.104840729400529,0.692864767720441
exact_1_2,pc_score,pull_request_opened,github_outcomes,TRUE,split_full_avg,high,observed,1,0.468939256358251,0.165809386598487,0.143952858625216,0.793925654091285
exact_1_2,pc_score,pull_request_opened,github_outcomes,TRUE,split_full_avg,high,observed,2,0.682483744103795,0.175818816911865,0.337878862956539,1.02708862525105
exact_1_2,pc_score,pull_request_opened,github_outcomes,TRUE,split_full_avg,high,observed,3,0.949606061075134,0.275372706221969,0.409875556880075,1.48933656527019
exact_1_2,pc_score,pull_request_opened,github_outcomes,TRUE,split_full_avg,high,observed,4,1.14026207871867,0.351446467426057,0.451427002563602,1.82909715487375
exact_1_2,pc_score,pull_request_opened,github_outcomes,TRUE,split_full_avg,high,observed,5,1.26611612302776,0.369518208658574,0.541860434056959,1.99037181199857
exact_1_2,pc_score,pull_request_opened,github_outcomes,TRUE,split_full_avg,high,observed,6,1.42553366978253,0.477373012923975,0.489882564451537,2.36118477511352
exact_1_2,pc_score,pull_request_opened,github_outcomes,TRUE,split_full_avg,high,observed,7,0.798785468147739,0.311752418685175,0.187750727524795,1.40982020877068
exact_1_2,pc_score,pull_request_opened,github_outcomes,TRUE,split_full_avg,high,observed,8,0.653349198143896,0.399262364181787,-0.129205035652408,1.4359034319402
exact_1_2,pc_score,pull_request_opened,github_outcomes,TRUE,split_full_avg,high,observed,9,0.350508234339884,0.32186307499667,-0.280343392653588,0.981359861333357
exact_1_2,pc_score,pull_request_opened,github_outcomes,TRUE,split_full_avg,high,observed,10,-0.0895661967352093,0.301815578047715,-0.681124729708731,0.501992336238312
exact_1_2,pc_score,pull_request_opened,github_outcomes,TRUE,split_full_avg,high,observed,11,-0.105818178514006,0.520586606340062,-1.12616792694053,0.914531569912515
exact_1_2,pc_score,pull_request_opened,github_outcomes,TRUE,split_full_avg,low,observed,-15,0.76513900073363,1.10505674717555,-1.40077222373045,2.93105022519771
exact_1_2,pc_score,pull_request_opened,github_outcomes,TRUE,split_full_avg,low,observed,-14,0.57622900760377,0.717620737160941,-0.830307637231674,1.98276565243921
exact_1_2,pc_score,pull_request_opened,github_outcomes,TRUE,split_full_avg,low,observed,-13,0.716570933312087,0.537649484445937,-0.33722205620195,1.77036392282612
exact_1_2,pc_score,pull_request_opened,github_outcomes,TRUE,split_full_avg,low,observed,-12,-0.30556736705384,0.354939473665528,-1.00124873543828,0.390114001330594
exact_1_2,pc_score,pull_request_opened,github_outcomes,TRUE,split_full_avg,low,observed,-11,0.0346131471005768,0.405525121000534,-0.76021609006047,0.829442384261624
exact_1_2,pc_score,pull_request_opened,github_outcomes,TRUE,split_full_avg,low,observed,-10,0.366006750262382,0.436736998282262,-0.489997766370852,1.22201126689561
exact_1_2,pc_score,pull_request_opened,github_outcomes,TRUE,split_full_avg,low,observed,-9,0.996170029360963,0.546471861885839,-0.0749148199352803,2.06725487865721
exact_1_2,pc_score,pull_request_opened,github_outcomes,TRUE,split_full_avg,low,observed,-8,0.237699738292992,0.437803464123233,-0.620395051388544,1.09579452797453
exact_1_2,pc_score,pull_request_opened,github_outcomes,TRUE,split_full_avg,low,observed,-7,0.730208892302048,0.43933223426274,-0.130882286852923,1.59130007145702
exact_1_2,pc_score,pull_request_opened,github_outcomes,TRUE,split_full_avg,low,observed,-6,0.460689141877652,0.384858752475379,-0.293634012974091,1.21501229672939
exact_1_2,pc_score,pull_request_opened,github_outcomes,TRUE,split_full_avg,low,observed,-5,0.320816583794645,0.275662413722944,-0.219481747102324,0.861114914691615
exact_1_2,pc_score,pull_request_opened,github_outcomes,TRUE,split_full_avg,low,observed,-4,0.155804475350675,0.205391923630756,-0.246763694965606,0.558372645666956
exact_1_2,pc_score,pull_request_opened,github_outcomes,TRUE,split_full_avg,low,observed,-3,0.0993835338338549,0.152259448829491,-0.199044985871947,0.397812053539657
exact_1_2,pc_score,pull_request_opened,github_outcomes,TRUE,split_full_avg,low,observed,-2,0.310685228600712,0.126143772946541,0.0634434336254927,0.557927023575932
exact_1_2,pc_score,pull_request_opened,github_outcomes,TRUE,split_full_avg,low,observed,-1,0,0,0,0
exact_1_2,pc_score,pull_request_opened,github_outcomes,TRUE,split_full_avg,low,observed,0,-0.499549208823013,0.221914090221373,-0.934500825656903,-0.064597591989122
exact_1_2,pc_score,pull_request_opened,github_outcomes,TRUE,split_full_avg,low,observed,1,-1.53747992300896,0.393964486020064,-2.30965031560828,-0.765309530409633
exact_1_2,pc_score,pull_request_opened,github_outcomes,TRUE,split_full_avg,low,observed,2,-2.07620461937524,0.574578583820593,-3.2023786436636,-0.950030595086874
exact_1_2,pc_score,pull_request_opened,github_outcomes,TRUE,split_full_avg,low,observed,3,-2.68716452419096,0.860284172339249,-4.37332150197589,-1.00100754640603
exact_1_2,pc_score,pull_request_opened,github_outcomes,TRUE,split_full_avg,low,observed,4,-3.21322341314963,1.21314487107283,-5.59098736045237,-0.835459465846887
exact_1_2,pc_score,pull_request_opened,github_outcomes,TRUE,split_full_avg,low,observed,5,-3.42663440514811,1.52069354530883,-6.40719375395343,-0.446075056342801
exact_1_2,pc_score,pull_request_opened,github_outcomes,TRUE,split_full_avg,low,observed,6,-3.73592756492474,1.62634371035329,-6.92356123721718,-0.548293892632298
exact_1_2,pc_score,pull_request_opened,github_outcomes,TRUE,split_full_avg,low,observed,7,-4.0029502026789,2.00768111172991,-7.93800518166953,-0.0678952236882711
exact_1_2,pc_score,pull_request_opened,github_outcomes,TRUE,split_full_avg,low,observed,8,-4.06630486560786,1.96182365812627,-7.91147923553534,-0.221130495680381
exact_1_2,pc_score,pull_request_opened,github_outcomes,TRUE,split_full_avg,low,observed,9,-4.59465005978571,2.17044811454345,-8.84872836429087,-0.340571755280559
exact_1_2,pc_score,pull_request_opened,github_outcomes,TRUE,split_full_avg,low,observed,10,-4.41308615925281,2.40797979612666,-9.13272655966106,0.306554241155453
exact_1_2,pc_score,pull_request_opened,github_outcomes,TRUE,split_full_avg,low,observed,11,-4.12739071706447,2.23597451261764,-8.50990076179504,0.255119327666112
exact_1_2,pc_score,pull_request_merged,github_outcomes,TRUE,split_full_avg,high,observed,-15,0.317596293206457,0.464128688668104,-0.592095936583027,1.22728852299594
exact_1_2,pc_score,pull_request_merged,github_outcomes,TRUE,split_full_avg,high,observed,-14,-0.259818946376537,0.435522359308606,-1.1134427706214,0.593804877868331
exact_1_2,pc_score,pull_request_merged,github_outcomes,TRUE,split_full_avg,high,observed,-13,0.768204560574091,0.435944928209008,-0.086247498715565,1.62265661986375
exact_1_2,pc_score,pull_request_merged,github_outcomes,TRUE,split_full_avg,high,observed,-12,0.644504916336578,0.334363767826502,-0.0108480686033655,1.29985790127652
exact_1_2,pc_score,pull_request_merged,github_outcomes,TRUE,split_full_avg,high,observed,-11,0.882696243984123,0.362269206978707,0.172648598305858,1.59274388966239
exact_1_2,pc_score,pull_request_merged,github_outcomes,TRUE,split_full_avg,high,observed,-10,0.832476283843414,0.317799061139257,0.209590124010471,1.45536244367636
exact_1_2,pc_score,pull_request_merged,github_outcomes,TRUE,split_full_avg,high,observed,-9,0.560085952387463,0.24797391382902,0.0740570812825828,1.04611482349234
exact_1_2,pc_score,pull_request_merged,github_outcomes,TRUE,split_full_avg,high,observed,-8,0.769746509867195,0.269214638102717,0.242085819185869,1.29740720054852
exact_1_2,pc_score,pull_request_merged,github_outcomes,TRUE,split_full_avg,high,observed,-7,0.294816479888495,0.187627368830727,-0.0729331630197291,0.662566122796719
exact_1_2,pc_score,pull_request_merged,github_outcomes,TRUE,split_full_avg,high,observed,-6,0.378167368617612,0.17320231976613,0.0386908218759969,0.717643915359227
exact_1_2,pc_score,pull_request_merged,github_outcomes,TRUE,split_full_avg,high,observed,-5,0.118514053654988,0.118071664524998,-0.112906408814008,0.349934516123984
exact_1_2,pc_score,pull_request_merged,github_outcomes,TRUE,split_full_avg,high,observed,-4,0.24301824879625,0.103203197078609,0.0407399825221751,0.445296515070324
exact_1_2,pc_score,pull_request_merged,github_outcomes,TRUE,split_full_avg,high,observed,-3,0.239592974257445,0.0916249206884123,0.0600081297081573,0.419177818806733
exact_1_2,pc_score,pull_request_merged,github_outcomes,TRUE,split_full_avg,high,observed,-2,0.43808717266689,0.0793155650252794,0.282628665217342,0.593545680116438
exact_1_2,pc_score,pull_request_merged,github_outcomes,TRUE,split_full_avg,high,observed,-1,0,0,0,0
exact_1_2,pc_score,pull_request_merged,github_outcomes,TRUE,split_full_avg,high,observed,0,0.599910482957896,0.157166893738378,0.291863371230675,0.907957594685117
exact_1_2,pc_score,pull_request_merged,github_outcomes,TRUE,split_full_avg,high,observed,1,0.504804197789798,0.133721532558749,0.242709993974649,0.766898401604946
exact_1_2,pc_score,pull_request_merged,github_outcomes,TRUE,split_full_avg,high,observed,2,0.850103568717803,0.188421638142606,0.480797157958296,1.21940997947731
exact_1_2,pc_score,pull_request_merged,github_outcomes,TRUE,split_full_avg,high,observed,3,0.999666572824028,0.23624660766172,0.536623221807057,1.462709923841
exact_1_2,pc_score,pull_request_merged,github_outcomes,TRUE,split_full_avg,high,observed,4,1.47069027183868,0.296509750862029,0.889531160149099,2.05184938352825
exact_1_2,pc_score,pull_request_merged,github_outcomes,TRUE,split_full_avg,high,observed,5,1.34178071819746,0.34514479531265,0.665296919384669,2.01826451701026
exact_1_2,pc_score,pull_request_merged,github_outcomes,TRUE,split_full_avg,high,observed,6,1.42421750153377,0.392792133597288,0.654344919683086,2.19409008338446
exact_1_2,pc_score,pull_request_merged,github_outcomes,TRUE,split_full_avg,high,observed,7,0.814293725713066,0.224611277060095,0.37405562267528,1.25453182875085
exact_1_2,pc_score,pull_request_merged,github_outcomes,TRUE,split_full_avg,high,observed,8,1.02352030401977,0.321294250804549,0.393783572442852,1.65325703559668
exact_1_2,pc_score,pull_request_merged,github_outcomes,TRUE,split_full_avg,high,observed,9,0.611893544393825,0.322621207176811,-0.0204440216727251,1.24423111046038
exact_1_2,pc_score,pull_request_merged,github_outcomes,TRUE,split_full_avg,high,observed,10,0.290157120813566,0.252950608152422,-0.20562607116518,0.785940312792312
exact_1_2,pc_score,pull_request_merged,github_outcomes,TRUE,split_full_avg,high,observed,11,0.104409618836733,0.569312755865293,-1.01144338265924,1.22026262033271
exact_1_2,pc_score,pull_request_merged,github_outcomes,TRUE,split_full_avg,low,observed,-15,0.594514715673645,0.517559613266627,-0.419902126328945,1.60893155767623
exact_1_2,pc_score,pull_request_merged,github_outcomes,TRUE,split_full_avg,low,observed,-14,0.442106220038404,0.536151709916837,-0.608751131398596,1.4929635714754
exact_1_2,pc_score,pull_request_merged,github_outcomes,TRUE,split_full_avg,low,observed,-13,0.597546503221182,0.488462267306425,-0.359839540699411,1.55493254714178
exact_1_2,pc_score,pull_request_merged,github_outcomes,TRUE,split_full_avg,low,observed,-12,-0.403298409476243,0.345586538396581,-1.08064802473354,0.274051205781054
exact_1_2,pc_score,pull_request_merged,github_outcomes,TRUE,split_full_avg,low,observed,-11,-0.458014933668291,0.342396526860327,-1.12911212631453,0.21308225897795
exact_1_2,pc_score,pull_request_merged,github_outcomes,TRUE,split_full_avg,low,observed,-10,0.504548253947205,0.630823934173643,-0.731866657033135,1.74096316492754
exact_1_2,pc_score,pull_request_merged,github_outcomes,TRUE,split_full_avg,low,observed,-9,0.632513000555535,0.606024521513244,-0.555295061610423,1.82032106272149
exact_1_2,pc_score,pull_request_merged,github_outcomes,TRUE,split_full_avg,low,observed,-8,-0.160246629948217,0.371478915419539,-0.888345304170512,0.567852044274079
exact_1_2,pc_score,pull_request_merged,github_outcomes,TRUE,split_full_avg,low,observed,-7,0.37226223841476,0.353313303823543,-0.320231837079385,1.0647563139089
exact_1_2,pc_score,pull_request_merged,github_outcomes,TRUE,split_full_avg,low,observed,-6,0.233245737818217,0.3171986975088,-0.388463709299031,0.854955184935465
exact_1_2,pc_score,pull_request_merged,github_outcomes,TRUE,split_full_avg,low,observed,-5,0.173799964159884,0.228948850526408,-0.274939782871875,0.622539711191644
exact_1_2,pc_score,pull_request_merged,github_outcomes,TRUE,split_full_avg,low,observed,-4,0.0628025013024228,0.173398532143938,-0.277058621699696,0.402663624304542
exact_1_2,pc_score,pull_request_merged,github_outcomes,TRUE,split_full_avg,low,observed,-3,-0.0284492930170974,0.136845873757279,-0.296667205581364,0.23976861954717
exact_1_2,pc_score,pull_request_merged,github_outcomes,TRUE,split_full_avg,low,observed,-2,0.188300156172887,0.122141048985916,-0.0510962998395083,0.427696612185283
exact_1_2,pc_score,pull_request_merged,github_outcomes,TRUE,split_full_avg,low,observed,-1,0,0,0,0
exact_1_2,pc_score,pull_request_merged,github_outcomes,TRUE,split_full_avg,low,observed,0,-0.531100529562992,0.174183415011777,-0.872500022986075,-0.18970103613991
exact_1_2,pc_score,pull_request_merged,github_outcomes,TRUE,split_full_avg,low,observed,1,-1.63344563603112,0.303911657929953,-2.22911248557383,-1.03777878648841
exact_1_2,pc_score,pull_request_merged,github_outcomes,TRUE,split_full_avg,low,observed,2,-2.26428366413089,0.462604631419688,-3.17098874171348,-1.3575785865483
exact_1_2,pc_score,pull_request_merged,github_outcomes,TRUE,split_full_avg,low,observed,3,-2.67195344828815,0.650966734321012,-3.94784824755733,-1.39605864901896
exact_1_2,pc_score,pull_request_merged,github_outcomes,TRUE,split_full_avg,low,observed,4,-3.19017045090936,0.946160752417699,-5.04464552564805,-1.33569537617067
exact_1_2,pc_score,pull_request_merged,github_outcomes,TRUE,split_full_avg,low,observed,5,-3.42460222125368,1.18285075477022,-5.74298970060331,-1.10621474190406
exact_1_2,pc_score,pull_request_merged,github_outcomes,TRUE,split_full_avg,low,observed,6,-3.78236746343356,1.22402798094372,-6.18146230608324,-1.38327262078387
exact_1_2,pc_score,pull_request_merged,github_outcomes,TRUE,split_full_avg,low,observed,7,-4.05837990737452,1.58129648524254,-7.1577210184499,-0.95903879629915
exact_1_2,pc_score,pull_request_merged,github_outcomes,TRUE,split_full_avg,low,observed,8,-3.97218521213585,1.50027985184528,-6.91273372175259,-1.0316367025191
exact_1_2,pc_score,pull_request_merged,github_outcomes,TRUE,split_full_avg,low,observed,9,-4.27691252025671,1.68930372124429,-7.58794781389551,-0.965877226617907
exact_1_2,pc_score,pull_request_merged,github_outcomes,TRUE,split_full_avg,low,observed,10,-4.49013120806738,1.8839303952223,-8.18263478270309,-0.797627633431678
exact_1_2,pc_score,pull_request_merged,github_outcomes,TRUE,split_full_avg,low,observed,11,-3.66244311481469,1.73722615092513,-7.06740637062795,-0.257479859001424
exact_1_2,pc_score,overall_new_release_count,downstream_outcomes,TRUE,split_full_avg,high,observed,-15,1.0273697976629,0.315395345601118,0.409194920284706,1.64554467504109
exact_1_2,pc_score,overall_new_release_count,downstream_outcomes,TRUE,split_full_avg,high,observed,-14,1.03779662810379,0.280136624264808,0.488728844544767,1.58686441166281
exact_1_2,pc_score,overall_new_release_count,downstream_outcomes,TRUE,split_full_avg,high,observed,-13,0.889002383069543,0.261811977250772,0.37585090765803,1.40215385848106
exact_1_2,pc_score,overall_new_release_count,downstream_outcomes,TRUE,split_full_avg,high,observed,-12,0.925167732130216,0.233217661191325,0.468061116195219,1.38227434806521
exact_1_2,pc_score,overall_new_release_count,downstream_outcomes,TRUE,split_full_avg,high,observed,-11,0.744796057031016,0.208394698960921,0.336342447067612,1.15324966699442
exact_1_2,pc_score,overall_new_release_count,downstream_outcomes,TRUE,split_full_avg,high,observed,-10,0.666910990806031,0.198222489902616,0.278394910596905,1.05542707101516
exact_1_2,pc_score,overall_new_release_count,downstream_outcomes,TRUE,split_full_avg,high,observed,-9,0.554681428482974,0.187440656625182,0.187297741497618,0.92206511546833
exact_1_2,pc_score,overall_new_release_count,downstream_outcomes,TRUE,split_full_avg,high,observed,-8,0.497156873203134,0.166781348109762,0.170265430908,0.824048315498268
exact_1_2,pc_score,overall_new_release_count,downstream_outcomes,TRUE,split_full_avg,high,observed,-7,0.613828241380122,0.157705948600765,0.304724582122622,0.922931900637622
exact_1_2,pc_score,overall_new_release_count,downstream_outcomes,TRUE,split_full_avg,high,observed,-6,0.398342175343061,0.146919686048094,0.110379590688796,0.686304759997325
exact_1_2,pc_score,overall_new_release_count,downstream_outcomes,TRUE,split_full_avg,high,observed,-5,0.361555064059754,0.128508883529949,0.109677652341053,0.613432475778455
exact_1_2,pc_score,overall_new_release_count,downstream_outcomes,TRUE,split_full_avg,high,observed,-4,0.363082777242152,0.128923893980449,0.110391945040472,0.615773609443832
exact_1_2,pc_score,overall_new_release_count,downstream_outcomes,TRUE,split_full_avg,high,observed,-3,0.340768483352846,0.105762745286991,0.133473502590345,0.548063464115348
exact_1_2,pc_score,overall_new_release_count,downstream_outcomes,TRUE,split_full_avg,high,observed,-2,0.429233026247697,0.0973170338457655,0.238491639909996,0.619974412585397
exact_1_2,pc_score,overall_new_release_count,downstream_outcomes,TRUE,split_full_avg,high,observed,-1,0,0,0,0
exact_1_2,pc_score,overall_new_release_count,downstream_outcomes,TRUE,split_full_avg,high,observed,0,0.442340444403189,0.139901615356174,0.168133278305088,0.71654761050129
exact_1_2,pc_score,overall_new_release_count,downstream_outcomes,TRUE,split_full_avg,high,observed,1,0.0328142212747246,0.130688554988296,-0.223335346502335,0.288963789051784
exact_1_2,pc_score,overall_new_release_count,downstream_outcomes,TRUE,split_full_avg,high,observed,2,0.0774773756243802,0.143059591951016,-0.202919424599611,0.357874175848372
exact_1_2,pc_score,overall_new_release_count,downstream_outcomes,TRUE,split_full_avg,high,observed,3,0.226866437681096,0.157553392120347,-0.0819382108747841,0.535671086236977
exact_1_2,pc_score,overall_new_release_count,downstream_outcomes,TRUE,split_full_avg,high,observed,4,0.449252526243364,0.225298425959227,0.00766761136327876,0.890837441123449
exact_1_2,pc_score,overall_new_release_count,downstream_outcomes,TRUE,split_full_avg,high,observed,5,0.44182387198772,0.23736130704704,-0.0234042898244786,0.907052033799919
exact_1_2,pc_score,overall_new_release_count,downstream_outcomes,TRUE,split_full_avg,high,observed,6,0.140918840118372,0.18430862569936,-0.220326066252373,0.502163746489117
exact_1_2,pc_score,overall_new_release_count,downstream_outcomes,TRUE,split_full_avg,high,observed,7,0.0532284316501035,0.193069862413627,-0.325188498680606,0.431645361980813
exact_1_2,pc_score,overall_new_release_count,downstream_outcomes,TRUE,split_full_avg,high,observed,8,-0.0184124165605008,0.207800662647366,-0.425701715349339,0.388876882228337
exact_1_2,pc_score,overall_new_release_count,downstream_outcomes,TRUE,split_full_avg,high,observed,9,-0.268362016025239,0.245145980454138,-0.748848137715349,0.212124105664872
exact_1_2,pc_score,overall_new_release_count,downstream_outcomes,TRUE,split_full_avg,high,observed,10,0.202574031173181,0.614527185514178,-1.00189925243461,1.40704731478097
exact_1_2,pc_score,overall_new_release_count,downstream_outcomes,TRUE,split_full_avg,high,observed,11,-1.43020218925678,0.32118094660105,-2.05971684459484,-0.800687533918722
exact_1_2,pc_score,overall_new_release_count,downstream_outcomes,TRUE,split_full_avg,low,observed,-15,0.523465495617542,0.226955387554833,0.0786329360100696,0.968298055225015
exact_1_2,pc_score,overall_new_release_count,downstream_outcomes,TRUE,split_full_avg,low,observed,-14,0.461480286922013,0.197088418858778,0.0751869859588084,0.847773587885217
exact_1_2,pc_score,overall_new_release_count,downstream_outcomes,TRUE,split_full_avg,low,observed,-13,0.384176023958368,0.203243866725316,-0.0141819548232501,0.782534002739987
exact_1_2,pc_score,overall_new_release_count,downstream_outcomes,TRUE,split_full_avg,low,observed,-12,0.332361782934554,0.235712716502014,-0.129635141409393,0.7943587072785
exact_1_2,pc_score,overall_new_release_count,downstream_outcomes,TRUE,split_full_avg,low,observed,-11,0.264121567344544,0.206132550193227,-0.139898231034181,0.66814136572327
exact_1_2,pc_score,overall_new_release_count,downstream_outcomes,TRUE,split_full_avg,low,observed,-10,0.259949675384572,0.181835252687972,-0.0964474198838529,0.616346770652998
exact_1_2,pc_score,overall_new_release_count,downstream_outcomes,TRUE,split_full_avg,low,observed,-9,0.206237252612212,0.165803525549449,-0.118737657464708,0.531212162689131
exact_1_2,pc_score,overall_new_release_count,downstream_outcomes,TRUE,split_full_avg,low,observed,-8,0.19898618928837,0.160688809440321,-0.115963877214659,0.513936255791399
exact_1_2,pc_score,overall_new_release_count,downstream_outcomes,TRUE,split_full_avg,low,observed,-7,0.0487178801114252,0.159405978305545,-0.263717837367443,0.361153597590293
exact_1_2,pc_score,overall_new_release_count,downstream_outcomes,TRUE,split_full_avg,low,observed,-6,0.251595251279484,0.170146114565748,-0.0818911332693819,0.58508163582835
exact_1_2,pc_score,overall_new_release_count,downstream_outcomes,TRUE,split_full_avg,low,observed,-5,-0.0522535261350108,0.132138628124525,-0.311245237259079,0.206738184989058
exact_1_2,pc_score,overall_new_release_count,downstream_outcomes,TRUE,split_full_avg,low,observed,-4,-0.142741129665014,0.10845995721617,-0.355322645808708,0.0698403864786796
exact_1_2,pc_score,overall_new_release_count,downstream_outcomes,TRUE,split_full_avg,low,observed,-3,-0.252099569937171,0.0990980654433344,-0.446331778206107,-0.057867361668236
exact_1_2,pc_score,overall_new_release_count,downstream_outcomes,TRUE,split_full_avg,low,observed,-2,-0.16840913771527,0.0902604170486249,-0.345319555130575,0.00850127970003439
exact_1_2,pc_score,overall_new_release_count,downstream_outcomes,TRUE,split_full_avg,low,observed,-1,0,0,0,0
exact_1_2,pc_score,overall_new_release_count,downstream_outcomes,TRUE,split_full_avg,low,observed,0,-0.174368838671437,0.108768733120689,-0.387555555587987,0.0388178782451139
exact_1_2,pc_score,overall_new_release_count,downstream_outcomes,TRUE,split_full_avg,low,observed,1,-0.788834895112745,0.113630758370598,-1.01155118151912,-0.566118608706373
exact_1_2,pc_score,overall_new_release_count,downstream_outcomes,TRUE,split_full_avg,low,observed,2,-0.877505686569579,0.146849173393546,-1.16533006642093,-0.589681306718228
exact_1_2,pc_score,overall_new_release_count,downstream_outcomes,TRUE,split_full_avg,low,observed,3,-1.15702857611798,0.159026901726011,-1.46872130350096,-0.845335848735
exact_1_2,pc_score,overall_new_release_count,downstream_outcomes,TRUE,split_full_avg,low,observed,4,-1.36583369024573,0.212238742724596,-1.78182162598594,-0.949845754505526
exact_1_2,pc_score,overall_new_release_count,downstream_outcomes,TRUE,split_full_avg,low,observed,5,-1.36167504437018,0.239138220545201,-1.83038595663878,-0.89296413210159
exact_1_2,pc_score,overall_new_release_count,downstream_outcomes,TRUE,split_full_avg,low,observed,6,-1.56206484753674,0.244588083901636,-2.04145749198394,-1.08267220308953
exact_1_2,pc_score,overall_new_release_count,downstream_outcomes,TRUE,split_full_avg,low,observed,7,-1.32392210442624,0.35296641294738,-2.01573627380311,-0.63210793504938
exact_1_2,pc_score,overall_new_release_count,downstream_outcomes,TRUE,split_full_avg,low,observed,8,-1.4995021198952,0.292247098041306,-2.07230643205616,-0.926697807734245
exact_1_2,pc_score,overall_new_release_count,downstream_outcomes,TRUE,split_full_avg,low,observed,9,-1.74478444149178,0.331617254888513,-2.39475426107327,-1.0948146219103
exact_1_2,pc_score,overall_new_release_count,downstream_outcomes,TRUE,split_full_avg,low,observed,10,-1.45490237138857,0.424030983869477,-2.28600309977275,-0.623801643004396
exact_1_2,pc_score,overall_new_release_count,downstream_outcomes,TRUE,split_full_avg,low,observed,11,-1.6278558689963,0.489105681757572,-2.58650300524114,-0.669208732751461
exact_1_2,pc_score,pull_request_opened,github_outcomes,TRUE,split_period1,high,observed,-15,-0.166144393514836,0.517895594349906,-1.18121975844065,0.84893097141098
exact_1_2,pc_score,pull_request_opened,github_outcomes,TRUE,split_period1,high,observed,-14,-0.457153970664265,0.530978948919917,-1.4978727105473,0.583564769218773
exact_1_2,pc_score,pull_request_opened,github_outcomes,TRUE,split_period1,high,observed,-13,1.24594786605386,0.477621593053834,0.309809543668344,2.18208618843937
exact_1_2,pc_score,pull_request_opened,github_outcomes,TRUE,split_period1,high,observed,-12,0.720676367338063,0.44702968390533,-0.155501813116384,1.59685454779251
exact_1_2,pc_score,pull_request_opened,github_outcomes,TRUE,split_period1,high,observed,-11,0.413263686551072,0.340196413471815,-0.253521283853686,1.08004865695583
exact_1_2,pc_score,pull_request_opened,github_outcomes,TRUE,split_period1,high,observed,-10,0.525177427346598,0.335908858242118,-0.133203934807954,1.18355878950115
exact_1_2,pc_score,pull_request_opened,github_outcomes,TRUE,split_period1,high,observed,-9,0.505937482961659,0.291276335450783,-0.0649641345218752,1.07683910044519
exact_1_2,pc_score,pull_request_opened,github_outcomes,TRUE,split_period1,high,observed,-8,0.876472392711838,0.326699339685108,0.236141686929026,1.51680309849465
exact_1_2,pc_score,pull_request_opened,github_outcomes,TRUE,split_period1,high,observed,-7,0.390787368830725,0.22656606449241,-0.0532821175743989,0.834856855235848
exact_1_2,pc_score,pull_request_opened,github_outcomes,TRUE,split_period1,high,observed,-6,0.326615307657576,0.198893901877067,-0.0632167400214752,0.716447355336627
exact_1_2,pc_score,pull_request_opened,github_outcomes,TRUE,split_period1,high,observed,-5,0.199762348926852,0.143983824802929,-0.0824459476868893,0.481970645540593
exact_1_2,pc_score,pull_request_opened,github_outcomes,TRUE,split_period1,high,observed,-4,0.384798049468821,0.125189390397815,0.139426844289104,0.630169254648538
exact_1_2,pc_score,pull_request_opened,github_outcomes,TRUE,split_period1,high,observed,-3,0.251309880750335,0.103695530865343,0.0480666402542621,0.454553121246408
exact_1_2,pc_score,pull_request_opened,github_outcomes,TRUE,split_period1,high,observed,-2,0.491282380742833,0.0880739740493505,0.318657391606106,0.66390736987956
exact_1_2,pc_score,pull_request_opened,github_outcomes,TRUE,split_period1,high,observed,-1,0,0,0,0
exact_1_2,pc_score,pull_request_opened,github_outcomes,TRUE,split_period1,high,observed,0,0.452514739176074,0.151270242753809,0.156025063378607,0.74900441497354
exact_1_2,pc_score,pull_request_opened,github_outcomes,TRUE,split_period1,high,observed,1,0.445495628037052,0.16930820879259,0.113651538803576,0.777339717270528
exact_1_2,pc_score,pull_request_opened,github_outcomes,TRUE,split_period1,high,observed,2,0.28126399078914,0.174207009829925,-0.0601817484775128,0.622709730055793
exact_1_2,pc_score,pull_request_opened,github_outcomes,TRUE,split_period1,high,observed,3,0.453723378120508,0.276328852982171,-0.0878811737245463,0.995327929965563
exact_1_2,pc_score,pull_request_opened,github_outcomes,TRUE,split_period1,high,observed,4,0.483825133133902,0.338199645295709,-0.179046171645689,1.14669643791349
exact_1_2,pc_score,pull_request_opened,github_outcomes,TRUE,split_period1,high,observed,5,0.770863037519378,0.357303203860511,0.0705487579527761,1.47117731708598
exact_1_2,pc_score,pull_request_opened,github_outcomes,TRUE,split_period1,high,observed,6,0.897947303324404,0.455172288373715,0.00580961811192304,1.79008498853688
exact_1_2,pc_score,pull_request_opened,github_outcomes,TRUE,split_period1,high,observed,7,0.222695104856693,0.299766831740854,-0.36484788535538,0.810238095068766
exact_1_2,pc_score,pull_request_opened,github_outcomes,TRUE,split_period1,high,observed,8,0.18891509911689,0.377393159705425,-0.550775493905742,0.928605692139523
exact_1_2,pc_score,pull_request_opened,github_outcomes,TRUE,split_period1,high,observed,9,-0.17571457611916,0.313188884429588,-0.789564789601153,0.438135637362833
exact_1_2,pc_score,pull_request_opened,github_outcomes,TRUE,split_period1,high,observed,10,-0.387332195213162,0.303554873427572,-0.982299747131202,0.207635356704879
exact_1_2,pc_score,pull_request_opened,github_outcomes,TRUE,split_period1,high,observed,11,-0.328572880010701,0.478047285678065,-1.26554555993971,0.608399799918306
exact_1_2,pc_score,pull_request_opened,github_outcomes,TRUE,split_period1,low,observed,-15,1.16679898557971,1.19067119506244,-1.16691655674268,3.50051452790209
exact_1_2,pc_score,pull_request_opened,github_outcomes,TRUE,split_period1,low,observed,-14,0.318981877604523,0.702838298049026,-1.05858118657157,1.69654494178061
exact_1_2,pc_score,pull_request_opened,github_outcomes,TRUE,split_period1,low,observed,-13,0.382409817275531,0.507916672331597,-0.613106860494399,1.37792649504546
exact_1_2,pc_score,pull_request_opened,github_outcomes,TRUE,split_period1,low,observed,-12,-0.267786275411545,0.379249003347543,-1.01111432197273,0.475541771149639
exact_1_2,pc_score,pull_request_opened,github_outcomes,TRUE,split_period1,low,observed,-11,0.51448976795951,0.432447194390967,-0.333106733046785,1.3620862689658
exact_1_2,pc_score,pull_request_opened,github_outcomes,TRUE,split_period1,low,observed,-10,0.596643702265504,0.450553520680517,-0.28644119826831,1.47972860279932
exact_1_2,pc_score,pull_request_opened,github_outcomes,TRUE,split_period1,low,observed,-9,0.876573002774068,0.521674157865038,-0.145908346641407,1.89905435218954
exact_1_2,pc_score,pull_request_opened,github_outcomes,TRUE,split_period1,low,observed,-8,0.215359369251947,0.404677577908173,-0.577808683448071,1.00852742195197
exact_1_2,pc_score,pull_request_opened,github_outcomes,TRUE,split_period1,low,observed,-7,0.577079478810159,0.407093642917503,-0.220824061308147,1.37498301892846
exact_1_2,pc_score,pull_request_opened,github_outcomes,TRUE,split_period1,low,observed,-6,0.383890273682028,0.352027994503564,-0.306084595544957,1.07386514290901
exact_1_2,pc_score,pull_request_opened,github_outcomes,TRUE,split_period1,low,observed,-5,0.168463535817609,0.246709551693281,-0.315087185501221,0.652014257136439
exact_1_2,pc_score,pull_request_opened,github_outcomes,TRUE,split_period1,low,observed,-4,-0.026490170260947,0.181824655756089,-0.382866495542882,0.329886155020988
exact_1_2,pc_score,pull_request_opened,github_outcomes,TRUE,split_period1,low,observed,-3,-0.0272421286564762,0.140524492797526,-0.302670134539628,0.248185877226676
exact_1_2,pc_score,pull_request_opened,github_outcomes,TRUE,split_period1,low,observed,-2,0.164793900512665,0.121856049354952,-0.0740439562230411,0.403631757248371
exact_1_2,pc_score,pull_request_opened,github_outcomes,TRUE,split_period1,low,observed,-1,0,0,0,0
exact_1_2,pc_score,pull_request_opened,github_outcomes,TRUE,split_period1,low,observed,0,-0.531554091912312,0.219006411016496,-0.960806657504645,-0.10230152631998
exact_1_2,pc_score,pull_request_opened,github_outcomes,TRUE,split_period1,low,observed,1,-1.49735391203127,0.382705738091846,-2.24745715869129,-0.747250665371251
exact_1_2,pc_score,pull_request_opened,github_outcomes,TRUE,split_period1,low,observed,2,-1.61784655797486,0.547575465819388,-2.69109447098086,-0.544598644968857
exact_1_2,pc_score,pull_request_opened,github_outcomes,TRUE,split_period1,low,observed,3,-2.11706480442072,0.791282311952098,-3.66797813584683,-0.566151472994605
exact_1_2,pc_score,pull_request_opened,github_outcomes,TRUE,split_period1,low,observed,4,-2.45550211818702,1.14326515064935,-4.69630181345975,-0.214702422914295
exact_1_2,pc_score,pull_request_opened,github_outcomes,TRUE,split_period1,low,observed,5,-2.81815502290622,1.44105555202686,-5.64262390487887,0.00631385906643178
exact_1_2,pc_score,pull_request_opened,github_outcomes,TRUE,split_period1,low,observed,6,-3.13342504993641,1.52846499973891,-6.12921644942468,-0.137633650448137
exact_1_2,pc_score,pull_request_opened,github_outcomes,TRUE,split_period1,low,observed,7,-3.17887614415983,1.8135381698187,-6.73341095700448,0.375658668684832
exact_1_2,pc_score,pull_request_opened,github_outcomes,TRUE,split_period1,low,observed,8,-3.46666968667154,1.8171115838526,-7.02820839102264,0.0948690176795526
exact_1_2,pc_score,pull_request_opened,github_outcomes,TRUE,split_period1,low,observed,9,-3.93914043274647,2.09638849380517,-8.04806188060461,0.169781015111664
exact_1_2,pc_score,pull_request_opened,github_outcomes,TRUE,split_period1,low,observed,10,-3.80941264619253,2.19739642095166,-8.11630963125778,0.497484338872727
exact_1_2,pc_score,pull_request_opened,github_outcomes,TRUE,split_period1,low,observed,11,-3.77768031254605,2.1017305967348,-7.89707228214626,0.341711657054169
exact_1_2,pc_score,pull_request_merged,github_outcomes,TRUE,split_period1,high,observed,-15,0.0897585810330427,0.487225859909646,-0.865204104389864,1.04472126645595
exact_1_2,pc_score,pull_request_merged,github_outcomes,TRUE,split_period1,high,observed,-14,-0.132925844557463,0.466267308126503,-1.04680976848541,0.780958079370482
exact_1_2,pc_score,pull_request_merged,github_outcomes,TRUE,split_period1,high,observed,-13,0.956951534511156,0.450367833619871,0.07423058061621,1.8396724884061
exact_1_2,pc_score,pull_request_merged,github_outcomes,TRUE,split_period1,high,observed,-12,0.557014117377354,0.345320807618921,-0.11981466555573,1.23384290031044
exact_1_2,pc_score,pull_request_merged,github_outcomes,TRUE,split_period1,high,observed,-11,0.426802236079726,0.315615766213815,-0.191804665699352,1.0454091378588
exact_1_2,pc_score,pull_request_merged,github_outcomes,TRUE,split_period1,high,observed,-10,0.670782136702353,0.351847024791576,-0.018838031889135,1.36040230529384
exact_1_2,pc_score,pull_request_merged,github_outcomes,TRUE,split_period1,high,observed,-9,0.573859475482665,0.268610365839464,0.0473831584373148,1.10033579252801
exact_1_2,pc_score,pull_request_merged,github_outcomes,TRUE,split_period1,high,observed,-8,0.704398542724196,0.276442027980786,0.162572167881856,1.24622491756654
exact_1_2,pc_score,pull_request_merged,github_outcomes,TRUE,split_period1,high,observed,-7,0.306031471299862,0.205549874842259,-0.0968462833909645,0.708909225990689
exact_1_2,pc_score,pull_request_merged,github_outcomes,TRUE,split_period1,high,observed,-6,0.315797107870696,0.181465656042747,-0.0398755779730884,0.67146979371448
exact_1_2,pc_score,pull_request_merged,github_outcomes,TRUE,split_period1,high,observed,-5,0.183285255862829,0.130653619663508,-0.0727958386776473,0.439366350403305
exact_1_2,pc_score,pull_request_merged,github_outcomes,TRUE,split_period1,high,observed,-4,0.344004029338643,0.112212768162067,0.124067003740992,0.563941054936295
exact_1_2,pc_score,pull_request_merged,github_outcomes,TRUE,split_period1,high,observed,-3,0.319442958489948,0.0999652623973945,0.123511044191054,0.515374872788841
exact_1_2,pc_score,pull_request_merged,github_outcomes,TRUE,split_period1,high,observed,-2,0.520220576223322,0.087423324880094,0.348870859458338,0.691570292988307
exact_1_2,pc_score,pull_request_merged,github_outcomes,TRUE,split_period1,high,observed,-1,0,0,0,0
exact_1_2,pc_score,pull_request_merged,github_outcomes,TRUE,split_period1,high,observed,0,0.698242979643822,0.160161383052543,0.384326668860839,1.01215929042681
exact_1_2,pc_score,pull_request_merged,github_outcomes,TRUE,split_period1,high,observed,1,0.571227917944061,0.134734579703906,0.307148141724405,0.835307694163717
exact_1_2,pc_score,pull_request_merged,github_outcomes,TRUE,split_period1,high,observed,2,0.373556170479699,0.173719123859938,0.0330666877142214,0.714045653245178
exact_1_2,pc_score,pull_request_merged,github_outcomes,TRUE,split_period1,high,observed,3,0.469031802979353,0.237633372082779,0.00327039369710636,0.934793212261599
exact_1_2,pc_score,pull_request_merged,github_outcomes,TRUE,split_period1,high,observed,4,0.650153604265664,0.281072898733304,0.0992507227483881,1.20105648578294
exact_1_2,pc_score,pull_request_merged,github_outcomes,TRUE,split_period1,high,observed,5,0.643117327109919,0.339556916019158,-0.0224142282876295,1.30864888250747
exact_1_2,pc_score,pull_request_merged,github_outcomes,TRUE,split_period1,high,observed,6,0.738519321951938,0.384888682409087,-0.0158624955698734,1.49290113947375
exact_1_2,pc_score,pull_request_merged,github_outcomes,TRUE,split_period1,high,observed,7,0.159338046539987,0.236477916381159,-0.304158669567084,0.622834762647058
exact_1_2,pc_score,pull_request_merged,github_outcomes,TRUE,split_period1,high,observed,8,0.438688863636095,0.322986445405729,-0.194364569359135,1.07174229663132
exact_1_2,pc_score,pull_request_merged,github_outcomes,TRUE,split_period1,high,observed,9,0.160059452593894,0.337448958518399,-0.501340506102167,0.821459411289955
exact_1_2,pc_score,pull_request_merged,github_outcomes,TRUE,split_period1,high,observed,10,-0.102076637901561,0.275476464674377,-0.642010508663341,0.437857232860219
exact_1_2,pc_score,pull_request_merged,github_outcomes,TRUE,split_period1,high,observed,11,-0.182438158458511,0.535203525976208,-1.23143706937188,0.866560752454856
exact_1_2,pc_score,pull_request_merged,github_outcomes,TRUE,split_period1,low,observed,-15,0.93318328382676,0.44407500996808,0.0627962642893238,1.8035703033642
exact_1_2,pc_score,pull_request_merged,github_outcomes,TRUE,split_period1,low,observed,-14,0.37335090200707,0.520451541446234,-0.646734119227548,1.39343592324169
exact_1_2,pc_score,pull_request_merged,github_outcomes,TRUE,split_period1,low,observed,-13,0.36934824958916,0.495675328561135,-0.602175394390665,1.34087189356899
exact_1_2,pc_score,pull_request_merged,github_outcomes,TRUE,split_period1,low,observed,-12,-0.196066261369803,0.362534387142174,-0.906633660168463,0.514501137428858
exact_1_2,pc_score,pull_request_merged,github_outcomes,TRUE,split_period1,low,observed,-11,0.117834175738236,0.401593674007078,-0.669289425315637,0.90495777679211
exact_1_2,pc_score,pull_request_merged,github_outcomes,TRUE,split_period1,low,observed,-10,0.789355928563201,0.643985160970604,-0.472854986939183,2.05156684406559
exact_1_2,pc_score,pull_request_merged,github_outcomes,TRUE,split_period1,low,observed,-9,0.7056653260315,0.60900115522814,-0.487976938215654,1.89930759027865
exact_1_2,pc_score,pull_request_merged,github_outcomes,TRUE,split_period1,low,observed,-8,-0.0976680167208812,0.345231172602549,-0.774321115021877,0.578985081580114
exact_1_2,pc_score,pull_request_merged,github_outcomes,TRUE,split_period1,low,observed,-7,0.327677860464516,0.327160378526828,-0.313556481448067,0.968912202377099
exact_1_2,pc_score,pull_request_merged,github_outcomes,TRUE,split_period1,low,observed,-6,0.239812417508332,0.295208097899045,-0.338795454373796,0.818420289390459
exact_1_2,pc_score,pull_request_merged,github_outcomes,TRUE,split_period1,low,observed,-5,0.0723312699381634,0.207749714652692,-0.334858170781112,0.479520710657439
exact_1_2,pc_score,pull_request_merged,github_outcomes,TRUE,split_period1,low,observed,-4,-0.0915277681681487,0.157033647017133,-0.399313716321729,0.216258179985432
exact_1_2,pc_score,pull_request_merged,github_outcomes,TRUE,split_period1,low,observed,-3,-0.149998263494421,0.128468616861349,-0.401796752542665,0.101800225553823
exact_1_2,pc_score,pull_request_merged,github_outcomes,TRUE,split_period1,low,observed,-2,0.0657570046331797,0.117296329269102,-0.16414380073426,0.295657810000619
exact_1_2,pc_score,pull_request_merged,github_outcomes,TRUE,split_period1,low,observed,-1,0,0,0,0
exact_1_2,pc_score,pull_request_merged,github_outcomes,TRUE,split_period1,low,observed,0,-0.605538063643224,0.163991091184402,-0.926960602364651,-0.284115524921796
exact_1_2,pc_score,pull_request_merged,github_outcomes,TRUE,split_period1,low,observed,1,-1.68419070119332,0.291936335406982,-2.256385918591,-1.11199548379563
exact_1_2,pc_score,pull_request_merged,github_outcomes,TRUE,split_period1,low,observed,2,-1.75815627774601,0.444727910019455,-2.62982298138414,-0.886489574107881
exact_1_2,pc_score,pull_request_merged,github_outcomes,TRUE,split_period1,low,observed,3,-2.07074748196274,0.599591949857364,-3.24594770368317,-0.895547260242308
exact_1_2,pc_score,pull_request_merged,github_outcomes,TRUE,split_period1,low,observed,4,-2.27461072183711,0.892886230771976,-4.02466773415018,-0.524553709524036
exact_1_2,pc_score,pull_request_merged,github_outcomes,TRUE,split_period1,low,observed,5,-2.61817713150886,1.1174215709685,-4.80832341060711,-0.428030852410608
exact_1_2,pc_score,pull_request_merged,github_outcomes,TRUE,split_period1,low,observed,6,-3.02541646752211,1.15713472991602,-5.2934005381575,-0.757432396886716
exact_1_2,pc_score,pull_request_merged,github_outcomes,TRUE,split_period1,low,observed,7,-3.1437466061439,1.42428865144822,-5.93535236298242,-0.352140849305385
exact_1_2,pc_score,pull_request_merged,github_outcomes,TRUE,split_period1,low,observed,8,-3.27509457229675,1.3850478321276,-5.98978832326685,-0.560400821326656
exact_1_2,pc_score,pull_request_merged,github_outcomes,TRUE,split_period1,low,observed,9,-3.74497282069176,1.63986690928949,-6.95911196289915,-0.530833678484365
exact_1_2,pc_score,pull_request_merged,github_outcomes,TRUE,split_period1,low,observed,10,-3.8361017814972,1.70912398271559,-7.18598478761976,-0.486218775374629
exact_1_2,pc_score,pull_request_merged,github_outcomes,TRUE,split_period1,low,observed,11,-3.23288616209517,1.65092557973054,-6.46870029836702,0.00292797417668478
exact_1_2,pc_score,overall_new_release_count,downstream_outcomes,TRUE,split_period1,high,observed,-15,0.537265189068496,0.210827656034143,0.124042983241576,0.950487394895416
exact_1_2,pc_score,overall_new_release_count,downstream_outcomes,TRUE,split_period1,high,observed,-14,0.787556088027283,0.195817415720363,0.403753953215372,1.17135822283919
exact_1_2,pc_score,overall_new_release_count,downstream_outcomes,TRUE,split_period1,high,observed,-13,0.718157022684446,0.179678596026279,0.365986974472939,1.07032707089595
exact_1_2,pc_score,overall_new_release_count,downstream_outcomes,TRUE,split_period1,high,observed,-12,0.767142990700287,0.141406367594768,0.489986510214542,1.04429947118603
exact_1_2,pc_score,overall_new_release_count,downstream_outcomes,TRUE,split_period1,high,observed,-11,0.613304260900677,0.118410067349628,0.381220528895407,0.845387992905947
exact_1_2,pc_score,overall_new_release_count,downstream_outcomes,TRUE,split_period1,high,observed,-10,0.601127113233964,0.11360399051595,0.378463291822701,0.823790934645226
exact_1_2,pc_score,overall_new_release_count,downstream_outcomes,TRUE,split_period1,high,observed,-9,0.482171406827125,0.103348584397497,0.27960818140803,0.68473463224622
exact_1_2,pc_score,overall_new_release_count,downstream_outcomes,TRUE,split_period1,high,observed,-8,0.449994059535398,0.0983333997241006,0.257260596076161,0.642727522994635
exact_1_2,pc_score,overall_new_release_count,downstream_outcomes,TRUE,split_period1,high,observed,-7,0.401951953153654,0.132575819538761,0.142103346857682,0.661800559449625
exact_1_2,pc_score,overall_new_release_count,downstream_outcomes,TRUE,split_period1,high,observed,-6,0.348586699222401,0.138115904685553,0.0778795260387166,0.619293872406084
exact_1_2,pc_score,overall_new_release_count,downstream_outcomes,TRUE,split_period1,high,observed,-5,0.228215278303182,0.127204385913488,-0.0211053180872545,0.477535874693619
exact_1_2,pc_score,overall_new_release_count,downstream_outcomes,TRUE,split_period1,high,observed,-4,0.376941384495987,0.129061016276638,0.123981792593776,0.629900976398198
exact_1_2,pc_score,overall_new_release_count,downstream_outcomes,TRUE,split_period1,high,observed,-3,0.274154986819096,0.10860681906149,0.0612856214585756,0.487024352179616
exact_1_2,pc_score,overall_new_release_count,downstream_outcomes,TRUE,split_period1,high,observed,-2,0.342237753693632,0.0977757806344705,0.15059722365007,0.533878283737194
exact_1_2,pc_score,overall_new_release_count,downstream_outcomes,TRUE,split_period1,high,observed,-1,0,0,0,0
exact_1_2,pc_score,overall_new_release_count,downstream_outcomes,TRUE,split_period1,high,observed,0,0.42333963721111,0.138957087923961,0.150983744880146,0.695695529542075
exact_1_2,pc_score,overall_new_release_count,downstream_outcomes,TRUE,split_period1,high,observed,1,0.0357076967971214,0.13591275490892,-0.230681302824361,0.302096696418604
exact_1_2,pc_score,overall_new_release_count,downstream_outcomes,TRUE,split_period1,high,observed,2,-0.0781375345593971,0.142955201496601,-0.358329729492734,0.20205466037394
exact_1_2,pc_score,overall_new_release_count,downstream_outcomes,TRUE,split_period1,high,observed,3,-0.0573200291233029,0.148223891019381,-0.34783885552129,0.233198797274684
exact_1_2,pc_score,overall_new_release_count,downstream_outcomes,TRUE,split_period1,high,observed,4,-0.073571179865194,0.163334000848688,-0.393705821528622,0.246563461798234
exact_1_2,pc_score,overall_new_release_count,downstream_outcomes,TRUE,split_period1,high,observed,5,-0.0794956332538907,0.182692642603798,-0.437573212757334,0.278581946249552
exact_1_2,pc_score,overall_new_release_count,downstream_outcomes,TRUE,split_period1,high,observed,6,-0.216860797262927,0.174311163915491,-0.558510678537289,0.124789084011436
exact_1_2,pc_score,overall_new_release_count,downstream_outcomes,TRUE,split_period1,high,observed,7,-0.189311033656804,0.197399068020442,-0.57621320697687,0.197591139663262
exact_1_2,pc_score,overall_new_release_count,downstream_outcomes,TRUE,split_period1,high,observed,8,-0.307910955986164,0.222623576278271,-0.744253165491575,0.128431253519247
exact_1_2,pc_score,overall_new_release_count,downstream_outcomes,TRUE,split_period1,high,observed,9,-0.523588746034418,0.243394180617983,-1.00064134004567,-0.0465361520231711
exact_1_2,pc_score,overall_new_release_count,downstream_outcomes,TRUE,split_period1,high,observed,10,0.103248847734858,0.689450149627298,-1.24807344553465,1.45457114100436
exact_1_2,pc_score,overall_new_release_count,downstream_outcomes,TRUE,split_period1,high,observed,11,-1.40109985257865,0.322166259064692,-2.03254572034545,-0.769653984811853
exact_1_2,pc_score,overall_new_release_count,downstream_outcomes,TRUE,split_period1,low,observed,-15,0.931466401635944,0.282801164834094,0.377176118561119,1.48575668471077
exact_1_2,pc_score,overall_new_release_count,downstream_outcomes,TRUE,split_period1,low,observed,-14,0.626208252830041,0.240046885865736,0.155716356533198,1.09670014912688
exact_1_2,pc_score,overall_new_release_count,downstream_outcomes,TRUE,split_period1,low,observed,-13,0.481998460418345,0.236968151413692,0.0175408836475093,0.946456037189181
exact_1_2,pc_score,overall_new_release_count,downstream_outcomes,TRUE,split_period1,low,observed,-12,0.4565986809435,0.265277071756197,-0.0633443796986453,0.976541741585646
exact_1_2,pc_score,overall_new_release_count,downstream_outcomes,TRUE,split_period1,low,observed,-11,0.33006482339732,0.229716046400084,-0.120178627546844,0.780308274341485
exact_1_2,pc_score,overall_new_release_count,downstream_outcomes,TRUE,split_period1,low,observed,-10,0.256886833889253,0.208327826003852,-0.151435705078297,0.665209372856804
exact_1_2,pc_score,overall_new_release_count,downstream_outcomes,TRUE,split_period1,low,observed,-9,0.223735740554384,0.192090395818579,-0.152761435250031,0.6002329163588
exact_1_2,pc_score,overall_new_release_count,downstream_outcomes,TRUE,split_period1,low,observed,-8,0.214656781730347,0.179606878701162,-0.13737270052393,0.566686263984623
exact_1_2,pc_score,overall_new_release_count,downstream_outcomes,TRUE,split_period1,low,observed,-7,0.212525942643881,0.178174893102442,-0.136696847836906,0.561748733124667
exact_1_2,pc_score,overall_new_release_count,downstream_outcomes,TRUE,split_period1,low,observed,-6,0.256885141959916,0.168218677666575,-0.0728234662665713,0.586593750186404
exact_1_2,pc_score,overall_new_release_count,downstream_outcomes,TRUE,split_period1,low,observed,-5,0.0223281423387289,0.126501732255634,-0.225615252882314,0.270271537559771
exact_1_2,pc_score,overall_new_release_count,downstream_outcomes,TRUE,split_period1,low,observed,-4,-0.200482241798236,0.101788336382744,-0.399987381108414,-0.00097710248805713
exact_1_2,pc_score,overall_new_release_count,downstream_outcomes,TRUE,split_period1,low,observed,-3,-0.234981802601957,0.0963289912779535,-0.423786625506746,-0.0461769796971678
exact_1_2,pc_score,overall_new_release_count,downstream_outcomes,TRUE,split_period1,low,observed,-2,-0.118559833657882,0.0885187112836902,-0.292056507773915,0.054936840458151
exact_1_2,pc_score,overall_new_release_count,downstream_outcomes,TRUE,split_period1,low,observed,-1,0,0,0,0
exact_1_2,pc_score,overall_new_release_count,downstream_outcomes,TRUE,split_period1,low,observed,0,-0.194276964754304,0.113423692857555,-0.416587402755111,0.0280334732465039
exact_1_2,pc_score,overall_new_release_count,downstream_outcomes,TRUE,split_period1,low,observed,1,-0.802418377326464,0.106576212960583,-1.01130775472921,-0.593528999923722
exact_1_2,pc_score,overall_new_release_count,downstream_outcomes,TRUE,split_period1,low,observed,2,-0.726989133791418,0.145499689676844,-1.01216852555803,-0.441809742024803
exact_1_2,pc_score,overall_new_release_count,downstream_outcomes,TRUE,split_period1,low,observed,3,-0.887676314111727,0.165725563617899,-1.21249841880281,-0.562854209420645
exact_1_2,pc_score,overall_new_release_count,downstream_outcomes,TRUE,split_period1,low,observed,4,-0.86418584207137,0.247504782077859,-1.34929521494397,-0.379076469198766
exact_1_2,pc_score,overall_new_release_count,downstream_outcomes,TRUE,split_period1,low,observed,5,-0.847807335931316,0.261056464682768,-1.35947800670954,-0.336136665153091
exact_1_2,pc_score,overall_new_release_count,downstream_outcomes,TRUE,split_period1,low,observed,6,-1.18331713414376,0.23601955617713,-1.64591546425093,-0.720718804036583
exact_1_2,pc_score,overall_new_release_count,downstream_outcomes,TRUE,split_period1,low,observed,7,-1.02431553363168,0.321987248907895,-1.65541054149116,-0.393220525772207
exact_1_2,pc_score,overall_new_release_count,downstream_outcomes,TRUE,split_period1,low,observed,8,-1.21753429582451,0.275064510858674,-1.75666073710752,-0.678407854541512
exact_1_2,pc_score,overall_new_release_count,downstream_outcomes,TRUE,split_period1,low,observed,9,-1.41700473197753,0.338838347395797,-2.08112789287329,-0.752881571081769
exact_1_2,pc_score,overall_new_release_count,downstream_outcomes,TRUE,split_period1,low,observed,10,-0.976144120391702,0.509985495374278,-1.97571569132529,0.0234274505418827
exact_1_2,pc_score,overall_new_release_count,downstream_outcomes,TRUE,split_period1,low,observed,11,-1.59253439337419,0.488356866285369,-2.54971385129351,-0.635354935454866
exact_1_2,pc_score,pull_request_opened,github_outcomes,TRUE,split_period5,high,observed,-15,-0.176959579287545,0.446470334191144,-1.05204143430219,0.698122275727097
exact_1_2,pc_score,pull_request_opened,github_outcomes,TRUE,split_period5,high,observed,-14,-0.857310775032657,0.497367811523222,-1.83215168561817,0.117530135552859
exact_1_2,pc_score,pull_request_opened,github_outcomes,TRUE,split_period5,high,observed,-13,0.980371228661063,0.482963627161391,0.0337625194247376,1.92697993789739
exact_1_2,pc_score,pull_request_opened,github_outcomes,TRUE,split_period5,high,observed,-12,0.320631118314013,0.427252020386626,-0.516782841643774,1.1580450782718
exact_1_2,pc_score,pull_request_opened,github_outcomes,TRUE,split_period5,high,observed,-11,0.880113911526473,0.370775816842748,0.153393310514686,1.60683451253826
exact_1_2,pc_score,pull_request_opened,github_outcomes,TRUE,split_period5,high,observed,-10,0.517875329302398,0.298793923352939,-0.0677607604693626,1.10351141907416
exact_1_2,pc_score,pull_request_opened,github_outcomes,TRUE,split_period5,high,observed,-9,0.481012536733203,0.302745692148735,-0.112369019878318,1.07439409334472
exact_1_2,pc_score,pull_request_opened,github_outcomes,TRUE,split_period5,high,observed,-8,0.783121595706069,0.306899560227064,0.181598457661023,1.38464473375112
exact_1_2,pc_score,pull_request_opened,github_outcomes,TRUE,split_period5,high,observed,-7,0.27624014920642,0.227366300552831,-0.169397799877128,0.721878098289968
exact_1_2,pc_score,pull_request_opened,github_outcomes,TRUE,split_period5,high,observed,-6,0.167291234079623,0.168383389192846,-0.162740208738355,0.497322676897602
exact_1_2,pc_score,pull_request_opened,github_outcomes,TRUE,split_period5,high,observed,-5,0.0813905814816278,0.120784528667577,-0.155347094706824,0.318128257670079
exact_1_2,pc_score,pull_request_opened,github_outcomes,TRUE,split_period5,high,observed,-4,0.20609020280182,0.104306157615966,0.00165013387452648,0.410530271729113
exact_1_2,pc_score,pull_request_opened,github_outcomes,TRUE,split_period5,high,observed,-3,0.183823861731319,0.0951464828246534,-0.00266324460500192,0.370310968067639
exact_1_2,pc_score,pull_request_opened,github_outcomes,TRUE,split_period5,high,observed,-2,0.337749242885645,0.0876261804099893,0.166001929282066,0.509496556489224
exact_1_2,pc_score,pull_request_opened,github_outcomes,TRUE,split_period5,high,observed,-1,0,0,0,0
exact_1_2,pc_score,pull_request_opened,github_outcomes,TRUE,split_period5,high,observed,0,0.286465394599033,0.141897220684475,0.00834684205746084,0.564583947140604
exact_1_2,pc_score,pull_request_opened,github_outcomes,TRUE,split_period5,high,observed,1,0.248000753070042,0.161303960880617,-0.0681550102559664,0.564156516396051
exact_1_2,pc_score,pull_request_opened,github_outcomes,TRUE,split_period5,high,observed,2,0.467827838879121,0.163232657208836,0.147891830749802,0.78776384700844
exact_1_2,pc_score,pull_request_opened,github_outcomes,TRUE,split_period5,high,observed,3,0.806742322791422,0.268883712536637,0.279730246219613,1.33375439936323
exact_1_2,pc_score,pull_request_opened,github_outcomes,TRUE,split_period5,high,observed,4,1.04468065521949,0.335843156147812,0.386428069169775,1.7029332412692
exact_1_2,pc_score,pull_request_opened,github_outcomes,TRUE,split_period5,high,observed,5,1.62278957472328,0.365652540080437,0.906110596165621,2.33946855328093
exact_1_2,pc_score,pull_request_opened,github_outcomes,TRUE,split_period5,high,observed,6,1.627363577421,0.470019450898451,0.706125453660037,2.54860170118196
exact_1_2,pc_score,pull_request_opened,github_outcomes,TRUE,split_period5,high,observed,7,0.907112212919918,0.297961677712136,0.323107324604133,1.4911171012357
exact_1_2,pc_score,pull_request_opened,github_outcomes,TRUE,split_period5,high,observed,8,0.801720542427422,0.409571473131492,-0.00103954491030167,1.60448062976515
exact_1_2,pc_score,pull_request_opened,github_outcomes,TRUE,split_period5,high,observed,9,0.490139617374844,0.328259543286091,-0.153249087465895,1.13352832221558
exact_1_2,pc_score,pull_request_opened,github_outcomes,TRUE,split_period5,high,observed,10,-0.0913963235329471,0.311005576021172,-0.700967252534444,0.51817460546855
exact_1_2,pc_score,pull_request_opened,github_outcomes,TRUE,split_period5,high,observed,11,-0.450403582189819,0.299238784823119,-1.03691160044313,0.136104436063495
exact_1_2,pc_score,pull_request_opened,github_outcomes,TRUE,split_period5,low,observed,-15,0.876642243334339,1.07333994756874,-1.22710405390038,2.98038854056906
exact_1_2,pc_score,pull_request_opened,github_outcomes,TRUE,split_period5,low,observed,-14,0.259723448799365,0.635569580094191,-0.98599292818525,1.50543982578398
exact_1_2,pc_score,pull_request_opened,github_outcomes,TRUE,split_period5,low,observed,-13,0.737243424293958,0.482348760252132,-0.20816014580022,1.68264699438814
exact_1_2,pc_score,pull_request_opened,github_outcomes,TRUE,split_period5,low,observed,-12,0.0763167106756455,0.371427068196065,-0.651680342988642,0.804313764339933
exact_1_2,pc_score,pull_request_opened,github_outcomes,TRUE,split_period5,low,observed,-11,0.0185898866796935,0.419886589792662,-0.804387829313924,0.841567602673311
exact_1_2,pc_score,pull_request_opened,github_outcomes,TRUE,split_period5,low,observed,-10,0.467930937423666,0.437516742286811,-0.389601877458483,1.32546375230581
exact_1_2,pc_score,pull_request_opened,github_outcomes,TRUE,split_period5,low,observed,-9,0.759492776492796,0.507091316572854,-0.234406203989997,1.75339175697559
exact_1_2,pc_score,pull_request_opened,github_outcomes,TRUE,split_period5,low,observed,-8,0.292716623680117,0.412417571215018,-0.515621815901318,1.10105506326155
exact_1_2,pc_score,pull_request_opened,github_outcomes,TRUE,split_period5,low,observed,-7,0.743820502541346,0.436926636682527,-0.112555705356407,1.6001967104391
exact_1_2,pc_score,pull_request_opened,github_outcomes,TRUE,split_period5,low,observed,-6,0.588400491443591,0.393752096664334,-0.183353618018505,1.36015460090569
exact_1_2,pc_score,pull_request_opened,github_outcomes,TRUE,split_period5,low,observed,-5,0.304093387677986,0.280559111766823,-0.245802471384986,0.853989246740958
exact_1_2,pc_score,pull_request_opened,github_outcomes,TRUE,split_period5,low,observed,-4,0.140308492212813,0.206126505704222,-0.263699458967463,0.544316443393089
exact_1_2,pc_score,pull_request_opened,github_outcomes,TRUE,split_period5,low,observed,-3,0.047175245936107,0.151091997349765,-0.248965068869433,0.343315560741647
exact_1_2,pc_score,pull_request_opened,github_outcomes,TRUE,split_period5,low,observed,-2,0.306574966072063,0.124585547390663,0.0623872931863641,0.550762638957762
exact_1_2,pc_score,pull_request_opened,github_outcomes,TRUE,split_period5,low,observed,-1,0,0,0,0
exact_1_2,pc_score,pull_request_opened,github_outcomes,TRUE,split_period5,low,observed,0,-0.361679407243875,0.214831841191427,-0.782749815979072,0.0593910014913215
exact_1_2,pc_score,pull_request_opened,github_outcomes,TRUE,split_period5,low,observed,1,-1.2911158525484,0.370514460832045,-2.01732419577921,-0.564907509317592
exact_1_2,pc_score,pull_request_opened,github_outcomes,TRUE,split_period5,low,observed,2,-1.81783374918807,0.540628230901058,-2.87746508175414,-0.758202416621994
exact_1_2,pc_score,pull_request_opened,github_outcomes,TRUE,split_period5,low,observed,3,-2.48913802016903,0.816945068100732,-4.09035035364647,-0.8879256866916
exact_1_2,pc_score,pull_request_opened,github_outcomes,TRUE,split_period5,low,observed,4,-3.08284875087754,1.14820466144349,-5.33332988730679,-0.832367614448303
exact_1_2,pc_score,pull_request_opened,github_outcomes,TRUE,split_period5,low,observed,5,-3.70422760848221,1.45550076495619,-6.55700910779634,-0.851446109168067
exact_1_2,pc_score,pull_request_opened,github_outcomes,TRUE,split_period5,low,observed,6,-3.87042517383421,1.5509608433023,-6.91030842670671,-0.830541920961709
exact_1_2,pc_score,pull_request_opened,github_outcomes,TRUE,split_period5,low,observed,7,-4.00753902531499,1.93619210437837,-7.8024755498966,-0.212602500733379
exact_1_2,pc_score,pull_request_opened,github_outcomes,TRUE,split_period5,low,observed,8,-4.08808101332999,1.87346176464478,-7.76006607203375,-0.416095954626231
exact_1_2,pc_score,pull_request_opened,github_outcomes,TRUE,split_period5,low,observed,9,-4.62749355619132,2.18350431235597,-8.90716200840902,-0.34782510397362
exact_1_2,pc_score,pull_request_opened,github_outcomes,TRUE,split_period5,low,observed,10,-4.23615797013978,2.26962587917214,-8.68462469331718,0.212308753037609
exact_1_2,pc_score,pull_request_opened,github_outcomes,TRUE,split_period5,low,observed,11,-3.76455459868737,2.22282215505573,-8.12128602259661,0.59217682522186
exact_1_2,pc_score,pull_request_merged,github_outcomes,TRUE,split_period5,high,observed,-15,0.250701355825467,0.340303190566283,-0.416292897684447,0.917695609335381
exact_1_2,pc_score,pull_request_merged,github_outcomes,TRUE,split_period5,high,observed,-14,-0.435384877403128,0.365025672480863,-1.15083519546562,0.280065440659362
exact_1_2,pc_score,pull_request_merged,github_outcomes,TRUE,split_period5,high,observed,-13,0.6661627406819,0.421759475860717,-0.160485832005106,1.49281131336891
exact_1_2,pc_score,pull_request_merged,github_outcomes,TRUE,split_period5,high,observed,-12,0.368477459010169,0.316061807293966,-0.251003683286006,0.987958601306343
exact_1_2,pc_score,pull_request_merged,github_outcomes,TRUE,split_period5,high,observed,-11,0.754705848226536,0.346216829950221,0.0761208615241029,1.43329083492897
exact_1_2,pc_score,pull_request_merged,github_outcomes,TRUE,split_period5,high,observed,-10,0.6250356927955,0.29419525917656,0.048412984809443,1.20165840078156
exact_1_2,pc_score,pull_request_merged,github_outcomes,TRUE,split_period5,high,observed,-9,0.426301342773455,0.240947615578836,-0.0459559837610637,0.898558669307974
exact_1_2,pc_score,pull_request_merged,github_outcomes,TRUE,split_period5,high,observed,-8,0.553244334376568,0.256917325649124,0.0496863761042842,1.05680229264885
exact_1_2,pc_score,pull_request_merged,github_outcomes,TRUE,split_period5,high,observed,-7,0.198203665212089,0.185049682215027,-0.164493711929364,0.560901042353543
exact_1_2,pc_score,pull_request_merged,github_outcomes,TRUE,split_period5,high,observed,-6,0.212569336407402,0.165679427129616,-0.112162340766646,0.53730101358145
exact_1_2,pc_score,pull_request_merged,github_outcomes,TRUE,split_period5,high,observed,-5,0.114288666775473,0.115322913308941,-0.111744243310051,0.340321576860997
exact_1_2,pc_score,pull_request_merged,github_outcomes,TRUE,split_period5,high,observed,-4,0.159179591115279,0.101031418001088,-0.0388419881668527,0.357201170397411
exact_1_2,pc_score,pull_request_merged,github_outcomes,TRUE,split_period5,high,observed,-3,0.233508433635308,0.0951117295621862,0.0470894436934228,0.419927423577193
exact_1_2,pc_score,pull_request_merged,github_outcomes,TRUE,split_period5,high,observed,-2,0.372377582346431,0.0857220477847333,0.204362368688354,0.540392796004509
exact_1_2,pc_score,pull_request_merged,github_outcomes,TRUE,split_period5,high,observed,-1,0,0,0,0
exact_1_2,pc_score,pull_request_merged,github_outcomes,TRUE,split_period5,high,observed,0,0.501718930399335,0.152529174315156,0.202761748741629,0.800676112057042
exact_1_2,pc_score,pull_request_merged,github_outcomes,TRUE,split_period5,high,observed,1,0.193895579033196,0.124388520690293,-0.0499059215197772,0.43769707958617
exact_1_2,pc_score,pull_request_merged,github_outcomes,TRUE,split_period5,high,observed,2,0.563124954150411,0.172684587137752,0.224663163360417,0.901586744940405
exact_1_2,pc_score,pull_request_merged,github_outcomes,TRUE,split_period5,high,observed,3,0.801225337984967,0.230366390033535,0.349707213519238,1.2527434624507
exact_1_2,pc_score,pull_request_merged,github_outcomes,TRUE,split_period5,high,observed,4,1.3267543186292,0.281940270395263,0.774151388654485,1.87935724860392
exact_1_2,pc_score,pull_request_merged,github_outcomes,TRUE,split_period5,high,observed,5,1.58129848124442,0.330964199283376,0.932608650649005,2.22998831183984
exact_1_2,pc_score,pull_request_merged,github_outcomes,TRUE,split_period5,high,observed,6,1.514951238501,0.381710222531993,0.766799202338288,2.2631032746637
exact_1_2,pc_score,pull_request_merged,github_outcomes,TRUE,split_period5,high,observed,7,0.855404332159933,0.198088169673718,0.467151519599446,1.24365714472042
exact_1_2,pc_score,pull_request_merged,github_outcomes,TRUE,split_period5,high,observed,8,1.04342582473282,0.311540768279887,0.432805918904243,1.6540457305614
exact_1_2,pc_score,pull_request_merged,github_outcomes,TRUE,split_period5,high,observed,9,0.506609955876632,0.249688346569361,0.0172207966006842,0.995999115152581
exact_1_2,pc_score,pull_request_merged,github_outcomes,TRUE,split_period5,high,observed,10,0.0652569682141742,0.249198531382006,-0.423172153294558,0.553686089722906
exact_1_2,pc_score,pull_request_merged,github_outcomes,TRUE,split_period5,high,observed,11,-0.351117151683011,0.270197638707516,-0.880704523549743,0.17847022018372
exact_1_2,pc_score,pull_request_merged,github_outcomes,TRUE,split_period5,low,observed,-15,0.673527937480617,0.539777470735343,-0.384435905160655,1.73149178012189
exact_1_2,pc_score,pull_request_merged,github_outcomes,TRUE,split_period5,low,observed,-14,0.285972502414055,0.522888872500159,-0.738889687686256,1.31083469251437
exact_1_2,pc_score,pull_request_merged,github_outcomes,TRUE,split_period5,low,observed,-13,0.9461064543531,0.475814619397697,0.0135098003336142,1.87870310837259
exact_1_2,pc_score,pull_request_merged,github_outcomes,TRUE,split_period5,low,observed,-12,-0.116097867941753,0.354175565577733,-0.81028197647411,0.578086240590603
exact_1_2,pc_score,pull_request_merged,github_outcomes,TRUE,split_period5,low,observed,-11,-0.207368787491045,0.360869889573875,-0.914673771055839,0.49993619607375
exact_1_2,pc_score,pull_request_merged,github_outcomes,TRUE,split_period5,low,observed,-10,0.690884280838392,0.639618228329121,-0.562767446686684,1.94453600836347
exact_1_2,pc_score,pull_request_merged,github_outcomes,TRUE,split_period5,low,observed,-9,0.740223744316532,0.605893344190591,-0.447327210297026,1.92777469893009
exact_1_2,pc_score,pull_request_merged,github_outcomes,TRUE,split_period5,low,observed,-8,0.0391264907270946,0.358596012508332,-0.663721693789235,0.741974675243425
exact_1_2,pc_score,pull_request_merged,github_outcomes,TRUE,split_period5,low,observed,-7,0.469266277043659,0.359512965497933,-0.23537913533229,1.17391168941961
exact_1_2,pc_score,pull_request_merged,github_outcomes,TRUE,split_period5,low,observed,-6,0.38692229190192,0.323245630513411,-0.246639143904366,1.02048372770821
exact_1_2,pc_score,pull_request_merged,github_outcomes,TRUE,split_period5,low,observed,-5,0.15463895109128,0.233910335730339,-0.303825306940185,0.613103209122745
exact_1_2,pc_score,pull_request_merged,github_outcomes,TRUE,split_period5,low,observed,-4,0.091307617173159,0.175883860662413,-0.25342474972517,0.436039984071488
exact_1_2,pc_score,pull_request_merged,github_outcomes,TRUE,split_period5,low,observed,-3,-0.0633449286777799,0.134888214898937,-0.327725829879696,0.201035972524136
exact_1_2,pc_score,pull_request_merged,github_outcomes,TRUE,split_period5,low,observed,-2,0.20658592165691,0.121159327360317,-0.0308863599693105,0.444058203283131
exact_1_2,pc_score,pull_request_merged,github_outcomes,TRUE,split_period5,low,observed,-1,0,0,0,0
exact_1_2,pc_score,pull_request_merged,github_outcomes,TRUE,split_period5,low,observed,0,-0.412109083931268,0.17075592748236,-0.746790701796694,-0.0774274660658414
exact_1_2,pc_score,pull_request_merged,github_outcomes,TRUE,split_period5,low,observed,1,-1.31702256318288,0.289533979524552,-1.884509163051,-0.749535963314755
exact_1_2,pc_score,pull_request_merged,github_outcomes,TRUE,split_period5,low,observed,2,-1.94678881771711,0.43948044616116,-2.80817049219298,-1.08540714324123
exact_1_2,pc_score,pull_request_merged,github_outcomes,TRUE,split_period5,low,observed,3,-2.43339973023221,0.618627139084988,-3.64590892283879,-1.22089053762564
exact_1_2,pc_score,pull_request_merged,github_outcomes,TRUE,split_period5,low,observed,4,-3.01465703610018,0.898607541602112,-4.77592781764032,-1.25338625456004
exact_1_2,pc_score,pull_request_merged,github_outcomes,TRUE,split_period5,low,observed,5,-3.5975209964895,1.13233341386937,-5.81689448767347,-1.37814750530553
exact_1_2,pc_score,pull_request_merged,github_outcomes,TRUE,split_period5,low,observed,6,-3.81363136957953,1.1692647263668,-6.10539023325846,-1.52187250590059
exact_1_2,pc_score,pull_request_merged,github_outcomes,TRUE,split_period5,low,observed,7,-3.99662715738612,1.52989686973004,-6.995225022057,-0.998029292715239
exact_1_2,pc_score,pull_request_merged,github_outcomes,TRUE,split_period5,low,observed,8,-3.85973552203891,1.42804141362671,-6.65869669274727,-1.06077435133055
exact_1_2,pc_score,pull_request_merged,github_outcomes,TRUE,split_period5,low,observed,9,-4.08188691104814,1.72608356077853,-7.46501069017405,-0.698763131922227
exact_1_2,pc_score,pull_request_merged,github_outcomes,TRUE,split_period5,low,observed,10,-4.0082505697938,1.76425610428246,-7.46619253418742,-0.550308605400193
exact_1_2,pc_score,pull_request_merged,github_outcomes,TRUE,split_period5,low,observed,11,-3.1727998915356,1.78017449757437,-6.66194190678136,0.31634212371016
exact_1_2,pc_score,overall_new_release_count,downstream_outcomes,TRUE,split_period5,high,observed,-15,1.25911267637789,0.286377469105788,0.697812836930547,1.82041251582524
exact_1_2,pc_score,overall_new_release_count,downstream_outcomes,TRUE,split_period5,high,observed,-14,1.21255902543358,0.25768463484805,0.707497141131403,1.71762090973576
exact_1_2,pc_score,overall_new_release_count,downstream_outcomes,TRUE,split_period5,high,observed,-13,0.980847340267675,0.247944003472933,0.494877093460727,1.46681758707462
exact_1_2,pc_score,overall_new_release_count,downstream_outcomes,TRUE,split_period5,high,observed,-12,1.05787658815233,0.215496954570924,0.635502557193321,1.48025061911134
exact_1_2,pc_score,overall_new_release_count,downstream_outcomes,TRUE,split_period5,high,observed,-11,0.814577181761295,0.195007228999511,0.432363012922254,1.19679135060034
exact_1_2,pc_score,overall_new_release_count,downstream_outcomes,TRUE,split_period5,high,observed,-10,0.729140650135667,0.183870407636234,0.368754651168649,1.08952664910269
exact_1_2,pc_score,overall_new_release_count,downstream_outcomes,TRUE,split_period5,high,observed,-9,0.607988598261292,0.17781616748869,0.25946890998346,0.956508286539125
exact_1_2,pc_score,overall_new_release_count,downstream_outcomes,TRUE,split_period5,high,observed,-8,0.543999087710961,0.162319754221862,0.225852369436112,0.86214580598581
exact_1_2,pc_score,overall_new_release_count,downstream_outcomes,TRUE,split_period5,high,observed,-7,0.701533744089768,0.159269233207546,0.389366047002979,1.01370144117656
exact_1_2,pc_score,overall_new_release_count,downstream_outcomes,TRUE,split_period5,high,observed,-6,0.387215594064216,0.142808233858568,0.107311455701423,0.667119732427008
exact_1_2,pc_score,overall_new_release_count,downstream_outcomes,TRUE,split_period5,high,observed,-5,0.358228228816801,0.13632398502531,0.0910332181671933,0.625423239466409
exact_1_2,pc_score,overall_new_release_count,downstream_outcomes,TRUE,split_period5,high,observed,-4,0.395962928815466,0.133770893059318,0.133771978419203,0.658153879211729
exact_1_2,pc_score,overall_new_release_count,downstream_outcomes,TRUE,split_period5,high,observed,-3,0.29847476283461,0.108286718235741,0.086232795092557,0.510716730576662
exact_1_2,pc_score,overall_new_release_count,downstream_outcomes,TRUE,split_period5,high,observed,-2,0.331033598829377,0.0965890378569439,0.141719084629767,0.520348113028987
exact_1_2,pc_score,overall_new_release_count,downstream_outcomes,TRUE,split_period5,high,observed,-1,0,0,0,0
exact_1_2,pc_score,overall_new_release_count,downstream_outcomes,TRUE,split_period5,high,observed,0,0.27571000931823,0.142411207651918,-0.00341595767952946,0.55483597631599
exact_1_2,pc_score,overall_new_release_count,downstream_outcomes,TRUE,split_period5,high,observed,1,-0.151348127156662,0.124191731147598,-0.394763920205954,0.0920676658926308
exact_1_2,pc_score,overall_new_release_count,downstream_outcomes,TRUE,split_period5,high,observed,2,-0.109986844300169,0.134797072644381,-0.374189106683156,0.154215418082818
exact_1_2,pc_score,overall_new_release_count,downstream_outcomes,TRUE,split_period5,high,observed,3,0.033061229031938,0.155586455472057,-0.271888223693293,0.338010681757169
exact_1_2,pc_score,overall_new_release_count,downstream_outcomes,TRUE,split_period5,high,observed,4,0.311091328123247,0.21337009051731,-0.107114049290681,0.729296705537175
exact_1_2,pc_score,overall_new_release_count,downstream_outcomes,TRUE,split_period5,high,observed,5,0.445767760352141,0.227726487198308,-0.000576154556542696,0.892111675260824
exact_1_2,pc_score,overall_new_release_count,downstream_outcomes,TRUE,split_period5,high,observed,6,-0.0369719972114009,0.176271344083592,-0.382463831615242,0.30851983719244
exact_1_2,pc_score,overall_new_release_count,downstream_outcomes,TRUE,split_period5,high,observed,7,-0.0753044520858441,0.194540515359615,-0.456603862190689,0.305994958019001
exact_1_2,pc_score,overall_new_release_count,downstream_outcomes,TRUE,split_period5,high,observed,8,-0.251231129056443,0.217325553185074,-0.677189213299188,0.174726955186303
exact_1_2,pc_score,overall_new_release_count,downstream_outcomes,TRUE,split_period5,high,observed,9,-0.409103540482344,0.264008391634849,-0.926559988086648,0.108352907121959
exact_1_2,pc_score,overall_new_release_count,downstream_outcomes,TRUE,split_period5,high,observed,10,-0.502546120965143,0.377223125778819,-1.24190344749163,0.236811205561342
exact_1_2,pc_score,overall_new_release_count,downstream_outcomes,TRUE,split_period5,high,observed,11,-1.46849484399988,0.319404776386524,-2.09452820571746,-0.842461482282292
exact_1_2,pc_score,overall_new_release_count,downstream_outcomes,TRUE,split_period5,low,observed,-15,0.30323718217696,0.227918035827301,-0.143482168044549,0.749956532398469
exact_1_2,pc_score,overall_new_release_count,downstream_outcomes,TRUE,split_period5,low,observed,-14,0.352606341599612,0.196566408445843,-0.0326638189542408,0.737876502153466
exact_1_2,pc_score,overall_new_release_count,downstream_outcomes,TRUE,split_period5,low,observed,-13,0.278299518396629,0.200288213837312,-0.114265380724503,0.670864417517761
exact_1_2,pc_score,overall_new_release_count,downstream_outcomes,TRUE,split_period5,low,observed,-12,0.229464126826141,0.239747294531998,-0.240440570456575,0.699368824108857
exact_1_2,pc_score,overall_new_release_count,downstream_outcomes,TRUE,split_period5,low,observed,-11,0.19020223690717,0.210398260395033,-0.222178353467094,0.602582827281434
exact_1_2,pc_score,overall_new_release_count,downstream_outcomes,TRUE,split_period5,low,observed,-10,0.227364658645108,0.181504093851171,-0.128383365303187,0.583112682593403
exact_1_2,pc_score,overall_new_release_count,downstream_outcomes,TRUE,split_period5,low,observed,-9,0.17793633603976,0.166256124154031,-0.147925667302141,0.503798339381661
exact_1_2,pc_score,overall_new_release_count,downstream_outcomes,TRUE,split_period5,low,observed,-8,0.167159370468955,0.157382507312074,-0.141310343862709,0.47562908480062
exact_1_2,pc_score,overall_new_release_count,downstream_outcomes,TRUE,split_period5,low,observed,-7,-0.0643641928787753,0.153552388698363,-0.365326874727566,0.236598488970016
exact_1_2,pc_score,overall_new_release_count,downstream_outcomes,TRUE,split_period5,low,observed,-6,0.269958827729651,0.17166173292518,-0.0664981688037015,0.606415824263004
exact_1_2,pc_score,overall_new_release_count,downstream_outcomes,TRUE,split_period5,low,observed,-5,-0.0598522610032056,0.130159863137284,-0.314965592752283,0.195261070745872
exact_1_2,pc_score,overall_new_release_count,downstream_outcomes,TRUE,split_period5,low,observed,-4,-0.179722687174395,0.108006007861938,-0.391414462583793,0.0319690882350026
exact_1_2,pc_score,overall_new_release_count,downstream_outcomes,TRUE,split_period5,low,observed,-3,-0.244155838907052,0.09947517029646,-0.439127172688113,-0.0491845051259901
exact_1_2,pc_score,overall_new_release_count,downstream_outcomes,TRUE,split_period5,low,observed,-2,-0.101836894071585,0.0926689396268546,-0.28346801574022,0.0797942275970504
exact_1_2,pc_score,overall_new_release_count,downstream_outcomes,TRUE,split_period5,low,observed,-1,0,0,0,0
exact_1_2,pc_score,overall_new_release_count,downstream_outcomes,TRUE,split_period5,low,observed,0,-0.0389113275846214,0.112045263710676,-0.258520044457547,0.180697389288304
exact_1_2,pc_score,overall_new_release_count,downstream_outcomes,TRUE,split_period5,low,observed,1,-0.631932313583703,0.12030226349556,-0.867724750035001,-0.396139877132405
exact_1_2,pc_score,overall_new_release_count,downstream_outcomes,TRUE,split_period5,low,observed,2,-0.705343495419725,0.150753490215874,-1.00082033624284,-0.409866654596612
exact_1_2,pc_score,overall_new_release_count,downstream_outcomes,TRUE,split_period5,low,observed,3,-0.991644175769398,0.158621384672116,-1.30254208972675,-0.680746261812051
exact_1_2,pc_score,overall_new_release_count,downstream_outcomes,TRUE,split_period5,low,observed,4,-1.22455180744532,0.204878952111926,-1.62611455358469,-0.822989061305943
exact_1_2,pc_score,overall_new_release_count,downstream_outcomes,TRUE,split_period5,low,observed,5,-1.36456564557588,0.227704715815644,-1.81086688857454,-0.918264402577214
exact_1_2,pc_score,overall_new_release_count,downstream_outcomes,TRUE,split_period5,low,observed,6,-1.40345829148023,0.242594192686037,-1.87894290914486,-0.927973673815593
exact_1_2,pc_score,overall_new_release_count,downstream_outcomes,TRUE,split_period5,low,observed,7,-1.17925272108103,0.345875054043408,-1.85716782700611,-0.50133761515595
exact_1_2,pc_score,overall_new_release_count,downstream_outcomes,TRUE,split_period5,low,observed,8,-1.27616163209886,0.282454471368666,-1.82977239598145,-0.722550868216278
exact_1_2,pc_score,overall_new_release_count,downstream_outcomes,TRUE,split_period5,low,observed,9,-1.51255987238917,0.340979426991433,-2.18087954929238,-0.844240195485965
exact_1_2,pc_score,overall_new_release_count,downstream_outcomes,TRUE,split_period5,low,observed,10,-0.679575229460963,0.625260016899735,-1.90508486258444,0.545934403662517
exact_1_2,pc_score,overall_new_release_count,downstream_outcomes,TRUE,split_period5,low,observed,11,-1.56094761368506,0.491329274145108,-2.52395299100947,-0.597942236360647
exact_1_2,pc_score,pull_request_opened,github_outcomes,FALSE,split_full_avg,high,observed,-14,7.8572193410899,9.24580594186753,-10.2645603049705,25.9789989871503
exact_1_2,pc_score,pull_request_opened,github_outcomes,FALSE,split_full_avg,high,observed,-13,17.7570810153543,7.73526836094574,2.59595502790063,32.9182070028079
exact_1_2,pc_score,pull_request_opened,github_outcomes,FALSE,split_full_avg,high,observed,-12,17.2947596493423,7.11143026104894,3.35635633768639,31.2331629609982
exact_1_2,pc_score,pull_request_opened,github_outcomes,FALSE,split_full_avg,high,observed,-11,14.2090230204364,6.71410154464543,1.04938399293137,27.3686620479415
exact_1_2,pc_score,pull_request_opened,github_outcomes,FALSE,split_full_avg,high,observed,-10,14.1429588036518,5.66481968431866,3.03991222238727,25.2460053849164
exact_1_2,pc_score,pull_request_opened,github_outcomes,FALSE,split_full_avg,high,observed,-9,11.0120419699257,4.9902915484323,1.23107053499841,20.793013404853
exact_1_2,pc_score,pull_request_opened,github_outcomes,FALSE,split_full_avg,high,observed,-8,8.82697811475315,4.4016964418068,0.199653088811813,17.4543031406945
exact_1_2,pc_score,pull_request_opened,github_outcomes,FALSE,split_full_avg,high,observed,-7,8.15464552545772,3.93586983976868,0.440340639511109,15.8689504114043
exact_1_2,pc_score,pull_request_opened,github_outcomes,FALSE,split_full_avg,high,observed,-6,5.27774173361754,3.54080118491902,-1.66222858882374,12.2177120560588
exact_1_2,pc_score,pull_request_opened,github_outcomes,FALSE,split_full_avg,high,observed,-5,3.25679738899707,2.5640226222201,-1.76868695055432,8.28228172854847
exact_1_2,pc_score,pull_request_opened,github_outcomes,FALSE,split_full_avg,high,observed,-4,2.33105352988346,1.96343455746,-1.51727820273813,6.17938526250506
exact_1_2,pc_score,pull_request_opened,github_outcomes,FALSE,split_full_avg,high,observed,-3,0.648884617204395,1.39881573652445,-2.09279422638352,3.39056346079231
exact_1_2,pc_score,pull_request_opened,github_outcomes,FALSE,split_full_avg,high,observed,-2,3.54460403620102,1.05648527226171,1.47389290256806,5.61531516983398
exact_1_2,pc_score,pull_request_opened,github_outcomes,FALSE,split_full_avg,high,observed,-1,0,0,0,0
exact_1_2,pc_score,pull_request_opened,github_outcomes,FALSE,split_full_avg,high,observed,0,1.76422994642332,1.41834680757371,-1.01572979642115,4.54418968926779
exact_1_2,pc_score,pull_request_opened,github_outcomes,FALSE,split_full_avg,high,observed,1,2.43685488361924,2.45659060023553,-2.37806269284239,7.25177246008087
exact_1_2,pc_score,pull_request_opened,github_outcomes,FALSE,split_full_avg,high,observed,2,4.11739725048763,2.95038854752463,-1.66536430266064,9.9001588036359
exact_1_2,pc_score,pull_request_opened,github_outcomes,FALSE,split_full_avg,high,observed,3,7.09791241470961,3.54636123363547,0.147044396784084,14.0487804326351
exact_1_2,pc_score,pull_request_opened,github_outcomes,FALSE,split_full_avg,high,observed,4,8.91318795432771,4.07625595321308,0.923726286030062,16.9026496226253
exact_1_2,pc_score,pull_request_opened,github_outcomes,FALSE,split_full_avg,high,observed,5,11.1109928762518,4.79669905473208,1.70946272897694,20.5125230235267
exact_1_2,pc_score,pull_request_opened,github_outcomes,FALSE,split_full_avg,high,observed,6,12.7480347976628,5.54388061895037,1.88202878452004,23.6140408108055
exact_1_2,pc_score,pull_request_opened,github_outcomes,FALSE,split_full_avg,high,observed,7,15.9848299138453,6.26172106861884,3.71185661935233,28.2578032083382
exact_1_2,pc_score,pull_request_opened,github_outcomes,FALSE,split_full_avg,high,observed,8,16.8324320272072,7.49634223343005,2.13960124968429,31.5252628047301
exact_1_2,pc_score,pull_request_opened,github_outcomes,FALSE,split_full_avg,high,observed,9,10.6457736808674,7.04750681157555,-3.16733966982071,24.4588870315554
exact_1_2,pc_score,pull_request_opened,github_outcomes,FALSE,split_full_avg,high,observed,10,3.35707284412071,5.13035901984798,-6.69843083478133,13.4125765230228
exact_1_2,pc_score,pull_request_opened,github_outcomes,FALSE,split_full_avg,high,observed,11,5.95376339782609,5.16195494769892,-4.1636682996638,16.071195095316
exact_1_2,pc_score,pull_request_opened,github_outcomes,FALSE,split_full_avg,low,observed,-15,22.9315406529587,8.11049755974696,7.03496543585466,38.8281158700628
exact_1_2,pc_score,pull_request_opened,github_outcomes,FALSE,split_full_avg,low,observed,-14,15.166444950495,10.1404421676777,-4.70882169815323,35.0417115991433
exact_1_2,pc_score,pull_request_opened,github_outcomes,FALSE,split_full_avg,low,observed,-13,7.52890562686949,8.87262992233719,-9.86144902091141,24.9192602746504
exact_1_2,pc_score,pull_request_opened,github_outcomes,FALSE,split_full_avg,low,observed,-12,6.99174624950856,9.46643745410588,-11.562471160539,25.5459636595561
exact_1_2,pc_score,pull_request_opened,github_outcomes,FALSE,split_full_avg,low,observed,-11,12.7707489943442,11.6125201311688,-9.98979046274656,35.531288451435
exact_1_2,pc_score,pull_request_opened,github_outcomes,FALSE,split_full_avg,low,observed,-10,15.9402003607502,12.8322554363055,-9.21102029440847,41.0914210159089
exact_1_2,pc_score,pull_request_opened,github_outcomes,FALSE,split_full_avg,low,observed,-9,17.8444586695517,12.4703321521245,-6.59739234861226,42.2863096877157
exact_1_2,pc_score,pull_request_opened,github_outcomes,FALSE,split_full_avg,low,observed,-8,18.9848233352434,11.8915406318129,-4.32259630310999,42.2922429735968
exact_1_2,pc_score,pull_request_opened,github_outcomes,FALSE,split_full_avg,low,observed,-7,16.3353574866546,10.1640820126626,-3.58624325816412,36.2569582314733
exact_1_2,pc_score,pull_request_opened,github_outcomes,FALSE,split_full_avg,low,observed,-6,14.878094657233,8.13462404330524,-1.06576846764532,30.8219577821112
exact_1_2,pc_score,pull_request_opened,github_outcomes,FALSE,split_full_avg,low,observed,-5,12.5055954555989,5.94268906336576,0.857924891401998,24.1532660197958
exact_1_2,pc_score,pull_request_opened,github_outcomes,FALSE,split_full_avg,low,observed,-4,10.4991051077378,4.23173335384248,2.2049077342065,18.793302481269
exact_1_2,pc_score,pull_request_opened,github_outcomes,FALSE,split_full_avg,low,observed,-3,7.99754920625071,3.21343058447935,1.69922526067117,14.2958731518302
exact_1_2,pc_score,pull_request_opened,github_outcomes,FALSE,split_full_avg,low,observed,-2,5.85315001240004,2.08462964748492,1.7672759033296,9.93902412147047
exact_1_2,pc_score,pull_request_opened,github_outcomes,FALSE,split_full_avg,low,observed,-1,0,0,0,0
exact_1_2,pc_score,pull_request_opened,github_outcomes,FALSE,split_full_avg,low,observed,0,-8.31479959706563,2.10734582833055,-12.4451974205935,-4.18440177353775
exact_1_2,pc_score,pull_request_opened,github_outcomes,FALSE,split_full_avg,low,observed,1,-15.6136480658137,4.4947401337114,-24.423338727888,-6.80395740373935
exact_1_2,pc_score,pull_request_opened,github_outcomes,FALSE,split_full_avg,low,observed,2,-23.4412077636234,6.75471625510003,-36.6804516236195,-10.2019639036273
exact_1_2,pc_score,pull_request_opened,github_outcomes,FALSE,split_full_avg,low,observed,3,-30.8174261589009,8.57993120914869,-47.6340913288324,-14.0007609889695
exact_1_2,pc_score,pull_request_opened,github_outcomes,FALSE,split_full_avg,low,observed,4,-35.833421007711,10.5350603248766,-56.4821392444691,-15.1847027709529
exact_1_2,pc_score,pull_request_opened,github_outcomes,FALSE,split_full_avg,low,observed,5,-35.5691351154708,11.4579647621523,-58.0267460492894,-13.1115241816522
exact_1_2,pc_score,pull_request_opened,github_outcomes,FALSE,split_full_avg,low,observed,6,-41.758673401727,13.5689409028535,-68.3537975713198,-15.1635492321341
exact_1_2,pc_score,pull_request_opened,github_outcomes,FALSE,split_full_avg,low,observed,7,-40.8967995639175,15.2185420725998,-70.7251420262132,-11.0684571016219
exact_1_2,pc_score,pull_request_opened,github_outcomes,FALSE,split_full_avg,low,observed,8,-39.4031832348738,15.7219693631183,-70.2182431865857,-8.58812328316195
exact_1_2,pc_score,pull_request_opened,github_outcomes,FALSE,split_full_avg,low,observed,9,-37.7198376647005,16.5051450589739,-70.0699219802894,-5.36975334911156
exact_1_2,pc_score,pull_request_opened,github_outcomes,FALSE,split_full_avg,low,observed,10,-42.8343574445866,18.6983558934005,-79.4831349956515,-6.18557989352163
exact_1_2,pc_score,pull_request_opened,github_outcomes,FALSE,split_full_avg,low,observed,11,-63.6006283890742,36.6956483664694,-135.524099187354,8.32284240920584
exact_1_2,pc_score,pull_request_merged,github_outcomes,FALSE,split_full_avg,high,observed,-14,3.96785197658439,7.14894265507999,-10.0440756273724,17.9797795805412
exact_1_2,pc_score,pull_request_merged,github_outcomes,FALSE,split_full_avg,high,observed,-13,10.8862533139443,5.77877492864289,-0.440145546195721,22.2126521740844
exact_1_2,pc_score,pull_request_merged,github_outcomes,FALSE,split_full_avg,high,observed,-12,13.4593097632712,5.55345905750732,2.57453001055682,24.3440895159855
exact_1_2,pc_score,pull_request_merged,github_outcomes,FALSE,split_full_avg,high,observed,-11,10.1254739954227,5.206147921355,-0.0785759304330949,20.3295239212785
exact_1_2,pc_score,pull_request_merged,github_outcomes,FALSE,split_full_avg,high,observed,-10,10.4422450070072,4.33625439046193,1.9431864017018,18.9413036123125
exact_1_2,pc_score,pull_request_merged,github_outcomes,FALSE,split_full_avg,high,observed,-9,8.3785720613243,3.85402004166812,0.824692779654782,15.9324513429938
exact_1_2,pc_score,pull_request_merged,github_outcomes,FALSE,split_full_avg,high,observed,-8,6.65264185979488,3.58789784402326,-0.379637914490713,13.6849216340805
exact_1_2,pc_score,pull_request_merged,github_outcomes,FALSE,split_full_avg,high,observed,-7,6.1511519590312,3.31511007719205,-0.346463792265224,12.6487677103276
exact_1_2,pc_score,pull_request_merged,github_outcomes,FALSE,split_full_avg,high,observed,-6,4.71434665688263,3.09186046303353,-1.34569985066308,10.7743931644283
exact_1_2,pc_score,pull_request_merged,github_outcomes,FALSE,split_full_avg,high,observed,-5,2.83132442316035,2.25300419931267,-1.58456380749248,7.24721265381318
exact_1_2,pc_score,pull_request_merged,github_outcomes,FALSE,split_full_avg,high,observed,-4,1.8290774959505,1.62917459241956,-1.36410470519183,5.02225969709283
exact_1_2,pc_score,pull_request_merged,github_outcomes,FALSE,split_full_avg,high,observed,-3,0.413978872649056,1.19380319208116,-1.92587538383002,2.75383312912813
exact_1_2,pc_score,pull_request_merged,github_outcomes,FALSE,split_full_avg,high,observed,-2,2.87434249958489,0.905748753805655,1.0990749421258,4.64961005704397
exact_1_2,pc_score,pull_request_merged,github_outcomes,FALSE,split_full_avg,high,observed,-1,0,0,0,0
exact_1_2,pc_score,pull_request_merged,github_outcomes,FALSE,split_full_avg,high,observed,0,2.37901471123185,1.10102798767023,0.220999855398194,4.53702956706551
exact_1_2,pc_score,pull_request_merged,github_outcomes,FALSE,split_full_avg,high,observed,1,2.36684409219595,1.69280076272241,-0.951045402739973,5.68473358713188
exact_1_2,pc_score,pull_request_merged,github_outcomes,FALSE,split_full_avg,high,observed,2,4.13654313314592,1.99229053481564,0.231653684907259,8.04143258138458
exact_1_2,pc_score,pull_request_merged,github_outcomes,FALSE,split_full_avg,high,observed,3,7.16940552849574,2.55590202308958,2.15983756324017,12.1789734937513
exact_1_2,pc_score,pull_request_merged,github_outcomes,FALSE,split_full_avg,high,observed,4,9.17503534811184,2.99903987772404,3.29691718777273,15.053153508451
exact_1_2,pc_score,pull_request_merged,github_outcomes,FALSE,split_full_avg,high,observed,5,10.7216488693316,3.35355606814131,4.14867897577459,17.2946187628885
exact_1_2,pc_score,pull_request_merged,github_outcomes,FALSE,split_full_avg,high,observed,6,13.2564700730121,4.02360592557613,5.37020245888286,21.1427376871413
exact_1_2,pc_score,pull_request_merged,github_outcomes,FALSE,split_full_avg,high,observed,7,15.7328003634352,4.47720246132071,6.95748353924665,24.5081171876238
exact_1_2,pc_score,pull_request_merged,github_outcomes,FALSE,split_full_avg,high,observed,8,18.3313624659699,5.81066749685945,6.94245417212538,29.7202707598144
exact_1_2,pc_score,pull_request_merged,github_outcomes,FALSE,split_full_avg,high,observed,9,11.5139473504803,4.87114355239807,1.96650598778013,21.0613887131805
exact_1_2,pc_score,pull_request_merged,github_outcomes,FALSE,split_full_avg,high,observed,10,6.49915288896814,3.97425543240888,-1.29038775855326,14.2886935364895
exact_1_2,pc_score,pull_request_merged,github_outcomes,FALSE,split_full_avg,high,observed,11,9.33039607824885,4.07241570667712,1.3484612931617,17.312330863336
exact_1_2,pc_score,pull_request_merged,github_outcomes,FALSE,split_full_avg,low,observed,-15,10.0803115652089,5.11718324145349,0.0506324119600432,20.1099907184577
exact_1_2,pc_score,pull_request_merged,github_outcomes,FALSE,split_full_avg,low,observed,-14,7.48181744328544,9.91517763994415,-11.9519307310051,26.915565617576
exact_1_2,pc_score,pull_request_merged,github_outcomes,FALSE,split_full_avg,low,observed,-13,-2.09363166336255,6.98535371323266,-15.7849249412986,11.5976616145735
exact_1_2,pc_score,pull_request_merged,github_outcomes,FALSE,split_full_avg,low,observed,-12,-2.6905498458767,6.50363015122121,-15.4376649422703,10.0565652505169
exact_1_2,pc_score,pull_request_merged,github_outcomes,FALSE,split_full_avg,low,observed,-11,-1.71703857595421,7.4199454782501,-16.2601317133244,12.826054561416
exact_1_2,pc_score,pull_request_merged,github_outcomes,FALSE,split_full_avg,low,observed,-10,0.345005448349827,6.97934724454079,-13.3345151509501,14.0245260476498
exact_1_2,pc_score,pull_request_merged,github_outcomes,FALSE,split_full_avg,low,observed,-9,0.881277509163478,6.17262387133189,-11.217065278647,12.979620296974
exact_1_2,pc_score,pull_request_merged,github_outcomes,FALSE,split_full_avg,low,observed,-8,3.40660198103064,5.69038591649301,-7.74655441529565,14.5597583773569
exact_1_2,pc_score,pull_request_merged,github_outcomes,FALSE,split_full_avg,low,observed,-7,3.33803879949144,4.70393550129617,-5.88167478304906,12.5577523820319
exact_1_2,pc_score,pull_request_merged,github_outcomes,FALSE,split_full_avg,low,observed,-6,4.27598322459227,3.82044661027116,-3.2120921315392,11.7640585807237
exact_1_2,pc_score,pull_request_merged,github_outcomes,FALSE,split_full_avg,low,observed,-5,4.934136547424,3.17684273811221,-1.29247521927593,11.1607483141239
exact_1_2,pc_score,pull_request_merged,github_outcomes,FALSE,split_full_avg,low,observed,-4,5.13467900237299,2.70624993653542,-0.16957087323644,10.4389288779824
exact_1_2,pc_score,pull_request_merged,github_outcomes,FALSE,split_full_avg,low,observed,-3,4.45076193157908,2.4105305565305,-0.273877959220693,9.17540182237885
exact_1_2,pc_score,pull_request_merged,github_outcomes,FALSE,split_full_avg,low,observed,-2,3.46118131530674,1.57092140608811,0.382175359374045,6.54018727123943
exact_1_2,pc_score,pull_request_merged,github_outcomes,FALSE,split_full_avg,low,observed,-1,0,0,0,0
exact_1_2,pc_score,pull_request_merged,github_outcomes,FALSE,split_full_avg,low,observed,0,-7.42212023038645,1.69741785108823,-10.7490592185194,-4.09518124225352
exact_1_2,pc_score,pull_request_merged,github_outcomes,FALSE,split_full_avg,low,observed,1,-13.3521925555146,3.60843238253526,-20.4247200252837,-6.27966508574546
exact_1_2,pc_score,pull_request_merged,github_outcomes,FALSE,split_full_avg,low,observed,2,-19.580772169994,5.43852245529858,-30.2402761823793,-8.92126815760884
exact_1_2,pc_score,pull_request_merged,github_outcomes,FALSE,split_full_avg,low,observed,3,-24.1244641568208,7.05373786657331,-37.9497903753045,-10.2991379383371
exact_1_2,pc_score,pull_request_merged,github_outcomes,FALSE,split_full_avg,low,observed,4,-26.8999306349348,8.61641287450865,-43.7880998689718,-10.0117614008979
exact_1_2,pc_score,pull_request_merged,github_outcomes,FALSE,split_full_avg,low,observed,5,-26.2054236757268,9.16049929282124,-44.1600022896564,-8.25084506179711
exact_1_2,pc_score,pull_request_merged,github_outcomes,FALSE,split_full_avg,low,observed,6,-29.8826521642369,10.6891860385085,-50.8334567997135,-8.93184752876035
exact_1_2,pc_score,pull_request_merged,github_outcomes,FALSE,split_full_avg,low,observed,7,-29.985898539721,11.9326046397382,-53.3738036336078,-6.59799344583411
exact_1_2,pc_score,pull_request_merged,github_outcomes,FALSE,split_full_avg,low,observed,8,-26.0812343631083,11.9356988218818,-49.4752040539967,-2.68726467221986
exact_1_2,pc_score,pull_request_merged,github_outcomes,FALSE,split_full_avg,low,observed,9,-23.2951670643253,12.8550867501509,-48.491137094621,1.90080296597045
exact_1_2,pc_score,pull_request_merged,github_outcomes,FALSE,split_full_avg,low,observed,10,-27.4409562709848,14.9906801274905,-56.822689320866,1.94077677889653
exact_1_2,pc_score,pull_request_merged,github_outcomes,FALSE,split_full_avg,low,observed,11,-45.5912800136518,32.5446431876312,-109.378780661409,18.1962206341053
exact_1_2,pc_score,overall_new_release_count,downstream_outcomes,FALSE,split_full_avg,high,observed,-14,4.70564776278511,1.50100720650164,1.7636736380419,7.64762188752832
exact_1_2,pc_score,overall_new_release_count,downstream_outcomes,FALSE,split_full_avg,high,observed,-13,5.01362145247833,1.47420497322374,2.12417970495981,7.90306319999686
exact_1_2,pc_score,overall_new_release_count,downstream_outcomes,FALSE,split_full_avg,high,observed,-12,4.25693673948721,1.18289821696576,1.93845623423432,6.57541724474011
exact_1_2,pc_score,overall_new_release_count,downstream_outcomes,FALSE,split_full_avg,high,observed,-11,3.98635471864217,1.04610653666065,1.93598590678731,6.03672353049704
exact_1_2,pc_score,overall_new_release_count,downstream_outcomes,FALSE,split_full_avg,high,observed,-10,3.86427652733176,1.09776112303443,1.71266472618428,6.01588832847924
exact_1_2,pc_score,overall_new_release_count,downstream_outcomes,FALSE,split_full_avg,high,observed,-9,3.2985891887375,0.996548196669012,1.34535472326624,5.25182365420877
exact_1_2,pc_score,overall_new_release_count,downstream_outcomes,FALSE,split_full_avg,high,observed,-8,3.13006331075344,1.00195285110886,1.16623572258007,5.09389089892681
exact_1_2,pc_score,overall_new_release_count,downstream_outcomes,FALSE,split_full_avg,high,observed,-7,2.80204389896796,1.16912840498993,0.510552225187705,5.09353557274821
exact_1_2,pc_score,overall_new_release_count,downstream_outcomes,FALSE,split_full_avg,high,observed,-6,2.8745208782349,1.19201222345363,0.538176920265785,5.21086483620401
exact_1_2,pc_score,overall_new_release_count,downstream_outcomes,FALSE,split_full_avg,high,observed,-5,2.09264928114611,1.07036824924996,-0.00527248738381347,4.19057104967602
exact_1_2,pc_score,overall_new_release_count,downstream_outcomes,FALSE,split_full_avg,high,observed,-4,2.3424701437074,1.00247298325313,0.377623096531268,4.30731719088354
exact_1_2,pc_score,overall_new_release_count,downstream_outcomes,FALSE,split_full_avg,high,observed,-3,1.69852563008758,0.697714963226786,0.331004302163078,3.06604695801208
exact_1_2,pc_score,overall_new_release_count,downstream_outcomes,FALSE,split_full_avg,high,observed,-2,1.38892628363055,0.413784384651818,0.577908889712984,2.19994367754811
exact_1_2,pc_score,overall_new_release_count,downstream_outcomes,FALSE,split_full_avg,high,observed,-1,0,0,0,0
exact_1_2,pc_score,overall_new_release_count,downstream_outcomes,FALSE,split_full_avg,high,observed,0,-0.744642332896189,0.450596326870162,-1.62781113356171,0.138526467769328
exact_1_2,pc_score,overall_new_release_count,downstream_outcomes,FALSE,split_full_avg,high,observed,1,-1.4907670439938,0.66087389741148,-2.78607988292031,-0.195454205067303
exact_1_2,pc_score,overall_new_release_count,downstream_outcomes,FALSE,split_full_avg,high,observed,2,-0.979055333129113,0.814744146856384,-2.57595386096763,0.6178431947094
exact_1_2,pc_score,overall_new_release_count,downstream_outcomes,FALSE,split_full_avg,high,observed,3,-0.553724404158741,0.994700653491665,-2.5033376850024,1.39588887668492
exact_1_2,pc_score,overall_new_release_count,downstream_outcomes,FALSE,split_full_avg,high,observed,4,-0.0656556479026142,1.13358374081456,-2.28747977989915,2.15616848409392
exact_1_2,pc_score,overall_new_release_count,downstream_outcomes,FALSE,split_full_avg,high,observed,5,0.451965273815815,1.23605434875153,-1.97070124973718,2.87463179736881
exact_1_2,pc_score,overall_new_release_count,downstream_outcomes,FALSE,split_full_avg,high,observed,6,-0.713414676283486,1.34052611881231,-3.34084586915561,1.91401651658864
exact_1_2,pc_score,overall_new_release_count,downstream_outcomes,FALSE,split_full_avg,high,observed,7,-1.17071849672711,1.336971410525,-3.79118246135611,1.44974546790189
exact_1_2,pc_score,overall_new_release_count,downstream_outcomes,FALSE,split_full_avg,high,observed,8,-1.52773497845542,1.4542576043786,-4.37807988303748,1.32260992612663
exact_1_2,pc_score,overall_new_release_count,downstream_outcomes,FALSE,split_full_avg,high,observed,9,-3.205602789766,1.52047269834226,-6.18572927851683,-0.225476301015169
exact_1_2,pc_score,overall_new_release_count,downstream_outcomes,FALSE,split_full_avg,high,observed,10,-4.16817805975898,1.87065560289919,-7.83466304144138,-0.501693078076569
exact_1_2,pc_score,overall_new_release_count,downstream_outcomes,FALSE,split_full_avg,high,observed,11,-5.51071866104199,1.72175698623354,-8.88536235405973,-2.13607496802425
exact_1_2,pc_score,overall_new_release_count,downstream_outcomes,FALSE,split_full_avg,low,observed,-15,2.74396754901841,1.1969598969804,0.397926150936825,5.0900089471
exact_1_2,pc_score,overall_new_release_count,downstream_outcomes,FALSE,split_full_avg,low,observed,-14,2.33124031199162,1.02117101654068,0.329745119571879,4.33273550441136
exact_1_2,pc_score,overall_new_release_count,downstream_outcomes,FALSE,split_full_avg,low,observed,-13,1.24420882125584,1.01004153590921,-0.735472589126221,3.2238902316379
exact_1_2,pc_score,overall_new_release_count,downstream_outcomes,FALSE,split_full_avg,low,observed,-12,0.742837005355286,1.04896890576403,-1.31314204994222,2.79881606065279
exact_1_2,pc_score,overall_new_release_count,downstream_outcomes,FALSE,split_full_avg,low,observed,-11,0.73115465250893,1.01790140222107,-1.26393209584437,2.72624140086223
exact_1_2,pc_score,overall_new_release_count,downstream_outcomes,FALSE,split_full_avg,low,observed,-10,-0.188877962332406,1.28856088372032,-2.71445729442424,2.33670136975943
exact_1_2,pc_score,overall_new_release_count,downstream_outcomes,FALSE,split_full_avg,low,observed,-9,-1.75534605444336,1.83154731183916,-5.34517878564811,1.83448667676139
exact_1_2,pc_score,overall_new_release_count,downstream_outcomes,FALSE,split_full_avg,low,observed,-8,-1.35314448864664,1.72376268022998,-4.73171934189739,2.02543036460412
exact_1_2,pc_score,overall_new_release_count,downstream_outcomes,FALSE,split_full_avg,low,observed,-7,-1.66086457421642,1.46233958910204,-4.52705016885641,1.20532102042357
exact_1_2,pc_score,overall_new_release_count,downstream_outcomes,FALSE,split_full_avg,low,observed,-6,-2.03787216886518,1.33706655819768,-4.65852262293264,0.582778285202275
exact_1_2,pc_score,overall_new_release_count,downstream_outcomes,FALSE,split_full_avg,low,observed,-5,-2.48606477095155,1.56176131589918,-5.54711695011394,0.574987408210833
exact_1_2,pc_score,overall_new_release_count,downstream_outcomes,FALSE,split_full_avg,low,observed,-4,-2.18116472311655,1.56042217857677,-5.23959219312703,0.877262746893927
exact_1_2,pc_score,overall_new_release_count,downstream_outcomes,FALSE,split_full_avg,low,observed,-3,-2.26442495229869,1.46124315704247,-5.12846154010192,0.599611635504545
exact_1_2,pc_score,overall_new_release_count,downstream_outcomes,FALSE,split_full_avg,low,observed,-2,-1.2858578636104,1.34447508606082,-3.92102903228962,1.34931330506882
exact_1_2,pc_score,overall_new_release_count,downstream_outcomes,FALSE,split_full_avg,low,observed,-1,0,0,0,0
exact_1_2,pc_score,overall_new_release_count,downstream_outcomes,FALSE,split_full_avg,low,observed,0,-1.5062563590013,0.610254496881592,-2.70235517288922,-0.310157545113377
exact_1_2,pc_score,overall_new_release_count,downstream_outcomes,FALSE,split_full_avg,low,observed,1,-2.87496912605062,1.14468608181264,-5.1185538464034,-0.631384405697841
exact_1_2,pc_score,overall_new_release_count,downstream_outcomes,FALSE,split_full_avg,low,observed,2,-3.36378883676792,1.34686190432651,-6.00363816924788,-0.723939504287967
exact_1_2,pc_score,overall_new_release_count,downstream_outcomes,FALSE,split_full_avg,low,observed,3,-3.78489359028911,1.48867896938356,-6.70270437028089,-0.867082810297336
exact_1_2,pc_score,overall_new_release_count,downstream_outcomes,FALSE,split_full_avg,low,observed,4,-4.29889653484328,1.4835208286571,-7.2065973590112,-1.39119571067536
exact_1_2,pc_score,overall_new_release_count,downstream_outcomes,FALSE,split_full_avg,low,observed,5,-4.77318181017453,1.55587313572115,-7.82269315618799,-1.72367046416106
exact_1_2,pc_score,overall_new_release_count,downstream_outcomes,FALSE,split_full_avg,low,observed,6,-5.48354678269392,1.8869716488994,-9.18201121453675,-1.7850823508511
exact_1_2,pc_score,overall_new_release_count,downstream_outcomes,FALSE,split_full_avg,low,observed,7,-6.24533217814682,2.39670506967497,-10.9428741147098,-1.54779024158388
exact_1_2,pc_score,overall_new_release_count,downstream_outcomes,FALSE,split_full_avg,low,observed,8,-6.00968112078838,2.71105752793938,-11.3233538755496,-0.696008366027196
exact_1_2,pc_score,overall_new_release_count,downstream_outcomes,FALSE,split_full_avg,low,observed,9,-7.11836976580903,5.68008181311533,-18.2513301195151,4.01459058789701
exact_1_2,pc_score,overall_new_release_count,downstream_outcomes,FALSE,split_full_avg,low,observed,10,-15.3381605978218,12.4976911411316,-39.8336352344398,9.15731403879616
exact_1_2,pc_score,overall_new_release_count,downstream_outcomes,FALSE,split_full_avg,low,observed,11,-50.2601298064271,42.1760257088477,-132.925140195769,32.4048805829143
exact_1_2,pc_score,pull_request_opened,github_outcomes,FALSE,split_period1,high,observed,-15,24.7965083084799,15.7382710766031,-6.0505030016621,55.643519618622
exact_1_2,pc_score,pull_request_opened,github_outcomes,FALSE,split_period1,high,observed,-14,17.2142702313896,12.8809995878624,-8.03248896082063,42.4610294235998
exact_1_2,pc_score,pull_request_opened,github_outcomes,FALSE,split_period1,high,observed,-13,23.6810152426795,11.272685927495,1.5865508247894,45.7754796605697
exact_1_2,pc_score,pull_request_opened,github_outcomes,FALSE,split_period1,high,observed,-12,20.8923522181089,10.39392395822,0.520261259997731,41.26444317622
exact_1_2,pc_score,pull_request_opened,github_outcomes,FALSE,split_period1,high,observed,-11,21.4574320894766,9.5176120826079,2.80291240756512,40.1119517713881
exact_1_2,pc_score,pull_request_opened,github_outcomes,FALSE,split_period1,high,observed,-10,22.2185600445639,8.23699815991488,6.0740436511307,38.363076437997
exact_1_2,pc_score,pull_request_opened,github_outcomes,FALSE,split_period1,high,observed,-9,15.7301194984613,6.91779428469151,2.17124270046594,29.2889962964566
exact_1_2,pc_score,pull_request_opened,github_outcomes,FALSE,split_period1,high,observed,-8,12.9878733811625,5.62091674948204,1.9708765521777,24.0048702101473
exact_1_2,pc_score,pull_request_opened,github_outcomes,FALSE,split_period1,high,observed,-7,9.86526773632974,4.4915815492907,1.06176789971996,18.6687675729395
exact_1_2,pc_score,pull_request_opened,github_outcomes,FALSE,split_period1,high,observed,-6,6.01617627424278,4.33268556399763,-2.47588743119259,14.5082399796781
exact_1_2,pc_score,pull_request_opened,github_outcomes,FALSE,split_period1,high,observed,-5,4.9490496038771,3.55547454284814,-2.01968050010526,11.9177797078595
exact_1_2,pc_score,pull_request_opened,github_outcomes,FALSE,split_period1,high,observed,-4,2.58324386299443,2.767434001262,-2.84092677947908,8.00741450546795
exact_1_2,pc_score,pull_request_opened,github_outcomes,FALSE,split_period1,high,observed,-3,1.13788386313685,2.09824603568868,-2.97467836681297,5.25044609308667
exact_1_2,pc_score,pull_request_opened,github_outcomes,FALSE,split_period1,high,observed,-2,2.19895743844428,1.27324666427054,-0.296606023525972,4.69452090041454
exact_1_2,pc_score,pull_request_opened,github_outcomes,FALSE,split_period1,high,observed,-1,0,0,0,0
exact_1_2,pc_score,pull_request_opened,github_outcomes,FALSE,split_period1,high,observed,0,1.73227958373731,1.32496060658289,-0.86464320516515,4.32920237263977
exact_1_2,pc_score,pull_request_opened,github_outcomes,FALSE,split_period1,high,observed,1,2.96902895466949,2.10733748502806,-1.16135251598551,7.09941042532448
exact_1_2,pc_score,pull_request_opened,github_outcomes,FALSE,split_period1,high,observed,2,1.83101142445638,2.55727073344358,-3.18123921309304,6.84326206200581
exact_1_2,pc_score,pull_request_opened,github_outcomes,FALSE,split_period1,high,observed,3,2.18424899584188,3.22670197853331,-4.14008688208341,8.50858487376717
exact_1_2,pc_score,pull_request_opened,github_outcomes,FALSE,split_period1,high,observed,4,1.83645854269349,3.93710080443733,-5.88025903400368,9.55317611939065
exact_1_2,pc_score,pull_request_opened,github_outcomes,FALSE,split_period1,high,observed,5,3.14262179937474,4.63879607535213,-5.94941850831543,12.2346621070649
exact_1_2,pc_score,pull_request_opened,github_outcomes,FALSE,split_period1,high,observed,6,3.58728477239709,5.74416111296735,-7.67127100901893,14.8458405538131
exact_1_2,pc_score,pull_request_opened,github_outcomes,FALSE,split_period1,high,observed,7,6.80602240641356,6.38148769179561,-5.70169346950582,19.3137382823329
exact_1_2,pc_score,pull_request_opened,github_outcomes,FALSE,split_period1,high,observed,8,8.907222698195,7.63246906924246,-6.05241667752022,23.8668620739102
exact_1_2,pc_score,pull_request_opened,github_outcomes,FALSE,split_period1,high,observed,9,4.16768557561108,8.32621789043767,-12.1517014896467,20.4870726408689
exact_1_2,pc_score,pull_request_opened,github_outcomes,FALSE,split_period1,high,observed,10,-4.79444271158901,7.29256374561224,-19.087867652989,9.49898222981098
exact_1_2,pc_score,pull_request_opened,github_outcomes,FALSE,split_period1,high,observed,11,3.1886117503401,7.13486600395188,-10.7957256174056,17.1729491180858
exact_1_2,pc_score,pull_request_opened,github_outcomes,FALSE,split_period1,low,observed,-15,17.7534527112491,6.94432429568552,4.14257709170553,31.3643283307928
exact_1_2,pc_score,pull_request_opened,github_outcomes,FALSE,split_period1,low,observed,-14,10.1588258630201,8.69807136478854,-6.88939401196548,27.2070457380056
exact_1_2,pc_score,pull_request_opened,github_outcomes,FALSE,split_period1,low,observed,-13,8.6057608707016,8.34573657020756,-7.75188280690522,24.9634045483084
exact_1_2,pc_score,pull_request_opened,github_outcomes,FALSE,split_period1,low,observed,-12,7.54644710051172,8.10924857300193,-8.34768010257206,23.4405743035955
exact_1_2,pc_score,pull_request_opened,github_outcomes,FALSE,split_period1,low,observed,-11,10.5228200823725,9.27712020090765,-7.66033551140645,28.7059756761515
exact_1_2,pc_score,pull_request_opened,github_outcomes,FALSE,split_period1,low,observed,-10,9.23689051232765,9.43757587370964,-9.26075820014324,27.7345392247985
exact_1_2,pc_score,pull_request_opened,github_outcomes,FALSE,split_period1,low,observed,-9,12.3639802430284,9.13167332545603,-5.53409947486544,30.2620599609222
exact_1_2,pc_score,pull_request_opened,github_outcomes,FALSE,split_period1,low,observed,-8,14.5176311268484,9.34519891968374,-3.79895875573169,32.8342210094286
exact_1_2,pc_score,pull_request_opened,github_outcomes,FALSE,split_period1,low,observed,-7,16.6167472135521,10.5539609691619,-4.06901628600513,37.3025107131094
exact_1_2,pc_score,pull_request_opened,github_outcomes,FALSE,split_period1,low,observed,-6,15.2771714689194,8.98314649493384,-2.32979566115094,32.8841385989897
exact_1_2,pc_score,pull_request_opened,github_outcomes,FALSE,split_period1,low,observed,-5,12.5337145896042,6.47779455004463,-0.16276272848328,25.2301919076917
exact_1_2,pc_score,pull_request_opened,github_outcomes,FALSE,split_period1,low,observed,-4,11.624328002417,4.69002308169108,2.43188276230251,20.8167732425315
exact_1_2,pc_score,pull_request_opened,github_outcomes,FALSE,split_period1,low,observed,-3,7.58484017050753,3.2172861206707,1.27895937399295,13.8907209670221
exact_1_2,pc_score,pull_request_opened,github_outcomes,FALSE,split_period1,low,observed,-2,6.97178203807355,2.14587659340488,2.76586391499999,11.1777001611471
exact_1_2,pc_score,pull_request_opened,github_outcomes,FALSE,split_period1,low,observed,-1,0,0,0,0
exact_1_2,pc_score,pull_request_opened,github_outcomes,FALSE,split_period1,low,observed,0,-8.56843145092604,2.12075310292649,-12.725107532662,-4.41175536919013
exact_1_2,pc_score,pull_request_opened,github_outcomes,FALSE,split_period1,low,observed,1,-14.6589539900747,4.03339231272683,-22.5644029230193,-6.75350505713007
exact_1_2,pc_score,pull_request_opened,github_outcomes,FALSE,split_period1,low,observed,2,-17.0368914063659,5.4483092574458,-27.7155775509597,-6.35820526177214
exact_1_2,pc_score,pull_request_opened,github_outcomes,FALSE,split_period1,low,observed,3,-20.55527689279,6.7078380244121,-33.7026394206377,-7.40791436494227
exact_1_2,pc_score,pull_request_opened,github_outcomes,FALSE,split_period1,low,observed,4,-23.8155715476056,8.24508059279071,-39.9759295094754,-7.6552135857358
exact_1_2,pc_score,pull_request_opened,github_outcomes,FALSE,split_period1,low,observed,5,-22.5405624157416,9.19660718601786,-40.5659125003366,-4.51521233114655
exact_1_2,pc_score,pull_request_opened,github_outcomes,FALSE,split_period1,low,observed,6,-29.4159087009808,10.937637135595,-50.853677486747,-7.97813991521447
exact_1_2,pc_score,pull_request_opened,github_outcomes,FALSE,split_period1,low,observed,7,-30.3008710388769,12.08499266101,-53.9874566544565,-6.61428542329737
exact_1_2,pc_score,pull_request_opened,github_outcomes,FALSE,split_period1,low,observed,8,-30.4844651171577,12.5924993884991,-55.1657639186158,-5.80316631569947
exact_1_2,pc_score,pull_request_opened,github_outcomes,FALSE,split_period1,low,observed,9,-29.0687938814709,13.3015685205734,-55.1398681817947,-2.99771958114714
exact_1_2,pc_score,pull_request_opened,github_outcomes,FALSE,split_period1,low,observed,10,-32.7293822625311,15.1931353518765,-62.5079275522091,-2.95083697285309
exact_1_2,pc_score,pull_request_opened,github_outcomes,FALSE,split_period1,low,observed,11,-42.8115582793635,25.3364379065233,-92.4709765761491,6.84786001742218
exact_1_2,pc_score,pull_request_merged,github_outcomes,FALSE,split_period1,high,observed,-15,16.1547928326705,11.8339814731425,-7.03981085468873,39.3493965200297
exact_1_2,pc_score,pull_request_merged,github_outcomes,FALSE,split_period1,high,observed,-14,10.4029112705097,9.93836638414476,-9.07628684241403,29.8821093834334
exact_1_2,pc_score,pull_request_merged,github_outcomes,FALSE,split_period1,high,observed,-13,14.5975457257446,8.54020735098607,-2.14126068218809,31.3363521336773
exact_1_2,pc_score,pull_request_merged,github_outcomes,FALSE,split_period1,high,observed,-12,15.3208319340116,7.77988744458436,0.0722525426262735,30.569411325397
exact_1_2,pc_score,pull_request_merged,github_outcomes,FALSE,split_period1,high,observed,-11,15.328323742445,7.18406206283542,1.24756209928755,29.4090853856024
exact_1_2,pc_score,pull_request_merged,github_outcomes,FALSE,split_period1,high,observed,-10,15.9516009803653,6.08321187691959,4.02850570160291,27.8746962591277
exact_1_2,pc_score,pull_request_merged,github_outcomes,FALSE,split_period1,high,observed,-9,11.2913574222264,5.04204025621007,1.40895852005469,21.1737563243982
exact_1_2,pc_score,pull_request_merged,github_outcomes,FALSE,split_period1,high,observed,-8,9.29796914951597,4.15993381364405,1.14449887477363,17.4514394242583
exact_1_2,pc_score,pull_request_merged,github_outcomes,FALSE,split_period1,high,observed,-7,6.79666363056781,3.4869820657675,-0.0378212183364868,13.6311484794721
exact_1_2,pc_score,pull_request_merged,github_outcomes,FALSE,split_period1,high,observed,-6,5.22175889851433,3.4431188897106,-1.52675412531844,11.9702719223471
exact_1_2,pc_score,pull_request_merged,github_outcomes,FALSE,split_period1,high,observed,-5,4.24892395171253,2.82028895178999,-1.27884239379585,9.77669029722091
exact_1_2,pc_score,pull_request_merged,github_outcomes,FALSE,split_period1,high,observed,-4,1.95320722811455,2.23026629965655,-2.41811471921228,6.32452917544138
exact_1_2,pc_score,pull_request_merged,github_outcomes,FALSE,split_period1,high,observed,-3,0.474316527830287,1.75570713058012,-2.96686944810675,3.91550250376733
exact_1_2,pc_score,pull_request_merged,github_outcomes,FALSE,split_period1,high,observed,-2,1.65159793603948,1.1307661210994,-0.564703661315351,3.8678995333943
exact_1_2,pc_score,pull_request_merged,github_outcomes,FALSE,split_period1,high,observed,-1,0,0,0,0
exact_1_2,pc_score,pull_request_merged,github_outcomes,FALSE,split_period1,high,observed,0,2.76953031357261,1.08198978771361,0.648830329653941,4.89023029749128
exact_1_2,pc_score,pull_request_merged,github_outcomes,FALSE,split_period1,high,observed,1,3.69162564376594,1.66136095051981,0.435358180747118,6.94789310678477
exact_1_2,pc_score,pull_request_merged,github_outcomes,FALSE,split_period1,high,observed,2,3.41200536969356,1.97328166757467,-0.455626698752798,7.27963743813991
exact_1_2,pc_score,pull_request_merged,github_outcomes,FALSE,split_period1,high,observed,3,4.12818644448259,2.47018099889788,-0.713368313357256,8.96974120232244
exact_1_2,pc_score,pull_request_merged,github_outcomes,FALSE,split_period1,high,observed,4,4.33461258976428,2.92691895527054,-1.40214856256597,10.0713737420945
exact_1_2,pc_score,pull_request_merged,github_outcomes,FALSE,split_period1,high,observed,5,5.36482420170782,3.24909337000839,-1.00339880350862,11.7330472069243
exact_1_2,pc_score,pull_request_merged,github_outcomes,FALSE,split_period1,high,observed,6,6.5371887393758,4.09178521581009,-1.48271028361197,14.5570877623636
exact_1_2,pc_score,pull_request_merged,github_outcomes,FALSE,split_period1,high,observed,7,8.7112119686815,4.60237162766125,-0.309436421534546,17.7318603588976
exact_1_2,pc_score,pull_request_merged,github_outcomes,FALSE,split_period1,high,observed,8,12.3593501526237,5.83553936667714,0.921692993936487,23.7970073113109
exact_1_2,pc_score,pull_request_merged,github_outcomes,FALSE,split_period1,high,observed,9,7.85849831532618,6.07775174265791,-4.05389510028331,19.7708917309357
exact_1_2,pc_score,pull_request_merged,github_outcomes,FALSE,split_period1,high,observed,10,1.51641739062607,5.87028278051755,-9.98933685918833,13.0221716404405
exact_1_2,pc_score,pull_request_merged,github_outcomes,FALSE,split_period1,high,observed,11,8.33039935860215,5.66626774098276,-2.77548541372406,19.4362841309284
exact_1_2,pc_score,pull_request_merged,github_outcomes,FALSE,split_period1,low,observed,-15,7.74290775497155,4.33958660587629,-0.762681992545978,16.2484975024891
exact_1_2,pc_score,pull_request_merged,github_outcomes,FALSE,split_period1,low,observed,-14,4.55920964829893,8.39896098834015,-11.9027538888478,21.0211731854456
exact_1_2,pc_score,pull_request_merged,github_outcomes,FALSE,split_period1,low,observed,-13,0.0582962772817748,6.23587563839962,-12.1640199739815,12.280612528545
exact_1_2,pc_score,pull_request_merged,github_outcomes,FALSE,split_period1,low,observed,-12,-0.663179594459667,5.15190945303128,-10.760922122401,9.43456293348164
exact_1_2,pc_score,pull_request_merged,github_outcomes,FALSE,split_period1,low,observed,-11,-1.93283836614194,5.48431164546613,-12.6820891912556,8.81641245897168
exact_1_2,pc_score,pull_request_merged,github_outcomes,FALSE,split_period1,low,observed,-10,-1.71848307443186,4.92907160839657,-11.3794634268891,7.94249727802541
exact_1_2,pc_score,pull_request_merged,github_outcomes,FALSE,split_period1,low,observed,-9,0.103219196651433,4.6713325859817,-9.05259267187271,9.25903106517557
exact_1_2,pc_score,pull_request_merged,github_outcomes,FALSE,split_period1,low,observed,-8,3.17218908749852,4.75849375622421,-6.15445867470093,12.498836849698
exact_1_2,pc_score,pull_request_merged,github_outcomes,FALSE,split_period1,low,observed,-7,4.06784444699363,4.23436771961309,-4.23151628344804,12.3672051774353
exact_1_2,pc_score,pull_request_merged,github_outcomes,FALSE,split_period1,low,observed,-6,3.88008981364258,3.62315199122765,-3.22128808916361,10.9814677164488
exact_1_2,pc_score,pull_request_merged,github_outcomes,FALSE,split_period1,low,observed,-5,3.90553006249996,3.14449813457597,-2.25768628126894,10.0687464062689
exact_1_2,pc_score,pull_request_merged,github_outcomes,FALSE,split_period1,low,observed,-4,5.13478382160826,2.7833909884911,-0.320662515834304,10.5902301590508
exact_1_2,pc_score,pull_request_merged,github_outcomes,FALSE,split_period1,low,observed,-3,3.93437287842022,2.31096287537306,-0.595114357310984,8.46386011415142
exact_1_2,pc_score,pull_request_merged,github_outcomes,FALSE,split_period1,low,observed,-2,4.30433558550936,1.59276145681114,1.18252313015952,7.42614804085919
exact_1_2,pc_score,pull_request_merged,github_outcomes,FALSE,split_period1,low,observed,-1,0,0,0,0
exact_1_2,pc_score,pull_request_merged,github_outcomes,FALSE,split_period1,low,observed,0,-7.7975730123594,1.68491422925706,-11.1000049017032,-4.49514112301557
exact_1_2,pc_score,pull_request_merged,github_outcomes,FALSE,split_period1,low,observed,1,-13.0656625020048,3.20308251028526,-19.3437042221639,-6.78762078184568
exact_1_2,pc_score,pull_request_merged,github_outcomes,FALSE,split_period1,low,observed,2,-15.0412073698971,4.34187136093287,-23.5512752373256,-6.5311395024687
exact_1_2,pc_score,pull_request_merged,github_outcomes,FALSE,split_period1,low,observed,3,-15.4878772834489,5.36887864382003,-26.0108794253362,-4.96487514156166
exact_1_2,pc_score,pull_request_merged,github_outcomes,FALSE,split_period1,low,observed,4,-16.5665817763261,6.54356864393384,-29.3919763184364,-3.74118723421579
exact_1_2,pc_score,pull_request_merged,github_outcomes,FALSE,split_period1,low,observed,5,-15.5090388565648,7.09837849115896,-29.4218606992364,-1.59621701389329
exact_1_2,pc_score,pull_request_merged,github_outcomes,FALSE,split_period1,low,observed,6,-19.779175015174,8.3173892246718,-36.0812578955307,-3.47709213481728
exact_1_2,pc_score,pull_request_merged,github_outcomes,FALSE,split_period1,low,observed,7,-20.3194330049053,9.21287166663081,-38.3766614715017,-2.26220453830892
exact_1_2,pc_score,pull_request_merged,github_outcomes,FALSE,split_period1,low,observed,8,-18.1680835446909,9.55815104514108,-36.9020595931674,0.565892503785612
exact_1_2,pc_score,pull_request_merged,github_outcomes,FALSE,split_period1,low,observed,9,-17.028736626697,10.3535545583408,-37.3217035610449,3.26423030765086
exact_1_2,pc_score,pull_request_merged,github_outcomes,FALSE,split_period1,low,observed,10,-20.1440997563931,12.1163514313828,-43.8921485619033,3.60394904911717
exact_1_2,pc_score,pull_request_merged,github_outcomes,FALSE,split_period1,low,observed,11,-27.9059417406175,21.7704168143776,-70.5759586967977,14.7640752155626
exact_1_2,pc_score,overall_new_release_count,downstream_outcomes,FALSE,split_period1,high,observed,-15,4.68863945022828,2.5678521611326,-0.344350785591618,9.72162968604819
exact_1_2,pc_score,overall_new_release_count,downstream_outcomes,FALSE,split_period1,high,observed,-14,4.81582411986828,2.27600989993496,0.354844715995755,9.27680352374081
exact_1_2,pc_score,overall_new_release_count,downstream_outcomes,FALSE,split_period1,high,observed,-13,5.08919198440461,2.10580200301876,0.961820058487843,9.21656391032138
exact_1_2,pc_score,overall_new_release_count,downstream_outcomes,FALSE,split_period1,high,observed,-12,4.41445958501614,1.85987866311553,0.7690974053097,8.05982176472258
exact_1_2,pc_score,overall_new_release_count,downstream_outcomes,FALSE,split_period1,high,observed,-11,4.70134631131178,1.80683865184458,1.1599425536964,8.24275006892716
exact_1_2,pc_score,overall_new_release_count,downstream_outcomes,FALSE,split_period1,high,observed,-10,4.26797630017087,1.64431841613792,1.04511220454055,7.4908403958012
exact_1_2,pc_score,overall_new_release_count,downstream_outcomes,FALSE,split_period1,high,observed,-9,3.56142148705952,1.54057549948381,0.541893508071251,6.5809494660478
exact_1_2,pc_score,overall_new_release_count,downstream_outcomes,FALSE,split_period1,high,observed,-8,3.42261661068896,1.56573824329724,0.353769653826379,6.49146356755154
exact_1_2,pc_score,overall_new_release_count,downstream_outcomes,FALSE,split_period1,high,observed,-7,2.88582883704475,1.44149736102431,0.0604940094371029,5.71116366465239
exact_1_2,pc_score,overall_new_release_count,downstream_outcomes,FALSE,split_period1,high,observed,-6,2.7990669388539,1.38420810770464,0.0860190477527998,5.51211482995501
exact_1_2,pc_score,overall_new_release_count,downstream_outcomes,FALSE,split_period1,high,observed,-5,2.13426342041258,1.18191499116488,-0.182289962270581,4.45081680309575
exact_1_2,pc_score,overall_new_release_count,downstream_outcomes,FALSE,split_period1,high,observed,-4,1.93231043026104,1.05458820418784,-0.134682449947126,3.99930331046922
exact_1_2,pc_score,overall_new_release_count,downstream_outcomes,FALSE,split_period1,high,observed,-3,1.35593524282504,0.832205193047612,-0.275186935548281,2.98705742119836
exact_1_2,pc_score,overall_new_release_count,downstream_outcomes,FALSE,split_period1,high,observed,-2,0.924494224057773,0.431268180215882,0.0792085908346449,1.7697798572809
exact_1_2,pc_score,overall_new_release_count,downstream_outcomes,FALSE,split_period1,high,observed,-1,0,0,0,0
exact_1_2,pc_score,overall_new_release_count,downstream_outcomes,FALSE,split_period1,high,observed,0,-0.411387754979679,0.552051149516026,-1.49340800803109,0.670632498071731
exact_1_2,pc_score,overall_new_release_count,downstream_outcomes,FALSE,split_period1,high,observed,1,-0.797812588987779,0.866318033741367,-2.49579593512086,0.9001707571453
exact_1_2,pc_score,overall_new_release_count,downstream_outcomes,FALSE,split_period1,high,observed,2,-0.176269380307423,1.01161302169909,-2.15903090283764,1.80649214222279
exact_1_2,pc_score,overall_new_release_count,downstream_outcomes,FALSE,split_period1,high,observed,3,-0.24905344348189,1.24562444273241,-2.69047735123741,2.19237046427363
exact_1_2,pc_score,overall_new_release_count,downstream_outcomes,FALSE,split_period1,high,observed,4,-0.0554417564272777,1.54496092917137,-3.08356517760317,2.97268166474861
exact_1_2,pc_score,overall_new_release_count,downstream_outcomes,FALSE,split_period1,high,observed,5,0.0507744655248815,1.71904744624217,-3.31855852910977,3.42010746015953
exact_1_2,pc_score,overall_new_release_count,downstream_outcomes,FALSE,split_period1,high,observed,6,-0.4776525378494,2.11194101205999,-4.61705692148698,3.66175184578818
exact_1_2,pc_score,overall_new_release_count,downstream_outcomes,FALSE,split_period1,high,observed,7,-0.615213839356309,2.34420348839628,-5.20985267661303,3.97942499790041
exact_1_2,pc_score,overall_new_release_count,downstream_outcomes,FALSE,split_period1,high,observed,8,-1.14915604467889,2.41071843048523,-5.87416416842995,3.57585207907216
exact_1_2,pc_score,overall_new_release_count,downstream_outcomes,FALSE,split_period1,high,observed,9,-2.54322903806107,2.42439170007505,-7.29503677020817,2.20857869408603
exact_1_2,pc_score,overall_new_release_count,downstream_outcomes,FALSE,split_period1,high,observed,10,-3.89580780143966,2.61485015471688,-9.02091410468475,1.22929850180542
exact_1_2,pc_score,overall_new_release_count,downstream_outcomes,FALSE,split_period1,high,observed,11,-4.00159058580135,2.33324833626348,-8.57475732487777,0.571576153275077
exact_1_2,pc_score,overall_new_release_count,downstream_outcomes,FALSE,split_period1,low,observed,-15,3.13594404705438,1.07256431504317,1.03371798956977,5.23817010453898
exact_1_2,pc_score,overall_new_release_count,downstream_outcomes,FALSE,split_period1,low,observed,-14,2.16723635680778,0.795812630479723,0.607443601067522,3.72702911254804
exact_1_2,pc_score,overall_new_release_count,downstream_outcomes,FALSE,split_period1,low,observed,-13,1.75902646331782,0.845778784415582,0.101300045863276,3.41675288077236
exact_1_2,pc_score,overall_new_release_count,downstream_outcomes,FALSE,split_period1,low,observed,-12,0.450815857661849,1.21349538795994,-1.92763510273962,2.82926681806332
exact_1_2,pc_score,overall_new_release_count,downstream_outcomes,FALSE,split_period1,low,observed,-11,0.655641740320899,0.920387014030893,-1.14831680717965,2.45960028782145
exact_1_2,pc_score,overall_new_release_count,downstream_outcomes,FALSE,split_period1,low,observed,-10,-0.130903475299395,1.23875054002557,-2.55885453374951,2.29704758315071
exact_1_2,pc_score,overall_new_release_count,downstream_outcomes,FALSE,split_period1,low,observed,-9,-1.74833603526933,1.97489695337028,-5.61913406387508,2.12246199333643
exact_1_2,pc_score,overall_new_release_count,downstream_outcomes,FALSE,split_period1,low,observed,-8,-1.29735529043244,1.91489944784382,-5.05055820820632,2.45584762734144
exact_1_2,pc_score,overall_new_release_count,downstream_outcomes,FALSE,split_period1,low,observed,-7,-1.57847586293344,1.64968771008061,-4.81186377469144,1.65491204882456
exact_1_2,pc_score,overall_new_release_count,downstream_outcomes,FALSE,split_period1,low,observed,-6,-1.55205666235579,1.48665540985905,-4.46590126567954,1.36178794096795
exact_1_2,pc_score,overall_new_release_count,downstream_outcomes,FALSE,split_period1,low,observed,-5,-2.2600162545124,1.87638919528684,-5.93773907727461,1.41770656824981
exact_1_2,pc_score,overall_new_release_count,downstream_outcomes,FALSE,split_period1,low,observed,-4,-1.69133466548367,1.87650850510659,-5.36929133549258,1.98662200452524
exact_1_2,pc_score,overall_new_release_count,downstream_outcomes,FALSE,split_period1,low,observed,-3,-1.99993851370629,1.70964323319312,-5.3508392507648,1.35096222335222
exact_1_2,pc_score,overall_new_release_count,downstream_outcomes,FALSE,split_period1,low,observed,-2,-1.01934846504564,1.59421138919492,-4.14400278786768,2.1053058577764
exact_1_2,pc_score,overall_new_release_count,downstream_outcomes,FALSE,split_period1,low,observed,-1,0,0,0,0
exact_1_2,pc_score,overall_new_release_count,downstream_outcomes,FALSE,split_period1,low,observed,0,-2.08875836411178,0.674923137941458,-3.41160771447704,-0.765909013746521
exact_1_2,pc_score,overall_new_release_count,downstream_outcomes,FALSE,split_period1,low,observed,1,-3.53410967225848,1.3216867860418,-6.12461577290042,-0.943603571616547
exact_1_2,pc_score,overall_new_release_count,downstream_outcomes,FALSE,split_period1,low,observed,2,-3.8787644877948,1.52986393537029,-6.87729780112056,-0.880231174469039
exact_1_2,pc_score,overall_new_release_count,downstream_outcomes,FALSE,split_period1,low,observed,3,-3.61517627398749,1.6839312319907,-6.91568148868926,-0.31467105928572
exact_1_2,pc_score,overall_new_release_count,downstream_outcomes,FALSE,split_period1,low,observed,4,-3.83547945187629,1.63601684356544,-7.04207246526455,-0.62888643848804
exact_1_2,pc_score,overall_new_release_count,downstream_outcomes,FALSE,split_period1,low,observed,5,-4.00720111265804,1.6983909363344,-7.33604734787346,-0.678354877442613
exact_1_2,pc_score,overall_new_release_count,downstream_outcomes,FALSE,split_period1,low,observed,6,-5.70364623582511,2.12733981762666,-9.87323227837336,-1.53406019327686
exact_1_2,pc_score,overall_new_release_count,downstream_outcomes,FALSE,split_period1,low,observed,7,-7.27820821564514,2.89823100689384,-12.9587409891571,-1.59767544213323
exact_1_2,pc_score,overall_new_release_count,downstream_outcomes,FALSE,split_period1,low,observed,8,-6.64789407085811,3.69213139023858,-13.8844715957257,0.588683454009506
exact_1_2,pc_score,overall_new_release_count,downstream_outcomes,FALSE,split_period1,low,observed,9,-6.96480565483409,5.82603564542502,-18.3838355198671,4.45422421019895
exact_1_2,pc_score,overall_new_release_count,downstream_outcomes,FALSE,split_period1,low,observed,10,-12.9684005042355,10.7617284985184,-34.0613883613316,8.12458735286067
exact_1_2,pc_score,overall_new_release_count,downstream_outcomes,FALSE,split_period1,low,observed,11,-32.8102983423398,27.8967384822428,-87.4879057675356,21.867309082856
exact_1_2,pc_score,pull_request_opened,github_outcomes,FALSE,split_period5,high,observed,-15,18.6344163131541,8.96346167372609,1.06603143265096,36.2028011936573
exact_1_2,pc_score,pull_request_opened,github_outcomes,FALSE,split_period5,high,observed,-14,9.76558409275366,7.70025044712245,-5.32690678360635,24.8580749691137
exact_1_2,pc_score,pull_request_opened,github_outcomes,FALSE,split_period5,high,observed,-13,17.5787856539883,6.94698654820407,3.96269201950832,31.1948792884683
exact_1_2,pc_score,pull_request_opened,github_outcomes,FALSE,split_period5,high,observed,-12,15.5392499968553,6.27117071645807,3.24775539259744,27.8307446011131
exact_1_2,pc_score,pull_request_opened,github_outcomes,FALSE,split_period5,high,observed,-11,17.3553827376925,7.12077139251634,3.39867080836049,31.3120946670245
exact_1_2,pc_score,pull_request_opened,github_outcomes,FALSE,split_period5,high,observed,-10,17.2430553211111,6.54695098506099,4.41103139039159,30.0750792518307
exact_1_2,pc_score,pull_request_opened,github_outcomes,FALSE,split_period5,high,observed,-9,12.6864349389775,6.59338843938359,-0.236606402214346,25.6094762801693
exact_1_2,pc_score,pull_request_opened,github_outcomes,FALSE,split_period5,high,observed,-8,12.5860647875551,7.1659080021883,-1.459114896734,26.6312444718441
exact_1_2,pc_score,pull_request_opened,github_outcomes,FALSE,split_period5,high,observed,-7,12.0240257924492,6.97630307350907,-1.64952823162857,25.697579816527
exact_1_2,pc_score,pull_request_opened,github_outcomes,FALSE,split_period5,high,observed,-6,9.35412694240613,5.23193708924397,-0.900469752512047,19.6087236373243
exact_1_2,pc_score,pull_request_opened,github_outcomes,FALSE,split_period5,high,observed,-5,6.08452950127701,4.20492399608447,-2.15712153104855,14.3261805336026
exact_1_2,pc_score,pull_request_opened,github_outcomes,FALSE,split_period5,high,observed,-4,3.44675888077382,2.816442056782,-2.0734675505189,8.96698531206655
exact_1_2,pc_score,pull_request_opened,github_outcomes,FALSE,split_period5,high,observed,-3,-0.606984986485676,1.68745579706704,-3.91439834873708,2.70042837576573
exact_1_2,pc_score,pull_request_opened,github_outcomes,FALSE,split_period5,high,observed,-2,2.91616729315294,1.07435945344366,0.81042276440337,5.02191182190251
exact_1_2,pc_score,pull_request_opened,github_outcomes,FALSE,split_period5,high,observed,-1,0,0,0,0
exact_1_2,pc_score,pull_request_opened,github_outcomes,FALSE,split_period5,high,observed,0,1.04680337209012,1.55967002886522,-2.01014988448571,4.10375662866595
exact_1_2,pc_score,pull_request_opened,github_outcomes,FALSE,split_period5,high,observed,1,0.865623404140242,2.52679343394018,-4.08689172638252,5.81813853466301
exact_1_2,pc_score,pull_request_opened,github_outcomes,FALSE,split_period5,high,observed,2,2.2075220637889,3.12846793601887,-3.9242750908081,8.33931921838589
exact_1_2,pc_score,pull_request_opened,github_outcomes,FALSE,split_period5,high,observed,3,5.47767521639888,3.78350191174982,-1.93798853063078,12.8933389634285
exact_1_2,pc_score,pull_request_opened,github_outcomes,FALSE,split_period5,high,observed,4,8.16538736184773,4.17627800191115,-0.0201175218981167,16.3508922455936
exact_1_2,pc_score,pull_request_opened,github_outcomes,FALSE,split_period5,high,observed,5,12.3947128235577,4.77958832537787,3.02671970581708,21.7627059412983
exact_1_2,pc_score,pull_request_opened,github_outcomes,FALSE,split_period5,high,observed,6,12.1824853436433,5.887601418514,0.642786563355855,23.7221841239307
exact_1_2,pc_score,pull_request_opened,github_outcomes,FALSE,split_period5,high,observed,7,15.1441107913781,7.03667467772482,1.35222842303749,28.9359931597188
exact_1_2,pc_score,pull_request_opened,github_outcomes,FALSE,split_period5,high,observed,8,16.619537557879,9.79682191375997,-2.58223339309056,35.8213085088485
exact_1_2,pc_score,pull_request_opened,github_outcomes,FALSE,split_period5,high,observed,9,10.0389969055082,9.03305264847237,-7.66578628549762,27.743780096514
exact_1_2,pc_score,pull_request_opened,github_outcomes,FALSE,split_period5,high,observed,10,-0.487416137194638,6.00060074606312,-12.2485935994784,11.2737613250891
exact_1_2,pc_score,pull_request_opened,github_outcomes,FALSE,split_period5,high,observed,11,4.91477100873782,5.93992032412271,-6.72747282654269,16.5570148440183
exact_1_2,pc_score,pull_request_opened,github_outcomes,FALSE,split_period5,low,observed,-15,21.457331715703,9.21944519706897,3.38721912944777,39.5274443019581
exact_1_2,pc_score,pull_request_opened,github_outcomes,FALSE,split_period5,low,observed,-14,13.7953115908359,11.4242698013242,-8.59625721975956,36.1868804014313
exact_1_2,pc_score,pull_request_opened,github_outcomes,FALSE,split_period5,low,observed,-13,6.72414950570005,10.9299382522773,-14.6985294687635,28.1468284801636
exact_1_2,pc_score,pull_request_opened,github_outcomes,FALSE,split_period5,low,observed,-12,5.99197559981336,10.1128301348291,-13.8291714644516,25.8131226640783
exact_1_2,pc_score,pull_request_opened,github_outcomes,FALSE,split_period5,low,observed,-11,6.57302148701961,11.408608743604,-15.7878516504441,28.9338946244834
exact_1_2,pc_score,pull_request_opened,github_outcomes,FALSE,split_period5,low,observed,-10,9.3732044934516,12.4565130713038,-15.0415611263038,33.787970113207
exact_1_2,pc_score,pull_request_opened,github_outcomes,FALSE,split_period5,low,observed,-9,12.4909246648379,12.0245137518081,-11.0771222887061,36.0589716183818
exact_1_2,pc_score,pull_request_opened,github_outcomes,FALSE,split_period5,low,observed,-8,13.7926705273338,10.9945945343646,-7.75673476002083,35.3420758146884
exact_1_2,pc_score,pull_request_opened,github_outcomes,FALSE,split_period5,low,observed,-7,12.217096661222,9.03761327517184,-5.49662535811482,29.9308186805588
exact_1_2,pc_score,pull_request_opened,github_outcomes,FALSE,split_period5,low,observed,-6,10.8838789977302,6.77165398770509,-2.38856281817183,24.1563208136321
exact_1_2,pc_score,pull_request_opened,github_outcomes,FALSE,split_period5,low,observed,-5,9.96706077248469,4.96529106004652,0.235090294793523,19.6990312501759
exact_1_2,pc_score,pull_request_opened,github_outcomes,FALSE,split_period5,low,observed,-4,8.89765865152359,3.67920662318521,1.68641367008058,16.1089036329666
exact_1_2,pc_score,pull_request_opened,github_outcomes,FALSE,split_period5,low,observed,-3,7.73156999108241,2.88855259290996,2.07000690897889,13.3931330731859
exact_1_2,pc_score,pull_request_opened,github_outcomes,FALSE,split_period5,low,observed,-2,5.14389196347496,1.85520462507217,1.5076908983335,8.78009302861642
exact_1_2,pc_score,pull_request_opened,github_outcomes,FALSE,split_period5,low,observed,-1,0,0,0,0
exact_1_2,pc_score,pull_request_opened,github_outcomes,FALSE,split_period5,low,observed,0,-6.92339555856152,2.13559699146719,-11.1091656618372,-2.73762545528583
exact_1_2,pc_score,pull_request_opened,github_outcomes,FALSE,split_period5,low,observed,1,-12.9866899827481,4.65223845266678,-22.105077349975,-3.86830261552121
exact_1_2,pc_score,pull_request_opened,github_outcomes,FALSE,split_period5,low,observed,2,-21.5658350658675,7.36221238897231,-35.9957713482533,-7.1358987834818
exact_1_2,pc_score,pull_request_opened,github_outcomes,FALSE,split_period5,low,observed,3,-30.1927382121737,9.45515306514428,-48.7248382198565,-11.660638204491
exact_1_2,pc_score,pull_request_opened,github_outcomes,FALSE,split_period5,low,observed,4,-36.8069150593389,11.7591949615938,-59.8549371840628,-13.7588929346151
exact_1_2,pc_score,pull_request_opened,github_outcomes,FALSE,split_period5,low,observed,5,-39.5769010186985,12.9125866251633,-64.8855708040186,-14.2682312333784
exact_1_2,pc_score,pull_request_opened,github_outcomes,FALSE,split_period5,low,observed,6,-42.6565004107432,14.9006316578707,-71.8617384601697,-13.4512623613167
exact_1_2,pc_score,pull_request_opened,github_outcomes,FALSE,split_period5,low,observed,7,-41.7629704468325,16.812635387002,-74.7157358053563,-8.8102050883086
exact_1_2,pc_score,pull_request_opened,github_outcomes,FALSE,split_period5,low,observed,8,-39.989197264878,17.3267565431554,-73.9496400894627,-6.02875444029338
exact_1_2,pc_score,pull_request_opened,github_outcomes,FALSE,split_period5,low,observed,9,-39.3899908536589,18.0865596072211,-74.8396476838123,-3.94033402350558
exact_1_2,pc_score,pull_request_opened,github_outcomes,FALSE,split_period5,low,observed,10,-39.5221621231028,19.0408730280333,-76.842273258048,-2.20205098815762
exact_1_2,pc_score,pull_request_opened,github_outcomes,FALSE,split_period5,low,observed,11,-50.1105798360046,26.3708572836461,-101.797460111951,1.57630043994184
exact_1_2,pc_score,pull_request_merged,github_outcomes,FALSE,split_period5,high,observed,-15,12.452318975061,6.36226508812051,-0.0177205976551615,24.9223585477773
exact_1_2,pc_score,pull_request_merged,github_outcomes,FALSE,split_period5,high,observed,-14,5.398631644444,5.85602710043422,-6.07918147240707,16.8764447612951
exact_1_2,pc_score,pull_request_merged,github_outcomes,FALSE,split_period5,high,observed,-13,10.1249858076574,5.2523762217128,-0.169671586899662,20.4196432022145
exact_1_2,pc_score,pull_request_merged,github_outcomes,FALSE,split_period5,high,observed,-12,9.67203478104155,4.8294494865412,0.206313787420806,19.1377557746623
exact_1_2,pc_score,pull_request_merged,github_outcomes,FALSE,split_period5,high,observed,-11,7.95683948441958,4.40385599776661,-0.67471827120298,16.5883972400421
exact_1_2,pc_score,pull_request_merged,github_outcomes,FALSE,split_period5,high,observed,-10,8.25947328423264,3.71850913877647,0.971195372230756,15.5477511962345
exact_1_2,pc_score,pull_request_merged,github_outcomes,FALSE,split_period5,high,observed,-9,4.31311905246272,3.43892598604322,-2.42717588018199,11.0534139851074
exact_1_2,pc_score,pull_request_merged,github_outcomes,FALSE,split_period5,high,observed,-8,4.09846595482303,3.20178364181676,-2.17702998313783,10.3739618927839
exact_1_2,pc_score,pull_request_merged,github_outcomes,FALSE,split_period5,high,observed,-7,3.70233552466716,3.0650490018541,-2.30516051896687,9.7098315683012
exact_1_2,pc_score,pull_request_merged,github_outcomes,FALSE,split_period5,high,observed,-6,3.72579939848927,2.89116466412681,-1.94088334319927,9.39248214017782
exact_1_2,pc_score,pull_request_merged,github_outcomes,FALSE,split_period5,high,observed,-5,1.39400568973,2.0582237233989,-2.64011280813184,5.42812418759184
exact_1_2,pc_score,pull_request_merged,github_outcomes,FALSE,split_period5,high,observed,-4,0.155779613893348,1.47606124765281,-2.73730043150616,3.04885965929286
exact_1_2,pc_score,pull_request_merged,github_outcomes,FALSE,split_period5,high,observed,-3,-1.56949531829668,1.34083816359701,-4.19753811894681,1.05854748235345
exact_1_2,pc_score,pull_request_merged,github_outcomes,FALSE,split_period5,high,observed,-2,1.59291345698284,0.766793163043486,0.089998857417612,3.09582805654808
exact_1_2,pc_score,pull_request_merged,github_outcomes,FALSE,split_period5,high,observed,-1,0,0,0,0
exact_1_2,pc_score,pull_request_merged,github_outcomes,FALSE,split_period5,high,observed,0,2.19718540660311,1.14805637357347,-0.0530050856008852,4.4473758988071
exact_1_2,pc_score,pull_request_merged,github_outcomes,FALSE,split_period5,high,observed,1,1.67723561282791,1.68815889713118,-1.63155582554921,4.98602705120503
exact_1_2,pc_score,pull_request_merged,github_outcomes,FALSE,split_period5,high,observed,2,3.3141439849105,2.01645112331203,-0.638100216781074,7.26638818660207
exact_1_2,pc_score,pull_request_merged,github_outcomes,FALSE,split_period5,high,observed,3,6.75730289640857,2.41522837191982,2.02345528744572,11.4911505053714
exact_1_2,pc_score,pull_request_merged,github_outcomes,FALSE,split_period5,high,observed,4,9.67860292017242,2.68270207931498,4.42050684471507,14.9366989956298
exact_1_2,pc_score,pull_request_merged,github_outcomes,FALSE,split_period5,high,observed,5,12.3240544508118,2.9940742786129,6.45566886473047,18.192440036893
exact_1_2,pc_score,pull_request_merged,github_outcomes,FALSE,split_period5,high,observed,6,13.7842479128644,3.88097751832349,6.17753197695039,21.3909638487785
exact_1_2,pc_score,pull_request_merged,github_outcomes,FALSE,split_period5,high,observed,7,16.0252840071895,4.6472481266669,6.91667767892241,25.1338903354567
exact_1_2,pc_score,pull_request_merged,github_outcomes,FALSE,split_period5,high,observed,8,18.7255046152172,7.34194328654695,4.33529577358515,33.1157134568492
exact_1_2,pc_score,pull_request_merged,github_outcomes,FALSE,split_period5,high,observed,9,12.0651420039202,5.60025428847405,1.08864359851109,23.0416404093294
exact_1_2,pc_score,pull_request_merged,github_outcomes,FALSE,split_period5,high,observed,10,5.57843716934604,3.88129459753163,-2.02890024181595,13.185774580508
exact_1_2,pc_score,pull_request_merged,github_outcomes,FALSE,split_period5,high,observed,11,10.2161575781516,3.64953776820943,3.06306355246116,17.3692516038421
exact_1_2,pc_score,pull_request_merged,github_outcomes,FALSE,split_period5,low,observed,-15,7.91377375233998,5.8408093652274,-3.53421260350572,19.3617601081857
exact_1_2,pc_score,pull_request_merged,github_outcomes,FALSE,split_period5,low,observed,-14,5.84182489928604,11.3158249551697,-16.3371920128466,28.0208418114187
exact_1_2,pc_score,pull_request_merged,github_outcomes,FALSE,split_period5,low,observed,-13,-2.74985479735848,8.42408046067793,-19.2610525002872,13.7613429055703
exact_1_2,pc_score,pull_request_merged,github_outcomes,FALSE,split_period5,low,observed,-12,-2.65942792247656,6.7726790721001,-15.9338789037928,10.6150230588396
exact_1_2,pc_score,pull_request_merged,github_outcomes,FALSE,split_period5,low,observed,-11,-2.45762607418898,8.41387138406089,-18.9488139869483,14.0335618385704
exact_1_2,pc_score,pull_request_merged,github_outcomes,FALSE,split_period5,low,observed,-10,0.504347171037936,8.10525573875224,-15.3819540769165,16.3906484189923
exact_1_2,pc_score,pull_request_merged,github_outcomes,FALSE,split_period5,low,observed,-9,3.06026453729377,7.08554175380818,-10.8273973001703,16.9479263747578
exact_1_2,pc_score,pull_request_merged,github_outcomes,FALSE,split_period5,low,observed,-8,5.48879042840412,6.61108032865799,-7.46892701576555,18.4465078725738
exact_1_2,pc_score,pull_request_merged,github_outcomes,FALSE,split_period5,low,observed,-7,5.52006313934914,5.40020913332712,-5.06434676197202,16.1044730406703
exact_1_2,pc_score,pull_request_merged,github_outcomes,FALSE,split_period5,low,observed,-6,5.9084652507872,4.14999404770561,-2.2255230827158,14.0424535842902
exact_1_2,pc_score,pull_request_merged,github_outcomes,FALSE,split_period5,low,observed,-5,6.57094578100295,3.28726928081185,0.127897990611713,13.0139935713942
exact_1_2,pc_score,pull_request_merged,github_outcomes,FALSE,split_period5,low,observed,-4,6.05808891881576,2.70387137346938,0.758501026815782,11.3576768108157
exact_1_2,pc_score,pull_request_merged,github_outcomes,FALSE,split_period5,low,observed,-3,4.93063819485857,2.18089258912095,0.656088720181495,9.20518766953564
exact_1_2,pc_score,pull_request_merged,github_outcomes,FALSE,split_period5,low,observed,-2,3.70213903941649,1.4791478194839,0.803009313228037,6.60126876560493
exact_1_2,pc_score,pull_request_merged,github_outcomes,FALSE,split_period5,low,observed,-1,0,0,0,0
exact_1_2,pc_score,pull_request_merged,github_outcomes,FALSE,split_period5,low,observed,0,-6.22579744627251,1.66721307134911,-9.49353506611678,-2.95805982642825
exact_1_2,pc_score,pull_request_merged,github_outcomes,FALSE,split_period5,low,observed,1,-11.6363182749252,3.62843393209455,-18.7480487818305,-4.52458776801989
exact_1_2,pc_score,pull_request_merged,github_outcomes,FALSE,split_period5,low,observed,2,-18.4084900308071,5.81236538692265,-29.8007261891755,-7.01625387243876
exact_1_2,pc_score,pull_request_merged,github_outcomes,FALSE,split_period5,low,observed,3,-24.7804002865199,7.79008060814574,-40.0489582784855,-9.51184229455423
exact_1_2,pc_score,pull_request_merged,github_outcomes,FALSE,split_period5,low,observed,4,-29.3707312708379,9.75241735111602,-48.4854692790253,-10.2559932626505
exact_1_2,pc_score,pull_request_merged,github_outcomes,FALSE,split_period5,low,observed,5,-31.1518980407492,10.571273147798,-51.8715934104332,-10.4322026710652
exact_1_2,pc_score,pull_request_merged,github_outcomes,FALSE,split_period5,low,observed,6,-32.3647529483474,12.0505423535961,-55.9838159613957,-8.74568993529902
exact_1_2,pc_score,pull_request_merged,github_outcomes,FALSE,split_period5,low,observed,7,-32.4166170691543,13.4748784012056,-58.8273787355174,-6.0058554027912
exact_1_2,pc_score,pull_request_merged,github_outcomes,FALSE,split_period5,low,observed,8,-27.7813061794233,13.4731920407504,-54.1887625792942,-1.37384977955252
exact_1_2,pc_score,pull_request_merged,github_outcomes,FALSE,split_period5,low,observed,9,-26.4929291282798,14.2188776865722,-54.3619293939613,1.37607113740165
exact_1_2,pc_score,pull_request_merged,github_outcomes,FALSE,split_period5,low,observed,10,-26.7805424512028,14.7956520125498,-55.7800203958004,2.21893549339493
exact_1_2,pc_score,pull_request_merged,github_outcomes,FALSE,split_period5,low,observed,11,-35.7149254062719,22.3657997631292,-79.5518929420051,8.12204212946134
exact_1_2,pc_score,overall_new_release_count,downstream_outcomes,FALSE,split_period5,high,observed,-15,4.19558043864477,1.46205255301945,1.32995743472664,7.06120344256289
exact_1_2,pc_score,overall_new_release_count,downstream_outcomes,FALSE,split_period5,high,observed,-14,4.39194503319066,1.32525336679753,1.7944484342675,6.98944163211382
exact_1_2,pc_score,overall_new_release_count,downstream_outcomes,FALSE,split_period5,high,observed,-13,4.64998198301395,1.30593124133692,2.0903567499936,7.20960721603431
exact_1_2,pc_score,overall_new_release_count,downstream_outcomes,FALSE,split_period5,high,observed,-12,4.31190421529598,1.15339994171941,2.05124032952594,6.57256810106603
exact_1_2,pc_score,overall_new_release_count,downstream_outcomes,FALSE,split_period5,high,observed,-11,4.38732058025923,1.10134307481159,2.22868815362851,6.54595300688995
exact_1_2,pc_score,overall_new_release_count,downstream_outcomes,FALSE,split_period5,high,observed,-10,4.51137067044757,1.19940668276185,2.16053357223435,6.8622077686608
exact_1_2,pc_score,overall_new_release_count,downstream_outcomes,FALSE,split_period5,high,observed,-9,4.02091407483766,1.16272366207629,1.74197569716814,6.29985245250717
exact_1_2,pc_score,overall_new_release_count,downstream_outcomes,FALSE,split_period5,high,observed,-8,3.73799059680908,1.18476757892699,1.41584614211217,6.06013505150599
exact_1_2,pc_score,overall_new_release_count,downstream_outcomes,FALSE,split_period5,high,observed,-7,3.09840588520799,1.24998418109869,0.648436890254553,5.54837488016142
exact_1_2,pc_score,overall_new_release_count,downstream_outcomes,FALSE,split_period5,high,observed,-6,2.64429644003145,1.23312112754174,0.227379030049636,5.06121385001327
exact_1_2,pc_score,overall_new_release_count,downstream_outcomes,FALSE,split_period5,high,observed,-5,1.6846928623955,1.00834232865005,-0.291658101758595,3.6610438265496
exact_1_2,pc_score,overall_new_release_count,downstream_outcomes,FALSE,split_period5,high,observed,-4,1.69049462371471,0.910560897443595,-0.0942047352747335,3.47519398270416
exact_1_2,pc_score,overall_new_release_count,downstream_outcomes,FALSE,split_period5,high,observed,-3,0.856805009959172,0.662773165678665,-0.44223039477101,2.15584041468935
exact_1_2,pc_score,overall_new_release_count,downstream_outcomes,FALSE,split_period5,high,observed,-2,0.885243849176099,0.422117173533442,0.0578941890505527,1.71259350930165
exact_1_2,pc_score,overall_new_release_count,downstream_outcomes,FALSE,split_period5,high,observed,-1,0,0,0,0
exact_1_2,pc_score,overall_new_release_count,downstream_outcomes,FALSE,split_period5,high,observed,0,-0.597034012965529,0.375458993118116,-1.33293363947704,0.138865613545978
exact_1_2,pc_score,overall_new_release_count,downstream_outcomes,FALSE,split_period5,high,observed,1,-0.767118713484775,0.646693401937019,-2.03463778128133,0.500400354311782
exact_1_2,pc_score,overall_new_release_count,downstream_outcomes,FALSE,split_period5,high,observed,2,-0.0202319534889093,0.827801758581428,-1.64272340030851,1.60225949333069
exact_1_2,pc_score,overall_new_release_count,downstream_outcomes,FALSE,split_period5,high,observed,3,0.856022593857285,1.13657776850541,-1.37166983241332,3.08371502012789
exact_1_2,pc_score,overall_new_release_count,downstream_outcomes,FALSE,split_period5,high,observed,4,1.46911037936323,1.31394091225291,-1.10621380865248,4.04443456737894
exact_1_2,pc_score,overall_new_release_count,downstream_outcomes,FALSE,split_period5,high,observed,5,2.13950566301,1.43060262004582,-0.664475472279809,4.9434867982998
exact_1_2,pc_score,overall_new_release_count,downstream_outcomes,FALSE,split_period5,high,observed,6,0.720002031320808,1.54456084774876,-2.30733723026677,3.74734129290838
exact_1_2,pc_score,overall_new_release_count,downstream_outcomes,FALSE,split_period5,high,observed,7,0.0972230911606926,1.56626945412874,-2.97266503893163,3.16711122125302
exact_1_2,pc_score,overall_new_release_count,downstream_outcomes,FALSE,split_period5,high,observed,8,-0.296627164483008,1.71585637855949,-3.65970566645962,3.0664513374936
exact_1_2,pc_score,overall_new_release_count,downstream_outcomes,FALSE,split_period5,high,observed,9,-2.03838129540259,1.74861073110776,-5.46565832837379,1.38889573756862
exact_1_2,pc_score,overall_new_release_count,downstream_outcomes,FALSE,split_period5,high,observed,10,-2.51097710936162,2.24174555045467,-6.90479838825278,1.88284416952953
exact_1_2,pc_score,overall_new_release_count,downstream_outcomes,FALSE,split_period5,high,observed,11,-3.43559721537061,1.82903451629952,-7.02050486731767,0.149310436576439
exact_1_2,pc_score,overall_new_release_count,downstream_outcomes,FALSE,split_period5,low,observed,-15,3.07727278214771,1.3418437540266,0.447259024255565,5.70728654003985
exact_1_2,pc_score,overall_new_release_count,downstream_outcomes,FALSE,split_period5,low,observed,-14,2.62067091013253,1.17027146964828,0.326938829621893,4.91440299064316
exact_1_2,pc_score,overall_new_release_count,downstream_outcomes,FALSE,split_period5,low,observed,-13,1.42932282286714,1.10268873857937,-0.731947104748413,3.5905927504827
exact_1_2,pc_score,overall_new_release_count,downstream_outcomes,FALSE,split_period5,low,observed,-12,0.852685512256844,1.08031100249153,-1.26472405262656,2.97009507714024
exact_1_2,pc_score,overall_new_release_count,downstream_outcomes,FALSE,split_period5,low,observed,-11,0.760902220903184,0.974169084375359,-1.14846918447252,2.67027362627889
exact_1_2,pc_score,overall_new_release_count,downstream_outcomes,FALSE,split_period5,low,observed,-10,-0.191421585965838,1.14477982951184,-2.43519005180904,2.05234687987736
exact_1_2,pc_score,overall_new_release_count,downstream_outcomes,FALSE,split_period5,low,observed,-9,-1.60389412550579,1.61307876210969,-4.76552849924079,1.5577402482292
exact_1_2,pc_score,overall_new_release_count,downstream_outcomes,FALSE,split_period5,low,observed,-8,-1.57140277222024,1.65487196897549,-4.8149518314122,1.67214628697171
exact_1_2,pc_score,overall_new_release_count,downstream_outcomes,FALSE,split_period5,low,observed,-7,-1.76859629230404,1.40122600918368,-4.51499927030406,0.977806685695982
exact_1_2,pc_score,overall_new_release_count,downstream_outcomes,FALSE,split_period5,low,observed,-6,-1.71349910483799,1.30176070081281,-4.26495007843111,0.83795186875512
exact_1_2,pc_score,overall_new_release_count,downstream_outcomes,FALSE,split_period5,low,observed,-5,-1.9771525877665,1.47034459670803,-4.85902799731423,0.904722821781235
exact_1_2,pc_score,overall_new_release_count,downstream_outcomes,FALSE,split_period5,low,observed,-4,-1.39169756724486,1.45999890015652,-4.25329541155165,1.46990027706192
exact_1_2,pc_score,overall_new_release_count,downstream_outcomes,FALSE,split_period5,low,observed,-3,-1.3110665172598,1.3468020767828,-3.95079858775409,1.32866555323449
exact_1_2,pc_score,overall_new_release_count,downstream_outcomes,FALSE,split_period5,low,observed,-2,-0.588258030186865,1.25746887056382,-3.05289701649196,1.87638095611823
exact_1_2,pc_score,overall_new_release_count,downstream_outcomes,FALSE,split_period5,low,observed,-1,0,0,0,0
exact_1_2,pc_score,overall_new_release_count,downstream_outcomes,FALSE,split_period5,low,observed,0,-1.33458820844252,0.555233876508224,-2.42284660639864,-0.246329810486403
exact_1_2,pc_score,overall_new_release_count,downstream_outcomes,FALSE,split_period5,low,observed,1,-3.14644905347922,1.03734276872837,-5.17964088018682,-1.11325722677161
exact_1_2,pc_score,overall_new_release_count,downstream_outcomes,FALSE,split_period5,low,observed,2,-3.69718371337151,1.20658054062225,-6.06208157299112,-1.3322858537519
exact_1_2,pc_score,overall_new_release_count,downstream_outcomes,FALSE,split_period5,low,observed,3,-4.42207099531286,1.31645702466325,-7.00232676365284,-1.84181522697288
exact_1_2,pc_score,overall_new_release_count,downstream_outcomes,FALSE,split_period5,low,observed,4,-5.02624440310963,1.29625819168035,-7.56691045880312,-2.48557834741613
exact_1_2,pc_score,overall_new_release_count,downstream_outcomes,FALSE,split_period5,low,observed,5,-5.63033142899143,1.37404299749802,-8.32345570408754,-2.93720715389531
exact_1_2,pc_score,overall_new_release_count,downstream_outcomes,FALSE,split_period5,low,observed,6,-5.92765742173329,1.60417375078941,-9.07183797328053,-2.78347687018605
exact_1_2,pc_score,overall_new_release_count,downstream_outcomes,FALSE,split_period5,low,observed,7,-6.42971053225742,2.0005038661415,-10.3506981098948,-2.50872295462008
exact_1_2,pc_score,overall_new_release_count,downstream_outcomes,FALSE,split_period5,low,observed,8,-6.08386992593808,2.12433803746105,-10.2475724793617,-1.92016737251442
exact_1_2,pc_score,overall_new_release_count,downstream_outcomes,FALSE,split_period5,low,observed,9,-6.87910231324667,4.00981051146901,-14.7383309157259,0.980126289232585
exact_1_2,pc_score,overall_new_release_count,downstream_outcomes,FALSE,split_period5,low,observed,10,-11.6604196361829,7.52151049934931,-26.4025802149075,3.08174094254177
exact_1_2,pc_score,overall_new_release_count,downstream_outcomes,FALSE,split_period5,low,observed,11,-31.1937337523029,25.7581284331935,-81.6796654813622,19.2921979767563
exact_1_2,pc_score_binary,pull_request_opened,github_outcomes,TRUE,split_full_avg,high,observed,-15,0.340595775250198,0.532420503242208,-0.702948411104529,1.38413996160493
exact_1_2,pc_score_binary,pull_request_opened,github_outcomes,TRUE,split_full_avg,high,observed,-14,-0.20094180081736,0.446707694893093,-1.07648888280782,0.674605281173103
exact_1_2,pc_score_binary,pull_request_opened,github_outcomes,TRUE,split_full_avg,high,observed,-13,0.811196764177268,0.461649134127901,-0.0936355387134187,1.71602906706795
exact_1_2,pc_score_binary,pull_request_opened,github_outcomes,TRUE,split_full_avg,high,observed,-12,1.11937188132966,0.489372044943826,0.160202673239758,2.07854108941956
exact_1_2,pc_score_binary,pull_request_opened,github_outcomes,TRUE,split_full_avg,high,observed,-11,0.924976652385411,0.365041225635099,0.209495850140618,1.6404574546302
exact_1_2,pc_score_binary,pull_request_opened,github_outcomes,TRUE,split_full_avg,high,observed,-10,1.15513685278395,0.486787956507545,0.201032458029161,2.10924124753874
exact_1_2,pc_score_binary,pull_request_opened,github_outcomes,TRUE,split_full_avg,high,observed,-9,1.1981825554064,0.433105899452846,0.349294992478827,2.04707011833398
exact_1_2,pc_score_binary,pull_request_opened,github_outcomes,TRUE,split_full_avg,high,observed,-8,0.961083716931339,0.320852049634271,0.332213699648168,1.58995373421451
exact_1_2,pc_score_binary,pull_request_opened,github_outcomes,TRUE,split_full_avg,high,observed,-7,0.342888887793521,0.186332935988056,-0.0223236667430687,0.708101442330111
exact_1_2,pc_score_binary,pull_request_opened,github_outcomes,TRUE,split_full_avg,high,observed,-6,0.347635239699951,0.174321861612685,0.00596439093908852,0.689306088460814
exact_1_2,pc_score_binary,pull_request_opened,github_outcomes,TRUE,split_full_avg,high,observed,-5,0.228981933097377,0.120069762438525,-0.00635480128213181,0.464318667476886
exact_1_2,pc_score_binary,pull_request_opened,github_outcomes,TRUE,split_full_avg,high,observed,-4,0.206998474498881,0.106341250706694,-0.00143037688623932,0.415427325884001
exact_1_2,pc_score_binary,pull_request_opened,github_outcomes,TRUE,split_full_avg,high,observed,-3,0.269213752688585,0.0975971549643052,0.0779233289585473,0.460504176418624
exact_1_2,pc_score_binary,pull_request_opened,github_outcomes,TRUE,split_full_avg,high,observed,-2,0.485837076903831,0.0807397357156761,0.327587194901106,0.644086958906556
exact_1_2,pc_score_binary,pull_request_opened,github_outcomes,TRUE,split_full_avg,high,observed,-1,0,0,0,0
exact_1_2,pc_score_binary,pull_request_opened,github_outcomes,TRUE,split_full_avg,high,observed,0,0.499485666455757,0.15644436663503,0.192854707851099,0.806116625060415
exact_1_2,pc_score_binary,pull_request_opened,github_outcomes,TRUE,split_full_avg,high,observed,1,0.609761635090787,0.170489891020061,0.275601448691466,0.943921821490107
exact_1_2,pc_score_binary,pull_request_opened,github_outcomes,TRUE,split_full_avg,high,observed,2,0.777479130130254,0.172983189063802,0.438432079565201,1.11652618069531
exact_1_2,pc_score_binary,pull_request_opened,github_outcomes,TRUE,split_full_avg,high,observed,3,1.09073062148982,0.286639493271978,0.528917214676747,1.6525440283029
exact_1_2,pc_score_binary,pull_request_opened,github_outcomes,TRUE,split_full_avg,high,observed,4,1.22478036979713,0.341839252008048,0.554775435861357,1.8947853037329
exact_1_2,pc_score_binary,pull_request_opened,github_outcomes,TRUE,split_full_avg,high,observed,5,1.44376053050171,0.363114141265823,0.732056813620699,2.15546424738272
exact_1_2,pc_score_binary,pull_request_opened,github_outcomes,TRUE,split_full_avg,high,observed,6,1.30507516019086,0.434753996473304,0.452957327103184,2.15719299327854
exact_1_2,pc_score_binary,pull_request_opened,github_outcomes,TRUE,split_full_avg,high,observed,7,0.72285506012793,0.276160909409365,0.181579677685575,1.26413044257028
exact_1_2,pc_score_binary,pull_request_opened,github_outcomes,TRUE,split_full_avg,high,observed,8,0.899693631469079,0.358756742770529,0.196530415638841,1.60285684729932
exact_1_2,pc_score_binary,pull_request_opened,github_outcomes,TRUE,split_full_avg,high,observed,9,0.528762909580987,0.295914193207262,-0.0512289091052464,1.10875472826722
exact_1_2,pc_score_binary,pull_request_opened,github_outcomes,TRUE,split_full_avg,high,observed,10,0.194366919216134,0.303908534139306,-0.401293807696907,0.790027646129174
exact_1_2,pc_score_binary,pull_request_opened,github_outcomes,TRUE,split_full_avg,high,observed,11,0.151650508285545,0.498826527826472,-0.826049486254341,1.12935050282543
exact_1_2,pc_score_binary,pull_request_opened,github_outcomes,TRUE,split_full_avg,low,observed,-15,0.528270031436722,1.04575392030629,-1.52140765236361,2.57794771523705
exact_1_2,pc_score_binary,pull_request_opened,github_outcomes,TRUE,split_full_avg,low,observed,-14,0.245665845823061,0.735794798403088,-1.19649195904699,1.68782365069311
exact_1_2,pc_score_binary,pull_request_opened,github_outcomes,TRUE,split_full_avg,low,observed,-13,0.920607877595301,0.556715628772776,-0.17055475479934,2.01177050998994
exact_1_2,pc_score_binary,pull_request_opened,github_outcomes,TRUE,split_full_avg,low,observed,-12,-0.0669310244861184,0.395832447647346,-0.842762621874917,0.70890057290268
exact_1_2,pc_score_binary,pull_request_opened,github_outcomes,TRUE,split_full_avg,low,observed,-11,0.327986216283097,0.461281506864434,-0.576125537171193,1.23209796973739
exact_1_2,pc_score_binary,pull_request_opened,github_outcomes,TRUE,split_full_avg,low,observed,-10,0.278597914889244,0.409379382005719,-0.523785673841965,1.08098150362045
exact_1_2,pc_score_binary,pull_request_opened,github_outcomes,TRUE,split_full_avg,low,observed,-9,0.458579789403697,0.538514648604035,-0.596908921860212,1.51406850066761
exact_1_2,pc_score_binary,pull_request_opened,github_outcomes,TRUE,split_full_avg,low,observed,-8,0.294355609898966,0.504357087269042,-0.694184281148356,1.28289550094629
exact_1_2,pc_score_binary,pull_request_opened,github_outcomes,TRUE,split_full_avg,low,observed,-7,0.659234193548272,0.505535114071243,-0.331614630031364,1.65008301712791
exact_1_2,pc_score_binary,pull_request_opened,github_outcomes,TRUE,split_full_avg,low,observed,-6,0.4993169911917,0.44053838289058,-0.364138239273836,1.36277222165724
exact_1_2,pc_score_binary,pull_request_opened,github_outcomes,TRUE,split_full_avg,low,observed,-5,0.213273296508518,0.313557200924682,-0.401298817303859,0.827845410320896
exact_1_2,pc_score_binary,pull_request_opened,github_outcomes,TRUE,split_full_avg,low,observed,-4,0.227115871299994,0.230319248976299,-0.224309856693551,0.67854159929354
exact_1_2,pc_score_binary,pull_request_opened,github_outcomes,TRUE,split_full_avg,low,observed,-3,0.0574820744434222,0.177263484084199,-0.289954354361607,0.404918503248452
exact_1_2,pc_score_binary,pull_request_opened,github_outcomes,TRUE,split_full_avg,low,observed,-2,0.246990690030133,0.142810588130815,-0.0329180627062642,0.526899442766529
exact_1_2,pc_score_binary,pull_request_opened,github_outcomes,TRUE,split_full_avg,low,observed,-1,0,0,0,0
exact_1_2,pc_score_binary,pull_request_opened,github_outcomes,TRUE,split_full_avg,low,observed,0,-0.622984101527339,0.262101817017178,-1.13670366288101,-0.109264540173669
exact_1_2,pc_score_binary,pull_request_opened,github_outcomes,TRUE,split_full_avg,low,observed,1,-1.74773048717326,0.452000779567486,-2.63365201512553,-0.861808959220984
exact_1_2,pc_score_binary,pull_request_opened,github_outcomes,TRUE,split_full_avg,low,observed,2,-2.27408054884333,0.66650591094463,-3.58043213429481,-0.967728963391855
exact_1_2,pc_score_binary,pull_request_opened,github_outcomes,TRUE,split_full_avg,low,observed,3,-2.96969670791792,0.981721931195322,-4.89387169306075,-1.04552172277509
exact_1_2,pc_score_binary,pull_request_opened,github_outcomes,TRUE,split_full_avg,low,observed,4,-3.57184942559891,1.45417269694289,-6.42202791160697,-0.721670939590858
exact_1_2,pc_score_binary,pull_request_opened,github_outcomes,TRUE,split_full_avg,low,observed,5,-3.81840832848139,1.72196644357759,-7.19346255789347,-0.443354099069313
exact_1_2,pc_score_binary,pull_request_opened,github_outcomes,TRUE,split_full_avg,low,observed,6,-4.0365115059693,1.88253591162035,-7.72628189274518,-0.346741119193418
exact_1_2,pc_score_binary,pull_request_opened,github_outcomes,TRUE,split_full_avg,low,observed,7,-4.23879312026184,2.24882714542559,-8.64649432529599,0.16890808477232
exact_1_2,pc_score_binary,pull_request_opened,github_outcomes,TRUE,split_full_avg,low,observed,8,-4.74900286000379,2.26565247904965,-9.1896817189411,-0.308324001066472
exact_1_2,pc_score_binary,pull_request_opened,github_outcomes,TRUE,split_full_avg,low,observed,9,-5.1718243820967,2.49256993549972,-10.0572614556761,-0.286387308517249
exact_1_2,pc_score_binary,pull_request_opened,github_outcomes,TRUE,split_full_avg,low,observed,10,-5.22042548374029,2.71705082339807,-10.5458450976005,0.104994130119922
exact_1_2,pc_score_binary,pull_request_opened,github_outcomes,TRUE,split_full_avg,low,observed,11,-5.04287510450871,2.51206632949615,-9.96652511032116,-0.11922509869625
exact_1_2,pc_score_binary,pull_request_merged,github_outcomes,TRUE,split_full_avg,high,observed,-15,0.573326850971495,0.530568580672868,-0.466587567147327,1.61324126909032
exact_1_2,pc_score_binary,pull_request_merged,github_outcomes,TRUE,split_full_avg,high,observed,-14,0.160294176611011,0.424088647455895,-0.670919572402543,0.991507925624565
exact_1_2,pc_score_binary,pull_request_merged,github_outcomes,TRUE,split_full_avg,high,observed,-13,0.788836232441163,0.4551303258088,-0.103219206144084,1.68089167102641
exact_1_2,pc_score_binary,pull_request_merged,github_outcomes,TRUE,split_full_avg,high,observed,-12,0.843747926813609,0.358487949908083,0.141111544993766,1.54638430863345
exact_1_2,pc_score_binary,pull_request_merged,github_outcomes,TRUE,split_full_avg,high,observed,-11,0.949389572817531,0.356153598977557,0.251328518821519,1.64745062681354
exact_1_2,pc_score_binary,pull_request_merged,github_outcomes,TRUE,split_full_avg,high,observed,-10,1.78627034136337,0.783933197530047,0.24976127420448,3.32277940852226
exact_1_2,pc_score_binary,pull_request_merged,github_outcomes,TRUE,split_full_avg,high,observed,-9,1.62232076339921,0.661696140965653,0.325396327106526,2.91924519969189
exact_1_2,pc_score_binary,pull_request_merged,github_outcomes,TRUE,split_full_avg,high,observed,-8,0.78108724130424,0.273440704240566,0.245143460992731,1.31703102161575
exact_1_2,pc_score_binary,pull_request_merged,github_outcomes,TRUE,split_full_avg,high,observed,-7,0.317106795379753,0.177339695010344,-0.0304790068405209,0.664692597600027
exact_1_2,pc_score_binary,pull_request_merged,github_outcomes,TRUE,split_full_avg,high,observed,-6,0.40078072092113,0.175494622204349,0.0568112614006054,0.744750180441654
exact_1_2,pc_score_binary,pull_request_merged,github_outcomes,TRUE,split_full_avg,high,observed,-5,0.226841810118524,0.119269453707932,-0.00692631914902289,0.460609939386071
exact_1_2,pc_score_binary,pull_request_merged,github_outcomes,TRUE,split_full_avg,high,observed,-4,0.211988946967098,0.102096778373244,0.01187926135554,0.412098632578656
exact_1_2,pc_score_binary,pull_request_merged,github_outcomes,TRUE,split_full_avg,high,observed,-3,0.261327745193614,0.0969383605854555,0.0713285584461208,0.451326931941106
exact_1_2,pc_score_binary,pull_request_merged,github_outcomes,TRUE,split_full_avg,high,observed,-2,0.47607450956821,0.0784990193059079,0.32221643172863,0.629932587407789
exact_1_2,pc_score_binary,pull_request_merged,github_outcomes,TRUE,split_full_avg,high,observed,-1,0,0,0,0
exact_1_2,pc_score_binary,pull_request_merged,github_outcomes,TRUE,split_full_avg,high,observed,0,0.802705248266987,0.170169758738681,0.469172521139173,1.1362379753948
exact_1_2,pc_score_binary,pull_request_merged,github_outcomes,TRUE,split_full_avg,high,observed,1,0.575038346373529,0.136966841471099,0.306583337090175,0.843493355656882
exact_1_2,pc_score_binary,pull_request_merged,github_outcomes,TRUE,split_full_avg,high,observed,2,0.794868603461044,0.172941373571439,0.455903511261023,1.13383369566106
exact_1_2,pc_score_binary,pull_request_merged,github_outcomes,TRUE,split_full_avg,high,observed,3,1.10196380630506,0.247137005087973,0.617575276332632,1.58635233627749
exact_1_2,pc_score_binary,pull_request_merged,github_outcomes,TRUE,split_full_avg,high,observed,4,1.44933639724928,0.286433109816894,0.887927502008172,2.01074529249039
exact_1_2,pc_score_binary,pull_request_merged,github_outcomes,TRUE,split_full_avg,high,observed,5,1.43804537986725,0.342054408956414,0.767618738312684,2.10847202142182
exact_1_2,pc_score_binary,pull_request_merged,github_outcomes,TRUE,split_full_avg,high,observed,6,1.29125182782629,0.365990634767284,0.573910183682418,2.00859347197017
exact_1_2,pc_score_binary,pull_request_merged,github_outcomes,TRUE,split_full_avg,high,observed,7,0.758395085085498,0.194278470593088,0.377609282723045,1.13918088744795
exact_1_2,pc_score_binary,pull_request_merged,github_outcomes,TRUE,split_full_avg,high,observed,8,1.12405040115669,0.291773953565452,0.552173452168404,1.69592735014498
exact_1_2,pc_score_binary,pull_request_merged,github_outcomes,TRUE,split_full_avg,high,observed,9,0.714975683209977,0.302652474582616,0.12177683302805,1.30817453339191
exact_1_2,pc_score_binary,pull_request_merged,github_outcomes,TRUE,split_full_avg,high,observed,10,0.368321065014046,0.265620505914389,-0.152295126578157,0.888937256606248
exact_1_2,pc_score_binary,pull_request_merged,github_outcomes,TRUE,split_full_avg,high,observed,11,0.291069507651145,0.546214920586345,-0.779511736698091,1.36165075200038
exact_1_2,pc_score_binary,pull_request_merged,github_outcomes,TRUE,split_full_avg,low,observed,-15,0.467218826034517,0.490385334547679,-0.493936429678934,1.42837408174797
exact_1_2,pc_score_binary,pull_request_merged,github_outcomes,TRUE,split_full_avg,low,observed,-14,0.183716421944983,0.554174690936803,-0.902465972291151,1.26989881618112
exact_1_2,pc_score_binary,pull_request_merged,github_outcomes,TRUE,split_full_avg,low,observed,-13,0.616975511657871,0.497081522577497,-0.357304272594022,1.59125529590976
exact_1_2,pc_score_binary,pull_request_merged,github_outcomes,TRUE,split_full_avg,low,observed,-12,-0.08524185353021,0.354302731344113,-0.779675206964672,0.609191499904252
exact_1_2,pc_score_binary,pull_request_merged,github_outcomes,TRUE,split_full_avg,low,observed,-11,-0.104961220412164,0.394872353042822,-0.878911032376096,0.668988591551767
exact_1_2,pc_score_binary,pull_request_merged,github_outcomes,TRUE,split_full_avg,low,observed,-10,0.0524886525295261,0.388802992545428,-0.709565212859512,0.814542517918564
exact_1_2,pc_score_binary,pull_request_merged,github_outcomes,TRUE,split_full_avg,low,observed,-9,-0.0496989448882107,0.414712952974464,-0.86253633271816,0.763138442941738
exact_1_2,pc_score_binary,pull_request_merged,github_outcomes,TRUE,split_full_avg,low,observed,-8,-0.0342608360345502,0.411773054980854,-0.841336023797025,0.772814351727924
exact_1_2,pc_score_binary,pull_request_merged,github_outcomes,TRUE,split_full_avg,low,observed,-7,0.340981017768879,0.390811207416248,-0.425008948766966,1.10697098430472
exact_1_2,pc_score_binary,pull_request_merged,github_outcomes,TRUE,split_full_avg,low,observed,-6,0.293189734642529,0.345789338518776,-0.384557368854273,0.970936838139331
exact_1_2,pc_score_binary,pull_request_merged,github_outcomes,TRUE,split_full_avg,low,observed,-5,0.104411442574765,0.247731619362205,-0.381142531375156,0.589965416524686
exact_1_2,pc_score_binary,pull_request_merged,github_outcomes,TRUE,split_full_avg,low,observed,-4,0.114846742614869,0.184059487885335,-0.245909853640388,0.475603338870125
exact_1_2,pc_score_binary,pull_request_merged,github_outcomes,TRUE,split_full_avg,low,observed,-3,-0.00932677366505528,0.151779790437587,-0.306815162922725,0.288161615592614
exact_1_2,pc_score_binary,pull_request_merged,github_outcomes,TRUE,split_full_avg,low,observed,-2,0.178136614096952,0.132555258129236,-0.081671691836351,0.437944920030255
exact_1_2,pc_score_binary,pull_request_merged,github_outcomes,TRUE,split_full_avg,low,observed,-1,0,0,0,0
exact_1_2,pc_score_binary,pull_request_merged,github_outcomes,TRUE,split_full_avg,low,observed,0,-0.724239428566088,0.191337742598028,-1.09926140405822,-0.349217453073953
exact_1_2,pc_score_binary,pull_request_merged,github_outcomes,TRUE,split_full_avg,low,observed,1,-1.77401529321102,0.355854725171098,-2.47149055454637,-1.07654003187567
exact_1_2,pc_score_binary,pull_request_merged,github_outcomes,TRUE,split_full_avg,low,observed,2,-2.3054981375339,0.537633973629126,-3.35926072584699,-1.25173554922081
exact_1_2,pc_score_binary,pull_request_merged,github_outcomes,TRUE,split_full_avg,low,observed,3,-2.91258161551132,0.736798563681565,-4.35670680032719,-1.46845643069546
exact_1_2,pc_score_binary,pull_request_merged,github_outcomes,TRUE,split_full_avg,low,observed,4,-3.42441758895736,1.13787359879116,-5.65464984258804,-1.19418533532668
exact_1_2,pc_score_binary,pull_request_merged,github_outcomes,TRUE,split_full_avg,low,observed,5,-3.7218843095834,1.33049308452533,-6.32965075525303,-1.11411786391376
exact_1_2,pc_score_binary,pull_request_merged,github_outcomes,TRUE,split_full_avg,low,observed,6,-4.03200646101399,1.42480220563464,-6.82461878405787,-1.2393941379701
exact_1_2,pc_score_binary,pull_request_merged,github_outcomes,TRUE,split_full_avg,low,observed,7,-4.24626732702932,1.75635525960986,-7.68872363586465,-0.803811018193989
exact_1_2,pc_score_binary,pull_request_merged,github_outcomes,TRUE,split_full_avg,low,observed,8,-4.46550324283141,1.73126845199372,-7.85878940873911,-1.07221707692372
exact_1_2,pc_score_binary,pull_request_merged,github_outcomes,TRUE,split_full_avg,low,observed,9,-4.72424108966027,1.92977204315604,-8.50659429424611,-0.94188788507443
exact_1_2,pc_score_binary,pull_request_merged,github_outcomes,TRUE,split_full_avg,low,observed,10,-4.96360362336731,2.1113683801526,-9.1018856484664,-0.82532159826821
exact_1_2,pc_score_binary,pull_request_merged,github_outcomes,TRUE,split_full_avg,low,observed,11,-4.55349745358107,1.93864748517982,-8.35324652453353,-0.753748382628622
exact_1_2,pc_score_binary,overall_new_release_count,downstream_outcomes,TRUE,split_full_avg,high,observed,-15,0.769996471231065,0.285977923153555,0.209479741850097,1.33051320061203
exact_1_2,pc_score_binary,overall_new_release_count,downstream_outcomes,TRUE,split_full_avg,high,observed,-14,0.745200991642766,0.241494230540246,0.271872299783885,1.21852968350165
exact_1_2,pc_score_binary,overall_new_release_count,downstream_outcomes,TRUE,split_full_avg,high,observed,-13,0.70692642397218,0.222536150354296,0.27075556927776,1.1430972786666
exact_1_2,pc_score_binary,overall_new_release_count,downstream_outcomes,TRUE,split_full_avg,high,observed,-12,0.778224506471099,0.196347705543691,0.393383003605465,1.16306600933673
exact_1_2,pc_score_binary,overall_new_release_count,downstream_outcomes,TRUE,split_full_avg,high,observed,-11,0.618008326692443,0.179021757311416,0.267125682362068,0.968890971022818
exact_1_2,pc_score_binary,overall_new_release_count,downstream_outcomes,TRUE,split_full_avg,high,observed,-10,0.530133605831084,0.176935166295549,0.183340679891807,0.876926531770361
exact_1_2,pc_score_binary,overall_new_release_count,downstream_outcomes,TRUE,split_full_avg,high,observed,-9,0.397172321262052,0.164477496318312,0.0747964284781595,0.719548214045944
exact_1_2,pc_score_binary,overall_new_release_count,downstream_outcomes,TRUE,split_full_avg,high,observed,-8,0.411334226468717,0.148162073654538,0.120936562105823,0.701731890831612
exact_1_2,pc_score_binary,overall_new_release_count,downstream_outcomes,TRUE,split_full_avg,high,observed,-7,0.397952017293637,0.140845276341697,0.121895275663911,0.674008758923362
exact_1_2,pc_score_binary,overall_new_release_count,downstream_outcomes,TRUE,split_full_avg,high,observed,-6,0.264925975068976,0.140284715046368,-0.0100320664219055,0.539884016559858
exact_1_2,pc_score_binary,overall_new_release_count,downstream_outcomes,TRUE,split_full_avg,high,observed,-5,0.236180292788073,0.118813834181831,0.00330517779168371,0.469055407784462
exact_1_2,pc_score_binary,overall_new_release_count,downstream_outcomes,TRUE,split_full_avg,high,observed,-4,0.228324236189882,0.115515257782585,0.00191433093601537,0.454734141443749
exact_1_2,pc_score_binary,overall_new_release_count,downstream_outcomes,TRUE,split_full_avg,high,observed,-3,0.261695256588354,0.108035587837501,0.0499455044268516,0.473445008749856
exact_1_2,pc_score_binary,overall_new_release_count,downstream_outcomes,TRUE,split_full_avg,high,observed,-2,0.249508468684944,0.0951801097782496,0.062955453519575,0.436061483850313
exact_1_2,pc_score_binary,overall_new_release_count,downstream_outcomes,TRUE,split_full_avg,high,observed,-1,0,0,0,0
exact_1_2,pc_score_binary,overall_new_release_count,downstream_outcomes,TRUE,split_full_avg,high,observed,0,0.401656529137861,0.145102345148513,0.117255932646777,0.686057125628946
exact_1_2,pc_score_binary,overall_new_release_count,downstream_outcomes,TRUE,split_full_avg,high,observed,1,-0.0506913305353737,0.135885184827602,-0.317026292797473,0.215643631726726
exact_1_2,pc_score_binary,overall_new_release_count,downstream_outcomes,TRUE,split_full_avg,high,observed,2,-0.0754875938555253,0.138066355074272,-0.346097649801099,0.195122462090048
exact_1_2,pc_score_binary,overall_new_release_count,downstream_outcomes,TRUE,split_full_avg,high,observed,3,-0.0610972237124172,0.157937023740635,-0.370653790244062,0.248459342819228
exact_1_2,pc_score_binary,overall_new_release_count,downstream_outcomes,TRUE,split_full_avg,high,observed,4,0.253413999404219,0.228589911064683,-0.194622226282559,0.701450225090996
exact_1_2,pc_score_binary,overall_new_release_count,downstream_outcomes,TRUE,split_full_avg,high,observed,5,0.23339135177688,0.241898029114913,-0.24072878528835,0.707511488842109
exact_1_2,pc_score_binary,overall_new_release_count,downstream_outcomes,TRUE,split_full_avg,high,observed,6,-0.253105520187915,0.174143890021525,-0.594427544630104,0.0882165042542726
exact_1_2,pc_score_binary,overall_new_release_count,downstream_outcomes,TRUE,split_full_avg,high,observed,7,-0.139583406608304,0.199941400154391,-0.531468550910911,0.252301737694303
exact_1_2,pc_score_binary,overall_new_release_count,downstream_outcomes,TRUE,split_full_avg,high,observed,8,-0.305447590939442,0.199175384382114,-0.695831344328386,0.0849361624495018
exact_1_2,pc_score_binary,overall_new_release_count,downstream_outcomes,TRUE,split_full_avg,high,observed,9,-0.658450695734529,0.236228108934468,-1.12145778924609,-0.195443602222972
exact_1_2,pc_score_binary,overall_new_release_count,downstream_outcomes,TRUE,split_full_avg,high,observed,10,-0.306355716455583,0.389626715885491,-1.07002407959114,0.45731264667998
exact_1_2,pc_score_binary,overall_new_release_count,downstream_outcomes,TRUE,split_full_avg,high,observed,11,-1.26884958761451,0.367776565722041,-1.98969165642971,-0.548007518799308
exact_1_2,pc_score_binary,overall_new_release_count,downstream_outcomes,TRUE,split_full_avg,low,observed,-15,0.777274077965343,0.225551186464393,0.335193752495133,1.21935440343555
exact_1_2,pc_score_binary,overall_new_release_count,downstream_outcomes,TRUE,split_full_avg,low,observed,-14,0.641791770629026,0.206843431465303,0.236378644957031,1.04720489630102
exact_1_2,pc_score_binary,overall_new_release_count,downstream_outcomes,TRUE,split_full_avg,low,observed,-13,0.551427737786765,0.219502018194804,0.12120378212495,0.98165169344858
exact_1_2,pc_score_binary,overall_new_release_count,downstream_outcomes,TRUE,split_full_avg,low,observed,-12,0.478007724790978,0.241604738363587,0.00446243759834858,0.951553011983608
exact_1_2,pc_score_binary,overall_new_release_count,downstream_outcomes,TRUE,split_full_avg,low,observed,-11,0.390455669807964,0.213469445066394,-0.0279444425221682,0.808855782138096
exact_1_2,pc_score_binary,overall_new_release_count,downstream_outcomes,TRUE,split_full_avg,low,observed,-10,0.407465361630032,0.193907894149155,0.0274058890976873,0.787524834162377
exact_1_2,pc_score_binary,overall_new_release_count,downstream_outcomes,TRUE,split_full_avg,low,observed,-9,0.354279520840953,0.17769512320432,0.0059970793604861,0.70256196232142
exact_1_2,pc_score_binary,overall_new_release_count,downstream_outcomes,TRUE,split_full_avg,low,observed,-8,0.310502481197335,0.1705517393294,-0.023778927888289,0.64478389028296
exact_1_2,pc_score_binary,overall_new_release_count,downstream_outcomes,TRUE,split_full_avg,low,observed,-7,0.262044832623281,0.183376945068319,-0.0973739797106249,0.621463644957186
exact_1_2,pc_score_binary,overall_new_release_count,downstream_outcomes,TRUE,split_full_avg,low,observed,-6,0.348209978895333,0.172563922457731,0.00998469087817916,0.686435266912486
exact_1_2,pc_score_binary,overall_new_release_count,downstream_outcomes,TRUE,split_full_avg,low,observed,-5,0.0376541328162442,0.134747349695872,-0.226450672587664,0.301758938220152
exact_1_2,pc_score_binary,overall_new_release_count,downstream_outcomes,TRUE,split_full_avg,low,observed,-4,-0.0582829627915512,0.104969102432057,-0.264022403558382,0.14745647797528
exact_1_2,pc_score_binary,overall_new_release_count,downstream_outcomes,TRUE,split_full_avg,low,observed,-3,-0.201800358570136,0.0959741435930898,-0.389909680012592,-0.01369103712768
exact_1_2,pc_score_binary,overall_new_release_count,downstream_outcomes,TRUE,split_full_avg,low,observed,-2,-0.022670985288668,0.0900216963741948,-0.19911351018209,0.153771539604754
exact_1_2,pc_score_binary,overall_new_release_count,downstream_outcomes,TRUE,split_full_avg,low,observed,-1,0,0,0,0
exact_1_2,pc_score_binary,overall_new_release_count,downstream_outcomes,TRUE,split_full_avg,low,observed,0,-0.137378125402187,0.108737547650745,-0.350503718797646,0.0757474679932726
exact_1_2,pc_score_binary,overall_new_release_count,downstream_outcomes,TRUE,split_full_avg,low,observed,1,-0.72384967106286,0.114967917038237,-0.949186788457805,-0.498512553667915
exact_1_2,pc_score_binary,overall_new_release_count,downstream_outcomes,TRUE,split_full_avg,low,observed,2,-0.737138654913591,0.157665340679449,-1.04616272264531,-0.42811458718187
exact_1_2,pc_score_binary,overall_new_release_count,downstream_outcomes,TRUE,split_full_avg,low,observed,3,-0.924742314283304,0.174513786848535,-1.26678933650643,-0.582695292060174
exact_1_2,pc_score_binary,overall_new_release_count,downstream_outcomes,TRUE,split_full_avg,low,observed,4,-1.15884296611209,0.240991404044715,-1.63118611803973,-0.686499814184451
exact_1_2,pc_score_binary,overall_new_release_count,downstream_outcomes,TRUE,split_full_avg,low,observed,5,-1.18669948382875,0.255840467588278,-1.68814680030177,-0.685252167355726
exact_1_2,pc_score_binary,overall_new_release_count,downstream_outcomes,TRUE,split_full_avg,low,observed,6,-1.19073552376804,0.280158476264257,-1.73984613724598,-0.641624910290095
exact_1_2,pc_score_binary,overall_new_release_count,downstream_outcomes,TRUE,split_full_avg,low,observed,7,-1.14449963406571,0.370727495814731,-1.87112552586259,-0.417873742268842
exact_1_2,pc_score_binary,overall_new_release_count,downstream_outcomes,TRUE,split_full_avg,low,observed,8,-1.26374017399539,0.326193424134377,-1.90307928529877,-0.624401062692011
exact_1_2,pc_score_binary,overall_new_release_count,downstream_outcomes,TRUE,split_full_avg,low,observed,9,-1.31103819180632,0.358550191552842,-2.01379656724989,-0.608279816362752
exact_1_2,pc_score_binary,overall_new_release_count,downstream_outcomes,TRUE,split_full_avg,low,observed,10,-0.890119449174629,0.699915358703906,-2.26195355223428,0.481714653885028
exact_1_2,pc_score_binary,overall_new_release_count,downstream_outcomes,TRUE,split_full_avg,low,observed,11,-2.03268685962033,0.284702961115972,-2.59070466340763,-1.47466905583302
exact_1_2,pc_score_binary,pull_request_opened,github_outcomes,TRUE,split_period1,high,observed,-15,-0.462890930816807,0.636434901020881,-1.71030333681773,0.784521475184121
exact_1_2,pc_score_binary,pull_request_opened,github_outcomes,TRUE,split_period1,high,observed,-14,-0.252246214113098,0.531114603854758,-1.29323083766842,0.788738409442227
exact_1_2,pc_score_binary,pull_request_opened,github_outcomes,TRUE,split_period1,high,observed,-13,0.924234425551064,0.498289632794186,-0.0524132547255398,1.90088210582767
exact_1_2,pc_score_binary,pull_request_opened,github_outcomes,TRUE,split_period1,high,observed,-12,1.03483900569225,0.527814631134309,0.000322328669007055,2.0693556827155
exact_1_2,pc_score_binary,pull_request_opened,github_outcomes,TRUE,split_period1,high,observed,-11,1.09449656776885,0.384527773303525,0.34082213209394,1.84817100344376
exact_1_2,pc_score_binary,pull_request_opened,github_outcomes,TRUE,split_period1,high,observed,-10,1.38208855850147,0.491075431065536,0.419580713613016,2.34459640338992
exact_1_2,pc_score_binary,pull_request_opened,github_outcomes,TRUE,split_period1,high,observed,-9,1.16802999128797,0.426935733428084,0.331235953768927,2.00482402880702
exact_1_2,pc_score_binary,pull_request_opened,github_outcomes,TRUE,split_period1,high,observed,-8,0.792101198898377,0.317979339623458,0.168861693236399,1.41534070456036
exact_1_2,pc_score_binary,pull_request_opened,github_outcomes,TRUE,split_period1,high,observed,-7,0.50287944466137,0.206315421735309,0.0985012180601642,0.907257671262576
exact_1_2,pc_score_binary,pull_request_opened,github_outcomes,TRUE,split_period1,high,observed,-6,0.396049738621871,0.188531498278136,0.0265280019967238,0.765571475247018
exact_1_2,pc_score_binary,pull_request_opened,github_outcomes,TRUE,split_period1,high,observed,-5,0.209580864436208,0.132171891830504,-0.0494760435515793,0.468637772423996
exact_1_2,pc_score_binary,pull_request_opened,github_outcomes,TRUE,split_period1,high,observed,-4,0.244692435867296,0.117901762316867,0.0136049817262372,0.475779890008356
exact_1_2,pc_score_binary,pull_request_opened,github_outcomes,TRUE,split_period1,high,observed,-3,0.20564915385225,0.100280803325719,0.00909877933384162,0.402199528370659
exact_1_2,pc_score_binary,pull_request_opened,github_outcomes,TRUE,split_period1,high,observed,-2,0.48144202462498,0.0820605149704648,0.320603415282869,0.642280633967091
exact_1_2,pc_score_binary,pull_request_opened,github_outcomes,TRUE,split_period1,high,observed,-1,0,0,0,0
exact_1_2,pc_score_binary,pull_request_opened,github_outcomes,TRUE,split_period1,high,observed,0,0.566921603239492,0.161258221280607,0.250855489529501,0.882987716949482
exact_1_2,pc_score_binary,pull_request_opened,github_outcomes,TRUE,split_period1,high,observed,1,0.485538472585817,0.169243782078568,0.153820659711823,0.817256285459811
exact_1_2,pc_score_binary,pull_request_opened,github_outcomes,TRUE,split_period1,high,observed,2,0.266927790246235,0.170666472913937,-0.0675784966650827,0.601434077157552
exact_1_2,pc_score_binary,pull_request_opened,github_outcomes,TRUE,split_period1,high,observed,3,0.34845042656625,0.272008140943602,-0.184685529683209,0.881586382815709
exact_1_2,pc_score_binary,pull_request_opened,github_outcomes,TRUE,split_period1,high,observed,4,0.290809977231228,0.327827284536552,-0.351731500460415,0.93335145492287
exact_1_2,pc_score_binary,pull_request_opened,github_outcomes,TRUE,split_period1,high,observed,5,0.537144720779249,0.347683564875433,-0.1443150663766,1.2186045079351
exact_1_2,pc_score_binary,pull_request_opened,github_outcomes,TRUE,split_period1,high,observed,6,0.432436792317303,0.419503179314153,-0.389789439138436,1.25466302377304
exact_1_2,pc_score_binary,pull_request_opened,github_outcomes,TRUE,split_period1,high,observed,7,0.0480094474489049,0.295929783091484,-0.532012927410404,0.628031822308214
exact_1_2,pc_score_binary,pull_request_opened,github_outcomes,TRUE,split_period1,high,observed,8,0.102642688031828,0.352744281014837,-0.588736102757252,0.794021478820907
exact_1_2,pc_score_binary,pull_request_opened,github_outcomes,TRUE,split_period1,high,observed,9,-0.13979905595473,0.329785276497038,-0.786178197888924,0.506580085979464
exact_1_2,pc_score_binary,pull_request_opened,github_outcomes,TRUE,split_period1,high,observed,10,-0.397074054845189,0.309812171724243,-1.00430591142471,0.210157801734327
exact_1_2,pc_score_binary,pull_request_opened,github_outcomes,TRUE,split_period1,high,observed,11,-0.263701816617843,0.45868425318606,-1.16272295286252,0.635319319626834
exact_1_2,pc_score_binary,pull_request_opened,github_outcomes,TRUE,split_period1,low,observed,-14,0.106536104428173,0.690508367628549,-1.24686029612378,1.45993250498013
exact_1_2,pc_score_binary,pull_request_opened,github_outcomes,TRUE,split_period1,low,observed,-13,0.676693837231976,0.543193850690351,-0.387966110121112,1.74135378458506
exact_1_2,pc_score_binary,pull_request_opened,github_outcomes,TRUE,split_period1,low,observed,-12,-0.0947331405236657,0.358848789382818,-0.798076767713988,0.608610486666657
exact_1_2,pc_score_binary,pull_request_opened,github_outcomes,TRUE,split_period1,low,observed,-11,0.0038985903497161,0.432561831801731,-0.843922599981677,0.851719780681109
exact_1_2,pc_score_binary,pull_request_opened,github_outcomes,TRUE,split_period1,low,observed,-10,-0.0262490014161566,0.384562893766892,-0.779992273199264,0.727494270366951
exact_1_2,pc_score_binary,pull_request_opened,github_outcomes,TRUE,split_period1,low,observed,-9,0.268143236785685,0.51664813011521,-0.744487098240128,1.2807735718115
exact_1_2,pc_score_binary,pull_request_opened,github_outcomes,TRUE,split_period1,low,observed,-8,0.347414321292403,0.479493921176912,-0.592393764214344,1.28722240679915
exact_1_2,pc_score_binary,pull_request_opened,github_outcomes,TRUE,split_period1,low,observed,-7,0.471486538385193,0.486297375506362,-0.481656317607276,1.42462939437766
exact_1_2,pc_score_binary,pull_request_opened,github_outcomes,TRUE,split_period1,low,observed,-6,0.379196277265526,0.407387496361017,-0.419283215602067,1.17767577013312
exact_1_2,pc_score_binary,pull_request_opened,github_outcomes,TRUE,split_period1,low,observed,-5,0.17391689074513,0.287332472861612,-0.389254756063629,0.737088537553889
exact_1_2,pc_score_binary,pull_request_opened,github_outcomes,TRUE,split_period1,low,observed,-4,0.108521089514326,0.205867378608058,-0.294978972557468,0.512021151586119
exact_1_2,pc_score_binary,pull_request_opened,github_outcomes,TRUE,split_period1,low,observed,-3,0.0210649746846173,0.159614545034917,-0.291779533583819,0.333909482953054
exact_1_2,pc_score_binary,pull_request_opened,github_outcomes,TRUE,split_period1,low,observed,-2,0.165210361636075,0.137260021223363,-0.103819279961718,0.434240003233867
exact_1_2,pc_score_binary,pull_request_opened,github_outcomes,TRUE,split_period1,low,observed,-1,0,0,0,0
exact_1_2,pc_score_binary,pull_request_opened,github_outcomes,TRUE,split_period1,low,observed,0,-0.698385101706635,0.252854593247822,-1.19398010447237,-0.202790098940903
exact_1_2,pc_score_binary,pull_request_opened,github_outcomes,TRUE,split_period1,low,observed,1,-1.65811208947637,0.448161724117751,-2.53650906874717,-0.779715110205583
exact_1_2,pc_score_binary,pull_request_opened,github_outcomes,TRUE,split_period1,low,observed,2,-1.74512242209196,0.642800328698495,-3.00501106634101,-0.485233777842908
exact_1_2,pc_score_binary,pull_request_opened,github_outcomes,TRUE,split_period1,low,observed,3,-2.17060812183769,0.91184796055156,-3.95783012451875,-0.383386119156637
exact_1_2,pc_score_binary,pull_request_opened,github_outcomes,TRUE,split_period1,low,observed,4,-2.55746728797228,1.36400744176842,-5.23092187383838,0.115987297893825
exact_1_2,pc_score_binary,pull_request_opened,github_outcomes,TRUE,split_period1,low,observed,5,-2.8738177133036,1.6498380037903,-6.10750020073259,0.35986477412539
exact_1_2,pc_score_binary,pull_request_opened,github_outcomes,TRUE,split_period1,low,observed,6,-3.05933719428793,1.77458723026466,-6.53752816560667,0.418853777030807
exact_1_2,pc_score_binary,pull_request_opened,github_outcomes,TRUE,split_period1,low,observed,7,-3.30106641345882,2.03612137432666,-7.29186430713909,0.689731480221439
exact_1_2,pc_score_binary,pull_request_opened,github_outcomes,TRUE,split_period1,low,observed,8,-3.76503236882682,2.08233837958466,-7.84641559281275,0.316350855159104
exact_1_2,pc_score_binary,pull_request_opened,github_outcomes,TRUE,split_period1,low,observed,9,-4.36620381687579,2.4071130168819,-9.08414532996433,0.35173769621274
exact_1_2,pc_score_binary,pull_request_opened,github_outcomes,TRUE,split_period1,low,observed,10,-4.36256274895749,2.47842565944209,-9.22027704146399,0.495151543549003
exact_1_2,pc_score_binary,pull_request_opened,github_outcomes,TRUE,split_period1,low,observed,11,-4.50632772535292,2.33671566128871,-9.08629042147879,0.0736349707729422
exact_1_2,pc_score_binary,pull_request_merged,github_outcomes,TRUE,split_period1,high,observed,-15,0.164437370664077,0.561952242312615,-0.936989024268649,1.2658637655968
exact_1_2,pc_score_binary,pull_request_merged,github_outcomes,TRUE,split_period1,high,observed,-14,0.23809884191253,0.468718386896863,-0.680589196405321,1.15678688023038
exact_1_2,pc_score_binary,pull_request_merged,github_outcomes,TRUE,split_period1,high,observed,-13,0.808315873539791,0.431664817980026,-0.0377471697010612,1.65437891678064
exact_1_2,pc_score_binary,pull_request_merged,github_outcomes,TRUE,split_period1,high,observed,-12,0.921271449880686,0.37624422039721,0.183832777902154,1.65871012185922
exact_1_2,pc_score_binary,pull_request_merged,github_outcomes,TRUE,split_period1,high,observed,-11,1.06618328446787,0.381047190640787,0.319330790811928,1.81303577812381
exact_1_2,pc_score_binary,pull_request_merged,github_outcomes,TRUE,split_period1,high,observed,-10,1.88797614857485,0.780084161789221,0.359011191467979,3.41694110568172
exact_1_2,pc_score_binary,pull_request_merged,github_outcomes,TRUE,split_period1,high,observed,-9,1.35919988239274,0.614555324030219,0.154671447293512,2.56372831749197
exact_1_2,pc_score_binary,pull_request_merged,github_outcomes,TRUE,split_period1,high,observed,-8,0.492417379609465,0.271973940601858,-0.0406515439701774,1.02548630318911
exact_1_2,pc_score_binary,pull_request_merged,github_outcomes,TRUE,split_period1,high,observed,-7,0.400122929108332,0.197745976010931,0.0125408161269061,0.787705042089757
exact_1_2,pc_score_binary,pull_request_merged,github_outcomes,TRUE,split_period1,high,observed,-6,0.335403823132571,0.185333084375827,-0.0278490222440498,0.698656668509192
exact_1_2,pc_score_binary,pull_request_merged,github_outcomes,TRUE,split_period1,high,observed,-5,0.183108437849611,0.134634049083133,-0.080774298353331,0.446991174052552
exact_1_2,pc_score_binary,pull_request_merged,github_outcomes,TRUE,split_period1,high,observed,-4,0.233432558919189,0.112388994676282,0.0131501293536775,0.453714988484701
exact_1_2,pc_score_binary,pull_request_merged,github_outcomes,TRUE,split_period1,high,observed,-3,0.237340422478553,0.0974701950784281,0.046298840124834,0.428382004832272
exact_1_2,pc_score_binary,pull_request_merged,github_outcomes,TRUE,split_period1,high,observed,-2,0.496857007992056,0.0808068467572574,0.338475588347832,0.655238427636281
exact_1_2,pc_score_binary,pull_request_merged,github_outcomes,TRUE,split_period1,high,observed,-1,0,0,0,0
exact_1_2,pc_score_binary,pull_request_merged,github_outcomes,TRUE,split_period1,high,observed,0,0.784465111501633,0.164770721593523,0.461514497178328,1.10741572582494
exact_1_2,pc_score_binary,pull_request_merged,github_outcomes,TRUE,split_period1,high,observed,1,0.578141476712848,0.13244858478297,0.318542250538227,0.837740702887469
exact_1_2,pc_score_binary,pull_request_merged,github_outcomes,TRUE,split_period1,high,observed,2,0.338859253175615,0.16937375200898,0.00688669923801477,0.670831807113216
exact_1_2,pc_score_binary,pull_request_merged,github_outcomes,TRUE,split_period1,high,observed,3,0.347058028398453,0.238658160822241,-0.120711966813139,0.814828023610045
exact_1_2,pc_score_binary,pull_request_merged,github_outcomes,TRUE,split_period1,high,observed,4,0.45787200868866,0.293052194900889,-0.116510293317082,1.0322543106944
exact_1_2,pc_score_binary,pull_request_merged,github_outcomes,TRUE,split_period1,high,observed,5,0.454390180683904,0.368767277790765,-0.268393683785996,1.1771740451538
exact_1_2,pc_score_binary,pull_request_merged,github_outcomes,TRUE,split_period1,high,observed,6,0.255466110262966,0.432512846971118,-0.592259069800424,1.10319129032636
exact_1_2,pc_score_binary,pull_request_merged,github_outcomes,TRUE,split_period1,high,observed,7,-0.0569106474224578,0.369455501005688,-0.781043429393607,0.667222134548692
exact_1_2,pc_score_binary,pull_request_merged,github_outcomes,TRUE,split_period1,high,observed,8,0.184499417479467,0.433388412215196,-0.664941870462317,1.03394070542125
exact_1_2,pc_score_binary,pull_request_merged,github_outcomes,TRUE,split_period1,high,observed,9,-0.000688816604299109,0.556898079580233,-1.09220905258156,1.09083141937296
exact_1_2,pc_score_binary,pull_request_merged,github_outcomes,TRUE,split_period1,high,observed,10,-0.433106179853718,0.445934332741365,-1.30713747202679,0.440925112319359
exact_1_2,pc_score_binary,pull_request_merged,github_outcomes,TRUE,split_period1,high,observed,11,-0.268719321151078,0.653198925076719,-1.54898921430145,1.01155057199929
exact_1_2,pc_score_binary,pull_request_merged,github_outcomes,TRUE,split_period1,low,observed,-14,0.0320395212726065,0.515044907505805,-0.977448497438771,1.04152753998398
exact_1_2,pc_score_binary,pull_request_merged,github_outcomes,TRUE,split_period1,low,observed,-13,0.431382970483446,0.488933016423522,-0.526925741706656,1.38969168267355
exact_1_2,pc_score_binary,pull_request_merged,github_outcomes,TRUE,split_period1,low,observed,-12,-0.220987601565817,0.32568936218976,-0.859338751457747,0.417363548326112
exact_1_2,pc_score_binary,pull_request_merged,github_outcomes,TRUE,split_period1,low,observed,-11,-0.362015453505362,0.359853094721165,-1.06732751915885,0.343296612148121
exact_1_2,pc_score_binary,pull_request_merged,github_outcomes,TRUE,split_period1,low,observed,-10,-0.12343398635519,0.346228369156021,-0.802041589900992,0.555173617190612
exact_1_2,pc_score_binary,pull_request_merged,github_outcomes,TRUE,split_period1,low,observed,-9,-0.0278433158035978,0.399133780846812,-0.81014552626335,0.754458894656155
exact_1_2,pc_score_binary,pull_request_merged,github_outcomes,TRUE,split_period1,low,observed,-8,0.113749274318081,0.390628898434528,-0.651883366613595,0.879381915249756
exact_1_2,pc_score_binary,pull_request_merged,github_outcomes,TRUE,split_period1,low,observed,-7,0.216819077811727,0.371239973778898,-0.510811270794914,0.944449426418367
exact_1_2,pc_score_binary,pull_request_merged,github_outcomes,TRUE,split_period1,low,observed,-6,0.262744652732074,0.321154379655123,-0.366717931391966,0.892207236856115
exact_1_2,pc_score_binary,pull_request_merged,github_outcomes,TRUE,split_period1,low,observed,-5,0.0769859759740049,0.225567371346209,-0.365126071864565,0.519098023812574
exact_1_2,pc_score_binary,pull_request_merged,github_outcomes,TRUE,split_period1,low,observed,-4,0.00207160305735982,0.166518360606472,-0.324304383731325,0.328447589846045
exact_1_2,pc_score_binary,pull_request_merged,github_outcomes,TRUE,split_period1,low,observed,-3,-0.0927573453699086,0.13847421439763,-0.364166805589264,0.178652114849446
exact_1_2,pc_score_binary,pull_request_merged,github_outcomes,TRUE,split_period1,low,observed,-2,0.0564782384562788,0.126697646005523,-0.191849147714547,0.304805624627105
exact_1_2,pc_score_binary,pull_request_merged,github_outcomes,TRUE,split_period1,low,observed,-1,0,0,0,0
exact_1_2,pc_score_binary,pull_request_merged,github_outcomes,TRUE,split_period1,low,observed,0,-0.745280999577396,0.184639088192339,-1.10717361243438,-0.383388386720412
exact_1_2,pc_score_binary,pull_request_merged,github_outcomes,TRUE,split_period1,low,observed,1,-1.81689436285231,0.349030111159558,-2.50099338072505,-1.13279534497958
exact_1_2,pc_score_binary,pull_request_merged,github_outcomes,TRUE,split_period1,low,observed,2,-1.85652702294928,0.518154193048112,-2.87210924132358,-0.840944804574976
exact_1_2,pc_score_binary,pull_request_merged,github_outcomes,TRUE,split_period1,low,observed,3,-2.09143724695742,0.682835502639454,-3.42979483213075,-0.753079661784092
exact_1_2,pc_score_binary,pull_request_merged,github_outcomes,TRUE,split_period1,low,observed,4,-2.31958689542417,1.05421528343245,-4.38584885095178,-0.253324939896561
exact_1_2,pc_score_binary,pull_request_merged,github_outcomes,TRUE,split_period1,low,observed,5,-2.66250213527666,1.25610464901144,-5.12446724733908,-0.200537023214233
exact_1_2,pc_score_binary,pull_request_merged,github_outcomes,TRUE,split_period1,low,observed,6,-2.87763669974416,1.32624166178083,-5.47707035683459,-0.278203042653736
exact_1_2,pc_score_binary,pull_request_merged,github_outcomes,TRUE,split_period1,low,observed,7,-3.19525989593774,1.56068122275062,-6.25419509252895,-0.136324699346524
exact_1_2,pc_score_binary,pull_request_merged,github_outcomes,TRUE,split_period1,low,observed,8,-3.37903216040606,1.54687006713543,-6.4108974919915,-0.347166828820622
exact_1_2,pc_score_binary,pull_request_merged,github_outcomes,TRUE,split_period1,low,observed,9,-3.94675724836196,1.8174617946798,-7.50898236593437,-0.384532130789542
exact_1_2,pc_score_binary,pull_request_merged,github_outcomes,TRUE,split_period1,low,observed,10,-3.95057862628745,1.87971702692901,-7.63482399906831,-0.266333253506599
exact_1_2,pc_score_binary,pull_request_merged,github_outcomes,TRUE,split_period1,low,observed,11,-3.94157223784498,1.73851999220951,-7.34907142257562,-0.534073053114335
exact_1_2,pc_score_binary,overall_new_release_count,downstream_outcomes,TRUE,split_period1,high,observed,-15,0.609172992065029,0.241968324711699,0.134915075630098,1.08343090849996
exact_1_2,pc_score_binary,overall_new_release_count,downstream_outcomes,TRUE,split_period1,high,observed,-14,0.650045996051399,0.201677528910224,0.25475803938736,1.04533395271544
exact_1_2,pc_score_binary,overall_new_release_count,downstream_outcomes,TRUE,split_period1,high,observed,-13,0.595236367933144,0.179792957951283,0.242842170348629,0.947630565517659
exact_1_2,pc_score_binary,overall_new_release_count,downstream_outcomes,TRUE,split_period1,high,observed,-12,0.623256686116083,0.140740940943971,0.3474044418659,0.899108930366267
exact_1_2,pc_score_binary,overall_new_release_count,downstream_outcomes,TRUE,split_period1,high,observed,-11,0.452603220416307,0.12849154078455,0.200759800478588,0.704446640354025
exact_1_2,pc_score_binary,overall_new_release_count,downstream_outcomes,TRUE,split_period1,high,observed,-10,0.457494887878191,0.116453371370459,0.229246279992092,0.685743495764291
exact_1_2,pc_score_binary,overall_new_release_count,downstream_outcomes,TRUE,split_period1,high,observed,-9,0.281073443796632,0.101973867382541,0.0812046637268514,0.480942223866413
exact_1_2,pc_score_binary,overall_new_release_count,downstream_outcomes,TRUE,split_period1,high,observed,-8,0.307604482808589,0.0969575724071751,0.117567640890525,0.497641324726652
exact_1_2,pc_score_binary,overall_new_release_count,downstream_outcomes,TRUE,split_period1,high,observed,-7,0.316508959386572,0.121401396381347,0.0785622224791316,0.554455696294012
exact_1_2,pc_score_binary,overall_new_release_count,downstream_outcomes,TRUE,split_period1,high,observed,-6,0.26867243111541,0.127941866277726,0.0179063732110671,0.519438489019752
exact_1_2,pc_score_binary,overall_new_release_count,downstream_outcomes,TRUE,split_period1,high,observed,-5,0.212203759023664,0.115693676706974,-0.014555847322005,0.438963365369332
exact_1_2,pc_score_binary,overall_new_release_count,downstream_outcomes,TRUE,split_period1,high,observed,-4,0.27252280217082,0.115677096471691,0.0457956930863061,0.499249911255335
exact_1_2,pc_score_binary,overall_new_release_count,downstream_outcomes,TRUE,split_period1,high,observed,-3,0.323021468945986,0.106415670139276,0.114446755473005,0.531596182418968
exact_1_2,pc_score_binary,overall_new_release_count,downstream_outcomes,TRUE,split_period1,high,observed,-2,0.266502918943297,0.0935905123709873,0.0830655146961623,0.449940323190432
exact_1_2,pc_score_binary,overall_new_release_count,downstream_outcomes,TRUE,split_period1,high,observed,-1,0,0,0,0
exact_1_2,pc_score_binary,overall_new_release_count,downstream_outcomes,TRUE,split_period1,high,observed,0,0.475600096623352,0.143105353780376,0.195113603213815,0.756086590032889
exact_1_2,pc_score_binary,overall_new_release_count,downstream_outcomes,TRUE,split_period1,high,observed,1,-0.0161776952663006,0.14221213981994,-0.294913489313384,0.262558098780783
exact_1_2,pc_score_binary,overall_new_release_count,downstream_outcomes,TRUE,split_period1,high,observed,2,-0.228850967698647,0.145554659430302,-0.51413810018204,0.0564361647847455
exact_1_2,pc_score_binary,overall_new_release_count,downstream_outcomes,TRUE,split_period1,high,observed,3,-0.356869187013609,0.163350006194097,-0.67703519915404,-0.0367031748731792
exact_1_2,pc_score_binary,overall_new_release_count,downstream_outcomes,TRUE,split_period1,high,observed,4,-0.383202775829739,0.21204944097807,-0.798819680146758,0.0324141284872787
exact_1_2,pc_score_binary,overall_new_release_count,downstream_outcomes,TRUE,split_period1,high,observed,5,-0.352524402676185,0.235361591842828,-0.813833122688127,0.108784317335757
exact_1_2,pc_score_binary,overall_new_release_count,downstream_outcomes,TRUE,split_period1,high,observed,6,-0.704131916042524,0.24119968629373,-1.17688330117823,-0.231380530906813
exact_1_2,pc_score_binary,overall_new_release_count,downstream_outcomes,TRUE,split_period1,high,observed,7,-0.541840920174303,0.317914544909074,-1.16495342819609,0.0812715878474812
exact_1_2,pc_score_binary,overall_new_release_count,downstream_outcomes,TRUE,split_period1,high,observed,8,-0.598134355812755,0.295577756124414,-1.17746675781661,-0.0188019538089025
exact_1_2,pc_score_binary,overall_new_release_count,downstream_outcomes,TRUE,split_period1,high,observed,9,-0.987725035158429,0.323146086578487,-1.62109136485226,-0.354358705464595
exact_1_2,pc_score_binary,overall_new_release_count,downstream_outcomes,TRUE,split_period1,high,observed,10,-0.910256922797152,0.447384229464135,-1.78713001254686,-0.0333838330474466
exact_1_2,pc_score_binary,overall_new_release_count,downstream_outcomes,TRUE,split_period1,high,observed,11,-1.47630971909175,0.365191285365062,-2.19208463840727,-0.76053479977623
exact_1_2,pc_score_binary,overall_new_release_count,downstream_outcomes,TRUE,split_period1,low,observed,-14,0.754176297568229,0.24343087181674,0.277051788807419,1.23130080632904
exact_1_2,pc_score_binary,overall_new_release_count,downstream_outcomes,TRUE,split_period1,low,observed,-13,0.659196831399733,0.247604379615204,0.173892247353934,1.14450141544553
exact_1_2,pc_score_binary,overall_new_release_count,downstream_outcomes,TRUE,split_period1,low,observed,-12,0.608897163043759,0.264217404117535,0.0910310509733904,1.12676327511413
exact_1_2,pc_score_binary,overall_new_release_count,downstream_outcomes,TRUE,split_period1,low,observed,-11,0.490292820257314,0.234658570036608,0.0303620229855629,0.950223617529065
exact_1_2,pc_score_binary,overall_new_release_count,downstream_outcomes,TRUE,split_period1,low,observed,-10,0.408572362167202,0.2193977774997,-0.0214472817322108,0.838592006066614
exact_1_2,pc_score_binary,overall_new_release_count,downstream_outcomes,TRUE,split_period1,low,observed,-9,0.383899759052749,0.207452142534133,-0.0227064403141509,0.790505958419649
exact_1_2,pc_score_binary,overall_new_release_count,downstream_outcomes,TRUE,split_period1,low,observed,-8,0.349257158531451,0.194779587164804,-0.0325108323115645,0.731025149374467
exact_1_2,pc_score_binary,overall_new_release_count,downstream_outcomes,TRUE,split_period1,low,observed,-7,0.265432885049206,0.185732506432105,-0.0986028275577194,0.629468597656132
exact_1_2,pc_score_binary,overall_new_release_count,downstream_outcomes,TRUE,split_period1,low,observed,-6,0.293897578871942,0.171675370311904,-0.0425861469393893,0.630381304683273
exact_1_2,pc_score_binary,overall_new_release_count,downstream_outcomes,TRUE,split_period1,low,observed,-5,0.0166900539301908,0.128308927402583,-0.234795443778871,0.268175551639253
exact_1_2,pc_score_binary,overall_new_release_count,downstream_outcomes,TRUE,split_period1,low,observed,-4,-0.127840798296048,0.101075842797531,-0.325949450179209,0.0702678535871134
exact_1_2,pc_score_binary,overall_new_release_count,downstream_outcomes,TRUE,split_period1,low,observed,-3,-0.300019661196049,0.0934446176777502,-0.48317111184444,-0.116868210547659
exact_1_2,pc_score_binary,overall_new_release_count,downstream_outcomes,TRUE,split_period1,low,observed,-2,-0.0650400093679482,0.0917738674547212,-0.244916789579202,0.114836770843305
exact_1_2,pc_score_binary,overall_new_release_count,downstream_outcomes,TRUE,split_period1,low,observed,-1,0,0,0,0
exact_1_2,pc_score_binary,overall_new_release_count,downstream_outcomes,TRUE,split_period1,low,observed,0,-0.243142657523315,0.106406170053061,-0.451698750827315,-0.0345865642193144
exact_1_2,pc_score_binary,overall_new_release_count,downstream_outcomes,TRUE,split_period1,low,observed,1,-0.792855009520579,0.0986702849576421,-0.986248768037558,-0.599461251003601
exact_1_2,pc_score_binary,overall_new_release_count,downstream_outcomes,TRUE,split_period1,low,observed,2,-0.599608478540792,0.143784978826237,-0.881427037040216,-0.317789920041369
exact_1_2,pc_score_binary,overall_new_release_count,downstream_outcomes,TRUE,split_period1,low,observed,3,-0.644739297504516,0.157212077801166,-0.952874969994801,-0.336603625014231
exact_1_2,pc_score_binary,overall_new_release_count,downstream_outcomes,TRUE,split_period1,low,observed,4,-0.551779210545108,0.209162152857031,-0.961737030144889,-0.141821390945327
exact_1_2,pc_score_binary,overall_new_release_count,downstream_outcomes,TRUE,split_period1,low,observed,5,-0.611469465976983,0.203077909063102,-1.00950216774066,-0.213436764213303
exact_1_2,pc_score_binary,overall_new_release_count,downstream_outcomes,TRUE,split_period1,low,observed,6,-0.76503502362717,0.198516596658643,-1.15412755307811,-0.37594249417623
exact_1_2,pc_score_binary,overall_new_release_count,downstream_outcomes,TRUE,split_period1,low,observed,7,-0.742580840671629,0.223017154707948,-1.17969446389921,-0.30546721744405
exact_1_2,pc_score_binary,overall_new_release_count,downstream_outcomes,TRUE,split_period1,low,observed,8,-0.975565502494194,0.215621997184275,-1.39818461697537,-0.552946388013015
exact_1_2,pc_score_binary,overall_new_release_count,downstream_outcomes,TRUE,split_period1,low,observed,9,-0.905010808544683,0.237516010499548,-1.3705421891238,-0.439479427965569
exact_1_2,pc_score_binary,overall_new_release_count,downstream_outcomes,TRUE,split_period1,low,observed,10,0.0284741809875887,0.739662083031024,-1.42126350175322,1.4782118637284
exact_1_2,pc_score_binary,overall_new_release_count,downstream_outcomes,TRUE,split_period1,low,observed,11,-2.00240028052261,0.19492418076358,-2.38445167481923,-1.62034888622599
exact_1_2,pc_score_binary,pull_request_opened,github_outcomes,TRUE,split_period5,high,observed,-15,-0.261886915885736,0.592155688649194,-1.42251206563816,0.898738233866684
exact_1_2,pc_score_binary,pull_request_opened,github_outcomes,TRUE,split_period5,high,observed,-14,-0.282017870061066,0.493770442870142,-1.24980793808654,0.685772197964411
exact_1_2,pc_score_binary,pull_request_opened,github_outcomes,TRUE,split_period5,high,observed,-13,1.3630184527682,0.47100328790388,0.439852008476595,2.28618489705981
exact_1_2,pc_score_binary,pull_request_opened,github_outcomes,TRUE,split_period5,high,observed,-12,0.502698521264446,0.384534807710907,-0.250989701848931,1.25638674437782
exact_1_2,pc_score_binary,pull_request_opened,github_outcomes,TRUE,split_period5,high,observed,-11,0.854768654043577,0.36608123247477,0.137249438393029,1.57228786969413
exact_1_2,pc_score_binary,pull_request_opened,github_outcomes,TRUE,split_period5,high,observed,-10,1.12564185577802,0.466069961267271,0.212144731694167,2.03913897986187
exact_1_2,pc_score_binary,pull_request_opened,github_outcomes,TRUE,split_period5,high,observed,-9,0.897400407846486,0.398877100789372,0.115601290299316,1.67919952539366
exact_1_2,pc_score_binary,pull_request_opened,github_outcomes,TRUE,split_period5,high,observed,-8,0.847146577122681,0.273589265136302,0.310911617455528,1.38338153678983
exact_1_2,pc_score_binary,pull_request_opened,github_outcomes,TRUE,split_period5,high,observed,-7,0.322325800713469,0.189952155352834,-0.049980423778085,0.694632025205023
exact_1_2,pc_score_binary,pull_request_opened,github_outcomes,TRUE,split_period5,high,observed,-6,0.288265308517108,0.179285197313124,-0.0631336782166154,0.639664295250832
exact_1_2,pc_score_binary,pull_request_opened,github_outcomes,TRUE,split_period5,high,observed,-5,0.173211737699252,0.122059123132655,-0.0660241436407511,0.412447619039255
exact_1_2,pc_score_binary,pull_request_opened,github_outcomes,TRUE,split_period5,high,observed,-4,0.14632486184336,0.109372830627908,-0.0680458861873402,0.36069560987406
exact_1_2,pc_score_binary,pull_request_opened,github_outcomes,TRUE,split_period5,high,observed,-3,0.169486469133574,0.0958573625480882,-0.0183939614606793,0.357366899727826
exact_1_2,pc_score_binary,pull_request_opened,github_outcomes,TRUE,split_period5,high,observed,-2,0.354241701854761,0.0848405860289456,0.187954153238028,0.520529250471495
exact_1_2,pc_score_binary,pull_request_opened,github_outcomes,TRUE,split_period5,high,observed,-1,0,0,0,0
exact_1_2,pc_score_binary,pull_request_opened,github_outcomes,TRUE,split_period5,high,observed,0,0.270736763442618,0.137521727800594,0.00119417695345392,0.540279349931782
exact_1_2,pc_score_binary,pull_request_opened,github_outcomes,TRUE,split_period5,high,observed,1,0.292741387450666,0.161717051626174,-0.024224033736635,0.609706808637966
exact_1_2,pc_score_binary,pull_request_opened,github_outcomes,TRUE,split_period5,high,observed,2,0.38410576191146,0.162384677851204,0.0658317933231004,0.70237973049982
exact_1_2,pc_score_binary,pull_request_opened,github_outcomes,TRUE,split_period5,high,observed,3,0.836151030183649,0.285917369075471,0.275752986795725,1.39654907357157
exact_1_2,pc_score_binary,pull_request_opened,github_outcomes,TRUE,split_period5,high,observed,4,0.970991641614812,0.338747301025135,0.307046931605547,1.63493635162408
exact_1_2,pc_score_binary,pull_request_opened,github_outcomes,TRUE,split_period5,high,observed,5,1.50359846582294,0.36199796326033,0.794082457832689,2.21311447381318
exact_1_2,pc_score_binary,pull_request_opened,github_outcomes,TRUE,split_period5,high,observed,6,1.21288394815584,0.450557445576363,0.329791354826168,2.09597654148551
exact_1_2,pc_score_binary,pull_request_opened,github_outcomes,TRUE,split_period5,high,observed,7,0.633537602178661,0.280883502710218,0.0830059368666329,1.18406926749069
exact_1_2,pc_score_binary,pull_request_opened,github_outcomes,TRUE,split_period5,high,observed,8,0.748107985536156,0.36273904992508,0.0371394476829988,1.45907652338931
exact_1_2,pc_score_binary,pull_request_opened,github_outcomes,TRUE,split_period5,high,observed,9,0.18899173382408,0.300557736453349,-0.400101429624484,0.778084897272644
exact_1_2,pc_score_binary,pull_request_opened,github_outcomes,TRUE,split_period5,high,observed,10,0.00113209033601073,0.301370793999481,-0.589554665902973,0.591818846574994
exact_1_2,pc_score_binary,pull_request_opened,github_outcomes,TRUE,split_period5,high,observed,11,-0.212097938636533,0.362588414442728,-0.922771230944281,0.498575353671214
exact_1_2,pc_score_binary,pull_request_opened,github_outcomes,TRUE,split_period5,low,observed,-14,0.366982148384355,0.797145553514388,-1.19542313650384,1.92938743327255
exact_1_2,pc_score_binary,pull_request_opened,github_outcomes,TRUE,split_period5,low,observed,-13,0.513554022281779,0.630412106167221,-0.722053705805974,1.74916175036953
exact_1_2,pc_score_binary,pull_request_opened,github_outcomes,TRUE,split_period5,low,observed,-12,0.0709875057052962,0.432452594273696,-0.776619579071148,0.91859459048174
exact_1_2,pc_score_binary,pull_request_opened,github_outcomes,TRUE,split_period5,low,observed,-11,0.179736127647831,0.487668235333077,-0.776093613605001,1.13556586890066
exact_1_2,pc_score_binary,pull_request_opened,github_outcomes,TRUE,split_period5,low,observed,-10,0.164114977830523,0.431927741419434,-0.682463395351569,1.01069335101261
exact_1_2,pc_score_binary,pull_request_opened,github_outcomes,TRUE,split_period5,low,observed,-9,0.63837728874984,0.608795273850019,-0.554861447996197,1.83161602549588
exact_1_2,pc_score_binary,pull_request_opened,github_outcomes,TRUE,split_period5,low,observed,-8,0.386637707931409,0.578704768521539,-0.747623638370809,1.52089905423363
exact_1_2,pc_score_binary,pull_request_opened,github_outcomes,TRUE,split_period5,low,observed,-7,0.682335544835671,0.524407223962422,-0.345502614130676,1.71017370380202
exact_1_2,pc_score_binary,pull_request_opened,github_outcomes,TRUE,split_period5,low,observed,-6,0.570051694225776,0.473116676169722,-0.357256991066879,1.49736037951843
exact_1_2,pc_score_binary,pull_request_opened,github_outcomes,TRUE,split_period5,low,observed,-5,0.263239725977797,0.331696816478037,-0.386886034319155,0.913365486274748
exact_1_2,pc_score_binary,pull_request_opened,github_outcomes,TRUE,split_period5,low,observed,-4,0.259033337499485,0.233382167381921,-0.198395710569081,0.71646238556805
exact_1_2,pc_score_binary,pull_request_opened,github_outcomes,TRUE,split_period5,low,observed,-3,0.101543476817827,0.177006615759386,-0.245389490070569,0.448476443706223
exact_1_2,pc_score_binary,pull_request_opened,github_outcomes,TRUE,split_period5,low,observed,-2,0.318146842957687,0.137668108101416,0.0483173510789125,0.587976334836462
exact_1_2,pc_score_binary,pull_request_opened,github_outcomes,TRUE,split_period5,low,observed,-1,0,0,0,0
exact_1_2,pc_score_binary,pull_request_opened,github_outcomes,TRUE,split_period5,low,observed,0,-0.440580954590774,0.268000327988104,-0.965861597447458,0.0846996882659102
exact_1_2,pc_score_binary,pull_request_opened,github_outcomes,TRUE,split_period5,low,observed,1,-1.50562223980713,0.476347798880721,-2.43926392561334,-0.571980554000914
exact_1_2,pc_score_binary,pull_request_opened,github_outcomes,TRUE,split_period5,low,observed,2,-1.9764887776235,0.695795655549023,-3.34024826249958,-0.61272929274741
exact_1_2,pc_score_binary,pull_request_opened,github_outcomes,TRUE,split_period5,low,observed,3,-2.80965939909221,1.00813316446274,-4.78560040143919,-0.833718396745227
exact_1_2,pc_score_binary,pull_request_opened,github_outcomes,TRUE,split_period5,low,observed,4,-3.40520303296233,1.47181748650934,-6.28996530652063,-0.520440759404023
exact_1_2,pc_score_binary,pull_request_opened,github_outcomes,TRUE,split_period5,low,observed,5,-3.99253699660687,1.78790893329816,-7.49683850587126,-0.488235487342489
exact_1_2,pc_score_binary,pull_request_opened,github_outcomes,TRUE,split_period5,low,observed,6,-3.99466882557412,1.9410491402169,-7.79912514039924,-0.190212510749001
exact_1_2,pc_score_binary,pull_request_opened,github_outcomes,TRUE,split_period5,low,observed,7,-4.21760966082396,2.29663775543857,-8.71901966148356,0.28380033983565
exact_1_2,pc_score_binary,pull_request_opened,github_outcomes,TRUE,split_period5,low,observed,8,-4.67161327960392,2.3415298741718,-9.26101183298065,-0.0822147262271917
exact_1_2,pc_score_binary,pull_request_opened,github_outcomes,TRUE,split_period5,low,observed,9,-4.75931880203867,2.48117405777778,-9.62241995528313,0.103782351205783
exact_1_2,pc_score_binary,pull_request_opened,github_outcomes,TRUE,split_period5,low,observed,10,-5.17256465015235,2.86873976712318,-10.7952945937138,0.450165293409088
exact_1_2,pc_score_binary,pull_request_opened,github_outcomes,TRUE,split_period5,low,observed,11,-4.68536587361498,2.5899978927117,-9.76176174332991,0.391029996099964
exact_1_2,pc_score_binary,pull_request_merged,github_outcomes,TRUE,split_period5,high,observed,-15,0.401315129495319,0.516354382392672,-0.610739459994318,1.41336971898496
exact_1_2,pc_score_binary,pull_request_merged,github_outcomes,TRUE,split_period5,high,observed,-14,0.249154289577707,0.420759455489237,-0.575534243181198,1.07384282233661
exact_1_2,pc_score_binary,pull_request_merged,github_outcomes,TRUE,split_period5,high,observed,-13,1.28199252956524,0.440935722133435,0.417758514183711,2.14622654494678
exact_1_2,pc_score_binary,pull_request_merged,github_outcomes,TRUE,split_period5,high,observed,-12,0.517719285798601,0.290485639965101,-0.0516325685329966,1.0870711401302
exact_1_2,pc_score_binary,pull_request_merged,github_outcomes,TRUE,split_period5,high,observed,-11,0.792239195210252,0.350289226344688,0.105672311574664,1.47880607884584
exact_1_2,pc_score_binary,pull_request_merged,github_outcomes,TRUE,split_period5,high,observed,-10,1.73387213869007,0.742912395889666,0.277763842746326,3.18998043463382
exact_1_2,pc_score_binary,pull_request_merged,github_outcomes,TRUE,split_period5,high,observed,-9,1.24493657029701,0.619619483277075,0.0304823830739474,2.45939075752008
exact_1_2,pc_score_binary,pull_request_merged,github_outcomes,TRUE,split_period5,high,observed,-8,0.613591416415052,0.231810045057425,0.159243728102499,1.06793910472761
exact_1_2,pc_score_binary,pull_request_merged,github_outcomes,TRUE,split_period5,high,observed,-7,0.347738034591478,0.181777644134677,-0.0085461479124887,0.704022217095445
exact_1_2,pc_score_binary,pull_request_merged,github_outcomes,TRUE,split_period5,high,observed,-6,0.320138273352011,0.175961248797391,-0.0247457742908757,0.665022320994897
exact_1_2,pc_score_binary,pull_request_merged,github_outcomes,TRUE,split_period5,high,observed,-5,0.184718851796223,0.118091779845282,-0.0467410367005293,0.416178740292976
exact_1_2,pc_score_binary,pull_request_merged,github_outcomes,TRUE,split_period5,high,observed,-4,0.194343864645035,0.105028666477396,-0.0115123216506604,0.400200050940731
exact_1_2,pc_score_binary,pull_request_merged,github_outcomes,TRUE,split_period5,high,observed,-3,0.181984059805244,0.0960547810880386,-0.00628331112731179,0.370251430737799
exact_1_2,pc_score_binary,pull_request_merged,github_outcomes,TRUE,split_period5,high,observed,-2,0.374713758159594,0.0821346565085237,0.213729831402887,0.5356976849163
exact_1_2,pc_score_binary,pull_request_merged,github_outcomes,TRUE,split_period5,high,observed,-1,0,0,0,0
exact_1_2,pc_score_binary,pull_request_merged,github_outcomes,TRUE,split_period5,high,observed,0,0.568965316072799,0.131442252101452,0.311338501953954,0.826592130191644
exact_1_2,pc_score_binary,pull_request_merged,github_outcomes,TRUE,split_period5,high,observed,1,0.30990278596311,0.129564207801014,0.0559569386731222,0.563848633253099
exact_1_2,pc_score_binary,pull_request_merged,github_outcomes,TRUE,split_period5,high,observed,2,0.44165008992006,0.152180161734089,0.143376972921246,0.739923206918875
exact_1_2,pc_score_binary,pull_request_merged,github_outcomes,TRUE,split_period5,high,observed,3,0.911340067965844,0.246679663289563,0.427847927918301,1.39483220801339
exact_1_2,pc_score_binary,pull_request_merged,github_outcomes,TRUE,split_period5,high,observed,4,1.21449806413404,0.283578465722175,0.658684271318574,1.7703118569495
exact_1_2,pc_score_binary,pull_request_merged,github_outcomes,TRUE,split_period5,high,observed,5,1.53462180994733,0.335711169658953,0.876627917415784,2.19261570247888
exact_1_2,pc_score_binary,pull_request_merged,github_outcomes,TRUE,split_period5,high,observed,6,1.16181806933876,0.373641525855826,0.429480678661345,1.89415546001618
exact_1_2,pc_score_binary,pull_request_merged,github_outcomes,TRUE,split_period5,high,observed,7,0.673147987272124,0.19874584714844,0.283606126861182,1.06268984768307
exact_1_2,pc_score_binary,pull_request_merged,github_outcomes,TRUE,split_period5,high,observed,8,1.07196186024878,0.300394028100095,0.483189565172593,1.66073415532497
exact_1_2,pc_score_binary,pull_request_merged,github_outcomes,TRUE,split_period5,high,observed,9,0.458068472282843,0.305754213697029,-0.141209786563333,1.05734673112902
exact_1_2,pc_score_binary,pull_request_merged,github_outcomes,TRUE,split_period5,high,observed,10,0.216449833778841,0.266833599833387,-0.306544021894597,0.739443689452279
exact_1_2,pc_score_binary,pull_request_merged,github_outcomes,TRUE,split_period5,high,observed,11,-0.09301604030197,0.333042351874462,-0.745779049975916,0.559746969371976
exact_1_2,pc_score_binary,pull_request_merged,github_outcomes,TRUE,split_period5,low,observed,-14,0.132274763717395,0.585154554315466,-1.01462816274092,1.27917769017571
exact_1_2,pc_score_binary,pull_request_merged,github_outcomes,TRUE,split_period5,low,observed,-13,0.0493903184717708,0.508504200311408,-0.947277914138588,1.04605855108213
exact_1_2,pc_score_binary,pull_request_merged,github_outcomes,TRUE,split_period5,low,observed,-12,-0.0998674380477334,0.381305692067499,-0.847226594500031,0.647491718404564
exact_1_2,pc_score_binary,pull_request_merged,github_outcomes,TRUE,split_period5,low,observed,-11,-0.0927443501409058,0.421402675116279,-0.918693593368812,0.733204893087001
exact_1_2,pc_score_binary,pull_request_merged,github_outcomes,TRUE,split_period5,low,observed,-10,0.0101987518514719,0.408621198520577,-0.790698797248859,0.811096300951802
exact_1_2,pc_score_binary,pull_request_merged,github_outcomes,TRUE,split_period5,low,observed,-9,0.220666404410785,0.469100796506696,-0.698771156742339,1.14010396556391
exact_1_2,pc_score_binary,pull_request_merged,github_outcomes,TRUE,split_period5,low,observed,-8,0.103846280046167,0.470152467177131,-0.817652555621009,1.02534511571334
exact_1_2,pc_score_binary,pull_request_merged,github_outcomes,TRUE,split_period5,low,observed,-7,0.306804869357623,0.405009481458134,-0.48701371430032,1.10062345301557
exact_1_2,pc_score_binary,pull_request_merged,github_outcomes,TRUE,split_period5,low,observed,-6,0.370567262403654,0.370199682035797,-0.355024114386508,1.09615863919382
exact_1_2,pc_score_binary,pull_request_merged,github_outcomes,TRUE,split_period5,low,observed,-5,0.136837061528566,0.261182872786569,-0.375081369133109,0.648755492190241
exact_1_2,pc_score_binary,pull_request_merged,github_outcomes,TRUE,split_period5,low,observed,-4,0.111587674949553,0.185329409247853,-0.25165796717624,0.474833317075346
exact_1_2,pc_score_binary,pull_request_merged,github_outcomes,TRUE,split_period5,low,observed,-3,0.0178587734293753,0.14989361322688,-0.27593270849531,0.311650255354061
exact_1_2,pc_score_binary,pull_request_merged,github_outcomes,TRUE,split_period5,low,observed,-2,0.221041581850529,0.129331101800483,-0.032447377678418,0.474530541379476
exact_1_2,pc_score_binary,pull_request_merged,github_outcomes,TRUE,split_period5,low,observed,-1,0,0,0,0
exact_1_2,pc_score_binary,pull_request_merged,github_outcomes,TRUE,split_period5,low,observed,0,-0.546276279872414,0.21441073031958,-0.966521311298792,-0.126031248446037
exact_1_2,pc_score_binary,pull_request_merged,github_outcomes,TRUE,split_period5,low,observed,1,-1.5747976590453,0.372216911752681,-2.30434280608055,-0.845252512010041
exact_1_2,pc_score_binary,pull_request_merged,github_outcomes,TRUE,split_period5,low,observed,2,-2.04346272375062,0.565462282961767,-3.15176879835569,-0.935156649145562
exact_1_2,pc_score_binary,pull_request_merged,github_outcomes,TRUE,split_period5,low,observed,3,-2.81275095216115,0.761160528149296,-4.30462558733377,-1.32087631698853
exact_1_2,pc_score_binary,pull_request_merged,github_outcomes,TRUE,split_period5,low,observed,4,-3.27555761603281,1.14435442214108,-5.51849228342932,-1.03262294863629
exact_1_2,pc_score_binary,pull_request_merged,github_outcomes,TRUE,split_period5,low,observed,5,-3.93074353165194,1.38702388558067,-6.64931034739005,-1.21217671591383
exact_1_2,pc_score_binary,pull_request_merged,github_outcomes,TRUE,split_period5,low,observed,6,-3.94948266447299,1.46702291193584,-6.82484757186722,-1.07411775707875
exact_1_2,pc_score_binary,pull_request_merged,github_outcomes,TRUE,split_period5,low,observed,7,-4.23498032671962,1.79021865599563,-7.74380889247104,-0.726151760968187
exact_1_2,pc_score_binary,pull_request_merged,github_outcomes,TRUE,split_period5,low,observed,8,-4.48337880689611,1.79484579501505,-8.00127656512562,-0.965481048666609
exact_1_2,pc_score_binary,pull_request_merged,github_outcomes,TRUE,split_period5,low,observed,9,-4.40214347349455,1.90656173665215,-8.13900447733277,-0.665282469656329
exact_1_2,pc_score_binary,pull_request_merged,github_outcomes,TRUE,split_period5,low,observed,10,-4.9713016763691,2.24265930098662,-9.36691390630287,-0.575689446435324
exact_1_2,pc_score_binary,pull_request_merged,github_outcomes,TRUE,split_period5,low,observed,11,-4.22956404089664,2.00980358254211,-8.16877906267918,-0.290349019114099
exact_1_2,pc_score_binary,overall_new_release_count,downstream_outcomes,TRUE,split_period5,high,observed,-15,0.941700873510143,0.220814927533691,0.508903615544109,1.37449813147618
exact_1_2,pc_score_binary,overall_new_release_count,downstream_outcomes,TRUE,split_period5,high,observed,-14,0.883503899271365,0.184478355336437,0.521926322811948,1.24508147573078
exact_1_2,pc_score_binary,overall_new_release_count,downstream_outcomes,TRUE,split_period5,high,observed,-13,0.742559179468645,0.174179645990012,0.401167073328221,1.08395128560907
exact_1_2,pc_score_binary,overall_new_release_count,downstream_outcomes,TRUE,split_period5,high,observed,-12,0.711135421184269,0.137960076501945,0.440733671240457,0.981537171128081
exact_1_2,pc_score_binary,overall_new_release_count,downstream_outcomes,TRUE,split_period5,high,observed,-11,0.534262081853724,0.118472226168316,0.302056518563824,0.766467645143623
exact_1_2,pc_score_binary,overall_new_release_count,downstream_outcomes,TRUE,split_period5,high,observed,-10,0.418268078457341,0.116587139280271,0.189757285468011,0.646778871446671
exact_1_2,pc_score_binary,overall_new_release_count,downstream_outcomes,TRUE,split_period5,high,observed,-9,0.289491932564391,0.102551493305483,0.0884910056856445,0.490492859443137
exact_1_2,pc_score_binary,overall_new_release_count,downstream_outcomes,TRUE,split_period5,high,observed,-8,0.308798342236021,0.0986821843643606,0.115381260881874,0.502215423590168
exact_1_2,pc_score_binary,overall_new_release_count,downstream_outcomes,TRUE,split_period5,high,observed,-7,0.362716564959865,0.119732768164479,0.128040339357486,0.597392790562244
exact_1_2,pc_score_binary,overall_new_release_count,downstream_outcomes,TRUE,split_period5,high,observed,-6,0.191659129879002,0.125742799950824,-0.054796758024612,0.438115017782616
exact_1_2,pc_score_binary,overall_new_release_count,downstream_outcomes,TRUE,split_period5,high,observed,-5,0.181436206574343,0.111953971665729,-0.0379935778904868,0.400865991039173
exact_1_2,pc_score_binary,overall_new_release_count,downstream_outcomes,TRUE,split_period5,high,observed,-4,0.267477866708533,0.117203815583825,0.0377583881642365,0.49719734525283
exact_1_2,pc_score_binary,overall_new_release_count,downstream_outcomes,TRUE,split_period5,high,observed,-3,0.164517502852836,0.10465286567314,-0.0406021138665185,0.369637119572191
exact_1_2,pc_score_binary,overall_new_release_count,downstream_outcomes,TRUE,split_period5,high,observed,-2,0.161738249350265,0.0963170585721184,-0.0270431854510865,0.350519684151617
exact_1_2,pc_score_binary,overall_new_release_count,downstream_outcomes,TRUE,split_period5,high,observed,-1,0,0,0,0
exact_1_2,pc_score_binary,overall_new_release_count,downstream_outcomes,TRUE,split_period5,high,observed,0,0.302259175855323,0.148013155104296,0.0121533918509034,0.592364959859744
exact_1_2,pc_score_binary,overall_new_release_count,downstream_outcomes,TRUE,split_period5,high,observed,1,-0.162198298568637,0.130517585061823,-0.418012765289809,0.0936161681525357
exact_1_2,pc_score_binary,overall_new_release_count,downstream_outcomes,TRUE,split_period5,high,observed,2,-0.161019943462124,0.141267396787706,-0.437904041166028,0.11586415424178
exact_1_2,pc_score_binary,overall_new_release_count,downstream_outcomes,TRUE,split_period5,high,observed,3,-0.177028187827036,0.159907962944714,-0.490447795198676,0.136391419544604
exact_1_2,pc_score_binary,overall_new_release_count,downstream_outcomes,TRUE,split_period5,high,observed,4,0.0590987267477136,0.226210031057348,-0.384272934124689,0.502470387620117
exact_1_2,pc_score_binary,overall_new_release_count,downstream_outcomes,TRUE,split_period5,high,observed,5,0.174507784215431,0.241893711445072,-0.29960389021691,0.648619458647772
exact_1_2,pc_score_binary,overall_new_release_count,downstream_outcomes,TRUE,split_period5,high,observed,6,-0.443605974695088,0.183570136338706,-0.803403441918952,-0.0838085074712243
exact_1_2,pc_score_binary,overall_new_release_count,downstream_outcomes,TRUE,split_period5,high,observed,7,-0.384477156816439,0.203667439355512,-0.783665337953243,0.0147110243203654
exact_1_2,pc_score_binary,overall_new_release_count,downstream_outcomes,TRUE,split_period5,high,observed,8,-0.484972000794651,0.2071770418229,-0.891039002767535,-0.0789049988217659
exact_1_2,pc_score_binary,overall_new_release_count,downstream_outcomes,TRUE,split_period5,high,observed,9,-0.849515813659535,0.240596641925359,-1.32108523183324,-0.377946395485831
exact_1_2,pc_score_binary,overall_new_release_count,downstream_outcomes,TRUE,split_period5,high,observed,10,-0.68212221092712,0.334005152803209,-1.33677231042141,-0.0274721114328294
exact_1_2,pc_score_binary,overall_new_release_count,downstream_outcomes,TRUE,split_period5,high,observed,11,-1.40736345516726,0.350680609077197,-2.09469744895857,-0.720029461375954
exact_1_2,pc_score_binary,overall_new_release_count,downstream_outcomes,TRUE,split_period5,low,observed,-14,0.703569610123017,0.289526381079289,0.136097903207612,1.27104131703842
exact_1_2,pc_score_binary,overall_new_release_count,downstream_outcomes,TRUE,split_period5,low,observed,-13,0.615421586469786,0.294795950305394,0.0376215238712133,1.19322164906836
exact_1_2,pc_score_binary,overall_new_release_count,downstream_outcomes,TRUE,split_period5,low,observed,-12,0.564291745823399,0.309071342419373,-0.0414880853185728,1.17007157696537
exact_1_2,pc_score_binary,overall_new_release_count,downstream_outcomes,TRUE,split_period5,low,observed,-11,0.516904984565102,0.275577012814209,-0.0232259605507477,1.05703592968095
exact_1_2,pc_score_binary,overall_new_release_count,downstream_outcomes,TRUE,split_period5,low,observed,-10,0.556655657508367,0.248430196776978,0.0697324718254886,1.04357884319124
exact_1_2,pc_score_binary,overall_new_release_count,downstream_outcomes,TRUE,split_period5,low,observed,-9,0.486776868059185,0.233278343125628,0.0295513155329544,0.944002420585416
exact_1_2,pc_score_binary,overall_new_release_count,downstream_outcomes,TRUE,split_period5,low,observed,-8,0.440395421966379,0.216082087640112,0.0168745301917586,0.863916313740999
exact_1_2,pc_score_binary,overall_new_release_count,downstream_outcomes,TRUE,split_period5,low,observed,-7,0.31626318755676,0.201850654642268,-0.0793640955420856,0.711890470655606
exact_1_2,pc_score_binary,overall_new_release_count,downstream_outcomes,TRUE,split_period5,low,observed,-6,0.412190633469047,0.185224846610662,0.0491499341121495,0.775231332825945
exact_1_2,pc_score_binary,overall_new_release_count,downstream_outcomes,TRUE,split_period5,low,observed,-5,0.0727471194616937,0.141807969383585,-0.205196500530133,0.350690739453521
exact_1_2,pc_score_binary,overall_new_release_count,downstream_outcomes,TRUE,split_period5,low,observed,-4,-0.110869758887518,0.105497075376555,-0.317644026625565,0.0959045088505285
exact_1_2,pc_score_binary,overall_new_release_count,downstream_outcomes,TRUE,split_period5,low,observed,-3,-0.155217986189789,0.0978524824414137,-0.34700885177496,0.0365728793953814
exact_1_2,pc_score_binary,overall_new_release_count,downstream_outcomes,TRUE,split_period5,low,observed,-2,0.0387841082417058,0.0904280313192331,-0.138454833143991,0.216023049627403
exact_1_2,pc_score_binary,overall_new_release_count,downstream_outcomes,TRUE,split_period5,low,observed,-1,0,0,0,0
exact_1_2,pc_score_binary,overall_new_release_count,downstream_outcomes,TRUE,split_period5,low,observed,0,-0.0440932754611401,0.107779291100177,-0.255340686017487,0.167154135095206
exact_1_2,pc_score_binary,overall_new_release_count,downstream_outcomes,TRUE,split_period5,low,observed,1,-0.617771401549122,0.117689724585951,-0.848443261737587,-0.387099541360657
exact_1_2,pc_score_binary,overall_new_release_count,downstream_outcomes,TRUE,split_period5,low,observed,2,-0.634323080601359,0.153615696780348,-0.935409846290841,-0.333236314911877
exact_1_2,pc_score_binary,overall_new_release_count,downstream_outcomes,TRUE,split_period5,low,observed,3,-0.80463828894506,0.170784233125146,-1.13937538587035,-0.469901192019773
exact_1_2,pc_score_binary,overall_new_release_count,downstream_outcomes,TRUE,split_period5,low,observed,4,-0.94994574263021,0.235675596320236,-1.41186991141787,-0.488021573842546
exact_1_2,pc_score_binary,overall_new_release_count,downstream_outcomes,TRUE,split_period5,low,observed,5,-1.10583639022107,0.262640935440182,-1.62061262368383,-0.591060156758316
exact_1_2,pc_score_binary,overall_new_release_count,downstream_outcomes,TRUE,split_period5,low,observed,6,-0.995880093057603,0.272249025210917,-1.529488182471,-0.462272003644206
exact_1_2,pc_score_binary,overall_new_release_count,downstream_outcomes,TRUE,split_period5,low,observed,7,-0.863251849296837,0.371631807720703,-1.59165019242942,-0.134853506164259
exact_1_2,pc_score_binary,overall_new_release_count,downstream_outcomes,TRUE,split_period5,low,observed,8,-1.0578099963134,0.329840188736541,-1.70429676623702,-0.41132322638978
exact_1_2,pc_score_binary,overall_new_release_count,downstream_outcomes,TRUE,split_period5,low,observed,9,-1.06717684930982,0.341751000018429,-1.73700880934594,-0.397344889273696
exact_1_2,pc_score_binary,overall_new_release_count,downstream_outcomes,TRUE,split_period5,low,observed,10,-0.375687276964242,0.784430735998569,-1.91317151952144,1.16179696559295
exact_1_2,pc_score_binary,overall_new_release_count,downstream_outcomes,TRUE,split_period5,low,observed,11,-1.95740227552109,0.276005640775429,-2.49837333144093,-1.41643121960124
exact_1_2,pc_score_binary,pull_request_opened,github_outcomes,FALSE,split_full_avg,high,observed,-15,22.8463225940249,12.0241448738132,-0.721001358649048,46.4136465466989
exact_1_2,pc_score_binary,pull_request_opened,github_outcomes,FALSE,split_full_avg,high,observed,-14,11.6739014630989,8.63371595176404,-5.24818180235866,28.5959847285564
exact_1_2,pc_score_binary,pull_request_opened,github_outcomes,FALSE,split_full_avg,high,observed,-13,11.9220546065645,8.17512484848182,-4.10119009645985,27.9452993095889
exact_1_2,pc_score_binary,pull_request_opened,github_outcomes,FALSE,split_full_avg,high,observed,-12,11.9874146618176,6.47608170648216,-0.705705482887449,24.6805348065226
exact_1_2,pc_score_binary,pull_request_opened,github_outcomes,FALSE,split_full_avg,high,observed,-11,11.3077457471259,6.31431735196759,-1.06831626273055,23.6838077569824
exact_1_2,pc_score_binary,pull_request_opened,github_outcomes,FALSE,split_full_avg,high,observed,-10,12.5330850813468,5.71408675279416,1.33347504587027,23.7326951168234
exact_1_2,pc_score_binary,pull_request_opened,github_outcomes,FALSE,split_full_avg,high,observed,-9,10.1561645164068,4.80743369542686,0.733594473370149,19.5787345594434
exact_1_2,pc_score_binary,pull_request_opened,github_outcomes,FALSE,split_full_avg,high,observed,-8,7.63976738432158,4.60032868301416,-1.37687683438617,16.6564116030293
exact_1_2,pc_score_binary,pull_request_opened,github_outcomes,FALSE,split_full_avg,high,observed,-7,5.13858181229933,4.21706973708783,-3.12687487239283,13.4040384969915
exact_1_2,pc_score_binary,pull_request_opened,github_outcomes,FALSE,split_full_avg,high,observed,-6,4.62804413513917,3.62215059138162,-2.4713710239688,11.7274592942471
exact_1_2,pc_score_binary,pull_request_opened,github_outcomes,FALSE,split_full_avg,high,observed,-5,4.47774444002781,2.82586738360438,-1.06095563183677,10.0164445118924
exact_1_2,pc_score_binary,pull_request_opened,github_outcomes,FALSE,split_full_avg,high,observed,-4,4.15975225418999,2.30439050452703,-0.356853134682982,8.67635764306296
exact_1_2,pc_score_binary,pull_request_opened,github_outcomes,FALSE,split_full_avg,high,observed,-3,2.54845022966349,1.63978494971964,-0.66552827178701,5.76242873111399
exact_1_2,pc_score_binary,pull_request_opened,github_outcomes,FALSE,split_full_avg,high,observed,-2,3.48995747011561,0.976117760113548,1.57676666029305,5.40314827993816
exact_1_2,pc_score_binary,pull_request_opened,github_outcomes,FALSE,split_full_avg,high,observed,-1,0,0,0,0
exact_1_2,pc_score_binary,pull_request_opened,github_outcomes,FALSE,split_full_avg,high,observed,0,1.2667334336835,1.3218664904534,-1.32412488760518,3.85759175497217
exact_1_2,pc_score_binary,pull_request_opened,github_outcomes,FALSE,split_full_avg,high,observed,1,2.76418842239592,1.96734673886374,-1.091811185777,6.62018803056884
exact_1_2,pc_score_binary,pull_request_opened,github_outcomes,FALSE,split_full_avg,high,observed,2,4.00449431533339,2.24395771744287,-0.393662810854629,8.40265144152141
exact_1_2,pc_score_binary,pull_request_opened,github_outcomes,FALSE,split_full_avg,high,observed,3,5.06992104363814,2.81744962471666,-0.452280220806507,10.5921223080828
exact_1_2,pc_score_binary,pull_request_opened,github_outcomes,FALSE,split_full_avg,high,observed,4,6.94884304859601,3.02126972278212,1.02715439194306,12.870531705249
exact_1_2,pc_score_binary,pull_request_opened,github_outcomes,FALSE,split_full_avg,high,observed,5,9.55340990764222,3.81948263678305,2.06722393954744,17.039595875737
exact_1_2,pc_score_binary,pull_request_opened,github_outcomes,FALSE,split_full_avg,high,observed,6,10.6102584820155,4.52877116379151,1.73386700098413,19.4866499630468
exact_1_2,pc_score_binary,pull_request_opened,github_outcomes,FALSE,split_full_avg,high,observed,7,11.3110042614059,5.38075479577574,0.764724861685467,21.8572836611264
exact_1_2,pc_score_binary,pull_request_opened,github_outcomes,FALSE,split_full_avg,high,observed,8,14.1974778733391,7.18949306739989,0.106071461235313,28.2888842854429
exact_1_2,pc_score_binary,pull_request_opened,github_outcomes,FALSE,split_full_avg,high,observed,9,12.1467479278147,7.39666097086019,-2.35070757507126,26.6442034307007
exact_1_2,pc_score_binary,pull_request_opened,github_outcomes,FALSE,split_full_avg,high,observed,10,5.93117904651282,4.70260161694938,-3.28592012270797,15.1482782157336
exact_1_2,pc_score_binary,pull_request_opened,github_outcomes,FALSE,split_full_avg,high,observed,11,8.10917339332154,4.44717974791235,-0.607298912586671,16.8256456992298
exact_1_2,pc_score_binary,pull_request_opened,github_outcomes,FALSE,split_full_avg,low,observed,-15,19.8645615775191,7.19926342680314,5.75400526098496,33.9751178940533
exact_1_2,pc_score_binary,pull_request_opened,github_outcomes,FALSE,split_full_avg,low,observed,-14,13.0880265966165,9.52169868707749,-5.5745028300554,31.7505560232884
exact_1_2,pc_score_binary,pull_request_opened,github_outcomes,FALSE,split_full_avg,low,observed,-13,16.40465283371,9.98970394994916,-3.17516690819037,35.9844725756103
exact_1_2,pc_score_binary,pull_request_opened,github_outcomes,FALSE,split_full_avg,low,observed,-12,16.507152440953,10.1827910146663,-3.45111794779297,36.465422829699
exact_1_2,pc_score_binary,pull_request_opened,github_outcomes,FALSE,split_full_avg,low,observed,-11,16.7607122427134,11.4178413988385,-5.61825689900998,39.1396813844368
exact_1_2,pc_score_binary,pull_request_opened,github_outcomes,FALSE,split_full_avg,low,observed,-10,15.4549877834687,11.3555064662964,-6.80180489047224,37.7117804574097
exact_1_2,pc_score_binary,pull_request_opened,github_outcomes,FALSE,split_full_avg,low,observed,-9,21.0009284903285,12.6284223904085,-3.75077939487211,45.7526363755291
exact_1_2,pc_score_binary,pull_request_opened,github_outcomes,FALSE,split_full_avg,low,observed,-8,24.9289692736808,13.3900903260727,-1.3156077654218,51.1735463127833
exact_1_2,pc_score_binary,pull_request_opened,github_outcomes,FALSE,split_full_avg,low,observed,-7,22.7353254697357,11.9236132124732,-0.634956426711756,46.1056073661831
exact_1_2,pc_score_binary,pull_request_opened,github_outcomes,FALSE,split_full_avg,low,observed,-6,18.6455297552692,9.0915728639613,0.826046941905055,36.4650125686334
exact_1_2,pc_score_binary,pull_request_opened,github_outcomes,FALSE,split_full_avg,low,observed,-5,14.7027385911123,7.14780945279652,0.693032063631108,28.7124451185935
exact_1_2,pc_score_binary,pull_request_opened,github_outcomes,FALSE,split_full_avg,low,observed,-4,11.412072163439,4.8609977159469,1.88451664018313,20.939627686695
exact_1_2,pc_score_binary,pull_request_opened,github_outcomes,FALSE,split_full_avg,low,observed,-3,7.99536065106028,3.42267749901738,1.28691275298622,14.7038085491343
exact_1_2,pc_score_binary,pull_request_opened,github_outcomes,FALSE,split_full_avg,low,observed,-2,6.28163532823544,2.23453025267337,1.90195603299563,10.6613146234752
exact_1_2,pc_score_binary,pull_request_opened,github_outcomes,FALSE,split_full_avg,low,observed,-1,0,0,0,0
exact_1_2,pc_score_binary,pull_request_opened,github_outcomes,FALSE,split_full_avg,low,observed,0,-7.36996784743012,1.99005361523485,-11.2704729332904,-3.46946276156982
exact_1_2,pc_score_binary,pull_request_opened,github_outcomes,FALSE,split_full_avg,low,observed,1,-14.1893928471981,4.15066986855079,-22.3247057895577,-6.05407990483854
exact_1_2,pc_score_binary,pull_request_opened,github_outcomes,FALSE,split_full_avg,low,observed,2,-21.563010980971,6.25501217782926,-33.8228348495164,-9.30318711242565
exact_1_2,pc_score_binary,pull_request_opened,github_outcomes,FALSE,split_full_avg,low,observed,3,-27.0297427116492,7.92082424819459,-42.5545582381106,-11.5049271851878
exact_1_2,pc_score_binary,pull_request_opened,github_outcomes,FALSE,split_full_avg,low,observed,4,-31.9237834121744,9.81490159696006,-51.1609905422161,-12.6865762821327
exact_1_2,pc_score_binary,pull_request_opened,github_outcomes,FALSE,split_full_avg,low,observed,5,-32.217656466511,10.7132087181542,-53.2155455540933,-11.2197673789288
exact_1_2,pc_score_binary,pull_request_opened,github_outcomes,FALSE,split_full_avg,low,observed,6,-37.3586170793891,12.558499059402,-61.973275235817,-12.7439589229612
exact_1_2,pc_score_binary,pull_request_opened,github_outcomes,FALSE,split_full_avg,low,observed,7,-34.0789156918468,13.8959873027651,-61.3150508052665,-6.84278057842715
exact_1_2,pc_score_binary,pull_request_opened,github_outcomes,FALSE,split_full_avg,low,observed,8,-34.4596444730431,14.3689587864461,-62.6228036944774,-6.29648525160874
exact_1_2,pc_score_binary,pull_request_opened,github_outcomes,FALSE,split_full_avg,low,observed,9,-38.457656251594,15.0483319315138,-67.9523868373609,-8.96292566582701
exact_1_2,pc_score_binary,pull_request_opened,github_outcomes,FALSE,split_full_avg,low,observed,10,-45.1171495964252,16.7967284141722,-78.0387372882026,-12.1955619046477
exact_1_2,pc_score_binary,pull_request_opened,github_outcomes,FALSE,split_full_avg,low,observed,11,-50.8155980972325,23.9448774789057,-97.7475579558878,-3.88363823857728
exact_1_2,pc_score_binary,pull_request_merged,github_outcomes,FALSE,split_full_avg,high,observed,-15,10.1444992228103,7.58639914754256,-4.72484310637313,25.0138415519937
exact_1_2,pc_score_binary,pull_request_merged,github_outcomes,FALSE,split_full_avg,high,observed,-14,2.07406076606084,8.55900651906781,-14.7015920113121,18.8497135434338
exact_1_2,pc_score_binary,pull_request_merged,github_outcomes,FALSE,split_full_avg,high,observed,-13,3.76630730719515,8.10268621282358,-12.1149576699391,19.6475722843294
exact_1_2,pc_score_binary,pull_request_merged,github_outcomes,FALSE,split_full_avg,high,observed,-12,6.15523196039909,5.65469365714799,-4.92796760761096,17.2384315284091
exact_1_2,pc_score_binary,pull_request_merged,github_outcomes,FALSE,split_full_avg,high,observed,-11,4.96454433647142,6.54311072129206,-7.85995267726103,17.7890413502039
exact_1_2,pc_score_binary,pull_request_merged,github_outcomes,FALSE,split_full_avg,high,observed,-10,7.44644710507518,5.66579370119029,-3.65850854925779,18.5514027594081
exact_1_2,pc_score_binary,pull_request_merged,github_outcomes,FALSE,split_full_avg,high,observed,-9,6.13330391752369,4.55796837965674,-2.80031410660352,15.0669219416509
exact_1_2,pc_score_binary,pull_request_merged,github_outcomes,FALSE,split_full_avg,high,observed,-8,4.70272077660304,4.30271998951449,-3.73061040284535,13.1360519560514
exact_1_2,pc_score_binary,pull_request_merged,github_outcomes,FALSE,split_full_avg,high,observed,-7,3.31849386132199,3.54934116387265,-3.6382148198684,10.2752025425124
exact_1_2,pc_score_binary,pull_request_merged,github_outcomes,FALSE,split_full_avg,high,observed,-6,3.9287195737088,2.99113408726147,-1.93390323732369,9.79134238474129
exact_1_2,pc_score_binary,pull_request_merged,github_outcomes,FALSE,split_full_avg,high,observed,-5,3.37059952567277,2.22171744721559,-0.98396667086978,7.72516572221532
exact_1_2,pc_score_binary,pull_request_merged,github_outcomes,FALSE,split_full_avg,high,observed,-4,3.10932525852149,1.81274683640079,-0.443658540824051,6.66230905786703
exact_1_2,pc_score_binary,pull_request_merged,github_outcomes,FALSE,split_full_avg,high,observed,-3,1.59967428575454,1.30960669131881,-0.967154829230332,4.16650340073942
exact_1_2,pc_score_binary,pull_request_merged,github_outcomes,FALSE,split_full_avg,high,observed,-2,2.5070965378524,0.805747539722255,0.927831359996785,4.08636171570802
exact_1_2,pc_score_binary,pull_request_merged,github_outcomes,FALSE,split_full_avg,high,observed,-1,0,0,0,0
exact_1_2,pc_score_binary,pull_request_merged,github_outcomes,FALSE,split_full_avg,high,observed,0,1.39203345495944,0.986527099754477,-0.541559660559332,3.32562657047822
exact_1_2,pc_score_binary,pull_request_merged,github_outcomes,FALSE,split_full_avg,high,observed,1,2.43851614334917,1.32472957379093,-0.15795382128106,5.03498610797941
exact_1_2,pc_score_binary,pull_request_merged,github_outcomes,FALSE,split_full_avg,high,observed,2,4.5245064190931,1.49265039135019,1.59891165204674,7.45010118613947
exact_1_2,pc_score_binary,pull_request_merged,github_outcomes,FALSE,split_full_avg,high,observed,3,6.86200988862355,2.02684991263658,2.88938405985584,10.8346357173913
exact_1_2,pc_score_binary,pull_request_merged,github_outcomes,FALSE,split_full_avg,high,observed,4,9.68564815778258,2.45432672969252,4.87516776758523,14.4961285479799
exact_1_2,pc_score_binary,pull_request_merged,github_outcomes,FALSE,split_full_avg,high,observed,5,12.1308396280021,3.01821484345738,6.21513853482563,18.0465407211786
exact_1_2,pc_score_binary,pull_request_merged,github_outcomes,FALSE,split_full_avg,high,observed,6,15.2771194854706,3.93532830301123,7.56387601156861,22.9903629593726
exact_1_2,pc_score_binary,pull_request_merged,github_outcomes,FALSE,split_full_avg,high,observed,7,16.3998534064902,4.70651508643658,7.17508383707452,25.6246229759059
exact_1_2,pc_score_binary,pull_request_merged,github_outcomes,FALSE,split_full_avg,high,observed,8,20.9185835748013,6.544081669117,8.09218350333194,33.7449836462706
exact_1_2,pc_score_binary,pull_request_merged,github_outcomes,FALSE,split_full_avg,high,observed,9,18.4091591967303,6.45008409295556,5.7669943745374,31.0513240189232
exact_1_2,pc_score_binary,pull_request_merged,github_outcomes,FALSE,split_full_avg,high,observed,10,13.2372819540081,5.52562867863157,2.40704974389023,24.067514164126
exact_1_2,pc_score_binary,pull_request_merged,github_outcomes,FALSE,split_full_avg,high,observed,11,15.7997423184359,5.61103523448552,4.80211325884431,26.7973713780275
exact_1_2,pc_score_binary,pull_request_merged,github_outcomes,FALSE,split_full_avg,low,observed,-15,11.2963637917004,5.0541274839419,1.39027392317427,21.2024536602265
exact_1_2,pc_score_binary,pull_request_merged,github_outcomes,FALSE,split_full_avg,low,observed,-14,8.21549097278843,8.06012952889719,-7.58236290385007,24.0133448494269
exact_1_2,pc_score_binary,pull_request_merged,github_outcomes,FALSE,split_full_avg,low,observed,-13,6.09404546418126,5.94596386556653,-5.56004371232913,17.7481346406917
exact_1_2,pc_score_binary,pull_request_merged,github_outcomes,FALSE,split_full_avg,low,observed,-12,6.66269317812629,6.09508732806521,-5.28367798488152,18.6090643411341
exact_1_2,pc_score_binary,pull_request_merged,github_outcomes,FALSE,split_full_avg,low,observed,-11,3.12381240039154,6.12979046773612,-8.89057691637126,15.1382017171543
exact_1_2,pc_score_binary,pull_request_merged,github_outcomes,FALSE,split_full_avg,low,observed,-10,3.3431170917373,6.23410162738372,-8.87572209793479,15.5619562814094
exact_1_2,pc_score_binary,pull_request_merged,github_outcomes,FALSE,split_full_avg,low,observed,-9,5.22570901205838,6.26713019134421,-7.05786616297627,17.509284187093
exact_1_2,pc_score_binary,pull_request_merged,github_outcomes,FALSE,split_full_avg,low,observed,-8,7.40058978815973,5.89618615708562,-4.15593507972809,18.9571146560476
exact_1_2,pc_score_binary,pull_request_merged,github_outcomes,FALSE,split_full_avg,low,observed,-7,6.63102971220471,5.08279123136008,-3.33124110126104,16.5933005256705
exact_1_2,pc_score_binary,pull_request_merged,github_outcomes,FALSE,split_full_avg,low,observed,-6,6.25142931031138,4.39262268142188,-2.35811114527551,14.8609697658983
exact_1_2,pc_score_binary,pull_request_merged,github_outcomes,FALSE,split_full_avg,low,observed,-5,5.8840396153306,3.62131588390273,-1.21373951711875,12.9818187477799
exact_1_2,pc_score_binary,pull_request_merged,github_outcomes,FALSE,split_full_avg,low,observed,-4,5.26754562766477,2.83295674310281,-0.285049588816736,10.8201408441463
exact_1_2,pc_score_binary,pull_request_merged,github_outcomes,FALSE,split_full_avg,low,observed,-3,4.08850968347599,2.48083185979753,-0.77392076172718,8.95094012867915
exact_1_2,pc_score_binary,pull_request_merged,github_outcomes,FALSE,split_full_avg,low,observed,-2,3.92915389126436,1.61704719529693,0.759741388482386,7.09856639404634
exact_1_2,pc_score_binary,pull_request_merged,github_outcomes,FALSE,split_full_avg,low,observed,-1,0,0,0,0
exact_1_2,pc_score_binary,pull_request_merged,github_outcomes,FALSE,split_full_avg,low,observed,0,-5.95755077435871,1.62147502718396,-9.13564182763928,-2.77945972107815
exact_1_2,pc_score_binary,pull_request_merged,github_outcomes,FALSE,split_full_avg,low,observed,1,-11.9382899197155,3.34386368021167,-18.4922627329304,-5.38431710650062
exact_1_2,pc_score_binary,pull_request_merged,github_outcomes,FALSE,split_full_avg,low,observed,2,-18.0621424566408,4.93764228538063,-27.7399213359868,-8.38436357729477
exact_1_2,pc_score_binary,pull_request_merged,github_outcomes,FALSE,split_full_avg,low,observed,3,-21.2446865277997,6.30896550386023,-33.6102589153658,-8.87911414023367
exact_1_2,pc_score_binary,pull_request_merged,github_outcomes,FALSE,split_full_avg,low,observed,4,-24.6302950085248,7.75449798376672,-39.8291110567076,-9.43147896034203
exact_1_2,pc_score_binary,pull_request_merged,github_outcomes,FALSE,split_full_avg,low,observed,5,-24.9537896543557,8.26290403797607,-41.1490815687888,-8.75849773992256
exact_1_2,pc_score_binary,pull_request_merged,github_outcomes,FALSE,split_full_avg,low,observed,6,-28.4901128659782,9.43031607593274,-46.9735323748064,-10.0066933571501
exact_1_2,pc_score_binary,pull_request_merged,github_outcomes,FALSE,split_full_avg,low,observed,7,-27.3324628161527,10.5380388622763,-47.9870189862142,-6.67790664609129
exact_1_2,pc_score_binary,pull_request_merged,github_outcomes,FALSE,split_full_avg,low,observed,8,-25.0507450068376,10.4911073976736,-45.6133155062778,-4.48817450739734
exact_1_2,pc_score_binary,pull_request_merged,github_outcomes,FALSE,split_full_avg,low,observed,9,-27.6506717691092,11.1640620131525,-49.5322333148882,-5.76911022333023
exact_1_2,pc_score_binary,pull_request_merged,github_outcomes,FALSE,split_full_avg,low,observed,10,-31.6343344496148,12.5198679942029,-56.1732757182525,-7.09539318097701
exact_1_2,pc_score_binary,pull_request_merged,github_outcomes,FALSE,split_full_avg,low,observed,11,-37.4728435430466,19.6925083008274,-76.0701598126683,1.12447272657518
exact_1_2,pc_score_binary,overall_new_release_count,downstream_outcomes,FALSE,split_full_avg,high,observed,-15,4.9919885468167,1.64464355509343,1.76848717883357,8.21548991479982
exact_1_2,pc_score_binary,overall_new_release_count,downstream_outcomes,FALSE,split_full_avg,high,observed,-14,4.95285847361564,1.39219183816828,2.2241624708058,7.68155447642548
exact_1_2,pc_score_binary,overall_new_release_count,downstream_outcomes,FALSE,split_full_avg,high,observed,-13,3.5721918855333,1.45657865111264,0.717297729352534,6.42708604171407
exact_1_2,pc_score_binary,overall_new_release_count,downstream_outcomes,FALSE,split_full_avg,high,observed,-12,3.14489375648766,1.29596985906518,0.604792832719913,5.68499468025541
exact_1_2,pc_score_binary,overall_new_release_count,downstream_outcomes,FALSE,split_full_avg,high,observed,-11,3.50524634191473,1.18985145848014,1.17313748329366,5.83735520053581
exact_1_2,pc_score_binary,overall_new_release_count,downstream_outcomes,FALSE,split_full_avg,high,observed,-10,3.35663260025645,1.11968916399975,1.16204183881695,5.55122336169596
exact_1_2,pc_score_binary,overall_new_release_count,downstream_outcomes,FALSE,split_full_avg,high,observed,-9,2.80394353532211,1.15886718989208,0.532563843133632,5.07532322751059
exact_1_2,pc_score_binary,overall_new_release_count,downstream_outcomes,FALSE,split_full_avg,high,observed,-8,2.73911084789456,1.16950634930114,0.446878403264316,5.0313432925248
exact_1_2,pc_score_binary,overall_new_release_count,downstream_outcomes,FALSE,split_full_avg,high,observed,-7,1.64002197655658,1.00887143944966,-0.337366044764746,3.6174099978779
exact_1_2,pc_score_binary,overall_new_release_count,downstream_outcomes,FALSE,split_full_avg,high,observed,-6,1.30474694908266,0.906623039210961,-0.472234207770827,3.08172810593614
exact_1_2,pc_score_binary,overall_new_release_count,downstream_outcomes,FALSE,split_full_avg,high,observed,-5,0.274654001761397,0.929768987000393,-1.54769321275937,2.09700121628217
exact_1_2,pc_score_binary,overall_new_release_count,downstream_outcomes,FALSE,split_full_avg,high,observed,-4,0.561210949220444,0.848773811970373,-1.10238572224149,2.22480762068238
exact_1_2,pc_score_binary,overall_new_release_count,downstream_outcomes,FALSE,split_full_avg,high,observed,-3,0.133014133829676,0.677412100888429,-1.19471358391164,1.460741851571
exact_1_2,pc_score_binary,overall_new_release_count,downstream_outcomes,FALSE,split_full_avg,high,observed,-2,0.327606886724691,0.465984064953108,-0.5857218805834,1.24093565403278
exact_1_2,pc_score_binary,overall_new_release_count,downstream_outcomes,FALSE,split_full_avg,high,observed,-1,0,0,0,0
exact_1_2,pc_score_binary,overall_new_release_count,downstream_outcomes,FALSE,split_full_avg,high,observed,0,-0.258942160551712,0.330216901361263,-0.906167287219786,0.388282966116363
exact_1_2,pc_score_binary,overall_new_release_count,downstream_outcomes,FALSE,split_full_avg,high,observed,1,-0.521692721761174,0.576523089762092,-1.65167797769487,0.608292534172525
exact_1_2,pc_score_binary,overall_new_release_count,downstream_outcomes,FALSE,split_full_avg,high,observed,2,0.332837288479918,0.857356720202514,-1.34758188311701,2.01325646007685
exact_1_2,pc_score_binary,overall_new_release_count,downstream_outcomes,FALSE,split_full_avg,high,observed,3,0.218202570205785,1.25515101564443,-2.24189342045731,2.67829856086887
exact_1_2,pc_score_binary,overall_new_release_count,downstream_outcomes,FALSE,split_full_avg,high,observed,4,0.391316342087748,1.39672977939655,-2.3462740255295,3.12890670970499
exact_1_2,pc_score_binary,overall_new_release_count,downstream_outcomes,FALSE,split_full_avg,high,observed,5,0.681934253478343,1.45158506013026,-2.16317246437696,3.52704097133364
exact_1_2,pc_score_binary,overall_new_release_count,downstream_outcomes,FALSE,split_full_avg,high,observed,6,-0.412224047463926,1.67577077162136,-3.69673475984178,2.87228666491393
exact_1_2,pc_score_binary,overall_new_release_count,downstream_outcomes,FALSE,split_full_avg,high,observed,7,-1.32879903444135,1.99084280293714,-5.23085092819814,2.57325285931544
exact_1_2,pc_score_binary,overall_new_release_count,downstream_outcomes,FALSE,split_full_avg,high,observed,8,-0.454287923430451,1.69311281040765,-3.77278903182944,2.86421318496854
exact_1_2,pc_score_binary,overall_new_release_count,downstream_outcomes,FALSE,split_full_avg,high,observed,9,-1.07796773026099,1.73681684693947,-4.48212875026234,2.32619328974037
exact_1_2,pc_score_binary,overall_new_release_count,downstream_outcomes,FALSE,split_full_avg,high,observed,10,-2.13156525383205,1.945371565958,-5.94449352310974,1.68136301544563
exact_1_2,pc_score_binary,overall_new_release_count,downstream_outcomes,FALSE,split_full_avg,high,observed,11,-1.8923213031844,1.91042748277379,-5.63675916942103,1.85211656305223
exact_1_2,pc_score_binary,overall_new_release_count,downstream_outcomes,FALSE,split_full_avg,low,observed,-15,2.41382687679945,1.17554325371103,0.109762099525838,4.71789165407307
exact_1_2,pc_score_binary,overall_new_release_count,downstream_outcomes,FALSE,split_full_avg,low,observed,-14,2.04400260530896,1.12988543291895,-0.170572843212188,4.25857805383012
exact_1_2,pc_score_binary,overall_new_release_count,downstream_outcomes,FALSE,split_full_avg,low,observed,-13,2.03203596153831,1.15545662082884,-0.232659015286204,4.29673093836283
exact_1_2,pc_score_binary,overall_new_release_count,downstream_outcomes,FALSE,split_full_avg,low,observed,-12,1.57328589367754,0.987297533828759,-0.361817272626825,3.50838905998191
exact_1_2,pc_score_binary,overall_new_release_count,downstream_outcomes,FALSE,split_full_avg,low,observed,-11,1.28033058466321,0.968493980525801,-0.61791761716736,3.17857878649378
exact_1_2,pc_score_binary,overall_new_release_count,downstream_outcomes,FALSE,split_full_avg,low,observed,-10,0.379544937917201,1.20723582387836,-1.98663727688439,2.74572715271879
exact_1_2,pc_score_binary,overall_new_release_count,downstream_outcomes,FALSE,split_full_avg,low,observed,-9,-0.162015307443483,1.29995473211513,-2.70992658238914,2.38589596750217
exact_1_2,pc_score_binary,overall_new_release_count,downstream_outcomes,FALSE,split_full_avg,low,observed,-8,0.118485035646545,1.34888647814212,-2.525332461512,2.76230253280509
exact_1_2,pc_score_binary,overall_new_release_count,downstream_outcomes,FALSE,split_full_avg,low,observed,-7,-0.327085488161558,1.52921393774006,-3.32434480613208,2.67017382980897
exact_1_2,pc_score_binary,overall_new_release_count,downstream_outcomes,FALSE,split_full_avg,low,observed,-6,-0.364417512264698,1.62373863155674,-3.5469452301159,2.81811020558651
exact_1_2,pc_score_binary,overall_new_release_count,downstream_outcomes,FALSE,split_full_avg,low,observed,-5,-0.570862371415494,1.65389968881975,-3.8125057615022,2.67078101867122
exact_1_2,pc_score_binary,overall_new_release_count,downstream_outcomes,FALSE,split_full_avg,low,observed,-4,-0.408359848345356,1.5935653954161,-3.53174802336092,2.71502832667021
exact_1_2,pc_score_binary,overall_new_release_count,downstream_outcomes,FALSE,split_full_avg,low,observed,-3,-0.644855896270537,1.46532166703913,-3.51688636366723,2.22717457112616
exact_1_2,pc_score_binary,overall_new_release_count,downstream_outcomes,FALSE,split_full_avg,low,observed,-2,-0.201027376700106,1.35346538466633,-2.8538195306461,2.45176477724589
exact_1_2,pc_score_binary,overall_new_release_count,downstream_outcomes,FALSE,split_full_avg,low,observed,-1,0,0,0,0
exact_1_2,pc_score_binary,overall_new_release_count,downstream_outcomes,FALSE,split_full_avg,low,observed,0,-1.73102527220425,0.648601439562366,-3.00228409374648,-0.459766450662009
exact_1_2,pc_score_binary,overall_new_release_count,downstream_outcomes,FALSE,split_full_avg,low,observed,1,-3.35930192767322,1.20455132821539,-5.72022253097539,-0.998381324371056
exact_1_2,pc_score_binary,overall_new_release_count,downstream_outcomes,FALSE,split_full_avg,low,observed,2,-4.08166335903848,1.32631492031822,-6.6812406028622,-1.48208611521476
exact_1_2,pc_score_binary,overall_new_release_count,downstream_outcomes,FALSE,split_full_avg,low,observed,3,-3.91307428891436,1.33373526018407,-6.52719539887513,-1.29895317895358
exact_1_2,pc_score_binary,overall_new_release_count,downstream_outcomes,FALSE,split_full_avg,low,observed,4,-4.14388755295672,1.37615950807834,-6.84116018879026,-1.44661491712318
exact_1_2,pc_score_binary,overall_new_release_count,downstream_outcomes,FALSE,split_full_avg,low,observed,5,-4.41561854742038,1.47636850836429,-7.3093008238144,-1.52193627102637
exact_1_2,pc_score_binary,overall_new_release_count,downstream_outcomes,FALSE,split_full_avg,low,observed,6,-5.01867329496788,1.76073678492665,-8.46971739342411,-1.56762919651165
exact_1_2,pc_score_binary,overall_new_release_count,downstream_outcomes,FALSE,split_full_avg,low,observed,7,-5.71007758885372,2.26342713085015,-10.14639476532,-1.27376041238743
exact_1_2,pc_score_binary,overall_new_release_count,downstream_outcomes,FALSE,split_full_avg,low,observed,8,-6.23902342019364,2.7717774635905,-11.671707248831,-0.806339591556256
exact_1_2,pc_score_binary,overall_new_release_count,downstream_outcomes,FALSE,split_full_avg,low,observed,9,-7.91355003966397,5.0687901421667,-17.8483787183107,2.02127863898275
exact_1_2,pc_score_binary,overall_new_release_count,downstream_outcomes,FALSE,split_full_avg,low,observed,10,-12.5888381591893,9.42575236038356,-31.063312785541,5.88563646716249
exact_1_2,pc_score_binary,overall_new_release_count,downstream_outcomes,FALSE,split_full_avg,low,observed,11,-31.3323215858079,24.3661742931111,-79.0900232003057,16.4253800286898
exact_1_2,pc_score_binary,pull_request_opened,github_outcomes,FALSE,split_period1,high,observed,-15,20.0561717296323,12.2447308644997,-3.94350076478718,44.0558442240517
exact_1_2,pc_score_binary,pull_request_opened,github_outcomes,FALSE,split_period1,high,observed,-14,12.4006484697933,10.2404732989243,-7.67067919609834,32.4719761356849
exact_1_2,pc_score_binary,pull_request_opened,github_outcomes,FALSE,split_period1,high,observed,-13,18.7946221180148,8.87247908310823,1.40456311512271,36.184681120907
exact_1_2,pc_score_binary,pull_request_opened,github_outcomes,FALSE,split_period1,high,observed,-12,14.8157275614119,7.85036350460927,-0.570984907622272,30.2024400304461
exact_1_2,pc_score_binary,pull_request_opened,github_outcomes,FALSE,split_period1,high,observed,-11,12.236546372414,7.57647121327495,-2.61333720560486,27.0864299504329
exact_1_2,pc_score_binary,pull_request_opened,github_outcomes,FALSE,split_period1,high,observed,-10,17.39678629652,7.39398053634254,2.90458444528866,31.8889881477514
exact_1_2,pc_score_binary,pull_request_opened,github_outcomes,FALSE,split_period1,high,observed,-9,13.5903225775214,6.07148006657179,1.69022164704072,25.4904235080021
exact_1_2,pc_score_binary,pull_request_opened,github_outcomes,FALSE,split_period1,high,observed,-8,9.0824242573365,5.44735057436611,-1.59438286842106,19.7592313830941
exact_1_2,pc_score_binary,pull_request_opened,github_outcomes,FALSE,split_period1,high,observed,-7,7.86081555580214,4.73562896456975,-1.42101721475458,17.1426483263589
exact_1_2,pc_score_binary,pull_request_opened,github_outcomes,FALSE,split_period1,high,observed,-6,4.16083921994921,4.1771358052531,-4.02634695834686,12.3480253982453
exact_1_2,pc_score_binary,pull_request_opened,github_outcomes,FALSE,split_period1,high,observed,-5,5.1506560647211,3.37410321287138,-1.4625862325068,11.763898361949
exact_1_2,pc_score_binary,pull_request_opened,github_outcomes,FALSE,split_period1,high,observed,-4,3.81747149226358,2.68772514712075,-1.45046979609308,9.08541278062024
exact_1_2,pc_score_binary,pull_request_opened,github_outcomes,FALSE,split_period1,high,observed,-3,2.58137485128816,2.03915218796019,-1.41536343711381,6.57811313969012
exact_1_2,pc_score_binary,pull_request_opened,github_outcomes,FALSE,split_period1,high,observed,-2,2.83120644075195,1.4830169419403,-0.0755067654510322,5.73791964695493
exact_1_2,pc_score_binary,pull_request_opened,github_outcomes,FALSE,split_period1,high,observed,-1,0,0,0,0
exact_1_2,pc_score_binary,pull_request_opened,github_outcomes,FALSE,split_period1,high,observed,0,0.574815645967698,1.681860342978,-2.72163062626919,3.87126191820459
exact_1_2,pc_score_binary,pull_request_opened,github_outcomes,FALSE,split_period1,high,observed,1,0.72704179442888,2.8760329088755,-4.90998270696711,6.36406629582486
exact_1_2,pc_score_binary,pull_request_opened,github_outcomes,FALSE,split_period1,high,observed,2,-2.6754567176438,3.53692077127277,-9.60782142933842,4.25690799405083
exact_1_2,pc_score_binary,pull_request_opened,github_outcomes,FALSE,split_period1,high,observed,3,-4.59877817436525,4.63891765526263,-13.69105677868,4.4935004299495
exact_1_2,pc_score_binary,pull_request_opened,github_outcomes,FALSE,split_period1,high,observed,4,-5.7186391268537,5.53976363759746,-16.5765758565447,5.13929760283733
exact_1_2,pc_score_binary,pull_request_opened,github_outcomes,FALSE,split_period1,high,observed,5,-3.75235392597018,6.04472268428416,-15.6000103871671,8.09530253522678
exact_1_2,pc_score_binary,pull_request_opened,github_outcomes,FALSE,split_period1,high,observed,6,-4.52954738657936,6.96802368629101,-18.1868738117097,9.12777903855103
exact_1_2,pc_score_binary,pull_request_opened,github_outcomes,FALSE,split_period1,high,observed,7,-3.48483903340522,7.37969694257906,-17.9490450408602,10.9793669740497
exact_1_2,pc_score_binary,pull_request_opened,github_outcomes,FALSE,split_period1,high,observed,8,0.766688079720944,7.80935661050087,-14.5396508768608,16.0730270363027
exact_1_2,pc_score_binary,pull_request_opened,github_outcomes,FALSE,split_period1,high,observed,9,-0.427716391738414,9.10161613964688,-18.2668840254463,17.4114512419695
exact_1_2,pc_score_binary,pull_request_opened,github_outcomes,FALSE,split_period1,high,observed,10,-6.57571491867126,7.34942862742585,-20.9805950284259,7.82916519108339
exact_1_2,pc_score_binary,pull_request_opened,github_outcomes,FALSE,split_period1,high,observed,11,2.15371015408995,6.98838918362173,-11.5435326458086,15.8509529539885
exact_1_2,pc_score_binary,pull_request_opened,github_outcomes,FALSE,split_period1,low,observed,-15,20.6723331516075,7.35892016017623,6.24884963766205,35.0958166655529
exact_1_2,pc_score_binary,pull_request_opened,github_outcomes,FALSE,split_period1,low,observed,-14,11.4547917647953,8.37135404566802,-4.95306216471399,27.8626456943046
exact_1_2,pc_score_binary,pull_request_opened,github_outcomes,FALSE,split_period1,low,observed,-13,11.0341631933279,8.67083174675568,-5.96066703031323,28.028993416969
exact_1_2,pc_score_binary,pull_request_opened,github_outcomes,FALSE,split_period1,low,observed,-12,9.38904111114718,9.78704426405914,-9.79356564640874,28.5716478687031
exact_1_2,pc_score_binary,pull_request_opened,github_outcomes,FALSE,split_period1,low,observed,-11,16.7457807281084,11.638766676035,-6.06620195692018,39.5577634131369
exact_1_2,pc_score_binary,pull_request_opened,github_outcomes,FALSE,split_period1,low,observed,-10,11.9300738879618,9.97959444202061,-7.62993121839856,31.4900789943222
exact_1_2,pc_score_binary,pull_request_opened,github_outcomes,FALSE,split_period1,low,observed,-9,11.5957173894575,10.3899663377727,-8.76861663257703,31.9600514114921
exact_1_2,pc_score_binary,pull_request_opened,github_outcomes,FALSE,split_period1,low,observed,-8,18.9587418749563,11.0960517410717,-2.7895195375442,40.7070032874569
exact_1_2,pc_score_binary,pull_request_opened,github_outcomes,FALSE,split_period1,low,observed,-7,18.0563415970189,10.7071204219474,-2.92961442999795,39.0422976240358
exact_1_2,pc_score_binary,pull_request_opened,github_outcomes,FALSE,split_period1,low,observed,-6,16.78687465806,8.93476524061581,-0.725265213546962,34.299014529667
exact_1_2,pc_score_binary,pull_request_opened,github_outcomes,FALSE,split_period1,low,observed,-5,12.51647849799,6.93438219203308,-1.07491059839481,26.1078675943749
exact_1_2,pc_score_binary,pull_request_opened,github_outcomes,FALSE,split_period1,low,observed,-4,10.4474613298733,4.86441133473884,0.91321511378521,19.9817075459615
exact_1_2,pc_score_binary,pull_request_opened,github_outcomes,FALSE,split_period1,low,observed,-3,6.59003922041767,3.17499630141776,0.367046469638859,12.8130319711965
exact_1_2,pc_score_binary,pull_request_opened,github_outcomes,FALSE,split_period1,low,observed,-2,6.31531685253589,2.19433803048797,2.01441431277947,10.6162193922923
exact_1_2,pc_score_binary,pull_request_opened,github_outcomes,FALSE,split_period1,low,observed,-1,0,0,0,0
exact_1_2,pc_score_binary,pull_request_opened,github_outcomes,FALSE,split_period1,low,observed,0,-7.14795840246945,2.14375955516632,-11.3497271305954,-2.94618967434346
exact_1_2,pc_score_binary,pull_request_opened,github_outcomes,FALSE,split_period1,low,observed,1,-14.427772378531,4.03939244635495,-22.3449815733867,-6.51056318367526
exact_1_2,pc_score_binary,pull_request_opened,github_outcomes,FALSE,split_period1,low,observed,2,-15.8095783064025,5.56778535566674,-26.7224376035093,-4.89671900929567
exact_1_2,pc_score_binary,pull_request_opened,github_outcomes,FALSE,split_period1,low,observed,3,-18.5001705173385,7.12731037719176,-32.4696988566343,-4.53064217804266
exact_1_2,pc_score_binary,pull_request_opened,github_outcomes,FALSE,split_period1,low,observed,4,-21.488976529205,8.58012735217765,-38.3060261394732,-4.67192691893682
exact_1_2,pc_score_binary,pull_request_opened,github_outcomes,FALSE,split_period1,low,observed,5,-21.6715758805799,9.87682445594154,-41.0301518142253,-2.31299994693449
exact_1_2,pc_score_binary,pull_request_opened,github_outcomes,FALSE,split_period1,low,observed,6,-26.8037424373075,11.6165806844547,-49.5722405788386,-4.03524429577634
exact_1_2,pc_score_binary,pull_request_opened,github_outcomes,FALSE,split_period1,low,observed,7,-24.0774533458497,12.6235088353803,-48.8195306631951,0.664623971495761
exact_1_2,pc_score_binary,pull_request_opened,github_outcomes,FALSE,split_period1,low,observed,8,-30.5482261246,13.3605253812786,-56.7348558719061,-4.3615963772939
exact_1_2,pc_score_binary,pull_request_opened,github_outcomes,FALSE,split_period1,low,observed,9,-27.7625393009722,13.7890691174906,-54.7891147712538,-0.73596383069059
exact_1_2,pc_score_binary,pull_request_opened,github_outcomes,FALSE,split_period1,low,observed,10,-36.1777624798065,15.9056745214537,-67.3528845418558,-5.00264041775724
exact_1_2,pc_score_binary,pull_request_opened,github_outcomes,FALSE,split_period1,low,observed,11,-45.8025224902098,23.0442738598643,-90.9692992555438,-0.635745724875832
exact_1_2,pc_score_binary,pull_request_merged,github_outcomes,FALSE,split_period1,high,observed,-15,13.188814881091,8.82469092040323,-4.10757932289931,30.4852090850813
exact_1_2,pc_score_binary,pull_request_merged,github_outcomes,FALSE,split_period1,high,observed,-14,7.73581871681029,7.73437340454047,-7.42355315608903,22.8951905897096
exact_1_2,pc_score_binary,pull_request_merged,github_outcomes,FALSE,split_period1,high,observed,-13,11.9987443565887,6.39017033745366,-0.52598950482048,24.5234782179979
exact_1_2,pc_score_binary,pull_request_merged,github_outcomes,FALSE,split_period1,high,observed,-12,12.1755541195856,5.89764562504061,0.616168694506019,23.7349395446652
exact_1_2,pc_score_binary,pull_request_merged,github_outcomes,FALSE,split_period1,high,observed,-11,9.16723274446583,5.69694073343494,-1.99877109306665,20.3332365819983
exact_1_2,pc_score_binary,pull_request_merged,github_outcomes,FALSE,split_period1,high,observed,-10,13.3068222157409,5.43304061194431,2.65806261633008,23.9555818151518
exact_1_2,pc_score_binary,pull_request_merged,github_outcomes,FALSE,split_period1,high,observed,-9,10.5220585077369,4.3768677665326,1.94339768533305,19.1007193301408
exact_1_2,pc_score_binary,pull_request_merged,github_outcomes,FALSE,split_period1,high,observed,-8,7.24103084945824,3.98315049167851,-0.565944114231643,15.0480058131481
exact_1_2,pc_score_binary,pull_request_merged,github_outcomes,FALSE,split_period1,high,observed,-7,5.77877935927881,3.64405905051784,-1.36357637973615,12.9211350982938
exact_1_2,pc_score_binary,pull_request_merged,github_outcomes,FALSE,split_period1,high,observed,-6,4.19585624251527,3.3087525430004,-2.28929874176551,10.6810112267961
exact_1_2,pc_score_binary,pull_request_merged,github_outcomes,FALSE,split_period1,high,observed,-5,4.77259441107117,2.68682564436572,-0.49358385188563,10.038772674028
exact_1_2,pc_score_binary,pull_request_merged,github_outcomes,FALSE,split_period1,high,observed,-4,3.32041970334028,2.18035012528471,-0.953066542217758,7.59390594889832
exact_1_2,pc_score_binary,pull_request_merged,github_outcomes,FALSE,split_period1,high,observed,-3,2.01703830021812,1.69690914949628,-1.3089036327946,5.34298023323084
exact_1_2,pc_score_binary,pull_request_merged,github_outcomes,FALSE,split_period1,high,observed,-2,2.05110659574334,1.29504305819524,-0.48717779831934,4.58939098980602
exact_1_2,pc_score_binary,pull_request_merged,github_outcomes,FALSE,split_period1,high,observed,-1,0,0,0,0
exact_1_2,pc_score_binary,pull_request_merged,github_outcomes,FALSE,split_period1,high,observed,0,0.929985980335842,1.27752351412751,-1.57396010735408,3.43393206802577
exact_1_2,pc_score_binary,pull_request_merged,github_outcomes,FALSE,split_period1,high,observed,1,1.2470271572078,2.00636008803767,-2.68543861534604,5.17949292976163
exact_1_2,pc_score_binary,pull_request_merged,github_outcomes,FALSE,split_period1,high,observed,2,-0.430405202404476,2.36078773156474,-5.05754915627137,4.19673875146241
exact_1_2,pc_score_binary,pull_request_merged,github_outcomes,FALSE,split_period1,high,observed,3,-1.69143798507054,3.23847395926046,-8.03884694522105,4.65597097507997
exact_1_2,pc_score_binary,pull_request_merged,github_outcomes,FALSE,split_period1,high,observed,4,-1.50077831702607,3.80078292887543,-8.95031285762191,5.94875622356978
exact_1_2,pc_score_binary,pull_request_merged,github_outcomes,FALSE,split_period1,high,observed,5,0.35089573565988,3.9371693472718,-7.36595618499285,8.06774765631261
exact_1_2,pc_score_binary,pull_request_merged,github_outcomes,FALSE,split_period1,high,observed,6,0.373686360165829,4.78091577558316,-8.99690855997717,9.74428128030882
exact_1_2,pc_score_binary,pull_request_merged,github_outcomes,FALSE,split_period1,high,observed,7,1.31770617947454,5.08517720556046,-8.64924114342396,11.284653502373
exact_1_2,pc_score_binary,pull_request_merged,github_outcomes,FALSE,split_period1,high,observed,8,6.31413035333103,5.72212052399504,-4.90122587369925,17.5294865803613
exact_1_2,pc_score_binary,pull_request_merged,github_outcomes,FALSE,split_period1,high,observed,9,4.09224323265014,6.4075111528437,-8.4664786269235,16.6509650922238
exact_1_2,pc_score_binary,pull_request_merged,github_outcomes,FALSE,split_period1,high,observed,10,0.0108964335815938,5.61576720445771,-10.9960072871555,11.0178001543187
exact_1_2,pc_score_binary,pull_request_merged,github_outcomes,FALSE,split_period1,high,observed,11,8.03136611591119,5.12707252508486,-2.01769603325513,18.0804282650775
exact_1_2,pc_score_binary,pull_request_merged,github_outcomes,FALSE,split_period1,low,observed,-15,8.82138390094616,4.49646171257043,0.00831894430812419,17.6344488575842
exact_1_2,pc_score_binary,pull_request_merged,github_outcomes,FALSE,split_period1,low,observed,-14,3.36936371617439,7.79088911455897,-11.9007789483612,18.63950638071
exact_1_2,pc_score_binary,pull_request_merged,github_outcomes,FALSE,split_period1,low,observed,-13,-0.573213393594397,6.34602517242117,-13.0114227315399,11.8649959443511
exact_1_2,pc_score_binary,pull_request_merged,github_outcomes,FALSE,split_period1,low,observed,-12,-1.31446685756094,6.76791326681623,-14.5795768605208,11.9506431453989
exact_1_2,pc_score_binary,pull_request_merged,github_outcomes,FALSE,split_period1,low,observed,-11,-0.013054775427924,6.0566879516886,-11.8841631607376,11.8580536098817
exact_1_2,pc_score_binary,pull_request_merged,github_outcomes,FALSE,split_period1,low,observed,-10,-0.547488383444168,5.80759918891224,-11.9303827937122,10.8354060268238
exact_1_2,pc_score_binary,pull_request_merged,github_outcomes,FALSE,split_period1,low,observed,-9,-2.07259152383026,5.45915115089556,-12.7725277795856,8.62734473192504
exact_1_2,pc_score_binary,pull_request_merged,github_outcomes,FALSE,split_period1,low,observed,-8,3.83673888102724,4.7276459335015,-5.42944714863571,13.1029249106902
exact_1_2,pc_score_binary,pull_request_merged,github_outcomes,FALSE,split_period1,low,observed,-7,3.76858224895676,4.43423194983097,-4.92251237271194,12.4596768706255
exact_1_2,pc_score_binary,pull_request_merged,github_outcomes,FALSE,split_period1,low,observed,-6,4.43860872859104,3.77698884051254,-2.96428939881353,11.8415068559956
exact_1_2,pc_score_binary,pull_request_merged,github_outcomes,FALSE,split_period1,low,observed,-5,3.17899917581381,3.2454290820824,-3.18204182506769,9.54004017669532
exact_1_2,pc_score_binary,pull_request_merged,github_outcomes,FALSE,split_period1,low,observed,-4,3.47471206630152,2.66785071631623,-1.7542753376783,8.70369947028134
exact_1_2,pc_score_binary,pull_request_merged,github_outcomes,FALSE,split_period1,low,observed,-3,2.48813834341686,2.25070420837146,-1.92324190499119,6.89951859182492
exact_1_2,pc_score_binary,pull_request_merged,github_outcomes,FALSE,split_period1,low,observed,-2,3.37943235246448,1.52737552382319,0.385776325771028,6.37308837915793
exact_1_2,pc_score_binary,pull_request_merged,github_outcomes,FALSE,split_period1,low,observed,-1,0,0,0,0
exact_1_2,pc_score_binary,pull_request_merged,github_outcomes,FALSE,split_period1,low,observed,0,-5.91354126952304,1.73705158974857,-9.31816238543025,-2.50892015361583
exact_1_2,pc_score_binary,pull_request_merged,github_outcomes,FALSE,split_period1,low,observed,1,-12.5114540220431,3.3582758316017,-19.0936746519824,-5.9292333921038
exact_1_2,pc_score_binary,pull_request_merged,github_outcomes,FALSE,split_period1,low,observed,2,-14.1940001956675,4.70031705742252,-23.4066216282156,-4.98137876311936
exact_1_2,pc_score_binary,pull_request_merged,github_outcomes,FALSE,split_period1,low,observed,3,-14.0238736784891,5.82158105138826,-25.4341725392101,-2.61357481776816
exact_1_2,pc_score_binary,pull_request_merged,github_outcomes,FALSE,split_period1,low,observed,4,-15.2024044302791,6.93958305879091,-28.8039872255093,-1.60082163504895
exact_1_2,pc_score_binary,pull_request_merged,github_outcomes,FALSE,split_period1,low,observed,5,-15.1104464828429,7.81992528219688,-30.4375000359488,0.216607070262951
exact_1_2,pc_score_binary,pull_request_merged,github_outcomes,FALSE,split_period1,low,observed,6,-18.5873032051307,8.89194539204335,-36.0155161735356,-1.15909023672569
exact_1_2,pc_score_binary,pull_request_merged,github_outcomes,FALSE,split_period1,low,observed,7,-15.9850344189676,9.56232593116177,-34.7271932440447,2.75712440610948
exact_1_2,pc_score_binary,pull_request_merged,github_outcomes,FALSE,split_period1,low,observed,8,-19.771306783667,10.356973890619,-40.0709756092802,0.528362041946174
exact_1_2,pc_score_binary,pull_request_merged,github_outcomes,FALSE,split_period1,low,observed,9,-16.0100135174901,10.4839220234507,-36.5585006834536,4.53847364847331
exact_1_2,pc_score_binary,pull_request_merged,github_outcomes,FALSE,split_period1,low,observed,10,-22.5886772528773,12.6073609097458,-47.2991046359791,2.12175013022451
exact_1_2,pc_score_binary,pull_request_merged,github_outcomes,FALSE,split_period1,low,observed,11,-31.7720948559623,19.3773649830309,-69.7517302227029,6.20754051077821
exact_1_2,pc_score_binary,overall_new_release_count,downstream_outcomes,FALSE,split_period1,high,observed,-15,5.28563648947086,2.00974873657003,1.34652896579359,9.22474401314813
exact_1_2,pc_score_binary,overall_new_release_count,downstream_outcomes,FALSE,split_period1,high,observed,-14,5.86673977383087,1.84674418037347,2.24712118029887,9.48635836736287
exact_1_2,pc_score_binary,overall_new_release_count,downstream_outcomes,FALSE,split_period1,high,observed,-13,5.6995658778247,1.71174028951544,2.34455491037443,9.05457684527497
exact_1_2,pc_score_binary,overall_new_release_count,downstream_outcomes,FALSE,split_period1,high,observed,-12,4.53908754258622,1.42560434638614,1.74490302366938,7.33327206150306
exact_1_2,pc_score_binary,overall_new_release_count,downstream_outcomes,FALSE,split_period1,high,observed,-11,4.85857217225212,1.4350930360049,2.04578982168252,7.67135452282172
exact_1_2,pc_score_binary,overall_new_release_count,downstream_outcomes,FALSE,split_period1,high,observed,-10,4.43110882799013,1.32363127118179,1.83679153647381,7.02542611950645
exact_1_2,pc_score_binary,overall_new_release_count,downstream_outcomes,FALSE,split_period1,high,observed,-9,3.60339499118163,1.26646088313125,1.12113166024438,6.08565832211889
exact_1_2,pc_score_binary,overall_new_release_count,downstream_outcomes,FALSE,split_period1,high,observed,-8,3.45201573439603,1.35942673646515,0.787539330924344,6.11649213786772
exact_1_2,pc_score_binary,overall_new_release_count,downstream_outcomes,FALSE,split_period1,high,observed,-7,2.83803566903857,1.23856205489851,0.410454041437493,5.26561729663965
exact_1_2,pc_score_binary,overall_new_release_count,downstream_outcomes,FALSE,split_period1,high,observed,-6,2.46328067567077,1.18563289750979,0.139440196551575,4.78712115478996
exact_1_2,pc_score_binary,overall_new_release_count,downstream_outcomes,FALSE,split_period1,high,observed,-5,1.54054923701952,1.00049551765006,-0.420421977574605,3.50152045161364
exact_1_2,pc_score_binary,overall_new_release_count,downstream_outcomes,FALSE,split_period1,high,observed,-4,1.67665122899029,0.89081387027588,-0.069343956750437,3.42264641473101
exact_1_2,pc_score_binary,overall_new_release_count,downstream_outcomes,FALSE,split_period1,high,observed,-3,1.66150420366141,0.746344849618683,0.198668298408789,3.12434010891402
exact_1_2,pc_score_binary,overall_new_release_count,downstream_outcomes,FALSE,split_period1,high,observed,-2,0.751935771551291,0.375192603788744,0.016558268125352,1.48731327497723
exact_1_2,pc_score_binary,overall_new_release_count,downstream_outcomes,FALSE,split_period1,high,observed,-1,0,0,0,0
exact_1_2,pc_score_binary,overall_new_release_count,downstream_outcomes,FALSE,split_period1,high,observed,0,-0.530905796950758,0.548284393114114,-1.60554320745442,0.543731613552905
exact_1_2,pc_score_binary,overall_new_release_count,downstream_outcomes,FALSE,split_period1,high,observed,1,-0.588824566606603,0.829584171670111,-2.21480954308002,1.03716040986681
exact_1_2,pc_score_binary,overall_new_release_count,downstream_outcomes,FALSE,split_period1,high,observed,2,0.000612621397611216,0.936886704035685,-1.83568531851233,1.83691056130755
exact_1_2,pc_score_binary,overall_new_release_count,downstream_outcomes,FALSE,split_period1,high,observed,3,0.355616414942972,1.1759999965324,-1.94934357826053,2.66057640814648
exact_1_2,pc_score_binary,overall_new_release_count,downstream_outcomes,FALSE,split_period1,high,observed,4,0.952386841106847,1.37302652818761,-1.73874515414087,3.64351883635456
exact_1_2,pc_score_binary,overall_new_release_count,downstream_outcomes,FALSE,split_period1,high,observed,5,1.21183518186637,1.44212540723759,-1.6147306163193,4.03840098005205
exact_1_2,pc_score_binary,overall_new_release_count,downstream_outcomes,FALSE,split_period1,high,observed,6,0.765726530450018,1.79980230316884,-2.7618859837609,4.29333904466094
exact_1_2,pc_score_binary,overall_new_release_count,downstream_outcomes,FALSE,split_period1,high,observed,7,0.572171472755646,1.93439865575685,-3.21924989252777,4.36359283803907
exact_1_2,pc_score_binary,overall_new_release_count,downstream_outcomes,FALSE,split_period1,high,observed,8,0.514762413788934,2.0783544118536,-3.55881223344412,4.58833706102199
exact_1_2,pc_score_binary,overall_new_release_count,downstream_outcomes,FALSE,split_period1,high,observed,9,-0.922582722256273,2.10777395516766,-5.05381967438489,3.20865422987234
exact_1_2,pc_score_binary,overall_new_release_count,downstream_outcomes,FALSE,split_period1,high,observed,10,-1.89172778424923,2.32475556950173,-6.44824870047261,2.66479313197415
exact_1_2,pc_score_binary,overall_new_release_count,downstream_outcomes,FALSE,split_period1,high,observed,11,-1.5949436746371,2.00034522992903,-5.51562032529799,2.3257329760238
exact_1_2,pc_score_binary,overall_new_release_count,downstream_outcomes,FALSE,split_period1,low,observed,-15,2.43771266680221,1.08914200251033,0.302994341881958,4.57243099172245
exact_1_2,pc_score_binary,overall_new_release_count,downstream_outcomes,FALSE,split_period1,low,observed,-14,1.7429430623258,0.928051284461798,-0.0760374552193233,3.56192357987093
exact_1_2,pc_score_binary,overall_new_release_count,downstream_outcomes,FALSE,split_period1,low,observed,-13,1.41864833239059,0.913691516124004,-0.372187039212454,3.20948370399364
exact_1_2,pc_score_binary,overall_new_release_count,downstream_outcomes,FALSE,split_period1,low,observed,-12,0.368854307102814,0.941182824760588,-1.47586402942794,2.21357264363357
exact_1_2,pc_score_binary,overall_new_release_count,downstream_outcomes,FALSE,split_period1,low,observed,-11,0.165852166528662,0.903252490606713,-1.6045227150605,1.93622704811782
exact_1_2,pc_score_binary,overall_new_release_count,downstream_outcomes,FALSE,split_period1,low,observed,-10,-0.678272054767636,1.25816678819149,-3.14427895962296,1.78773485008769
exact_1_2,pc_score_binary,overall_new_release_count,downstream_outcomes,FALSE,split_period1,low,observed,-9,-1.56596510732707,1.52921014630141,-4.56321699407783,1.43128677942369
exact_1_2,pc_score_binary,overall_new_release_count,downstream_outcomes,FALSE,split_period1,low,observed,-8,-1.13731685634097,1.61686816711435,-4.30637846388511,2.03174475120316
exact_1_2,pc_score_binary,overall_new_release_count,downstream_outcomes,FALSE,split_period1,low,observed,-7,-1.81932240606449,1.70730444971833,-5.16563912751241,1.52699431538343
exact_1_2,pc_score_binary,overall_new_release_count,downstream_outcomes,FALSE,split_period1,low,observed,-6,-1.58854008149518,1.59812032603554,-4.72085592052484,1.54377575753448
exact_1_2,pc_score_binary,overall_new_release_count,downstream_outcomes,FALSE,split_period1,low,observed,-5,-1.94774948856274,1.77327773686683,-5.42337385282172,1.52787487569624
exact_1_2,pc_score_binary,overall_new_release_count,downstream_outcomes,FALSE,split_period1,low,observed,-4,-1.86023312104191,1.73339569970016,-5.25768869245422,1.5372224503704
exact_1_2,pc_score_binary,overall_new_release_count,downstream_outcomes,FALSE,split_period1,low,observed,-3,-2.29341177971253,1.58296749126112,-5.39602806258432,0.809204503159254
exact_1_2,pc_score_binary,overall_new_release_count,downstream_outcomes,FALSE,split_period1,low,observed,-2,-1.14273465178616,1.47658794668699,-4.03684702729266,1.75137772372035
exact_1_2,pc_score_binary,overall_new_release_count,downstream_outcomes,FALSE,split_period1,low,observed,-1,0,0,0,0
exact_1_2,pc_score_binary,overall_new_release_count,downstream_outcomes,FALSE,split_period1,low,observed,0,-1.8167966343813,0.631137058367625,-3.05382526878184,-0.579767999980756
exact_1_2,pc_score_binary,overall_new_release_count,downstream_outcomes,FALSE,split_period1,low,observed,1,-3.83592526275001,1.20265812420091,-6.1931351861838,-1.47871533931623
exact_1_2,pc_score_binary,overall_new_release_count,downstream_outcomes,FALSE,split_period1,low,observed,2,-4.17778939660784,1.38503444236852,-6.89245690365013,-1.46312188956555
exact_1_2,pc_score_binary,overall_new_release_count,downstream_outcomes,FALSE,split_period1,low,observed,3,-4.49836895668599,1.5244061942007,-7.48620509731936,-1.51053281605262
exact_1_2,pc_score_binary,overall_new_release_count,downstream_outcomes,FALSE,split_period1,low,observed,4,-4.87904625488937,1.50263827442085,-7.82421727275425,-1.9338752370245
exact_1_2,pc_score_binary,overall_new_release_count,downstream_outcomes,FALSE,split_period1,low,observed,5,-5.08300686493999,1.56562919208549,-8.15164008142754,-2.01437364845243
exact_1_2,pc_score_binary,overall_new_release_count,downstream_outcomes,FALSE,split_period1,low,observed,6,-6.49653176595029,1.89288658692402,-10.2065894763214,-2.7864740555792
exact_1_2,pc_score_binary,overall_new_release_count,downstream_outcomes,FALSE,split_period1,low,observed,7,-7.58248125667907,2.51264697341498,-12.5072693245724,-2.65769318878571
exact_1_2,pc_score_binary,overall_new_release_count,downstream_outcomes,FALSE,split_period1,low,observed,8,-8.93570416674023,3.91627931212167,-16.6116116184987,-1.25979671498176
exact_1_2,pc_score_binary,overall_new_release_count,downstream_outcomes,FALSE,split_period1,low,observed,9,-7.60891005318509,4.8795609527173,-17.172849520511,1.95502941414082
exact_1_2,pc_score_binary,overall_new_release_count,downstream_outcomes,FALSE,split_period1,low,observed,10,-14.4351196386932,10.7819124697838,-35.5676680794695,6.69742880208317
exact_1_2,pc_score_binary,overall_new_release_count,downstream_outcomes,FALSE,split_period1,low,observed,11,-31.3199314152287,24.0960210045993,-78.5481325842433,15.9082697537859
exact_1_2,pc_score_binary,pull_request_opened,github_outcomes,FALSE,split_period5,high,observed,-15,23.9401945466726,11.3707015424207,1.65361952352806,46.2267695698171
exact_1_2,pc_score_binary,pull_request_opened,github_outcomes,FALSE,split_period5,high,observed,-14,11.7722493918139,8.31013967154221,-4.51562436440881,28.0601231480367
exact_1_2,pc_score_binary,pull_request_opened,github_outcomes,FALSE,split_period5,high,observed,-13,12.8507259625869,7.83507818243902,-2.50602727499356,28.2074792001674
exact_1_2,pc_score_binary,pull_request_opened,github_outcomes,FALSE,split_period5,high,observed,-12,13.9721036087059,6.9551955452512,0.339920340013565,27.6042868773983
exact_1_2,pc_score_binary,pull_request_opened,github_outcomes,FALSE,split_period5,high,observed,-11,14.3469477013576,7.54995017014059,-0.450954632117941,29.1448500348332
exact_1_2,pc_score_binary,pull_request_opened,github_outcomes,FALSE,split_period5,high,observed,-10,17.6346415013859,8.04839255059797,1.85979210221391,33.409490900558
exact_1_2,pc_score_binary,pull_request_opened,github_outcomes,FALSE,split_period5,high,observed,-9,16.1605120362003,7.26852728540626,1.91419855680399,30.4068255155965
exact_1_2,pc_score_binary,pull_request_opened,github_outcomes,FALSE,split_period5,high,observed,-8,12.1476467604419,7.07266100276474,-1.71476880497704,26.0100623258608
exact_1_2,pc_score_binary,pull_request_opened,github_outcomes,FALSE,split_period5,high,observed,-7,9.61076126949589,6.62137877408595,-3.36714112771257,22.5886636667043
exact_1_2,pc_score_binary,pull_request_opened,github_outcomes,FALSE,split_period5,high,observed,-6,8.79859767651363,5.3584721759667,-1.70400778838111,19.3012031414084
exact_1_2,pc_score_binary,pull_request_opened,github_outcomes,FALSE,split_period5,high,observed,-5,7.80582632434361,3.96132519887274,0.0416289345530352,15.5700237141342
exact_1_2,pc_score_binary,pull_request_opened,github_outcomes,FALSE,split_period5,high,observed,-4,6.94302156269129,3.03263255463746,0.999061755601867,12.8869813697807
exact_1_2,pc_score_binary,pull_request_opened,github_outcomes,FALSE,split_period5,high,observed,-3,3.20930232483868,1.80404570453255,-0.326627256045116,6.74523190572247
exact_1_2,pc_score_binary,pull_request_opened,github_outcomes,FALSE,split_period5,high,observed,-2,3.92122667698722,1.17965960938852,1.60909384258572,6.23335951138873
exact_1_2,pc_score_binary,pull_request_opened,github_outcomes,FALSE,split_period5,high,observed,-1,0,0,0,0
exact_1_2,pc_score_binary,pull_request_opened,github_outcomes,FALSE,split_period5,high,observed,0,1.02390220432683,1.52535298154859,-1.96578963950841,4.01359404816207
exact_1_2,pc_score_binary,pull_request_opened,github_outcomes,FALSE,split_period5,high,observed,1,2.25861884756653,2.31114717814622,-2.27122962160007,6.78846731673312
exact_1_2,pc_score_binary,pull_request_opened,github_outcomes,FALSE,split_period5,high,observed,2,2.24452574631303,2.75934565448786,-3.16379173648318,7.65284322910925
exact_1_2,pc_score_binary,pull_request_opened,github_outcomes,FALSE,split_period5,high,observed,3,3.74465427157745,3.65877191611099,-3.42653868400008,10.915847227155
exact_1_2,pc_score_binary,pull_request_opened,github_outcomes,FALSE,split_period5,high,observed,4,5.05516274200442,4.11095511516013,-3.00230928370944,13.1126347677183
exact_1_2,pc_score_binary,pull_request_opened,github_outcomes,FALSE,split_period5,high,observed,5,8.99881236989321,4.80245888220443,-0.41400703922748,18.4116317790139
exact_1_2,pc_score_binary,pull_request_opened,github_outcomes,FALSE,split_period5,high,observed,6,9.44559595923341,5.77887589972627,-1.88100080423008,20.7721927226969
exact_1_2,pc_score_binary,pull_request_opened,github_outcomes,FALSE,split_period5,high,observed,7,10.1876940631845,6.63271320342742,-2.8124238155332,23.1878119419023
exact_1_2,pc_score_binary,pull_request_opened,github_outcomes,FALSE,split_period5,high,observed,8,13.9893561040943,8.98689248590511,-3.6249531682797,31.6036653764683
exact_1_2,pc_score_binary,pull_request_opened,github_outcomes,FALSE,split_period5,high,observed,9,11.8041642923642,9.54980821786091,-6.91345981464319,30.5217883993716
exact_1_2,pc_score_binary,pull_request_opened,github_outcomes,FALSE,split_period5,high,observed,10,3.48138719273222,6.04876820458089,-8.37419848824632,15.3369728737108
exact_1_2,pc_score_binary,pull_request_opened,github_outcomes,FALSE,split_period5,high,observed,11,6.97532172454292,5.94963644375716,-4.68596570522112,18.636609154307
exact_1_2,pc_score_binary,pull_request_opened,github_outcomes,FALSE,split_period5,low,observed,-14,6.53335859074793,9.52303127561875,-12.1317827094648,25.1984998909607
exact_1_2,pc_score_binary,pull_request_opened,github_outcomes,FALSE,split_period5,low,observed,-13,10.8906831627678,9.88215725684725,-8.47834506065282,30.2597113861884
exact_1_2,pc_score_binary,pull_request_opened,github_outcomes,FALSE,split_period5,low,observed,-12,9.73876388440765,9.42002867659655,-8.72449232172158,28.2020200905369
exact_1_2,pc_score_binary,pull_request_opened,github_outcomes,FALSE,split_period5,low,observed,-11,8.01569352018026,9.46112140094316,-10.5281044256683,26.5594914660289
exact_1_2,pc_score_binary,pull_request_opened,github_outcomes,FALSE,split_period5,low,observed,-10,9.39669377409785,10.6287163465622,-11.435590265164,30.2289778133598
exact_1_2,pc_score_binary,pull_request_opened,github_outcomes,FALSE,split_period5,low,observed,-9,11.3693494518839,10.6450918352269,-9.49503054516072,32.2337294489286
exact_1_2,pc_score_binary,pull_request_opened,github_outcomes,FALSE,split_period5,low,observed,-8,14.8030358706434,9.79876755645827,-4.40254854001477,34.0086202813017
exact_1_2,pc_score_binary,pull_request_opened,github_outcomes,FALSE,split_period5,low,observed,-7,14.0095969340524,8.22836722823894,-2.11800283329596,30.1371967014007
exact_1_2,pc_score_binary,pull_request_opened,github_outcomes,FALSE,split_period5,low,observed,-6,11.3601649492868,6.45720377553085,-1.29595445075364,24.0162843493273
exact_1_2,pc_score_binary,pull_request_opened,github_outcomes,FALSE,split_period5,low,observed,-5,8.76439513360478,4.82534278831646,-0.693276731495482,18.222066998705
exact_1_2,pc_score_binary,pull_request_opened,github_outcomes,FALSE,split_period5,low,observed,-4,6.72337672889128,3.37491455506725,0.108544200959465,13.3382092568231
exact_1_2,pc_score_binary,pull_request_opened,github_outcomes,FALSE,split_period5,low,observed,-3,6.3227483547303,3.07061364738527,0.304345605855175,12.3411511036054
exact_1_2,pc_score_binary,pull_request_opened,github_outcomes,FALSE,split_period5,low,observed,-2,4.9617617984097,1.89594020065897,1.24571900511811,8.67780459170128
exact_1_2,pc_score_binary,pull_request_opened,github_outcomes,FALSE,split_period5,low,observed,-1,0,0,0,0
exact_1_2,pc_score_binary,pull_request_opened,github_outcomes,FALSE,split_period5,low,observed,0,-6.8456025664848,1.806078136531,-10.3855157140856,-3.30568941888403
exact_1_2,pc_score_binary,pull_request_opened,github_outcomes,FALSE,split_period5,low,observed,1,-13.0500548761429,3.89890595569575,-20.6919105493066,-5.40819920297919
exact_1_2,pc_score_binary,pull_request_opened,github_outcomes,FALSE,split_period5,low,observed,2,-19.1242417722781,6.14938332016861,-31.1770330798086,-7.07145046474766
exact_1_2,pc_score_binary,pull_request_opened,github_outcomes,FALSE,split_period5,low,observed,3,-25.0015032457082,7.82013912892912,-40.3289759384093,-9.67403055300715
exact_1_2,pc_score_binary,pull_request_opened,github_outcomes,FALSE,split_period5,low,observed,4,-29.9996228109257,9.93400911938383,-49.470280684918,-10.5289649369334
exact_1_2,pc_score_binary,pull_request_opened,github_outcomes,FALSE,split_period5,low,observed,5,-32.2662906853218,11.0915343635505,-54.0056980378807,-10.5268833327629
exact_1_2,pc_score_binary,pull_request_opened,github_outcomes,FALSE,split_period5,low,observed,6,-35.4569094236753,12.6344422224975,-60.2204161797704,-10.6934026675803
exact_1_2,pc_score_binary,pull_request_opened,github_outcomes,FALSE,split_period5,low,observed,7,-33.3217439091172,14.2275374064212,-61.2077172257027,-5.43577059253172
exact_1_2,pc_score_binary,pull_request_opened,github_outcomes,FALSE,split_period5,low,observed,8,-33.0175622472832,14.6287534242672,-61.6899189588469,-4.34520553571955
exact_1_2,pc_score_binary,pull_request_opened,github_outcomes,FALSE,split_period5,low,observed,9,-35.5397355715005,15.1659672875871,-65.2650314551712,-5.8144396878298
exact_1_2,pc_score_binary,pull_request_opened,github_outcomes,FALSE,split_period5,low,observed,10,-39.3671399521499,16.1206554606039,-70.9636246549336,-7.77065524936616
exact_1_2,pc_score_binary,pull_request_opened,github_outcomes,FALSE,split_period5,low,observed,11,-38.4188884055582,17.7140862137166,-73.1384973844428,-3.69927942667366
exact_1_2,pc_score_binary,pull_request_merged,github_outcomes,FALSE,split_period5,high,observed,-15,10.3383207818977,7.22419077976312,-3.82109314643803,24.4977347102334
exact_1_2,pc_score_binary,pull_request_merged,github_outcomes,FALSE,split_period5,high,observed,-14,1.18494585155542,8.49094501550847,-15.4573063788412,17.827198081952
exact_1_2,pc_score_binary,pull_request_merged,github_outcomes,FALSE,split_period5,high,observed,-13,4.03741398114122,7.68014789654594,-11.0156758960888,19.0905038583713
exact_1_2,pc_score_binary,pull_request_merged,github_outcomes,FALSE,split_period5,high,observed,-12,6.85923935434328,6.24521840771035,-5.38138872476901,19.0998674334556
exact_1_2,pc_score_binary,pull_request_merged,github_outcomes,FALSE,split_period5,high,observed,-11,4.08709227308191,6.74808149084846,-9.13914744898106,17.3133319951449
exact_1_2,pc_score_binary,pull_request_merged,github_outcomes,FALSE,split_period5,high,observed,-10,6.66182499948325,5.41158086536713,-3.94487349663632,17.2685234956028
exact_1_2,pc_score_binary,pull_request_merged,github_outcomes,FALSE,split_period5,high,observed,-9,6.05866921992724,4.90611603391217,-3.55731820654061,15.6746566463951
exact_1_2,pc_score_binary,pull_request_merged,github_outcomes,FALSE,split_period5,high,observed,-8,3.76335429363495,4.40932640224059,-4.87892545475662,12.4056340420265
exact_1_2,pc_score_binary,pull_request_merged,github_outcomes,FALSE,split_period5,high,observed,-7,2.67738603706501,3.72548033900725,-4.6245554273892,9.97932750151923
exact_1_2,pc_score_binary,pull_request_merged,github_outcomes,FALSE,split_period5,high,observed,-6,4.09620462618692,3.35601195246794,-2.48157880065025,10.6739880530241
exact_1_2,pc_score_binary,pull_request_merged,github_outcomes,FALSE,split_period5,high,observed,-5,3.62199044494892,2.53625089206577,-1.34906130349999,8.59304219339784
exact_1_2,pc_score_binary,pull_request_merged,github_outcomes,FALSE,split_period5,high,observed,-4,3.81195555812605,2.20852977778538,-0.516762806333304,8.1406739225854
exact_1_2,pc_score_binary,pull_request_merged,github_outcomes,FALSE,split_period5,high,observed,-3,1.29235470110435,1.43519403762829,-1.5206256126471,4.1053350148558
exact_1_2,pc_score_binary,pull_request_merged,github_outcomes,FALSE,split_period5,high,observed,-2,2.56081651587392,0.987669034830197,0.624985207606733,4.4966478241411
exact_1_2,pc_score_binary,pull_request_merged,github_outcomes,FALSE,split_period5,high,observed,-1,0,0,0,0
exact_1_2,pc_score_binary,pull_request_merged,github_outcomes,FALSE,split_period5,high,observed,0,1.75397682821272,1.10197643772718,-0.405896989732563,3.91385064615799
exact_1_2,pc_score_binary,pull_request_merged,github_outcomes,FALSE,split_period5,high,observed,1,2.79590174813909,1.49428262771899,-0.132892202190129,5.7246956984683
exact_1_2,pc_score_binary,pull_request_merged,github_outcomes,FALSE,split_period5,high,observed,2,3.90099777487232,1.80132626499581,0.370398295480535,7.43159725426411
exact_1_2,pc_score_binary,pull_request_merged,github_outcomes,FALSE,split_period5,high,observed,3,7.27340523668201,2.51675481637657,2.34056579658393,12.2062446767801
exact_1_2,pc_score_binary,pull_request_merged,github_outcomes,FALSE,split_period5,high,observed,4,9.86970370906751,3.00667683687231,3.97661710879777,15.7627903093372
exact_1_2,pc_score_binary,pull_request_merged,github_outcomes,FALSE,split_period5,high,observed,5,13.3461964382098,3.61268125334153,6.26534118166035,20.4270516947592
exact_1_2,pc_score_binary,pull_request_merged,github_outcomes,FALSE,split_period5,high,observed,6,16.1921098093727,4.65046157065592,7.07720513088711,25.3070144878583
exact_1_2,pc_score_binary,pull_request_merged,github_outcomes,FALSE,split_period5,high,observed,7,17.5656849690602,5.27302559036861,7.23055481193771,27.9008151261827
exact_1_2,pc_score_binary,pull_request_merged,github_outcomes,FALSE,split_period5,high,observed,8,22.9217618279911,7.5661885154698,8.09203233767034,37.7514913183119
exact_1_2,pc_score_binary,pull_request_merged,github_outcomes,FALSE,split_period5,high,observed,9,19.4911697153419,7.22863475412204,5.32304559726268,33.6592938334211
exact_1_2,pc_score_binary,pull_request_merged,github_outcomes,FALSE,split_period5,high,observed,10,13.4358626440178,5.54580172093321,2.56609127098868,24.3056340170469
exact_1_2,pc_score_binary,pull_request_merged,github_outcomes,FALSE,split_period5,high,observed,11,17.9744991833966,5.55613727310347,7.08447012811379,28.8645282386794
exact_1_2,pc_score_binary,pull_request_merged,github_outcomes,FALSE,split_period5,low,observed,-14,5.19849086719247,8.45156213073141,-11.3665709090411,21.763552643426
exact_1_2,pc_score_binary,pull_request_merged,github_outcomes,FALSE,split_period5,low,observed,-13,3.83793332585115,6.2364518304899,-8.38551226190906,16.0613789136114
exact_1_2,pc_score_binary,pull_request_merged,github_outcomes,FALSE,split_period5,low,observed,-12,3.30062948115114,5.39250873275941,-7.2686876350573,13.8699465973596
exact_1_2,pc_score_binary,pull_request_merged,github_outcomes,FALSE,split_period5,low,observed,-11,1.50850574060154,5.95264714931265,-10.1586826720512,13.1756941532543
exact_1_2,pc_score_binary,pull_request_merged,github_outcomes,FALSE,split_period5,low,observed,-10,2.73426496650036,6.44331418627227,-9.89463083859329,15.363160771594
exact_1_2,pc_score_binary,pull_request_merged,github_outcomes,FALSE,split_period5,low,observed,-9,3.68926147211992,5.95780755729589,-7.98804134018001,15.3665642844199
exact_1_2,pc_score_binary,pull_request_merged,github_outcomes,FALSE,split_period5,low,observed,-8,7.26398203224642,5.78404027515037,-4.07273690704831,18.6007009715411
exact_1_2,pc_score_binary,pull_request_merged,github_outcomes,FALSE,split_period5,low,observed,-7,7.6642118239711,4.99411377627349,-2.12425117752495,17.4526748254671
exact_1_2,pc_score_binary,pull_request_merged,github_outcomes,FALSE,split_period5,low,observed,-6,6.2091528279033,4.04565031594901,-1.72032179135675,14.1386274471634
exact_1_2,pc_score_binary,pull_request_merged,github_outcomes,FALSE,split_period5,low,observed,-5,5.65789599228479,3.30148406950882,-0.813012783952505,12.1288047685221
exact_1_2,pc_score_binary,pull_request_merged,github_outcomes,FALSE,split_period5,low,observed,-4,4.23383863276379,2.42845312310491,-0.525929488521824,8.99360675404941
exact_1_2,pc_score_binary,pull_request_merged,github_outcomes,FALSE,split_period5,low,observed,-3,4.13405340389089,2.35239710098523,-0.476644914040155,8.74475172182193
exact_1_2,pc_score_binary,pull_request_merged,github_outcomes,FALSE,split_period5,low,observed,-2,3.62839720503329,1.49691342447939,0.694446893053692,6.5623475170129
exact_1_2,pc_score_binary,pull_request_merged,github_outcomes,FALSE,split_period5,low,observed,-1,0,0,0,0
exact_1_2,pc_score_binary,pull_request_merged,github_outcomes,FALSE,split_period5,low,observed,0,-5.68474046719501,1.47807550240435,-8.58176845190753,-2.78771248248249
exact_1_2,pc_score_binary,pull_request_merged,github_outcomes,FALSE,split_period5,low,observed,1,-11.4962135333862,3.14812761273558,-17.666543654348,-5.32588341242446
exact_1_2,pc_score_binary,pull_request_merged,github_outcomes,FALSE,split_period5,low,observed,2,-16.6968306831447,4.83843055256157,-26.1801545661654,-7.21350680012401
exact_1_2,pc_score_binary,pull_request_merged,github_outcomes,FALSE,split_period5,low,observed,3,-21.3670015768645,6.33803187444597,-33.7895440507786,-8.94445910295044
exact_1_2,pc_score_binary,pull_request_merged,github_outcomes,FALSE,split_period5,low,observed,4,-25.2856138957051,8.04376258751875,-41.0513885672419,-9.5198392241684
exact_1_2,pc_score_binary,pull_request_merged,github_outcomes,FALSE,split_period5,low,observed,5,-27.505308642082,8.803976292732,-44.7611021758367,-10.2495151083272
exact_1_2,pc_score_binary,pull_request_merged,github_outcomes,FALSE,split_period5,low,observed,6,-30.1419016208765,9.88034479959452,-49.5073774280817,-10.7764258136712
exact_1_2,pc_score_binary,pull_request_merged,github_outcomes,FALSE,split_period5,low,observed,7,-30.0586988660206,11.1502813233212,-51.9132502597302,-8.20414747231099
exact_1_2,pc_score_binary,pull_request_merged,github_outcomes,FALSE,split_period5,low,observed,8,-27.4359310999545,11.0621659454377,-49.1177763530125,-5.75408584689661
exact_1_2,pc_score_binary,pull_request_merged,github_outcomes,FALSE,split_period5,low,observed,9,-28.7952617674885,11.4676846091414,-51.2719236014057,-6.31859993357125
exact_1_2,pc_score_binary,pull_request_merged,github_outcomes,FALSE,split_period5,low,observed,10,-32.0018349998543,12.356428335689,-56.2204345378048,-7.78323546190382
exact_1_2,pc_score_binary,pull_request_merged,github_outcomes,FALSE,split_period5,low,observed,11,-31.1019137860172,13.6964625194954,-57.9469803242282,-4.25684724780623
exact_1_2,pc_score_binary,overall_new_release_count,downstream_outcomes,FALSE,split_period5,high,observed,-15,3.11214923492088,1.34441401132725,0.477097772719461,5.7472006971223
exact_1_2,pc_score_binary,overall_new_release_count,downstream_outcomes,FALSE,split_period5,high,observed,-14,3.08922388561597,1.0706709513371,0.990708820995246,5.18773895023669
exact_1_2,pc_score_binary,overall_new_release_count,downstream_outcomes,FALSE,split_period5,high,observed,-13,2.37351642757494,1.15251592046274,0.114585223467977,4.63244763168191
exact_1_2,pc_score_binary,overall_new_release_count,downstream_outcomes,FALSE,split_period5,high,observed,-12,2.2349045033954,1.02896663579058,0.218129897245864,4.25167910954493
exact_1_2,pc_score_binary,overall_new_release_count,downstream_outcomes,FALSE,split_period5,high,observed,-11,2.61029629425607,0.989912067009454,0.670068642917538,4.5505239455946
exact_1_2,pc_score_binary,overall_new_release_count,downstream_outcomes,FALSE,split_period5,high,observed,-10,1.77012034334288,1.29580869449448,-0.769664697866293,4.30990538455206
exact_1_2,pc_score_binary,overall_new_release_count,downstream_outcomes,FALSE,split_period5,high,observed,-9,1.56309525284551,1.21164223471639,-0.811723527198623,3.93791403288964
exact_1_2,pc_score_binary,overall_new_release_count,downstream_outcomes,FALSE,split_period5,high,observed,-8,1.55369241619405,1.19604955939066,-0.790564720211649,3.89794955259975
exact_1_2,pc_score_binary,overall_new_release_count,downstream_outcomes,FALSE,split_period5,high,observed,-7,0.567913090975719,1.02827001149927,-1.44749613156285,2.58332231351429
exact_1_2,pc_score_binary,overall_new_release_count,downstream_outcomes,FALSE,split_period5,high,observed,-6,0.383372317562102,0.917408036552411,-1.41474743408062,2.18149206920483
exact_1_2,pc_score_binary,overall_new_release_count,downstream_outcomes,FALSE,split_period5,high,observed,-5,-0.267368762068744,1.04218538307822,-2.31005211290205,1.77531458876456
exact_1_2,pc_score_binary,overall_new_release_count,downstream_outcomes,FALSE,split_period5,high,observed,-4,0.186492671690881,1.02036018083054,-1.81341328273698,2.18639862611874
exact_1_2,pc_score_binary,overall_new_release_count,downstream_outcomes,FALSE,split_period5,high,observed,-3,-0.556353382350051,0.816459534064273,-2.15661406911603,1.04390730441592
exact_1_2,pc_score_binary,overall_new_release_count,downstream_outcomes,FALSE,split_period5,high,observed,-2,0.512213577552266,0.670689192237816,-0.802337239233854,1.82676439433839
exact_1_2,pc_score_binary,overall_new_release_count,downstream_outcomes,FALSE,split_period5,high,observed,-1,0,0,0,0
exact_1_2,pc_score_binary,overall_new_release_count,downstream_outcomes,FALSE,split_period5,high,observed,0,-0.0606614003897639,0.342320875536632,-0.731610316441563,0.610287515662036
exact_1_2,pc_score_binary,overall_new_release_count,downstream_outcomes,FALSE,split_period5,high,observed,1,-0.271089960903584,0.567301635845634,-1.38300116716103,0.84082124535386
exact_1_2,pc_score_binary,overall_new_release_count,downstream_outcomes,FALSE,split_period5,high,observed,2,0.221839313479453,0.837800815574935,-1.42025028504742,1.86392891200633
exact_1_2,pc_score_binary,overall_new_release_count,downstream_outcomes,FALSE,split_period5,high,observed,3,0.610455035179416,1.22654074787485,-1.79356483065528,3.01447490101411
exact_1_2,pc_score_binary,overall_new_release_count,downstream_outcomes,FALSE,split_period5,high,observed,4,0.774367589037648,1.33252340468403,-1.83737828414306,3.38611346221835
exact_1_2,pc_score_binary,overall_new_release_count,downstream_outcomes,FALSE,split_period5,high,observed,5,1.22885862899066,1.36027425378255,-1.43727890842313,3.89499616640445
exact_1_2,pc_score_binary,overall_new_release_count,downstream_outcomes,FALSE,split_period5,high,observed,6,0.539518667067117,1.5916800435699,-2.58017421832988,3.65921155246412
exact_1_2,pc_score_binary,overall_new_release_count,downstream_outcomes,FALSE,split_period5,high,observed,7,-0.32086994961348,1.85845109074178,-3.96343408746736,3.3216941882404
exact_1_2,pc_score_binary,overall_new_release_count,downstream_outcomes,FALSE,split_period5,high,observed,8,1.21997882003867,1.44161954622791,-1.60559549056803,4.04555313064537
exact_1_2,pc_score_binary,overall_new_release_count,downstream_outcomes,FALSE,split_period5,high,observed,9,2.4006212617969,2.32841585703647,-2.16307381799458,6.96431634158839
exact_1_2,pc_score_binary,overall_new_release_count,downstream_outcomes,FALSE,split_period5,high,observed,10,2.48894671627796,2.23282921565373,-1.88739854640336,6.86529197895928
exact_1_2,pc_score_binary,overall_new_release_count,downstream_outcomes,FALSE,split_period5,high,observed,11,-0.816932555532079,1.54468221017409,-3.84450968747329,2.21064457640913
exact_1_2,pc_score_binary,overall_new_release_count,downstream_outcomes,FALSE,split_period5,low,observed,-14,3.09768063073765,1.42508862072702,0.304506934112696,5.89085432736261
exact_1_2,pc_score_binary,overall_new_release_count,downstream_outcomes,FALSE,split_period5,low,observed,-13,2.95873372847877,1.4410785658284,0.1342197394551,5.78324771750245
exact_1_2,pc_score_binary,overall_new_release_count,downstream_outcomes,FALSE,split_period5,low,observed,-12,2.31134538709628,1.19201864751765,-0.0250111620383153,4.64770193623088
exact_1_2,pc_score_binary,overall_new_release_count,downstream_outcomes,FALSE,split_period5,low,observed,-11,2.05279510095119,1.11658826438139,-0.135717897236331,4.24130809913871
exact_1_2,pc_score_binary,overall_new_release_count,downstream_outcomes,FALSE,split_period5,low,observed,-10,1.85724359758927,1.08856642101087,-0.276346587592037,3.99083378277057
exact_1_2,pc_score_binary,overall_new_release_count,downstream_outcomes,FALSE,split_period5,low,observed,-9,0.765584701119297,1.28616158869213,-1.75529201271727,3.28646141495587
exact_1_2,pc_score_binary,overall_new_release_count,downstream_outcomes,FALSE,split_period5,low,observed,-8,0.823512618113848,1.4002675826709,-1.92101184392112,3.56803708014881
exact_1_2,pc_score_binary,overall_new_release_count,downstream_outcomes,FALSE,split_period5,low,observed,-7,0.503162771774531,1.45192253855784,-2.34260540379883,3.34893094734789
exact_1_2,pc_score_binary,overall_new_release_count,downstream_outcomes,FALSE,split_period5,low,observed,-6,0.439730879725938,1.50352647163387,-2.50718100467644,3.38664276412832
exact_1_2,pc_score_binary,overall_new_release_count,downstream_outcomes,FALSE,split_period5,low,observed,-5,-0.179412697332914,1.54528934812998,-3.20817981966767,2.84935442500185
exact_1_2,pc_score_binary,overall_new_release_count,downstream_outcomes,FALSE,split_period5,low,observed,-4,-0.0354567134237131,1.50502146676113,-2.98529878827553,2.91438536142811
exact_1_2,pc_score_binary,overall_new_release_count,downstream_outcomes,FALSE,split_period5,low,observed,-3,0.101334628933655,1.41507096418846,-2.67220446087573,2.87487371874304
exact_1_2,pc_score_binary,overall_new_release_count,downstream_outcomes,FALSE,split_period5,low,observed,-2,-0.305891264458933,1.26632003518927,-2.78787853342991,2.17609600451204
exact_1_2,pc_score_binary,overall_new_release_count,downstream_outcomes,FALSE,split_period5,low,observed,-1,0,0,0,0
exact_1_2,pc_score_binary,overall_new_release_count,downstream_outcomes,FALSE,split_period5,low,observed,0,-1.95151052193544,0.660411374022436,-3.24591681501942,-0.657104228851465
exact_1_2,pc_score_binary,overall_new_release_count,downstream_outcomes,FALSE,split_period5,low,observed,1,-3.71680495700858,1.21682621875306,-6.10178434576458,-1.33182556825258
exact_1_2,pc_score_binary,overall_new_release_count,downstream_outcomes,FALSE,split_period5,low,observed,2,-4.02569143043855,1.33057820008345,-6.6336247026021,-1.41775815827499
exact_1_2,pc_score_binary,overall_new_release_count,downstream_outcomes,FALSE,split_period5,low,observed,3,-4.3827702347864,1.35550346457529,-7.03955702535396,-1.72598344421883
exact_1_2,pc_score_binary,overall_new_release_count,downstream_outcomes,FALSE,split_period5,low,observed,4,-4.56116878551104,1.36300071927543,-7.23265019529088,-1.8896873757312
exact_1_2,pc_score_binary,overall_new_release_count,downstream_outcomes,FALSE,split_period5,low,observed,5,-4.9740489183613,1.48142671507654,-7.87764527991132,-2.07045255681128
exact_1_2,pc_score_binary,overall_new_release_count,downstream_outcomes,FALSE,split_period5,low,observed,6,-5.84488728094185,1.72930366205853,-9.23432245857657,-2.45545210330713
exact_1_2,pc_score_binary,overall_new_release_count,downstream_outcomes,FALSE,split_period5,low,observed,7,-6.42354303002011,2.1760631920187,-10.6886268863768,-2.15845917366346
exact_1_2,pc_score_binary,overall_new_release_count,downstream_outcomes,FALSE,split_period5,low,observed,8,-7.16293499564292,2.49384513027539,-12.0508714509827,-2.27499854030316
exact_1_2,pc_score_binary,overall_new_release_count,downstream_outcomes,FALSE,split_period5,low,observed,9,-9.56923668427505,3.71654511978978,-16.853665119063,-2.28480824948708
exact_1_2,pc_score_binary,overall_new_release_count,downstream_outcomes,FALSE,split_period5,low,observed,10,-14.4508795831507,6.74560363299062,-27.6722627038123,-1.22949646248905
exact_1_2,pc_score_binary,overall_new_release_count,downstream_outcomes,FALSE,split_period5,low,observed,11,-19.9596163794452,13.0055525231923,-45.450499324902,5.53126656601166
