importance_type,rolling,qualified_sample,control_group,split_type,split_covar,split_value,category,outcome,normalize,method,event_time,estimate,sd,ci_low,ci_high
important_degree_top3,rolling5,exact1,nevertreated,full_sample,"","",github_outcomes,pull_request_opened,TRUE,sa,-15,-0.997725402881548,0.812780264280264,-2.59077472087086,0.595323915107769
important_degree_top3,rolling5,exact1,nevertreated,full_sample,"","",github_outcomes,pull_request_opened,TRUE,sa,-14,-0.486267723995521,0.677510060621427,-1.81418744281352,0.841651994822476
important_degree_top3,rolling5,exact1,nevertreated,full_sample,"","",github_outcomes,pull_request_opened,TRUE,sa,-13,1.00524929226806,0.522151611319626,-0.0181678659184088,2.02866645045452
important_degree_top3,rolling5,exact1,nevertreated,full_sample,"","",github_outcomes,pull_request_opened,TRUE,sa,-12,0.00153082687590461,0.359306685765105,-0.702710277223702,0.705771930975511
important_degree_top3,rolling5,exact1,nevertreated,full_sample,"","",github_outcomes,pull_request_opened,TRUE,sa,-11,0.765204528164798,0.494544739584491,-0.204103161420805,1.7345122177504
important_degree_top3,rolling5,exact1,nevertreated,full_sample,"","",github_outcomes,pull_request_opened,TRUE,sa,-10,0.619050750191181,0.393685229218968,-0.152572299077997,1.39067379946036
important_degree_top3,rolling5,exact1,nevertreated,full_sample,"","",github_outcomes,pull_request_opened,TRUE,sa,-9,0.861159428220801,0.45696247062035,-0.0344870141950857,1.75680587063669
important_degree_top3,rolling5,exact1,nevertreated,full_sample,"","",github_outcomes,pull_request_opened,TRUE,sa,-8,0.480201244562754,0.325857080615481,-0.158478633443589,1.1188811225691
important_degree_top3,rolling5,exact1,nevertreated,full_sample,"","",github_outcomes,pull_request_opened,TRUE,sa,-7,0.714505384040586,0.292700751641861,0.140811910822537,1.28819885725863
important_degree_top3,rolling5,exact1,nevertreated,full_sample,"","",github_outcomes,pull_request_opened,TRUE,sa,-6,0.643155795164545,0.238381490068701,0.175928074629891,1.1103835156992
important_degree_top3,rolling5,exact1,nevertreated,full_sample,"","",github_outcomes,pull_request_opened,TRUE,sa,-5,0.248325538002611,0.147430773390964,-0.0406387778436784,0.5372898538489
important_degree_top3,rolling5,exact1,nevertreated,full_sample,"","",github_outcomes,pull_request_opened,TRUE,sa,-4,0.198875640199914,0.134173989117733,-0.0641053784708419,0.46185665887067
important_degree_top3,rolling5,exact1,nevertreated,full_sample,"","",github_outcomes,pull_request_opened,TRUE,sa,-3,0.201445957227667,0.134530264141817,-0.0622333604902939,0.465125274945627
important_degree_top3,rolling5,exact1,nevertreated,full_sample,"","",github_outcomes,pull_request_opened,TRUE,sa,-2,0.28308258137115,0.116833932627806,0.0540880734206503,0.51207708932165
important_degree_top3,rolling5,exact1,nevertreated,full_sample,"","",github_outcomes,pull_request_opened,TRUE,sa,-1,0,0,0,0
important_degree_top3,rolling5,exact1,nevertreated,full_sample,"","",github_outcomes,pull_request_opened,TRUE,sa,0,-0.00679987652349316,0.194617941966164,-0.388251042777174,0.374651289730188
important_degree_top3,rolling5,exact1,nevertreated,full_sample,"","",github_outcomes,pull_request_opened,TRUE,sa,1,-0.399966586953254,0.188453459417468,-0.76933536741149,-0.0305978064950174
important_degree_top3,rolling5,exact1,nevertreated,full_sample,"","",github_outcomes,pull_request_opened,TRUE,sa,2,-0.494650591545065,0.205563212676527,-0.897554488391058,-0.0917466946990724
important_degree_top3,rolling5,exact1,nevertreated,full_sample,"","",github_outcomes,pull_request_opened,TRUE,sa,3,-0.691705786076587,0.187267436598802,-1.05874996181024,-0.324661610342935
important_degree_top3,rolling5,exact1,nevertreated,full_sample,"","",github_outcomes,pull_request_opened,TRUE,sa,4,-0.656907400533509,0.227787712120941,-1.10337131629055,-0.210443484776466
important_degree_top3,rolling5,exact1,nevertreated,full_sample,"","",github_outcomes,pull_request_opened,TRUE,sa,5,-0.775832481573395,0.229060824071597,-1.22479169675372,-0.326873266393066
important_degree_top3,rolling5,exact1,nevertreated,full_sample,"","",github_outcomes,pull_request_opened,TRUE,sa,6,-0.746468049371916,0.312382155461781,-1.35873707407701,-0.134199024666824
important_degree_top3,rolling5,exact1,nevertreated,full_sample,"","",github_outcomes,pull_request_opened,TRUE,sa,7,-0.945844000445203,0.290904988740581,-1.51601777837674,-0.375670222513664
important_degree_top3,rolling5,exact1,nevertreated,full_sample,"","",github_outcomes,pull_request_opened,TRUE,sa,8,-1.19495035607138,0.31574180547678,-1.81380429480587,-0.57609641733689
important_degree_top3,rolling5,exact1,nevertreated,full_sample,"","",github_outcomes,pull_request_opened,TRUE,sa,9,-1.12700102871182,0.43717544754558,-1.98386490590116,-0.270137151522484
important_degree_top3,rolling5,exact1,nevertreated,full_sample,"","",github_outcomes,pull_request_opened,TRUE,sa,10,-1.01351692657385,0.42136956255346,-1.83940126917863,-0.187632583969071
important_degree_top3,rolling5,exact1,nevertreated,full_sample,"","",github_outcomes,pull_request_opened,TRUE,sa,11,-1.45340882380188,0.552698500663021,-2.5366978851014,-0.37011976250236
important_degree_top3,rolling5,exact1,nevertreated,full_sample,"","",github_outcomes,pull_request_opened,FALSE,sa,-15,11.9023162528624,6.89072126861896,-1.60349743363077,25.4081299393556
important_degree_top3,rolling5,exact1,nevertreated,full_sample,"","",github_outcomes,pull_request_opened,FALSE,sa,-14,7.26357035247843,5.07632824994891,-2.68603301742143,17.2131737223783
important_degree_top3,rolling5,exact1,nevertreated,full_sample,"","",github_outcomes,pull_request_opened,FALSE,sa,-13,11.5998779319057,4.82226411154256,2.14824027328222,21.0515155905291
important_degree_top3,rolling5,exact1,nevertreated,full_sample,"","",github_outcomes,pull_request_opened,FALSE,sa,-12,12.3798548023642,6.95506386560706,-1.25207037422563,26.0117799789541
important_degree_top3,rolling5,exact1,nevertreated,full_sample,"","",github_outcomes,pull_request_opened,FALSE,sa,-11,21.5348095420074,10.3351280906468,1.27795848433965,41.7916605996752
important_degree_top3,rolling5,exact1,nevertreated,full_sample,"","",github_outcomes,pull_request_opened,FALSE,sa,-10,21.1599624263371,11.5933607401021,-1.56302462426307,43.8829494769373
important_degree_top3,rolling5,exact1,nevertreated,full_sample,"","",github_outcomes,pull_request_opened,FALSE,sa,-9,23.4726507872012,12.9431163645086,-1.89585728723558,48.841158861638
important_degree_top3,rolling5,exact1,nevertreated,full_sample,"","",github_outcomes,pull_request_opened,FALSE,sa,-8,25.4326044603295,14.7890925840703,-3.55401700444822,54.4192259251073
important_degree_top3,rolling5,exact1,nevertreated,full_sample,"","",github_outcomes,pull_request_opened,FALSE,sa,-7,24.1748359790051,13.6555572019602,-2.59005613683695,50.9397280948472
important_degree_top3,rolling5,exact1,nevertreated,full_sample,"","",github_outcomes,pull_request_opened,FALSE,sa,-6,18.8957708969478,10.7769113334607,-2.22697531663511,40.0185171105308
important_degree_top3,rolling5,exact1,nevertreated,full_sample,"","",github_outcomes,pull_request_opened,FALSE,sa,-5,13.9317509087048,8.23013615486424,-2.19931595482908,30.0628177722387
important_degree_top3,rolling5,exact1,nevertreated,full_sample,"","",github_outcomes,pull_request_opened,FALSE,sa,-4,9.00996948102186,5.29819942430623,-1.37450139061834,19.3944403526621
important_degree_top3,rolling5,exact1,nevertreated,full_sample,"","",github_outcomes,pull_request_opened,FALSE,sa,-3,6.12127751260713,3.1729264066108,-0.0976582443500433,12.3402132695643
important_degree_top3,rolling5,exact1,nevertreated,full_sample,"","",github_outcomes,pull_request_opened,FALSE,sa,-2,3.93549214623018,1.92333856089541,0.165748566875181,7.70523572558518
important_degree_top3,rolling5,exact1,nevertreated,full_sample,"","",github_outcomes,pull_request_opened,FALSE,sa,-1,0,0,0,0
important_degree_top3,rolling5,exact1,nevertreated,full_sample,"","",github_outcomes,pull_request_opened,FALSE,sa,0,-2.14550409066661,1.64672277411934,-5.37308072794051,1.0820725466073
important_degree_top3,rolling5,exact1,nevertreated,full_sample,"","",github_outcomes,pull_request_opened,FALSE,sa,1,-3.9806855511328,2.59148015864685,-9.05998666208063,1.09861555981504
important_degree_top3,rolling5,exact1,nevertreated,full_sample,"","",github_outcomes,pull_request_opened,FALSE,sa,2,-5.8874148930427,3.60750310901922,-12.9581209867204,1.18329120063497
important_degree_top3,rolling5,exact1,nevertreated,full_sample,"","",github_outcomes,pull_request_opened,FALSE,sa,3,-8.49388033919135,4.4214011017587,-17.1598264986384,0.1720658202557
important_degree_top3,rolling5,exact1,nevertreated,full_sample,"","",github_outcomes,pull_request_opened,FALSE,sa,4,-9.98896528063932,5.05541456118173,-19.8975778205555,-0.0803527407231197
important_degree_top3,rolling5,exact1,nevertreated,full_sample,"","",github_outcomes,pull_request_opened,FALSE,sa,5,-9.20956564349593,4.88831030003006,-18.7906538315549,0.371522544562989
important_degree_top3,rolling5,exact1,nevertreated,full_sample,"","",github_outcomes,pull_request_opened,FALSE,sa,6,-10.7836555763398,6.18021910899999,-22.8968850299798,1.32957387730022
important_degree_top3,rolling5,exact1,nevertreated,full_sample,"","",github_outcomes,pull_request_opened,FALSE,sa,7,-8.38950813863608,6.14512568274526,-20.4339544768168,3.65493819954463
important_degree_top3,rolling5,exact1,nevertreated,full_sample,"","",github_outcomes,pull_request_opened,FALSE,sa,8,-8.09454928724574,6.3608303204044,-20.5617767152384,4.37267814074689
important_degree_top3,rolling5,exact1,nevertreated,full_sample,"","",github_outcomes,pull_request_opened,FALSE,sa,9,-9.55714912588965,6.4891034423857,-22.2757918729656,3.16149362118633
important_degree_top3,rolling5,exact1,nevertreated,full_sample,"","",github_outcomes,pull_request_opened,FALSE,sa,10,-11.4420007216142,8.11536387279658,-27.3481139122955,4.46411246906707
important_degree_top3,rolling5,exact1,nevertreated,full_sample,"","",github_outcomes,pull_request_opened,FALSE,sa,11,-11.7931053170588,9.71392856453856,-30.8324053035543,7.24619466943682
important_degree_top3,rolling5,exact1,nevertreated,full_sample,"","",github_outcomes,pull_request_merged,TRUE,sa,-15,-0.287659750760331,0.441408722432064,-1.15282084672718,0.577501345206514
important_degree_top3,rolling5,exact1,nevertreated,full_sample,"","",github_outcomes,pull_request_merged,TRUE,sa,-14,-0.23001110176489,0.39188267549496,-0.99810114573501,0.538078942205231
important_degree_top3,rolling5,exact1,nevertreated,full_sample,"","",github_outcomes,pull_request_merged,TRUE,sa,-13,0.742758337923029,0.477085644464985,-0.192329525228341,1.6778462010744
important_degree_top3,rolling5,exact1,nevertreated,full_sample,"","",github_outcomes,pull_request_merged,TRUE,sa,-12,0.221783249375783,0.362637488577184,-0.488986228235499,0.932552726987064
important_degree_top3,rolling5,exact1,nevertreated,full_sample,"","",github_outcomes,pull_request_merged,TRUE,sa,-11,0.363505709259691,0.384414872132632,-0.389947440120268,1.11695885863965
important_degree_top3,rolling5,exact1,nevertreated,full_sample,"","",github_outcomes,pull_request_merged,TRUE,sa,-10,1.0431136117374,0.496086879608739,0.0707833277042717,2.01544389577053
important_degree_top3,rolling5,exact1,nevertreated,full_sample,"","",github_outcomes,pull_request_merged,TRUE,sa,-9,0.637565037849968,0.326662440237246,-0.00269334501503493,1.27782342071497
important_degree_top3,rolling5,exact1,nevertreated,full_sample,"","",github_outcomes,pull_request_merged,TRUE,sa,-8,0.218668725354956,0.271685057246619,-0.313833986848417,0.751171437558329
important_degree_top3,rolling5,exact1,nevertreated,full_sample,"","",github_outcomes,pull_request_merged,TRUE,sa,-7,0.562976611096898,0.25248584688658,0.0681043511992018,1.0578488709946
important_degree_top3,rolling5,exact1,nevertreated,full_sample,"","",github_outcomes,pull_request_merged,TRUE,sa,-6,0.657108584690521,0.266737803099013,0.134302490616455,1.17991467876459
important_degree_top3,rolling5,exact1,nevertreated,full_sample,"","",github_outcomes,pull_request_merged,TRUE,sa,-5,0.137402592126137,0.154937961584862,-0.166275812580192,0.441080996832466
important_degree_top3,rolling5,exact1,nevertreated,full_sample,"","",github_outcomes,pull_request_merged,TRUE,sa,-4,0.133858546810745,0.144907505533257,-0.150160164034439,0.417877257655929
important_degree_top3,rolling5,exact1,nevertreated,full_sample,"","",github_outcomes,pull_request_merged,TRUE,sa,-3,0.109373700434094,0.142874856403002,-0.170661018115791,0.389408418983978
important_degree_top3,rolling5,exact1,nevertreated,full_sample,"","",github_outcomes,pull_request_merged,TRUE,sa,-2,0.143975805325578,0.123112228652307,-0.0973241628329438,0.3852757734841
important_degree_top3,rolling5,exact1,nevertreated,full_sample,"","",github_outcomes,pull_request_merged,TRUE,sa,-1,0,0,0,0
important_degree_top3,rolling5,exact1,nevertreated,full_sample,"","",github_outcomes,pull_request_merged,TRUE,sa,0,-0.0437024332890415,0.151637365330884,-0.340911669337575,0.253506802759492
important_degree_top3,rolling5,exact1,nevertreated,full_sample,"","",github_outcomes,pull_request_merged,TRUE,sa,1,-0.539138946294091,0.147532260250805,-0.828302176385668,-0.249975716202514
important_degree_top3,rolling5,exact1,nevertreated,full_sample,"","",github_outcomes,pull_request_merged,TRUE,sa,2,-0.6610555146478,0.202386013192781,-1.05773210050565,-0.26437892878995
important_degree_top3,rolling5,exact1,nevertreated,full_sample,"","",github_outcomes,pull_request_merged,TRUE,sa,3,-0.761129794934067,0.17977315413846,-1.11348517704545,-0.408774412822686
important_degree_top3,rolling5,exact1,nevertreated,full_sample,"","",github_outcomes,pull_request_merged,TRUE,sa,4,-0.491399296768691,0.284593801479231,-1.04920314766798,0.0664045541306011
important_degree_top3,rolling5,exact1,nevertreated,full_sample,"","",github_outcomes,pull_request_merged,TRUE,sa,5,-0.873176865968499,0.225087345607477,-1.31434806335915,-0.432005668577844
important_degree_top3,rolling5,exact1,nevertreated,full_sample,"","",github_outcomes,pull_request_merged,TRUE,sa,6,-1.09564132801853,0.252141981921519,-1.58983961258471,-0.601443043452353
important_degree_top3,rolling5,exact1,nevertreated,full_sample,"","",github_outcomes,pull_request_merged,TRUE,sa,7,-1.2564037919931,0.283131523213764,-1.81134157749208,-0.701466006494126
important_degree_top3,rolling5,exact1,nevertreated,full_sample,"","",github_outcomes,pull_request_merged,TRUE,sa,8,-1.0768701621252,0.342352340286733,-1.7478807490872,-0.405859575163203
important_degree_top3,rolling5,exact1,nevertreated,full_sample,"","",github_outcomes,pull_request_merged,TRUE,sa,9,-1.12121137254705,0.395647056006472,-1.89667960231973,-0.345743142774363
important_degree_top3,rolling5,exact1,nevertreated,full_sample,"","",github_outcomes,pull_request_merged,TRUE,sa,10,-1.24775147317957,0.437500403827351,-2.10525226468118,-0.390250681677964
important_degree_top3,rolling5,exact1,nevertreated,full_sample,"","",github_outcomes,pull_request_merged,TRUE,sa,11,-1.63659381124143,0.548740935854472,-2.71212604551619,-0.56106157696666
important_degree_top3,rolling5,exact1,nevertreated,full_sample,"","",github_outcomes,pull_request_merged,FALSE,sa,-15,5.64822599468114,4.29861705256846,-2.77706342835304,14.0735154177153
important_degree_top3,rolling5,exact1,nevertreated,full_sample,"","",github_outcomes,pull_request_merged,FALSE,sa,-14,3.18570402889362,3.33925610596823,-3.35923793880412,9.73064599659136
important_degree_top3,rolling5,exact1,nevertreated,full_sample,"","",github_outcomes,pull_request_merged,FALSE,sa,-13,4.76919005982404,3.21293257733293,-1.5281577917485,11.0665379113966
important_degree_top3,rolling5,exact1,nevertreated,full_sample,"","",github_outcomes,pull_request_merged,FALSE,sa,-12,5.01917038828843,4.76153777634146,-4.31344365334083,14.3517844299177
important_degree_top3,rolling5,exact1,nevertreated,full_sample,"","",github_outcomes,pull_request_merged,FALSE,sa,-11,8.01262330132544,5.552960089623,-2.87117847433564,18.8964250769865
important_degree_top3,rolling5,exact1,nevertreated,full_sample,"","",github_outcomes,pull_request_merged,FALSE,sa,-10,7.02884625790954,5.41294714844509,-3.58053015304283,17.6382226688619
important_degree_top3,rolling5,exact1,nevertreated,full_sample,"","",github_outcomes,pull_request_merged,FALSE,sa,-9,6.26476533389964,6.07941102944745,-5.65088028381736,18.1804109516166
important_degree_top3,rolling5,exact1,nevertreated,full_sample,"","",github_outcomes,pull_request_merged,FALSE,sa,-8,7.26469726173692,6.59892570633084,-5.66919712267153,20.1985916461454
important_degree_top3,rolling5,exact1,nevertreated,full_sample,"","",github_outcomes,pull_request_merged,FALSE,sa,-7,6.78876201893915,5.62905913347295,-4.24419388266784,17.8217179205461
important_degree_top3,rolling5,exact1,nevertreated,full_sample,"","",github_outcomes,pull_request_merged,FALSE,sa,-6,5.28237043121,4.91360924185458,-4.34830368282497,14.913044545245
important_degree_top3,rolling5,exact1,nevertreated,full_sample,"","",github_outcomes,pull_request_merged,FALSE,sa,-5,4.38911957120456,3.93373949044693,-3.32100983007143,12.0992489724805
important_degree_top3,rolling5,exact1,nevertreated,full_sample,"","",github_outcomes,pull_request_merged,FALSE,sa,-4,3.25877435644615,2.77114749193299,-2.17267472774252,8.69022344063481
important_degree_top3,rolling5,exact1,nevertreated,full_sample,"","",github_outcomes,pull_request_merged,FALSE,sa,-3,2.74306230341021,2.13930574049933,-1.44997694796848,6.9361015547889
important_degree_top3,rolling5,exact1,nevertreated,full_sample,"","",github_outcomes,pull_request_merged,FALSE,sa,-2,1.65027657167515,1.28663013407882,-0.871518491119343,4.17207163446964
important_degree_top3,rolling5,exact1,nevertreated,full_sample,"","",github_outcomes,pull_request_merged,FALSE,sa,-1,0,0,0,0
important_degree_top3,rolling5,exact1,nevertreated,full_sample,"","",github_outcomes,pull_request_merged,FALSE,sa,0,-1.70899952939145,1.04376225172794,-3.75477354277822,0.336774483995318
important_degree_top3,rolling5,exact1,nevertreated,full_sample,"","",github_outcomes,pull_request_merged,FALSE,sa,1,-3.10297512331761,1.44680721328551,-5.93871726135721,-0.267232985278004
important_degree_top3,rolling5,exact1,nevertreated,full_sample,"","",github_outcomes,pull_request_merged,FALSE,sa,2,-4.62905132321859,2.02432943388465,-8.59673701363251,-0.661365632804666
important_degree_top3,rolling5,exact1,nevertreated,full_sample,"","",github_outcomes,pull_request_merged,FALSE,sa,3,-4.63266339644964,2.32517101157114,-9.18999857912908,-0.0753282137702049
important_degree_top3,rolling5,exact1,nevertreated,full_sample,"","",github_outcomes,pull_request_merged,FALSE,sa,4,-4.59086890527361,2.451535331213,-9.39587815445109,0.214140343903872
important_degree_top3,rolling5,exact1,nevertreated,full_sample,"","",github_outcomes,pull_request_merged,FALSE,sa,5,-4.01831406443571,2.11267243092404,-8.15915202904684,0.122523900175408
important_degree_top3,rolling5,exact1,nevertreated,full_sample,"","",github_outcomes,pull_request_merged,FALSE,sa,6,-4.75855688472766,2.8385710932734,-10.3221562275435,0.805042458088199
important_degree_top3,rolling5,exact1,nevertreated,full_sample,"","",github_outcomes,pull_request_merged,FALSE,sa,7,-3.16853699552353,2.75496684752494,-8.56827201667242,2.23119802562535
important_degree_top3,rolling5,exact1,nevertreated,full_sample,"","",github_outcomes,pull_request_merged,FALSE,sa,8,-0.232016026617756,2.66386004820898,-5.45318172110736,4.98914966787185
important_degree_top3,rolling5,exact1,nevertreated,full_sample,"","",github_outcomes,pull_request_merged,FALSE,sa,9,-1.12589428644166,2.85531453642286,-6.72231077783046,4.47052220494714
important_degree_top3,rolling5,exact1,nevertreated,full_sample,"","",github_outcomes,pull_request_merged,FALSE,sa,10,-1.09584036724407,3.63122643067378,-8.21304417136468,6.02136343687655
important_degree_top3,rolling5,exact1,nevertreated,full_sample,"","",github_outcomes,pull_request_merged,FALSE,sa,11,-1.80742169008552,5.33445027827074,-12.2629442354962,8.64810085532514
important_degree_top3,rolling5,exact1,nevertreated,full_sample,"","",downstream_outcomes,overall_new_release_count,TRUE,sa,-15,0.00638809080574932,0.289354451374422,-0.560746633888117,0.573522815499616
important_degree_top3,rolling5,exact1,nevertreated,full_sample,"","",downstream_outcomes,overall_new_release_count,TRUE,sa,-14,0.218566974923198,0.22003415349726,-0.212699965931432,0.649833915777828
important_degree_top3,rolling5,exact1,nevertreated,full_sample,"","",downstream_outcomes,overall_new_release_count,TRUE,sa,-13,0.251379903710371,0.193824786227944,-0.128516677296399,0.631276484717142
important_degree_top3,rolling5,exact1,nevertreated,full_sample,"","",downstream_outcomes,overall_new_release_count,TRUE,sa,-12,0.331605298670727,0.168788928619518,0.000778998576471679,0.662431598764983
important_degree_top3,rolling5,exact1,nevertreated,full_sample,"","",downstream_outcomes,overall_new_release_count,TRUE,sa,-11,0.324654258498463,0.15104771935895,0.0286007285549222,0.620707788442005
important_degree_top3,rolling5,exact1,nevertreated,full_sample,"","",downstream_outcomes,overall_new_release_count,TRUE,sa,-10,0.190531601859328,0.163640756330756,-0.130204280548954,0.51126748426761
important_degree_top3,rolling5,exact1,nevertreated,full_sample,"","",downstream_outcomes,overall_new_release_count,TRUE,sa,-9,0.136413781201685,0.141048402066078,-0.140041086847829,0.412868649251198
important_degree_top3,rolling5,exact1,nevertreated,full_sample,"","",downstream_outcomes,overall_new_release_count,TRUE,sa,-8,0.17590260989803,0.13107548060317,-0.0810053320841829,0.432810551880242
important_degree_top3,rolling5,exact1,nevertreated,full_sample,"","",downstream_outcomes,overall_new_release_count,TRUE,sa,-7,0.318485290887866,0.199776754820136,-0.0730771485596001,0.710047730335333
important_degree_top3,rolling5,exact1,nevertreated,full_sample,"","",downstream_outcomes,overall_new_release_count,TRUE,sa,-6,0.267907670817307,0.171168943705409,-0.0675834588452955,0.603398800479909
important_degree_top3,rolling5,exact1,nevertreated,full_sample,"","",downstream_outcomes,overall_new_release_count,TRUE,sa,-5,-0.0657574950798769,0.117161182083279,-0.295393411963103,0.163878421803349
important_degree_top3,rolling5,exact1,nevertreated,full_sample,"","",downstream_outcomes,overall_new_release_count,TRUE,sa,-4,-0.167100951906767,0.11752425090487,-0.397448483680311,0.0632465798667776
important_degree_top3,rolling5,exact1,nevertreated,full_sample,"","",downstream_outcomes,overall_new_release_count,TRUE,sa,-3,-0.0944671387137677,0.123947588610552,-0.337404412390451,0.148470134962915
important_degree_top3,rolling5,exact1,nevertreated,full_sample,"","",downstream_outcomes,overall_new_release_count,TRUE,sa,-2,-0.0286675637168553,0.117887344251732,-0.25972675845025,0.20239163101654
important_degree_top3,rolling5,exact1,nevertreated,full_sample,"","",downstream_outcomes,overall_new_release_count,TRUE,sa,-1,0,0,0,0
important_degree_top3,rolling5,exact1,nevertreated,full_sample,"","",downstream_outcomes,overall_new_release_count,TRUE,sa,0,0.064682739643218,0.176148190819977,-0.280567714363938,0.409933193650374
important_degree_top3,rolling5,exact1,nevertreated,full_sample,"","",downstream_outcomes,overall_new_release_count,TRUE,sa,1,-0.446338616799133,0.135218860985674,-0.711367584331055,-0.181309649267211
important_degree_top3,rolling5,exact1,nevertreated,full_sample,"","",downstream_outcomes,overall_new_release_count,TRUE,sa,2,-0.588188017090687,0.116603364947556,-0.816730612387898,-0.359645421793476
important_degree_top3,rolling5,exact1,nevertreated,full_sample,"","",downstream_outcomes,overall_new_release_count,TRUE,sa,3,-0.508261372364639,0.146605702438747,-0.795608549144583,-0.220914195584695
important_degree_top3,rolling5,exact1,nevertreated,full_sample,"","",downstream_outcomes,overall_new_release_count,TRUE,sa,4,-0.214248331859463,0.289076124328623,-0.780837535543564,0.352340871824638
important_degree_top3,rolling5,exact1,nevertreated,full_sample,"","",downstream_outcomes,overall_new_release_count,TRUE,sa,5,-0.423385600737438,0.269806267541094,-0.952205885117983,0.105434683643107
important_degree_top3,rolling5,exact1,nevertreated,full_sample,"","",downstream_outcomes,overall_new_release_count,TRUE,sa,6,-0.599354111306583,0.168975384893236,-0.930545865697325,-0.268162356915841
important_degree_top3,rolling5,exact1,nevertreated,full_sample,"","",downstream_outcomes,overall_new_release_count,TRUE,sa,7,-0.573886009131341,0.179841661130768,-0.926375664947647,-0.221396353315035
important_degree_top3,rolling5,exact1,nevertreated,full_sample,"","",downstream_outcomes,overall_new_release_count,TRUE,sa,8,-0.59121109313427,0.206693174025986,-0.996329714225202,-0.186092472043337
important_degree_top3,rolling5,exact1,nevertreated,full_sample,"","",downstream_outcomes,overall_new_release_count,TRUE,sa,9,-0.652633590051857,0.285066980471488,-1.21136487177597,-0.0939023083277404
important_degree_top3,rolling5,exact1,nevertreated,full_sample,"","",downstream_outcomes,overall_new_release_count,TRUE,sa,10,-0.581088526822467,0.517241001911196,-1.59488089056841,0.432703836923477
important_degree_top3,rolling5,exact1,nevertreated,full_sample,"","",downstream_outcomes,overall_new_release_count,TRUE,sa,11,-1.29961509916882,0.539810984195143,-2.3576446281913,-0.241585570146337
important_degree_top3,rolling5,exact1,nevertreated,full_sample,"","",downstream_outcomes,overall_new_release_count,FALSE,sa,-15,0.942531237260365,1.17604975743448,-1.36252628731121,3.24758876183194
important_degree_top3,rolling5,exact1,nevertreated,full_sample,"","",downstream_outcomes,overall_new_release_count,FALSE,sa,-14,1.39158087141254,1.10042878149139,-0.765259540310585,3.54842128313566
important_degree_top3,rolling5,exact1,nevertreated,full_sample,"","",downstream_outcomes,overall_new_release_count,FALSE,sa,-13,1.1019078698116,1.47519998881766,-1.789484108271,3.99329984789421
important_degree_top3,rolling5,exact1,nevertreated,full_sample,"","",downstream_outcomes,overall_new_release_count,FALSE,sa,-12,1.57309847065957,1.30254476861935,-0.979889275834354,4.12608621715349
important_degree_top3,rolling5,exact1,nevertreated,full_sample,"","",downstream_outcomes,overall_new_release_count,FALSE,sa,-11,1.8405723551845,1.17433775665516,-0.461129647859603,4.14227435822861
important_degree_top3,rolling5,exact1,nevertreated,full_sample,"","",downstream_outcomes,overall_new_release_count,FALSE,sa,-10,1.88761370636814,1.19864327612093,-0.461727114828887,4.23695452756516
important_degree_top3,rolling5,exact1,nevertreated,full_sample,"","",downstream_outcomes,overall_new_release_count,FALSE,sa,-9,1.49852285845569,1.22516740670792,-0.902805258691837,3.89985097560321
important_degree_top3,rolling5,exact1,nevertreated,full_sample,"","",downstream_outcomes,overall_new_release_count,FALSE,sa,-8,1.82348644402133,1.20023551424813,-0.528975163905,4.17594805194767
important_degree_top3,rolling5,exact1,nevertreated,full_sample,"","",downstream_outcomes,overall_new_release_count,FALSE,sa,-7,1.19238677442768,1.13737683549944,-1.03687182315123,3.42164537200659
important_degree_top3,rolling5,exact1,nevertreated,full_sample,"","",downstream_outcomes,overall_new_release_count,FALSE,sa,-6,0.905370419392593,1.11943755146899,-1.28872718148663,3.09946802027182
important_degree_top3,rolling5,exact1,nevertreated,full_sample,"","",downstream_outcomes,overall_new_release_count,FALSE,sa,-5,-0.393722679829938,1.33616486325804,-3.0126058118157,2.22516045215583
important_degree_top3,rolling5,exact1,nevertreated,full_sample,"","",downstream_outcomes,overall_new_release_count,FALSE,sa,-4,-0.489896750825893,1.34305223261967,-3.12227912676044,2.14248562510866
important_degree_top3,rolling5,exact1,nevertreated,full_sample,"","",downstream_outcomes,overall_new_release_count,FALSE,sa,-3,-0.770596264460315,1.06941875705678,-2.8666570282916,1.32546449937097
important_degree_top3,rolling5,exact1,nevertreated,full_sample,"","",downstream_outcomes,overall_new_release_count,FALSE,sa,-2,-0.611986616258128,0.72743584469712,-2.03776087186448,0.813787639348228
important_degree_top3,rolling5,exact1,nevertreated,full_sample,"","",downstream_outcomes,overall_new_release_count,FALSE,sa,-1,0,0,0,0
important_degree_top3,rolling5,exact1,nevertreated,full_sample,"","",downstream_outcomes,overall_new_release_count,FALSE,sa,0,-0.551870263766571,0.397799395585591,-1.33155707911433,0.227816551581186
important_degree_top3,rolling5,exact1,nevertreated,full_sample,"","",downstream_outcomes,overall_new_release_count,FALSE,sa,1,-0.995434056068652,0.478079907830651,-1.93247067541673,-0.0583974367205752
important_degree_top3,rolling5,exact1,nevertreated,full_sample,"","",downstream_outcomes,overall_new_release_count,FALSE,sa,2,-1.51082247764213,0.68202673532904,-2.84759487888705,-0.174050076397211
important_degree_top3,rolling5,exact1,nevertreated,full_sample,"","",downstream_outcomes,overall_new_release_count,FALSE,sa,3,-2.02348947417849,1.22040414527415,-4.41548159891583,0.368502650558846
important_degree_top3,rolling5,exact1,nevertreated,full_sample,"","",downstream_outcomes,overall_new_release_count,FALSE,sa,4,-2.09566496485964,1.29122710743606,-4.62647009543431,0.435140165715039
important_degree_top3,rolling5,exact1,nevertreated,full_sample,"","",downstream_outcomes,overall_new_release_count,FALSE,sa,5,-2.35880202572059,1.29952100623281,-4.9058631979369,0.188259146495717
important_degree_top3,rolling5,exact1,nevertreated,full_sample,"","",downstream_outcomes,overall_new_release_count,FALSE,sa,6,-2.38848335097868,1.64250022074004,-5.60778378362916,0.830817081671803
important_degree_top3,rolling5,exact1,nevertreated,full_sample,"","",downstream_outcomes,overall_new_release_count,FALSE,sa,7,-2.48574074468852,1.96080459184631,-6.32891774470729,1.35743625533024
important_degree_top3,rolling5,exact1,nevertreated,full_sample,"","",downstream_outcomes,overall_new_release_count,FALSE,sa,8,-0.73749277401986,1.10849184536252,-2.9101367909304,1.43515124289068
important_degree_top3,rolling5,exact1,nevertreated,full_sample,"","",downstream_outcomes,overall_new_release_count,FALSE,sa,9,-1.5572771406668,1.25688514836405,-4.02077203146034,0.906217750126739
important_degree_top3,rolling5,exact1,nevertreated,full_sample,"","",downstream_outcomes,overall_new_release_count,FALSE,sa,10,-3.14203006095362,1.83740697498415,-6.74334773192256,0.459287610015309
important_degree_top3,rolling5,exact1,nevertreated,full_sample,"","",downstream_outcomes,overall_new_release_count,FALSE,sa,11,-2.52133550668594,1.55682247124467,-5.57270755032551,0.530036536953618
important_degree_top3,rolling5,exact1,nevertreated,pc_score,collaboration_pc_score,low,github_outcomes,pull_request_opened,TRUE,sa,-15,-1.79960206648504,0.372099745549407,-2.52891756776188,-1.0702865652082
important_degree_top3,rolling5,exact1,nevertreated,pc_score,collaboration_pc_score,low,github_outcomes,pull_request_opened,TRUE,sa,-14,-0.769553440786024,0.376732853051087,-1.50794983276615,-0.0311570488058925
important_degree_top3,rolling5,exact1,nevertreated,pc_score,collaboration_pc_score,low,github_outcomes,pull_request_opened,TRUE,sa,-13,0.730941956451185,0.372551958991021,0.00074011682878472,1.46114379607359
important_degree_top3,rolling5,exact1,nevertreated,pc_score,collaboration_pc_score,low,github_outcomes,pull_request_opened,TRUE,sa,-12,0.770352738154694,0.468581590538931,-0.14806717930161,1.688772655611
important_degree_top3,rolling5,exact1,nevertreated,pc_score,collaboration_pc_score,low,github_outcomes,pull_request_opened,TRUE,sa,-11,1.18578719694154,0.591599656190823,0.0262518708075292,2.34532252307555
important_degree_top3,rolling5,exact1,nevertreated,pc_score,collaboration_pc_score,low,github_outcomes,pull_request_opened,TRUE,sa,-10,1.20601168031038,0.584464174557658,0.0604618981773748,2.35156146244339
important_degree_top3,rolling5,exact1,nevertreated,pc_score,collaboration_pc_score,low,github_outcomes,pull_request_opened,TRUE,sa,-9,0.655835319290524,0.522470714913003,-0.368207281938961,1.67987792052001
important_degree_top3,rolling5,exact1,nevertreated,pc_score,collaboration_pc_score,low,github_outcomes,pull_request_opened,TRUE,sa,-8,-0.0527785389276258,0.355558710432818,-0.74967361137595,0.644116533520698
important_degree_top3,rolling5,exact1,nevertreated,pc_score,collaboration_pc_score,low,github_outcomes,pull_request_opened,TRUE,sa,-7,0.514816055180373,0.303227262956757,-0.0795093802148714,1.10914149057562
important_degree_top3,rolling5,exact1,nevertreated,pc_score,collaboration_pc_score,low,github_outcomes,pull_request_opened,TRUE,sa,-6,0.300060173950912,0.249091347025854,-0.188158866219762,0.788279214121587
important_degree_top3,rolling5,exact1,nevertreated,pc_score,collaboration_pc_score,low,github_outcomes,pull_request_opened,TRUE,sa,-5,0.31692512610866,0.180528547436674,-0.0369108268672206,0.670761079084542
important_degree_top3,rolling5,exact1,nevertreated,pc_score,collaboration_pc_score,low,github_outcomes,pull_request_opened,TRUE,sa,-4,0.123010906948036,0.159349142513127,-0.189313412377693,0.435335226273766
important_degree_top3,rolling5,exact1,nevertreated,pc_score,collaboration_pc_score,low,github_outcomes,pull_request_opened,TRUE,sa,-3,0.134120950986138,0.161802202122053,-0.183011365173086,0.451253267145363
important_degree_top3,rolling5,exact1,nevertreated,pc_score,collaboration_pc_score,low,github_outcomes,pull_request_opened,TRUE,sa,-2,0.488429624244923,0.138698239848722,0.216581074141428,0.760278174348418
important_degree_top3,rolling5,exact1,nevertreated,pc_score,collaboration_pc_score,low,github_outcomes,pull_request_opened,TRUE,sa,-1,0,0,0,0
important_degree_top3,rolling5,exact1,nevertreated,pc_score,collaboration_pc_score,low,github_outcomes,pull_request_opened,TRUE,sa,0,0.358919624958008,0.301281621837458,-0.23159235384341,0.949431603759427
important_degree_top3,rolling5,exact1,nevertreated,pc_score,collaboration_pc_score,low,github_outcomes,pull_request_opened,TRUE,sa,1,-0.115100120935382,0.268354468956203,-0.64107488008954,0.410874638218776
important_degree_top3,rolling5,exact1,nevertreated,pc_score,collaboration_pc_score,low,github_outcomes,pull_request_opened,TRUE,sa,2,-0.212293253301583,0.312861667686856,-0.825502121967821,0.400915615364655
important_degree_top3,rolling5,exact1,nevertreated,pc_score,collaboration_pc_score,low,github_outcomes,pull_request_opened,TRUE,sa,3,-0.153708297771823,0.269568062599092,-0.682061700466042,0.374645104922397
important_degree_top3,rolling5,exact1,nevertreated,pc_score,collaboration_pc_score,low,github_outcomes,pull_request_opened,TRUE,sa,4,-0.158854783620364,0.314163067899968,-0.774614396704302,0.456904829463574
important_degree_top3,rolling5,exact1,nevertreated,pc_score,collaboration_pc_score,low,github_outcomes,pull_request_opened,TRUE,sa,5,-0.403299645487898,0.307976640852188,-1.00693386155819,0.20033457058239
important_degree_top3,rolling5,exact1,nevertreated,pc_score,collaboration_pc_score,low,github_outcomes,pull_request_opened,TRUE,sa,6,-0.192570583767402,0.471888461536076,-1.11747196837811,0.732330800843308
important_degree_top3,rolling5,exact1,nevertreated,pc_score,collaboration_pc_score,low,github_outcomes,pull_request_opened,TRUE,sa,7,-0.411666916820525,0.358247694268048,-1.1138323975859,0.290498563944849
important_degree_top3,rolling5,exact1,nevertreated,pc_score,collaboration_pc_score,low,github_outcomes,pull_request_opened,TRUE,sa,8,-0.755476389809081,0.317469423027061,-1.37771645894212,-0.133236320676041
important_degree_top3,rolling5,exact1,nevertreated,pc_score,collaboration_pc_score,low,github_outcomes,pull_request_opened,TRUE,sa,9,-1.10980592367389,0.343446709093762,-1.78296147349767,-0.436650373850117
important_degree_top3,rolling5,exact1,nevertreated,pc_score,collaboration_pc_score,low,github_outcomes,pull_request_opened,TRUE,sa,10,-1.13846919202896,0.405264334075662,-1.93278728681726,-0.344151097240668
important_degree_top3,rolling5,exact1,nevertreated,pc_score,collaboration_pc_score,low,github_outcomes,pull_request_opened,TRUE,sa,11,-0.958155147917651,0.587945357346601,-2.11052804831699,0.194217752481686
important_degree_top3,rolling5,exact1,nevertreated,pc_score,collaboration_pc_score,high,github_outcomes,pull_request_opened,TRUE,sa,-15,-0.187977358140611,0.678250960069489,-1.51734923987681,1.14139452359559
important_degree_top3,rolling5,exact1,nevertreated,pc_score,collaboration_pc_score,high,github_outcomes,pull_request_opened,TRUE,sa,-14,-0.459190856350117,1.03464430182664,-2.48709368793034,1.5687119752301
important_degree_top3,rolling5,exact1,nevertreated,pc_score,collaboration_pc_score,high,github_outcomes,pull_request_opened,TRUE,sa,-13,1.33553432666302,0.711380931073724,-0.0587722982414773,2.72984095156752
important_degree_top3,rolling5,exact1,nevertreated,pc_score,collaboration_pc_score,high,github_outcomes,pull_request_opened,TRUE,sa,-12,-0.26488849444647,0.466894668413983,-1.18000204453788,0.650225055644937
important_degree_top3,rolling5,exact1,nevertreated,pc_score,collaboration_pc_score,high,github_outcomes,pull_request_opened,TRUE,sa,-11,0.694694828059754,0.800166732665027,-0.8736319679637,2.26302162408321
important_degree_top3,rolling5,exact1,nevertreated,pc_score,collaboration_pc_score,high,github_outcomes,pull_request_opened,TRUE,sa,-10,-0.0676361684981503,0.403830433848755,-0.85914381884171,0.723871481845409
important_degree_top3,rolling5,exact1,nevertreated,pc_score,collaboration_pc_score,high,github_outcomes,pull_request_opened,TRUE,sa,-9,1.37318352285075,0.842558074755957,-0.278230303670926,3.02459734937242
important_degree_top3,rolling5,exact1,nevertreated,pc_score,collaboration_pc_score,high,github_outcomes,pull_request_opened,TRUE,sa,-8,0.991944240772772,0.58421644654609,-0.153119994457565,2.13700847600311
important_degree_top3,rolling5,exact1,nevertreated,pc_score,collaboration_pc_score,high,github_outcomes,pull_request_opened,TRUE,sa,-7,0.930607310851623,0.530588902706119,-0.10934693845237,1.97056156015562
important_degree_top3,rolling5,exact1,nevertreated,pc_score,collaboration_pc_score,high,github_outcomes,pull_request_opened,TRUE,sa,-6,0.813883069819482,0.417475199447753,-0.00436832109811403,1.63213446073708
important_degree_top3,rolling5,exact1,nevertreated,pc_score,collaboration_pc_score,high,github_outcomes,pull_request_opened,TRUE,sa,-5,0.12541596840495,0.230190289341805,-0.325756998704989,0.576588935514889
important_degree_top3,rolling5,exact1,nevertreated,pc_score,collaboration_pc_score,high,github_outcomes,pull_request_opened,TRUE,sa,-4,0.274853549142667,0.21661747446943,-0.149716700817415,0.699423799102749
important_degree_top3,rolling5,exact1,nevertreated,pc_score,collaboration_pc_score,high,github_outcomes,pull_request_opened,TRUE,sa,-3,0.18838034432065,0.214219112559777,-0.231489116296513,0.608249804937812
important_degree_top3,rolling5,exact1,nevertreated,pc_score,collaboration_pc_score,high,github_outcomes,pull_request_opened,TRUE,sa,-2,-0.0262850723032685,0.180055347231447,-0.379193552876905,0.326623408270368
important_degree_top3,rolling5,exact1,nevertreated,pc_score,collaboration_pc_score,high,github_outcomes,pull_request_opened,TRUE,sa,-1,0,0,0,0
important_degree_top3,rolling5,exact1,nevertreated,pc_score,collaboration_pc_score,high,github_outcomes,pull_request_opened,TRUE,sa,0,-0.484431761815283,0.238413298479244,-0.9517218268346,-0.0171416967959652
important_degree_top3,rolling5,exact1,nevertreated,pc_score,collaboration_pc_score,high,github_outcomes,pull_request_opened,TRUE,sa,1,-0.750752214680018,0.259011184783887,-1.25841413685644,-0.2430902925036
important_degree_top3,rolling5,exact1,nevertreated,pc_score,collaboration_pc_score,high,github_outcomes,pull_request_opened,TRUE,sa,2,-0.859412963545714,0.245152859530726,-1.33991256822594,-0.378913358865492
important_degree_top3,rolling5,exact1,nevertreated,pc_score,collaboration_pc_score,high,github_outcomes,pull_request_opened,TRUE,sa,3,-1.35359950653872,0.247043534113673,-1.83780483340151,-0.869394179675916
important_degree_top3,rolling5,exact1,nevertreated,pc_score,collaboration_pc_score,high,github_outcomes,pull_request_opened,TRUE,sa,4,-1.24409922561119,0.33239527227564,-1.89559395927144,-0.592604491950931
important_degree_top3,rolling5,exact1,nevertreated,pc_score,collaboration_pc_score,high,github_outcomes,pull_request_opened,TRUE,sa,5,-1.22458772459281,0.350911788002353,-1.91237482907742,-0.536800620108196
important_degree_top3,rolling5,exact1,nevertreated,pc_score,collaboration_pc_score,high,github_outcomes,pull_request_opened,TRUE,sa,6,-1.43506501028254,0.391830854983038,-2.2030534860493,-0.66707653451579
important_degree_top3,rolling5,exact1,nevertreated,pc_score,collaboration_pc_score,high,github_outcomes,pull_request_opened,TRUE,sa,7,-1.69674871580474,0.455700721481573,-2.58992212990862,-0.803575301700858
important_degree_top3,rolling5,exact1,nevertreated,pc_score,collaboration_pc_score,high,github_outcomes,pull_request_opened,TRUE,sa,8,-1.88031819710786,0.595597578725581,-3.04768945141,-0.71294694280572
important_degree_top3,rolling5,exact1,nevertreated,pc_score,collaboration_pc_score,high,github_outcomes,pull_request_opened,TRUE,sa,9,-1.23253516437106,0.982767533050503,-3.15875952915004,0.693689200407926
important_degree_top3,rolling5,exact1,nevertreated,pc_score,collaboration_pc_score,high,github_outcomes,pull_request_opened,TRUE,sa,10,-0.89499026084001,0.800195622926675,-2.46337368177629,0.673393160096272
important_degree_top3,rolling5,exact1,nevertreated,pc_score,collaboration_pc_score,high,github_outcomes,pull_request_opened,TRUE,sa,11,-2.83327801970529,0.430976869372027,-3.67799268367447,-1.98856335573612
important_degree_top3,rolling5,exact1,nevertreated,pc_score,knowledge_level_pc_score,low,github_outcomes,pull_request_opened,TRUE,sa,-15,0.110136785754672,0.464049101007983,-0.799399452220974,1.01967302373032
important_degree_top3,rolling5,exact1,nevertreated,pc_score,knowledge_level_pc_score,low,github_outcomes,pull_request_opened,TRUE,sa,-14,0.579572026946406,1.07156758348668,-1.52070043668748,2.67984449058029
important_degree_top3,rolling5,exact1,nevertreated,pc_score,knowledge_level_pc_score,low,github_outcomes,pull_request_opened,TRUE,sa,-13,1.28675617758553,0.92357349749239,-0.523447877499558,3.09696023267061
important_degree_top3,rolling5,exact1,nevertreated,pc_score,knowledge_level_pc_score,low,github_outcomes,pull_request_opened,TRUE,sa,-12,0.381916873414233,0.525295654775287,-0.647662609945329,1.41149635677379
important_degree_top3,rolling5,exact1,nevertreated,pc_score,knowledge_level_pc_score,low,github_outcomes,pull_request_opened,TRUE,sa,-11,0.692317710098402,0.500017474078101,-0.287716539094676,1.67235195929148
important_degree_top3,rolling5,exact1,nevertreated,pc_score,knowledge_level_pc_score,low,github_outcomes,pull_request_opened,TRUE,sa,-10,0.92894216904558,0.522135603881683,-0.0944436145625184,1.95232795265368
important_degree_top3,rolling5,exact1,nevertreated,pc_score,knowledge_level_pc_score,low,github_outcomes,pull_request_opened,TRUE,sa,-9,1.06790158821161,0.535941321599098,0.0174565978773804,2.11834657854584
important_degree_top3,rolling5,exact1,nevertreated,pc_score,knowledge_level_pc_score,low,github_outcomes,pull_request_opened,TRUE,sa,-8,0.780613674796232,0.543188931834786,-0.284036631599949,1.84526398119241
important_degree_top3,rolling5,exact1,nevertreated,pc_score,knowledge_level_pc_score,low,github_outcomes,pull_request_opened,TRUE,sa,-7,0.537378537181737,0.330309503496322,-0.110028089671055,1.18478516403453
important_degree_top3,rolling5,exact1,nevertreated,pc_score,knowledge_level_pc_score,low,github_outcomes,pull_request_opened,TRUE,sa,-6,0.537588997680008,0.324148378581474,-0.09774182433968,1.1729198196997
important_degree_top3,rolling5,exact1,nevertreated,pc_score,knowledge_level_pc_score,low,github_outcomes,pull_request_opened,TRUE,sa,-5,0.236126974883183,0.219586971700525,-0.194263489649846,0.666517439416211
important_degree_top3,rolling5,exact1,nevertreated,pc_score,knowledge_level_pc_score,low,github_outcomes,pull_request_opened,TRUE,sa,-4,0.0794104053935457,0.193631963360004,-0.300108242792063,0.458929053579154
important_degree_top3,rolling5,exact1,nevertreated,pc_score,knowledge_level_pc_score,low,github_outcomes,pull_request_opened,TRUE,sa,-3,0.0826579958723072,0.201899907132291,-0.313065822106983,0.478381813851598
important_degree_top3,rolling5,exact1,nevertreated,pc_score,knowledge_level_pc_score,low,github_outcomes,pull_request_opened,TRUE,sa,-2,0.320615936599441,0.158270950582835,0.0104048734570848,0.630826999741798
important_degree_top3,rolling5,exact1,nevertreated,pc_score,knowledge_level_pc_score,low,github_outcomes,pull_request_opened,TRUE,sa,-1,0,0,0,0
important_degree_top3,rolling5,exact1,nevertreated,pc_score,knowledge_level_pc_score,low,github_outcomes,pull_request_opened,TRUE,sa,0,-0.0481872973827771,0.260988885878123,-0.559725513703898,0.463350918938343
important_degree_top3,rolling5,exact1,nevertreated,pc_score,knowledge_level_pc_score,low,github_outcomes,pull_request_opened,TRUE,sa,1,-0.214922068519623,0.313882591935436,-0.830131948713077,0.400287811673831
important_degree_top3,rolling5,exact1,nevertreated,pc_score,knowledge_level_pc_score,low,github_outcomes,pull_request_opened,TRUE,sa,2,-0.415614860653088,0.338339760309242,-1.0787607908592,0.247531069553025
important_degree_top3,rolling5,exact1,nevertreated,pc_score,knowledge_level_pc_score,low,github_outcomes,pull_request_opened,TRUE,sa,3,-0.590310270880392,0.298219999007353,-1.1748214689348,-0.00579907282598025
important_degree_top3,rolling5,exact1,nevertreated,pc_score,knowledge_level_pc_score,low,github_outcomes,pull_request_opened,TRUE,sa,4,-0.522700272761673,0.373298414443522,-1.25436516507098,0.208964619547631
important_degree_top3,rolling5,exact1,nevertreated,pc_score,knowledge_level_pc_score,low,github_outcomes,pull_request_opened,TRUE,sa,5,-0.742902237151374,0.344224394753639,-1.41758205086851,-0.0682224234342417
important_degree_top3,rolling5,exact1,nevertreated,pc_score,knowledge_level_pc_score,low,github_outcomes,pull_request_opened,TRUE,sa,6,-0.79317683744569,0.40876372595014,-1.59435374030796,0.00800006541658471
important_degree_top3,rolling5,exact1,nevertreated,pc_score,knowledge_level_pc_score,low,github_outcomes,pull_request_opened,TRUE,sa,7,-0.873030586245625,0.477662750017743,-1.8092495762804,0.0631884037891504
important_degree_top3,rolling5,exact1,nevertreated,pc_score,knowledge_level_pc_score,low,github_outcomes,pull_request_opened,TRUE,sa,8,-1.0565521533047,0.501236448426644,-2.03897559222092,-0.0741287143884764
important_degree_top3,rolling5,exact1,nevertreated,pc_score,knowledge_level_pc_score,low,github_outcomes,pull_request_opened,TRUE,sa,9,-0.793685401269823,0.693662828906519,-2.1532645459266,0.565893743386953
important_degree_top3,rolling5,exact1,nevertreated,pc_score,knowledge_level_pc_score,low,github_outcomes,pull_request_opened,TRUE,sa,10,-0.929041325440515,0.677081613543999,-2.25612128798675,0.398038637105723
important_degree_top3,rolling5,exact1,nevertreated,pc_score,knowledge_level_pc_score,low,github_outcomes,pull_request_opened,TRUE,sa,11,-0.0646690672019239,0.843965779994624,-1.71884199599139,1.58950386158754
important_degree_top3,rolling5,exact1,nevertreated,pc_score,knowledge_level_pc_score,high,github_outcomes,pull_request_opened,TRUE,sa,-15,-2.11603005639245,0.570000600953739,-3.23323123426178,-0.998828878523122
important_degree_top3,rolling5,exact1,nevertreated,pc_score,knowledge_level_pc_score,high,github_outcomes,pull_request_opened,TRUE,sa,-14,-2.03580131927913,0.588713485126671,-3.1896797501274,-0.881922888430853
important_degree_top3,rolling5,exact1,nevertreated,pc_score,knowledge_level_pc_score,high,github_outcomes,pull_request_opened,TRUE,sa,-13,0.945504445885297,0.63927021024965,-0.307465166204018,2.19847405797461
important_degree_top3,rolling5,exact1,nevertreated,pc_score,knowledge_level_pc_score,high,github_outcomes,pull_request_opened,TRUE,sa,-12,-0.204700270138515,0.480923555401621,-1.14731043872569,0.737909898448663
important_degree_top3,rolling5,exact1,nevertreated,pc_score,knowledge_level_pc_score,high,github_outcomes,pull_request_opened,TRUE,sa,-11,1.13928978040367,0.826733915857312,-0.481108694676665,2.759688255484
important_degree_top3,rolling5,exact1,nevertreated,pc_score,knowledge_level_pc_score,high,github_outcomes,pull_request_opened,TRUE,sa,-10,0.100376577949618,0.447073711161651,-0.775887895927217,0.976641051826454
important_degree_top3,rolling5,exact1,nevertreated,pc_score,knowledge_level_pc_score,high,github_outcomes,pull_request_opened,TRUE,sa,-9,0.999228568312538,0.708122925371522,-0.388692365415646,2.38714950204072
important_degree_top3,rolling5,exact1,nevertreated,pc_score,knowledge_level_pc_score,high,github_outcomes,pull_request_opened,TRUE,sa,-8,0.249551199007094,0.345880358427712,-0.428374303511222,0.927476701525409
important_degree_top3,rolling5,exact1,nevertreated,pc_score,knowledge_level_pc_score,high,github_outcomes,pull_request_opened,TRUE,sa,-7,1.02731701111829,0.470225201650126,0.105675615884038,1.94895840635253
important_degree_top3,rolling5,exact1,nevertreated,pc_score,knowledge_level_pc_score,high,github_outcomes,pull_request_opened,TRUE,sa,-6,0.75629865658419,0.335503450403688,0.0987118937929628,1.41388541937542
important_degree_top3,rolling5,exact1,nevertreated,pc_score,knowledge_level_pc_score,high,github_outcomes,pull_request_opened,TRUE,sa,-5,0.303230945514016,0.190896666173273,-0.0709265201855996,0.677388411213631
important_degree_top3,rolling5,exact1,nevertreated,pc_score,knowledge_level_pc_score,high,github_outcomes,pull_request_opened,TRUE,sa,-4,0.394747818673114,0.160801832328499,0.0795762273092553,0.709919410036973
important_degree_top3,rolling5,exact1,nevertreated,pc_score,knowledge_level_pc_score,high,github_outcomes,pull_request_opened,TRUE,sa,-3,0.329303291788342,0.161347258174776,0.0130626657657817,0.645543917810902
important_degree_top3,rolling5,exact1,nevertreated,pc_score,knowledge_level_pc_score,high,github_outcomes,pull_request_opened,TRUE,sa,-2,0.21264611809186,0.164247059492031,-0.10927811851252,0.53457035469624
important_degree_top3,rolling5,exact1,nevertreated,pc_score,knowledge_level_pc_score,high,github_outcomes,pull_request_opened,TRUE,sa,-1,0,0,0,0
important_degree_top3,rolling5,exact1,nevertreated,pc_score,knowledge_level_pc_score,high,github_outcomes,pull_request_opened,TRUE,sa,0,0.0100939460217247,0.292047634404747,-0.56231941741158,0.582507309455029
important_degree_top3,rolling5,exact1,nevertreated,pc_score,knowledge_level_pc_score,high,github_outcomes,pull_request_opened,TRUE,sa,1,-0.60608502263192,0.187772053598023,-0.974118247684045,-0.238051797579794
important_degree_top3,rolling5,exact1,nevertreated,pc_score,knowledge_level_pc_score,high,github_outcomes,pull_request_opened,TRUE,sa,2,-0.644898531360423,0.21315097756924,-1.06267444739613,-0.227122615324712
important_degree_top3,rolling5,exact1,nevertreated,pc_score,knowledge_level_pc_score,high,github_outcomes,pull_request_opened,TRUE,sa,3,-0.86068325551252,0.218613099215325,-1.28916492997456,-0.432201581050484
important_degree_top3,rolling5,exact1,nevertreated,pc_score,knowledge_level_pc_score,high,github_outcomes,pull_request_opened,TRUE,sa,4,-0.790617497549532,0.248958307247107,-1.27857577975386,-0.302659215345201
important_degree_top3,rolling5,exact1,nevertreated,pc_score,knowledge_level_pc_score,high,github_outcomes,pull_request_opened,TRUE,sa,5,-0.815962306126984,0.315348325466741,-1.4340450240418,-0.197879588212171
important_degree_top3,rolling5,exact1,nevertreated,pc_score,knowledge_level_pc_score,high,github_outcomes,pull_request_opened,TRUE,sa,6,-0.704962472395613,0.517512791586993,-1.71928754390612,0.309362599114893
important_degree_top3,rolling5,exact1,nevertreated,pc_score,knowledge_level_pc_score,high,github_outcomes,pull_request_opened,TRUE,sa,7,-1.06338824889803,0.343033144590116,-1.73573321229466,-0.391043285501404
important_degree_top3,rolling5,exact1,nevertreated,pc_score,knowledge_level_pc_score,high,github_outcomes,pull_request_opened,TRUE,sa,8,-1.51368608890302,0.361158865277563,-2.22155746484704,-0.805814712958993
important_degree_top3,rolling5,exact1,nevertreated,pc_score,knowledge_level_pc_score,high,github_outcomes,pull_request_opened,TRUE,sa,9,-1.69173673583993,0.543073929129853,-2.75616163693444,-0.627311834745419
important_degree_top3,rolling5,exact1,nevertreated,pc_score,knowledge_level_pc_score,high,github_outcomes,pull_request_opened,TRUE,sa,10,-1.31352741092725,0.43039151623333,-2.15709478274458,-0.469960039109927
important_degree_top3,rolling5,exact1,nevertreated,pc_score,knowledge_level_pc_score,high,github_outcomes,pull_request_opened,TRUE,sa,11,-2.11508813699247,0.338909879819555,-2.77935150143879,-1.45082477254614
important_degree_top3,rolling5,exact1,nevertreated,pc_score,discussion_quality_pc_score,low,github_outcomes,pull_request_opened,TRUE,sa,-15,-2.17877334639087,0.507691291301595,-3.173848277342,-1.18369841543975
important_degree_top3,rolling5,exact1,nevertreated,pc_score,discussion_quality_pc_score,low,github_outcomes,pull_request_opened,TRUE,sa,-14,-1.47404956984068,0.530983021577093,-2.51477629213178,-0.433322847549579
important_degree_top3,rolling5,exact1,nevertreated,pc_score,discussion_quality_pc_score,low,github_outcomes,pull_request_opened,TRUE,sa,-13,0.416265865717439,0.590852914953682,-0.741805847591778,1.57433757902666
important_degree_top3,rolling5,exact1,nevertreated,pc_score,discussion_quality_pc_score,low,github_outcomes,pull_request_opened,TRUE,sa,-12,0.196497186774679,0.489185492849602,-0.76230637921054,1.1553007527599
important_degree_top3,rolling5,exact1,nevertreated,pc_score,discussion_quality_pc_score,low,github_outcomes,pull_request_opened,TRUE,sa,-11,0.805645768422291,0.618495810133935,-0.406606019440222,2.0178975562848
important_degree_top3,rolling5,exact1,nevertreated,pc_score,discussion_quality_pc_score,low,github_outcomes,pull_request_opened,TRUE,sa,-10,1.08334571633538,0.570612452138944,-0.0350546898569517,2.20174612252771
important_degree_top3,rolling5,exact1,nevertreated,pc_score,discussion_quality_pc_score,low,github_outcomes,pull_request_opened,TRUE,sa,-9,0.462003525090469,0.382846822419462,-0.288376246851676,1.21238329703261
important_degree_top3,rolling5,exact1,nevertreated,pc_score,discussion_quality_pc_score,low,github_outcomes,pull_request_opened,TRUE,sa,-8,0.402610084314392,0.503288519629277,-0.583835414158991,1.38905558278777
important_degree_top3,rolling5,exact1,nevertreated,pc_score,discussion_quality_pc_score,low,github_outcomes,pull_request_opened,TRUE,sa,-7,0.426795637599219,0.319098056198494,-0.198636552549831,1.05222782774827
important_degree_top3,rolling5,exact1,nevertreated,pc_score,discussion_quality_pc_score,low,github_outcomes,pull_request_opened,TRUE,sa,-6,0.321437322548065,0.308938977141414,-0.284083072649106,0.926957717745236
important_degree_top3,rolling5,exact1,nevertreated,pc_score,discussion_quality_pc_score,low,github_outcomes,pull_request_opened,TRUE,sa,-5,0.117575782393325,0.192656134797112,-0.260030241809015,0.495181806595665
important_degree_top3,rolling5,exact1,nevertreated,pc_score,discussion_quality_pc_score,low,github_outcomes,pull_request_opened,TRUE,sa,-4,-0.0563495562529079,0.175947257272074,-0.401206180506172,0.288507068000356
important_degree_top3,rolling5,exact1,nevertreated,pc_score,discussion_quality_pc_score,low,github_outcomes,pull_request_opened,TRUE,sa,-3,0.0296005638905592,0.160254063147945,-0.284497399879412,0.343698527660531
important_degree_top3,rolling5,exact1,nevertreated,pc_score,discussion_quality_pc_score,low,github_outcomes,pull_request_opened,TRUE,sa,-2,0.158981394190919,0.144508017243934,-0.124254319607191,0.442217107989029
important_degree_top3,rolling5,exact1,nevertreated,pc_score,discussion_quality_pc_score,low,github_outcomes,pull_request_opened,TRUE,sa,-1,0,0,0,0
important_degree_top3,rolling5,exact1,nevertreated,pc_score,discussion_quality_pc_score,low,github_outcomes,pull_request_opened,TRUE,sa,0,0.0111732060410426,0.288287500042292,-0.55387029404185,0.576216706123935
important_degree_top3,rolling5,exact1,nevertreated,pc_score,discussion_quality_pc_score,low,github_outcomes,pull_request_opened,TRUE,sa,1,-0.244510053875394,0.276522925579083,-0.786494988010396,0.297474880259609
important_degree_top3,rolling5,exact1,nevertreated,pc_score,discussion_quality_pc_score,low,github_outcomes,pull_request_opened,TRUE,sa,2,-0.291979838616533,0.321811745189619,-0.922730859188185,0.338771181955119
important_degree_top3,rolling5,exact1,nevertreated,pc_score,discussion_quality_pc_score,low,github_outcomes,pull_request_opened,TRUE,sa,3,-0.527859017156554,0.29536287065928,-1.10677024364874,0.0510522093356358
important_degree_top3,rolling5,exact1,nevertreated,pc_score,discussion_quality_pc_score,low,github_outcomes,pull_request_opened,TRUE,sa,4,-0.501943939660036,0.321346331805298,-1.13178274999842,0.127894870678349
important_degree_top3,rolling5,exact1,nevertreated,pc_score,discussion_quality_pc_score,low,github_outcomes,pull_request_opened,TRUE,sa,5,-0.884425706426542,0.277673204887499,-1.42866518800604,-0.340186224847044
important_degree_top3,rolling5,exact1,nevertreated,pc_score,discussion_quality_pc_score,low,github_outcomes,pull_request_opened,TRUE,sa,6,-0.77745257888208,0.360526151570987,-1.48408383596122,-0.0708213218029457
important_degree_top3,rolling5,exact1,nevertreated,pc_score,discussion_quality_pc_score,low,github_outcomes,pull_request_opened,TRUE,sa,7,-0.769809838484037,0.369101186453667,-1.49324816393323,-0.046371513034849
important_degree_top3,rolling5,exact1,nevertreated,pc_score,discussion_quality_pc_score,low,github_outcomes,pull_request_opened,TRUE,sa,8,-1.13311845852481,0.418233933238797,-1.95285696767286,-0.313379949376771
important_degree_top3,rolling5,exact1,nevertreated,pc_score,discussion_quality_pc_score,low,github_outcomes,pull_request_opened,TRUE,sa,9,-1.53611432662655,0.459122253430488,-2.43599394335031,-0.636234709902796
important_degree_top3,rolling5,exact1,nevertreated,pc_score,discussion_quality_pc_score,low,github_outcomes,pull_request_opened,TRUE,sa,10,-0.920870873280198,0.478839528967487,-1.85939635005647,0.0176546034960765
important_degree_top3,rolling5,exact1,nevertreated,pc_score,discussion_quality_pc_score,low,github_outcomes,pull_request_opened,TRUE,sa,11,-1.25292576094509,0.651505259326892,-2.5298760692258,0.024024547335616
important_degree_top3,rolling5,exact1,nevertreated,pc_score,discussion_quality_pc_score,high,github_outcomes,pull_request_opened,TRUE,sa,-15,0.164452766111854,0.59979549992088,-1.01114641373307,1.34005194595678
important_degree_top3,rolling5,exact1,nevertreated,pc_score,discussion_quality_pc_score,high,github_outcomes,pull_request_opened,TRUE,sa,-14,0.151650448141264,1.05533814461148,-1.91681231529724,2.22011321157976
important_degree_top3,rolling5,exact1,nevertreated,pc_score,discussion_quality_pc_score,high,github_outcomes,pull_request_opened,TRUE,sa,-13,1.78969733138254,0.828408041327225,0.166017570381182,3.4133770923839
important_degree_top3,rolling5,exact1,nevertreated,pc_score,discussion_quality_pc_score,high,github_outcomes,pull_request_opened,TRUE,sa,-12,-0.191003161239406,0.572822566416076,-1.31373539141491,0.931729068936102
important_degree_top3,rolling5,exact1,nevertreated,pc_score,discussion_quality_pc_score,high,github_outcomes,pull_request_opened,TRUE,sa,-11,0.755986920347744,0.558833201196286,-0.339326153996977,1.85129999469246
important_degree_top3,rolling5,exact1,nevertreated,pc_score,discussion_quality_pc_score,high,github_outcomes,pull_request_opened,TRUE,sa,-10,-0.00489856371841391,0.425924345952829,-0.839710281785959,0.829913154349131
important_degree_top3,rolling5,exact1,nevertreated,pc_score,discussion_quality_pc_score,high,github_outcomes,pull_request_opened,TRUE,sa,-9,1.54009522556693,0.855825134429586,-0.137322037915056,3.21751248904892
important_degree_top3,rolling5,exact1,nevertreated,pc_score,discussion_quality_pc_score,high,github_outcomes,pull_request_opened,TRUE,sa,-8,0.531981733078323,0.36659141025511,-0.186537431021692,1.25050089717834
important_degree_top3,rolling5,exact1,nevertreated,pc_score,discussion_quality_pc_score,high,github_outcomes,pull_request_opened,TRUE,sa,-7,1.06488721510012,0.481691746878669,0.120771391217925,2.00900303898231
important_degree_top3,rolling5,exact1,nevertreated,pc_score,discussion_quality_pc_score,high,github_outcomes,pull_request_opened,TRUE,sa,-6,1.07193785532799,0.359004375175224,0.368289279984551,1.77558643067143
important_degree_top3,rolling5,exact1,nevertreated,pc_score,discussion_quality_pc_score,high,github_outcomes,pull_request_opened,TRUE,sa,-5,0.404383021236701,0.219940130707629,-0.0266996349502522,0.835465677423654
important_degree_top3,rolling5,exact1,nevertreated,pc_score,discussion_quality_pc_score,high,github_outcomes,pull_request_opened,TRUE,sa,-4,0.508479622422907,0.198941601347469,0.118554083781868,0.898405161063947
important_degree_top3,rolling5,exact1,nevertreated,pc_score,discussion_quality_pc_score,high,github_outcomes,pull_request_opened,TRUE,sa,-3,0.433871845045018,0.219584308102921,0.0034866011632933,0.864257088926743
important_degree_top3,rolling5,exact1,nevertreated,pc_score,discussion_quality_pc_score,high,github_outcomes,pull_request_opened,TRUE,sa,-2,0.441104811451934,0.186583390020792,0.0754013670111823,0.806808255892686
important_degree_top3,rolling5,exact1,nevertreated,pc_score,discussion_quality_pc_score,high,github_outcomes,pull_request_opened,TRUE,sa,-1,0,0,0,0
important_degree_top3,rolling5,exact1,nevertreated,pc_score,discussion_quality_pc_score,high,github_outcomes,pull_request_opened,TRUE,sa,0,0.00683158692830374,0.24778567857618,-0.478828343081009,0.492491516937617
important_degree_top3,rolling5,exact1,nevertreated,pc_score,discussion_quality_pc_score,high,github_outcomes,pull_request_opened,TRUE,sa,1,-0.520791076626426,0.22259289040494,-0.957073141820108,-0.0845090114327437
important_degree_top3,rolling5,exact1,nevertreated,pc_score,discussion_quality_pc_score,high,github_outcomes,pull_request_opened,TRUE,sa,2,-0.715281351807922,0.212356733332774,-1.13150054914016,-0.299062154475684
important_degree_top3,rolling5,exact1,nevertreated,pc_score,discussion_quality_pc_score,high,github_outcomes,pull_request_opened,TRUE,sa,3,-0.879397864322092,0.207197185063709,-1.28550434704696,-0.473291381597222
important_degree_top3,rolling5,exact1,nevertreated,pc_score,discussion_quality_pc_score,high,github_outcomes,pull_request_opened,TRUE,sa,4,-0.810638610981203,0.306280381487853,-1.4109481586974,-0.210329063265011
important_degree_top3,rolling5,exact1,nevertreated,pc_score,discussion_quality_pc_score,high,github_outcomes,pull_request_opened,TRUE,sa,5,-0.612762971365696,0.321174151824199,-1.24226430894113,0.0167383662097337
important_degree_top3,rolling5,exact1,nevertreated,pc_score,discussion_quality_pc_score,high,github_outcomes,pull_request_opened,TRUE,sa,6,-0.620334204836635,0.315157200184129,-1.23804231719753,-0.00262609247574197
important_degree_top3,rolling5,exact1,nevertreated,pc_score,discussion_quality_pc_score,high,github_outcomes,pull_request_opened,TRUE,sa,7,-1.11079959001142,0.439602235755483,-1.97241997209217,-0.249179207930677
important_degree_top3,rolling5,exact1,nevertreated,pc_score,discussion_quality_pc_score,high,github_outcomes,pull_request_opened,TRUE,sa,8,-1.24764986622144,0.476158914805457,-2.18092133924014,-0.314378393202746
important_degree_top3,rolling5,exact1,nevertreated,pc_score,discussion_quality_pc_score,high,github_outcomes,pull_request_opened,TRUE,sa,9,-0.53573420704066,0.770817353577778,-2.0465362200531,0.975067805971784
important_degree_top3,rolling5,exact1,nevertreated,pc_score,discussion_quality_pc_score,high,github_outcomes,pull_request_opened,TRUE,sa,10,-0.994628230588811,0.723751277279116,-2.41318073405588,0.423924272878256
important_degree_top3,rolling5,exact1,nevertreated,pc_score,discussion_quality_pc_score,high,github_outcomes,pull_request_opened,TRUE,sa,11,-1.63271160684802,0.406433782897983,-2.42932182132807,-0.836101392367974
important_degree_top3,rolling5,exact1,nevertreated,pc_score,investment_in_new_talent_pc_score,low,github_outcomes,pull_request_opened,TRUE,sa,-15,-2.29177801182331,0.560086278994808,-3.38954711865313,-1.19400890499349
important_degree_top3,rolling5,exact1,nevertreated,pc_score,investment_in_new_talent_pc_score,low,github_outcomes,pull_request_opened,TRUE,sa,-14,0.31584635345698,0.961291437199418,-1.56828486345388,2.19997757036784
important_degree_top3,rolling5,exact1,nevertreated,pc_score,investment_in_new_talent_pc_score,low,github_outcomes,pull_request_opened,TRUE,sa,-13,1.53411433909933,0.771501236386994,0.02197191578082,3.04625676241784
important_degree_top3,rolling5,exact1,nevertreated,pc_score,investment_in_new_talent_pc_score,low,github_outcomes,pull_request_opened,TRUE,sa,-12,0.00208388569185625,0.498129697243425,-0.974250320905258,0.97841809228897
important_degree_top3,rolling5,exact1,nevertreated,pc_score,investment_in_new_talent_pc_score,low,github_outcomes,pull_request_opened,TRUE,sa,-11,1.04744181087819,0.532807268200114,0.00313956520596159,2.09174405655041
important_degree_top3,rolling5,exact1,nevertreated,pc_score,investment_in_new_talent_pc_score,low,github_outcomes,pull_request_opened,TRUE,sa,-10,0.585154647080547,0.416179990521702,-0.230558134341988,1.40086742850308
important_degree_top3,rolling5,exact1,nevertreated,pc_score,investment_in_new_talent_pc_score,low,github_outcomes,pull_request_opened,TRUE,sa,-9,0.597153543044685,0.30739468622329,-0.005340041952964,1.19964712804233
important_degree_top3,rolling5,exact1,nevertreated,pc_score,investment_in_new_talent_pc_score,low,github_outcomes,pull_request_opened,TRUE,sa,-8,0.0358208571536166,0.236898361783628,-0.428499931942294,0.500141646249527
important_degree_top3,rolling5,exact1,nevertreated,pc_score,investment_in_new_talent_pc_score,low,github_outcomes,pull_request_opened,TRUE,sa,-7,0.310189501923026,0.306311908127749,-0.290181838007361,0.910560841853413
important_degree_top3,rolling5,exact1,nevertreated,pc_score,investment_in_new_talent_pc_score,low,github_outcomes,pull_request_opened,TRUE,sa,-6,0.401653700465138,0.277808611679749,-0.14285117842717,0.946158579357447
important_degree_top3,rolling5,exact1,nevertreated,pc_score,investment_in_new_talent_pc_score,low,github_outcomes,pull_request_opened,TRUE,sa,-5,-0.00127182599781055,0.179886355055255,-0.35384908190611,0.351305429910489
important_degree_top3,rolling5,exact1,nevertreated,pc_score,investment_in_new_talent_pc_score,low,github_outcomes,pull_request_opened,TRUE,sa,-4,0.0823220637479593,0.172677768555326,-0.256126362620479,0.420770490116398
important_degree_top3,rolling5,exact1,nevertreated,pc_score,investment_in_new_talent_pc_score,low,github_outcomes,pull_request_opened,TRUE,sa,-3,0.0941718312046409,0.176359758885091,-0.251493296210138,0.43983695861942
important_degree_top3,rolling5,exact1,nevertreated,pc_score,investment_in_new_talent_pc_score,low,github_outcomes,pull_request_opened,TRUE,sa,-2,0.0993873908582171,0.162651156922284,-0.21940887670946,0.418183658425894
important_degree_top3,rolling5,exact1,nevertreated,pc_score,investment_in_new_talent_pc_score,low,github_outcomes,pull_request_opened,TRUE,sa,-1,0,0,0,0
important_degree_top3,rolling5,exact1,nevertreated,pc_score,investment_in_new_talent_pc_score,low,github_outcomes,pull_request_opened,TRUE,sa,0,-0.00612894261815025,0.257275780063256,-0.510389471542132,0.498131586305832
important_degree_top3,rolling5,exact1,nevertreated,pc_score,investment_in_new_talent_pc_score,low,github_outcomes,pull_request_opened,TRUE,sa,1,-0.55383492939917,0.169369095053589,-0.885798355704205,-0.221871503094135
important_degree_top3,rolling5,exact1,nevertreated,pc_score,investment_in_new_talent_pc_score,low,github_outcomes,pull_request_opened,TRUE,sa,2,-0.60671349104881,0.178487978560749,-0.956549929027877,-0.256877053069743
important_degree_top3,rolling5,exact1,nevertreated,pc_score,investment_in_new_talent_pc_score,low,github_outcomes,pull_request_opened,TRUE,sa,3,-0.853011162831325,0.182723019645863,-1.21114828133722,-0.494874044325433
important_degree_top3,rolling5,exact1,nevertreated,pc_score,investment_in_new_talent_pc_score,low,github_outcomes,pull_request_opened,TRUE,sa,4,-0.451518576323257,0.227221766004764,-0.896873237692595,-0.00616391495391888
important_degree_top3,rolling5,exact1,nevertreated,pc_score,investment_in_new_talent_pc_score,low,github_outcomes,pull_request_opened,TRUE,sa,5,-0.671255788056123,0.202168137561613,-1.06750533767688,-0.275006238435362
important_degree_top3,rolling5,exact1,nevertreated,pc_score,investment_in_new_talent_pc_score,low,github_outcomes,pull_request_opened,TRUE,sa,6,-0.589245578369111,0.243043666907138,-1.0656111655071,-0.11287999123112
important_degree_top3,rolling5,exact1,nevertreated,pc_score,investment_in_new_talent_pc_score,low,github_outcomes,pull_request_opened,TRUE,sa,7,-0.557263257237973,0.310063786776457,-1.16498827931983,0.0504617648438837
important_degree_top3,rolling5,exact1,nevertreated,pc_score,investment_in_new_talent_pc_score,low,github_outcomes,pull_request_opened,TRUE,sa,8,-0.445352328210448,0.314968914485182,-1.0626914006014,0.171986744180508
important_degree_top3,rolling5,exact1,nevertreated,pc_score,investment_in_new_talent_pc_score,low,github_outcomes,pull_request_opened,TRUE,sa,9,-0.781699259627968,0.345398452602657,-1.45868022672918,-0.104718292526759
important_degree_top3,rolling5,exact1,nevertreated,pc_score,investment_in_new_talent_pc_score,low,github_outcomes,pull_request_opened,TRUE,sa,10,-0.530058910463042,0.45680220441294,-1.4253912311124,0.36527341018632
important_degree_top3,rolling5,exact1,nevertreated,pc_score,investment_in_new_talent_pc_score,low,github_outcomes,pull_request_opened,TRUE,sa,11,-1.45090056776627,0.357285467129874,-2.15118008334083,-0.750621052191721
important_degree_top3,rolling5,exact1,nevertreated,pc_score,investment_in_new_talent_pc_score,high,github_outcomes,pull_request_opened,TRUE,sa,-15,0.233077841573103,0.587599569309656,-0.918617314273824,1.38477299742003
important_degree_top3,rolling5,exact1,nevertreated,pc_score,investment_in_new_talent_pc_score,high,github_outcomes,pull_request_opened,TRUE,sa,-14,-1.42460991949873,0.502469798488361,-2.40945072453592,-0.439769114461547
important_degree_top3,rolling5,exact1,nevertreated,pc_score,investment_in_new_talent_pc_score,high,github_outcomes,pull_request_opened,TRUE,sa,-13,0.378145127837271,0.542359415990657,-0.684879327504416,1.44116958317896
important_degree_top3,rolling5,exact1,nevertreated,pc_score,investment_in_new_talent_pc_score,high,github_outcomes,pull_request_opened,TRUE,sa,-12,-0.312410316235165,0.499275786899899,-1.29099085855897,0.666170226088637
important_degree_top3,rolling5,exact1,nevertreated,pc_score,investment_in_new_talent_pc_score,high,github_outcomes,pull_request_opened,TRUE,sa,-11,0.244644300858853,0.738291004724319,-1.20240606840081,1.69169467011852
important_degree_top3,rolling5,exact1,nevertreated,pc_score,investment_in_new_talent_pc_score,high,github_outcomes,pull_request_opened,TRUE,sa,-10,0.475438569969938,0.651564710748132,-0.801628263096401,1.75250540303628
important_degree_top3,rolling5,exact1,nevertreated,pc_score,investment_in_new_talent_pc_score,high,github_outcomes,pull_request_opened,TRUE,sa,-9,1.14920345854785,0.941405937829167,-0.695952179597312,2.99435909669302
important_degree_top3,rolling5,exact1,nevertreated,pc_score,investment_in_new_talent_pc_score,high,github_outcomes,pull_request_opened,TRUE,sa,-8,1.02086336975988,0.650269991638735,-0.253665813852044,2.2953925533718
important_degree_top3,rolling5,exact1,nevertreated,pc_score,investment_in_new_talent_pc_score,high,github_outcomes,pull_request_opened,TRUE,sa,-7,1.17231854902055,0.53211095506048,0.129381077102009,2.21525602093909
important_degree_top3,rolling5,exact1,nevertreated,pc_score,investment_in_new_talent_pc_score,high,github_outcomes,pull_request_opened,TRUE,sa,-6,0.92054679452852,0.394702337850215,0.1469302123421,1.69416337671494
important_degree_top3,rolling5,exact1,nevertreated,pc_score,investment_in_new_talent_pc_score,high,github_outcomes,pull_request_opened,TRUE,sa,-5,0.481589069686722,0.229999852847626,0.0307893581053747,0.932388781268068
important_degree_top3,rolling5,exact1,nevertreated,pc_score,investment_in_new_talent_pc_score,high,github_outcomes,pull_request_opened,TRUE,sa,-4,0.326728718791714,0.207909138986501,-0.0807731936218275,0.734230631205255
important_degree_top3,rolling5,exact1,nevertreated,pc_score,investment_in_new_talent_pc_score,high,github_outcomes,pull_request_opened,TRUE,sa,-3,0.287147431779098,0.197189549816253,-0.0993440858607568,0.673638949418953
important_degree_top3,rolling5,exact1,nevertreated,pc_score,investment_in_new_talent_pc_score,high,github_outcomes,pull_request_opened,TRUE,sa,-2,0.439031906973484,0.164650721475995,0.116316492880533,0.761747321066434
important_degree_top3,rolling5,exact1,nevertreated,pc_score,investment_in_new_talent_pc_score,high,github_outcomes,pull_request_opened,TRUE,sa,-1,0,0,0,0
important_degree_top3,rolling5,exact1,nevertreated,pc_score,investment_in_new_talent_pc_score,high,github_outcomes,pull_request_opened,TRUE,sa,0,-0.0432691417266456,0.294304315396536,-0.620105599903856,0.533567316450565
important_degree_top3,rolling5,exact1,nevertreated,pc_score,investment_in_new_talent_pc_score,high,github_outcomes,pull_request_opened,TRUE,sa,1,-0.253770602302199,0.350137109810358,-0.940039337530501,0.432498132926104
important_degree_top3,rolling5,exact1,nevertreated,pc_score,investment_in_new_talent_pc_score,high,github_outcomes,pull_request_opened,TRUE,sa,2,-0.351955883535857,0.374910715589057,-1.08678088609041,0.382869119018694
important_degree_top3,rolling5,exact1,nevertreated,pc_score,investment_in_new_talent_pc_score,high,github_outcomes,pull_request_opened,TRUE,sa,3,-0.570981727854162,0.336312574814849,-1.23015437449127,0.0881909187829433
important_degree_top3,rolling5,exact1,nevertreated,pc_score,investment_in_new_talent_pc_score,high,github_outcomes,pull_request_opened,TRUE,sa,4,-0.895016919291528,0.408065296332307,-1.69482490010285,-0.0952089384802066
important_degree_top3,rolling5,exact1,nevertreated,pc_score,investment_in_new_talent_pc_score,high,github_outcomes,pull_request_opened,TRUE,sa,5,-0.896655928845772,0.412067580920663,-1.70430838745027,-0.0890034702412721
important_degree_top3,rolling5,exact1,nevertreated,pc_score,investment_in_new_talent_pc_score,high,github_outcomes,pull_request_opened,TRUE,sa,6,-1.01843750055418,0.551761571264503,-2.09989018023261,0.0630151791242428
important_degree_top3,rolling5,exact1,nevertreated,pc_score,investment_in_new_talent_pc_score,high,github_outcomes,pull_request_opened,TRUE,sa,7,-1.35686638938218,0.507160172763297,-2.35090032799824,-0.362832450766114
important_degree_top3,rolling5,exact1,nevertreated,pc_score,investment_in_new_talent_pc_score,high,github_outcomes,pull_request_opened,TRUE,sa,8,-2.13333334469357,0.598736880104137,-3.30685762969768,-0.959809059689466
important_degree_top3,rolling5,exact1,nevertreated,pc_score,investment_in_new_talent_pc_score,high,github_outcomes,pull_request_opened,TRUE,sa,9,-1.57022990446002,0.827404865751138,-3.19194344133225,0.0514836324122112
important_degree_top3,rolling5,exact1,nevertreated,pc_score,investment_in_new_talent_pc_score,high,github_outcomes,pull_request_opened,TRUE,sa,10,-1.47500506653278,0.697612229054506,-2.84232503547961,-0.107685097585948
important_degree_top3,rolling5,exact1,nevertreated,pc_score,investment_in_new_talent_pc_score,high,github_outcomes,pull_request_opened,TRUE,sa,11,-0.893319392593202,0.982871882073706,-2.81974828145767,1.03310949627126
important_degree_top3,rolling5,exact1,nevertreated,pc_score,problem_solving_routines_pc_score,low,github_outcomes,pull_request_opened,TRUE,sa,-15,-0.0232143902323522,0.569649415105515,-1.13972724383916,1.09329846337446
important_degree_top3,rolling5,exact1,nevertreated,pc_score,problem_solving_routines_pc_score,low,github_outcomes,pull_request_opened,TRUE,sa,-14,-0.254760071254393,0.889469385493105,-1.99812006682088,1.48859992431209
important_degree_top3,rolling5,exact1,nevertreated,pc_score,problem_solving_routines_pc_score,low,github_outcomes,pull_request_opened,TRUE,sa,-13,1.00019703607533,0.731747182703973,-0.434027442024457,2.43442151417512
important_degree_top3,rolling5,exact1,nevertreated,pc_score,problem_solving_routines_pc_score,low,github_outcomes,pull_request_opened,TRUE,sa,-12,0.0937681216776841,0.462298802501254,-0.812337531224774,0.999873774580142
important_degree_top3,rolling5,exact1,nevertreated,pc_score,problem_solving_routines_pc_score,low,github_outcomes,pull_request_opened,TRUE,sa,-11,0.67739158393586,0.447651006920443,-0.200004389628208,1.55478755749993
important_degree_top3,rolling5,exact1,nevertreated,pc_score,problem_solving_routines_pc_score,low,github_outcomes,pull_request_opened,TRUE,sa,-10,0.348699116504922,0.461508763393859,-0.555858059747041,1.25325629275688
important_degree_top3,rolling5,exact1,nevertreated,pc_score,problem_solving_routines_pc_score,low,github_outcomes,pull_request_opened,TRUE,sa,-9,0.429442689089888,0.483622854913936,-0.518458106541426,1.3773434847212
important_degree_top3,rolling5,exact1,nevertreated,pc_score,problem_solving_routines_pc_score,low,github_outcomes,pull_request_opened,TRUE,sa,-8,0.245480779171191,0.393693994206963,-0.526159449474455,1.01712100781684
important_degree_top3,rolling5,exact1,nevertreated,pc_score,problem_solving_routines_pc_score,low,github_outcomes,pull_request_opened,TRUE,sa,-7,0.143441823856364,0.30494828623379,-0.454256817161864,0.741140464874592
important_degree_top3,rolling5,exact1,nevertreated,pc_score,problem_solving_routines_pc_score,low,github_outcomes,pull_request_opened,TRUE,sa,-6,0.450271295615602,0.345136672673119,-0.22619658282371,1.12673917405491
important_degree_top3,rolling5,exact1,nevertreated,pc_score,problem_solving_routines_pc_score,low,github_outcomes,pull_request_opened,TRUE,sa,-5,0.114710986138179,0.217534349094311,-0.311656338086671,0.541078310363029
important_degree_top3,rolling5,exact1,nevertreated,pc_score,problem_solving_routines_pc_score,low,github_outcomes,pull_request_opened,TRUE,sa,-4,0.164160133963993,0.190305118020526,-0.208837897356239,0.537158165284225
important_degree_top3,rolling5,exact1,nevertreated,pc_score,problem_solving_routines_pc_score,low,github_outcomes,pull_request_opened,TRUE,sa,-3,0.313911179252771,0.208750909126118,-0.095240602634421,0.723062961139962
important_degree_top3,rolling5,exact1,nevertreated,pc_score,problem_solving_routines_pc_score,low,github_outcomes,pull_request_opened,TRUE,sa,-2,0.151171437705116,0.179688480852379,-0.201017984765547,0.503360860175779
important_degree_top3,rolling5,exact1,nevertreated,pc_score,problem_solving_routines_pc_score,low,github_outcomes,pull_request_opened,TRUE,sa,-1,0,0,0,0
important_degree_top3,rolling5,exact1,nevertreated,pc_score,problem_solving_routines_pc_score,low,github_outcomes,pull_request_opened,TRUE,sa,0,-0.170921262915986,0.194396197318471,-0.55193780966019,0.210095283828218
important_degree_top3,rolling5,exact1,nevertreated,pc_score,problem_solving_routines_pc_score,low,github_outcomes,pull_request_opened,TRUE,sa,1,-0.174743182993253,0.226146380683834,-0.617990089133569,0.268503723147062
important_degree_top3,rolling5,exact1,nevertreated,pc_score,problem_solving_routines_pc_score,low,github_outcomes,pull_request_opened,TRUE,sa,2,-0.357646115105444,0.285400901005667,-0.917031881076552,0.201739650865664
important_degree_top3,rolling5,exact1,nevertreated,pc_score,problem_solving_routines_pc_score,low,github_outcomes,pull_request_opened,TRUE,sa,3,-0.548746592340718,0.278606147000828,-1.09481464046234,-0.00267854421909486
important_degree_top3,rolling5,exact1,nevertreated,pc_score,problem_solving_routines_pc_score,low,github_outcomes,pull_request_opened,TRUE,sa,4,-0.324803148872144,0.336761369017573,-0.984855432146586,0.335249134402298
important_degree_top3,rolling5,exact1,nevertreated,pc_score,problem_solving_routines_pc_score,low,github_outcomes,pull_request_opened,TRUE,sa,5,-0.334837191168589,0.384720925335542,-1.08889020482625,0.419215822489073
important_degree_top3,rolling5,exact1,nevertreated,pc_score,problem_solving_routines_pc_score,low,github_outcomes,pull_request_opened,TRUE,sa,6,-0.175760994838276,0.518178943920073,-1.19139172492162,0.839869735245068
important_degree_top3,rolling5,exact1,nevertreated,pc_score,problem_solving_routines_pc_score,low,github_outcomes,pull_request_opened,TRUE,sa,7,-0.662805187899981,0.489913592348338,-1.62303582890272,0.297425453102761
important_degree_top3,rolling5,exact1,nevertreated,pc_score,problem_solving_routines_pc_score,low,github_outcomes,pull_request_opened,TRUE,sa,8,-1.15268328958044,0.457022155890242,-2.04844671512532,-0.256919864035567
important_degree_top3,rolling5,exact1,nevertreated,pc_score,problem_solving_routines_pc_score,low,github_outcomes,pull_request_opened,TRUE,sa,9,-0.629653054111219,0.748293179273965,-2.09630768548819,0.837001577265753
important_degree_top3,rolling5,exact1,nevertreated,pc_score,problem_solving_routines_pc_score,low,github_outcomes,pull_request_opened,TRUE,sa,10,-1.12981213408422,0.709201937308535,-2.51984793120895,0.260223663040508
important_degree_top3,rolling5,exact1,nevertreated,pc_score,problem_solving_routines_pc_score,low,github_outcomes,pull_request_opened,TRUE,sa,11,-1.91604454806485,0.502471493141883,-2.90088867462294,-0.931200421506762
important_degree_top3,rolling5,exact1,nevertreated,pc_score,problem_solving_routines_pc_score,high,github_outcomes,pull_request_opened,TRUE,sa,-15,-1.95590950715596,0.561071368761905,-3.0556093899293,-0.856209624382629
important_degree_top3,rolling5,exact1,nevertreated,pc_score,problem_solving_routines_pc_score,high,github_outcomes,pull_request_opened,TRUE,sa,-14,-1.02093736883295,0.73442362059999,-2.46040766520893,0.418532927543028
important_degree_top3,rolling5,exact1,nevertreated,pc_score,problem_solving_routines_pc_score,high,github_outcomes,pull_request_opened,TRUE,sa,-13,1.00333928125206,0.595153690214238,-0.163161951567846,2.16984051407196
important_degree_top3,rolling5,exact1,nevertreated,pc_score,problem_solving_routines_pc_score,high,github_outcomes,pull_request_opened,TRUE,sa,-12,-0.169738470771064,0.452994994165192,-1.05760865933484,0.718131717792713
important_degree_top3,rolling5,exact1,nevertreated,pc_score,problem_solving_routines_pc_score,high,github_outcomes,pull_request_opened,TRUE,sa,-11,0.814799485799828,0.900494936969471,-0.950170590660334,2.57976956225999
important_degree_top3,rolling5,exact1,nevertreated,pc_score,problem_solving_routines_pc_score,high,github_outcomes,pull_request_opened,TRUE,sa,-10,0.849635550980699,0.582856943755467,-0.292764058780015,1.99203516074141
important_degree_top3,rolling5,exact1,nevertreated,pc_score,problem_solving_routines_pc_score,high,github_outcomes,pull_request_opened,TRUE,sa,-9,1.22684005119417,0.727923529198487,-0.199890066034868,2.6535701684232
important_degree_top3,rolling5,exact1,nevertreated,pc_score,problem_solving_routines_pc_score,high,github_outcomes,pull_request_opened,TRUE,sa,-8,0.711835269033064,0.488816139248886,-0.246244363894753,1.66991490196088
important_degree_top3,rolling5,exact1,nevertreated,pc_score,problem_solving_routines_pc_score,high,github_outcomes,pull_request_opened,TRUE,sa,-7,1.28072395720602,0.472046250872537,0.355513305495847,2.20593460891619
important_degree_top3,rolling5,exact1,nevertreated,pc_score,problem_solving_routines_pc_score,high,github_outcomes,pull_request_opened,TRUE,sa,-6,0.841356762040106,0.320711118398808,0.212762969978442,1.46995055410177
important_degree_top3,rolling5,exact1,nevertreated,pc_score,problem_solving_routines_pc_score,high,github_outcomes,pull_request_opened,TRUE,sa,-5,0.339318087399518,0.190172432987302,-0.0334198812555947,0.71205605605463
important_degree_top3,rolling5,exact1,nevertreated,pc_score,problem_solving_routines_pc_score,high,github_outcomes,pull_request_opened,TRUE,sa,-4,0.233718091998859,0.180905967307672,-0.120857603924178,0.588293787921897
important_degree_top3,rolling5,exact1,nevertreated,pc_score,problem_solving_routines_pc_score,high,github_outcomes,pull_request_opened,TRUE,sa,-3,0.0978031114895339,0.168598699446626,-0.232650339425853,0.42825656240492
important_degree_top3,rolling5,exact1,nevertreated,pc_score,problem_solving_routines_pc_score,high,github_outcomes,pull_request_opened,TRUE,sa,-2,0.408309466519812,0.144799629237703,0.124502193213913,0.692116739825711
important_degree_top3,rolling5,exact1,nevertreated,pc_score,problem_solving_routines_pc_score,high,github_outcomes,pull_request_opened,TRUE,sa,-1,0,0,0,0
important_degree_top3,rolling5,exact1,nevertreated,pc_score,problem_solving_routines_pc_score,high,github_outcomes,pull_request_opened,TRUE,sa,0,0.133919369301886,0.318337592642752,-0.490022312277908,0.757861050881679
important_degree_top3,rolling5,exact1,nevertreated,pc_score,problem_solving_routines_pc_score,high,github_outcomes,pull_request_opened,TRUE,sa,1,-0.602628133024003,0.292479465720434,-1.17588788583605,-0.0293683802119524
important_degree_top3,rolling5,exact1,nevertreated,pc_score,problem_solving_routines_pc_score,high,github_outcomes,pull_request_opened,TRUE,sa,2,-0.617954011953491,0.292109190233093,-1.19048802481035,-0.0454199990966291
important_degree_top3,rolling5,exact1,nevertreated,pc_score,problem_solving_routines_pc_score,high,github_outcomes,pull_request_opened,TRUE,sa,3,-0.819398048228623,0.256580400072368,-1.32229563237046,-0.316500464086781
important_degree_top3,rolling5,exact1,nevertreated,pc_score,problem_solving_routines_pc_score,high,github_outcomes,pull_request_opened,TRUE,sa,4,-0.905886921801083,0.297748596948625,-1.48947417182039,-0.322299671781778
important_degree_top3,rolling5,exact1,nevertreated,pc_score,problem_solving_routines_pc_score,high,github_outcomes,pull_request_opened,TRUE,sa,5,-1.13765810050733,0.233465334179278,-1.59525015549871,-0.680066045515945
important_degree_top3,rolling5,exact1,nevertreated,pc_score,problem_solving_routines_pc_score,high,github_outcomes,pull_request_opened,TRUE,sa,6,-1.22514255212219,0.287236843943139,-1.78812676625074,-0.662158337993634
important_degree_top3,rolling5,exact1,nevertreated,pc_score,problem_solving_routines_pc_score,high,github_outcomes,pull_request_opened,TRUE,sa,7,-1.23929633974895,0.324868391659578,-1.87603838740173,-0.60255429209618
important_degree_top3,rolling5,exact1,nevertreated,pc_score,problem_solving_routines_pc_score,high,github_outcomes,pull_request_opened,TRUE,sa,8,-1.20910345170151,0.433571289494141,-2.05890317911003,-0.359303724292996
important_degree_top3,rolling5,exact1,nevertreated,pc_score,problem_solving_routines_pc_score,high,github_outcomes,pull_request_opened,TRUE,sa,9,-1.46115004399451,0.484448187125108,-2.41066849075972,-0.511631597229301
important_degree_top3,rolling5,exact1,nevertreated,pc_score,problem_solving_routines_pc_score,high,github_outcomes,pull_request_opened,TRUE,sa,10,-0.896011938730464,0.493367497058148,-1.86301223296443,0.0709883555035048
important_degree_top3,rolling5,exact1,nevertreated,pc_score,problem_solving_routines_pc_score,high,github_outcomes,pull_request_opened,TRUE,sa,11,-1.18306650739902,0.75853302224212,-2.66979123099358,0.303658216195531
important_degree_top3,rolling5,exact1,nevertreated,pc_score,collaboration_pc_score,low,github_outcomes,pull_request_opened,FALSE,sa,-15,1.90732252046448,2.6897913641473,-3.36466855326423,7.17931359419319
important_degree_top3,rolling5,exact1,nevertreated,pc_score,collaboration_pc_score,low,github_outcomes,pull_request_opened,FALSE,sa,-14,4.48244326203252,3.12704781232507,-1.64657045012462,10.6114569741897
important_degree_top3,rolling5,exact1,nevertreated,pc_score,collaboration_pc_score,low,github_outcomes,pull_request_opened,FALSE,sa,-13,5.75523901241142,2.65031445512479,0.560622680366822,10.949855344456
important_degree_top3,rolling5,exact1,nevertreated,pc_score,collaboration_pc_score,low,github_outcomes,pull_request_opened,FALSE,sa,-12,6.23264357459107,3.09891411959434,0.158771900186157,12.306515248996
important_degree_top3,rolling5,exact1,nevertreated,pc_score,collaboration_pc_score,low,github_outcomes,pull_request_opened,FALSE,sa,-11,5.01376052679342,3.08890727485723,-1.04049773192675,11.0680187855136
important_degree_top3,rolling5,exact1,nevertreated,pc_score,collaboration_pc_score,low,github_outcomes,pull_request_opened,FALSE,sa,-10,2.80114186995038,2.94093256648795,-2.96308596036601,8.56536970026677
important_degree_top3,rolling5,exact1,nevertreated,pc_score,collaboration_pc_score,low,github_outcomes,pull_request_opened,FALSE,sa,-9,-0.371097357918839,2.91167805992182,-6.07798635536561,5.33579163952793
important_degree_top3,rolling5,exact1,nevertreated,pc_score,collaboration_pc_score,low,github_outcomes,pull_request_opened,FALSE,sa,-8,0.117152306948034,2.37064342577055,-4.52930880756224,4.76361342145831
important_degree_top3,rolling5,exact1,nevertreated,pc_score,collaboration_pc_score,low,github_outcomes,pull_request_opened,FALSE,sa,-7,3.56958128574473,2.20142849097119,-0.74521855655881,7.88438112804827
important_degree_top3,rolling5,exact1,nevertreated,pc_score,collaboration_pc_score,low,github_outcomes,pull_request_opened,FALSE,sa,-6,3.42000830350755,2.19287802152433,-0.878032618680142,7.71804922569524
important_degree_top3,rolling5,exact1,nevertreated,pc_score,collaboration_pc_score,low,github_outcomes,pull_request_opened,FALSE,sa,-5,3.74431635290172,2.4148928968771,-0.988873724977407,8.47750643078084
important_degree_top3,rolling5,exact1,nevertreated,pc_score,collaboration_pc_score,low,github_outcomes,pull_request_opened,FALSE,sa,-4,3.15605588267096,2.15464218385656,-1.0670427976879,7.37915456302983
important_degree_top3,rolling5,exact1,nevertreated,pc_score,collaboration_pc_score,low,github_outcomes,pull_request_opened,FALSE,sa,-3,1.95514467503433,1.66459232471762,-1.3074562814122,5.21774563148086
important_degree_top3,rolling5,exact1,nevertreated,pc_score,collaboration_pc_score,low,github_outcomes,pull_request_opened,FALSE,sa,-2,3.0666039884971,0.986306796671078,1.13344266702179,4.99976530997242
important_degree_top3,rolling5,exact1,nevertreated,pc_score,collaboration_pc_score,low,github_outcomes,pull_request_opened,FALSE,sa,-1,0,0,0,0
important_degree_top3,rolling5,exact1,nevertreated,pc_score,collaboration_pc_score,low,github_outcomes,pull_request_opened,FALSE,sa,0,1.0794939649161,1.83951648775971,-2.52595835109294,4.68494628092514
important_degree_top3,rolling5,exact1,nevertreated,pc_score,collaboration_pc_score,low,github_outcomes,pull_request_opened,FALSE,sa,1,0.637216299440118,2.21448108938136,-3.70316663574735,4.97759923462758
important_degree_top3,rolling5,exact1,nevertreated,pc_score,collaboration_pc_score,low,github_outcomes,pull_request_opened,FALSE,sa,2,-0.348455342351159,2.89663179180992,-6.0258536542986,5.32894296959628
important_degree_top3,rolling5,exact1,nevertreated,pc_score,collaboration_pc_score,low,github_outcomes,pull_request_opened,FALSE,sa,3,-0.472037431903658,2.62960360587421,-5.62606049941711,4.6819856356098
important_degree_top3,rolling5,exact1,nevertreated,pc_score,collaboration_pc_score,low,github_outcomes,pull_request_opened,FALSE,sa,4,-1.42354655296508,2.67438567817438,-6.66534248218687,3.8182493762567
important_degree_top3,rolling5,exact1,nevertreated,pc_score,collaboration_pc_score,low,github_outcomes,pull_request_opened,FALSE,sa,5,-2.12848850984753,2.96872694821632,-7.94719332835152,3.69021630865646
important_degree_top3,rolling5,exact1,nevertreated,pc_score,collaboration_pc_score,low,github_outcomes,pull_request_opened,FALSE,sa,6,-1.0095182952426,3.82306555786188,-8.50272678865189,6.48369019816668
important_degree_top3,rolling5,exact1,nevertreated,pc_score,collaboration_pc_score,low,github_outcomes,pull_request_opened,FALSE,sa,7,-0.0678923310718411,4.36976837296354,-8.63263834208039,8.49685367993671
important_degree_top3,rolling5,exact1,nevertreated,pc_score,collaboration_pc_score,low,github_outcomes,pull_request_opened,FALSE,sa,8,-2.76960891514413,4.19577179380394,-10.9933216309998,5.4541038007116
important_degree_top3,rolling5,exact1,nevertreated,pc_score,collaboration_pc_score,low,github_outcomes,pull_request_opened,FALSE,sa,9,-7.44256203456498,3.66067387186627,-14.6174828234229,-0.267641245707085
important_degree_top3,rolling5,exact1,nevertreated,pc_score,collaboration_pc_score,low,github_outcomes,pull_request_opened,FALSE,sa,10,-9.1750177683276,3.96575997851307,-16.9479073262132,-1.40212821044197
important_degree_top3,rolling5,exact1,nevertreated,pc_score,collaboration_pc_score,low,github_outcomes,pull_request_opened,FALSE,sa,11,-5.73170280326024,3.90939555056827,-13.3941180823741,1.93071247585358
important_degree_top3,rolling5,exact1,nevertreated,pc_score,collaboration_pc_score,high,github_outcomes,pull_request_opened,FALSE,sa,-15,19.624986190582,12.4625566649729,-4.80162487276495,44.0515972539289
important_degree_top3,rolling5,exact1,nevertreated,pc_score,collaboration_pc_score,high,github_outcomes,pull_request_opened,FALSE,sa,-14,10.3554063620409,9.25791943653361,-7.79011573356495,28.5009284576468
important_degree_top3,rolling5,exact1,nevertreated,pc_score,collaboration_pc_score,high,github_outcomes,pull_request_opened,FALSE,sa,-13,17.8181598180992,8.85279836583672,0.466675021059245,35.1696446151392
important_degree_top3,rolling5,exact1,nevertreated,pc_score,collaboration_pc_score,high,github_outcomes,pull_request_opened,FALSE,sa,-12,26.0388125644215,19.4302331188778,-12.044444348579,64.122069477422
important_degree_top3,rolling5,exact1,nevertreated,pc_score,collaboration_pc_score,high,github_outcomes,pull_request_opened,FALSE,sa,-11,44.8118433305251,24.3444010647596,-2.90318275640369,92.5268694174538
important_degree_top3,rolling5,exact1,nevertreated,pc_score,collaboration_pc_score,high,github_outcomes,pull_request_opened,FALSE,sa,-10,38.9921559555687,24.1751682920714,-8.39117389689125,86.3754858080286
important_degree_top3,rolling5,exact1,nevertreated,pc_score,collaboration_pc_score,high,github_outcomes,pull_request_opened,FALSE,sa,-9,46.591444620238,26.267728719772,-4.89330367051503,98.076192910991
important_degree_top3,rolling5,exact1,nevertreated,pc_score,collaboration_pc_score,high,github_outcomes,pull_request_opened,FALSE,sa,-8,44.6884408750807,27.0128257885957,-8.25669767056678,97.6335794207282
important_degree_top3,rolling5,exact1,nevertreated,pc_score,collaboration_pc_score,high,github_outcomes,pull_request_opened,FALSE,sa,-7,40.0944250398433,25.6149680271004,-10.1109122932736,90.2997623729602
important_degree_top3,rolling5,exact1,nevertreated,pc_score,collaboration_pc_score,high,github_outcomes,pull_request_opened,FALSE,sa,-6,26.8877736606091,18.8383759541797,-10.0354432095832,63.8109905308013
important_degree_top3,rolling5,exact1,nevertreated,pc_score,collaboration_pc_score,high,github_outcomes,pull_request_opened,FALSE,sa,-5,17.4518950212139,13.6838556554188,-9.3684620634069,44.2722521058348
important_degree_top3,rolling5,exact1,nevertreated,pc_score,collaboration_pc_score,high,github_outcomes,pull_request_opened,FALSE,sa,-4,10.8293630687377,8.91468257265994,-6.64341477367575,28.3021409111512
important_degree_top3,rolling5,exact1,nevertreated,pc_score,collaboration_pc_score,high,github_outcomes,pull_request_opened,FALSE,sa,-3,7.16733802187176,5.57930409476961,-3.76809800387667,18.1027740476202
important_degree_top3,rolling5,exact1,nevertreated,pc_score,collaboration_pc_score,high,github_outcomes,pull_request_opened,FALSE,sa,-2,2.2910191386122,3.45524112156934,-4.48125345966371,9.06329173688811
important_degree_top3,rolling5,exact1,nevertreated,pc_score,collaboration_pc_score,high,github_outcomes,pull_request_opened,FALSE,sa,-1,0,0,0,0
important_degree_top3,rolling5,exact1,nevertreated,pc_score,collaboration_pc_score,high,github_outcomes,pull_request_opened,FALSE,sa,0,-6.84335266171523,2.74421873134028,-12.2220213751422,-1.46468394828828
important_degree_top3,rolling5,exact1,nevertreated,pc_score,collaboration_pc_score,high,github_outcomes,pull_request_opened,FALSE,sa,1,-10.3346972006209,4.75540070400949,-19.6552825804795,-1.01411182076231
important_degree_top3,rolling5,exact1,nevertreated,pc_score,collaboration_pc_score,high,github_outcomes,pull_request_opened,FALSE,sa,2,-12.8932942269265,6.55170115728966,-25.7346284952143,-0.0519599586387969
important_degree_top3,rolling5,exact1,nevertreated,pc_score,collaboration_pc_score,high,github_outcomes,pull_request_opened,FALSE,sa,3,-18.5824288056532,8.60273518592228,-35.4437897700608,-1.72106784124552
important_degree_top3,rolling5,exact1,nevertreated,pc_score,collaboration_pc_score,high,github_outcomes,pull_request_opened,FALSE,sa,4,-20.1786163771362,10.0070627761833,-39.7924594184554,-0.56477333581697
important_degree_top3,rolling5,exact1,nevertreated,pc_score,collaboration_pc_score,high,github_outcomes,pull_request_opened,FALSE,sa,5,-17.1201337236859,9.32492315011284,-35.396983097907,1.15671565053531
important_degree_top3,rolling5,exact1,nevertreated,pc_score,collaboration_pc_score,high,github_outcomes,pull_request_opened,FALSE,sa,6,-21.0246262675578,11.2949075913727,-43.1626451466482,1.11339261153256
important_degree_top3,rolling5,exact1,nevertreated,pc_score,collaboration_pc_score,high,github_outcomes,pull_request_opened,FALSE,sa,7,-17.81247464937,10.9736540903805,-39.3208366665157,3.69588736777578
important_degree_top3,rolling5,exact1,nevertreated,pc_score,collaboration_pc_score,high,github_outcomes,pull_request_opened,FALSE,sa,8,-13.8560919116516,11.4101184266319,-36.2199240278501,8.50774020454684
important_degree_top3,rolling5,exact1,nevertreated,pc_score,collaboration_pc_score,high,github_outcomes,pull_request_opened,FALSE,sa,9,-8.48978411973521,11.032363199043,-30.1132159898596,13.1336477503891
important_degree_top3,rolling5,exact1,nevertreated,pc_score,collaboration_pc_score,high,github_outcomes,pull_request_opened,FALSE,sa,10,-10.2785509141416,13.8852112051196,-37.4935648761761,16.9364630478928
important_degree_top3,rolling5,exact1,nevertreated,pc_score,collaboration_pc_score,high,github_outcomes,pull_request_opened,FALSE,sa,11,-18.3702460601094,18.136882664974,-53.9185360834583,17.1780439632396
important_degree_top3,rolling5,exact1,nevertreated,pc_score,knowledge_level_pc_score,low,github_outcomes,pull_request_opened,FALSE,sa,-15,19.6529961126534,11.9768738658494,-3.82167666441141,43.1276688897183
important_degree_top3,rolling5,exact1,nevertreated,pc_score,knowledge_level_pc_score,low,github_outcomes,pull_request_opened,FALSE,sa,-14,12.6829002895372,7.94054623419579,-2.88057032948657,28.2463709085609
important_degree_top3,rolling5,exact1,nevertreated,pc_score,knowledge_level_pc_score,low,github_outcomes,pull_request_opened,FALSE,sa,-13,15.1351041969052,7.92079633503309,-0.389656619759682,30.65986501357
important_degree_top3,rolling5,exact1,nevertreated,pc_score,knowledge_level_pc_score,low,github_outcomes,pull_request_opened,FALSE,sa,-12,18.1149472407942,11.3880925101254,-4.20571407905166,40.4356085606401
important_degree_top3,rolling5,exact1,nevertreated,pc_score,knowledge_level_pc_score,low,github_outcomes,pull_request_opened,FALSE,sa,-11,27.2417736700895,17.1654051029782,-6.40242033174782,60.8859676719268
important_degree_top3,rolling5,exact1,nevertreated,pc_score,knowledge_level_pc_score,low,github_outcomes,pull_request_opened,FALSE,sa,-10,26.2454326291521,15.8903385318928,-4.89963089335777,57.390496151662
important_degree_top3,rolling5,exact1,nevertreated,pc_score,knowledge_level_pc_score,low,github_outcomes,pull_request_opened,FALSE,sa,-9,26.4889227504081,17.3864828067575,-7.58858355083656,60.5664290516528
important_degree_top3,rolling5,exact1,nevertreated,pc_score,knowledge_level_pc_score,low,github_outcomes,pull_request_opened,FALSE,sa,-8,31.0778219966325,20.4273018727053,-8.9596896738698,71.1153336671348
important_degree_top3,rolling5,exact1,nevertreated,pc_score,knowledge_level_pc_score,low,github_outcomes,pull_request_opened,FALSE,sa,-7,27.5450456917587,16.3774018204739,-4.55466187637027,59.6447532598876
important_degree_top3,rolling5,exact1,nevertreated,pc_score,knowledge_level_pc_score,low,github_outcomes,pull_request_opened,FALSE,sa,-6,21.6975350824332,13.1997692686028,-4.17401268402839,47.5690828488947
important_degree_top3,rolling5,exact1,nevertreated,pc_score,knowledge_level_pc_score,low,github_outcomes,pull_request_opened,FALSE,sa,-5,16.6492703997567,10.4126864151176,-3.7595949738738,37.0581357733871
important_degree_top3,rolling5,exact1,nevertreated,pc_score,knowledge_level_pc_score,low,github_outcomes,pull_request_opened,FALSE,sa,-4,12.1916198315898,7.35285068825954,-2.21996751739888,26.6032071805785
important_degree_top3,rolling5,exact1,nevertreated,pc_score,knowledge_level_pc_score,low,github_outcomes,pull_request_opened,FALSE,sa,-3,9.15773278608826,5.50518518922592,-1.63243018479454,19.9478957569711
important_degree_top3,rolling5,exact1,nevertreated,pc_score,knowledge_level_pc_score,low,github_outcomes,pull_request_opened,FALSE,sa,-2,4.99429859092761,3.2614010470373,-1.39804746126551,11.3866446431207
important_degree_top3,rolling5,exact1,nevertreated,pc_score,knowledge_level_pc_score,low,github_outcomes,pull_request_opened,FALSE,sa,-1,0,0,0,0
important_degree_top3,rolling5,exact1,nevertreated,pc_score,knowledge_level_pc_score,low,github_outcomes,pull_request_opened,FALSE,sa,0,-3.68783321406628,2.94486766578534,-9.45977383900555,2.08410741087298
important_degree_top3,rolling5,exact1,nevertreated,pc_score,knowledge_level_pc_score,low,github_outcomes,pull_request_opened,FALSE,sa,1,-4.84465022316653,4.54798802943553,-13.7587067608602,4.06940631452711
important_degree_top3,rolling5,exact1,nevertreated,pc_score,knowledge_level_pc_score,low,github_outcomes,pull_request_opened,FALSE,sa,2,-8.58671678663402,6.60997211866541,-21.5422621392182,4.36882856595018
important_degree_top3,rolling5,exact1,nevertreated,pc_score,knowledge_level_pc_score,low,github_outcomes,pull_request_opened,FALSE,sa,3,-11.3723850012883,7.33737517842901,-25.7536403510092,3.00887034843253
important_degree_top3,rolling5,exact1,nevertreated,pc_score,knowledge_level_pc_score,low,github_outcomes,pull_request_opened,FALSE,sa,4,-11.6625036803389,7.40541247504326,-26.1771121314237,2.85210477074589
important_degree_top3,rolling5,exact1,nevertreated,pc_score,knowledge_level_pc_score,low,github_outcomes,pull_request_opened,FALSE,sa,5,-9.57001142027694,6.33800554909877,-21.9925022965105,2.85247945595665
important_degree_top3,rolling5,exact1,nevertreated,pc_score,knowledge_level_pc_score,low,github_outcomes,pull_request_opened,FALSE,sa,6,-11.2017661232946,8.1364098845798,-27.1491294970711,4.74559725048176
important_degree_top3,rolling5,exact1,nevertreated,pc_score,knowledge_level_pc_score,low,github_outcomes,pull_request_opened,FALSE,sa,7,-7.27445435661435,7.96893442023125,-22.8935658202676,8.3446571070389
important_degree_top3,rolling5,exact1,nevertreated,pc_score,knowledge_level_pc_score,low,github_outcomes,pull_request_opened,FALSE,sa,8,-4.91754589596554,6.75296753752662,-18.1533622695177,8.31827047758664
important_degree_top3,rolling5,exact1,nevertreated,pc_score,knowledge_level_pc_score,low,github_outcomes,pull_request_opened,FALSE,sa,9,-7.20967084803447,8.14997655345641,-23.183624892809,8.7642831967401
important_degree_top3,rolling5,exact1,nevertreated,pc_score,knowledge_level_pc_score,low,github_outcomes,pull_request_opened,FALSE,sa,10,-18.0651539803572,11.1648274556547,-39.9482157934404,3.81790783272599
important_degree_top3,rolling5,exact1,nevertreated,pc_score,knowledge_level_pc_score,low,github_outcomes,pull_request_opened,FALSE,sa,11,-13.2132860204032,13.2373632570153,-39.1585180041533,12.7319459633468
important_degree_top3,rolling5,exact1,nevertreated,pc_score,knowledge_level_pc_score,high,github_outcomes,pull_request_opened,FALSE,sa,-15,4.24416656817044,7.08203349458403,-9.63661908121426,18.1249522175551
important_degree_top3,rolling5,exact1,nevertreated,pc_score,knowledge_level_pc_score,high,github_outcomes,pull_request_opened,FALSE,sa,-14,-0.452647888694842,5.9139073828703,-12.0439063591206,11.1386105817309
important_degree_top3,rolling5,exact1,nevertreated,pc_score,knowledge_level_pc_score,high,github_outcomes,pull_request_opened,FALSE,sa,-13,12.0956451992175,7.6520982690692,-2.90246740815816,27.0937578065931
important_degree_top3,rolling5,exact1,nevertreated,pc_score,knowledge_level_pc_score,high,github_outcomes,pull_request_opened,FALSE,sa,-12,6.56657725836011,6.36141270516519,-5.90179164376367,19.0349461604839
important_degree_top3,rolling5,exact1,nevertreated,pc_score,knowledge_level_pc_score,high,github_outcomes,pull_request_opened,FALSE,sa,-11,22.2982499500873,15.5065600348386,-8.09460771819643,52.6911076183711
important_degree_top3,rolling5,exact1,nevertreated,pc_score,knowledge_level_pc_score,high,github_outcomes,pull_request_opened,FALSE,sa,-10,14.058251650247,12.9219188942115,-11.2687093824075,39.3852126829015
important_degree_top3,rolling5,exact1,nevertreated,pc_score,knowledge_level_pc_score,high,github_outcomes,pull_request_opened,FALSE,sa,-9,22.6481966750589,17.983700087102,-12.599855495661,57.8962488457789
important_degree_top3,rolling5,exact1,nevertreated,pc_score,knowledge_level_pc_score,high,github_outcomes,pull_request_opened,FALSE,sa,-8,24.9630237689888,24.2581745108065,-22.5829982721919,72.5090458101695
important_degree_top3,rolling5,exact1,nevertreated,pc_score,knowledge_level_pc_score,high,github_outcomes,pull_request_opened,FALSE,sa,-7,22.0227390519568,20.9691620757378,-19.0768186164894,63.1222967204029
important_degree_top3,rolling5,exact1,nevertreated,pc_score,knowledge_level_pc_score,high,github_outcomes,pull_request_opened,FALSE,sa,-6,15.8374038688257,16.1028408113549,-15.72416412143,47.3989718590813
important_degree_top3,rolling5,exact1,nevertreated,pc_score,knowledge_level_pc_score,high,github_outcomes,pull_request_opened,FALSE,sa,-5,11.8705813436881,13.364127112755,-14.3231077973118,38.0642704846879
important_degree_top3,rolling5,exact1,nevertreated,pc_score,knowledge_level_pc_score,high,github_outcomes,pull_request_opened,FALSE,sa,-4,6.44287323421347,8.35055662471141,-9.9242177502209,22.8099642186478
important_degree_top3,rolling5,exact1,nevertreated,pc_score,knowledge_level_pc_score,high,github_outcomes,pull_request_opened,FALSE,sa,-3,2.92869195116253,3.51182568152734,-3.95448638463106,9.81187028695612
important_degree_top3,rolling5,exact1,nevertreated,pc_score,knowledge_level_pc_score,high,github_outcomes,pull_request_opened,FALSE,sa,-2,2.89008090795456,2.67194168829335,-2.34692480110041,8.12708661700953
important_degree_top3,rolling5,exact1,nevertreated,pc_score,knowledge_level_pc_score,high,github_outcomes,pull_request_opened,FALSE,sa,-1,0,0,0,0
important_degree_top3,rolling5,exact1,nevertreated,pc_score,knowledge_level_pc_score,high,github_outcomes,pull_request_opened,FALSE,sa,0,-0.791614445823422,1.41740040569106,-3.56971924097789,1.98649034933105
important_degree_top3,rolling5,exact1,nevertreated,pc_score,knowledge_level_pc_score,high,github_outcomes,pull_request_opened,FALSE,sa,1,-2.75243784294199,2.24385792615247,-7.15039937820084,1.64552369231685
important_degree_top3,rolling5,exact1,nevertreated,pc_score,knowledge_level_pc_score,high,github_outcomes,pull_request_opened,FALSE,sa,2,-3.71246479106688,3.3479052828193,-10.2743591453927,2.84942956325895
important_degree_top3,rolling5,exact1,nevertreated,pc_score,knowledge_level_pc_score,high,github_outcomes,pull_request_opened,FALSE,sa,3,-6.07783645062221,5.35485382719334,-16.5733499519212,4.41767705067674
important_degree_top3,rolling5,exact1,nevertreated,pc_score,knowledge_level_pc_score,high,github_outcomes,pull_request_opened,FALSE,sa,4,-7.53528087011468,6.77604084992408,-20.8163209359659,5.74575919573652
important_degree_top3,rolling5,exact1,nevertreated,pc_score,knowledge_level_pc_score,high,github_outcomes,pull_request_opened,FALSE,sa,5,-7.8995296911342,7.19124802451555,-21.9943758191847,6.19531643691628
important_degree_top3,rolling5,exact1,nevertreated,pc_score,knowledge_level_pc_score,high,github_outcomes,pull_request_opened,FALSE,sa,6,-9.27057942662873,9.03129055312968,-26.9719089107629,8.43075005750544
important_degree_top3,rolling5,exact1,nevertreated,pc_score,knowledge_level_pc_score,high,github_outcomes,pull_request_opened,FALSE,sa,7,-8.61504761916203,8.7530941967168,-25.771112244727,8.5410170064029
important_degree_top3,rolling5,exact1,nevertreated,pc_score,knowledge_level_pc_score,high,github_outcomes,pull_request_opened,FALSE,sa,8,-10.0350837889878,10.4321070480003,-30.4820136030684,10.4118460250928
important_degree_top3,rolling5,exact1,nevertreated,pc_score,knowledge_level_pc_score,high,github_outcomes,pull_request_opened,FALSE,sa,9,-10.9857476265505,11.4527597753225,-33.4331567861825,11.4616615330815
important_degree_top3,rolling5,exact1,nevertreated,pc_score,knowledge_level_pc_score,high,github_outcomes,pull_request_opened,FALSE,sa,10,-9.91270189217478,12.770475377488,-34.9428336320512,15.1174298477017
important_degree_top3,rolling5,exact1,nevertreated,pc_score,knowledge_level_pc_score,high,github_outcomes,pull_request_opened,FALSE,sa,11,-10.4182163250005,15.2373732747546,-40.2834679435196,19.4470352935185
important_degree_top3,rolling5,exact1,nevertreated,pc_score,discussion_quality_pc_score,low,github_outcomes,pull_request_opened,FALSE,sa,-15,22.8426899268865,13.008733345804,-2.65442743088938,48.3398072846623
important_degree_top3,rolling5,exact1,nevertreated,pc_score,discussion_quality_pc_score,low,github_outcomes,pull_request_opened,FALSE,sa,-14,16.5533076077012,9.58442833988434,-2.23217193847206,35.3387871538745
important_degree_top3,rolling5,exact1,nevertreated,pc_score,discussion_quality_pc_score,low,github_outcomes,pull_request_opened,FALSE,sa,-13,20.192355478998,8.90278238582572,2.74290200277959,37.6418089552164
important_degree_top3,rolling5,exact1,nevertreated,pc_score,discussion_quality_pc_score,low,github_outcomes,pull_request_opened,FALSE,sa,-12,25.3154801717062,12.4735684317648,0.86728604544717,49.7636742979653
important_degree_top3,rolling5,exact1,nevertreated,pc_score,discussion_quality_pc_score,low,github_outcomes,pull_request_opened,FALSE,sa,-11,37.0271641518442,17.1417454073221,3.42934315349294,70.6249851501955
important_degree_top3,rolling5,exact1,nevertreated,pc_score,discussion_quality_pc_score,low,github_outcomes,pull_request_opened,FALSE,sa,-10,42.9375184399636,22.7975186472804,-1.74561810870589,87.6206549886331
important_degree_top3,rolling5,exact1,nevertreated,pc_score,discussion_quality_pc_score,low,github_outcomes,pull_request_opened,FALSE,sa,-9,47.4594022981439,28.3531805985604,-8.11283167503439,103.031636271322
important_degree_top3,rolling5,exact1,nevertreated,pc_score,discussion_quality_pc_score,low,github_outcomes,pull_request_opened,FALSE,sa,-8,48.6788944751436,30.0242141997093,-10.1685653562866,107.526354306574
important_degree_top3,rolling5,exact1,nevertreated,pc_score,discussion_quality_pc_score,low,github_outcomes,pull_request_opened,FALSE,sa,-7,41.5165898200379,26.3543084330274,-10.1378547086958,93.1710343487716
important_degree_top3,rolling5,exact1,nevertreated,pc_score,discussion_quality_pc_score,low,github_outcomes,pull_request_opened,FALSE,sa,-6,34.304041740088,21.379127154637,-7.59904748300043,76.2071309631765
important_degree_top3,rolling5,exact1,nevertreated,pc_score,discussion_quality_pc_score,low,github_outcomes,pull_request_opened,FALSE,sa,-5,27.9707706522901,17.2780907719139,-5.89428726066119,61.8358285652413
important_degree_top3,rolling5,exact1,nevertreated,pc_score,discussion_quality_pc_score,low,github_outcomes,pull_request_opened,FALSE,sa,-4,16.934391246112,10.8938528999951,-4.41756043787841,38.2863429301025
important_degree_top3,rolling5,exact1,nevertreated,pc_score,discussion_quality_pc_score,low,github_outcomes,pull_request_opened,FALSE,sa,-3,9.735682131882,6.27250797248285,-2.55843349418438,22.0297977579484
important_degree_top3,rolling5,exact1,nevertreated,pc_score,discussion_quality_pc_score,low,github_outcomes,pull_request_opened,FALSE,sa,-2,6.59574201633121,3.77186028119673,-0.797104134814388,13.9885881674768
important_degree_top3,rolling5,exact1,nevertreated,pc_score,discussion_quality_pc_score,low,github_outcomes,pull_request_opened,FALSE,sa,-1,0,0,0,0
important_degree_top3,rolling5,exact1,nevertreated,pc_score,discussion_quality_pc_score,low,github_outcomes,pull_request_opened,FALSE,sa,0,-3.28510828236206,2.82078909125415,-8.81385490122018,2.24363833649607
important_degree_top3,rolling5,exact1,nevertreated,pc_score,discussion_quality_pc_score,low,github_outcomes,pull_request_opened,FALSE,sa,1,-7.26621334482583,5.19078069805176,-17.4401435130073,2.90771682335562
important_degree_top3,rolling5,exact1,nevertreated,pc_score,discussion_quality_pc_score,low,github_outcomes,pull_request_opened,FALSE,sa,2,-9.67806438133297,7.18449514800541,-23.7596748714236,4.40354610875764
important_degree_top3,rolling5,exact1,nevertreated,pc_score,discussion_quality_pc_score,low,github_outcomes,pull_request_opened,FALSE,sa,3,-14.9056067283029,8.79642978795125,-32.1466091126873,2.33539565608157
important_degree_top3,rolling5,exact1,nevertreated,pc_score,discussion_quality_pc_score,low,github_outcomes,pull_request_opened,FALSE,sa,4,-18.1318037563712,9.94476470240544,-37.6235425730858,1.35993506034349
important_degree_top3,rolling5,exact1,nevertreated,pc_score,discussion_quality_pc_score,low,github_outcomes,pull_request_opened,FALSE,sa,5,-17.5786942351824,9.63646423883289,-36.4661641432948,1.3087756729301
important_degree_top3,rolling5,exact1,nevertreated,pc_score,discussion_quality_pc_score,low,github_outcomes,pull_request_opened,FALSE,sa,6,-19.8208906967527,12.3980383914418,-44.1210459439786,4.4792645504732
important_degree_top3,rolling5,exact1,nevertreated,pc_score,discussion_quality_pc_score,low,github_outcomes,pull_request_opened,FALSE,sa,7,-13.4874110680799,11.1857392596659,-35.4114600170251,8.4366378808652
important_degree_top3,rolling5,exact1,nevertreated,pc_score,discussion_quality_pc_score,low,github_outcomes,pull_request_opened,FALSE,sa,8,-18.3679151503137,13.8764777965019,-45.5658116314574,8.82998133082997
important_degree_top3,rolling5,exact1,nevertreated,pc_score,discussion_quality_pc_score,low,github_outcomes,pull_request_opened,FALSE,sa,9,-20.9076636899646,13.9438707706413,-48.2376504004215,6.42232302049237
important_degree_top3,rolling5,exact1,nevertreated,pc_score,discussion_quality_pc_score,low,github_outcomes,pull_request_opened,FALSE,sa,10,-25.4261690065512,17.1448085875753,-59.0299938381989,8.17765582509651
important_degree_top3,rolling5,exact1,nevertreated,pc_score,discussion_quality_pc_score,low,github_outcomes,pull_request_opened,FALSE,sa,11,-23.154950264913,19.4006213109699,-61.1801680344141,14.8702675045881
important_degree_top3,rolling5,exact1,nevertreated,pc_score,discussion_quality_pc_score,high,github_outcomes,pull_request_opened,FALSE,sa,-15,1.55860250294402,4.71583161822656,-7.68442746878003,10.8016324746681
important_degree_top3,rolling5,exact1,nevertreated,pc_score,discussion_quality_pc_score,high,github_outcomes,pull_request_opened,FALSE,sa,-14,-1.38167136613454,4.66201281217145,-10.5192164779906,7.7558737457215
important_degree_top3,rolling5,exact1,nevertreated,pc_score,discussion_quality_pc_score,high,github_outcomes,pull_request_opened,FALSE,sa,-13,4.74696480763666,3.99791932287966,-3.08895706520747,12.5828866804808
important_degree_top3,rolling5,exact1,nevertreated,pc_score,discussion_quality_pc_score,high,github_outcomes,pull_request_opened,FALSE,sa,-12,0.807854046846214,3.64311895284528,-6.33265910073053,7.94836719442296
important_degree_top3,rolling5,exact1,nevertreated,pc_score,discussion_quality_pc_score,high,github_outcomes,pull_request_opened,FALSE,sa,-11,1.34584160612768,4.11978915698857,-6.72894514156991,9.42062835382528
important_degree_top3,rolling5,exact1,nevertreated,pc_score,discussion_quality_pc_score,high,github_outcomes,pull_request_opened,FALSE,sa,-10,-0.409964418912435,3.46471625868756,-7.20080828594005,6.38087944811518
important_degree_top3,rolling5,exact1,nevertreated,pc_score,discussion_quality_pc_score,high,github_outcomes,pull_request_opened,FALSE,sa,-9,4.98718485581634,4.90840124053513,-4.63328157563252,14.6076512872652
important_degree_top3,rolling5,exact1,nevertreated,pc_score,discussion_quality_pc_score,high,github_outcomes,pull_request_opened,FALSE,sa,-8,1.87710031675467,3.31706467539977,-4.62434644702889,8.37854708053822
important_degree_top3,rolling5,exact1,nevertreated,pc_score,discussion_quality_pc_score,high,github_outcomes,pull_request_opened,FALSE,sa,-7,5.44599135588571,3.95689970826293,-2.30953207230963,13.2015147840811
important_degree_top3,rolling5,exact1,nevertreated,pc_score,discussion_quality_pc_score,high,github_outcomes,pull_request_opened,FALSE,sa,-6,4.00136484988077,3.32496893572213,-2.5155742641346,10.5183039638961
important_degree_top3,rolling5,exact1,nevertreated,pc_score,discussion_quality_pc_score,high,github_outcomes,pull_request_opened,FALSE,sa,-5,0.5743306850211,3.0656615708504,-5.43436599384568,6.58302736388788
important_degree_top3,rolling5,exact1,nevertreated,pc_score,discussion_quality_pc_score,high,github_outcomes,pull_request_opened,FALSE,sa,-4,1.44733276177056,2.30821673364608,-3.07677203617576,5.97143755971687
important_degree_top3,rolling5,exact1,nevertreated,pc_score,discussion_quality_pc_score,high,github_outcomes,pull_request_opened,FALSE,sa,-3,3.33161710711944,2.06823017314786,-0.722114032250358,7.38534824648924
important_degree_top3,rolling5,exact1,nevertreated,pc_score,discussion_quality_pc_score,high,github_outcomes,pull_request_opened,FALSE,sa,-2,1.11071940335786,1.47859177607865,-1.78732047775629,4.00875928447201
important_degree_top3,rolling5,exact1,nevertreated,pc_score,discussion_quality_pc_score,high,github_outcomes,pull_request_opened,FALSE,sa,-1,0,0,0,0
important_degree_top3,rolling5,exact1,nevertreated,pc_score,discussion_quality_pc_score,high,github_outcomes,pull_request_opened,FALSE,sa,0,-0.529976829766043,1.31149968300777,-3.10051620846127,2.04056254892918
important_degree_top3,rolling5,exact1,nevertreated,pc_score,discussion_quality_pc_score,high,github_outcomes,pull_request_opened,FALSE,sa,1,-1.31738548380482,1.73326176331691,-4.71457853990597,2.07980757229633
important_degree_top3,rolling5,exact1,nevertreated,pc_score,discussion_quality_pc_score,high,github_outcomes,pull_request_opened,FALSE,sa,2,-3.3353227035357,1.97233865584509,-7.20110646899208,0.530461061920676
important_degree_top3,rolling5,exact1,nevertreated,pc_score,discussion_quality_pc_score,high,github_outcomes,pull_request_opened,FALSE,sa,3,-3.14228060893132,2.13146369712947,-7.31994945530508,1.03538823744244
important_degree_top3,rolling5,exact1,nevertreated,pc_score,discussion_quality_pc_score,high,github_outcomes,pull_request_opened,FALSE,sa,4,-2.2739889844557,2.29762475231204,-6.77733349898729,2.22935553007589
important_degree_top3,rolling5,exact1,nevertreated,pc_score,discussion_quality_pc_score,high,github_outcomes,pull_request_opened,FALSE,sa,5,-1.88732617525564,2.61052592321261,-7.00395698475235,3.22930463424108
important_degree_top3,rolling5,exact1,nevertreated,pc_score,discussion_quality_pc_score,high,github_outcomes,pull_request_opened,FALSE,sa,6,-3.24827513587286,3.18167533217847,-9.48435878694267,2.98780851519694
important_degree_top3,rolling5,exact1,nevertreated,pc_score,discussion_quality_pc_score,high,github_outcomes,pull_request_opened,FALSE,sa,7,-3.82016382245658,3.55428851403571,-10.7865693099666,3.1462416650534
important_degree_top3,rolling5,exact1,nevertreated,pc_score,discussion_quality_pc_score,high,github_outcomes,pull_request_opened,FALSE,sa,8,-0.990375281843983,3.12683298256047,-7.11896792766251,5.13821736397454
important_degree_top3,rolling5,exact1,nevertreated,pc_score,discussion_quality_pc_score,high,github_outcomes,pull_request_opened,FALSE,sa,9,-1.18126396705264,4.40241107031025,-9.80998966486072,7.44746173075544
important_degree_top3,rolling5,exact1,nevertreated,pc_score,discussion_quality_pc_score,high,github_outcomes,pull_request_opened,FALSE,sa,10,1.75051865552287,3.19884851360995,-4.51922443115264,8.02026174219837
important_degree_top3,rolling5,exact1,nevertreated,pc_score,discussion_quality_pc_score,high,github_outcomes,pull_request_opened,FALSE,sa,11,2.28554486039824,4.03813821399598,-5.62920603903388,10.2002957598304
important_degree_top3,rolling5,exact1,nevertreated,pc_score,investment_in_new_talent_pc_score,low,github_outcomes,pull_request_opened,FALSE,sa,-15,0.877496815190711,3.4228502929393,-5.83128975897031,7.58628338935173
important_degree_top3,rolling5,exact1,nevertreated,pc_score,investment_in_new_talent_pc_score,low,github_outcomes,pull_request_opened,FALSE,sa,-14,5.27610067800672,2.99328879889491,-0.59074536782731,11.1429467238407
important_degree_top3,rolling5,exact1,nevertreated,pc_score,investment_in_new_talent_pc_score,low,github_outcomes,pull_request_opened,FALSE,sa,-13,9.00693849248971,3.47028058668012,2.20518854259668,15.8086884423827
important_degree_top3,rolling5,exact1,nevertreated,pc_score,investment_in_new_talent_pc_score,low,github_outcomes,pull_request_opened,FALSE,sa,-12,4.22822195508482,2.78061648226684,-1.22178635015818,9.67823026032782
important_degree_top3,rolling5,exact1,nevertreated,pc_score,investment_in_new_talent_pc_score,low,github_outcomes,pull_request_opened,FALSE,sa,-11,7.54657898243735,3.09002461334407,1.49013074028298,13.6030272245917
important_degree_top3,rolling5,exact1,nevertreated,pc_score,investment_in_new_talent_pc_score,low,github_outcomes,pull_request_opened,FALSE,sa,-10,5.62682252557042,2.51481971916144,0.697775876014005,10.5558691751268
important_degree_top3,rolling5,exact1,nevertreated,pc_score,investment_in_new_talent_pc_score,low,github_outcomes,pull_request_opened,FALSE,sa,-9,3.38945478833415,2.76538466176274,-2.03069914872081,8.80960872538911
important_degree_top3,rolling5,exact1,nevertreated,pc_score,investment_in_new_talent_pc_score,low,github_outcomes,pull_request_opened,FALSE,sa,-8,1.9623672411876,2.80339904732275,-3.53229489156498,7.45702937394019
important_degree_top3,rolling5,exact1,nevertreated,pc_score,investment_in_new_talent_pc_score,low,github_outcomes,pull_request_opened,FALSE,sa,-7,1.95381683190637,2.61869385045412,-3.17882311498371,7.08645677879645
important_degree_top3,rolling5,exact1,nevertreated,pc_score,investment_in_new_talent_pc_score,low,github_outcomes,pull_request_opened,FALSE,sa,-6,2.81514881619468,2.46169010263382,-2.0097637849676,7.64006141735697
important_degree_top3,rolling5,exact1,nevertreated,pc_score,investment_in_new_talent_pc_score,low,github_outcomes,pull_request_opened,FALSE,sa,-5,1.07037645147839,2.16829024939907,-3.17947243734379,5.32022534030056
important_degree_top3,rolling5,exact1,nevertreated,pc_score,investment_in_new_talent_pc_score,low,github_outcomes,pull_request_opened,FALSE,sa,-4,1.78929623110841,1.84350088719888,-1.82396550780139,5.40255797001821
important_degree_top3,rolling5,exact1,nevertreated,pc_score,investment_in_new_talent_pc_score,low,github_outcomes,pull_request_opened,FALSE,sa,-3,1.93110465762797,1.39964691638121,-0.812203298479201,4.67441261373514
important_degree_top3,rolling5,exact1,nevertreated,pc_score,investment_in_new_talent_pc_score,low,github_outcomes,pull_request_opened,FALSE,sa,-2,1.64677013257559,0.977952632871939,-0.27001702785341,3.56355729300459
important_degree_top3,rolling5,exact1,nevertreated,pc_score,investment_in_new_talent_pc_score,low,github_outcomes,pull_request_opened,FALSE,sa,-1,0,0,0,0
important_degree_top3,rolling5,exact1,nevertreated,pc_score,investment_in_new_talent_pc_score,low,github_outcomes,pull_request_opened,FALSE,sa,0,-1.42847094217504,0.801769078478566,-2.99993833599303,0.142996451642954
important_degree_top3,rolling5,exact1,nevertreated,pc_score,investment_in_new_talent_pc_score,low,github_outcomes,pull_request_opened,FALSE,sa,1,-0.847878477517333,1.04568249855517,-2.89741617468547,1.20165921965081
important_degree_top3,rolling5,exact1,nevertreated,pc_score,investment_in_new_talent_pc_score,low,github_outcomes,pull_request_opened,FALSE,sa,2,-0.941958417185466,1.13688065636755,-3.17024450366586,1.28632766929493
important_degree_top3,rolling5,exact1,nevertreated,pc_score,investment_in_new_talent_pc_score,low,github_outcomes,pull_request_opened,FALSE,sa,3,-1.28402729601905,1.31404322505855,-3.8595520171338,1.2914974250957
important_degree_top3,rolling5,exact1,nevertreated,pc_score,investment_in_new_talent_pc_score,low,github_outcomes,pull_request_opened,FALSE,sa,4,0.652624287691334,1.70070286211502,-2.6807533220541,3.98600189743676
important_degree_top3,rolling5,exact1,nevertreated,pc_score,investment_in_new_talent_pc_score,low,github_outcomes,pull_request_opened,FALSE,sa,5,0.801128561195625,1.94864692331116,-3.01821940849426,4.62047653088551
important_degree_top3,rolling5,exact1,nevertreated,pc_score,investment_in_new_talent_pc_score,low,github_outcomes,pull_request_opened,FALSE,sa,6,2.17333313773722,2.24823273565439,-2.23320302414539,6.57986929961982
important_degree_top3,rolling5,exact1,nevertreated,pc_score,investment_in_new_talent_pc_score,low,github_outcomes,pull_request_opened,FALSE,sa,7,3.72582557180774,3.16011625274533,-2.4680022835731,9.91965342718858
important_degree_top3,rolling5,exact1,nevertreated,pc_score,investment_in_new_talent_pc_score,low,github_outcomes,pull_request_opened,FALSE,sa,8,5.14080028608374,3.64910017877839,-2.0114360643219,12.2930366364894
important_degree_top3,rolling5,exact1,nevertreated,pc_score,investment_in_new_talent_pc_score,low,github_outcomes,pull_request_opened,FALSE,sa,9,1.45713974337769,2.82584366343656,-4.08151383695796,6.99579332371334
important_degree_top3,rolling5,exact1,nevertreated,pc_score,investment_in_new_talent_pc_score,low,github_outcomes,pull_request_opened,FALSE,sa,10,-1.80291508337334,4.38626628528282,-10.3999970025277,6.79416683578098
important_degree_top3,rolling5,exact1,nevertreated,pc_score,investment_in_new_talent_pc_score,low,github_outcomes,pull_request_opened,FALSE,sa,11,-1.75964172027084,4.13048166955651,-9.85538579260159,6.33610235205991
important_degree_top3,rolling5,exact1,nevertreated,pc_score,investment_in_new_talent_pc_score,high,github_outcomes,pull_request_opened,FALSE,sa,-15,22.6395564891081,13.9487619436109,-4.70001692036932,49.9791298985856
important_degree_top3,rolling5,exact1,nevertreated,pc_score,investment_in_new_talent_pc_score,high,github_outcomes,pull_request_opened,FALSE,sa,-14,8.55057059138713,9.71688905343232,-10.4945319533402,27.5956731361145
important_degree_top3,rolling5,exact1,nevertreated,pc_score,investment_in_new_talent_pc_score,high,github_outcomes,pull_request_opened,FALSE,sa,-13,13.8533336720166,9.05099242716861,-3.88661148523386,31.5932788292671
important_degree_top3,rolling5,exact1,nevertreated,pc_score,investment_in_new_talent_pc_score,high,github_outcomes,pull_request_opened,FALSE,sa,-12,16.9082375814954,14.002222917055,-10.5361193359324,44.3525944989231
important_degree_top3,rolling5,exact1,nevertreated,pc_score,investment_in_new_talent_pc_score,high,github_outcomes,pull_request_opened,FALSE,sa,-11,35.7127473076995,22.4820852092737,-8.35213970247698,79.7776343178759
important_degree_top3,rolling5,exact1,nevertreated,pc_score,investment_in_new_talent_pc_score,high,github_outcomes,pull_request_opened,FALSE,sa,-10,38.5451077592978,25.9497322578554,-12.3163674660988,89.4065829846944
important_degree_top3,rolling5,exact1,nevertreated,pc_score,investment_in_new_talent_pc_score,high,github_outcomes,pull_request_opened,FALSE,sa,-9,43.331364000649,27.5289574212686,-10.6253925450374,97.2881205463354
important_degree_top3,rolling5,exact1,nevertreated,pc_score,investment_in_new_talent_pc_score,high,github_outcomes,pull_request_opened,FALSE,sa,-8,46.698126179521,29.0577905807842,-10.2551433588161,103.651395717858
important_degree_top3,rolling5,exact1,nevertreated,pc_score,investment_in_new_talent_pc_score,high,github_outcomes,pull_request_opened,FALSE,sa,-7,48.800114671146,29.121524140225,-8.27807264369499,105.878301985987
important_degree_top3,rolling5,exact1,nevertreated,pc_score,investment_in_new_talent_pc_score,high,github_outcomes,pull_request_opened,FALSE,sa,-6,34.4142466311159,22.1849488209306,-9.068253057908,77.8967463201398
important_degree_top3,rolling5,exact1,nevertreated,pc_score,investment_in_new_talent_pc_score,high,github_outcomes,pull_request_opened,FALSE,sa,-5,24.6895934591068,16.2465401303197,-7.15362519631983,56.5328121145335
important_degree_top3,rolling5,exact1,nevertreated,pc_score,investment_in_new_talent_pc_score,high,github_outcomes,pull_request_opened,FALSE,sa,-4,14.7565187177579,10.1077299075296,-5.05463190100015,34.5676693365159
important_degree_top3,rolling5,exact1,nevertreated,pc_score,investment_in_new_talent_pc_score,high,github_outcomes,pull_request_opened,FALSE,sa,-3,8.88347304798739,5.97733533342427,-2.83210420552418,20.599050301499
important_degree_top3,rolling5,exact1,nevertreated,pc_score,investment_in_new_talent_pc_score,high,github_outcomes,pull_request_opened,FALSE,sa,-2,4.32649140389078,3.4393172014972,-2.41457031104373,11.0675531188253
important_degree_top3,rolling5,exact1,nevertreated,pc_score,investment_in_new_talent_pc_score,high,github_outcomes,pull_request_opened,FALSE,sa,-1,0,0,0,0
important_degree_top3,rolling5,exact1,nevertreated,pc_score,investment_in_new_talent_pc_score,high,github_outcomes,pull_request_opened,FALSE,sa,0,-3.62387905814758,3.53429944700863,-10.5511059742845,3.30334785798934
important_degree_top3,rolling5,exact1,nevertreated,pc_score,investment_in_new_talent_pc_score,high,github_outcomes,pull_request_opened,FALSE,sa,1,-9.19473134669164,5.86432954689242,-20.6888172586008,2.29935456521751
important_degree_top3,rolling5,exact1,nevertreated,pc_score,investment_in_new_talent_pc_score,high,github_outcomes,pull_request_opened,FALSE,sa,2,-11.8762704671943,7.61608599247511,-26.8037990124455,3.05125807805692
important_degree_top3,rolling5,exact1,nevertreated,pc_score,investment_in_new_talent_pc_score,high,github_outcomes,pull_request_opened,FALSE,sa,3,-17.8331522490333,9.44752929249794,-36.3503096623293,0.684005164262679
important_degree_top3,rolling5,exact1,nevertreated,pc_score,investment_in_new_talent_pc_score,high,github_outcomes,pull_request_opened,FALSE,sa,4,-22.8332236368117,10.6984138469727,-43.8021147768782,-1.86433249674517
important_degree_top3,rolling5,exact1,nevertreated,pc_score,investment_in_new_talent_pc_score,high,github_outcomes,pull_request_opened,FALSE,sa,5,-20.875699364967,10.2319840102473,-40.9303880250517,-0.821010704882209
important_degree_top3,rolling5,exact1,nevertreated,pc_score,investment_in_new_talent_pc_score,high,github_outcomes,pull_request_opened,FALSE,sa,6,-24.5587833581657,12.123277351847,-48.3204069677858,-0.79715974854561
important_degree_top3,rolling5,exact1,nevertreated,pc_score,investment_in_new_talent_pc_score,high,github_outcomes,pull_request_opened,FALSE,sa,7,-20.6624196903187,11.5994779686115,-43.3973965087973,2.0725571281599
important_degree_top3,rolling5,exact1,nevertreated,pc_score,investment_in_new_talent_pc_score,high,github_outcomes,pull_request_opened,FALSE,sa,8,-26.2829551787828,13.5401079066738,-52.8215666758635,0.255656318297842
important_degree_top3,rolling5,exact1,nevertreated,pc_score,investment_in_new_talent_pc_score,high,github_outcomes,pull_request_opened,FALSE,sa,9,-19.7063864855382,12.3967134945502,-44.0039449348566,4.59117196378027
important_degree_top3,rolling5,exact1,nevertreated,pc_score,investment_in_new_talent_pc_score,high,github_outcomes,pull_request_opened,FALSE,sa,10,-19.8258873013054,15.6230668487865,-50.4470983249269,10.7953237223162
important_degree_top3,rolling5,exact1,nevertreated,pc_score,investment_in_new_talent_pc_score,high,github_outcomes,pull_request_opened,FALSE,sa,11,-19.8101917197987,19.4402938304325,-57.9131676274465,18.292784187849
important_degree_top3,rolling5,exact1,nevertreated,pc_score,problem_solving_routines_pc_score,low,github_outcomes,pull_request_opened,FALSE,sa,-15,-2.89257027766366,4.78533912268156,-12.2718349581195,6.4866944027922
important_degree_top3,rolling5,exact1,nevertreated,pc_score,problem_solving_routines_pc_score,low,github_outcomes,pull_request_opened,FALSE,sa,-14,-3.48354833207231,4.26283171847958,-11.8386985002923,4.87160183614768
important_degree_top3,rolling5,exact1,nevertreated,pc_score,problem_solving_routines_pc_score,low,github_outcomes,pull_request_opened,FALSE,sa,-13,2.68787810918521,4.05779208810636,-5.26539438350326,10.6411506018737
important_degree_top3,rolling5,exact1,nevertreated,pc_score,problem_solving_routines_pc_score,low,github_outcomes,pull_request_opened,FALSE,sa,-12,0.579054003504366,3.94505392353456,-7.15325168662336,8.3113596936321
important_degree_top3,rolling5,exact1,nevertreated,pc_score,problem_solving_routines_pc_score,low,github_outcomes,pull_request_opened,FALSE,sa,-11,2.22840052304494,3.44684743805583,-4.52742045554448,8.98422150163436
important_degree_top3,rolling5,exact1,nevertreated,pc_score,problem_solving_routines_pc_score,low,github_outcomes,pull_request_opened,FALSE,sa,-10,2.20148029602922,3.12631725793387,-3.92610152952117,8.32906212157961
important_degree_top3,rolling5,exact1,nevertreated,pc_score,problem_solving_routines_pc_score,low,github_outcomes,pull_request_opened,FALSE,sa,-9,2.10813296973782,2.73945813373852,-3.26120497238969,7.47747091186532
important_degree_top3,rolling5,exact1,nevertreated,pc_score,problem_solving_routines_pc_score,low,github_outcomes,pull_request_opened,FALSE,sa,-8,2.74105936690634,2.83197781373037,-2.80961714800519,8.29173588181788
important_degree_top3,rolling5,exact1,nevertreated,pc_score,problem_solving_routines_pc_score,low,github_outcomes,pull_request_opened,FALSE,sa,-7,2.54814428952844,2.61753240897479,-2.58221923206215,7.67850781111903
important_degree_top3,rolling5,exact1,nevertreated,pc_score,problem_solving_routines_pc_score,low,github_outcomes,pull_request_opened,FALSE,sa,-6,3.38437789181379,2.38756086119317,-1.29524139612482,8.06399717975241
important_degree_top3,rolling5,exact1,nevertreated,pc_score,problem_solving_routines_pc_score,low,github_outcomes,pull_request_opened,FALSE,sa,-5,1.8398432415181,2.1343404926181,-2.34346412401338,6.02315060704958
important_degree_top3,rolling5,exact1,nevertreated,pc_score,problem_solving_routines_pc_score,low,github_outcomes,pull_request_opened,FALSE,sa,-4,0.732909609973798,1.64210516505068,-2.48561651352553,3.95143573347313
important_degree_top3,rolling5,exact1,nevertreated,pc_score,problem_solving_routines_pc_score,low,github_outcomes,pull_request_opened,FALSE,sa,-3,1.91269016768891,1.45267065912451,-0.934544324195132,4.75992465957296
important_degree_top3,rolling5,exact1,nevertreated,pc_score,problem_solving_routines_pc_score,low,github_outcomes,pull_request_opened,FALSE,sa,-2,0.854903807095972,0.924998736675049,-0.958093716787124,2.66790133097907
important_degree_top3,rolling5,exact1,nevertreated,pc_score,problem_solving_routines_pc_score,low,github_outcomes,pull_request_opened,FALSE,sa,-1,0,0,0,0
important_degree_top3,rolling5,exact1,nevertreated,pc_score,problem_solving_routines_pc_score,low,github_outcomes,pull_request_opened,FALSE,sa,0,-0.709407736008165,0.623225073452883,-1.93092887997582,0.512113407959486
important_degree_top3,rolling5,exact1,nevertreated,pc_score,problem_solving_routines_pc_score,low,github_outcomes,pull_request_opened,FALSE,sa,1,0.607560080171152,1.18290180764093,-1.71092746280508,2.92604762314738
important_degree_top3,rolling5,exact1,nevertreated,pc_score,problem_solving_routines_pc_score,low,github_outcomes,pull_request_opened,FALSE,sa,2,1.86762483242341,2.49401781684661,-3.02065008859594,6.75589975344276
important_degree_top3,rolling5,exact1,nevertreated,pc_score,problem_solving_routines_pc_score,low,github_outcomes,pull_request_opened,FALSE,sa,3,1.70095816575675,2.57247523075184,-3.34109328651685,6.74300961803035
important_degree_top3,rolling5,exact1,nevertreated,pc_score,problem_solving_routines_pc_score,low,github_outcomes,pull_request_opened,FALSE,sa,4,1.84876221981082,2.47362822109238,-2.99954909353024,6.69707353315188
important_degree_top3,rolling5,exact1,nevertreated,pc_score,problem_solving_routines_pc_score,low,github_outcomes,pull_request_opened,FALSE,sa,5,2.13113834593696,2.74594710691488,-3.2509179836162,7.51319467549012
important_degree_top3,rolling5,exact1,nevertreated,pc_score,problem_solving_routines_pc_score,low,github_outcomes,pull_request_opened,FALSE,sa,6,2.81037960532178,3.58897369220374,-4.22400883139756,9.84476804204111
important_degree_top3,rolling5,exact1,nevertreated,pc_score,problem_solving_routines_pc_score,low,github_outcomes,pull_request_opened,FALSE,sa,7,2.53165577590698,3.74903835113445,-4.81645939231654,9.87977094413049
important_degree_top3,rolling5,exact1,nevertreated,pc_score,problem_solving_routines_pc_score,low,github_outcomes,pull_request_opened,FALSE,sa,8,-1.0446314518583,2.47033908600568,-5.88649606042944,3.79723315671284
important_degree_top3,rolling5,exact1,nevertreated,pc_score,problem_solving_routines_pc_score,low,github_outcomes,pull_request_opened,FALSE,sa,9,0.922950084545153,2.43586339654643,-3.85134217268586,5.69724234177616
important_degree_top3,rolling5,exact1,nevertreated,pc_score,problem_solving_routines_pc_score,low,github_outcomes,pull_request_opened,FALSE,sa,10,-0.326416201888894,3.01550058157914,-6.23679734178401,5.58396493800622
important_degree_top3,rolling5,exact1,nevertreated,pc_score,problem_solving_routines_pc_score,low,github_outcomes,pull_request_opened,FALSE,sa,11,1.86093728497084,2.81939355515251,-3.66507408312808,7.38694865306976
important_degree_top3,rolling5,exact1,nevertreated,pc_score,problem_solving_routines_pc_score,high,github_outcomes,pull_request_opened,FALSE,sa,-15,28.4109978217664,13.3323884825036,2.2795163960593,54.5424792474735
important_degree_top3,rolling5,exact1,nevertreated,pc_score,problem_solving_routines_pc_score,high,github_outcomes,pull_request_opened,FALSE,sa,-14,16.2922770675265,8.60976416272202,-0.582860691408687,33.1674148264616
important_degree_top3,rolling5,exact1,nevertreated,pc_score,problem_solving_routines_pc_score,high,github_outcomes,pull_request_opened,FALSE,sa,-13,21.2181104463946,8.12908858217276,5.28509682533599,37.1511240674532
important_degree_top3,rolling5,exact1,nevertreated,pc_score,problem_solving_routines_pc_score,high,github_outcomes,pull_request_opened,FALSE,sa,-12,26.0357053369704,16.5505420805704,-6.40335714094758,58.4747678148883
important_degree_top3,rolling5,exact1,nevertreated,pc_score,problem_solving_routines_pc_score,high,github_outcomes,pull_request_opened,FALSE,sa,-11,44.0624635537898,22.3708540749354,0.215589566916336,87.9093375406633
important_degree_top3,rolling5,exact1,nevertreated,pc_score,problem_solving_routines_pc_score,high,github_outcomes,pull_request_opened,FALSE,sa,-10,45.0653751806103,25.8214390392101,-5.54464533624144,95.675395697462
important_degree_top3,rolling5,exact1,nevertreated,pc_score,problem_solving_routines_pc_score,high,github_outcomes,pull_request_opened,FALSE,sa,-9,49.187691416305,29.9365240736308,-9.48789576801138,107.863278600621
important_degree_top3,rolling5,exact1,nevertreated,pc_score,problem_solving_routines_pc_score,high,github_outcomes,pull_request_opened,FALSE,sa,-8,48.5552704901571,29.7977780919204,-9.84837457000685,106.958915550321
important_degree_top3,rolling5,exact1,nevertreated,pc_score,problem_solving_routines_pc_score,high,github_outcomes,pull_request_opened,FALSE,sa,-7,47.2757863005004,27.8967305683535,-7.40180561347253,101.953378214473
important_degree_top3,rolling5,exact1,nevertreated,pc_score,problem_solving_routines_pc_score,high,github_outcomes,pull_request_opened,FALSE,sa,-6,35.4043905492158,21.9535643460025,-7.62459556894913,78.4333766673807
important_degree_top3,rolling5,exact1,nevertreated,pc_score,problem_solving_routines_pc_score,high,github_outcomes,pull_request_opened,FALSE,sa,-5,26.0750976050396,16.9375438479474,-7.12248833693722,59.2726835470164
important_degree_top3,rolling5,exact1,nevertreated,pc_score,problem_solving_routines_pc_score,high,github_outcomes,pull_request_opened,FALSE,sa,-4,17.003201272682,10.6016220505173,-3.77597794633192,37.782380491696
important_degree_top3,rolling5,exact1,nevertreated,pc_score,problem_solving_routines_pc_score,high,github_outcomes,pull_request_opened,FALSE,sa,-3,10.2355279924343,6.14112939337954,-1.8010856185896,22.2721416034582
important_degree_top3,rolling5,exact1,nevertreated,pc_score,problem_solving_routines_pc_score,high,github_outcomes,pull_request_opened,FALSE,sa,-2,7.001633063997,3.68293314879176,-0.216915907634856,14.2201820356289
important_degree_top3,rolling5,exact1,nevertreated,pc_score,problem_solving_routines_pc_score,high,github_outcomes,pull_request_opened,FALSE,sa,-1,0,0,0,0
important_degree_top3,rolling5,exact1,nevertreated,pc_score,problem_solving_routines_pc_score,high,github_outcomes,pull_request_opened,FALSE,sa,0,-4.41279010050358,3.358761060288,-10.9959617786681,2.17038157766091
important_degree_top3,rolling5,exact1,nevertreated,pc_score,problem_solving_routines_pc_score,high,github_outcomes,pull_request_opened,FALSE,sa,1,-10.1799867877048,5.65636231918518,-21.2664569333078,0.906483357898122
important_degree_top3,rolling5,exact1,nevertreated,pc_score,problem_solving_routines_pc_score,high,github_outcomes,pull_request_opened,FALSE,sa,2,-14.1646895849077,7.18182685346233,-28.2410702176938,-0.0883089521214782
important_degree_top3,rolling5,exact1,nevertreated,pc_score,problem_solving_routines_pc_score,high,github_outcomes,pull_request_opened,FALSE,sa,3,-19.0431860884043,8.90920086842416,-36.5052197905156,-1.5811523862929
important_degree_top3,rolling5,exact1,nevertreated,pc_score,problem_solving_routines_pc_score,high,github_outcomes,pull_request_opened,FALSE,sa,4,-21.986492781711,10.2242134404646,-42.0259511250217,-1.94703443840029
important_degree_top3,rolling5,exact1,nevertreated,pc_score,problem_solving_routines_pc_score,high,github_outcomes,pull_request_opened,FALSE,sa,5,-20.1443973771155,9.69167280609383,-39.1400760770594,-1.1487186771716
important_degree_top3,rolling5,exact1,nevertreated,pc_score,problem_solving_routines_pc_score,high,github_outcomes,pull_request_opened,FALSE,sa,6,-24.338334581554,12.0565323171291,-47.9691379231271,-0.707531239980966
important_degree_top3,rolling5,exact1,nevertreated,pc_score,problem_solving_routines_pc_score,high,github_outcomes,pull_request_opened,FALSE,sa,7,-19.8997354088496,11.8587113053827,-43.1428095673997,3.3433387497004
important_degree_top3,rolling5,exact1,nevertreated,pc_score,problem_solving_routines_pc_score,high,github_outcomes,pull_request_opened,FALSE,sa,8,-19.0496797463748,14.3024964555575,-47.0825727992675,8.98321330651792
important_degree_top3,rolling5,exact1,nevertreated,pc_score,problem_solving_routines_pc_score,high,github_outcomes,pull_request_opened,FALSE,sa,9,-20.4921965702089,13.5683926189616,-47.0862461033736,6.10185296295581
important_degree_top3,rolling5,exact1,nevertreated,pc_score,problem_solving_routines_pc_score,high,github_outcomes,pull_request_opened,FALSE,sa,10,-23.077725188388,16.667003744993,-55.7450525285744,9.58960215179829
important_degree_top3,rolling5,exact1,nevertreated,pc_score,problem_solving_routines_pc_score,high,github_outcomes,pull_request_opened,FALSE,sa,11,-24.2037682434234,19.6444223367343,-62.7068360234226,14.2992995365758
important_degree_top3,rolling5,exact1,nevertreated,pc_score,collaboration_pc_score,low,github_outcomes,pull_request_merged,TRUE,sa,-15,-0.193104147516484,0.47002655255071,-1.11435619051587,0.728147895482907
important_degree_top3,rolling5,exact1,nevertreated,pc_score,collaboration_pc_score,low,github_outcomes,pull_request_merged,TRUE,sa,-14,-0.062882019664678,0.366082795739624,-0.780404299314341,0.654640259984985
important_degree_top3,rolling5,exact1,nevertreated,pc_score,collaboration_pc_score,low,github_outcomes,pull_request_merged,TRUE,sa,-13,0.857961499073685,0.685361897365329,-0.485347819762359,2.20127081790973
important_degree_top3,rolling5,exact1,nevertreated,pc_score,collaboration_pc_score,low,github_outcomes,pull_request_merged,TRUE,sa,-12,1.12952639787089,0.496862181088462,0.15567652293751,2.10337627280428
important_degree_top3,rolling5,exact1,nevertreated,pc_score,collaboration_pc_score,low,github_outcomes,pull_request_merged,TRUE,sa,-11,0.783101897108035,0.518030539802649,-0.232237960905157,1.79844175512123
important_degree_top3,rolling5,exact1,nevertreated,pc_score,collaboration_pc_score,low,github_outcomes,pull_request_merged,TRUE,sa,-10,1.80389578818599,0.844954891427542,0.14778420098801,3.46000737538397
important_degree_top3,rolling5,exact1,nevertreated,pc_score,collaboration_pc_score,low,github_outcomes,pull_request_merged,TRUE,sa,-9,0.611529992903738,0.420020824341818,-0.211710822806226,1.4347708086137
important_degree_top3,rolling5,exact1,nevertreated,pc_score,collaboration_pc_score,low,github_outcomes,pull_request_merged,TRUE,sa,-8,-0.0399521896306674,0.283666363439932,-0.595938261972933,0.516033882711598
important_degree_top3,rolling5,exact1,nevertreated,pc_score,collaboration_pc_score,low,github_outcomes,pull_request_merged,TRUE,sa,-7,0.608322584766166,0.294759127853256,0.030594694173785,1.18605047535855
important_degree_top3,rolling5,exact1,nevertreated,pc_score,collaboration_pc_score,low,github_outcomes,pull_request_merged,TRUE,sa,-6,0.52397855684923,0.333126278746495,-0.1289489494939,1.17690606319236
important_degree_top3,rolling5,exact1,nevertreated,pc_score,collaboration_pc_score,low,github_outcomes,pull_request_merged,TRUE,sa,-5,0.209087382611554,0.182781730080692,-0.149164808346602,0.567339573569711
important_degree_top3,rolling5,exact1,nevertreated,pc_score,collaboration_pc_score,low,github_outcomes,pull_request_merged,TRUE,sa,-4,0.0331059038409433,0.168190739779142,-0.296547946126176,0.362759753808062
important_degree_top3,rolling5,exact1,nevertreated,pc_score,collaboration_pc_score,low,github_outcomes,pull_request_merged,TRUE,sa,-3,-0.0266996758796974,0.16453600804609,-0.349190251650034,0.29579089989064
important_degree_top3,rolling5,exact1,nevertreated,pc_score,collaboration_pc_score,low,github_outcomes,pull_request_merged,TRUE,sa,-2,0.348197627938263,0.142645718958126,0.0686120187803348,0.627783237096191
important_degree_top3,rolling5,exact1,nevertreated,pc_score,collaboration_pc_score,low,github_outcomes,pull_request_merged,TRUE,sa,-1,0,0,0,0
important_degree_top3,rolling5,exact1,nevertreated,pc_score,collaboration_pc_score,low,github_outcomes,pull_request_merged,TRUE,sa,0,0.336993500102098,0.220962662474569,-0.0960933183480584,0.770080318552254
important_degree_top3,rolling5,exact1,nevertreated,pc_score,collaboration_pc_score,low,github_outcomes,pull_request_merged,TRUE,sa,1,-0.341715246708575,0.152852406213024,-0.641305962886101,-0.0421245305310484
important_degree_top3,rolling5,exact1,nevertreated,pc_score,collaboration_pc_score,low,github_outcomes,pull_request_merged,TRUE,sa,2,-0.316064829832769,0.307875442942567,-0.919500698000199,0.287371038334661
important_degree_top3,rolling5,exact1,nevertreated,pc_score,collaboration_pc_score,low,github_outcomes,pull_request_merged,TRUE,sa,3,-0.266212294682863,0.245969148244653,-0.748311825242382,0.215887235876656
important_degree_top3,rolling5,exact1,nevertreated,pc_score,collaboration_pc_score,low,github_outcomes,pull_request_merged,TRUE,sa,4,0.196895382046462,0.415117684951815,-0.616735280459096,1.01052604455202
important_degree_top3,rolling5,exact1,nevertreated,pc_score,collaboration_pc_score,low,github_outcomes,pull_request_merged,TRUE,sa,5,-0.487562912963093,0.280479611637961,-1.0373029517735,0.0621771258473108
important_degree_top3,rolling5,exact1,nevertreated,pc_score,collaboration_pc_score,low,github_outcomes,pull_request_merged,TRUE,sa,6,-0.620066931985715,0.25377790275137,-1.1174716213784,-0.12266224259303
important_degree_top3,rolling5,exact1,nevertreated,pc_score,collaboration_pc_score,low,github_outcomes,pull_request_merged,TRUE,sa,7,-0.683666780780163,0.268507033320625,-1.20994056608859,-0.157392995471739
important_degree_top3,rolling5,exact1,nevertreated,pc_score,collaboration_pc_score,low,github_outcomes,pull_request_merged,TRUE,sa,8,-0.458209307945288,0.329499921407914,-1.1040291539048,0.187610538014224
important_degree_top3,rolling5,exact1,nevertreated,pc_score,collaboration_pc_score,low,github_outcomes,pull_request_merged,TRUE,sa,9,-0.938810888009105,0.334464215362241,-1.5943607501191,-0.283261025899112
important_degree_top3,rolling5,exact1,nevertreated,pc_score,collaboration_pc_score,low,github_outcomes,pull_request_merged,TRUE,sa,10,-1.1278992351532,0.380104788053786,-1.87290461973862,-0.382893850567777
important_degree_top3,rolling5,exact1,nevertreated,pc_score,collaboration_pc_score,low,github_outcomes,pull_request_merged,TRUE,sa,11,-1.0795738462137,0.578506909373462,-2.21344738858568,0.0542996961582893
important_degree_top3,rolling5,exact1,nevertreated,pc_score,collaboration_pc_score,high,github_outcomes,pull_request_merged,TRUE,sa,-15,-0.290325457381802,0.687646924108055,-1.63811342863359,1.05746251386999
important_degree_top3,rolling5,exact1,nevertreated,pc_score,collaboration_pc_score,high,github_outcomes,pull_request_merged,TRUE,sa,-14,-0.431307787472978,0.623722805602326,-1.65380448645354,0.79118891150758
important_degree_top3,rolling5,exact1,nevertreated,pc_score,collaboration_pc_score,high,github_outcomes,pull_request_merged,TRUE,sa,-13,0.325253550310953,0.560839476391101,-0.773991823415605,1.42449892403751
important_degree_top3,rolling5,exact1,nevertreated,pc_score,collaboration_pc_score,high,github_outcomes,pull_request_merged,TRUE,sa,-12,-0.37105458111647,0.524970278352522,-1.39999632668741,0.657887164454474
important_degree_top3,rolling5,exact1,nevertreated,pc_score,collaboration_pc_score,high,github_outcomes,pull_request_merged,TRUE,sa,-11,0.132230185666384,0.550014666900211,-0.945798561458031,1.2102589327908
important_degree_top3,rolling5,exact1,nevertreated,pc_score,collaboration_pc_score,high,github_outcomes,pull_request_merged,TRUE,sa,-10,0.195917481428486,0.399558332654097,-0.587216850573545,0.979051813430516
important_degree_top3,rolling5,exact1,nevertreated,pc_score,collaboration_pc_score,high,github_outcomes,pull_request_merged,TRUE,sa,-9,0.822898407217626,0.500047948555225,-0.157195571950616,1.80299238638587
important_degree_top3,rolling5,exact1,nevertreated,pc_score,collaboration_pc_score,high,github_outcomes,pull_request_merged,TRUE,sa,-8,0.466835839990271,0.473229311255778,-0.460693610071054,1.3943652900516
important_degree_top3,rolling5,exact1,nevertreated,pc_score,collaboration_pc_score,high,github_outcomes,pull_request_merged,TRUE,sa,-7,0.451041410078883,0.396649110187266,-0.326390845888158,1.22847366604592
important_degree_top3,rolling5,exact1,nevertreated,pc_score,collaboration_pc_score,high,github_outcomes,pull_request_merged,TRUE,sa,-6,0.65795309107418,0.421434504726238,-0.168058538189246,1.48396472033761
important_degree_top3,rolling5,exact1,nevertreated,pc_score,collaboration_pc_score,high,github_outcomes,pull_request_merged,TRUE,sa,-5,0.00944210699310675,0.242878623224344,-0.466599994526607,0.485484208512821
important_degree_top3,rolling5,exact1,nevertreated,pc_score,collaboration_pc_score,high,github_outcomes,pull_request_merged,TRUE,sa,-4,0.230006767056464,0.240780975196115,-0.241923944327922,0.701937478440849
important_degree_top3,rolling5,exact1,nevertreated,pc_score,collaboration_pc_score,high,github_outcomes,pull_request_merged,TRUE,sa,-3,0.194176967542338,0.240285804915569,-0.276783210092177,0.665137145176852
important_degree_top3,rolling5,exact1,nevertreated,pc_score,collaboration_pc_score,high,github_outcomes,pull_request_merged,TRUE,sa,-2,-0.163183712473933,0.201723553485471,-0.558561877305456,0.232194452357589
important_degree_top3,rolling5,exact1,nevertreated,pc_score,collaboration_pc_score,high,github_outcomes,pull_request_merged,TRUE,sa,-1,0,0,0,0
important_degree_top3,rolling5,exact1,nevertreated,pc_score,collaboration_pc_score,high,github_outcomes,pull_request_merged,TRUE,sa,0,-0.531961374848796,0.206858671182358,-0.937404370366218,-0.126518379331374
important_degree_top3,rolling5,exact1,nevertreated,pc_score,collaboration_pc_score,high,github_outcomes,pull_request_merged,TRUE,sa,1,-0.803011740861775,0.275960652450937,-1.34389461966561,-0.262128862057938
important_degree_top3,rolling5,exact1,nevertreated,pc_score,collaboration_pc_score,high,github_outcomes,pull_request_merged,TRUE,sa,2,-1.14874221190066,0.24091714187676,-1.62093980997911,-0.676544613822211
important_degree_top3,rolling5,exact1,nevertreated,pc_score,collaboration_pc_score,high,github_outcomes,pull_request_merged,TRUE,sa,3,-1.35944455121597,0.260157727490547,-1.86935369709745,-0.8495354053345
important_degree_top3,rolling5,exact1,nevertreated,pc_score,collaboration_pc_score,high,github_outcomes,pull_request_merged,TRUE,sa,4,-1.26579553374439,0.38283318644888,-2.01614857918419,-0.515442488304584
important_degree_top3,rolling5,exact1,nevertreated,pc_score,collaboration_pc_score,high,github_outcomes,pull_request_merged,TRUE,sa,5,-1.33137201823879,0.368340163887662,-2.05331873945861,-0.609425297018969
important_degree_top3,rolling5,exact1,nevertreated,pc_score,collaboration_pc_score,high,github_outcomes,pull_request_merged,TRUE,sa,6,-1.63788569605997,0.451681815002716,-2.52318205346529,-0.75258933865465
important_degree_top3,rolling5,exact1,nevertreated,pc_score,collaboration_pc_score,high,github_outcomes,pull_request_merged,TRUE,sa,7,-1.96291056557029,0.508997914315496,-2.96054647762866,-0.965274653511916
important_degree_top3,rolling5,exact1,nevertreated,pc_score,collaboration_pc_score,high,github_outcomes,pull_request_merged,TRUE,sa,8,-1.8504729637741,0.633813156970745,-3.09274675143676,-0.608199176111443
important_degree_top3,rolling5,exact1,nevertreated,pc_score,collaboration_pc_score,high,github_outcomes,pull_request_merged,TRUE,sa,9,-1.11477788067294,0.796621346682556,-2.67615572017075,0.446599958824872
important_degree_top3,rolling5,exact1,nevertreated,pc_score,collaboration_pc_score,high,github_outcomes,pull_request_merged,TRUE,sa,10,-1.05510713401339,0.94053598471365,-2.89855766405214,0.788343396025364
important_degree_top3,rolling5,exact1,nevertreated,pc_score,collaboration_pc_score,high,github_outcomes,pull_request_merged,TRUE,sa,11,-2.89425668526087,0.49708886179856,-3.86855085438605,-1.91996251613569
important_degree_top3,rolling5,exact1,nevertreated,pc_score,knowledge_level_pc_score,low,github_outcomes,pull_request_merged,TRUE,sa,-15,-0.475020996098059,0.519636089466329,-1.49350773145206,0.543465739255946
important_degree_top3,rolling5,exact1,nevertreated,pc_score,knowledge_level_pc_score,low,github_outcomes,pull_request_merged,TRUE,sa,-14,0.0160363348514179,0.513888036219007,-0.991184216137836,1.02325688584067
important_degree_top3,rolling5,exact1,nevertreated,pc_score,knowledge_level_pc_score,low,github_outcomes,pull_request_merged,TRUE,sa,-13,-0.341641192210335,0.443037283325462,-1.20999426752824,0.526711883107571
important_degree_top3,rolling5,exact1,nevertreated,pc_score,knowledge_level_pc_score,low,github_outcomes,pull_request_merged,TRUE,sa,-12,0.42055101233753,0.568001439302045,-0.692731808694479,1.53383383336954
important_degree_top3,rolling5,exact1,nevertreated,pc_score,knowledge_level_pc_score,low,github_outcomes,pull_request_merged,TRUE,sa,-11,-0.138485565802877,0.41290719553155,-0.947783669044715,0.670812537438961
important_degree_top3,rolling5,exact1,nevertreated,pc_score,knowledge_level_pc_score,low,github_outcomes,pull_request_merged,TRUE,sa,-10,0.802818038485835,0.540748263553452,-0.257048558078931,1.8626846350506
important_degree_top3,rolling5,exact1,nevertreated,pc_score,knowledge_level_pc_score,low,github_outcomes,pull_request_merged,TRUE,sa,-9,0.739063203347107,0.437374725191783,-0.118191258028787,1.596317664723
important_degree_top3,rolling5,exact1,nevertreated,pc_score,knowledge_level_pc_score,low,github_outcomes,pull_request_merged,TRUE,sa,-8,0.352962212767876,0.423425240930066,-0.476951259455052,1.18287568499081
important_degree_top3,rolling5,exact1,nevertreated,pc_score,knowledge_level_pc_score,low,github_outcomes,pull_request_merged,TRUE,sa,-7,0.567804620675921,0.352252021776295,-0.122609342005617,1.25821858335746
important_degree_top3,rolling5,exact1,nevertreated,pc_score,knowledge_level_pc_score,low,github_outcomes,pull_request_merged,TRUE,sa,-6,0.570841914857089,0.350814728876535,-0.116754953740919,1.2584387834551
important_degree_top3,rolling5,exact1,nevertreated,pc_score,knowledge_level_pc_score,low,github_outcomes,pull_request_merged,TRUE,sa,-5,0.122019493056093,0.243808923728621,-0.355845997452004,0.599884983564191
important_degree_top3,rolling5,exact1,nevertreated,pc_score,knowledge_level_pc_score,low,github_outcomes,pull_request_merged,TRUE,sa,-4,-0.0144819053425696,0.219852762235246,-0.445393319323651,0.416429508638512
important_degree_top3,rolling5,exact1,nevertreated,pc_score,knowledge_level_pc_score,low,github_outcomes,pull_request_merged,TRUE,sa,-3,-0.0527643749721174,0.217550629489364,-0.479163608771272,0.373634858827037
important_degree_top3,rolling5,exact1,nevertreated,pc_score,knowledge_level_pc_score,low,github_outcomes,pull_request_merged,TRUE,sa,-2,0.205694066732417,0.175771014261203,-0.13881712121954,0.550205254684375
important_degree_top3,rolling5,exact1,nevertreated,pc_score,knowledge_level_pc_score,low,github_outcomes,pull_request_merged,TRUE,sa,-1,0,0,0,0
important_degree_top3,rolling5,exact1,nevertreated,pc_score,knowledge_level_pc_score,low,github_outcomes,pull_request_merged,TRUE,sa,0,-0.217199039304021,0.178124413752061,-0.56632289025806,0.131924811650018
important_degree_top3,rolling5,exact1,nevertreated,pc_score,knowledge_level_pc_score,low,github_outcomes,pull_request_merged,TRUE,sa,1,-0.502411257872435,0.224273235960387,-0.941986800354794,-0.0628357153900767
important_degree_top3,rolling5,exact1,nevertreated,pc_score,knowledge_level_pc_score,low,github_outcomes,pull_request_merged,TRUE,sa,2,-0.849963981941297,0.201957018807323,-1.24579973880365,-0.454128225078945
important_degree_top3,rolling5,exact1,nevertreated,pc_score,knowledge_level_pc_score,low,github_outcomes,pull_request_merged,TRUE,sa,3,-0.775229764074589,0.243625128354197,-1.25273501564881,-0.297724512500363
important_degree_top3,rolling5,exact1,nevertreated,pc_score,knowledge_level_pc_score,low,github_outcomes,pull_request_merged,TRUE,sa,4,-0.269777836247491,0.439488777912329,-1.13117584095566,0.591620168460675
important_degree_top3,rolling5,exact1,nevertreated,pc_score,knowledge_level_pc_score,low,github_outcomes,pull_request_merged,TRUE,sa,5,-0.936208358453527,0.31873923717651,-1.56093726331949,-0.311479453587568
important_degree_top3,rolling5,exact1,nevertreated,pc_score,knowledge_level_pc_score,low,github_outcomes,pull_request_merged,TRUE,sa,6,-1.10406069036804,0.385485537059731,-1.85961234300512,-0.348509037730969
important_degree_top3,rolling5,exact1,nevertreated,pc_score,knowledge_level_pc_score,low,github_outcomes,pull_request_merged,TRUE,sa,7,-1.15766610071066,0.47543141455283,-2.08951167323421,-0.225820528187112
important_degree_top3,rolling5,exact1,nevertreated,pc_score,knowledge_level_pc_score,low,github_outcomes,pull_request_merged,TRUE,sa,8,-0.780242091077499,0.570338784352631,-1.89810610840866,0.337621926253658
important_degree_top3,rolling5,exact1,nevertreated,pc_score,knowledge_level_pc_score,low,github_outcomes,pull_request_merged,TRUE,sa,9,-0.736815844722774,0.6191935013696,-1.95043510740719,0.476803417961643
important_degree_top3,rolling5,exact1,nevertreated,pc_score,knowledge_level_pc_score,low,github_outcomes,pull_request_merged,TRUE,sa,10,-0.64929306051398,0.622377239964007,-1.86915245084343,0.570566329815474
important_degree_top3,rolling5,exact1,nevertreated,pc_score,knowledge_level_pc_score,low,github_outcomes,pull_request_merged,TRUE,sa,11,-0.310497388360284,1.03107883642151,-2.33141190774644,1.71041713102587
important_degree_top3,rolling5,exact1,nevertreated,pc_score,knowledge_level_pc_score,high,github_outcomes,pull_request_merged,TRUE,sa,-15,-0.217786649327699,0.636445950646488,-1.46522071259482,1.02964741393942
important_degree_top3,rolling5,exact1,nevertreated,pc_score,knowledge_level_pc_score,high,github_outcomes,pull_request_merged,TRUE,sa,-14,-0.821091707099664,0.500984626190912,-1.80302157443385,0.160838160234523
important_degree_top3,rolling5,exact1,nevertreated,pc_score,knowledge_level_pc_score,high,github_outcomes,pull_request_merged,TRUE,sa,-13,1.96739925649633,0.851069397328653,0.299303237732166,3.63549527526049
important_degree_top3,rolling5,exact1,nevertreated,pc_score,knowledge_level_pc_score,high,github_outcomes,pull_request_merged,TRUE,sa,-12,0.254416503559248,0.447420268448555,-0.622527222599919,1.13136022971841
important_degree_top3,rolling5,exact1,nevertreated,pc_score,knowledge_level_pc_score,high,github_outcomes,pull_request_merged,TRUE,sa,-11,1.22521159249797,0.632911691400869,-0.0152953226477368,2.46571850764367
important_degree_top3,rolling5,exact1,nevertreated,pc_score,knowledge_level_pc_score,high,github_outcomes,pull_request_merged,TRUE,sa,-10,1.35669327052413,0.829725746387906,-0.269569192396161,2.98295573344443
important_degree_top3,rolling5,exact1,nevertreated,pc_score,knowledge_level_pc_score,high,github_outcomes,pull_request_merged,TRUE,sa,-9,0.867639849165477,0.45240568272052,-0.0190752889667419,1.7543549872977
important_degree_top3,rolling5,exact1,nevertreated,pc_score,knowledge_level_pc_score,high,github_outcomes,pull_request_merged,TRUE,sa,-8,0.163650446837049,0.370339329146354,-0.562214638289805,0.889515531963903
important_degree_top3,rolling5,exact1,nevertreated,pc_score,knowledge_level_pc_score,high,github_outcomes,pull_request_merged,TRUE,sa,-7,0.703365532708925,0.366620072440517,-0.0152098092744885,1.42194087469234
important_degree_top3,rolling5,exact1,nevertreated,pc_score,knowledge_level_pc_score,high,github_outcomes,pull_request_merged,TRUE,sa,-6,0.821440327109572,0.410525006147819,0.0168113150598467,1.6260693391593
important_degree_top3,rolling5,exact1,nevertreated,pc_score,knowledge_level_pc_score,high,github_outcomes,pull_request_merged,TRUE,sa,-5,0.146607538365086,0.187979237214178,-0.221831766574702,0.515046843304875
important_degree_top3,rolling5,exact1,nevertreated,pc_score,knowledge_level_pc_score,high,github_outcomes,pull_request_merged,TRUE,sa,-4,0.341254136263749,0.166056495649002,0.0157834047917056,0.666724867735792
important_degree_top3,rolling5,exact1,nevertreated,pc_score,knowledge_level_pc_score,high,github_outcomes,pull_request_merged,TRUE,sa,-3,0.286478542128112,0.175374064805567,-0.0572546248907994,0.630211709147022
important_degree_top3,rolling5,exact1,nevertreated,pc_score,knowledge_level_pc_score,high,github_outcomes,pull_request_merged,TRUE,sa,-2,0.0174962017364918,0.165922249873059,-0.307711408014703,0.342703811487687
important_degree_top3,rolling5,exact1,nevertreated,pc_score,knowledge_level_pc_score,high,github_outcomes,pull_request_merged,TRUE,sa,-1,0,0,0,0
important_degree_top3,rolling5,exact1,nevertreated,pc_score,knowledge_level_pc_score,high,github_outcomes,pull_request_merged,TRUE,sa,0,0.137692030104058,0.258938288930474,-0.36982701619967,0.645211076407787
important_degree_top3,rolling5,exact1,nevertreated,pc_score,knowledge_level_pc_score,high,github_outcomes,pull_request_merged,TRUE,sa,1,-0.590704861751655,0.190122435639172,-0.963344835604432,-0.218064887898877
important_degree_top3,rolling5,exact1,nevertreated,pc_score,knowledge_level_pc_score,high,github_outcomes,pull_request_merged,TRUE,sa,2,-0.503884588217588,0.380255981396298,-1.24918631175433,0.241417135319157
important_degree_top3,rolling5,exact1,nevertreated,pc_score,knowledge_level_pc_score,high,github_outcomes,pull_request_merged,TRUE,sa,3,-0.775065736391145,0.277280564986723,-1.31853564376512,-0.231595829017168
important_degree_top3,rolling5,exact1,nevertreated,pc_score,knowledge_level_pc_score,high,github_outcomes,pull_request_merged,TRUE,sa,4,-0.703406664005237,0.35650562588035,-1.40215769073072,-0.00465563727975049
important_degree_top3,rolling5,exact1,nevertreated,pc_score,knowledge_level_pc_score,high,github_outcomes,pull_request_merged,TRUE,sa,5,-0.767905323332686,0.337208818212592,-1.42883460702937,-0.106976039636006
important_degree_top3,rolling5,exact1,nevertreated,pc_score,knowledge_level_pc_score,high,github_outcomes,pull_request_merged,TRUE,sa,6,-1.08388381464561,0.33521567838955,-1.74090654428912,-0.426861085002087
important_degree_top3,rolling5,exact1,nevertreated,pc_score,knowledge_level_pc_score,high,github_outcomes,pull_request_merged,TRUE,sa,7,-1.35187321389865,0.333022236012411,-2.00459679648298,-0.699149631314323
important_degree_top3,rolling5,exact1,nevertreated,pc_score,knowledge_level_pc_score,high,github_outcomes,pull_request_merged,TRUE,sa,8,-1.40544612664523,0.397061363571694,-2.18368639924575,-0.627205854044709
important_degree_top3,rolling5,exact1,nevertreated,pc_score,knowledge_level_pc_score,high,github_outcomes,pull_request_merged,TRUE,sa,9,-1.52065917961043,0.54235229530273,-2.58366967840378,-0.457648680817082
important_degree_top3,rolling5,exact1,nevertreated,pc_score,knowledge_level_pc_score,high,github_outcomes,pull_request_merged,TRUE,sa,10,-1.76437684702011,0.552265722975068,-2.84681766405124,-0.681936029988975
important_degree_top3,rolling5,exact1,nevertreated,pc_score,knowledge_level_pc_score,high,github_outcomes,pull_request_merged,TRUE,sa,11,-2.31664567910316,0.308464118350348,-2.92123535106984,-1.71205600713648
important_degree_top3,rolling5,exact1,nevertreated,pc_score,discussion_quality_pc_score,low,github_outcomes,pull_request_merged,TRUE,sa,-15,-0.7790298538659,0.371322569271293,-1.50682208963764,-0.0512376180941658
important_degree_top3,rolling5,exact1,nevertreated,pc_score,discussion_quality_pc_score,low,github_outcomes,pull_request_merged,TRUE,sa,-14,-0.715047074627552,0.366483006493794,-1.43335376735539,0.00325961810028397
important_degree_top3,rolling5,exact1,nevertreated,pc_score,discussion_quality_pc_score,low,github_outcomes,pull_request_merged,TRUE,sa,-13,0.78232681988606,0.70244197004858,-0.594459441409156,2.15911308118128
important_degree_top3,rolling5,exact1,nevertreated,pc_score,discussion_quality_pc_score,low,github_outcomes,pull_request_merged,TRUE,sa,-12,0.472249416980536,0.44310685106425,-0.396240011105394,1.34073884506646
important_degree_top3,rolling5,exact1,nevertreated,pc_score,discussion_quality_pc_score,low,github_outcomes,pull_request_merged,TRUE,sa,-11,0.638754852601089,0.500708265989416,-0.342633348738166,1.62014305394034
important_degree_top3,rolling5,exact1,nevertreated,pc_score,discussion_quality_pc_score,low,github_outcomes,pull_request_merged,TRUE,sa,-10,1.58740149587812,0.765390222405427,0.0872366599634853,3.08756633179276
important_degree_top3,rolling5,exact1,nevertreated,pc_score,discussion_quality_pc_score,low,github_outcomes,pull_request_merged,TRUE,sa,-9,0.568676200868735,0.411792424452499,-0.238436951058163,1.37578935279563
important_degree_top3,rolling5,exact1,nevertreated,pc_score,discussion_quality_pc_score,low,github_outcomes,pull_request_merged,TRUE,sa,-8,0.107227406636947,0.394428673806635,-0.665852794024056,0.880307607297951
important_degree_top3,rolling5,exact1,nevertreated,pc_score,discussion_quality_pc_score,low,github_outcomes,pull_request_merged,TRUE,sa,-7,0.289635403236923,0.31032188541059,-0.318595492167835,0.89786629864168
important_degree_top3,rolling5,exact1,nevertreated,pc_score,discussion_quality_pc_score,low,github_outcomes,pull_request_merged,TRUE,sa,-6,0.386189935621023,0.346636850821079,-0.293218291988292,1.06559816323034
important_degree_top3,rolling5,exact1,nevertreated,pc_score,discussion_quality_pc_score,low,github_outcomes,pull_request_merged,TRUE,sa,-5,0.0346380079150866,0.193974397712391,-0.3455518116012,0.414827827431374
important_degree_top3,rolling5,exact1,nevertreated,pc_score,discussion_quality_pc_score,low,github_outcomes,pull_request_merged,TRUE,sa,-4,-0.160868746314617,0.171707711055446,-0.497415859983292,0.175678367354058
important_degree_top3,rolling5,exact1,nevertreated,pc_score,discussion_quality_pc_score,low,github_outcomes,pull_request_merged,TRUE,sa,-3,-0.0968206729022214,0.163904368632683,-0.418073235422279,0.224431889617836
important_degree_top3,rolling5,exact1,nevertreated,pc_score,discussion_quality_pc_score,low,github_outcomes,pull_request_merged,TRUE,sa,-2,0.0320726504688941,0.131706662157978,-0.226072407360743,0.290217708298532
important_degree_top3,rolling5,exact1,nevertreated,pc_score,discussion_quality_pc_score,low,github_outcomes,pull_request_merged,TRUE,sa,-1,0,0,0,0
important_degree_top3,rolling5,exact1,nevertreated,pc_score,discussion_quality_pc_score,low,github_outcomes,pull_request_merged,TRUE,sa,0,-0.0658779408113368,0.184499817315375,-0.427497582749472,0.295741701126799
important_degree_top3,rolling5,exact1,nevertreated,pc_score,discussion_quality_pc_score,low,github_outcomes,pull_request_merged,TRUE,sa,1,-0.41460939203441,0.165648267117694,-0.739279995585089,-0.0899387884837304
important_degree_top3,rolling5,exact1,nevertreated,pc_score,discussion_quality_pc_score,low,github_outcomes,pull_request_merged,TRUE,sa,2,-0.577067314958122,0.16869978393086,-0.907718891462609,-0.246415738453636
important_degree_top3,rolling5,exact1,nevertreated,pc_score,discussion_quality_pc_score,low,github_outcomes,pull_request_merged,TRUE,sa,3,-0.547619289196636,0.20794337684198,-0.955188307806918,-0.140050270586355
important_degree_top3,rolling5,exact1,nevertreated,pc_score,discussion_quality_pc_score,low,github_outcomes,pull_request_merged,TRUE,sa,4,-0.117539946474551,0.366170143053712,-0.835233426859826,0.600153533910725
important_degree_top3,rolling5,exact1,nevertreated,pc_score,discussion_quality_pc_score,low,github_outcomes,pull_request_merged,TRUE,sa,5,-0.819304769839054,0.230796793076285,-1.27166648426857,-0.366943055409534
important_degree_top3,rolling5,exact1,nevertreated,pc_score,discussion_quality_pc_score,low,github_outcomes,pull_request_merged,TRUE,sa,6,-0.809831800625486,0.258036486065218,-1.31558331331331,-0.304080287937659
important_degree_top3,rolling5,exact1,nevertreated,pc_score,discussion_quality_pc_score,low,github_outcomes,pull_request_merged,TRUE,sa,7,-0.903955885526501,0.251789900559264,-1.39746409062266,-0.410447680430343
important_degree_top3,rolling5,exact1,nevertreated,pc_score,discussion_quality_pc_score,low,github_outcomes,pull_request_merged,TRUE,sa,8,-0.818902732857038,0.337718621372714,-1.48083123074756,-0.156974234966518
important_degree_top3,rolling5,exact1,nevertreated,pc_score,discussion_quality_pc_score,low,github_outcomes,pull_request_merged,TRUE,sa,9,-1.23138677149803,0.344149583812902,-1.90591995577131,-0.556853587224737
important_degree_top3,rolling5,exact1,nevertreated,pc_score,discussion_quality_pc_score,low,github_outcomes,pull_request_merged,TRUE,sa,10,-0.95496993710456,0.369300861275429,-1.6787996252044,-0.231140249004719
important_degree_top3,rolling5,exact1,nevertreated,pc_score,discussion_quality_pc_score,low,github_outcomes,pull_request_merged,TRUE,sa,11,-1.22102277222616,0.61595713196877,-2.42829875088495,-0.0137467935673694
important_degree_top3,rolling5,exact1,nevertreated,pc_score,discussion_quality_pc_score,high,github_outcomes,pull_request_merged,TRUE,sa,-15,0.215576605893168,0.771967514266089,-1.29747972206837,1.7286329338547
important_degree_top3,rolling5,exact1,nevertreated,pc_score,discussion_quality_pc_score,high,github_outcomes,pull_request_merged,TRUE,sa,-14,0.0813594223092261,0.600710118717482,-1.09603241037704,1.25875125499549
important_degree_top3,rolling5,exact1,nevertreated,pc_score,discussion_quality_pc_score,high,github_outcomes,pull_request_merged,TRUE,sa,-13,0.751324424194775,0.555396127299595,-0.337251985312432,1.83990083370198
important_degree_top3,rolling5,exact1,nevertreated,pc_score,discussion_quality_pc_score,high,github_outcomes,pull_request_merged,TRUE,sa,-12,0.0053430527681945,0.605384299174031,-1.18121017361291,1.1918962791493
important_degree_top3,rolling5,exact1,nevertreated,pc_score,discussion_quality_pc_score,high,github_outcomes,pull_request_merged,TRUE,sa,-11,0.0202019605931026,0.504385707355613,-0.968394025823898,1.0087979470101
important_degree_top3,rolling5,exact1,nevertreated,pc_score,discussion_quality_pc_score,high,github_outcomes,pull_request_merged,TRUE,sa,-10,0.191235614796875,0.420236875022959,-0.632428660248124,1.01489988984187
important_degree_top3,rolling5,exact1,nevertreated,pc_score,discussion_quality_pc_score,high,github_outcomes,pull_request_merged,TRUE,sa,-9,0.868511182096849,0.472292445785955,-0.057182011643622,1.79420437583732
important_degree_top3,rolling5,exact1,nevertreated,pc_score,discussion_quality_pc_score,high,github_outcomes,pull_request_merged,TRUE,sa,-8,0.235806485259083,0.379217919905111,-0.507460637754934,0.9790736082731
important_degree_top3,rolling5,exact1,nevertreated,pc_score,discussion_quality_pc_score,high,github_outcomes,pull_request_merged,TRUE,sa,-7,0.84133346174663,0.387766447053672,0.0813112255214323,1.60135569797183
important_degree_top3,rolling5,exact1,nevertreated,pc_score,discussion_quality_pc_score,high,github_outcomes,pull_request_merged,TRUE,sa,-6,1.00117341725788,0.403647519328012,0.210024279374977,1.79232255514078
important_degree_top3,rolling5,exact1,nevertreated,pc_score,discussion_quality_pc_score,high,github_outcomes,pull_request_merged,TRUE,sa,-5,0.224634950043723,0.243597016164816,-0.252815201639316,0.702085101726763
important_degree_top3,rolling5,exact1,nevertreated,pc_score,discussion_quality_pc_score,high,github_outcomes,pull_request_merged,TRUE,sa,-4,0.45289349278535,0.2370810017397,-0.0117852706244618,0.917572256195161
important_degree_top3,rolling5,exact1,nevertreated,pc_score,discussion_quality_pc_score,high,github_outcomes,pull_request_merged,TRUE,sa,-3,0.344675746879124,0.238685271985853,-0.123147386213147,0.812498879971396
important_degree_top3,rolling5,exact1,nevertreated,pc_score,discussion_quality_pc_score,high,github_outcomes,pull_request_merged,TRUE,sa,-2,0.262315776956664,0.213678984137692,-0.156495031953212,0.681126585866541
important_degree_top3,rolling5,exact1,nevertreated,pc_score,discussion_quality_pc_score,high,github_outcomes,pull_request_merged,TRUE,sa,-1,0,0,0,0
important_degree_top3,rolling5,exact1,nevertreated,pc_score,discussion_quality_pc_score,high,github_outcomes,pull_request_merged,TRUE,sa,0,-0.00763917402431938,0.247043943278642,-0.491845302850457,0.476566954801818
important_degree_top3,rolling5,exact1,nevertreated,pc_score,discussion_quality_pc_score,high,github_outcomes,pull_request_merged,TRUE,sa,1,-0.620668424289219,0.251672699346678,-1.11394691500871,-0.12738993356973
important_degree_top3,rolling5,exact1,nevertreated,pc_score,discussion_quality_pc_score,high,github_outcomes,pull_request_merged,TRUE,sa,2,-0.724458617879088,0.402283050879574,-1.51293339760305,0.0640161618448768
important_degree_top3,rolling5,exact1,nevertreated,pc_score,discussion_quality_pc_score,high,github_outcomes,pull_request_merged,TRUE,sa,3,-0.978913413674498,0.302497989834414,-1.57180947374995,-0.386017353599047
important_degree_top3,rolling5,exact1,nevertreated,pc_score,discussion_quality_pc_score,high,github_outcomes,pull_request_merged,TRUE,sa,4,-0.895464385306232,0.430056514781859,-1.73837515427868,-0.0525536163337886
important_degree_top3,rolling5,exact1,nevertreated,pc_score,discussion_quality_pc_score,high,github_outcomes,pull_request_merged,TRUE,sa,5,-0.888741918385545,0.39611542238939,-1.66512814626875,-0.11235569050234
important_degree_top3,rolling5,exact1,nevertreated,pc_score,discussion_quality_pc_score,high,github_outcomes,pull_request_merged,TRUE,sa,6,-1.29682326388313,0.397198261805315,-2.07533185702155,-0.518314670744713
important_degree_top3,rolling5,exact1,nevertreated,pc_score,discussion_quality_pc_score,high,github_outcomes,pull_request_merged,TRUE,sa,7,-1.66350381077982,0.529855125001332,-2.70201985578243,-0.624987765777205
important_degree_top3,rolling5,exact1,nevertreated,pc_score,discussion_quality_pc_score,high,github_outcomes,pull_request_merged,TRUE,sa,8,-1.29049341697662,0.599259542909603,-2.46504212107944,-0.115944712873797
important_degree_top3,rolling5,exact1,nevertreated,pc_score,discussion_quality_pc_score,high,github_outcomes,pull_request_merged,TRUE,sa,9,-0.816051036588021,0.736442308110769,-2.25947796048513,0.627375887309086
important_degree_top3,rolling5,exact1,nevertreated,pc_score,discussion_quality_pc_score,high,github_outcomes,pull_request_merged,TRUE,sa,10,-1.30402214502274,0.975048375760299,-3.21511696151293,0.607072671467446
important_degree_top3,rolling5,exact1,nevertreated,pc_score,discussion_quality_pc_score,high,github_outcomes,pull_request_merged,TRUE,sa,11,-2.31678235587113,0.478834107607204,-3.25529720678125,-1.37826750496101
important_degree_top3,rolling5,exact1,nevertreated,pc_score,investment_in_new_talent_pc_score,low,github_outcomes,pull_request_merged,TRUE,sa,-15,-0.411758540561627,0.623777228619721,-1.63436190865628,0.810844827533026
important_degree_top3,rolling5,exact1,nevertreated,pc_score,investment_in_new_talent_pc_score,low,github_outcomes,pull_request_merged,TRUE,sa,-14,0.360503760217828,0.452808971075317,-0.527001823089793,1.24800934352545
important_degree_top3,rolling5,exact1,nevertreated,pc_score,investment_in_new_talent_pc_score,low,github_outcomes,pull_request_merged,TRUE,sa,-13,1.30440961989252,0.707470434469482,-0.0822324316676608,2.69105167145271
important_degree_top3,rolling5,exact1,nevertreated,pc_score,investment_in_new_talent_pc_score,low,github_outcomes,pull_request_merged,TRUE,sa,-12,0.463676518172257,0.479617619115731,-0.476374015294577,1.40372705163909
important_degree_top3,rolling5,exact1,nevertreated,pc_score,investment_in_new_talent_pc_score,low,github_outcomes,pull_request_merged,TRUE,sa,-11,0.908453668672588,0.489842476244263,-0.0516375847661666,1.86854492211134
important_degree_top3,rolling5,exact1,nevertreated,pc_score,investment_in_new_talent_pc_score,low,github_outcomes,pull_request_merged,TRUE,sa,-10,0.949025804474134,0.47934637447646,0.00950691050027175,1.888544698448
important_degree_top3,rolling5,exact1,nevertreated,pc_score,investment_in_new_talent_pc_score,low,github_outcomes,pull_request_merged,TRUE,sa,-9,0.85552394977134,0.353783187744193,0.162108901792722,1.54893899774996
important_degree_top3,rolling5,exact1,nevertreated,pc_score,investment_in_new_talent_pc_score,low,github_outcomes,pull_request_merged,TRUE,sa,-8,0.0882329307490032,0.297400559943132,-0.494672166739536,0.671138028237542
important_degree_top3,rolling5,exact1,nevertreated,pc_score,investment_in_new_talent_pc_score,low,github_outcomes,pull_request_merged,TRUE,sa,-7,0.34169303588039,0.334104259688319,-0.313151313108716,0.996537384869496
important_degree_top3,rolling5,exact1,nevertreated,pc_score,investment_in_new_talent_pc_score,low,github_outcomes,pull_request_merged,TRUE,sa,-6,0.552487616015176,0.351784908744643,-0.137010805124326,1.24198603715468
important_degree_top3,rolling5,exact1,nevertreated,pc_score,investment_in_new_talent_pc_score,low,github_outcomes,pull_request_merged,TRUE,sa,-5,-0.147021270221735,0.194119757102892,-0.527495994143403,0.233453453699933
important_degree_top3,rolling5,exact1,nevertreated,pc_score,investment_in_new_talent_pc_score,low,github_outcomes,pull_request_merged,TRUE,sa,-4,-0.0927109879412088,0.176300537563984,-0.438260041566617,0.252838065684199
important_degree_top3,rolling5,exact1,nevertreated,pc_score,investment_in_new_talent_pc_score,low,github_outcomes,pull_request_merged,TRUE,sa,-3,-0.0234219086135662,0.198807349386325,-0.413084313410763,0.366240496183631
important_degree_top3,rolling5,exact1,nevertreated,pc_score,investment_in_new_talent_pc_score,low,github_outcomes,pull_request_merged,TRUE,sa,-2,-0.0447254268135804,0.181747657599423,-0.400950835708449,0.311499982081289
important_degree_top3,rolling5,exact1,nevertreated,pc_score,investment_in_new_talent_pc_score,low,github_outcomes,pull_request_merged,TRUE,sa,-1,0,0,0,0
important_degree_top3,rolling5,exact1,nevertreated,pc_score,investment_in_new_talent_pc_score,low,github_outcomes,pull_request_merged,TRUE,sa,0,-0.0104571257710029,0.230074999136409,-0.461404124078364,0.440489872536358
important_degree_top3,rolling5,exact1,nevertreated,pc_score,investment_in_new_talent_pc_score,low,github_outcomes,pull_request_merged,TRUE,sa,1,-0.556165384191808,0.17843846488652,-0.905904775369387,-0.206425993014229
important_degree_top3,rolling5,exact1,nevertreated,pc_score,investment_in_new_talent_pc_score,low,github_outcomes,pull_request_merged,TRUE,sa,2,-0.490611287104347,0.340645384183789,-1.15827624010457,0.177053665895879
important_degree_top3,rolling5,exact1,nevertreated,pc_score,investment_in_new_talent_pc_score,low,github_outcomes,pull_request_merged,TRUE,sa,3,-0.783650963406205,0.247384647130983,-1.26852487178293,-0.29877705502948
important_degree_top3,rolling5,exact1,nevertreated,pc_score,investment_in_new_talent_pc_score,low,github_outcomes,pull_request_merged,TRUE,sa,4,-0.0638691391856952,0.383600401760129,-0.815725926635548,0.687987648264157
important_degree_top3,rolling5,exact1,nevertreated,pc_score,investment_in_new_talent_pc_score,low,github_outcomes,pull_request_merged,TRUE,sa,5,-0.525278016168578,0.305540246805704,-1.12413689990776,0.0735808675706011
important_degree_top3,rolling5,exact1,nevertreated,pc_score,investment_in_new_talent_pc_score,low,github_outcomes,pull_request_merged,TRUE,sa,6,-0.760173190292243,0.297682750570722,-1.34363138141086,-0.176714999173628
important_degree_top3,rolling5,exact1,nevertreated,pc_score,investment_in_new_talent_pc_score,low,github_outcomes,pull_request_merged,TRUE,sa,7,-0.81208471837444,0.330878401918931,-1.46060638613554,-0.163563050613334
important_degree_top3,rolling5,exact1,nevertreated,pc_score,investment_in_new_talent_pc_score,low,github_outcomes,pull_request_merged,TRUE,sa,8,-0.509321157941873,0.376470336860392,-1.24720301818824,0.228560702304494
important_degree_top3,rolling5,exact1,nevertreated,pc_score,investment_in_new_talent_pc_score,low,github_outcomes,pull_request_merged,TRUE,sa,9,-1.03334623973247,0.447253475967257,-1.90996305262829,-0.156729426836646
important_degree_top3,rolling5,exact1,nevertreated,pc_score,investment_in_new_talent_pc_score,low,github_outcomes,pull_request_merged,TRUE,sa,10,-1.05609740920899,0.530579333231135,-2.09603290234201,-0.0161619160759647
important_degree_top3,rolling5,exact1,nevertreated,pc_score,investment_in_new_talent_pc_score,low,github_outcomes,pull_request_merged,TRUE,sa,11,-1.73192538879846,0.297625371039783,-2.31527111603643,-1.14857966156049
important_degree_top3,rolling5,exact1,nevertreated,pc_score,investment_in_new_talent_pc_score,high,github_outcomes,pull_request_merged,TRUE,sa,-15,-0.276376058316141,0.608495853361244,-1.46902793090418,0.916275814271897
important_degree_top3,rolling5,exact1,nevertreated,pc_score,investment_in_new_talent_pc_score,high,github_outcomes,pull_request_merged,TRUE,sa,-14,-0.946046227336371,0.488072768280343,-1.90266885316584,0.0105763984931017
important_degree_top3,rolling5,exact1,nevertreated,pc_score,investment_in_new_talent_pc_score,high,github_outcomes,pull_request_merged,TRUE,sa,-13,0.11240385498554,0.486916027709525,-0.841951559325129,1.06675926929621
important_degree_top3,rolling5,exact1,nevertreated,pc_score,investment_in_new_talent_pc_score,high,github_outcomes,pull_request_merged,TRUE,sa,-12,-0.136339550821851,0.600079392649463,-1.3124951604148,1.0398160587711
important_degree_top3,rolling5,exact1,nevertreated,pc_score,investment_in_new_talent_pc_score,high,github_outcomes,pull_request_merged,TRUE,sa,-11,-0.384534825052293,0.523379452388889,-1.41035855173452,0.64128890162993
important_degree_top3,rolling5,exact1,nevertreated,pc_score,investment_in_new_talent_pc_score,high,github_outcomes,pull_request_merged,TRUE,sa,-10,1.15860329849163,0.908302907630434,-0.621670400464024,2.93887699744728
important_degree_top3,rolling5,exact1,nevertreated,pc_score,investment_in_new_talent_pc_score,high,github_outcomes,pull_request_merged,TRUE,sa,-9,0.315735632279884,0.541318146452815,-0.745247934767633,1.3767191993274
important_degree_top3,rolling5,exact1,nevertreated,pc_score,investment_in_new_talent_pc_score,high,github_outcomes,pull_request_merged,TRUE,sa,-8,0.441118178731123,0.456895594101755,-0.454397185708317,1.33663354317056
important_degree_top3,rolling5,exact1,nevertreated,pc_score,investment_in_new_talent_pc_score,high,github_outcomes,pull_request_merged,TRUE,sa,-7,0.833383312121411,0.39543252315716,0.0583355667333777,1.60843105750944
important_degree_top3,rolling5,exact1,nevertreated,pc_score,investment_in_new_talent_pc_score,high,github_outcomes,pull_request_merged,TRUE,sa,-6,0.845115165797063,0.396582532894391,0.0678134013240564,1.62241693027007
important_degree_top3,rolling5,exact1,nevertreated,pc_score,investment_in_new_talent_pc_score,high,github_outcomes,pull_request_merged,TRUE,sa,-5,0.420972786932614,0.241804772901395,-0.0529645679541195,0.894910141819348
important_degree_top3,rolling5,exact1,nevertreated,pc_score,investment_in_new_talent_pc_score,high,github_outcomes,pull_request_merged,TRUE,sa,-4,0.388791227709837,0.233440503421577,-0.0687521589964547,0.846334614416128
important_degree_top3,rolling5,exact1,nevertreated,pc_score,investment_in_new_talent_pc_score,high,github_outcomes,pull_request_merged,TRUE,sa,-3,0.23958009848439,0.206478205171322,-0.165117183651401,0.644277380620181
important_degree_top3,rolling5,exact1,nevertreated,pc_score,investment_in_new_talent_pc_score,high,github_outcomes,pull_request_merged,TRUE,sa,-2,0.308843620214714,0.165495871301445,-0.0155282875361184,0.633215527965546
important_degree_top3,rolling5,exact1,nevertreated,pc_score,investment_in_new_talent_pc_score,high,github_outcomes,pull_request_merged,TRUE,sa,-1,0,0,0,0
important_degree_top3,rolling5,exact1,nevertreated,pc_score,investment_in_new_talent_pc_score,high,github_outcomes,pull_request_merged,TRUE,sa,0,-0.0929190340981468,0.197155676905685,-0.47934416083329,0.293506092636996
important_degree_top3,rolling5,exact1,nevertreated,pc_score,investment_in_new_talent_pc_score,high,github_outcomes,pull_request_merged,TRUE,sa,1,-0.549885665377677,0.245825750508831,-1.03170413637499,-0.0680671943803686
important_degree_top3,rolling5,exact1,nevertreated,pc_score,investment_in_new_talent_pc_score,high,github_outcomes,pull_request_merged,TRUE,sa,2,-0.822939192358541,0.216038168586056,-1.24637400278721,-0.399504381929871
important_degree_top3,rolling5,exact1,nevertreated,pc_score,investment_in_new_talent_pc_score,high,github_outcomes,pull_request_merged,TRUE,sa,3,-0.763100287527548,0.268212430499203,-1.28879665130599,-0.23740392374911
important_degree_top3,rolling5,exact1,nevertreated,pc_score,investment_in_new_talent_pc_score,high,github_outcomes,pull_request_merged,TRUE,sa,4,-0.933692135796093,0.420585417485461,-1.7580395540676,-0.10934471752459
important_degree_top3,rolling5,exact1,nevertreated,pc_score,investment_in_new_talent_pc_score,high,github_outcomes,pull_request_merged,TRUE,sa,5,-1.2698745365368,0.356416821547149,-1.96845150676921,-0.571297566304387
important_degree_top3,rolling5,exact1,nevertreated,pc_score,investment_in_new_talent_pc_score,high,github_outcomes,pull_request_merged,TRUE,sa,6,-1.52153871995953,0.432100248363022,-2.36845520675105,-0.674622233168005
important_degree_top3,rolling5,exact1,nevertreated,pc_score,investment_in_new_talent_pc_score,high,github_outcomes,pull_request_merged,TRUE,sa,7,-1.69816447109397,0.461065298530598,-2.60185245621394,-0.794476485973998
important_degree_top3,rolling5,exact1,nevertreated,pc_score,investment_in_new_talent_pc_score,high,github_outcomes,pull_request_merged,TRUE,sa,8,-1.79866613186165,0.61561824115158,-3.00527788451874,-0.592054379204551
important_degree_top3,rolling5,exact1,nevertreated,pc_score,investment_in_new_talent_pc_score,high,github_outcomes,pull_request_merged,TRUE,sa,9,-1.26090081432906,0.66847661588352,-2.57111498146076,0.0493133528026406
important_degree_top3,rolling5,exact1,nevertreated,pc_score,investment_in_new_talent_pc_score,high,github_outcomes,pull_request_merged,TRUE,sa,10,-1.27555167102043,0.615084962983101,-2.4811181984673,-0.069985143573547
important_degree_top3,rolling5,exact1,nevertreated,pc_score,investment_in_new_talent_pc_score,high,github_outcomes,pull_request_merged,TRUE,sa,11,-1.04090310209533,1.14994034784319,-3.29478618386799,1.21297997967732
important_degree_top3,rolling5,exact1,nevertreated,pc_score,problem_solving_routines_pc_score,low,github_outcomes,pull_request_merged,TRUE,sa,-15,-0.0879118004767066,0.661564353280769,-1.38457793290701,1.2087543319536
important_degree_top3,rolling5,exact1,nevertreated,pc_score,problem_solving_routines_pc_score,low,github_outcomes,pull_request_merged,TRUE,sa,-14,-0.36200384788562,0.535954274535747,-1.41247422597568,0.688466530204445
important_degree_top3,rolling5,exact1,nevertreated,pc_score,problem_solving_routines_pc_score,low,github_outcomes,pull_request_merged,TRUE,sa,-13,1.08562157749539,0.452623407005871,0.198479699763882,1.9727634552269
important_degree_top3,rolling5,exact1,nevertreated,pc_score,problem_solving_routines_pc_score,low,github_outcomes,pull_request_merged,TRUE,sa,-12,0.265990597691849,0.485307857839583,-0.685212803673733,1.21719399905743
important_degree_top3,rolling5,exact1,nevertreated,pc_score,problem_solving_routines_pc_score,low,github_outcomes,pull_request_merged,TRUE,sa,-11,0.581360819421811,0.51133894505899,-0.420863512893809,1.58358515173743
important_degree_top3,rolling5,exact1,nevertreated,pc_score,problem_solving_routines_pc_score,low,github_outcomes,pull_request_merged,TRUE,sa,-10,1.41630196689711,0.712406192978787,0.0199858286586834,2.81261810513553
important_degree_top3,rolling5,exact1,nevertreated,pc_score,problem_solving_routines_pc_score,low,github_outcomes,pull_request_merged,TRUE,sa,-9,0.598691833866828,0.410202621522841,-0.205305304317941,1.4026889720516
important_degree_top3,rolling5,exact1,nevertreated,pc_score,problem_solving_routines_pc_score,low,github_outcomes,pull_request_merged,TRUE,sa,-8,0.202811233928435,0.382353176650588,-0.546600992306718,0.952223460163588
important_degree_top3,rolling5,exact1,nevertreated,pc_score,problem_solving_routines_pc_score,low,github_outcomes,pull_request_merged,TRUE,sa,-7,0.280324474211098,0.33305649979434,-0.37246626538581,0.933115213808005
important_degree_top3,rolling5,exact1,nevertreated,pc_score,problem_solving_routines_pc_score,low,github_outcomes,pull_request_merged,TRUE,sa,-6,0.724226230938224,0.418503091862674,-0.0960398291126178,1.54449229098907
important_degree_top3,rolling5,exact1,nevertreated,pc_score,problem_solving_routines_pc_score,low,github_outcomes,pull_request_merged,TRUE,sa,-5,0.0133562965791284,0.237995194378143,-0.453114284402032,0.479826877560289
important_degree_top3,rolling5,exact1,nevertreated,pc_score,problem_solving_routines_pc_score,low,github_outcomes,pull_request_merged,TRUE,sa,-4,0.286344274154369,0.220494085881797,-0.145824134173953,0.718512682482691
important_degree_top3,rolling5,exact1,nevertreated,pc_score,problem_solving_routines_pc_score,low,github_outcomes,pull_request_merged,TRUE,sa,-3,0.312511673664664,0.233894402274501,-0.145921354793358,0.770944702122685
important_degree_top3,rolling5,exact1,nevertreated,pc_score,problem_solving_routines_pc_score,low,github_outcomes,pull_request_merged,TRUE,sa,-2,0.0356199024941034,0.193654878729482,-0.343943659815682,0.415183464803889
important_degree_top3,rolling5,exact1,nevertreated,pc_score,problem_solving_routines_pc_score,low,github_outcomes,pull_request_merged,TRUE,sa,-1,0,0,0,0
important_degree_top3,rolling5,exact1,nevertreated,pc_score,problem_solving_routines_pc_score,low,github_outcomes,pull_request_merged,TRUE,sa,0,-0.00400374955532684,0.200476264675359,-0.39693722831903,0.388929729208376
important_degree_top3,rolling5,exact1,nevertreated,pc_score,problem_solving_routines_pc_score,low,github_outcomes,pull_request_merged,TRUE,sa,1,-0.183419212853412,0.238373667019539,-0.650631600211708,0.283793174504885
important_degree_top3,rolling5,exact1,nevertreated,pc_score,problem_solving_routines_pc_score,low,github_outcomes,pull_request_merged,TRUE,sa,2,-0.61495285028072,0.231059176497762,-1.06782883621633,-0.162076864345106
important_degree_top3,rolling5,exact1,nevertreated,pc_score,problem_solving_routines_pc_score,low,github_outcomes,pull_request_merged,TRUE,sa,3,-0.763434797821002,0.226640014757811,-1.20764922674631,-0.319220368895693
important_degree_top3,rolling5,exact1,nevertreated,pc_score,problem_solving_routines_pc_score,low,github_outcomes,pull_request_merged,TRUE,sa,4,-0.164322991137934,0.394953668635559,-0.938432181663629,0.609786199387761
important_degree_top3,rolling5,exact1,nevertreated,pc_score,problem_solving_routines_pc_score,low,github_outcomes,pull_request_merged,TRUE,sa,5,-0.544061810362538,0.341130649887851,-1.21267788414273,0.12455426341765
important_degree_top3,rolling5,exact1,nevertreated,pc_score,problem_solving_routines_pc_score,low,github_outcomes,pull_request_merged,TRUE,sa,6,-0.846623742326786,0.413311477002093,-1.65671423725089,-0.0365332474026848
important_degree_top3,rolling5,exact1,nevertreated,pc_score,problem_solving_routines_pc_score,low,github_outcomes,pull_request_merged,TRUE,sa,7,-1.16004480503159,0.494809533477305,-2.12987149064711,-0.190218119416068
important_degree_top3,rolling5,exact1,nevertreated,pc_score,problem_solving_routines_pc_score,low,github_outcomes,pull_request_merged,TRUE,sa,8,-0.915341048035156,0.551452907401901,-1.99618874654288,0.16550665047257
important_degree_top3,rolling5,exact1,nevertreated,pc_score,problem_solving_routines_pc_score,low,github_outcomes,pull_request_merged,TRUE,sa,9,-0.697744720846477,0.694417024930348,-2.05880208970996,0.663312648017006
important_degree_top3,rolling5,exact1,nevertreated,pc_score,problem_solving_routines_pc_score,low,github_outcomes,pull_request_merged,TRUE,sa,10,-1.31075225832562,0.810373983954697,-2.89908526687682,0.277580750225591
important_degree_top3,rolling5,exact1,nevertreated,pc_score,problem_solving_routines_pc_score,low,github_outcomes,pull_request_merged,TRUE,sa,11,-2.23049037870085,0.478421153324128,-3.16819583921614,-1.29278491818556
important_degree_top3,rolling5,exact1,nevertreated,pc_score,problem_solving_routines_pc_score,high,github_outcomes,pull_request_merged,TRUE,sa,-15,-0.409403509593771,0.499105389805934,-1.3876500736134,0.56884305442586
important_degree_top3,rolling5,exact1,nevertreated,pc_score,problem_solving_routines_pc_score,high,github_outcomes,pull_request_merged,TRUE,sa,-14,-0.210530238641243,0.448925831182044,-1.09042486775805,0.669364390475563
important_degree_top3,rolling5,exact1,nevertreated,pc_score,problem_solving_routines_pc_score,high,github_outcomes,pull_request_merged,TRUE,sa,-13,0.412831632237216,0.517151544392848,-0.600785394772766,1.4264486592472
important_degree_top3,rolling5,exact1,nevertreated,pc_score,problem_solving_routines_pc_score,high,github_outcomes,pull_request_merged,TRUE,sa,-12,0.106772134313802,0.438813235143775,-0.753301806567997,0.966846075195602
important_degree_top3,rolling5,exact1,nevertreated,pc_score,problem_solving_routines_pc_score,high,github_outcomes,pull_request_merged,TRUE,sa,-11,0.0433765834008215,0.531408192917746,-0.998183474717961,1.0849366415196
important_degree_top3,rolling5,exact1,nevertreated,pc_score,problem_solving_routines_pc_score,high,github_outcomes,pull_request_merged,TRUE,sa,-10,0.655735641118902,0.514344704118531,-0.352379978953419,1.66385126119122
important_degree_top3,rolling5,exact1,nevertreated,pc_score,problem_solving_routines_pc_score,high,github_outcomes,pull_request_merged,TRUE,sa,-9,0.585738438188696,0.455550482250688,-0.307140507022652,1.47861738340004
important_degree_top3,rolling5,exact1,nevertreated,pc_score,problem_solving_routines_pc_score,high,github_outcomes,pull_request_merged,TRUE,sa,-8,0.265278530127681,0.36129920127574,-0.442867904372768,0.973424964628131
important_degree_top3,rolling5,exact1,nevertreated,pc_score,problem_solving_routines_pc_score,high,github_outcomes,pull_request_merged,TRUE,sa,-7,0.816317173555351,0.364345197114973,0.102200587210004,1.5304337599007
important_degree_top3,rolling5,exact1,nevertreated,pc_score,problem_solving_routines_pc_score,high,github_outcomes,pull_request_merged,TRUE,sa,-6,0.604678606903696,0.31957404766022,-0.021686526510335,1.23104374031773
important_degree_top3,rolling5,exact1,nevertreated,pc_score,problem_solving_routines_pc_score,high,github_outcomes,pull_request_merged,TRUE,sa,-5,0.200663574147084,0.183208943855908,-0.158425955810496,0.559753104104665
important_degree_top3,rolling5,exact1,nevertreated,pc_score,problem_solving_routines_pc_score,high,github_outcomes,pull_request_merged,TRUE,sa,-4,0.0105610700183519,0.178734833940393,-0.339759204504819,0.360881344541523
important_degree_top3,rolling5,exact1,nevertreated,pc_score,problem_solving_routines_pc_score,high,github_outcomes,pull_request_merged,TRUE,sa,-3,-0.0754018674915119,0.163201795533814,-0.395277386737787,0.244473651754763
important_degree_top3,rolling5,exact1,nevertreated,pc_score,problem_solving_routines_pc_score,high,github_outcomes,pull_request_merged,TRUE,sa,-2,0.248528867517701,0.148884898836607,-0.0432855342020485,0.54034326923745
important_degree_top3,rolling5,exact1,nevertreated,pc_score,problem_solving_routines_pc_score,high,github_outcomes,pull_request_merged,TRUE,sa,-1,0,0,0,0
important_degree_top3,rolling5,exact1,nevertreated,pc_score,problem_solving_routines_pc_score,high,github_outcomes,pull_request_merged,TRUE,sa,0,-0.0701047404258578,0.225485803634318,-0.512056915549121,0.371847434697406
important_degree_top3,rolling5,exact1,nevertreated,pc_score,problem_solving_routines_pc_score,high,github_outcomes,pull_request_merged,TRUE,sa,1,-0.866642497362109,0.182679595462957,-1.22469450446951,-0.508590490254713
important_degree_top3,rolling5,exact1,nevertreated,pc_score,problem_solving_routines_pc_score,high,github_outcomes,pull_request_merged,TRUE,sa,2,-0.72074690418813,0.324600594925704,-1.35696407024251,-0.0845297381337499
important_degree_top3,rolling5,exact1,nevertreated,pc_score,problem_solving_routines_pc_score,high,github_outcomes,pull_request_merged,TRUE,sa,3,-0.753702068060456,0.269736243824735,-1.28238510595694,-0.225019030163975
important_degree_top3,rolling5,exact1,nevertreated,pc_score,problem_solving_routines_pc_score,high,github_outcomes,pull_request_merged,TRUE,sa,4,-0.723922360765625,0.390910861153293,-1.49010764862608,0.0422629270948296
important_degree_top3,rolling5,exact1,nevertreated,pc_score,problem_solving_routines_pc_score,high,github_outcomes,pull_request_merged,TRUE,sa,5,-1.13980645449678,0.273598427229374,-1.67605937186635,-0.603553537127208
important_degree_top3,rolling5,exact1,nevertreated,pc_score,problem_solving_routines_pc_score,high,github_outcomes,pull_request_merged,TRUE,sa,6,-1.28659258664778,0.268369922169272,-1.81259763409956,-0.760587539196012
important_degree_top3,rolling5,exact1,nevertreated,pc_score,problem_solving_routines_pc_score,high,github_outcomes,pull_request_merged,TRUE,sa,7,-1.34677876858297,0.284045112373851,-1.90350718883572,-0.790050348330221
important_degree_top3,rolling5,exact1,nevertreated,pc_score,problem_solving_routines_pc_score,high,github_outcomes,pull_request_merged,TRUE,sa,8,-1.22724028367503,0.393513669222823,-1.99852707535176,-0.455953491998295
important_degree_top3,rolling5,exact1,nevertreated,pc_score,problem_solving_routines_pc_score,high,github_outcomes,pull_request_merged,TRUE,sa,9,-1.37126688364612,0.394006675202421,-2.14351996704286,-0.59901380024937
important_degree_top3,rolling5,exact1,nevertreated,pc_score,problem_solving_routines_pc_score,high,github_outcomes,pull_request_merged,TRUE,sa,10,-1.11016891540103,0.447722005774498,-1.98770404671905,-0.232633784083018
important_degree_top3,rolling5,exact1,nevertreated,pc_score,problem_solving_routines_pc_score,high,github_outcomes,pull_request_merged,TRUE,sa,11,-1.20753783546064,0.742969082635606,-2.66375723742642,0.24868156650515
important_degree_top3,rolling5,exact1,nevertreated,pc_score,collaboration_pc_score,low,github_outcomes,pull_request_merged,FALSE,sa,-15,2.79033749426837,2.38116544610108,-1.87674678008973,7.45742176862648
important_degree_top3,rolling5,exact1,nevertreated,pc_score,collaboration_pc_score,low,github_outcomes,pull_request_merged,FALSE,sa,-14,2.63686802867891,2.09560108664527,-1.47051010114582,6.74424615850364
important_degree_top3,rolling5,exact1,nevertreated,pc_score,collaboration_pc_score,low,github_outcomes,pull_request_merged,FALSE,sa,-13,3.54146400895043,1.97305221520317,-0.325718332847781,7.40864635074864
important_degree_top3,rolling5,exact1,nevertreated,pc_score,collaboration_pc_score,low,github_outcomes,pull_request_merged,FALSE,sa,-12,2.45165524076195,2.11557963335234,-1.69488084060865,6.59819132213254
important_degree_top3,rolling5,exact1,nevertreated,pc_score,collaboration_pc_score,low,github_outcomes,pull_request_merged,FALSE,sa,-11,1.51900607855201,2.22260903600993,-2.83730763202744,5.87531978913147
important_degree_top3,rolling5,exact1,nevertreated,pc_score,collaboration_pc_score,low,github_outcomes,pull_request_merged,FALSE,sa,-10,1.38799689573379,2.44699738373566,-3.4081179763881,6.18411176785567
important_degree_top3,rolling5,exact1,nevertreated,pc_score,collaboration_pc_score,low,github_outcomes,pull_request_merged,FALSE,sa,-9,-1.66753555446671,2.45090253104144,-6.47130451530794,3.13623340637452
important_degree_top3,rolling5,exact1,nevertreated,pc_score,collaboration_pc_score,low,github_outcomes,pull_request_merged,FALSE,sa,-8,-0.738027698220303,1.83029961330176,-4.32541494029175,2.84935954385114
important_degree_top3,rolling5,exact1,nevertreated,pc_score,collaboration_pc_score,low,github_outcomes,pull_request_merged,FALSE,sa,-7,2.57464814463573,1.80470527808502,-0.962574200410904,6.11187048968237
important_degree_top3,rolling5,exact1,nevertreated,pc_score,collaboration_pc_score,low,github_outcomes,pull_request_merged,FALSE,sa,-6,2.1727615922207,1.75520274015602,-1.2674357784851,5.61295896292651
important_degree_top3,rolling5,exact1,nevertreated,pc_score,collaboration_pc_score,low,github_outcomes,pull_request_merged,FALSE,sa,-5,3.1361053909991,2.06868103669582,-0.918509440924701,7.19072022292291
important_degree_top3,rolling5,exact1,nevertreated,pc_score,collaboration_pc_score,low,github_outcomes,pull_request_merged,FALSE,sa,-4,2.51731406140544,1.99556222641716,-1.39398790237219,6.42861602518307
important_degree_top3,rolling5,exact1,nevertreated,pc_score,collaboration_pc_score,low,github_outcomes,pull_request_merged,FALSE,sa,-3,1.09077917874879,1.48674876099355,-1.82324839279857,4.00480675029614
important_degree_top3,rolling5,exact1,nevertreated,pc_score,collaboration_pc_score,low,github_outcomes,pull_request_merged,FALSE,sa,-2,2.15610765726846,0.839604390402405,0.510483052079749,3.80173226245717
important_degree_top3,rolling5,exact1,nevertreated,pc_score,collaboration_pc_score,low,github_outcomes,pull_request_merged,FALSE,sa,-1,0,0,0,0
important_degree_top3,rolling5,exact1,nevertreated,pc_score,collaboration_pc_score,low,github_outcomes,pull_request_merged,FALSE,sa,0,0.0819527178606417,1.18796828502048,-2.2464651207795,2.41037055650078
important_degree_top3,rolling5,exact1,nevertreated,pc_score,collaboration_pc_score,low,github_outcomes,pull_request_merged,FALSE,sa,1,-1.69256824565827,1.16592167582097,-3.97777473026737,0.592638238950834
important_degree_top3,rolling5,exact1,nevertreated,pc_score,collaboration_pc_score,low,github_outcomes,pull_request_merged,FALSE,sa,2,-3.0962830051938,1.16284543616577,-5.37546006007871,-0.817105950308888
important_degree_top3,rolling5,exact1,nevertreated,pc_score,collaboration_pc_score,low,github_outcomes,pull_request_merged,FALSE,sa,3,-2.02450854416539,1.35150968104768,-4.67346751901884,0.624450430688063
important_degree_top3,rolling5,exact1,nevertreated,pc_score,collaboration_pc_score,low,github_outcomes,pull_request_merged,FALSE,sa,4,-2.29482363537596,1.54863333100821,-5.33014496415206,0.740497693400135
important_degree_top3,rolling5,exact1,nevertreated,pc_score,collaboration_pc_score,low,github_outcomes,pull_request_merged,FALSE,sa,5,-3.08593474648691,1.6947399782434,-6.40762510384398,0.235755610870154
important_degree_top3,rolling5,exact1,nevertreated,pc_score,collaboration_pc_score,low,github_outcomes,pull_request_merged,FALSE,sa,6,-2.35147249127628,1.97273251351655,-6.21802821776873,1.51508323521616
important_degree_top3,rolling5,exact1,nevertreated,pc_score,collaboration_pc_score,low,github_outcomes,pull_request_merged,FALSE,sa,7,-2.0724286707046,2.32583311337168,-6.6310615729131,2.4862042315039
important_degree_top3,rolling5,exact1,nevertreated,pc_score,collaboration_pc_score,low,github_outcomes,pull_request_merged,FALSE,sa,8,-0.953624990865586,2.93579692324658,-6.70778696042888,4.80053697869771
important_degree_top3,rolling5,exact1,nevertreated,pc_score,collaboration_pc_score,low,github_outcomes,pull_request_merged,FALSE,sa,9,-3.50475152572191,2.74602325342174,-8.88695710242851,1.87745405098469
important_degree_top3,rolling5,exact1,nevertreated,pc_score,collaboration_pc_score,low,github_outcomes,pull_request_merged,FALSE,sa,10,-4.06760122271627,2.91367963888701,-9.77841331493481,1.64321086950228
important_degree_top3,rolling5,exact1,nevertreated,pc_score,collaboration_pc_score,low,github_outcomes,pull_request_merged,FALSE,sa,11,-4.49450952576854,4.79533835073405,-13.8933726932073,4.9043536416702
important_degree_top3,rolling5,exact1,nevertreated,pc_score,collaboration_pc_score,high,github_outcomes,pull_request_merged,FALSE,sa,-15,7.9224917172669,7.79547598481619,-7.35664121297283,23.2016246475066
important_degree_top3,rolling5,exact1,nevertreated,pc_score,collaboration_pc_score,high,github_outcomes,pull_request_merged,FALSE,sa,-14,3.43481024149716,5.97715501204752,-8.28041358211598,15.1500340651103
important_degree_top3,rolling5,exact1,nevertreated,pc_score,collaboration_pc_score,high,github_outcomes,pull_request_merged,FALSE,sa,-13,6.58431675750907,6.09164945607327,-5.35531617639455,18.5239496914127
important_degree_top3,rolling5,exact1,nevertreated,pc_score,collaboration_pc_score,high,github_outcomes,pull_request_merged,FALSE,sa,-12,12.2023538027439,13.4663552548024,-14.1917024966687,38.5964101021565
important_degree_top3,rolling5,exact1,nevertreated,pc_score,collaboration_pc_score,high,github_outcomes,pull_request_merged,FALSE,sa,-11,15.7551133170769,11.868330434215,-7.50681433398459,39.0170409681384
important_degree_top3,rolling5,exact1,nevertreated,pc_score,collaboration_pc_score,high,github_outcomes,pull_request_merged,FALSE,sa,-10,10.7762626723546,10.7377203205866,-10.2696691559951,31.8221945007043
important_degree_top3,rolling5,exact1,nevertreated,pc_score,collaboration_pc_score,high,github_outcomes,pull_request_merged,FALSE,sa,-9,12.2218460900455,11.3258340632972,-9.97678867401698,34.4204808541079
important_degree_top3,rolling5,exact1,nevertreated,pc_score,collaboration_pc_score,high,github_outcomes,pull_request_merged,FALSE,sa,-8,13.0552187940671,12.3268439873212,-11.1053954210826,37.2158330092167
important_degree_top3,rolling5,exact1,nevertreated,pc_score,collaboration_pc_score,high,github_outcomes,pull_request_merged,FALSE,sa,-7,8.87788783009023,10.6722267169619,-12.0396765351551,29.7954521953356
important_degree_top3,rolling5,exact1,nevertreated,pc_score,collaboration_pc_score,high,github_outcomes,pull_request_merged,FALSE,sa,-6,5.04530632102612,8.73885955696283,-12.082858410621,22.1734710526733
important_degree_top3,rolling5,exact1,nevertreated,pc_score,collaboration_pc_score,high,github_outcomes,pull_request_merged,FALSE,sa,-5,2.99659473497089,6.97617330522813,-10.6767049432763,16.669894413218
important_degree_top3,rolling5,exact1,nevertreated,pc_score,collaboration_pc_score,high,github_outcomes,pull_request_merged,FALSE,sa,-4,2.67032299697561,4.86635461305862,-6.86773204461928,12.2083780385705
important_degree_top3,rolling5,exact1,nevertreated,pc_score,collaboration_pc_score,high,github_outcomes,pull_request_merged,FALSE,sa,-3,2.91580244217513,3.81350214698395,-4.55866176591341,10.3902666502637
important_degree_top3,rolling5,exact1,nevertreated,pc_score,collaboration_pc_score,high,github_outcomes,pull_request_merged,FALSE,sa,-2,-0.632111963129623,2.3546055386633,-5.24713881890969,3.98291489265044
important_degree_top3,rolling5,exact1,nevertreated,pc_score,collaboration_pc_score,high,github_outcomes,pull_request_merged,FALSE,sa,-1,0,0,0,0
important_degree_top3,rolling5,exact1,nevertreated,pc_score,collaboration_pc_score,high,github_outcomes,pull_request_merged,FALSE,sa,0,-4.7397349731411,1.81309403637227,-8.29339928443074,-1.18607066185146
important_degree_top3,rolling5,exact1,nevertreated,pc_score,collaboration_pc_score,high,github_outcomes,pull_request_merged,FALSE,sa,1,-5.796332075991,2.6786709617993,-11.0465271611176,-0.546136990864384
important_degree_top3,rolling5,exact1,nevertreated,pc_score,collaboration_pc_score,high,github_outcomes,pull_request_merged,FALSE,sa,2,-7.5176435514008,3.86696901716031,-15.096902825035,0.0616157222334035
important_degree_top3,rolling5,exact1,nevertreated,pc_score,collaboration_pc_score,high,github_outcomes,pull_request_merged,FALSE,sa,3,-8.8365150725597,4.60038669499764,-17.8532729947551,0.180242849635679
important_degree_top3,rolling5,exact1,nevertreated,pc_score,collaboration_pc_score,high,github_outcomes,pull_request_merged,FALSE,sa,4,-8.06015212936487,4.68927383033117,-17.251128836814,1.13082457808422
important_degree_top3,rolling5,exact1,nevertreated,pc_score,collaboration_pc_score,high,github_outcomes,pull_request_merged,FALSE,sa,5,-5.59945826737474,3.76062355913687,-12.970280443283,1.77136390853352
important_degree_top3,rolling5,exact1,nevertreated,pc_score,collaboration_pc_score,high,github_outcomes,pull_request_merged,FALSE,sa,6,-7.77501467913225,4.99185249049796,-17.5590455605083,2.00901620224374
important_degree_top3,rolling5,exact1,nevertreated,pc_score,collaboration_pc_score,high,github_outcomes,pull_request_merged,FALSE,sa,7,-5.3448184982734,4.85079640664936,-14.8523794553061,4.16274245875935
important_degree_top3,rolling5,exact1,nevertreated,pc_score,collaboration_pc_score,high,github_outcomes,pull_request_merged,FALSE,sa,8,0.134544691119721,4.08825672013316,-7.87843848034128,8.14752786258072
important_degree_top3,rolling5,exact1,nevertreated,pc_score,collaboration_pc_score,high,github_outcomes,pull_request_merged,FALSE,sa,9,3.74080769716512,4.59372139173089,-5.26288623062743,12.7445016249577
important_degree_top3,rolling5,exact1,nevertreated,pc_score,collaboration_pc_score,high,github_outcomes,pull_request_merged,FALSE,sa,10,4.04314514344032,6.03245862938995,-7.78047377016398,15.8667640570446
important_degree_top3,rolling5,exact1,nevertreated,pc_score,collaboration_pc_score,high,github_outcomes,pull_request_merged,FALSE,sa,11,1.43217597671301,7.31164240468197,-12.8986431364637,15.7629950898897
important_degree_top3,rolling5,exact1,nevertreated,pc_score,knowledge_level_pc_score,low,github_outcomes,pull_request_merged,FALSE,sa,-15,12.5622285840391,8.44442679549177,-3.98884793512477,29.113305103203
important_degree_top3,rolling5,exact1,nevertreated,pc_score,knowledge_level_pc_score,low,github_outcomes,pull_request_merged,FALSE,sa,-14,6.99127028713618,5.41197583225576,-3.6162023440851,17.5987429183575
important_degree_top3,rolling5,exact1,nevertreated,pc_score,knowledge_level_pc_score,low,github_outcomes,pull_request_merged,FALSE,sa,-13,6.61466156849472,5.45348366812777,-4.07416642103571,17.3034895580252
important_degree_top3,rolling5,exact1,nevertreated,pc_score,knowledge_level_pc_score,low,github_outcomes,pull_request_merged,FALSE,sa,-12,10.6056897529728,8.20325628625649,-5.47269256808996,26.6840720740355
important_degree_top3,rolling5,exact1,nevertreated,pc_score,knowledge_level_pc_score,low,github_outcomes,pull_request_merged,FALSE,sa,-11,16.9385973740052,12.2201122324381,-7.01282260157345,40.8900173495838
important_degree_top3,rolling5,exact1,nevertreated,pc_score,knowledge_level_pc_score,low,github_outcomes,pull_request_merged,FALSE,sa,-10,17.0561752198666,11.2103927288192,-4.916194528619,39.0285449683521
important_degree_top3,rolling5,exact1,nevertreated,pc_score,knowledge_level_pc_score,low,github_outcomes,pull_request_merged,FALSE,sa,-9,17.1291282891953,12.2501685782565,-6.88120212418748,41.139458702578
important_degree_top3,rolling5,exact1,nevertreated,pc_score,knowledge_level_pc_score,low,github_outcomes,pull_request_merged,FALSE,sa,-8,20.885023532658,14.480769221338,-7.49728414116434,49.2673312064804
important_degree_top3,rolling5,exact1,nevertreated,pc_score,knowledge_level_pc_score,low,github_outcomes,pull_request_merged,FALSE,sa,-7,18.9468117499474,11.6377078073534,-3.86309555246532,41.75671905236
important_degree_top3,rolling5,exact1,nevertreated,pc_score,knowledge_level_pc_score,low,github_outcomes,pull_request_merged,FALSE,sa,-6,14.094055343373,9.45856417356302,-4.44473043681055,32.6328411235565
important_degree_top3,rolling5,exact1,nevertreated,pc_score,knowledge_level_pc_score,low,github_outcomes,pull_request_merged,FALSE,sa,-5,12.218703443916,7.65915128428195,-2.79323307327663,27.2306399611086
important_degree_top3,rolling5,exact1,nevertreated,pc_score,knowledge_level_pc_score,low,github_outcomes,pull_request_merged,FALSE,sa,-4,8.34640178876174,5.37978187283248,-2.19797068198992,18.8907742595134
important_degree_top3,rolling5,exact1,nevertreated,pc_score,knowledge_level_pc_score,low,github_outcomes,pull_request_merged,FALSE,sa,-3,5.77964096007944,4.04501436868665,-2.1485872025464,13.7078691227053
important_degree_top3,rolling5,exact1,nevertreated,pc_score,knowledge_level_pc_score,low,github_outcomes,pull_request_merged,FALSE,sa,-2,2.88120356961869,2.44599619337916,-1.91294896940447,7.67535610864185
important_degree_top3,rolling5,exact1,nevertreated,pc_score,knowledge_level_pc_score,low,github_outcomes,pull_request_merged,FALSE,sa,-1,0,0,0,0
important_degree_top3,rolling5,exact1,nevertreated,pc_score,knowledge_level_pc_score,low,github_outcomes,pull_request_merged,FALSE,sa,0,-3.76064890847452,1.91256898291191,-7.50928411498187,-0.0120137019671644
important_degree_top3,rolling5,exact1,nevertreated,pc_score,knowledge_level_pc_score,low,github_outcomes,pull_request_merged,FALSE,sa,1,-5.25305204197669,2.6602606064844,-10.4671628306861,-0.0389412532672706
important_degree_top3,rolling5,exact1,nevertreated,pc_score,knowledge_level_pc_score,low,github_outcomes,pull_request_merged,FALSE,sa,2,-8.78130281597052,3.95283060991101,-16.5288508113961,-1.03375482054494
important_degree_top3,rolling5,exact1,nevertreated,pc_score,knowledge_level_pc_score,low,github_outcomes,pull_request_merged,FALSE,sa,3,-9.15501282629046,4.74077288312683,-18.446927677219,0.136902024638113
important_degree_top3,rolling5,exact1,nevertreated,pc_score,knowledge_level_pc_score,low,github_outcomes,pull_request_merged,FALSE,sa,4,-8.55574812040809,4.81967420297863,-18.0023095582462,0.89081331743002
important_degree_top3,rolling5,exact1,nevertreated,pc_score,knowledge_level_pc_score,low,github_outcomes,pull_request_merged,FALSE,sa,5,-7.21931881184251,3.8874578765335,-14.8387362498482,0.400098626163157
important_degree_top3,rolling5,exact1,nevertreated,pc_score,knowledge_level_pc_score,low,github_outcomes,pull_request_merged,FALSE,sa,6,-8.48856088890061,5.14308741986462,-18.5690122318353,1.59189045403405
important_degree_top3,rolling5,exact1,nevertreated,pc_score,knowledge_level_pc_score,low,github_outcomes,pull_request_merged,FALSE,sa,7,-5.57713632136465,4.80412344669999,-14.9932182768966,3.83894563416733
important_degree_top3,rolling5,exact1,nevertreated,pc_score,knowledge_level_pc_score,low,github_outcomes,pull_request_merged,FALSE,sa,8,0.851399937526493,4.17832499641954,-7.33811705545581,9.0409169305088
important_degree_top3,rolling5,exact1,nevertreated,pc_score,knowledge_level_pc_score,low,github_outcomes,pull_request_merged,FALSE,sa,9,0.24747086793833,4.86210761818599,-9.2822600637062,9.77720179958287
important_degree_top3,rolling5,exact1,nevertreated,pc_score,knowledge_level_pc_score,low,github_outcomes,pull_request_merged,FALSE,sa,10,-7.23070476353191,7.48180575999259,-21.8950440531174,7.43363452605356
important_degree_top3,rolling5,exact1,nevertreated,pc_score,knowledge_level_pc_score,low,github_outcomes,pull_request_merged,FALSE,sa,11,-10.0453225148855,11.9558041950293,-33.4786987371429,13.3880537073719
important_degree_top3,rolling5,exact1,nevertreated,pc_score,knowledge_level_pc_score,high,github_outcomes,pull_request_merged,FALSE,sa,-15,-0.562123853886548,2.87963152964929,-6.20620165199917,5.08195394422607
important_degree_top3,rolling5,exact1,nevertreated,pc_score,knowledge_level_pc_score,high,github_outcomes,pull_request_merged,FALSE,sa,-14,-3.68119769228358,2.70582008298484,-8.98460505493387,1.62220967036671
important_degree_top3,rolling5,exact1,nevertreated,pc_score,knowledge_level_pc_score,high,github_outcomes,pull_request_merged,FALSE,sa,-13,3.83496239463062,3.34451120401068,-2.72027956523032,10.3902043544916
important_degree_top3,rolling5,exact1,nevertreated,pc_score,knowledge_level_pc_score,high,github_outcomes,pull_request_merged,FALSE,sa,-12,-0.437311934508339,2.70243706609356,-5.73408858405171,4.85946471503503
important_degree_top3,rolling5,exact1,nevertreated,pc_score,knowledge_level_pc_score,high,github_outcomes,pull_request_merged,FALSE,sa,-11,3.3737026571021,3.43303099484187,-3.35503809278797,10.1024434069922
important_degree_top3,rolling5,exact1,nevertreated,pc_score,knowledge_level_pc_score,high,github_outcomes,pull_request_merged,FALSE,sa,-10,0.178638673700531,3.23782702484362,-6.16750229499297,6.52477964239403
important_degree_top3,rolling5,exact1,nevertreated,pc_score,knowledge_level_pc_score,high,github_outcomes,pull_request_merged,FALSE,sa,-9,-0.413192869509128,4.15894508809394,-8.56472524217325,7.738339503155
important_degree_top3,rolling5,exact1,nevertreated,pc_score,knowledge_level_pc_score,high,github_outcomes,pull_request_merged,FALSE,sa,-8,-2.42290938830045,3.65915825203769,-9.59485956229432,4.74904078569342
important_degree_top3,rolling5,exact1,nevertreated,pc_score,knowledge_level_pc_score,high,github_outcomes,pull_request_merged,FALSE,sa,-7,-3.23224845828452,4.5005379104526,-12.0533027627716,5.58880584620258
important_degree_top3,rolling5,exact1,nevertreated,pc_score,knowledge_level_pc_score,high,github_outcomes,pull_request_merged,FALSE,sa,-6,-2.24945532475716,3.62431649582229,-9.35311565656885,4.85420500705453
important_degree_top3,rolling5,exact1,nevertreated,pc_score,knowledge_level_pc_score,high,github_outcomes,pull_request_merged,FALSE,sa,-5,-2.8690995685175,2.7636550830682,-8.28586353133118,2.54766439429618
important_degree_top3,rolling5,exact1,nevertreated,pc_score,knowledge_level_pc_score,high,github_outcomes,pull_request_merged,FALSE,sa,-4,-2.00467197533076,2.1481093956249,-6.21496639075557,2.20562244009405
important_degree_top3,rolling5,exact1,nevertreated,pc_score,knowledge_level_pc_score,high,github_outcomes,pull_request_merged,FALSE,sa,-3,-0.950624431808486,1.39153937851652,-3.67804161370086,1.77679275008389
important_degree_top3,rolling5,exact1,nevertreated,pc_score,knowledge_level_pc_score,high,github_outcomes,pull_request_merged,FALSE,sa,-2,-0.176415679976945,0.813623620747429,-1.77111797664191,1.41828661668802
important_degree_top3,rolling5,exact1,nevertreated,pc_score,knowledge_level_pc_score,high,github_outcomes,pull_request_merged,FALSE,sa,-1,0,0,0,0
important_degree_top3,rolling5,exact1,nevertreated,pc_score,knowledge_level_pc_score,high,github_outcomes,pull_request_merged,FALSE,sa,0,0.333018701128356,0.765668884967494,-1.16769231340793,1.83372971566464
important_degree_top3,rolling5,exact1,nevertreated,pc_score,knowledge_level_pc_score,high,github_outcomes,pull_request_merged,FALSE,sa,1,-0.526705916917344,0.859360482872993,-2.21105246334841,1.15764062951372
important_degree_top3,rolling5,exact1,nevertreated,pc_score,knowledge_level_pc_score,high,github_outcomes,pull_request_merged,FALSE,sa,2,-0.467644609933284,0.902171192391222,-2.23590014702008,1.30061092715351
important_degree_top3,rolling5,exact1,nevertreated,pc_score,knowledge_level_pc_score,high,github_outcomes,pull_request_merged,FALSE,sa,3,-0.288739003226186,1.11462565221662,-2.47340528157077,1.89592727511839
important_degree_top3,rolling5,exact1,nevertreated,pc_score,knowledge_level_pc_score,high,github_outcomes,pull_request_merged,FALSE,sa,4,-0.227432019170496,1.3554512612739,-2.88411649126734,2.42925245292635
important_degree_top3,rolling5,exact1,nevertreated,pc_score,knowledge_level_pc_score,high,github_outcomes,pull_request_merged,FALSE,sa,5,-0.145015670641408,1.63008203997741,-3.33997646899713,3.04994512771432
important_degree_top3,rolling5,exact1,nevertreated,pc_score,knowledge_level_pc_score,high,github_outcomes,pull_request_merged,FALSE,sa,6,0.0543712185728708,1.83187126174129,-3.53609645444006,3.6448388915858
important_degree_top3,rolling5,exact1,nevertreated,pc_score,knowledge_level_pc_score,high,github_outcomes,pull_request_merged,FALSE,sa,7,0.125997220993374,2.01106342428042,-3.81568709059624,4.06768153258299
important_degree_top3,rolling5,exact1,nevertreated,pc_score,knowledge_level_pc_score,high,github_outcomes,pull_request_merged,FALSE,sa,8,0.532315486679661,2.20960229565912,-3.79850501281222,4.86313598617154
important_degree_top3,rolling5,exact1,nevertreated,pc_score,knowledge_level_pc_score,high,github_outcomes,pull_request_merged,FALSE,sa,9,0.641739131380577,2.7215550946825,-4.69250885419712,5.97598711695827
important_degree_top3,rolling5,exact1,nevertreated,pc_score,knowledge_level_pc_score,high,github_outcomes,pull_request_merged,FALSE,sa,10,2.64325829036587,3.16134768888706,-3.55298317985276,8.8394997605845
important_degree_top3,rolling5,exact1,nevertreated,pc_score,knowledge_level_pc_score,high,github_outcomes,pull_request_merged,FALSE,sa,11,4.07514545046699,4.17111037695854,-4.10023088837175,12.2505217893057
important_degree_top3,rolling5,exact1,nevertreated,pc_score,discussion_quality_pc_score,low,github_outcomes,pull_request_merged,FALSE,sa,-15,10.7477594399481,8.06180405094818,-5.05337649991034,26.5488953798065
important_degree_top3,rolling5,exact1,nevertreated,pc_score,discussion_quality_pc_score,low,github_outcomes,pull_request_merged,FALSE,sa,-14,6.84489671337876,6.15331372864886,-5.21559819477301,18.9053916215305
important_degree_top3,rolling5,exact1,nevertreated,pc_score,discussion_quality_pc_score,low,github_outcomes,pull_request_merged,FALSE,sa,-13,7.64012447733799,5.10975454833139,-2.37499443739153,17.6552433920675
important_degree_top3,rolling5,exact1,nevertreated,pc_score,discussion_quality_pc_score,low,github_outcomes,pull_request_merged,FALSE,sa,-12,10.7637125697131,8.15743409062496,-5.22485824791184,26.752283387338
important_degree_top3,rolling5,exact1,nevertreated,pc_score,discussion_quality_pc_score,low,github_outcomes,pull_request_merged,FALSE,sa,-11,15.1586994050992,8.61602168639239,-1.72870310022993,32.0461019104283
important_degree_top3,rolling5,exact1,nevertreated,pc_score,discussion_quality_pc_score,low,github_outcomes,pull_request_merged,FALSE,sa,-10,16.2643396241736,11.7397364075322,-6.74554373458938,39.2742229829367
important_degree_top3,rolling5,exact1,nevertreated,pc_score,discussion_quality_pc_score,low,github_outcomes,pull_request_merged,FALSE,sa,-9,12.3511165712155,12.0897099056813,-11.3447148439199,36.0469479863509
important_degree_top3,rolling5,exact1,nevertreated,pc_score,discussion_quality_pc_score,low,github_outcomes,pull_request_merged,FALSE,sa,-8,12.5482234681019,12.2558646603923,-11.4732712662671,36.5697182024709
important_degree_top3,rolling5,exact1,nevertreated,pc_score,discussion_quality_pc_score,low,github_outcomes,pull_request_merged,FALSE,sa,-7,9.60754525340213,10.6971290010011,-11.3588275885601,30.5739180953643
important_degree_top3,rolling5,exact1,nevertreated,pc_score,discussion_quality_pc_score,low,github_outcomes,pull_request_merged,FALSE,sa,-6,9.78830079981451,9.65268003279825,-9.13095206447006,28.7075536640991
important_degree_top3,rolling5,exact1,nevertreated,pc_score,discussion_quality_pc_score,low,github_outcomes,pull_request_merged,FALSE,sa,-5,8.28216787390816,7.56824551062242,-6.55159332691179,23.1159290747281
important_degree_top3,rolling5,exact1,nevertreated,pc_score,discussion_quality_pc_score,low,github_outcomes,pull_request_merged,FALSE,sa,-4,5.0926241941881,5.1711683149421,-5.04286570309841,15.2281140914746
important_degree_top3,rolling5,exact1,nevertreated,pc_score,discussion_quality_pc_score,low,github_outcomes,pull_request_merged,FALSE,sa,-3,3.19926648118099,3.79892479386346,-4.24662611479139,10.6451590771534
important_degree_top3,rolling5,exact1,nevertreated,pc_score,discussion_quality_pc_score,low,github_outcomes,pull_request_merged,FALSE,sa,-2,2.59416261609205,1.95124612911436,-1.2302797969721,6.41860502915619
important_degree_top3,rolling5,exact1,nevertreated,pc_score,discussion_quality_pc_score,low,github_outcomes,pull_request_merged,FALSE,sa,-1,0,0,0,0
important_degree_top3,rolling5,exact1,nevertreated,pc_score,discussion_quality_pc_score,low,github_outcomes,pull_request_merged,FALSE,sa,0,-3.20127925622294,1.73730407900118,-6.60639525106526,0.203836738619367
important_degree_top3,rolling5,exact1,nevertreated,pc_score,discussion_quality_pc_score,low,github_outcomes,pull_request_merged,FALSE,sa,1,-4.98153398277069,2.92997247622899,-10.7242800361795,0.761212070638138
important_degree_top3,rolling5,exact1,nevertreated,pc_score,discussion_quality_pc_score,low,github_outcomes,pull_request_merged,FALSE,sa,2,-6.46664374856293,4.1059824783662,-14.5143694061607,1.58108190903482
important_degree_top3,rolling5,exact1,nevertreated,pc_score,discussion_quality_pc_score,low,github_outcomes,pull_request_merged,FALSE,sa,3,-6.85941571700906,4.6020726197208,-15.8794780516618,2.16064661764371
important_degree_top3,rolling5,exact1,nevertreated,pc_score,discussion_quality_pc_score,low,github_outcomes,pull_request_merged,FALSE,sa,4,-7.47049625269059,4.92693695737643,-17.1272926891484,2.18630018376721
important_degree_top3,rolling5,exact1,nevertreated,pc_score,discussion_quality_pc_score,low,github_outcomes,pull_request_merged,FALSE,sa,5,-6.76071823030935,3.99706449210641,-14.5949646348379,1.07352817421922
important_degree_top3,rolling5,exact1,nevertreated,pc_score,discussion_quality_pc_score,low,github_outcomes,pull_request_merged,FALSE,sa,6,-6.9047299612126,5.5718568089973,-17.8255693068473,4.0161093844221
important_degree_top3,rolling5,exact1,nevertreated,pc_score,discussion_quality_pc_score,low,github_outcomes,pull_request_merged,FALSE,sa,7,-2.80858857171059,4.64270521426902,-11.9082907916779,6.2911136482567
important_degree_top3,rolling5,exact1,nevertreated,pc_score,discussion_quality_pc_score,low,github_outcomes,pull_request_merged,FALSE,sa,8,-0.841151636862782,5.37638697631282,-11.3788701104359,9.69656683671035
important_degree_top3,rolling5,exact1,nevertreated,pc_score,discussion_quality_pc_score,low,github_outcomes,pull_request_merged,FALSE,sa,9,-2.27788809498978,5.27358862902828,-12.6141218078852,8.05834561790564
important_degree_top3,rolling5,exact1,nevertreated,pc_score,discussion_quality_pc_score,low,github_outcomes,pull_request_merged,FALSE,sa,10,-3.44357717182448,6.86685417300445,-16.9026113509132,10.0154570072642
important_degree_top3,rolling5,exact1,nevertreated,pc_score,discussion_quality_pc_score,low,github_outcomes,pull_request_merged,FALSE,sa,11,-1.71885852017195,8.67170085894357,-18.7153922037013,15.2776751633574
important_degree_top3,rolling5,exact1,nevertreated,pc_score,discussion_quality_pc_score,high,github_outcomes,pull_request_merged,FALSE,sa,-15,0.946857638580205,3.24808934067013,-5.41939746913326,7.31311274629367
important_degree_top3,rolling5,exact1,nevertreated,pc_score,discussion_quality_pc_score,high,github_outcomes,pull_request_merged,FALSE,sa,-14,-0.138610754113201,3.15997990977067,-6.33217137726371,6.05494986903731
important_degree_top3,rolling5,exact1,nevertreated,pc_score,discussion_quality_pc_score,high,github_outcomes,pull_request_merged,FALSE,sa,-13,2.67869918741014,3.40219654859277,-3.98960604783168,9.34700442265196
important_degree_top3,rolling5,exact1,nevertreated,pc_score,discussion_quality_pc_score,high,github_outcomes,pull_request_merged,FALSE,sa,-12,-0.182359701964418,2.79310444302102,-5.65684441028561,5.29212500635678
important_degree_top3,rolling5,exact1,nevertreated,pc_score,discussion_quality_pc_score,high,github_outcomes,pull_request_merged,FALSE,sa,-11,-1.90080335283495,2.74865065962874,-7.28815864570729,3.48655194003739
important_degree_top3,rolling5,exact1,nevertreated,pc_score,discussion_quality_pc_score,high,github_outcomes,pull_request_merged,FALSE,sa,-10,-1.17369116013921,2.68528301588105,-6.43684587126607,4.08946355098765
important_degree_top3,rolling5,exact1,nevertreated,pc_score,discussion_quality_pc_score,high,github_outcomes,pull_request_merged,FALSE,sa,-9,2.25899892202785,3.14264800271025,-3.90059116328425,8.41858900733995
important_degree_top3,rolling5,exact1,nevertreated,pc_score,discussion_quality_pc_score,high,github_outcomes,pull_request_merged,FALSE,sa,-8,0.73586796692086,2.50933897852703,-4.18243643099211,5.65417236483383
important_degree_top3,rolling5,exact1,nevertreated,pc_score,discussion_quality_pc_score,high,github_outcomes,pull_request_merged,FALSE,sa,-7,2.60553306207822,2.60151264745222,-2.49343172692813,7.70449785108457
important_degree_top3,rolling5,exact1,nevertreated,pc_score,discussion_quality_pc_score,high,github_outcomes,pull_request_merged,FALSE,sa,-6,2.06064310246987,2.38971310570525,-2.62319458471242,6.74448078965216
important_degree_top3,rolling5,exact1,nevertreated,pc_score,discussion_quality_pc_score,high,github_outcomes,pull_request_merged,FALSE,sa,-5,-0.201842928861796,2.22192531321842,-4.5568165427699,4.15313068504631
important_degree_top3,rolling5,exact1,nevertreated,pc_score,discussion_quality_pc_score,high,github_outcomes,pull_request_merged,FALSE,sa,-4,0.795424399974864,1.76407791212047,-2.66216830778126,4.25301710773099
important_degree_top3,rolling5,exact1,nevertreated,pc_score,discussion_quality_pc_score,high,github_outcomes,pull_request_merged,FALSE,sa,-3,1.87057474099217,1.68569466291732,-1.43338679832578,5.17453628031012
important_degree_top3,rolling5,exact1,nevertreated,pc_score,discussion_quality_pc_score,high,github_outcomes,pull_request_merged,FALSE,sa,-2,-0.230971325852937,1.14404520800133,-2.47329993353555,2.01135728182968
important_degree_top3,rolling5,exact1,nevertreated,pc_score,discussion_quality_pc_score,high,github_outcomes,pull_request_merged,FALSE,sa,-1,0,0,0,0
important_degree_top3,rolling5,exact1,nevertreated,pc_score,discussion_quality_pc_score,high,github_outcomes,pull_request_merged,FALSE,sa,0,-0.251068229235785,1.25596328685547,-2.71275627147251,2.21061981300094
important_degree_top3,rolling5,exact1,nevertreated,pc_score,discussion_quality_pc_score,high,github_outcomes,pull_request_merged,FALSE,sa,1,-1.76009925788573,1.50457627676949,-4.70906876035394,1.18887024458248
important_degree_top3,rolling5,exact1,nevertreated,pc_score,discussion_quality_pc_score,high,github_outcomes,pull_request_merged,FALSE,sa,2,-3.4758521871494,1.54544874206373,-6.50493172159431,-0.446772652704484
important_degree_top3,rolling5,exact1,nevertreated,pc_score,discussion_quality_pc_score,high,github_outcomes,pull_request_merged,FALSE,sa,3,-2.9715848647134,1.64465393379177,-6.19510657494528,0.251936845518477
important_degree_top3,rolling5,exact1,nevertreated,pc_score,discussion_quality_pc_score,high,github_outcomes,pull_request_merged,FALSE,sa,4,-2.13229656730273,1.81688120233846,-5.69338372388612,1.42879058928065
important_degree_top3,rolling5,exact1,nevertreated,pc_score,discussion_quality_pc_score,high,github_outcomes,pull_request_merged,FALSE,sa,5,-1.80016869228465,1.96555395774045,-5.65265444945594,2.05231706488663
important_degree_top3,rolling5,exact1,nevertreated,pc_score,discussion_quality_pc_score,high,github_outcomes,pull_request_merged,FALSE,sa,6,-3.28023397953694,2.47179962094813,-8.12496123659528,1.56449327752139
important_degree_top3,rolling5,exact1,nevertreated,pc_score,discussion_quality_pc_score,high,github_outcomes,pull_request_merged,FALSE,sa,7,-4.11891071864399,2.89928462810121,-9.80150858972236,1.56368715243437
important_degree_top3,rolling5,exact1,nevertreated,pc_score,discussion_quality_pc_score,high,github_outcomes,pull_request_merged,FALSE,sa,8,-1.22287434971218,2.57356325006985,-6.2670583198491,3.82130962042473
important_degree_top3,rolling5,exact1,nevertreated,pc_score,discussion_quality_pc_score,high,github_outcomes,pull_request_merged,FALSE,sa,9,-1.13720188328612,3.59795796473357,-8.18919949416392,5.91479572759167
important_degree_top3,rolling5,exact1,nevertreated,pc_score,discussion_quality_pc_score,high,github_outcomes,pull_request_merged,FALSE,sa,10,2.16041942642641,2.53638177881325,-2.81088886004756,7.13172771290039
important_degree_top3,rolling5,exact1,nevertreated,pc_score,discussion_quality_pc_score,high,github_outcomes,pull_request_merged,FALSE,sa,11,1.23461734943085,2.89814041130108,-4.44573785671927,6.91497255558097
important_degree_top3,rolling5,exact1,nevertreated,pc_score,investment_in_new_talent_pc_score,low,github_outcomes,pull_request_merged,FALSE,sa,-15,2.04138759550352,2.81974696606489,-3.48531645798366,7.5680916489907
important_degree_top3,rolling5,exact1,nevertreated,pc_score,investment_in_new_talent_pc_score,low,github_outcomes,pull_request_merged,FALSE,sa,-14,5.45280075147607,2.46949390746082,0.612592692852863,10.2930088100993
important_degree_top3,rolling5,exact1,nevertreated,pc_score,investment_in_new_talent_pc_score,low,github_outcomes,pull_request_merged,FALSE,sa,-13,6.32252544973325,3.08153987050942,0.282707303534783,12.3623435959317
important_degree_top3,rolling5,exact1,nevertreated,pc_score,investment_in_new_talent_pc_score,low,github_outcomes,pull_request_merged,FALSE,sa,-12,3.01733401140536,2.33099118116435,-1.55140870367677,7.5860767264875
important_degree_top3,rolling5,exact1,nevertreated,pc_score,investment_in_new_talent_pc_score,low,github_outcomes,pull_request_merged,FALSE,sa,-11,5.27815391877955,2.47717899011907,0.422883098146185,10.1334247394129
important_degree_top3,rolling5,exact1,nevertreated,pc_score,investment_in_new_talent_pc_score,low,github_outcomes,pull_request_merged,FALSE,sa,-10,4.47251030014856,2.09796677452996,0.36049542206984,8.58452517822728
important_degree_top3,rolling5,exact1,nevertreated,pc_score,investment_in_new_talent_pc_score,low,github_outcomes,pull_request_merged,FALSE,sa,-9,2.61012120261994,2.29782890821455,-1.89362345748059,7.11386586272046
important_degree_top3,rolling5,exact1,nevertreated,pc_score,investment_in_new_talent_pc_score,low,github_outcomes,pull_request_merged,FALSE,sa,-8,1.06486095358512,2.21221027863451,-3.27107119253851,5.40079309970875
important_degree_top3,rolling5,exact1,nevertreated,pc_score,investment_in_new_talent_pc_score,low,github_outcomes,pull_request_merged,FALSE,sa,-7,1.28286558169032,2.09219528571349,-2.81783717830812,5.38356834168877
important_degree_top3,rolling5,exact1,nevertreated,pc_score,investment_in_new_talent_pc_score,low,github_outcomes,pull_request_merged,FALSE,sa,-6,2.09978497203857,1.98083691114298,-1.78265537380166,5.98222531787881
important_degree_top3,rolling5,exact1,nevertreated,pc_score,investment_in_new_talent_pc_score,low,github_outcomes,pull_request_merged,FALSE,sa,-5,0.338230019947302,1.70235245378741,-2.99838078947602,3.67484082937062
important_degree_top3,rolling5,exact1,nevertreated,pc_score,investment_in_new_talent_pc_score,low,github_outcomes,pull_request_merged,FALSE,sa,-4,1.01819984104997,1.56290344166772,-2.04509090461876,4.08149058671871
important_degree_top3,rolling5,exact1,nevertreated,pc_score,investment_in_new_talent_pc_score,low,github_outcomes,pull_request_merged,FALSE,sa,-3,0.888065511122563,1.13320447973191,-1.33301526915198,3.1091462913971
important_degree_top3,rolling5,exact1,nevertreated,pc_score,investment_in_new_talent_pc_score,low,github_outcomes,pull_request_merged,FALSE,sa,-2,0.346009915172791,0.85724499638284,-1.33419027773758,2.02621010808316
important_degree_top3,rolling5,exact1,nevertreated,pc_score,investment_in_new_talent_pc_score,low,github_outcomes,pull_request_merged,FALSE,sa,-1,0,0,0,0
important_degree_top3,rolling5,exact1,nevertreated,pc_score,investment_in_new_talent_pc_score,low,github_outcomes,pull_request_merged,FALSE,sa,0,-1.1955745400354,0.769577607624295,-2.70394665097902,0.312797570908218
important_degree_top3,rolling5,exact1,nevertreated,pc_score,investment_in_new_talent_pc_score,low,github_outcomes,pull_request_merged,FALSE,sa,1,-0.662997613723621,0.77330256069559,-2.17867063268698,0.852675405239735
important_degree_top3,rolling5,exact1,nevertreated,pc_score,investment_in_new_talent_pc_score,low,github_outcomes,pull_request_merged,FALSE,sa,2,-0.539380218047367,0.999390149719881,-2.49818491149833,1.4194244754036
important_degree_top3,rolling5,exact1,nevertreated,pc_score,investment_in_new_talent_pc_score,low,github_outcomes,pull_request_merged,FALSE,sa,3,-1.0412027419287,1.05730185063414,-3.11351436917163,1.03110888531422
important_degree_top3,rolling5,exact1,nevertreated,pc_score,investment_in_new_talent_pc_score,low,github_outcomes,pull_request_merged,FALSE,sa,4,0.525916413425723,1.36831517045878,-2.15598132067348,3.20781414752492
important_degree_top3,rolling5,exact1,nevertreated,pc_score,investment_in_new_talent_pc_score,low,github_outcomes,pull_request_merged,FALSE,sa,5,0.472937529564507,1.55637043395878,-2.57754852099469,3.52342358012371
important_degree_top3,rolling5,exact1,nevertreated,pc_score,investment_in_new_talent_pc_score,low,github_outcomes,pull_request_merged,FALSE,sa,6,1.07108948973023,1.77352972150485,-2.40502876441927,4.54720774387973
important_degree_top3,rolling5,exact1,nevertreated,pc_score,investment_in_new_talent_pc_score,low,github_outcomes,pull_request_merged,FALSE,sa,7,1.84637839087697,2.25514517042122,-2.57370614314862,6.26646292490257
important_degree_top3,rolling5,exact1,nevertreated,pc_score,investment_in_new_talent_pc_score,low,github_outcomes,pull_request_merged,FALSE,sa,8,3.08149228105815,2.73026202568497,-2.26982128928439,8.4328058514007
important_degree_top3,rolling5,exact1,nevertreated,pc_score,investment_in_new_talent_pc_score,low,github_outcomes,pull_request_merged,FALSE,sa,9,1.11569727837499,2.41351180353935,-3.61478585656213,5.84618041331211
important_degree_top3,rolling5,exact1,nevertreated,pc_score,investment_in_new_talent_pc_score,low,github_outcomes,pull_request_merged,FALSE,sa,10,-0.689419922881793,3.30354078944543,-7.16435987019484,5.78552002443125
important_degree_top3,rolling5,exact1,nevertreated,pc_score,investment_in_new_talent_pc_score,low,github_outcomes,pull_request_merged,FALSE,sa,11,-3.20210871809017,5.54924747195018,-14.0786337631125,7.67441632693219
important_degree_top3,rolling5,exact1,nevertreated,pc_score,investment_in_new_talent_pc_score,high,github_outcomes,pull_request_merged,FALSE,sa,-15,8.65018292214194,8.52784636970599,-8.0643959624818,25.3647618067657
important_degree_top3,rolling5,exact1,nevertreated,pc_score,investment_in_new_talent_pc_score,high,github_outcomes,pull_request_merged,FALSE,sa,-14,0.514853278251274,6.04846169112934,-11.3401316363622,12.3698381928648
important_degree_top3,rolling5,exact1,nevertreated,pc_score,investment_in_new_talent_pc_score,high,github_outcomes,pull_request_merged,FALSE,sa,-13,3.225468427027,5.76193301616213,-8.06792028465077,14.5188571387048
important_degree_top3,rolling5,exact1,nevertreated,pc_score,investment_in_new_talent_pc_score,high,github_outcomes,pull_request_merged,FALSE,sa,-12,3.70946963785826,9.23096602729081,-14.3832237756317,21.8021630513482
important_degree_top3,rolling5,exact1,nevertreated,pc_score,investment_in_new_talent_pc_score,high,github_outcomes,pull_request_merged,FALSE,sa,-11,9.80337797818573,12.2616052535143,-14.2293683187023,33.8361242750738
important_degree_top3,rolling5,exact1,nevertreated,pc_score,investment_in_new_talent_pc_score,high,github_outcomes,pull_request_merged,FALSE,sa,-10,8.99169758899046,11.4282957533793,-13.4077620876329,31.3911572656138
important_degree_top3,rolling5,exact1,nevertreated,pc_score,investment_in_new_talent_pc_score,high,github_outcomes,pull_request_merged,FALSE,sa,-9,6.90532336280871,10.7207200994633,-14.1072880321394,27.9179347577568
important_degree_top3,rolling5,exact1,nevertreated,pc_score,investment_in_new_talent_pc_score,high,github_outcomes,pull_request_merged,FALSE,sa,-8,11.6518768197338,13.6177295744297,-15.0388731461484,38.342626785616
important_degree_top3,rolling5,exact1,nevertreated,pc_score,investment_in_new_talent_pc_score,high,github_outcomes,pull_request_merged,FALSE,sa,-7,12.8136840332154,11.3686298211068,-9.46883041615389,35.0961984825847
important_degree_top3,rolling5,exact1,nevertreated,pc_score,investment_in_new_talent_pc_score,high,github_outcomes,pull_request_merged,FALSE,sa,-6,8.09510253546021,9.56522894484488,-10.6527461964358,26.8429512673562
important_degree_top3,rolling5,exact1,nevertreated,pc_score,investment_in_new_talent_pc_score,high,github_outcomes,pull_request_merged,FALSE,sa,-5,6.61409786347156,7.78344157412199,-8.64144762180754,21.8696433487507
important_degree_top3,rolling5,exact1,nevertreated,pc_score,investment_in_new_talent_pc_score,high,github_outcomes,pull_request_merged,FALSE,sa,-4,4.90495541082488,5.27491387056407,-5.4338757754807,15.2437865971305
important_degree_top3,rolling5,exact1,nevertreated,pc_score,investment_in_new_talent_pc_score,high,github_outcomes,pull_request_merged,FALSE,sa,-3,3.25297834408934,3.82404755322691,-4.24215486023539,10.7481115484141
important_degree_top3,rolling5,exact1,nevertreated,pc_score,investment_in_new_talent_pc_score,high,github_outcomes,pull_request_merged,FALSE,sa,-2,1.40465469672017,2.20230576794226,-2.91186460844665,5.721174001887
important_degree_top3,rolling5,exact1,nevertreated,pc_score,investment_in_new_talent_pc_score,high,github_outcomes,pull_request_merged,FALSE,sa,-1,0,0,0,0
important_degree_top3,rolling5,exact1,nevertreated,pc_score,investment_in_new_talent_pc_score,high,github_outcomes,pull_request_merged,FALSE,sa,0,-3.38547301042969,2.34030925921451,-7.97247915849012,1.20153313763074
important_degree_top3,rolling5,exact1,nevertreated,pc_score,investment_in_new_talent_pc_score,high,github_outcomes,pull_request_merged,FALSE,sa,1,-6.89519485833802,3.25200131745921,-13.2691174405581,-0.521272276117962
important_degree_top3,rolling5,exact1,nevertreated,pc_score,investment_in_new_talent_pc_score,high,github_outcomes,pull_request_merged,FALSE,sa,2,-9.59672255679606,4.26199203449554,-17.9502269444073,-1.24321816918481
important_degree_top3,rolling5,exact1,nevertreated,pc_score,investment_in_new_talent_pc_score,high,github_outcomes,pull_request_merged,FALSE,sa,3,-9.84515202567103,5.10675958406259,-19.8544008104337,0.16409675909164
important_degree_top3,rolling5,exact1,nevertreated,pc_score,investment_in_new_talent_pc_score,high,github_outcomes,pull_request_merged,FALSE,sa,4,-11.2574878337807,5.22351179269616,-21.4955709474651,-1.01940472009619
important_degree_top3,rolling5,exact1,nevertreated,pc_score,investment_in_new_talent_pc_score,high,github_outcomes,pull_request_merged,FALSE,sa,5,-9.34136847341513,4.10653438019703,-17.3901758586013,-1.29256108822895
important_degree_top3,rolling5,exact1,nevertreated,pc_score,investment_in_new_talent_pc_score,high,github_outcomes,pull_request_merged,FALSE,sa,6,-11.206071585968,5.31803824024634,-21.6294265368508,-0.78271663508516
important_degree_top3,rolling5,exact1,nevertreated,pc_score,investment_in_new_talent_pc_score,high,github_outcomes,pull_request_merged,FALSE,sa,7,-9.19356968690351,5.08703428293151,-19.1641568814493,0.777017507642253
important_degree_top3,rolling5,exact1,nevertreated,pc_score,investment_in_new_talent_pc_score,high,github_outcomes,pull_request_merged,FALSE,sa,8,-6.71896612289945,5.2115642876875,-16.933632126767,3.49569988096806
important_degree_top3,rolling5,exact1,nevertreated,pc_score,investment_in_new_talent_pc_score,high,github_outcomes,pull_request_merged,FALSE,sa,9,-2.70973162380455,5.13793446348553,-12.7800831722362,7.36061992462709
important_degree_top3,rolling5,exact1,nevertreated,pc_score,investment_in_new_talent_pc_score,high,github_outcomes,pull_request_merged,FALSE,sa,10,-0.515282828137682,6.29251444594032,-12.8486111421807,11.8180454859053
important_degree_top3,rolling5,exact1,nevertreated,pc_score,investment_in_new_talent_pc_score,high,github_outcomes,pull_request_merged,FALSE,sa,11,2.42591678501121,7.75605396820385,-12.7759489926683,17.6277825626908
important_degree_top3,rolling5,exact1,nevertreated,pc_score,problem_solving_routines_pc_score,low,github_outcomes,pull_request_merged,FALSE,sa,-15,-1.65894687132336,3.31099749083372,-8.14850195335746,4.83060821071073
important_degree_top3,rolling5,exact1,nevertreated,pc_score,problem_solving_routines_pc_score,low,github_outcomes,pull_request_merged,FALSE,sa,-14,-1.39313683102339,3.04175133437842,-7.35496944640509,4.5686957843583
important_degree_top3,rolling5,exact1,nevertreated,pc_score,problem_solving_routines_pc_score,low,github_outcomes,pull_request_merged,FALSE,sa,-13,1.25574888111885,3.00262139754943,-4.62938905807804,7.14088682031573
important_degree_top3,rolling5,exact1,nevertreated,pc_score,problem_solving_routines_pc_score,low,github_outcomes,pull_request_merged,FALSE,sa,-12,-1.18583056151263,2.76027363951276,-6.59596689495763,4.22430577193237
important_degree_top3,rolling5,exact1,nevertreated,pc_score,problem_solving_routines_pc_score,low,github_outcomes,pull_request_merged,FALSE,sa,-11,0.129774708680046,2.54123741472268,-4.8510506241764,5.1106000415365
important_degree_top3,rolling5,exact1,nevertreated,pc_score,problem_solving_routines_pc_score,low,github_outcomes,pull_request_merged,FALSE,sa,-10,1.683535085268,2.41542990411644,-3.05070752680023,6.41777769733623
important_degree_top3,rolling5,exact1,nevertreated,pc_score,problem_solving_routines_pc_score,low,github_outcomes,pull_request_merged,FALSE,sa,-9,1.08826973932209,2.03252191341494,-2.89547321097119,5.07201268961538
important_degree_top3,rolling5,exact1,nevertreated,pc_score,problem_solving_routines_pc_score,low,github_outcomes,pull_request_merged,FALSE,sa,-8,1.08121515672535,2.09597221519178,-3.02689038505055,5.18932069850124
important_degree_top3,rolling5,exact1,nevertreated,pc_score,problem_solving_routines_pc_score,low,github_outcomes,pull_request_merged,FALSE,sa,-7,1.33102578687064,1.86615815732111,-2.32664420147874,4.98869577522002
important_degree_top3,rolling5,exact1,nevertreated,pc_score,problem_solving_routines_pc_score,low,github_outcomes,pull_request_merged,FALSE,sa,-6,2.11610001447689,1.70037818085453,-1.21664121999799,5.44884124895177
important_degree_top3,rolling5,exact1,nevertreated,pc_score,problem_solving_routines_pc_score,low,github_outcomes,pull_request_merged,FALSE,sa,-5,1.19832793718671,1.60564805826027,-1.94874225700342,4.34539813137685
important_degree_top3,rolling5,exact1,nevertreated,pc_score,problem_solving_routines_pc_score,low,github_outcomes,pull_request_merged,FALSE,sa,-4,0.601494837933577,1.24333241438659,-1.83543669426414,3.03842637013129
important_degree_top3,rolling5,exact1,nevertreated,pc_score,problem_solving_routines_pc_score,low,github_outcomes,pull_request_merged,FALSE,sa,-3,0.979899891125024,1.10664440177998,-1.18912313636373,3.14892291861378
important_degree_top3,rolling5,exact1,nevertreated,pc_score,problem_solving_routines_pc_score,low,github_outcomes,pull_request_merged,FALSE,sa,-2,0.653948400560283,0.884320108925803,-1.07931901293429,2.38721581405486
important_degree_top3,rolling5,exact1,nevertreated,pc_score,problem_solving_routines_pc_score,low,github_outcomes,pull_request_merged,FALSE,sa,-1,0,0,0,0
important_degree_top3,rolling5,exact1,nevertreated,pc_score,problem_solving_routines_pc_score,low,github_outcomes,pull_request_merged,FALSE,sa,0,-0.550789230515808,0.630031685693457,-1.78565133447498,0.684072873443369
important_degree_top3,rolling5,exact1,nevertreated,pc_score,problem_solving_routines_pc_score,low,github_outcomes,pull_request_merged,FALSE,sa,1,-0.104919185376884,0.763277824661499,-1.60094372171342,1.39110535095965
important_degree_top3,rolling5,exact1,nevertreated,pc_score,problem_solving_routines_pc_score,low,github_outcomes,pull_request_merged,FALSE,sa,2,-0.564730559250751,0.849910210396241,-2.23055457162738,1.10109345312588
important_degree_top3,rolling5,exact1,nevertreated,pc_score,problem_solving_routines_pc_score,low,github_outcomes,pull_request_merged,FALSE,sa,3,-0.547064455647138,1.01268473639164,-2.53192653897476,1.43779762768048
important_degree_top3,rolling5,exact1,nevertreated,pc_score,problem_solving_routines_pc_score,low,github_outcomes,pull_request_merged,FALSE,sa,4,0.237282391199718,1.29756467591696,-2.30594437359753,2.78050915599697
important_degree_top3,rolling5,exact1,nevertreated,pc_score,problem_solving_routines_pc_score,low,github_outcomes,pull_request_merged,FALSE,sa,5,0.0830734948033359,1.42461332421563,-2.7091686206593,2.87531561026597
important_degree_top3,rolling5,exact1,nevertreated,pc_score,problem_solving_routines_pc_score,low,github_outcomes,pull_request_merged,FALSE,sa,6,-0.675467728453637,1.6880102398595,-3.98396779857826,2.63303234167098
important_degree_top3,rolling5,exact1,nevertreated,pc_score,problem_solving_routines_pc_score,low,github_outcomes,pull_request_merged,FALSE,sa,7,-0.785799732375463,1.91669714509116,-4.54252613675414,2.97092667200322
important_degree_top3,rolling5,exact1,nevertreated,pc_score,problem_solving_routines_pc_score,low,github_outcomes,pull_request_merged,FALSE,sa,8,-0.353113485951412,2.02665257256931,-4.32535252818726,3.61912555628443
important_degree_top3,rolling5,exact1,nevertreated,pc_score,problem_solving_routines_pc_score,low,github_outcomes,pull_request_merged,FALSE,sa,9,1.2518039783154,1.97091212414234,-2.61118378500358,5.11479174163438
important_degree_top3,rolling5,exact1,nevertreated,pc_score,problem_solving_routines_pc_score,low,github_outcomes,pull_request_merged,FALSE,sa,10,0.997979139766913,2.23582579313954,-3.38423941478658,5.38019769432041
important_degree_top3,rolling5,exact1,nevertreated,pc_score,problem_solving_routines_pc_score,low,github_outcomes,pull_request_merged,FALSE,sa,11,1.66095723310527,2.26307565239471,-2.77467104558835,6.0965855117989
important_degree_top3,rolling5,exact1,nevertreated,pc_score,problem_solving_routines_pc_score,high,github_outcomes,pull_request_merged,FALSE,sa,-15,14.0530585740652,8.17592523812687,-1.97175489266342,30.0778720407939
important_degree_top3,rolling5,exact1,nevertreated,pc_score,problem_solving_routines_pc_score,high,github_outcomes,pull_request_merged,FALSE,sa,-14,7.07960578734059,5.56879445262934,-3.83523133981292,17.9944429144941
important_degree_top3,rolling5,exact1,nevertreated,pc_score,problem_solving_routines_pc_score,high,github_outcomes,pull_request_merged,FALSE,sa,-13,9.78815933280429,5.28332484689246,-0.567157367104933,20.1434760327135
important_degree_top3,rolling5,exact1,nevertreated,pc_score,problem_solving_routines_pc_score,high,github_outcomes,pull_request_merged,FALSE,sa,-12,11.0881438501648,11.1073819726289,-10.6823248161878,32.8586125165174
important_degree_top3,rolling5,exact1,nevertreated,pc_score,problem_solving_routines_pc_score,high,github_outcomes,pull_request_merged,FALSE,sa,-11,16.7483672251847,11.8210047929298,-6.4208021689576,39.9175366193271
important_degree_top3,rolling5,exact1,nevertreated,pc_score,problem_solving_routines_pc_score,high,github_outcomes,pull_request_merged,FALSE,sa,-10,14.2387923660743,11.8285889039641,-8.94524188569538,37.422826617844
important_degree_top3,rolling5,exact1,nevertreated,pc_score,problem_solving_routines_pc_score,high,github_outcomes,pull_request_merged,FALSE,sa,-9,9.97775980249012,11.903129722956,-13.3523744545037,33.3078940594839
important_degree_top3,rolling5,exact1,nevertreated,pc_score,problem_solving_routines_pc_score,high,github_outcomes,pull_request_merged,FALSE,sa,-8,13.2642061069865,13.8022966676367,-13.7882953615814,40.3167075755544
important_degree_top3,rolling5,exact1,nevertreated,pc_score,problem_solving_routines_pc_score,high,github_outcomes,pull_request_merged,FALSE,sa,-7,13.0699911361481,11.4356706817898,-9.34392340015994,35.4839056724561
important_degree_top3,rolling5,exact1,nevertreated,pc_score,problem_solving_routines_pc_score,high,github_outcomes,pull_request_merged,FALSE,sa,-6,9.5107392028333,9.94774085361626,-9.98683287025458,29.0083112759212
important_degree_top3,rolling5,exact1,nevertreated,pc_score,problem_solving_routines_pc_score,high,github_outcomes,pull_request_merged,FALSE,sa,-5,6.50021875564569,7.76876814421314,-8.72656680701206,21.7270043183034
important_degree_top3,rolling5,exact1,nevertreated,pc_score,problem_solving_routines_pc_score,high,github_outcomes,pull_request_merged,FALSE,sa,-4,4.98840125649663,5.17923903428387,-5.16290725069975,15.139709763693
important_degree_top3,rolling5,exact1,nevertreated,pc_score,problem_solving_routines_pc_score,high,github_outcomes,pull_request_merged,FALSE,sa,-3,3.71741786185126,3.85222443343889,-3.83294202768895,11.2677777513915
important_degree_top3,rolling5,exact1,nevertreated,pc_score,problem_solving_routines_pc_score,high,github_outcomes,pull_request_merged,FALSE,sa,-2,2.57057833031042,2.26643117704695,-1.87162677670161,7.01278343732245
important_degree_top3,rolling5,exact1,nevertreated,pc_score,problem_solving_routines_pc_score,high,github_outcomes,pull_request_merged,FALSE,sa,-1,0,0,0,0
important_degree_top3,rolling5,exact1,nevertreated,pc_score,problem_solving_routines_pc_score,high,github_outcomes,pull_request_merged,FALSE,sa,0,-3.55887785332003,2.19000031136919,-7.85127846360364,0.73352275696358
important_degree_top3,rolling5,exact1,nevertreated,pc_score,problem_solving_routines_pc_score,high,github_outcomes,pull_request_merged,FALSE,sa,1,-6.79159917115615,3.13743782555999,-12.9409773092537,-0.642221033058564
important_degree_top3,rolling5,exact1,nevertreated,pc_score,problem_solving_routines_pc_score,high,github_outcomes,pull_request_merged,FALSE,sa,2,-8.8411745957316,4.17342250737637,-17.0210827101893,-0.661266481273918
important_degree_top3,rolling5,exact1,nevertreated,pc_score,problem_solving_routines_pc_score,high,github_outcomes,pull_request_merged,FALSE,sa,3,-8.89156170861875,4.75711617621297,-18.2155094139962,0.432385996758665
important_degree_top3,rolling5,exact1,nevertreated,pc_score,problem_solving_routines_pc_score,high,github_outcomes,pull_request_merged,FALSE,sa,4,-9.34286040991742,4.91718768775024,-18.9805482779079,0.294827458073049
important_degree_top3,rolling5,exact1,nevertreated,pc_score,problem_solving_routines_pc_score,high,github_outcomes,pull_request_merged,FALSE,sa,5,-7.43913913119609,3.88770191450064,-15.0590348836173,0.180756621225168
important_degree_top3,rolling5,exact1,nevertreated,pc_score,problem_solving_routines_pc_score,high,github_outcomes,pull_request_merged,FALSE,sa,6,-8.74504744075312,5.48521088486757,-19.4960607750936,2.00596589358732
important_degree_top3,rolling5,exact1,nevertreated,pc_score,problem_solving_routines_pc_score,high,github_outcomes,pull_request_merged,FALSE,sa,7,-6.26591265941016,5.42554080807606,-16.8999726432392,4.36814732441891
important_degree_top3,rolling5,exact1,nevertreated,pc_score,problem_solving_routines_pc_score,high,github_outcomes,pull_request_merged,FALSE,sa,8,-2.45030834213262,5.84332626054149,-13.9032278127939,9.0026111285287
important_degree_top3,rolling5,exact1,nevertreated,pc_score,problem_solving_routines_pc_score,high,github_outcomes,pull_request_merged,FALSE,sa,9,-2.93650759306686,5.43648249240962,-13.5920132781897,7.71899809205599
important_degree_top3,rolling5,exact1,nevertreated,pc_score,problem_solving_routines_pc_score,high,github_outcomes,pull_request_merged,FALSE,sa,10,-2.53040977174524,6.91866701963097,-16.0909971302219,11.0301775867315
important_degree_top3,rolling5,exact1,nevertreated,pc_score,problem_solving_routines_pc_score,high,github_outcomes,pull_request_merged,FALSE,sa,11,-3.05511464607406,9.31939269612611,-21.3211243304812,15.2108950383331
important_degree_top3,rolling5,exact1,nevertreated,pc_score,collaboration_pc_score,low,downstream_outcomes,overall_new_release_count,TRUE,sa,-15,0.0799203329476748,0.265272903698803,-0.440014558301979,0.599855224197329
important_degree_top3,rolling5,exact1,nevertreated,pc_score,collaboration_pc_score,low,downstream_outcomes,overall_new_release_count,TRUE,sa,-14,0.304798799445103,0.258488205289478,-0.201838082922275,0.81143568181248
important_degree_top3,rolling5,exact1,nevertreated,pc_score,collaboration_pc_score,low,downstream_outcomes,overall_new_release_count,TRUE,sa,-13,0.232334343543538,0.248726349070241,-0.255169300634135,0.71983798772121
important_degree_top3,rolling5,exact1,nevertreated,pc_score,collaboration_pc_score,low,downstream_outcomes,overall_new_release_count,TRUE,sa,-12,0.51669715803795,0.196226453281681,0.132093309605855,0.901301006470045
important_degree_top3,rolling5,exact1,nevertreated,pc_score,collaboration_pc_score,low,downstream_outcomes,overall_new_release_count,TRUE,sa,-11,0.461946159440414,0.178373653888446,0.11233379781906,0.811558521061768
important_degree_top3,rolling5,exact1,nevertreated,pc_score,collaboration_pc_score,low,downstream_outcomes,overall_new_release_count,TRUE,sa,-10,0.183776477776949,0.17116238860128,-0.151701803881559,0.519254759435457
important_degree_top3,rolling5,exact1,nevertreated,pc_score,collaboration_pc_score,low,downstream_outcomes,overall_new_release_count,TRUE,sa,-9,0.0493038847849577,0.140146028654544,-0.225382331377949,0.323990100947864
important_degree_top3,rolling5,exact1,nevertreated,pc_score,collaboration_pc_score,low,downstream_outcomes,overall_new_release_count,TRUE,sa,-8,0.0969469681751453,0.133250059455821,-0.164223148358264,0.358117084708554
important_degree_top3,rolling5,exact1,nevertreated,pc_score,collaboration_pc_score,low,downstream_outcomes,overall_new_release_count,TRUE,sa,-7,-0.023706693743248,0.184376991441327,-0.385085596968248,0.337672209481752
important_degree_top3,rolling5,exact1,nevertreated,pc_score,collaboration_pc_score,low,downstream_outcomes,overall_new_release_count,TRUE,sa,-6,0.0236235140143153,0.172200050721313,-0.313888585399459,0.361135613428089
important_degree_top3,rolling5,exact1,nevertreated,pc_score,collaboration_pc_score,low,downstream_outcomes,overall_new_release_count,TRUE,sa,-5,0.065695072837475,0.140803254825638,-0.210279306620775,0.341669452295725
important_degree_top3,rolling5,exact1,nevertreated,pc_score,collaboration_pc_score,low,downstream_outcomes,overall_new_release_count,TRUE,sa,-4,-0.0511616703205131,0.155692642883175,-0.356319250371535,0.253995909730509
important_degree_top3,rolling5,exact1,nevertreated,pc_score,collaboration_pc_score,low,downstream_outcomes,overall_new_release_count,TRUE,sa,-3,0.0304257815474656,0.168914338939635,-0.300646322774218,0.36149788586915
important_degree_top3,rolling5,exact1,nevertreated,pc_score,collaboration_pc_score,low,downstream_outcomes,overall_new_release_count,TRUE,sa,-2,0.124858104249968,0.151084581058218,-0.17126767462414,0.420983883124075
important_degree_top3,rolling5,exact1,nevertreated,pc_score,collaboration_pc_score,low,downstream_outcomes,overall_new_release_count,TRUE,sa,-1,0,0,0,0
important_degree_top3,rolling5,exact1,nevertreated,pc_score,collaboration_pc_score,low,downstream_outcomes,overall_new_release_count,TRUE,sa,0,0.301445509895429,0.275146848154614,-0.237842312487614,0.840733332278472
important_degree_top3,rolling5,exact1,nevertreated,pc_score,collaboration_pc_score,low,downstream_outcomes,overall_new_release_count,TRUE,sa,1,-0.454352234229183,0.146332061914599,-0.741163075581797,-0.167541392876569
important_degree_top3,rolling5,exact1,nevertreated,pc_score,collaboration_pc_score,low,downstream_outcomes,overall_new_release_count,TRUE,sa,2,-0.404159381835016,0.14329768217213,-0.685022838892391,-0.123295924777641
important_degree_top3,rolling5,exact1,nevertreated,pc_score,collaboration_pc_score,low,downstream_outcomes,overall_new_release_count,TRUE,sa,3,-0.22198428624398,0.210774047558989,-0.635101419459598,0.191132846971638
important_degree_top3,rolling5,exact1,nevertreated,pc_score,collaboration_pc_score,low,downstream_outcomes,overall_new_release_count,TRUE,sa,4,0.229839137663389,0.492148277071289,-0.734771485396338,1.19444976072312
important_degree_top3,rolling5,exact1,nevertreated,pc_score,collaboration_pc_score,low,downstream_outcomes,overall_new_release_count,TRUE,sa,5,-0.0259064262080195,0.450573465740104,-0.909030419058622,0.857217566642584
important_degree_top3,rolling5,exact1,nevertreated,pc_score,collaboration_pc_score,low,downstream_outcomes,overall_new_release_count,TRUE,sa,6,-0.282128882052961,0.198868771862567,-0.671911674903593,0.107653910797671
important_degree_top3,rolling5,exact1,nevertreated,pc_score,collaboration_pc_score,low,downstream_outcomes,overall_new_release_count,TRUE,sa,7,-0.25433778115913,0.217871264765524,-0.681365460099556,0.172689897781297
important_degree_top3,rolling5,exact1,nevertreated,pc_score,collaboration_pc_score,low,downstream_outcomes,overall_new_release_count,TRUE,sa,8,-0.181524717836408,0.255557776194139,-0.682417959176921,0.319368523504104
important_degree_top3,rolling5,exact1,nevertreated,pc_score,collaboration_pc_score,low,downstream_outcomes,overall_new_release_count,TRUE,sa,9,-0.301084758915715,0.371726569940799,-1.02966883599968,0.427499318168251
important_degree_top3,rolling5,exact1,nevertreated,pc_score,collaboration_pc_score,low,downstream_outcomes,overall_new_release_count,TRUE,sa,10,-0.499677519105669,0.703400422573383,-1.8783423473495,0.878987309138162
important_degree_top3,rolling5,exact1,nevertreated,pc_score,collaboration_pc_score,low,downstream_outcomes,overall_new_release_count,TRUE,sa,11,-1.059928432763,0.623849940276024,-2.282674315704,0.16281745017801
important_degree_top3,rolling5,exact1,nevertreated,pc_score,collaboration_pc_score,high,downstream_outcomes,overall_new_release_count,TRUE,sa,-15,-0.369526205712786,0.26130037081334,-0.881674932506931,0.14262252108136
important_degree_top3,rolling5,exact1,nevertreated,pc_score,collaboration_pc_score,high,downstream_outcomes,overall_new_release_count,TRUE,sa,-14,0.00840585325002706,0.239488028844716,-0.460990683285616,0.47780238978567
important_degree_top3,rolling5,exact1,nevertreated,pc_score,collaboration_pc_score,high,downstream_outcomes,overall_new_release_count,TRUE,sa,-13,-0.0266030598804026,0.231986803345562,-0.481297194437705,0.4280910746769
important_degree_top3,rolling5,exact1,nevertreated,pc_score,collaboration_pc_score,high,downstream_outcomes,overall_new_release_count,TRUE,sa,-12,-0.143953252389099,0.200278309653914,-0.53649873931077,0.248592234532571
important_degree_top3,rolling5,exact1,nevertreated,pc_score,collaboration_pc_score,high,downstream_outcomes,overall_new_release_count,TRUE,sa,-11,-0.0476640677381651,0.193460349092051,-0.426846351958586,0.331518216482256
important_degree_top3,rolling5,exact1,nevertreated,pc_score,collaboration_pc_score,high,downstream_outcomes,overall_new_release_count,TRUE,sa,-10,0.0396831624795783,0.184597545627954,-0.322128026951211,0.401494351910368
important_degree_top3,rolling5,exact1,nevertreated,pc_score,collaboration_pc_score,high,downstream_outcomes,overall_new_release_count,TRUE,sa,-9,0.044263702165641,0.175580939511711,-0.299874939277313,0.388402343608595
important_degree_top3,rolling5,exact1,nevertreated,pc_score,collaboration_pc_score,high,downstream_outcomes,overall_new_release_count,TRUE,sa,-8,0.0698237282655686,0.16529906633763,-0.254162441756186,0.393809898287323
important_degree_top3,rolling5,exact1,nevertreated,pc_score,collaboration_pc_score,high,downstream_outcomes,overall_new_release_count,TRUE,sa,-7,0.380059080059063,0.311817598824389,-0.231103413636739,0.991221573754865
important_degree_top3,rolling5,exact1,nevertreated,pc_score,collaboration_pc_score,high,downstream_outcomes,overall_new_release_count,TRUE,sa,-6,0.283738520399609,0.285779173106458,-0.276388658889048,0.843865699688266
important_degree_top3,rolling5,exact1,nevertreated,pc_score,collaboration_pc_score,high,downstream_outcomes,overall_new_release_count,TRUE,sa,-5,-0.419796435516735,0.181379434777758,-0.77530012768114,-0.0642927433523296
important_degree_top3,rolling5,exact1,nevertreated,pc_score,collaboration_pc_score,high,downstream_outcomes,overall_new_release_count,TRUE,sa,-4,-0.464145535925848,0.176424664540097,-0.809937878424439,-0.118353193427257
important_degree_top3,rolling5,exact1,nevertreated,pc_score,collaboration_pc_score,high,downstream_outcomes,overall_new_release_count,TRUE,sa,-3,-0.357808334571605,0.185942473489203,-0.722255582610444,0.00663891346723278
important_degree_top3,rolling5,exact1,nevertreated,pc_score,collaboration_pc_score,high,downstream_outcomes,overall_new_release_count,TRUE,sa,-2,-0.293002839815332,0.18767748601046,-0.660850712395833,0.0748450327651687
important_degree_top3,rolling5,exact1,nevertreated,pc_score,collaboration_pc_score,high,downstream_outcomes,overall_new_release_count,TRUE,sa,-1,0,0,0,0
important_degree_top3,rolling5,exact1,nevertreated,pc_score,collaboration_pc_score,high,downstream_outcomes,overall_new_release_count,TRUE,sa,0,-0.324775418290103,0.200554291837524,-0.717861830291649,0.0683109937114434
important_degree_top3,rolling5,exact1,nevertreated,pc_score,collaboration_pc_score,high,downstream_outcomes,overall_new_release_count,TRUE,sa,1,-0.417214481205526,0.250942088206505,-0.909060974090276,0.0746320116792247
important_degree_top3,rolling5,exact1,nevertreated,pc_score,collaboration_pc_score,high,downstream_outcomes,overall_new_release_count,TRUE,sa,2,-0.897874057800737,0.156921882451774,-1.20544094740621,-0.59030716819526
important_degree_top3,rolling5,exact1,nevertreated,pc_score,collaboration_pc_score,high,downstream_outcomes,overall_new_release_count,TRUE,sa,3,-0.923833120905549,0.182247066403318,-1.28103737105605,-0.566628870755045
important_degree_top3,rolling5,exact1,nevertreated,pc_score,collaboration_pc_score,high,downstream_outcomes,overall_new_release_count,TRUE,sa,4,-0.7151525876188,0.256070518361769,-1.21705080360787,-0.213254371629733
important_degree_top3,rolling5,exact1,nevertreated,pc_score,collaboration_pc_score,high,downstream_outcomes,overall_new_release_count,TRUE,sa,5,-0.834332837870266,0.241909485350828,-1.30847542915789,-0.360190246582644
important_degree_top3,rolling5,exact1,nevertreated,pc_score,collaboration_pc_score,high,downstream_outcomes,overall_new_release_count,TRUE,sa,6,-0.875192322854998,0.27922394444556,-1.4224712539683,-0.3279133917417
important_degree_top3,rolling5,exact1,nevertreated,pc_score,collaboration_pc_score,high,downstream_outcomes,overall_new_release_count,TRUE,sa,7,-1.04550641151816,0.269372139619894,-1.57347580517315,-0.517537017863169
important_degree_top3,rolling5,exact1,nevertreated,pc_score,collaboration_pc_score,high,downstream_outcomes,overall_new_release_count,TRUE,sa,8,-1.16227883398748,0.308751476891051,-1.76743172869394,-0.557125939281018
important_degree_top3,rolling5,exact1,nevertreated,pc_score,collaboration_pc_score,high,downstream_outcomes,overall_new_release_count,TRUE,sa,9,-0.968293987452928,0.445551454167321,-1.84157483762088,-0.0950131372849793
important_degree_top3,rolling5,exact1,nevertreated,pc_score,collaboration_pc_score,high,downstream_outcomes,overall_new_release_count,TRUE,sa,10,-1.02065344083821,0.438266434147589,-1.87965565176748,-0.161651229908932
important_degree_top3,rolling5,exact1,nevertreated,pc_score,collaboration_pc_score,high,downstream_outcomes,overall_new_release_count,TRUE,sa,11,-1.97005358094996,0.269035378945415,-2.49736292368297,-1.44274423821695
important_degree_top3,rolling5,exact1,nevertreated,pc_score,knowledge_level_pc_score,low,downstream_outcomes,overall_new_release_count,TRUE,sa,-15,-0.0905810700305445,0.296063618624859,-0.670865762535269,0.48970362247418
important_degree_top3,rolling5,exact1,nevertreated,pc_score,knowledge_level_pc_score,low,downstream_outcomes,overall_new_release_count,TRUE,sa,-14,0.126737978161317,0.299260066094752,-0.459811751384396,0.71328770770703
important_degree_top3,rolling5,exact1,nevertreated,pc_score,knowledge_level_pc_score,low,downstream_outcomes,overall_new_release_count,TRUE,sa,-13,0.0806206129219455,0.292906613553193,-0.493476349642313,0.654717575486203
important_degree_top3,rolling5,exact1,nevertreated,pc_score,knowledge_level_pc_score,low,downstream_outcomes,overall_new_release_count,TRUE,sa,-12,0.12895042008823,0.226560569645998,-0.315108296417926,0.573009136594385
important_degree_top3,rolling5,exact1,nevertreated,pc_score,knowledge_level_pc_score,low,downstream_outcomes,overall_new_release_count,TRUE,sa,-11,0.20640393043361,0.194609896732763,-0.175031467162606,0.587839328029826
important_degree_top3,rolling5,exact1,nevertreated,pc_score,knowledge_level_pc_score,low,downstream_outcomes,overall_new_release_count,TRUE,sa,-10,0.257379648897441,0.18633444375456,-0.107835860861495,0.622595158656378
important_degree_top3,rolling5,exact1,nevertreated,pc_score,knowledge_level_pc_score,low,downstream_outcomes,overall_new_release_count,TRUE,sa,-9,0.189136036384511,0.162562057201315,-0.129485595730067,0.507757668499088
important_degree_top3,rolling5,exact1,nevertreated,pc_score,knowledge_level_pc_score,low,downstream_outcomes,overall_new_release_count,TRUE,sa,-8,0.168074268517335,0.152537451039693,-0.130899135520464,0.467047672555134
important_degree_top3,rolling5,exact1,nevertreated,pc_score,knowledge_level_pc_score,low,downstream_outcomes,overall_new_release_count,TRUE,sa,-7,0.0600161003080981,0.182064829814675,-0.296830966128664,0.416863166744861
important_degree_top3,rolling5,exact1,nevertreated,pc_score,knowledge_level_pc_score,low,downstream_outcomes,overall_new_release_count,TRUE,sa,-6,-0.0762944098563389,0.165126781570189,-0.399942901733909,0.247354082021231
important_degree_top3,rolling5,exact1,nevertreated,pc_score,knowledge_level_pc_score,low,downstream_outcomes,overall_new_release_count,TRUE,sa,-5,-0.186823107344665,0.150049659456473,-0.480920439879351,0.107274225190021
important_degree_top3,rolling5,exact1,nevertreated,pc_score,knowledge_level_pc_score,low,downstream_outcomes,overall_new_release_count,TRUE,sa,-4,-0.286844112971459,0.162446051975464,-0.605238374843369,0.0315501489004502
important_degree_top3,rolling5,exact1,nevertreated,pc_score,knowledge_level_pc_score,low,downstream_outcomes,overall_new_release_count,TRUE,sa,-3,-0.127702330885539,0.175660481615082,-0.471996874851101,0.216592213080022
important_degree_top3,rolling5,exact1,nevertreated,pc_score,knowledge_level_pc_score,low,downstream_outcomes,overall_new_release_count,TRUE,sa,-2,-0.0574306953218848,0.159292173982441,-0.36964335632747,0.2547819656837
important_degree_top3,rolling5,exact1,nevertreated,pc_score,knowledge_level_pc_score,low,downstream_outcomes,overall_new_release_count,TRUE,sa,-1,0,0,0,0
important_degree_top3,rolling5,exact1,nevertreated,pc_score,knowledge_level_pc_score,low,downstream_outcomes,overall_new_release_count,TRUE,sa,0,0.0085183638304808,0.190778236481825,-0.365406979673896,0.382443707334858
important_degree_top3,rolling5,exact1,nevertreated,pc_score,knowledge_level_pc_score,low,downstream_outcomes,overall_new_release_count,TRUE,sa,1,-0.303933408907299,0.212352693960434,-0.72014468906975,0.112277871255153
important_degree_top3,rolling5,exact1,nevertreated,pc_score,knowledge_level_pc_score,low,downstream_outcomes,overall_new_release_count,TRUE,sa,2,-0.599744330793218,0.151953466649319,-0.897573125425883,-0.301915536160552
important_degree_top3,rolling5,exact1,nevertreated,pc_score,knowledge_level_pc_score,low,downstream_outcomes,overall_new_release_count,TRUE,sa,3,-0.598806947320897,0.178371592314504,-0.948415268257325,-0.24919862638447
important_degree_top3,rolling5,exact1,nevertreated,pc_score,knowledge_level_pc_score,low,downstream_outcomes,overall_new_release_count,TRUE,sa,4,-0.509210640467323,0.23693650735187,-0.973606194876988,-0.0448150860576586
important_degree_top3,rolling5,exact1,nevertreated,pc_score,knowledge_level_pc_score,low,downstream_outcomes,overall_new_release_count,TRUE,sa,5,-0.745378742817559,0.213136653939316,-1.16312658453862,-0.3276309010965
important_degree_top3,rolling5,exact1,nevertreated,pc_score,knowledge_level_pc_score,low,downstream_outcomes,overall_new_release_count,TRUE,sa,6,-0.880192091586117,0.254182814935295,-1.37839040885929,-0.38199377431294
important_degree_top3,rolling5,exact1,nevertreated,pc_score,knowledge_level_pc_score,low,downstream_outcomes,overall_new_release_count,TRUE,sa,7,-0.874764290719453,0.266250159381172,-1.39661460310655,-0.352913978332356
important_degree_top3,rolling5,exact1,nevertreated,pc_score,knowledge_level_pc_score,low,downstream_outcomes,overall_new_release_count,TRUE,sa,8,-0.796531310442312,0.300942881525195,-1.38637935823169,-0.206683262652931
important_degree_top3,rolling5,exact1,nevertreated,pc_score,knowledge_level_pc_score,low,downstream_outcomes,overall_new_release_count,TRUE,sa,9,-0.860738652077448,0.379206252368951,-1.60398290672059,-0.117494397434305
important_degree_top3,rolling5,exact1,nevertreated,pc_score,knowledge_level_pc_score,low,downstream_outcomes,overall_new_release_count,TRUE,sa,10,-1.49727479507813,0.41589635661003,-2.31243165403378,-0.682117936122467
important_degree_top3,rolling5,exact1,nevertreated,pc_score,knowledge_level_pc_score,low,downstream_outcomes,overall_new_release_count,TRUE,sa,11,-0.0965169761047983,0.795882482553433,-1.65644664190953,1.46341268969993
important_degree_top3,rolling5,exact1,nevertreated,pc_score,knowledge_level_pc_score,high,downstream_outcomes,overall_new_release_count,TRUE,sa,-15,-0.229147623729562,0.25252710914669,-0.724100757657075,0.26580551019795
important_degree_top3,rolling5,exact1,nevertreated,pc_score,knowledge_level_pc_score,high,downstream_outcomes,overall_new_release_count,TRUE,sa,-14,-0.160681274727519,0.253155413315838,-0.656865884826562,0.335503335371523
important_degree_top3,rolling5,exact1,nevertreated,pc_score,knowledge_level_pc_score,high,downstream_outcomes,overall_new_release_count,TRUE,sa,-13,0.153066307802179,0.22373339338087,-0.285451143224326,0.591583758828684
important_degree_top3,rolling5,exact1,nevertreated,pc_score,knowledge_level_pc_score,high,downstream_outcomes,overall_new_release_count,TRUE,sa,-12,0.402639306655473,0.197264273352015,0.0160013308855236,0.789277282425423
important_degree_top3,rolling5,exact1,nevertreated,pc_score,knowledge_level_pc_score,high,downstream_outcomes,overall_new_release_count,TRUE,sa,-11,0.314683223892367,0.181740278414285,-0.041527721799632,0.670894169584366
important_degree_top3,rolling5,exact1,nevertreated,pc_score,knowledge_level_pc_score,high,downstream_outcomes,overall_new_release_count,TRUE,sa,-10,0.0898039917070445,0.252271260429482,-0.40464767873474,0.584255662148829
important_degree_top3,rolling5,exact1,nevertreated,pc_score,knowledge_level_pc_score,high,downstream_outcomes,overall_new_release_count,TRUE,sa,-9,0.049173009448374,0.214232625379948,-0.370722936296325,0.469068955193073
important_degree_top3,rolling5,exact1,nevertreated,pc_score,knowledge_level_pc_score,high,downstream_outcomes,overall_new_release_count,TRUE,sa,-8,0.24048736999885,0.192771303644952,-0.137344385145257,0.618319125142956
important_degree_top3,rolling5,exact1,nevertreated,pc_score,knowledge_level_pc_score,high,downstream_outcomes,overall_new_release_count,TRUE,sa,-7,0.395594118920479,0.313440442614552,-0.218749148604043,1.009937386445
important_degree_top3,rolling5,exact1,nevertreated,pc_score,knowledge_level_pc_score,high,downstream_outcomes,overall_new_release_count,TRUE,sa,-6,0.501927054827125,0.263226209361583,-0.013996315521578,1.01785042517583
important_degree_top3,rolling5,exact1,nevertreated,pc_score,knowledge_level_pc_score,high,downstream_outcomes,overall_new_release_count,TRUE,sa,-5,-0.0316000427621573,0.172450693703087,-0.369603402420209,0.306403316895894
important_degree_top3,rolling5,exact1,nevertreated,pc_score,knowledge_level_pc_score,high,downstream_outcomes,overall_new_release_count,TRUE,sa,-4,-0.092431203964935,0.155999050209365,-0.39818934237529,0.21332693444542
important_degree_top3,rolling5,exact1,nevertreated,pc_score,knowledge_level_pc_score,high,downstream_outcomes,overall_new_release_count,TRUE,sa,-3,-0.0836598742229514,0.176028916187355,-0.428676549950168,0.261356801504265
important_degree_top3,rolling5,exact1,nevertreated,pc_score,knowledge_level_pc_score,high,downstream_outcomes,overall_new_release_count,TRUE,sa,-2,-0.0640241370525616,0.163377726088854,-0.384244480186715,0.256196206081592
important_degree_top3,rolling5,exact1,nevertreated,pc_score,knowledge_level_pc_score,high,downstream_outcomes,overall_new_release_count,TRUE,sa,-1,0,0,0,0
important_degree_top3,rolling5,exact1,nevertreated,pc_score,knowledge_level_pc_score,high,downstream_outcomes,overall_new_release_count,TRUE,sa,0,0.0223513888487515,0.30431504734532,-0.574106103948076,0.618808881645579
important_degree_top3,rolling5,exact1,nevertreated,pc_score,knowledge_level_pc_score,high,downstream_outcomes,overall_new_release_count,TRUE,sa,1,-0.602156877735014,0.139429249696144,-0.875438207139455,-0.328875548330573
important_degree_top3,rolling5,exact1,nevertreated,pc_score,knowledge_level_pc_score,high,downstream_outcomes,overall_new_release_count,TRUE,sa,2,-0.65396645978474,0.145553030901963,-0.939250400352589,-0.368682519216892
important_degree_top3,rolling5,exact1,nevertreated,pc_score,knowledge_level_pc_score,high,downstream_outcomes,overall_new_release_count,TRUE,sa,3,-0.459658910713199,0.22130307901768,-0.893412945587851,-0.0259048758385464
important_degree_top3,rolling5,exact1,nevertreated,pc_score,knowledge_level_pc_score,high,downstream_outcomes,overall_new_release_count,TRUE,sa,4,0.177825246213972,0.571338660224864,-0.94199852782676,1.2976490202547
important_degree_top3,rolling5,exact1,nevertreated,pc_score,knowledge_level_pc_score,high,downstream_outcomes,overall_new_release_count,TRUE,sa,5,0.0121383610207024,0.534083012934833,-1.03466434433157,1.05894106637297
important_degree_top3,rolling5,exact1,nevertreated,pc_score,knowledge_level_pc_score,high,downstream_outcomes,overall_new_release_count,TRUE,sa,6,-0.170126875624679,0.206253821154798,-0.574384365088083,0.234130613838725
important_degree_top3,rolling5,exact1,nevertreated,pc_score,knowledge_level_pc_score,high,downstream_outcomes,overall_new_release_count,TRUE,sa,7,-0.278192361273791,0.21446878020075,-0.698551170467261,0.142166447919679
important_degree_top3,rolling5,exact1,nevertreated,pc_score,knowledge_level_pc_score,high,downstream_outcomes,overall_new_release_count,TRUE,sa,8,-0.424147010179261,0.24528062866939,-0.904897042371265,0.0566030220127425
important_degree_top3,rolling5,exact1,nevertreated,pc_score,knowledge_level_pc_score,high,downstream_outcomes,overall_new_release_count,TRUE,sa,9,-0.358743831257268,0.439275829292208,-1.21972445667,0.50223679415546
important_degree_top3,rolling5,exact1,nevertreated,pc_score,knowledge_level_pc_score,high,downstream_outcomes,overall_new_release_count,TRUE,sa,10,-0.123494039632316,0.710188485003682,-1.51546347023953,1.2684753909749
important_degree_top3,rolling5,exact1,nevertreated,pc_score,knowledge_level_pc_score,high,downstream_outcomes,overall_new_release_count,TRUE,sa,11,-1.59647502343298,0.207921200565274,-2.00400057654092,-1.18894947032504
important_degree_top3,rolling5,exact1,nevertreated,pc_score,discussion_quality_pc_score,low,downstream_outcomes,overall_new_release_count,TRUE,sa,-15,0.193296638887169,0.366265524646378,-0.524583789419733,0.91117706719407
important_degree_top3,rolling5,exact1,nevertreated,pc_score,discussion_quality_pc_score,low,downstream_outcomes,overall_new_release_count,TRUE,sa,-14,0.11484247853147,0.351229285214924,-0.573566920489782,0.803251877552721
important_degree_top3,rolling5,exact1,nevertreated,pc_score,discussion_quality_pc_score,low,downstream_outcomes,overall_new_release_count,TRUE,sa,-13,0.271911115935794,0.292119566780044,-0.300643234953092,0.844465466824681
important_degree_top3,rolling5,exact1,nevertreated,pc_score,discussion_quality_pc_score,low,downstream_outcomes,overall_new_release_count,TRUE,sa,-12,0.384017900226308,0.259018169790454,-0.123657712562983,0.891693513015599
important_degree_top3,rolling5,exact1,nevertreated,pc_score,discussion_quality_pc_score,low,downstream_outcomes,overall_new_release_count,TRUE,sa,-11,0.296780457206093,0.226625909973288,-0.14740632634155,0.740967240753737
important_degree_top3,rolling5,exact1,nevertreated,pc_score,discussion_quality_pc_score,low,downstream_outcomes,overall_new_release_count,TRUE,sa,-10,0.0418776480994594,0.204064520219355,-0.358088811530476,0.441844107729395
important_degree_top3,rolling5,exact1,nevertreated,pc_score,discussion_quality_pc_score,low,downstream_outcomes,overall_new_release_count,TRUE,sa,-9,-0.0153194415069416,0.182838937237433,-0.373683758492311,0.343044875478428
important_degree_top3,rolling5,exact1,nevertreated,pc_score,discussion_quality_pc_score,low,downstream_outcomes,overall_new_release_count,TRUE,sa,-8,0.0484775963214225,0.171510157158698,-0.287682311709625,0.384637504352471
important_degree_top3,rolling5,exact1,nevertreated,pc_score,discussion_quality_pc_score,low,downstream_outcomes,overall_new_release_count,TRUE,sa,-7,0.0802755815467046,0.278792276943465,-0.466157281262487,0.626708444355897
important_degree_top3,rolling5,exact1,nevertreated,pc_score,discussion_quality_pc_score,low,downstream_outcomes,overall_new_release_count,TRUE,sa,-6,0.072623096594187,0.246853743865,-0.411210241381212,0.556456434569586
important_degree_top3,rolling5,exact1,nevertreated,pc_score,discussion_quality_pc_score,low,downstream_outcomes,overall_new_release_count,TRUE,sa,-5,-0.121678703077719,0.169950879374242,-0.454782426651232,0.211425020495795
important_degree_top3,rolling5,exact1,nevertreated,pc_score,discussion_quality_pc_score,low,downstream_outcomes,overall_new_release_count,TRUE,sa,-4,-0.354807379099643,0.149442263946186,-0.647714216434168,-0.0619005417651181
important_degree_top3,rolling5,exact1,nevertreated,pc_score,discussion_quality_pc_score,low,downstream_outcomes,overall_new_release_count,TRUE,sa,-3,-0.262092633382603,0.154380220582651,-0.5646778657246,0.0404925989593938
important_degree_top3,rolling5,exact1,nevertreated,pc_score,discussion_quality_pc_score,low,downstream_outcomes,overall_new_release_count,TRUE,sa,-2,-0.178425927809068,0.150112135645097,-0.472645713673457,0.115793858055322
important_degree_top3,rolling5,exact1,nevertreated,pc_score,discussion_quality_pc_score,low,downstream_outcomes,overall_new_release_count,TRUE,sa,-1,0,0,0,0
important_degree_top3,rolling5,exact1,nevertreated,pc_score,discussion_quality_pc_score,low,downstream_outcomes,overall_new_release_count,TRUE,sa,0,0.230000385709479,0.283593408903439,-0.325842695741262,0.78584346716022
important_degree_top3,rolling5,exact1,nevertreated,pc_score,discussion_quality_pc_score,low,downstream_outcomes,overall_new_release_count,TRUE,sa,1,-0.463491900008929,0.185923389846535,-0.827901744108138,-0.0990820559097194
important_degree_top3,rolling5,exact1,nevertreated,pc_score,discussion_quality_pc_score,low,downstream_outcomes,overall_new_release_count,TRUE,sa,2,-0.599615470981124,0.166956143899366,-0.926849513023883,-0.272381428938366
important_degree_top3,rolling5,exact1,nevertreated,pc_score,discussion_quality_pc_score,low,downstream_outcomes,overall_new_release_count,TRUE,sa,3,-0.532930273900942,0.220490397866922,-0.965091453720109,-0.100769094081775
important_degree_top3,rolling5,exact1,nevertreated,pc_score,discussion_quality_pc_score,low,downstream_outcomes,overall_new_release_count,TRUE,sa,4,-0.238649493291473,0.482742004797391,-1.18482382269436,0.707524836111413
important_degree_top3,rolling5,exact1,nevertreated,pc_score,discussion_quality_pc_score,low,downstream_outcomes,overall_new_release_count,TRUE,sa,5,-0.564211722007351,0.452047539496415,-1.45022489942032,0.321801455405622
important_degree_top3,rolling5,exact1,nevertreated,pc_score,discussion_quality_pc_score,low,downstream_outcomes,overall_new_release_count,TRUE,sa,6,-0.891014116412909,0.248693102435983,-1.37845259718743,-0.403575635638383
important_degree_top3,rolling5,exact1,nevertreated,pc_score,discussion_quality_pc_score,low,downstream_outcomes,overall_new_release_count,TRUE,sa,7,-0.780129065220731,0.258055062023474,-1.28591698678674,-0.274341143654722
important_degree_top3,rolling5,exact1,nevertreated,pc_score,discussion_quality_pc_score,low,downstream_outcomes,overall_new_release_count,TRUE,sa,8,-0.827529751562135,0.317650820682791,-1.45012536010041,-0.204934143023865
important_degree_top3,rolling5,exact1,nevertreated,pc_score,discussion_quality_pc_score,low,downstream_outcomes,overall_new_release_count,TRUE,sa,9,-1.26903158742561,0.367082729274614,-1.98851373680386,-0.549549438047367
important_degree_top3,rolling5,exact1,nevertreated,pc_score,discussion_quality_pc_score,low,downstream_outcomes,overall_new_release_count,TRUE,sa,10,-0.663947820506339,0.757303133063694,-2.14826196131118,0.820366320298501
important_degree_top3,rolling5,exact1,nevertreated,pc_score,discussion_quality_pc_score,low,downstream_outcomes,overall_new_release_count,TRUE,sa,11,-1.27550011105399,0.643516237602716,-2.53679193675532,-0.0142082853526708
important_degree_top3,rolling5,exact1,nevertreated,pc_score,discussion_quality_pc_score,high,downstream_outcomes,overall_new_release_count,TRUE,sa,-15,-0.159559052259273,0.247201056095135,-0.644073122205738,0.324955017687192
important_degree_top3,rolling5,exact1,nevertreated,pc_score,discussion_quality_pc_score,high,downstream_outcomes,overall_new_release_count,TRUE,sa,-14,0.318035208610275,0.266720388438351,-0.204736752728893,0.840807169949444
important_degree_top3,rolling5,exact1,nevertreated,pc_score,discussion_quality_pc_score,high,downstream_outcomes,overall_new_release_count,TRUE,sa,-13,0.308552492399242,0.264122687249117,-0.209127974609028,0.826232959407511
important_degree_top3,rolling5,exact1,nevertreated,pc_score,discussion_quality_pc_score,high,downstream_outcomes,overall_new_release_count,TRUE,sa,-12,0.301136768224082,0.219267811263913,-0.128628141853187,0.730901678301351
important_degree_top3,rolling5,exact1,nevertreated,pc_score,discussion_quality_pc_score,high,downstream_outcomes,overall_new_release_count,TRUE,sa,-11,0.354778308204815,0.204544548302128,-0.0461290064673561,0.755685622876986
important_degree_top3,rolling5,exact1,nevertreated,pc_score,discussion_quality_pc_score,high,downstream_outcomes,overall_new_release_count,TRUE,sa,-10,0.445837848077529,0.20055670045331,0.0527467151890409,0.838928980966017
important_degree_top3,rolling5,exact1,nevertreated,pc_score,discussion_quality_pc_score,high,downstream_outcomes,overall_new_release_count,TRUE,sa,-9,0.372690835980857,0.177638363645464,0.0245196432357479,0.720862028725967
important_degree_top3,rolling5,exact1,nevertreated,pc_score,discussion_quality_pc_score,high,downstream_outcomes,overall_new_release_count,TRUE,sa,-8,0.350558890219216,0.16419868971184,0.0287294583840097,0.672388322054421
important_degree_top3,rolling5,exact1,nevertreated,pc_score,discussion_quality_pc_score,high,downstream_outcomes,overall_new_release_count,TRUE,sa,-7,0.620501555133185,0.283690951207056,0.0644672907673544,1.17653581949902
important_degree_top3,rolling5,exact1,nevertreated,pc_score,discussion_quality_pc_score,high,downstream_outcomes,overall_new_release_count,TRUE,sa,-6,0.531213356251463,0.234085748366581,0.0724052894529639,0.990021423049962
important_degree_top3,rolling5,exact1,nevertreated,pc_score,discussion_quality_pc_score,high,downstream_outcomes,overall_new_release_count,TRUE,sa,-5,0.013535177914809,0.15473068876689,-0.289736972068295,0.316807327897913
important_degree_top3,rolling5,exact1,nevertreated,pc_score,discussion_quality_pc_score,high,downstream_outcomes,overall_new_release_count,TRUE,sa,-4,0.0460189611840555,0.187911403196031,-0.322287389080165,0.414325311448276
important_degree_top3,rolling5,exact1,nevertreated,pc_score,discussion_quality_pc_score,high,downstream_outcomes,overall_new_release_count,TRUE,sa,-3,0.159940356610076,0.198236268530419,-0.228602729709545,0.548483442929697
important_degree_top3,rolling5,exact1,nevertreated,pc_score,discussion_quality_pc_score,high,downstream_outcomes,overall_new_release_count,TRUE,sa,-2,0.129242332347031,0.178417174604338,-0.220455329877471,0.478939994571532
important_degree_top3,rolling5,exact1,nevertreated,pc_score,discussion_quality_pc_score,high,downstream_outcomes,overall_new_release_count,TRUE,sa,-1,0,0,0,0
important_degree_top3,rolling5,exact1,nevertreated,pc_score,discussion_quality_pc_score,high,downstream_outcomes,overall_new_release_count,TRUE,sa,0,-0.121582558817062,0.1746911521213,-0.463977216974809,0.220812099340686
important_degree_top3,rolling5,exact1,nevertreated,pc_score,discussion_quality_pc_score,high,downstream_outcomes,overall_new_release_count,TRUE,sa,1,-0.429715447955235,0.19625245235705,-0.814370254575052,-0.0450606413354174
important_degree_top3,rolling5,exact1,nevertreated,pc_score,discussion_quality_pc_score,high,downstream_outcomes,overall_new_release_count,TRUE,sa,2,-0.576613250566425,0.16084788748711,-0.89187511004116,-0.26135139109169
important_degree_top3,rolling5,exact1,nevertreated,pc_score,discussion_quality_pc_score,high,downstream_outcomes,overall_new_release_count,TRUE,sa,3,-0.504929621640366,0.177696005879022,-0.853213793163249,-0.156645450117483
important_degree_top3,rolling5,exact1,nevertreated,pc_score,discussion_quality_pc_score,high,downstream_outcomes,overall_new_release_count,TRUE,sa,4,-0.205845067251267,0.228544692536579,-0.653792664622962,0.242102530120427
important_degree_top3,rolling5,exact1,nevertreated,pc_score,discussion_quality_pc_score,high,downstream_outcomes,overall_new_release_count,TRUE,sa,5,-0.268954303585494,0.20976892408119,-0.680101394784627,0.142192787613639
important_degree_top3,rolling5,exact1,nevertreated,pc_score,discussion_quality_pc_score,high,downstream_outcomes,overall_new_release_count,TRUE,sa,6,-0.287864179064045,0.231349180108529,-0.741308572076761,0.165580213948671
important_degree_top3,rolling5,exact1,nevertreated,pc_score,discussion_quality_pc_score,high,downstream_outcomes,overall_new_release_count,TRUE,sa,7,-0.330597069078096,0.255304094859046,-0.830993095001826,0.169798956845634
important_degree_top3,rolling5,exact1,nevertreated,pc_score,discussion_quality_pc_score,high,downstream_outcomes,overall_new_release_count,TRUE,sa,8,-0.36793515635113,0.268423480252014,-0.894045177645076,0.158174864942817
important_degree_top3,rolling5,exact1,nevertreated,pc_score,discussion_quality_pc_score,high,downstream_outcomes,overall_new_release_count,TRUE,sa,9,0.122483028243019,0.406425931926468,-0.674111798332857,0.919077854818896
important_degree_top3,rolling5,exact1,nevertreated,pc_score,discussion_quality_pc_score,high,downstream_outcomes,overall_new_release_count,TRUE,sa,10,-0.613670948342233,0.239875530201607,-1.08382698753738,-0.143514909147083
important_degree_top3,rolling5,exact1,nevertreated,pc_score,discussion_quality_pc_score,high,downstream_outcomes,overall_new_release_count,TRUE,sa,11,-1.94807403373574,0.241269733682251,-2.42096271175295,-1.47518535571853
important_degree_top3,rolling5,exact1,nevertreated,pc_score,investment_in_new_talent_pc_score,low,downstream_outcomes,overall_new_release_count,TRUE,sa,-15,0.0914777132838117,0.270180481813433,-0.438076031070518,0.621031457638141
important_degree_top3,rolling5,exact1,nevertreated,pc_score,investment_in_new_talent_pc_score,low,downstream_outcomes,overall_new_release_count,TRUE,sa,-14,0.296311862864669,0.277624917470053,-0.247832975376635,0.840456701105974
important_degree_top3,rolling5,exact1,nevertreated,pc_score,investment_in_new_talent_pc_score,low,downstream_outcomes,overall_new_release_count,TRUE,sa,-13,0.463861348476776,0.22126824898957,0.0301755804572202,0.897547116496333
important_degree_top3,rolling5,exact1,nevertreated,pc_score,investment_in_new_talent_pc_score,low,downstream_outcomes,overall_new_release_count,TRUE,sa,-12,0.544368058296451,0.198658055772463,0.154998268982424,0.933737847610477
important_degree_top3,rolling5,exact1,nevertreated,pc_score,investment_in_new_talent_pc_score,low,downstream_outcomes,overall_new_release_count,TRUE,sa,-11,0.412658396285606,0.185358791654175,0.0493551646434231,0.775961627927789
important_degree_top3,rolling5,exact1,nevertreated,pc_score,investment_in_new_talent_pc_score,low,downstream_outcomes,overall_new_release_count,TRUE,sa,-10,0.201742535825269,0.212127803066609,-0.214027958185286,0.617513029835823
important_degree_top3,rolling5,exact1,nevertreated,pc_score,investment_in_new_talent_pc_score,low,downstream_outcomes,overall_new_release_count,TRUE,sa,-9,0.151867067862595,0.184207175080132,-0.209178995294464,0.512913131019655
important_degree_top3,rolling5,exact1,nevertreated,pc_score,investment_in_new_talent_pc_score,low,downstream_outcomes,overall_new_release_count,TRUE,sa,-8,0.203296688134072,0.171339280590857,-0.132528301824007,0.539121678092152
important_degree_top3,rolling5,exact1,nevertreated,pc_score,investment_in_new_talent_pc_score,low,downstream_outcomes,overall_new_release_count,TRUE,sa,-7,0.444774723567476,0.305859057119101,-0.154709028385962,1.04425847552091
important_degree_top3,rolling5,exact1,nevertreated,pc_score,investment_in_new_talent_pc_score,low,downstream_outcomes,overall_new_release_count,TRUE,sa,-6,0.458194600090507,0.254733258832824,-0.0410825872218286,0.957471787402841
important_degree_top3,rolling5,exact1,nevertreated,pc_score,investment_in_new_talent_pc_score,low,downstream_outcomes,overall_new_release_count,TRUE,sa,-5,-0.0971701698690113,0.15140688228759,-0.393927659152687,0.199587319414664
important_degree_top3,rolling5,exact1,nevertreated,pc_score,investment_in_new_talent_pc_score,low,downstream_outcomes,overall_new_release_count,TRUE,sa,-4,-0.156026225788038,0.15715273346878,-0.464045583386846,0.15199313181077
important_degree_top3,rolling5,exact1,nevertreated,pc_score,investment_in_new_talent_pc_score,low,downstream_outcomes,overall_new_release_count,TRUE,sa,-3,0.00163097066635655,0.167099931677319,-0.325884895421188,0.329146836753901
important_degree_top3,rolling5,exact1,nevertreated,pc_score,investment_in_new_talent_pc_score,low,downstream_outcomes,overall_new_release_count,TRUE,sa,-2,-0.0878237524559506,0.172363497876216,-0.425656208293334,0.250008703381433
important_degree_top3,rolling5,exact1,nevertreated,pc_score,investment_in_new_talent_pc_score,low,downstream_outcomes,overall_new_release_count,TRUE,sa,-1,0,0,0,0
important_degree_top3,rolling5,exact1,nevertreated,pc_score,investment_in_new_talent_pc_score,low,downstream_outcomes,overall_new_release_count,TRUE,sa,0,0.0598666387304963,0.206579334069291,-0.345028856045314,0.464762133506306
important_degree_top3,rolling5,exact1,nevertreated,pc_score,investment_in_new_talent_pc_score,low,downstream_outcomes,overall_new_release_count,TRUE,sa,1,-0.432167978125115,0.182034105905224,-0.788954825699354,-0.0753811305508753
important_degree_top3,rolling5,exact1,nevertreated,pc_score,investment_in_new_talent_pc_score,low,downstream_outcomes,overall_new_release_count,TRUE,sa,2,-0.449832861819784,0.155716455164345,-0.7550371139419,-0.144628609697668
important_degree_top3,rolling5,exact1,nevertreated,pc_score,investment_in_new_talent_pc_score,low,downstream_outcomes,overall_new_release_count,TRUE,sa,3,-0.327623238237784,0.214949381068409,-0.748924025131866,0.0936775486562979
important_degree_top3,rolling5,exact1,nevertreated,pc_score,investment_in_new_talent_pc_score,low,downstream_outcomes,overall_new_release_count,TRUE,sa,4,0.249206558483673,0.506320504122577,-0.743181629596578,1.24159474656392
important_degree_top3,rolling5,exact1,nevertreated,pc_score,investment_in_new_talent_pc_score,low,downstream_outcomes,overall_new_release_count,TRUE,sa,5,0.10641512655656,0.479509986186616,-0.833424446369208,1.04625469948233
important_degree_top3,rolling5,exact1,nevertreated,pc_score,investment_in_new_talent_pc_score,low,downstream_outcomes,overall_new_release_count,TRUE,sa,6,-0.293243653723717,0.225724555654178,-0.735663782805907,0.149176475358472
important_degree_top3,rolling5,exact1,nevertreated,pc_score,investment_in_new_talent_pc_score,low,downstream_outcomes,overall_new_release_count,TRUE,sa,7,-0.222390994083206,0.230425592495104,-0.674025155373609,0.229243167207198
important_degree_top3,rolling5,exact1,nevertreated,pc_score,investment_in_new_talent_pc_score,low,downstream_outcomes,overall_new_release_count,TRUE,sa,8,-0.312296473964063,0.253552219770715,-0.809258824714664,0.184665876786538
important_degree_top3,rolling5,exact1,nevertreated,pc_score,investment_in_new_talent_pc_score,low,downstream_outcomes,overall_new_release_count,TRUE,sa,9,-0.657713874723727,0.38905846537102,-1.42026846685093,0.104840717403471
important_degree_top3,rolling5,exact1,nevertreated,pc_score,investment_in_new_talent_pc_score,low,downstream_outcomes,overall_new_release_count,TRUE,sa,10,0.010390062026934,0.743227350439137,-1.44633554483378,1.46711566888764
important_degree_top3,rolling5,exact1,nevertreated,pc_score,investment_in_new_talent_pc_score,low,downstream_outcomes,overall_new_release_count,TRUE,sa,11,-1.43282288867194,0.364081481178,-2.14642259178082,-0.71922318556306
important_degree_top3,rolling5,exact1,nevertreated,pc_score,investment_in_new_talent_pc_score,high,downstream_outcomes,overall_new_release_count,TRUE,sa,-15,-0.274863609754479,0.306724083912201,-0.876042814222394,0.326315594713436
important_degree_top3,rolling5,exact1,nevertreated,pc_score,investment_in_new_talent_pc_score,high,downstream_outcomes,overall_new_release_count,TRUE,sa,-14,0.0678801804492177,0.267378270763855,-0.456181230247938,0.591941591146373
important_degree_top3,rolling5,exact1,nevertreated,pc_score,investment_in_new_talent_pc_score,high,downstream_outcomes,overall_new_release_count,TRUE,sa,-13,-0.0156858818176236,0.242201007173441,-0.490399855877569,0.459028092242321
important_degree_top3,rolling5,exact1,nevertreated,pc_score,investment_in_new_talent_pc_score,high,downstream_outcomes,overall_new_release_count,TRUE,sa,-12,-0.0325675946914872,0.207577482882086,-0.439419461140376,0.374284271757402
important_degree_top3,rolling5,exact1,nevertreated,pc_score,investment_in_new_talent_pc_score,high,downstream_outcomes,overall_new_release_count,TRUE,sa,-11,0.0936454750375433,0.186832588612467,-0.272546398642892,0.459837348717978
important_degree_top3,rolling5,exact1,nevertreated,pc_score,investment_in_new_talent_pc_score,high,downstream_outcomes,overall_new_release_count,TRUE,sa,-10,0.172146146224259,0.187394290465322,-0.195146663087772,0.539438955536289
important_degree_top3,rolling5,exact1,nevertreated,pc_score,investment_in_new_talent_pc_score,high,downstream_outcomes,overall_new_release_count,TRUE,sa,-9,0.0984095664590834,0.168420874654502,-0.23169534786374,0.428514480781907
important_degree_top3,rolling5,exact1,nevertreated,pc_score,investment_in_new_talent_pc_score,high,downstream_outcomes,overall_new_release_count,TRUE,sa,-8,0.125286647348671,0.162705268769395,-0.193615679439342,0.444188974136684
important_degree_top3,rolling5,exact1,nevertreated,pc_score,investment_in_new_talent_pc_score,high,downstream_outcomes,overall_new_release_count,TRUE,sa,-7,0.16970258537471,0.218388527084796,-0.25833892771149,0.597744098460909
important_degree_top3,rolling5,exact1,nevertreated,pc_score,investment_in_new_talent_pc_score,high,downstream_outcomes,overall_new_release_count,TRUE,sa,-6,0.0266638335669973,0.204629676768828,-0.374410332899905,0.4277380000339
important_degree_top3,rolling5,exact1,nevertreated,pc_score,investment_in_new_talent_pc_score,high,downstream_outcomes,overall_new_release_count,TRUE,sa,-5,-0.103217481818295,0.172874383485496,-0.442051273449868,0.235616309813278
important_degree_top3,rolling5,exact1,nevertreated,pc_score,investment_in_new_talent_pc_score,high,downstream_outcomes,overall_new_release_count,TRUE,sa,-4,-0.230203446342494,0.172146671789404,-0.567610923049726,0.107204030364739
important_degree_top3,rolling5,exact1,nevertreated,pc_score,investment_in_new_talent_pc_score,high,downstream_outcomes,overall_new_release_count,TRUE,sa,-3,-0.199627979102231,0.179368332344327,-0.551189910497113,0.15193395229265
important_degree_top3,rolling5,exact1,nevertreated,pc_score,investment_in_new_talent_pc_score,high,downstream_outcomes,overall_new_release_count,TRUE,sa,-2,-0.0124464143527935,0.159674443150439,-0.325408322927654,0.300515494222067
important_degree_top3,rolling5,exact1,nevertreated,pc_score,investment_in_new_talent_pc_score,high,downstream_outcomes,overall_new_release_count,TRUE,sa,-1,0,0,0,0
important_degree_top3,rolling5,exact1,nevertreated,pc_score,investment_in_new_talent_pc_score,high,downstream_outcomes,overall_new_release_count,TRUE,sa,0,0.112518929089785,0.287317326727793,-0.45062303129669,0.67566088947626
important_degree_top3,rolling5,exact1,nevertreated,pc_score,investment_in_new_talent_pc_score,high,downstream_outcomes,overall_new_release_count,TRUE,sa,1,-0.442292254143182,0.191441827932703,-0.817518236891279,-0.0670662713950843
important_degree_top3,rolling5,exact1,nevertreated,pc_score,investment_in_new_talent_pc_score,high,downstream_outcomes,overall_new_release_count,TRUE,sa,2,-0.675694719791839,0.16874087142502,-1.00642682778488,-0.3449626117988
important_degree_top3,rolling5,exact1,nevertreated,pc_score,investment_in_new_talent_pc_score,high,downstream_outcomes,overall_new_release_count,TRUE,sa,3,-0.629310993598717,0.189500917550817,-1.00073279199832,-0.257889195199115
important_degree_top3,rolling5,exact1,nevertreated,pc_score,investment_in_new_talent_pc_score,high,downstream_outcomes,overall_new_release_count,TRUE,sa,4,-0.702436981980212,0.219410669441551,-1.13248189408565,-0.272392069874772
important_degree_top3,rolling5,exact1,nevertreated,pc_score,investment_in_new_talent_pc_score,high,downstream_outcomes,overall_new_release_count,TRUE,sa,5,-0.943515776450893,0.197399189689695,-1.3304181882427,-0.55661336465909
important_degree_top3,rolling5,exact1,nevertreated,pc_score,investment_in_new_talent_pc_score,high,downstream_outcomes,overall_new_release_count,TRUE,sa,6,-0.911098560235365,0.254704079305362,-1.41031855567387,-0.411878564796855
important_degree_top3,rolling5,exact1,nevertreated,pc_score,investment_in_new_talent_pc_score,high,downstream_outcomes,overall_new_release_count,TRUE,sa,7,-0.935931029734975,0.268374068863498,-1.46194420470743,-0.409917854762519
important_degree_top3,rolling5,exact1,nevertreated,pc_score,investment_in_new_talent_pc_score,high,downstream_outcomes,overall_new_release_count,TRUE,sa,8,-0.880458259421561,0.344914888449599,-1.55649144078277,-0.204425078060347
important_degree_top3,rolling5,exact1,nevertreated,pc_score,investment_in_new_talent_pc_score,high,downstream_outcomes,overall_new_release_count,TRUE,sa,9,-0.661694753157128,0.398796196810862,-1.44333529890642,0.119945792592162
important_degree_top3,rolling5,exact1,nevertreated,pc_score,investment_in_new_talent_pc_score,high,downstream_outcomes,overall_new_release_count,TRUE,sa,10,-1.37151393328009,0.403414957258026,-2.16220724950582,-0.580820617054359
important_degree_top3,rolling5,exact1,nevertreated,pc_score,investment_in_new_talent_pc_score,high,downstream_outcomes,overall_new_release_count,TRUE,sa,11,-0.642142076950101,1.23033681860156,-3.05360224140917,1.76931808750896
important_degree_top3,rolling5,exact1,nevertreated,pc_score,problem_solving_routines_pc_score,low,downstream_outcomes,overall_new_release_count,TRUE,sa,-15,-0.550350024469014,0.281969409943786,-1.10301006795883,0.0023100190208063
important_degree_top3,rolling5,exact1,nevertreated,pc_score,problem_solving_routines_pc_score,low,downstream_outcomes,overall_new_release_count,TRUE,sa,-14,0.209046382527936,0.289944003779811,-0.359243864880492,0.777336629936365
important_degree_top3,rolling5,exact1,nevertreated,pc_score,problem_solving_routines_pc_score,low,downstream_outcomes,overall_new_release_count,TRUE,sa,-13,0.356437105604298,0.238588026980772,-0.111195427278015,0.82406963848661
important_degree_top3,rolling5,exact1,nevertreated,pc_score,problem_solving_routines_pc_score,low,downstream_outcomes,overall_new_release_count,TRUE,sa,-12,0.529210541411691,0.203791019467328,0.129780143255729,0.928640939567654
important_degree_top3,rolling5,exact1,nevertreated,pc_score,problem_solving_routines_pc_score,low,downstream_outcomes,overall_new_release_count,TRUE,sa,-11,0.455639693801112,0.191066156178708,0.0811500276908435,0.830129359911381
important_degree_top3,rolling5,exact1,nevertreated,pc_score,problem_solving_routines_pc_score,low,downstream_outcomes,overall_new_release_count,TRUE,sa,-10,0.27076672491477,0.237415249240243,-0.194567163596106,0.736100613425645
important_degree_top3,rolling5,exact1,nevertreated,pc_score,problem_solving_routines_pc_score,low,downstream_outcomes,overall_new_release_count,TRUE,sa,-9,0.195643594113795,0.205619143139842,-0.207369926440295,0.598657114667884
important_degree_top3,rolling5,exact1,nevertreated,pc_score,problem_solving_routines_pc_score,low,downstream_outcomes,overall_new_release_count,TRUE,sa,-8,0.286760614392969,0.174295420872538,-0.0548584105172054,0.628379639303144
important_degree_top3,rolling5,exact1,nevertreated,pc_score,problem_solving_routines_pc_score,low,downstream_outcomes,overall_new_release_count,TRUE,sa,-7,0.27745185910994,0.195900982755877,-0.106514067091578,0.661417785311458
important_degree_top3,rolling5,exact1,nevertreated,pc_score,problem_solving_routines_pc_score,low,downstream_outcomes,overall_new_release_count,TRUE,sa,-6,0.384392718479142,0.249742426708543,-0.105102437869602,0.873887874827886
important_degree_top3,rolling5,exact1,nevertreated,pc_score,problem_solving_routines_pc_score,low,downstream_outcomes,overall_new_release_count,TRUE,sa,-5,-0.0198522119864487,0.164260908749917,-0.341803593136286,0.302099169163388
important_degree_top3,rolling5,exact1,nevertreated,pc_score,problem_solving_routines_pc_score,low,downstream_outcomes,overall_new_release_count,TRUE,sa,-4,-0.0966783811431212,0.160076079096906,-0.410427496173056,0.217070733886814
important_degree_top3,rolling5,exact1,nevertreated,pc_score,problem_solving_routines_pc_score,low,downstream_outcomes,overall_new_release_count,TRUE,sa,-3,0.0322859385259934,0.189007698066449,-0.338169149684247,0.402741026736233
important_degree_top3,rolling5,exact1,nevertreated,pc_score,problem_solving_routines_pc_score,low,downstream_outcomes,overall_new_release_count,TRUE,sa,-2,-0.017623298085702,0.193028121729657,-0.39595841667583,0.360711820504426
important_degree_top3,rolling5,exact1,nevertreated,pc_score,problem_solving_routines_pc_score,low,downstream_outcomes,overall_new_release_count,TRUE,sa,-1,0,0,0,0
important_degree_top3,rolling5,exact1,nevertreated,pc_score,problem_solving_routines_pc_score,low,downstream_outcomes,overall_new_release_count,TRUE,sa,0,0.102676958114647,0.29526162152438,-0.476035820073139,0.681389736302432
important_degree_top3,rolling5,exact1,nevertreated,pc_score,problem_solving_routines_pc_score,low,downstream_outcomes,overall_new_release_count,TRUE,sa,1,-0.10717120669656,0.222971792691809,-0.544195920372506,0.329853506979386
important_degree_top3,rolling5,exact1,nevertreated,pc_score,problem_solving_routines_pc_score,low,downstream_outcomes,overall_new_release_count,TRUE,sa,2,-0.434366484245849,0.145814157594791,-0.720162233131639,-0.14857073536006
important_degree_top3,rolling5,exact1,nevertreated,pc_score,problem_solving_routines_pc_score,low,downstream_outcomes,overall_new_release_count,TRUE,sa,3,-0.386370790821207,0.220659999926928,-0.818864390677987,0.0461228090355724
important_degree_top3,rolling5,exact1,nevertreated,pc_score,problem_solving_routines_pc_score,low,downstream_outcomes,overall_new_release_count,TRUE,sa,4,0.611803880993943,0.543721296008705,-0.453889859183119,1.67749762117101
important_degree_top3,rolling5,exact1,nevertreated,pc_score,problem_solving_routines_pc_score,low,downstream_outcomes,overall_new_release_count,TRUE,sa,5,0.230704588112981,0.505891305447419,-0.76084237056396,1.22225154678992
important_degree_top3,rolling5,exact1,nevertreated,pc_score,problem_solving_routines_pc_score,low,downstream_outcomes,overall_new_release_count,TRUE,sa,6,-0.219465036967694,0.244492608946016,-0.698670550501885,0.259740476566497
important_degree_top3,rolling5,exact1,nevertreated,pc_score,problem_solving_routines_pc_score,low,downstream_outcomes,overall_new_release_count,TRUE,sa,7,-0.387486479555751,0.229487692687499,-0.837282357223248,0.0623093981117465
important_degree_top3,rolling5,exact1,nevertreated,pc_score,problem_solving_routines_pc_score,low,downstream_outcomes,overall_new_release_count,TRUE,sa,8,-0.393395971456136,0.271331368115264,-0.925205452962054,0.138413510049781
important_degree_top3,rolling5,exact1,nevertreated,pc_score,problem_solving_routines_pc_score,low,downstream_outcomes,overall_new_release_count,TRUE,sa,9,-0.144599078718584,0.457402100640928,-1.0411071959748,0.751909038537635
important_degree_top3,rolling5,exact1,nevertreated,pc_score,problem_solving_routines_pc_score,low,downstream_outcomes,overall_new_release_count,TRUE,sa,10,0.27062669832896,1.11494361181222,-1.91466278082299,2.45591617748091
important_degree_top3,rolling5,exact1,nevertreated,pc_score,problem_solving_routines_pc_score,low,downstream_outcomes,overall_new_release_count,TRUE,sa,11,-1.76555614185302,0.22001292721668,-2.19678147919772,-1.33433080450833
important_degree_top3,rolling5,exact1,nevertreated,pc_score,problem_solving_routines_pc_score,high,downstream_outcomes,overall_new_release_count,TRUE,sa,-15,0.590065759431827,0.346920894530445,-0.0898991938478462,1.2700307127115
important_degree_top3,rolling5,exact1,nevertreated,pc_score,problem_solving_routines_pc_score,high,downstream_outcomes,overall_new_release_count,TRUE,sa,-14,0.250091093922835,0.332317277597614,-0.401250770168489,0.901432958014159
important_degree_top3,rolling5,exact1,nevertreated,pc_score,problem_solving_routines_pc_score,high,downstream_outcomes,overall_new_release_count,TRUE,sa,-13,0.232037060395156,0.292128951230511,-0.340535684016645,0.804609804806956
important_degree_top3,rolling5,exact1,nevertreated,pc_score,problem_solving_routines_pc_score,high,downstream_outcomes,overall_new_release_count,TRUE,sa,-12,0.0909899414438092,0.273157804195199,-0.444399354778782,0.6263792376664
important_degree_top3,rolling5,exact1,nevertreated,pc_score,problem_solving_routines_pc_score,high,downstream_outcomes,overall_new_release_count,TRUE,sa,-11,0.248020529104667,0.233018020305627,-0.208694790694362,0.704735848903696
important_degree_top3,rolling5,exact1,nevertreated,pc_score,problem_solving_routines_pc_score,high,downstream_outcomes,overall_new_release_count,TRUE,sa,-10,0.245113461147277,0.216094652171805,-0.17843205710946,0.668658979404015
important_degree_top3,rolling5,exact1,nevertreated,pc_score,problem_solving_routines_pc_score,high,downstream_outcomes,overall_new_release_count,TRUE,sa,-9,0.155991501956909,0.191804542574463,-0.219945401489038,0.531928405402855
important_degree_top3,rolling5,exact1,nevertreated,pc_score,problem_solving_routines_pc_score,high,downstream_outcomes,overall_new_release_count,TRUE,sa,-8,0.182735645402296,0.179474449575122,-0.169034275764943,0.534505566569536
important_degree_top3,rolling5,exact1,nevertreated,pc_score,problem_solving_routines_pc_score,high,downstream_outcomes,overall_new_release_count,TRUE,sa,-7,0.427410939253065,0.337915734004068,-0.234903899394909,1.08972577790104
important_degree_top3,rolling5,exact1,nevertreated,pc_score,problem_solving_routines_pc_score,high,downstream_outcomes,overall_new_release_count,TRUE,sa,-6,0.197308988231562,0.235754826158139,-0.264770471038392,0.659388447501515
important_degree_top3,rolling5,exact1,nevertreated,pc_score,problem_solving_routines_pc_score,high,downstream_outcomes,overall_new_release_count,TRUE,sa,-5,-0.0909433784367724,0.164608679113811,-0.413576389499842,0.231689632626297
important_degree_top3,rolling5,exact1,nevertreated,pc_score,problem_solving_routines_pc_score,high,downstream_outcomes,overall_new_release_count,TRUE,sa,-4,-0.209081406124119,0.168035866304528,-0.538431704080995,0.120268891832757
important_degree_top3,rolling5,exact1,nevertreated,pc_score,problem_solving_routines_pc_score,high,downstream_outcomes,overall_new_release_count,TRUE,sa,-3,-0.181686134109069,0.160358069550494,-0.495987950428037,0.132615682209899
important_degree_top3,rolling5,exact1,nevertreated,pc_score,problem_solving_routines_pc_score,high,downstream_outcomes,overall_new_release_count,TRUE,sa,-2,-0.033001913405565,0.143763062624077,-0.314777516148755,0.248773689337625
important_degree_top3,rolling5,exact1,nevertreated,pc_score,problem_solving_routines_pc_score,high,downstream_outcomes,overall_new_release_count,TRUE,sa,-1,0,0,0,0
important_degree_top3,rolling5,exact1,nevertreated,pc_score,problem_solving_routines_pc_score,high,downstream_outcomes,overall_new_release_count,TRUE,sa,0,0.0320111607192518,0.194053876660568,-0.348334437535462,0.412356758973966
important_degree_top3,rolling5,exact1,nevertreated,pc_score,problem_solving_routines_pc_score,high,downstream_outcomes,overall_new_release_count,TRUE,sa,1,-0.748395820673125,0.15289802914777,-1.04807595780276,-0.448715683543495
important_degree_top3,rolling5,exact1,nevertreated,pc_score,problem_solving_routines_pc_score,high,downstream_outcomes,overall_new_release_count,TRUE,sa,2,-0.718774545637291,0.172828014626009,-1.05751745430427,-0.380031636970313
important_degree_top3,rolling5,exact1,nevertreated,pc_score,problem_solving_routines_pc_score,high,downstream_outcomes,overall_new_release_count,TRUE,sa,3,-0.617005815686479,0.191288362999177,-0.991931007164866,-0.242080624208092
important_degree_top3,rolling5,exact1,nevertreated,pc_score,problem_solving_routines_pc_score,high,downstream_outcomes,overall_new_release_count,TRUE,sa,4,-0.905353402631646,0.18560592256111,-1.26914101085142,-0.541565794411871
important_degree_top3,rolling5,exact1,nevertreated,pc_score,problem_solving_routines_pc_score,high,downstream_outcomes,overall_new_release_count,TRUE,sa,5,-0.99115729402771,0.184686537193731,-1.35314290692742,-0.629171681127997
important_degree_top3,rolling5,exact1,nevertreated,pc_score,problem_solving_routines_pc_score,high,downstream_outcomes,overall_new_release_count,TRUE,sa,6,-0.97660078651957,0.233832306749731,-1.43491210774904,-0.518289465290098
important_degree_top3,rolling5,exact1,nevertreated,pc_score,problem_solving_routines_pc_score,high,downstream_outcomes,overall_new_release_count,TRUE,sa,7,-0.777447512029618,0.270053569309445,-1.30675250787613,-0.248142516183107
important_degree_top3,rolling5,exact1,nevertreated,pc_score,problem_solving_routines_pc_score,high,downstream_outcomes,overall_new_release_count,TRUE,sa,8,-0.768965532133222,0.311911121354615,-1.38031132998827,-0.157619734278177
important_degree_top3,rolling5,exact1,nevertreated,pc_score,problem_solving_routines_pc_score,high,downstream_outcomes,overall_new_release_count,TRUE,sa,9,-1.08310845560183,0.346531084333027,-1.76230938089457,-0.403907530309102
important_degree_top3,rolling5,exact1,nevertreated,pc_score,problem_solving_routines_pc_score,high,downstream_outcomes,overall_new_release_count,TRUE,sa,10,-1.18480750962208,0.427094950813042,-2.02191361321564,-0.347701406028512
important_degree_top3,rolling5,exact1,nevertreated,pc_score,problem_solving_routines_pc_score,high,downstream_outcomes,overall_new_release_count,TRUE,sa,11,-1.23847636846948,0.745519993312829,-2.69969555536262,0.222742818423669
important_degree_top3,rolling5,exact1,nevertreated,pc_score,collaboration_pc_score,low,downstream_outcomes,overall_new_release_count,FALSE,sa,-15,-0.119877133297608,1.24036553588411,-2.55099358363047,2.31123931703525
important_degree_top3,rolling5,exact1,nevertreated,pc_score,collaboration_pc_score,low,downstream_outcomes,overall_new_release_count,FALSE,sa,-14,0.566563666608526,1.26660507880393,-1.91598228784719,3.04910962106424
important_degree_top3,rolling5,exact1,nevertreated,pc_score,collaboration_pc_score,low,downstream_outcomes,overall_new_release_count,FALSE,sa,-13,1.72228983354577,1.5327130498045,-1.28182774407104,4.72640741116259
important_degree_top3,rolling5,exact1,nevertreated,pc_score,collaboration_pc_score,low,downstream_outcomes,overall_new_release_count,FALSE,sa,-12,1.89667928725977,1.16125604441976,-0.37938255980295,4.1727411343225
important_degree_top3,rolling5,exact1,nevertreated,pc_score,collaboration_pc_score,low,downstream_outcomes,overall_new_release_count,FALSE,sa,-11,2.23907208545565,1.35225131555782,-0.411340493037673,4.88948466394897
important_degree_top3,rolling5,exact1,nevertreated,pc_score,collaboration_pc_score,low,downstream_outcomes,overall_new_release_count,FALSE,sa,-10,2.07602948725158,1.33514701207817,-0.540858656421637,4.6929176309248
important_degree_top3,rolling5,exact1,nevertreated,pc_score,collaboration_pc_score,low,downstream_outcomes,overall_new_release_count,FALSE,sa,-9,1.03459085419113,1.21016935039768,-1.33734107258833,3.40652278097058
important_degree_top3,rolling5,exact1,nevertreated,pc_score,collaboration_pc_score,low,downstream_outcomes,overall_new_release_count,FALSE,sa,-8,1.3126261081366,1.20431885666852,-1.0478388509337,3.6730910672069
important_degree_top3,rolling5,exact1,nevertreated,pc_score,collaboration_pc_score,low,downstream_outcomes,overall_new_release_count,FALSE,sa,-7,0.344530713561657,1.06411129025794,-1.7411274153439,2.43018884246721
important_degree_top3,rolling5,exact1,nevertreated,pc_score,collaboration_pc_score,low,downstream_outcomes,overall_new_release_count,FALSE,sa,-6,0.0600695520573378,0.957504496318931,-1.81663926072777,1.93677836484244
important_degree_top3,rolling5,exact1,nevertreated,pc_score,collaboration_pc_score,low,downstream_outcomes,overall_new_release_count,FALSE,sa,-5,0.0757839552552392,0.83998497437644,-1.57058659452258,1.72215450503306
important_degree_top3,rolling5,exact1,nevertreated,pc_score,collaboration_pc_score,low,downstream_outcomes,overall_new_release_count,FALSE,sa,-4,0.874007863241819,1.03235585643723,-1.14940961537516,2.8974253418588
important_degree_top3,rolling5,exact1,nevertreated,pc_score,collaboration_pc_score,low,downstream_outcomes,overall_new_release_count,FALSE,sa,-3,0.123826371077763,0.727618576863442,-1.30230603957458,1.54995878173011
important_degree_top3,rolling5,exact1,nevertreated,pc_score,collaboration_pc_score,low,downstream_outcomes,overall_new_release_count,FALSE,sa,-2,0.282519690210446,0.59614793903397,-0.885930270296135,1.45096965071703
important_degree_top3,rolling5,exact1,nevertreated,pc_score,collaboration_pc_score,low,downstream_outcomes,overall_new_release_count,FALSE,sa,-1,0,0,0,0
important_degree_top3,rolling5,exact1,nevertreated,pc_score,collaboration_pc_score,low,downstream_outcomes,overall_new_release_count,FALSE,sa,0,-0.648490107350016,0.618954959403057,-1.86164182778001,0.564661613079975
important_degree_top3,rolling5,exact1,nevertreated,pc_score,collaboration_pc_score,low,downstream_outcomes,overall_new_release_count,FALSE,sa,1,-1.82313127996565,0.624913307152677,-3.04796136198489,-0.5983011979464
important_degree_top3,rolling5,exact1,nevertreated,pc_score,collaboration_pc_score,low,downstream_outcomes,overall_new_release_count,FALSE,sa,2,-1.45192066636688,0.685322662697846,-2.79515308525466,-0.108688247479104
important_degree_top3,rolling5,exact1,nevertreated,pc_score,collaboration_pc_score,low,downstream_outcomes,overall_new_release_count,FALSE,sa,3,-1.29636511081118,0.788964140691275,-2.84273482656608,0.250004604943721
important_degree_top3,rolling5,exact1,nevertreated,pc_score,collaboration_pc_score,low,downstream_outcomes,overall_new_release_count,FALSE,sa,4,-1.49152265641644,0.863964482318057,-3.18489304175984,0.201847728926948
important_degree_top3,rolling5,exact1,nevertreated,pc_score,collaboration_pc_score,low,downstream_outcomes,overall_new_release_count,FALSE,sa,5,-1.88409313734504,0.881079769021092,-3.61100948462638,-0.157176790063701
important_degree_top3,rolling5,exact1,nevertreated,pc_score,collaboration_pc_score,low,downstream_outcomes,overall_new_release_count,FALSE,sa,6,-1.57880460160275,0.947354625431743,-3.43561966744897,0.278010464243464
important_degree_top3,rolling5,exact1,nevertreated,pc_score,collaboration_pc_score,low,downstream_outcomes,overall_new_release_count,FALSE,sa,7,-1.47758306951017,1.1447654934836,-3.72132343673802,0.766157297717677
important_degree_top3,rolling5,exact1,nevertreated,pc_score,collaboration_pc_score,low,downstream_outcomes,overall_new_release_count,FALSE,sa,8,-1.44593749783769,1.36480143773377,-4.12094831579588,1.22907332012049
important_degree_top3,rolling5,exact1,nevertreated,pc_score,collaboration_pc_score,low,downstream_outcomes,overall_new_release_count,FALSE,sa,9,-2.64778370009958,1.524181783448,-5.63517999565765,0.339612595458495
important_degree_top3,rolling5,exact1,nevertreated,pc_score,collaboration_pc_score,low,downstream_outcomes,overall_new_release_count,FALSE,sa,10,-5.04916510428352,2.31594184905475,-9.58841112843083,-0.509919080136209
important_degree_top3,rolling5,exact1,nevertreated,pc_score,collaboration_pc_score,low,downstream_outcomes,overall_new_release_count,FALSE,sa,11,-3.26213456017219,1.92105781202695,-7.02740787174501,0.503138751400623
important_degree_top3,rolling5,exact1,nevertreated,pc_score,collaboration_pc_score,high,downstream_outcomes,overall_new_release_count,FALSE,sa,-15,0.74494659190859,1.89060689074826,-2.960642913958,4.45053609777518
important_degree_top3,rolling5,exact1,nevertreated,pc_score,collaboration_pc_score,high,downstream_outcomes,overall_new_release_count,FALSE,sa,-14,1.06597269846527,1.64006548958232,-2.14855566111607,4.2805010580466
important_degree_top3,rolling5,exact1,nevertreated,pc_score,collaboration_pc_score,high,downstream_outcomes,overall_new_release_count,FALSE,sa,-13,1.55660657362514,1.82287643695351,-2.01623124280374,5.12944439005403
important_degree_top3,rolling5,exact1,nevertreated,pc_score,collaboration_pc_score,high,downstream_outcomes,overall_new_release_count,FALSE,sa,-12,0.869500912433078,1.92321159700486,-2.89999381769645,4.63899564256261
important_degree_top3,rolling5,exact1,nevertreated,pc_score,collaboration_pc_score,high,downstream_outcomes,overall_new_release_count,FALSE,sa,-11,0.998907411648137,1.85240362278472,-2.63180368900991,4.62961851230618
important_degree_top3,rolling5,exact1,nevertreated,pc_score,collaboration_pc_score,high,downstream_outcomes,overall_new_release_count,FALSE,sa,-10,0.770507363206514,2.26470742304903,-3.66831918596958,5.20933391238261
important_degree_top3,rolling5,exact1,nevertreated,pc_score,collaboration_pc_score,high,downstream_outcomes,overall_new_release_count,FALSE,sa,-9,0.950229465013163,2.46733799744963,-3.88575300998811,5.78621194001444
important_degree_top3,rolling5,exact1,nevertreated,pc_score,collaboration_pc_score,high,downstream_outcomes,overall_new_release_count,FALSE,sa,-8,1.59974805502356,2.17485490804258,-2.6629675647399,5.86246367478702
important_degree_top3,rolling5,exact1,nevertreated,pc_score,collaboration_pc_score,high,downstream_outcomes,overall_new_release_count,FALSE,sa,-7,0.639514411804072,2.28176726001739,-3.83274941783,5.11177824143815
important_degree_top3,rolling5,exact1,nevertreated,pc_score,collaboration_pc_score,high,downstream_outcomes,overall_new_release_count,FALSE,sa,-6,0.32266811657945,2.15933144542295,-3.90962151644952,4.55495774960842
important_degree_top3,rolling5,exact1,nevertreated,pc_score,collaboration_pc_score,high,downstream_outcomes,overall_new_release_count,FALSE,sa,-5,-2.52079631794504,2.69684327539992,-7.80660913772888,2.7650165018388
important_degree_top3,rolling5,exact1,nevertreated,pc_score,collaboration_pc_score,high,downstream_outcomes,overall_new_release_count,FALSE,sa,-4,-3.43693559661213,2.64405253587023,-8.61927856691779,1.74540737369353
important_degree_top3,rolling5,exact1,nevertreated,pc_score,collaboration_pc_score,high,downstream_outcomes,overall_new_release_count,FALSE,sa,-3,-2.97252868724581,2.16074089140854,-7.20758083440656,1.26252345991494
important_degree_top3,rolling5,exact1,nevertreated,pc_score,collaboration_pc_score,high,downstream_outcomes,overall_new_release_count,FALSE,sa,-2,-2.36640881885967,1.43682245759662,-5.18258083574905,0.449763198029713
important_degree_top3,rolling5,exact1,nevertreated,pc_score,collaboration_pc_score,high,downstream_outcomes,overall_new_release_count,FALSE,sa,-1,0,0,0,0
important_degree_top3,rolling5,exact1,nevertreated,pc_score,collaboration_pc_score,high,downstream_outcomes,overall_new_release_count,FALSE,sa,0,-0.445475332161014,0.446500462003651,-1.32061623768817,0.429665573366143
important_degree_top3,rolling5,exact1,nevertreated,pc_score,collaboration_pc_score,high,downstream_outcomes,overall_new_release_count,FALSE,sa,1,0.114612631290915,0.712813365959543,-1.28250156598979,1.51172682857162
important_degree_top3,rolling5,exact1,nevertreated,pc_score,collaboration_pc_score,high,downstream_outcomes,overall_new_release_count,FALSE,sa,2,-1.47738126882343,1.24873804324062,-3.92490783357505,0.970145295928183
important_degree_top3,rolling5,exact1,nevertreated,pc_score,collaboration_pc_score,high,downstream_outcomes,overall_new_release_count,FALSE,sa,3,-3.04451813500717,2.57628210116095,-8.09403105328264,2.00499478326829
important_degree_top3,rolling5,exact1,nevertreated,pc_score,collaboration_pc_score,high,downstream_outcomes,overall_new_release_count,FALSE,sa,4,-3.02987840950203,2.70833326450922,-8.3382116079401,2.27845478893605
important_degree_top3,rolling5,exact1,nevertreated,pc_score,collaboration_pc_score,high,downstream_outcomes,overall_new_release_count,FALSE,sa,5,-3.17719064739756,2.71060029153766,-8.48996721881137,2.13558592401625
important_degree_top3,rolling5,exact1,nevertreated,pc_score,collaboration_pc_score,high,downstream_outcomes,overall_new_release_count,FALSE,sa,6,-3.46247273413728,3.52707746533711,-10.375544566198,3.45059909792346
important_degree_top3,rolling5,exact1,nevertreated,pc_score,collaboration_pc_score,high,downstream_outcomes,overall_new_release_count,FALSE,sa,7,-4.13460663315505,4.46749146570839,-12.8908899059435,4.6216766396334
important_degree_top3,rolling5,exact1,nevertreated,pc_score,collaboration_pc_score,high,downstream_outcomes,overall_new_release_count,FALSE,sa,8,0.468719974843845,1.68041289164482,-2.82488929278,3.76232924246769
important_degree_top3,rolling5,exact1,nevertreated,pc_score,collaboration_pc_score,high,downstream_outcomes,overall_new_release_count,FALSE,sa,9,0.706711522287519,1.81938084535614,-2.85927493461051,4.27269797918555
important_degree_top3,rolling5,exact1,nevertreated,pc_score,collaboration_pc_score,high,downstream_outcomes,overall_new_release_count,FALSE,sa,10,1.21179611555634,1.75551396818684,-2.22901126208987,4.65260349320256
important_degree_top3,rolling5,exact1,nevertreated,pc_score,collaboration_pc_score,high,downstream_outcomes,overall_new_release_count,FALSE,sa,11,-0.183796570406437,1.54665655043591,-3.21524340926082,2.84765026844795
important_degree_top3,rolling5,exact1,nevertreated,pc_score,knowledge_level_pc_score,low,downstream_outcomes,overall_new_release_count,FALSE,sa,-15,-0.733451513405285,1.8494635492837,-4.35840007000135,2.89149704319077
important_degree_top3,rolling5,exact1,nevertreated,pc_score,knowledge_level_pc_score,low,downstream_outcomes,overall_new_release_count,FALSE,sa,-14,0.89250686259387,1.6540401452161,-2.34941182202969,4.13442554721743
important_degree_top3,rolling5,exact1,nevertreated,pc_score,knowledge_level_pc_score,low,downstream_outcomes,overall_new_release_count,FALSE,sa,-13,1.9860089076569,2.2100044846902,-2.3455998823359,6.3176176976497
important_degree_top3,rolling5,exact1,nevertreated,pc_score,knowledge_level_pc_score,low,downstream_outcomes,overall_new_release_count,FALSE,sa,-12,0.428981217319004,2.00174507140542,-3.49443912263563,4.35240155727364
important_degree_top3,rolling5,exact1,nevertreated,pc_score,knowledge_level_pc_score,low,downstream_outcomes,overall_new_release_count,FALSE,sa,-11,1.02044679239466,1.87718054973359,-2.65882708508319,4.6997206698725
important_degree_top3,rolling5,exact1,nevertreated,pc_score,knowledge_level_pc_score,low,downstream_outcomes,overall_new_release_count,FALSE,sa,-10,1.69607320336976,1.8015758556375,-1.83501547367973,5.22716188041925
important_degree_top3,rolling5,exact1,nevertreated,pc_score,knowledge_level_pc_score,low,downstream_outcomes,overall_new_release_count,FALSE,sa,-9,0.290749807008425,2.02341548294644,-3.67514453956659,4.25664415358344
important_degree_top3,rolling5,exact1,nevertreated,pc_score,knowledge_level_pc_score,low,downstream_outcomes,overall_new_release_count,FALSE,sa,-8,0.841723337442248,1.77651014360814,-2.6402365440297,4.3236832189142
important_degree_top3,rolling5,exact1,nevertreated,pc_score,knowledge_level_pc_score,low,downstream_outcomes,overall_new_release_count,FALSE,sa,-7,-0.188066625091644,1.49270873321532,-3.11377574219367,2.73764249201038
important_degree_top3,rolling5,exact1,nevertreated,pc_score,knowledge_level_pc_score,low,downstream_outcomes,overall_new_release_count,FALSE,sa,-6,-1.48909575352428,1.60293313611306,-4.63084470030588,1.65265319325731
important_degree_top3,rolling5,exact1,nevertreated,pc_score,knowledge_level_pc_score,low,downstream_outcomes,overall_new_release_count,FALSE,sa,-5,-2.5821961798882,2.23489788853962,-6.96259604142586,1.79820368164946
important_degree_top3,rolling5,exact1,nevertreated,pc_score,knowledge_level_pc_score,low,downstream_outcomes,overall_new_release_count,FALSE,sa,-4,-2.44539417612072,2.28444245062377,-6.92290137934332,2.03211302710187
important_degree_top3,rolling5,exact1,nevertreated,pc_score,knowledge_level_pc_score,low,downstream_outcomes,overall_new_release_count,FALSE,sa,-3,-2.67530203144565,1.84092833380052,-6.28352156569467,0.932917502803363
important_degree_top3,rolling5,exact1,nevertreated,pc_score,knowledge_level_pc_score,low,downstream_outcomes,overall_new_release_count,FALSE,sa,-2,-1.98933075366322,1.23566856201992,-4.41124113522226,0.432579627895825
important_degree_top3,rolling5,exact1,nevertreated,pc_score,knowledge_level_pc_score,low,downstream_outcomes,overall_new_release_count,FALSE,sa,-1,0,0,0,0
important_degree_top3,rolling5,exact1,nevertreated,pc_score,knowledge_level_pc_score,low,downstream_outcomes,overall_new_release_count,FALSE,sa,0,-0.555982940947515,0.636060624755767,-1.80266176546882,0.690695883573789
important_degree_top3,rolling5,exact1,nevertreated,pc_score,knowledge_level_pc_score,low,downstream_outcomes,overall_new_release_count,FALSE,sa,1,-0.611364308805657,0.867983257186642,-2.31261149289148,1.08988287528016
important_degree_top3,rolling5,exact1,nevertreated,pc_score,knowledge_level_pc_score,low,downstream_outcomes,overall_new_release_count,FALSE,sa,2,-1.59117597031237,1.22929565943347,-4.00059546280198,0.818243522177237
important_degree_top3,rolling5,exact1,nevertreated,pc_score,knowledge_level_pc_score,low,downstream_outcomes,overall_new_release_count,FALSE,sa,3,-2.52312901468803,2.22264685914054,-6.87951685860349,1.83325882922743
important_degree_top3,rolling5,exact1,nevertreated,pc_score,knowledge_level_pc_score,low,downstream_outcomes,overall_new_release_count,FALSE,sa,4,-2.90432096515244,2.32552317192454,-7.46234638212455,1.65370445181966
important_degree_top3,rolling5,exact1,nevertreated,pc_score,knowledge_level_pc_score,low,downstream_outcomes,overall_new_release_count,FALSE,sa,5,-3.57937256473966,2.34006987340906,-8.16590951662141,1.0071643871421
important_degree_top3,rolling5,exact1,nevertreated,pc_score,knowledge_level_pc_score,low,downstream_outcomes,overall_new_release_count,FALSE,sa,6,-3.64710802955446,2.9186288779162,-9.36762063027021,2.0734045711613
important_degree_top3,rolling5,exact1,nevertreated,pc_score,knowledge_level_pc_score,low,downstream_outcomes,overall_new_release_count,FALSE,sa,7,-3.74924348894156,3.57651092385486,-10.7592048996971,3.26071792181396
important_degree_top3,rolling5,exact1,nevertreated,pc_score,knowledge_level_pc_score,low,downstream_outcomes,overall_new_release_count,FALSE,sa,8,-0.201061035364283,1.97341630573937,-4.06895699461345,3.66683492388488
important_degree_top3,rolling5,exact1,nevertreated,pc_score,knowledge_level_pc_score,low,downstream_outcomes,overall_new_release_count,FALSE,sa,9,-1.07955692247967,2.11066067393569,-5.21645184339362,3.05733799843428
important_degree_top3,rolling5,exact1,nevertreated,pc_score,knowledge_level_pc_score,low,downstream_outcomes,overall_new_release_count,FALSE,sa,10,-6.41822768991642,3.9572693035709,-14.1744755249154,1.33802014508254
important_degree_top3,rolling5,exact1,nevertreated,pc_score,knowledge_level_pc_score,low,downstream_outcomes,overall_new_release_count,FALSE,sa,11,-2.76995870785476,3.37220826067626,-9.37948689878023,3.83956948307071
important_degree_top3,rolling5,exact1,nevertreated,pc_score,knowledge_level_pc_score,high,downstream_outcomes,overall_new_release_count,FALSE,sa,-15,1.51202970516196,1.20527407101191,-0.850307474021381,3.87436688434531
important_degree_top3,rolling5,exact1,nevertreated,pc_score,knowledge_level_pc_score,high,downstream_outcomes,overall_new_release_count,FALSE,sa,-14,0.852918189678533,1.16498952935724,-1.43046128786166,3.13629766721873
important_degree_top3,rolling5,exact1,nevertreated,pc_score,knowledge_level_pc_score,high,downstream_outcomes,overall_new_release_count,FALSE,sa,-13,2.33290402916765,1.25182368447825,-0.120670392409723,4.78647845074503
important_degree_top3,rolling5,exact1,nevertreated,pc_score,knowledge_level_pc_score,high,downstream_outcomes,overall_new_release_count,FALSE,sa,-12,2.8145292080653,1.12856261557431,0.602546481539656,5.02651193459095
important_degree_top3,rolling5,exact1,nevertreated,pc_score,knowledge_level_pc_score,high,downstream_outcomes,overall_new_release_count,FALSE,sa,-11,2.62550910400855,1.14857014433797,0.374311621106118,4.87670658691097
important_degree_top3,rolling5,exact1,nevertreated,pc_score,knowledge_level_pc_score,high,downstream_outcomes,overall_new_release_count,FALSE,sa,-10,2.80983920757135,1.19047498532077,0.47650823634264,5.14317017880007
important_degree_top3,rolling5,exact1,nevertreated,pc_score,knowledge_level_pc_score,high,downstream_outcomes,overall_new_release_count,FALSE,sa,-9,2.826238435163,1.17102819154651,0.531023179731846,5.12145369059415
important_degree_top3,rolling5,exact1,nevertreated,pc_score,knowledge_level_pc_score,high,downstream_outcomes,overall_new_release_count,FALSE,sa,-8,3.13141638208157,1.1572241501068,0.863257047872238,5.39957571629091
important_degree_top3,rolling5,exact1,nevertreated,pc_score,knowledge_level_pc_score,high,downstream_outcomes,overall_new_release_count,FALSE,sa,-7,2.46957055277375,1.14207528429602,0.231102995553552,4.70803810999396
important_degree_top3,rolling5,exact1,nevertreated,pc_score,knowledge_level_pc_score,high,downstream_outcomes,overall_new_release_count,FALSE,sa,-6,2.87738071019603,1.09341422657054,0.734288826117763,5.0204725942743
important_degree_top3,rolling5,exact1,nevertreated,pc_score,knowledge_level_pc_score,high,downstream_outcomes,overall_new_release_count,FALSE,sa,-5,1.21969680206133,0.788783153606149,-0.326318179006725,2.76571178312938
important_degree_top3,rolling5,exact1,nevertreated,pc_score,knowledge_level_pc_score,high,downstream_outcomes,overall_new_release_count,FALSE,sa,-4,0.947267464238499,0.749512322279002,-0.521776687428345,2.41631161590534
important_degree_top3,rolling5,exact1,nevertreated,pc_score,knowledge_level_pc_score,high,downstream_outcomes,overall_new_release_count,FALSE,sa,-3,0.580105613541251,0.535782218728556,-0.47002753516672,1.63023876224922
important_degree_top3,rolling5,exact1,nevertreated,pc_score,knowledge_level_pc_score,high,downstream_outcomes,overall_new_release_count,FALSE,sa,-2,0.354210945757193,0.407429759901062,-0.444351383648889,1.15277327516327
important_degree_top3,rolling5,exact1,nevertreated,pc_score,knowledge_level_pc_score,high,downstream_outcomes,overall_new_release_count,FALSE,sa,-1,0,0,0,0
important_degree_top3,rolling5,exact1,nevertreated,pc_score,knowledge_level_pc_score,high,downstream_outcomes,overall_new_release_count,FALSE,sa,0,-0.441565987741573,0.388878703002027,-1.20376824562554,0.3206362701424
important_degree_top3,rolling5,exact1,nevertreated,pc_score,knowledge_level_pc_score,high,downstream_outcomes,overall_new_release_count,FALSE,sa,1,-1.14313076865643,0.385812670281776,-1.89932360240871,-0.386937934904149
important_degree_top3,rolling5,exact1,nevertreated,pc_score,knowledge_level_pc_score,high,downstream_outcomes,overall_new_release_count,FALSE,sa,2,-0.9571138512225,0.453961576549765,-1.84687854126004,-0.0673491611849604
important_degree_top3,rolling5,exact1,nevertreated,pc_score,knowledge_level_pc_score,high,downstream_outcomes,overall_new_release_count,FALSE,sa,3,-1.0018028249481,0.471584549414266,-1.92610854180006,-0.0774971080961367
important_degree_top3,rolling5,exact1,nevertreated,pc_score,knowledge_level_pc_score,high,downstream_outcomes,overall_new_release_count,FALSE,sa,4,-0.773716890372163,0.609625111121385,-1.96858210817008,0.421148327425752
important_degree_top3,rolling5,exact1,nevertreated,pc_score,knowledge_level_pc_score,high,downstream_outcomes,overall_new_release_count,FALSE,sa,5,-0.669891753760148,0.630804595514681,-1.90626876096892,0.566485253448627
important_degree_top3,rolling5,exact1,nevertreated,pc_score,knowledge_level_pc_score,high,downstream_outcomes,overall_new_release_count,FALSE,sa,6,-0.317558461235065,0.722902219501321,-1.73444681145765,1.09932988898752
important_degree_top3,rolling5,exact1,nevertreated,pc_score,knowledge_level_pc_score,high,downstream_outcomes,overall_new_release_count,FALSE,sa,7,-0.463479901652544,0.777960094239217,-1.98828168636141,1.06132188305632
important_degree_top3,rolling5,exact1,nevertreated,pc_score,knowledge_level_pc_score,high,downstream_outcomes,overall_new_release_count,FALSE,sa,8,-0.662900950790663,0.922221045499219,-2.47045419996913,1.14465229838781
important_degree_top3,rolling5,exact1,nevertreated,pc_score,knowledge_level_pc_score,high,downstream_outcomes,overall_new_release_count,FALSE,sa,9,-1.37647994380096,1.22466638596458,-3.77682606029155,1.02386617268962
important_degree_top3,rolling5,exact1,nevertreated,pc_score,knowledge_level_pc_score,high,downstream_outcomes,overall_new_release_count,FALSE,sa,10,-1.10962736916021,1.36701732257909,-3.78898132141524,1.56972658309481
important_degree_top3,rolling5,exact1,nevertreated,pc_score,knowledge_level_pc_score,high,downstream_outcomes,overall_new_release_count,FALSE,sa,11,-1.24860510970152,1.41535901419477,-4.02270877752326,1.52549855812022
important_degree_top3,rolling5,exact1,nevertreated,pc_score,discussion_quality_pc_score,low,downstream_outcomes,overall_new_release_count,FALSE,sa,-15,1.5720689996146,2.11685639149006,-2.57696952770592,5.72110752693513
important_degree_top3,rolling5,exact1,nevertreated,pc_score,discussion_quality_pc_score,low,downstream_outcomes,overall_new_release_count,FALSE,sa,-14,2.67191300158118,2.02158290034905,-1.29038948310295,6.63421548626532
important_degree_top3,rolling5,exact1,nevertreated,pc_score,discussion_quality_pc_score,low,downstream_outcomes,overall_new_release_count,FALSE,sa,-13,3.42236647363989,1.82276377219538,-0.150250519863051,6.99498346714282
important_degree_top3,rolling5,exact1,nevertreated,pc_score,discussion_quality_pc_score,low,downstream_outcomes,overall_new_release_count,FALSE,sa,-12,3.42651129586337,1.6392029922747,0.213673431004947,6.63934916072178
important_degree_top3,rolling5,exact1,nevertreated,pc_score,discussion_quality_pc_score,low,downstream_outcomes,overall_new_release_count,FALSE,sa,-11,3.19723095788201,1.46864329694383,0.318690095872101,6.07577181989192
important_degree_top3,rolling5,exact1,nevertreated,pc_score,discussion_quality_pc_score,low,downstream_outcomes,overall_new_release_count,FALSE,sa,-10,3.19177445559473,1.43890824845647,0.371514288620054,6.01203462256941
important_degree_top3,rolling5,exact1,nevertreated,pc_score,discussion_quality_pc_score,low,downstream_outcomes,overall_new_release_count,FALSE,sa,-9,2.38276929574185,1.37726301014463,-0.316666204141628,5.08220479562532
important_degree_top3,rolling5,exact1,nevertreated,pc_score,discussion_quality_pc_score,low,downstream_outcomes,overall_new_release_count,FALSE,sa,-8,3.06165779236729,1.44698977372544,0.225557835865422,5.89775774886916
important_degree_top3,rolling5,exact1,nevertreated,pc_score,discussion_quality_pc_score,low,downstream_outcomes,overall_new_release_count,FALSE,sa,-7,1.62207354817968,1.30872063964466,-0.943018905523859,4.18716600188321
important_degree_top3,rolling5,exact1,nevertreated,pc_score,discussion_quality_pc_score,low,downstream_outcomes,overall_new_release_count,FALSE,sa,-6,1.93063312011259,1.36417987743162,-0.743159439653387,4.60442567987856
important_degree_top3,rolling5,exact1,nevertreated,pc_score,discussion_quality_pc_score,low,downstream_outcomes,overall_new_release_count,FALSE,sa,-5,0.667861547502752,1.22792106146459,-1.73886373296785,3.07458682797335
important_degree_top3,rolling5,exact1,nevertreated,pc_score,discussion_quality_pc_score,low,downstream_outcomes,overall_new_release_count,FALSE,sa,-4,0.590175043859955,1.25304231643738,-1.8657878963573,3.04613798407721
important_degree_top3,rolling5,exact1,nevertreated,pc_score,discussion_quality_pc_score,low,downstream_outcomes,overall_new_release_count,FALSE,sa,-3,-0.0191491124161835,0.881556445388402,-1.74699974537745,1.70870152054508
important_degree_top3,rolling5,exact1,nevertreated,pc_score,discussion_quality_pc_score,low,downstream_outcomes,overall_new_release_count,FALSE,sa,-2,-0.476340692840266,0.666565775839713,-1.7828096134861,0.830128227805571
important_degree_top3,rolling5,exact1,nevertreated,pc_score,discussion_quality_pc_score,low,downstream_outcomes,overall_new_release_count,FALSE,sa,-1,0,0,0,0
important_degree_top3,rolling5,exact1,nevertreated,pc_score,discussion_quality_pc_score,low,downstream_outcomes,overall_new_release_count,FALSE,sa,0,-1.09838409324918,0.56600974065143,-2.20776318492598,0.0109949984276272
important_degree_top3,rolling5,exact1,nevertreated,pc_score,discussion_quality_pc_score,low,downstream_outcomes,overall_new_release_count,FALSE,sa,1,-1.77520749729646,0.681962693710006,-3.11185437696808,-0.438560617624852
important_degree_top3,rolling5,exact1,nevertreated,pc_score,discussion_quality_pc_score,low,downstream_outcomes,overall_new_release_count,FALSE,sa,2,-1.88796968160517,0.833762354349824,-3.52214389613082,-0.253795467079512
important_degree_top3,rolling5,exact1,nevertreated,pc_score,discussion_quality_pc_score,low,downstream_outcomes,overall_new_release_count,FALSE,sa,3,-2.08297977149692,0.950018133069585,-3.94501531231331,-0.220944230680537
important_degree_top3,rolling5,exact1,nevertreated,pc_score,discussion_quality_pc_score,low,downstream_outcomes,overall_new_release_count,FALSE,sa,4,-2.23041449295476,1.06833789711774,-4.32435677130554,-0.136472214603987
important_degree_top3,rolling5,exact1,nevertreated,pc_score,discussion_quality_pc_score,low,downstream_outcomes,overall_new_release_count,FALSE,sa,5,-2.67241290303243,1.11535095383256,-4.85850077254425,-0.486325033520609
important_degree_top3,rolling5,exact1,nevertreated,pc_score,discussion_quality_pc_score,low,downstream_outcomes,overall_new_release_count,FALSE,sa,6,-2.22776338031848,1.27005067713312,-4.7170627074994,0.261535946862433
important_degree_top3,rolling5,exact1,nevertreated,pc_score,discussion_quality_pc_score,low,downstream_outcomes,overall_new_release_count,FALSE,sa,7,-2.28939642724293,1.40604748694099,-5.04524950164727,0.466456647161417
important_degree_top3,rolling5,exact1,nevertreated,pc_score,discussion_quality_pc_score,low,downstream_outcomes,overall_new_release_count,FALSE,sa,8,-2.7153975850074,1.84710109390927,-6.33571572906957,0.904920559054768
important_degree_top3,rolling5,exact1,nevertreated,pc_score,discussion_quality_pc_score,low,downstream_outcomes,overall_new_release_count,FALSE,sa,9,-3.8844713722504,2.02964691670242,-7.86257932898715,0.0936365844863474
important_degree_top3,rolling5,exact1,nevertreated,pc_score,discussion_quality_pc_score,low,downstream_outcomes,overall_new_release_count,FALSE,sa,10,-4.67411866635206,2.7038261812905,-9.97361798168144,0.625380648977319
important_degree_top3,rolling5,exact1,nevertreated,pc_score,discussion_quality_pc_score,low,downstream_outcomes,overall_new_release_count,FALSE,sa,11,-3.49493376968702,2.25775992403755,-7.92014322080062,0.930275681426567
important_degree_top3,rolling5,exact1,nevertreated,pc_score,discussion_quality_pc_score,high,downstream_outcomes,overall_new_release_count,FALSE,sa,-15,0.553493071356385,0.761788918003211,-0.939613207929907,2.04659935064268
important_degree_top3,rolling5,exact1,nevertreated,pc_score,discussion_quality_pc_score,high,downstream_outcomes,overall_new_release_count,FALSE,sa,-14,0.219423473287077,0.900461127525435,-1.54548033666278,1.98432728323693
important_degree_top3,rolling5,exact1,nevertreated,pc_score,discussion_quality_pc_score,high,downstream_outcomes,overall_new_release_count,FALSE,sa,-13,0.620580793670927,1.17988475101411,-1.69199331831673,2.93315490565858
important_degree_top3,rolling5,exact1,nevertreated,pc_score,discussion_quality_pc_score,high,downstream_outcomes,overall_new_release_count,FALSE,sa,-12,1.52620768582155,1.356305868854,-1.13215181713228,4.18456718877539
important_degree_top3,rolling5,exact1,nevertreated,pc_score,discussion_quality_pc_score,high,downstream_outcomes,overall_new_release_count,FALSE,sa,-11,1.71221692125335,1.13292472668707,-0.508315543053303,3.93274938556
important_degree_top3,rolling5,exact1,nevertreated,pc_score,discussion_quality_pc_score,high,downstream_outcomes,overall_new_release_count,FALSE,sa,-10,2.13853784634325,1.1301229218231,-0.0765030804300255,4.35357877311653
important_degree_top3,rolling5,exact1,nevertreated,pc_score,discussion_quality_pc_score,high,downstream_outcomes,overall_new_release_count,FALSE,sa,-9,1.5136977282745,1.54935402402322,-1.52303615881101,4.55043161536002
important_degree_top3,rolling5,exact1,nevertreated,pc_score,discussion_quality_pc_score,high,downstream_outcomes,overall_new_release_count,FALSE,sa,-8,1.14695248514059,1.72022475627626,-2.22468803716087,4.51859300744205
important_degree_top3,rolling5,exact1,nevertreated,pc_score,discussion_quality_pc_score,high,downstream_outcomes,overall_new_release_count,FALSE,sa,-7,0.902155975975266,1.87782033753029,-2.77837188558411,4.58268383753464
important_degree_top3,rolling5,exact1,nevertreated,pc_score,discussion_quality_pc_score,high,downstream_outcomes,overall_new_release_count,FALSE,sa,-6,0.340869089262656,1.62825453175308,-2.85050979297338,3.53224797149869
important_degree_top3,rolling5,exact1,nevertreated,pc_score,discussion_quality_pc_score,high,downstream_outcomes,overall_new_release_count,FALSE,sa,-5,-1.73593005506585,2.40581355772161,-6.4513246282002,2.9794645180685
important_degree_top3,rolling5,exact1,nevertreated,pc_score,discussion_quality_pc_score,high,downstream_outcomes,overall_new_release_count,FALSE,sa,-4,-1.73234477233352,2.40616605627529,-6.44843024263308,2.98374069796604
important_degree_top3,rolling5,exact1,nevertreated,pc_score,discussion_quality_pc_score,high,downstream_outcomes,overall_new_release_count,FALSE,sa,-3,-1.42233573073287,1.98564083404899,-5.3141917654689,2.46952030400316
important_degree_top3,rolling5,exact1,nevertreated,pc_score,discussion_quality_pc_score,high,downstream_outcomes,overall_new_release_count,FALSE,sa,-2,-0.822412864120268,1.28987337123683,-3.35056467174445,1.70573894350391
important_degree_top3,rolling5,exact1,nevertreated,pc_score,discussion_quality_pc_score,high,downstream_outcomes,overall_new_release_count,FALSE,sa,-1,0,0,0,0
important_degree_top3,rolling5,exact1,nevertreated,pc_score,discussion_quality_pc_score,high,downstream_outcomes,overall_new_release_count,FALSE,sa,0,0.170255054103731,0.549005568921361,-0.905795860982137,1.2463059691896
important_degree_top3,rolling5,exact1,nevertreated,pc_score,discussion_quality_pc_score,high,downstream_outcomes,overall_new_release_count,FALSE,sa,1,0.0190461756509404,0.618171477928516,-1.19256992108895,1.23066227239083
important_degree_top3,rolling5,exact1,nevertreated,pc_score,discussion_quality_pc_score,high,downstream_outcomes,overall_new_release_count,FALSE,sa,2,-1.02948557612109,1.05232706421964,-3.09204662199158,1.03307546974941
important_degree_top3,rolling5,exact1,nevertreated,pc_score,discussion_quality_pc_score,high,downstream_outcomes,overall_new_release_count,FALSE,sa,3,-2.12365597970855,2.27784604910534,-6.58823423595502,2.34092227653792
important_degree_top3,rolling5,exact1,nevertreated,pc_score,discussion_quality_pc_score,high,downstream_outcomes,overall_new_release_count,FALSE,sa,4,-2.06116502064592,2.38719591084939,-6.74006900591072,2.61773896461889
important_degree_top3,rolling5,exact1,nevertreated,pc_score,discussion_quality_pc_score,high,downstream_outcomes,overall_new_release_count,FALSE,sa,5,-2.21030432340882,2.37541134638212,-6.86611056231777,2.44550191550013
important_degree_top3,rolling5,exact1,nevertreated,pc_score,discussion_quality_pc_score,high,downstream_outcomes,overall_new_release_count,FALSE,sa,6,-2.79149580912609,3.10727609077778,-8.88175694705053,3.29876532879836
important_degree_top3,rolling5,exact1,nevertreated,pc_score,discussion_quality_pc_score,high,downstream_outcomes,overall_new_release_count,FALSE,sa,7,-3.04431797060353,3.96176859035615,-10.8093844077016,4.72074846649453
important_degree_top3,rolling5,exact1,nevertreated,pc_score,discussion_quality_pc_score,high,downstream_outcomes,overall_new_release_count,FALSE,sa,8,1.15794706136018,1.26675082106906,-1.32488454793518,3.64077867065554
important_degree_top3,rolling5,exact1,nevertreated,pc_score,discussion_quality_pc_score,high,downstream_outcomes,overall_new_release_count,FALSE,sa,9,1.14464057624636,1.45800479704833,-1.71304882596836,4.00232997846108
important_degree_top3,rolling5,exact1,nevertreated,pc_score,discussion_quality_pc_score,high,downstream_outcomes,overall_new_release_count,FALSE,sa,10,-0.855307242556169,1.90420215402968,-4.58754346445434,2.876928979342
important_degree_top3,rolling5,exact1,nevertreated,pc_score,discussion_quality_pc_score,high,downstream_outcomes,overall_new_release_count,FALSE,sa,11,-0.395568437206505,1.25718063603753,-2.85964248384006,2.06850560942705
important_degree_top3,rolling5,exact1,nevertreated,pc_score,investment_in_new_talent_pc_score,low,downstream_outcomes,overall_new_release_count,FALSE,sa,-15,0.37861719105192,1.01044253522919,-1.60185017799728,2.35908456010112
important_degree_top3,rolling5,exact1,nevertreated,pc_score,investment_in_new_talent_pc_score,low,downstream_outcomes,overall_new_release_count,FALSE,sa,-14,1.73756163998759,1.18491495177235,-0.584871665486224,4.0599949454614
important_degree_top3,rolling5,exact1,nevertreated,pc_score,investment_in_new_talent_pc_score,low,downstream_outcomes,overall_new_release_count,FALSE,sa,-13,2.58122903537431,1.30172504620875,0.0298479448051707,5.13261012594346
important_degree_top3,rolling5,exact1,nevertreated,pc_score,investment_in_new_talent_pc_score,low,downstream_outcomes,overall_new_release_count,FALSE,sa,-12,2.65863901148633,0.909654132674099,0.87571691144509,4.44156111152756
important_degree_top3,rolling5,exact1,nevertreated,pc_score,investment_in_new_talent_pc_score,low,downstream_outcomes,overall_new_release_count,FALSE,sa,-11,2.67813000018582,1.03177455195834,0.65585187834747,4.70040812202418
important_degree_top3,rolling5,exact1,nevertreated,pc_score,investment_in_new_talent_pc_score,low,downstream_outcomes,overall_new_release_count,FALSE,sa,-10,2.38892336374807,1.04383680988733,0.343003216368901,4.43484351112724
important_degree_top3,rolling5,exact1,nevertreated,pc_score,investment_in_new_talent_pc_score,low,downstream_outcomes,overall_new_release_count,FALSE,sa,-9,1.66063382349377,1.03136788320642,-0.360847227590818,3.68211487457837
important_degree_top3,rolling5,exact1,nevertreated,pc_score,investment_in_new_talent_pc_score,low,downstream_outcomes,overall_new_release_count,FALSE,sa,-8,1.6390561574507,0.954912592147979,-0.232572523159335,3.51068483806074
important_degree_top3,rolling5,exact1,nevertreated,pc_score,investment_in_new_talent_pc_score,low,downstream_outcomes,overall_new_release_count,FALSE,sa,-7,1.21734889812928,0.938225121575724,-0.621572340159142,3.0562701364177
important_degree_top3,rolling5,exact1,nevertreated,pc_score,investment_in_new_talent_pc_score,low,downstream_outcomes,overall_new_release_count,FALSE,sa,-6,1.41788195982914,0.876000914137551,-0.299079831880464,3.13484375153873
important_degree_top3,rolling5,exact1,nevertreated,pc_score,investment_in_new_talent_pc_score,low,downstream_outcomes,overall_new_release_count,FALSE,sa,-5,0.226558070649432,0.674173978891044,-1.09482292797701,1.54793906927588
important_degree_top3,rolling5,exact1,nevertreated,pc_score,investment_in_new_talent_pc_score,low,downstream_outcomes,overall_new_release_count,FALSE,sa,-4,0.821552191615028,0.88752804294725,-0.918002772561581,2.56110715579164
important_degree_top3,rolling5,exact1,nevertreated,pc_score,investment_in_new_talent_pc_score,low,downstream_outcomes,overall_new_release_count,FALSE,sa,-3,0.286266020491701,0.599856759612348,-0.889453228348502,1.4619852693319
important_degree_top3,rolling5,exact1,nevertreated,pc_score,investment_in_new_talent_pc_score,low,downstream_outcomes,overall_new_release_count,FALSE,sa,-2,0.0248782742132968,0.534064323929937,-1.02188780068938,1.07164434911597
important_degree_top3,rolling5,exact1,nevertreated,pc_score,investment_in_new_talent_pc_score,low,downstream_outcomes,overall_new_release_count,FALSE,sa,-1,0,0,0,0
important_degree_top3,rolling5,exact1,nevertreated,pc_score,investment_in_new_talent_pc_score,low,downstream_outcomes,overall_new_release_count,FALSE,sa,0,-0.867225046406333,0.422983539611117,-1.69627278404412,-0.0381773087685432
important_degree_top3,rolling5,exact1,nevertreated,pc_score,investment_in_new_talent_pc_score,low,downstream_outcomes,overall_new_release_count,FALSE,sa,1,-1.2960067319366,0.469497806054271,-2.21622243180298,-0.375791032070233
important_degree_top3,rolling5,exact1,nevertreated,pc_score,investment_in_new_talent_pc_score,low,downstream_outcomes,overall_new_release_count,FALSE,sa,2,-0.942122870699792,0.491888898087402,-1.9062251109511,0.0219793695515152
important_degree_top3,rolling5,exact1,nevertreated,pc_score,investment_in_new_talent_pc_score,low,downstream_outcomes,overall_new_release_count,FALSE,sa,3,-0.903472795285015,0.533956958524488,-1.95002843399301,0.143082843422981
important_degree_top3,rolling5,exact1,nevertreated,pc_score,investment_in_new_talent_pc_score,low,downstream_outcomes,overall_new_release_count,FALSE,sa,4,-0.639772443349377,0.678704096924276,-1.97003247332096,0.690487586622204
important_degree_top3,rolling5,exact1,nevertreated,pc_score,investment_in_new_talent_pc_score,low,downstream_outcomes,overall_new_release_count,FALSE,sa,5,-0.58252005521463,0.703059100440112,-1.96051589207725,0.795475781647989
important_degree_top3,rolling5,exact1,nevertreated,pc_score,investment_in_new_talent_pc_score,low,downstream_outcomes,overall_new_release_count,FALSE,sa,6,-0.0574877759822258,0.715532986721267,-1.45993242995591,1.34495687799146
important_degree_top3,rolling5,exact1,nevertreated,pc_score,investment_in_new_talent_pc_score,low,downstream_outcomes,overall_new_release_count,FALSE,sa,7,-0.130944487045173,0.787399279692718,-1.6742470752429,1.41235810115255
important_degree_top3,rolling5,exact1,nevertreated,pc_score,investment_in_new_talent_pc_score,low,downstream_outcomes,overall_new_release_count,FALSE,sa,8,-0.34030155685941,0.946760816005309,-2.19595275622981,1.51534964251099
important_degree_top3,rolling5,exact1,nevertreated,pc_score,investment_in_new_talent_pc_score,low,downstream_outcomes,overall_new_release_count,FALSE,sa,9,-1.89232106755123,1.33946113738447,-4.51766489682478,0.733022761722326
important_degree_top3,rolling5,exact1,nevertreated,pc_score,investment_in_new_talent_pc_score,low,downstream_outcomes,overall_new_release_count,FALSE,sa,10,-3.4466330853273,2.42344421529574,-8.19658374730694,1.30331757665234
important_degree_top3,rolling5,exact1,nevertreated,pc_score,investment_in_new_talent_pc_score,low,downstream_outcomes,overall_new_release_count,FALSE,sa,11,-2.70972607278329,1.62759980426012,-5.89982168913312,0.480369543566546
important_degree_top3,rolling5,exact1,nevertreated,pc_score,investment_in_new_talent_pc_score,high,downstream_outcomes,overall_new_release_count,FALSE,sa,-15,1.46029557685658,2.18864071549849,-2.82944022552046,5.75003137923361
important_degree_top3,rolling5,exact1,nevertreated,pc_score,investment_in_new_talent_pc_score,high,downstream_outcomes,overall_new_release_count,FALSE,sa,-14,1.36985636639836,1.84566548999696,-2.24764799399568,4.9873607267924
important_degree_top3,rolling5,exact1,nevertreated,pc_score,investment_in_new_talent_pc_score,high,downstream_outcomes,overall_new_release_count,FALSE,sa,-13,0.809556862065794,2.09498669640769,-3.29661706289329,4.91573078702488
important_degree_top3,rolling5,exact1,nevertreated,pc_score,investment_in_new_talent_pc_score,high,downstream_outcomes,overall_new_release_count,FALSE,sa,-12,0.133358548657765,2.52158235008011,-4.80894285749925,5.07565995481478
important_degree_top3,rolling5,exact1,nevertreated,pc_score,investment_in_new_talent_pc_score,high,downstream_outcomes,overall_new_release_count,FALSE,sa,-11,0.772279857382234,2.2139701369704,-3.56710161107975,5.11166132584422
important_degree_top3,rolling5,exact1,nevertreated,pc_score,investment_in_new_talent_pc_score,high,downstream_outcomes,overall_new_release_count,FALSE,sa,-10,1.40888836320991,1.96741396288591,-2.44724300404647,5.2650197304663
important_degree_top3,rolling5,exact1,nevertreated,pc_score,investment_in_new_talent_pc_score,high,downstream_outcomes,overall_new_release_count,FALSE,sa,-9,1.60073442726076,2.16016738849344,-2.63319365418637,5.8346625087079
important_degree_top3,rolling5,exact1,nevertreated,pc_score,investment_in_new_talent_pc_score,high,downstream_outcomes,overall_new_release_count,FALSE,sa,-8,2.25405362377079,2.13158157422597,-1.92384626171211,6.43195350925369
important_degree_top3,rolling5,exact1,nevertreated,pc_score,investment_in_new_talent_pc_score,high,downstream_outcomes,overall_new_release_count,FALSE,sa,-7,1.31944877336815,2.09907171700003,-2.79473179195191,5.43362933868822
important_degree_top3,rolling5,exact1,nevertreated,pc_score,investment_in_new_talent_pc_score,high,downstream_outcomes,overall_new_release_count,FALSE,sa,-6,0.461633610274307,2.0445137852973,-3.54561340890839,4.46888062945701
important_degree_top3,rolling5,exact1,nevertreated,pc_score,investment_in_new_talent_pc_score,high,downstream_outcomes,overall_new_release_count,FALSE,sa,-5,-1.44240266541111,2.66755409781918,-6.67080869713669,3.78600336631448
important_degree_top3,rolling5,exact1,nevertreated,pc_score,investment_in_new_talent_pc_score,high,downstream_outcomes,overall_new_release_count,FALSE,sa,-4,-2.07656140948275,2.59229407316782,-7.15745779289168,3.00433497392617
important_degree_top3,rolling5,exact1,nevertreated,pc_score,investment_in_new_talent_pc_score,high,downstream_outcomes,overall_new_release_count,FALSE,sa,-3,-2.14230405750836,2.0984853233777,-6.25533529132866,1.97072717631194
important_degree_top3,rolling5,exact1,nevertreated,pc_score,investment_in_new_talent_pc_score,high,downstream_outcomes,overall_new_release_count,FALSE,sa,-2,-1.57368299332971,1.36241739232888,-4.24402108229431,1.0966550956349
important_degree_top3,rolling5,exact1,nevertreated,pc_score,investment_in_new_talent_pc_score,high,downstream_outcomes,overall_new_release_count,FALSE,sa,-1,0,0,0,0
important_degree_top3,rolling5,exact1,nevertreated,pc_score,investment_in_new_talent_pc_score,high,downstream_outcomes,overall_new_release_count,FALSE,sa,0,-0.281449686956391,0.691455889684635,-1.63670323073828,1.07380385682549
important_degree_top3,rolling5,exact1,nevertreated,pc_score,investment_in_new_talent_pc_score,high,downstream_outcomes,overall_new_release_count,FALSE,sa,1,-0.617626443226192,0.832804059774716,-2.24992240038464,1.01466951393225
important_degree_top3,rolling5,exact1,nevertreated,pc_score,investment_in_new_talent_pc_score,high,downstream_outcomes,overall_new_release_count,FALSE,sa,2,-1.96557047520789,1.28032205569872,-4.47500170437738,0.543860753961595
important_degree_top3,rolling5,exact1,nevertreated,pc_score,investment_in_new_talent_pc_score,high,downstream_outcomes,overall_new_release_count,FALSE,sa,3,-3.17737801375726,2.44154547897974,-7.96280715255755,1.60805112504303
important_degree_top3,rolling5,exact1,nevertreated,pc_score,investment_in_new_talent_pc_score,high,downstream_outcomes,overall_new_release_count,FALSE,sa,4,-3.8826178766927,2.55810544235465,-8.89650454370783,1.13126879032242
important_degree_top3,rolling5,exact1,nevertreated,pc_score,investment_in_new_talent_pc_score,high,downstream_outcomes,overall_new_release_count,FALSE,sa,5,-4.3149422627578,2.56083639943099,-9.33418160564254,0.704297080126946
important_degree_top3,rolling5,exact1,nevertreated,pc_score,investment_in_new_talent_pc_score,high,downstream_outcomes,overall_new_release_count,FALSE,sa,6,-4.87898069396503,3.21425512456995,-11.1789207381221,1.42095935019208
important_degree_top3,rolling5,exact1,nevertreated,pc_score,investment_in_new_talent_pc_score,high,downstream_outcomes,overall_new_release_count,FALSE,sa,7,-5.39293289328865,4.1340210967047,-13.4956142428299,2.70974845625256
important_degree_top3,rolling5,exact1,nevertreated,pc_score,investment_in_new_talent_pc_score,high,downstream_outcomes,overall_new_release_count,FALSE,sa,8,-1.31386393684434,2.20608880520248,-5.63779799504119,3.01007012135252
important_degree_top3,rolling5,exact1,nevertreated,pc_score,investment_in_new_talent_pc_score,high,downstream_outcomes,overall_new_release_count,FALSE,sa,9,-1.078362600084,2.20966700254833,-5.40930992507873,3.25258472491072
important_degree_top3,rolling5,exact1,nevertreated,pc_score,investment_in_new_talent_pc_score,high,downstream_outcomes,overall_new_release_count,FALSE,sa,10,-2.10979871903565,2.29190505695462,-6.60193263066671,2.38233519259541
important_degree_top3,rolling5,exact1,nevertreated,pc_score,investment_in_new_talent_pc_score,high,downstream_outcomes,overall_new_release_count,FALSE,sa,11,-1.07131847833533,2.10454373759513,-5.19622420402179,3.05358724735112
important_degree_top3,rolling5,exact1,nevertreated,pc_score,problem_solving_routines_pc_score,low,downstream_outcomes,overall_new_release_count,FALSE,sa,-15,-0.129467140015825,0.727177512345462,-1.55473506421293,1.29580078418128
important_degree_top3,rolling5,exact1,nevertreated,pc_score,problem_solving_routines_pc_score,low,downstream_outcomes,overall_new_release_count,FALSE,sa,-14,1.28920857492276,1.10436161217868,-0.875340184947464,3.45375733479298
important_degree_top3,rolling5,exact1,nevertreated,pc_score,problem_solving_routines_pc_score,low,downstream_outcomes,overall_new_release_count,FALSE,sa,-13,2.05568427107029,1.20360993127339,-0.30339119422555,4.41475973636613
important_degree_top3,rolling5,exact1,nevertreated,pc_score,problem_solving_routines_pc_score,low,downstream_outcomes,overall_new_release_count,FALSE,sa,-12,2.22645627503966,0.824648209723882,0.610145783980853,3.84276676609847
important_degree_top3,rolling5,exact1,nevertreated,pc_score,problem_solving_routines_pc_score,low,downstream_outcomes,overall_new_release_count,FALSE,sa,-11,2.5359184278154,1.05186636044153,0.474260361350008,4.5975764942808
important_degree_top3,rolling5,exact1,nevertreated,pc_score,problem_solving_routines_pc_score,low,downstream_outcomes,overall_new_release_count,FALSE,sa,-10,2.49711965649357,0.956381483810312,0.622611948225359,4.37162736476178
important_degree_top3,rolling5,exact1,nevertreated,pc_score,problem_solving_routines_pc_score,low,downstream_outcomes,overall_new_release_count,FALSE,sa,-9,2.44007770471789,0.8586815444862,0.757061877524942,4.12309353191085
important_degree_top3,rolling5,exact1,nevertreated,pc_score,problem_solving_routines_pc_score,low,downstream_outcomes,overall_new_release_count,FALSE,sa,-8,2.53187359008225,0.853210479029318,0.85958105118479,4.20416612897972
important_degree_top3,rolling5,exact1,nevertreated,pc_score,problem_solving_routines_pc_score,low,downstream_outcomes,overall_new_release_count,FALSE,sa,-7,1.76856797524629,0.736930467271208,0.324184259394725,3.21295169109786
important_degree_top3,rolling5,exact1,nevertreated,pc_score,problem_solving_routines_pc_score,low,downstream_outcomes,overall_new_release_count,FALSE,sa,-6,2.27716693922029,0.776473174090706,0.755279518002504,3.79905436043807
important_degree_top3,rolling5,exact1,nevertreated,pc_score,problem_solving_routines_pc_score,low,downstream_outcomes,overall_new_release_count,FALSE,sa,-5,1.11104100203708,0.577410188851589,-0.0206829681120355,2.24276497218619
important_degree_top3,rolling5,exact1,nevertreated,pc_score,problem_solving_routines_pc_score,low,downstream_outcomes,overall_new_release_count,FALSE,sa,-4,1.19267819960824,0.726855447344616,-0.231958477187213,2.61731487640368
important_degree_top3,rolling5,exact1,nevertreated,pc_score,problem_solving_routines_pc_score,low,downstream_outcomes,overall_new_release_count,FALSE,sa,-3,0.741575245836199,0.546411720849558,-0.329391727028934,1.81254221870133
important_degree_top3,rolling5,exact1,nevertreated,pc_score,problem_solving_routines_pc_score,low,downstream_outcomes,overall_new_release_count,FALSE,sa,-2,0.394229744825059,0.415935613039145,-0.421004056731666,1.20946354638178
important_degree_top3,rolling5,exact1,nevertreated,pc_score,problem_solving_routines_pc_score,low,downstream_outcomes,overall_new_release_count,FALSE,sa,-1,0,0,0,0
important_degree_top3,rolling5,exact1,nevertreated,pc_score,problem_solving_routines_pc_score,low,downstream_outcomes,overall_new_release_count,FALSE,sa,0,-0.124150808662719,0.37130905109574,-0.85191654881037,0.603614931484931
important_degree_top3,rolling5,exact1,nevertreated,pc_score,problem_solving_routines_pc_score,low,downstream_outcomes,overall_new_release_count,FALSE,sa,1,-0.17750138609587,0.469302509246081,-1.09733430421819,0.742331532026447
important_degree_top3,rolling5,exact1,nevertreated,pc_score,problem_solving_routines_pc_score,low,downstream_outcomes,overall_new_release_count,FALSE,sa,2,0.0499057084987311,0.554508722005819,-1.03693138663267,1.13674280363014
important_degree_top3,rolling5,exact1,nevertreated,pc_score,problem_solving_routines_pc_score,low,downstream_outcomes,overall_new_release_count,FALSE,sa,3,0.0203448976879121,0.634543169711914,-1.22335971494744,1.26404951032326
important_degree_top3,rolling5,exact1,nevertreated,pc_score,problem_solving_routines_pc_score,low,downstream_outcomes,overall_new_release_count,FALSE,sa,4,0.77224523552575,0.76570987033884,-0.728546110338376,2.27303658138988
important_degree_top3,rolling5,exact1,nevertreated,pc_score,problem_solving_routines_pc_score,low,downstream_outcomes,overall_new_release_count,FALSE,sa,5,0.522174852642863,0.799551789056649,-1.04494665390817,2.08929635919389
important_degree_top3,rolling5,exact1,nevertreated,pc_score,problem_solving_routines_pc_score,low,downstream_outcomes,overall_new_release_count,FALSE,sa,6,0.98198741498659,0.896327047228622,-0.774813597581509,2.73878842755469
important_degree_top3,rolling5,exact1,nevertreated,pc_score,problem_solving_routines_pc_score,low,downstream_outcomes,overall_new_release_count,FALSE,sa,7,0.915137213999955,0.963234483745574,-0.97280237414137,2.80307680214128
important_degree_top3,rolling5,exact1,nevertreated,pc_score,problem_solving_routines_pc_score,low,downstream_outcomes,overall_new_release_count,FALSE,sa,8,0.681861043288554,1.12091988939128,-1.51514193991835,2.87886402649546
important_degree_top3,rolling5,exact1,nevertreated,pc_score,problem_solving_routines_pc_score,low,downstream_outcomes,overall_new_release_count,FALSE,sa,9,1.01617920147122,1.21457839700415,-1.3643944566569,3.39675285959935
important_degree_top3,rolling5,exact1,nevertreated,pc_score,problem_solving_routines_pc_score,low,downstream_outcomes,overall_new_release_count,FALSE,sa,10,1.22977500476915,1.36130357184694,-1.43837999605085,3.89793000558916
important_degree_top3,rolling5,exact1,nevertreated,pc_score,problem_solving_routines_pc_score,low,downstream_outcomes,overall_new_release_count,FALSE,sa,11,0.54970791597528,1.24666146643976,-1.89374855824666,2.99316439019722
important_degree_top3,rolling5,exact1,nevertreated,pc_score,problem_solving_routines_pc_score,high,downstream_outcomes,overall_new_release_count,FALSE,sa,-15,2.35908640006956,2.115946247386,-1.78816824480699,6.50634104494611
important_degree_top3,rolling5,exact1,nevertreated,pc_score,problem_solving_routines_pc_score,high,downstream_outcomes,overall_new_release_count,FALSE,sa,-14,2.17713108300533,1.94898261790032,-1.6428748480793,5.99713701408995
important_degree_top3,rolling5,exact1,nevertreated,pc_score,problem_solving_routines_pc_score,high,downstream_outcomes,overall_new_release_count,FALSE,sa,-13,1.36034147410379,2.20679148286247,-2.96496983230665,5.68565278051424
important_degree_top3,rolling5,exact1,nevertreated,pc_score,problem_solving_routines_pc_score,high,downstream_outcomes,overall_new_release_count,FALSE,sa,-12,1.03282393497155,2.48984835942518,-3.84727884950179,5.91292671944489
important_degree_top3,rolling5,exact1,nevertreated,pc_score,problem_solving_routines_pc_score,high,downstream_outcomes,overall_new_release_count,FALSE,sa,-11,1.61363210997736,2.03743214464507,-2.37973489352697,5.60699911348169
important_degree_top3,rolling5,exact1,nevertreated,pc_score,problem_solving_routines_pc_score,high,downstream_outcomes,overall_new_release_count,FALSE,sa,-10,1.54666740274641,2.16642687193409,-2.69952926624441,5.79286407173723
important_degree_top3,rolling5,exact1,nevertreated,pc_score,problem_solving_routines_pc_score,high,downstream_outcomes,overall_new_release_count,FALSE,sa,-9,0.863626769619985,2.44892658966067,-3.93626934611493,5.6635228853549
important_degree_top3,rolling5,exact1,nevertreated,pc_score,problem_solving_routines_pc_score,high,downstream_outcomes,overall_new_release_count,FALSE,sa,-8,1.89077995909633,2.19610036382702,-2.41357675400462,6.19513667219729
important_degree_top3,rolling5,exact1,nevertreated,pc_score,problem_solving_routines_pc_score,high,downstream_outcomes,overall_new_release_count,FALSE,sa,-7,1.1539477071976,2.00093440902714,-2.76788373449559,5.0757791488908
important_degree_top3,rolling5,exact1,nevertreated,pc_score,problem_solving_routines_pc_score,high,downstream_outcomes,overall_new_release_count,FALSE,sa,-6,-0.000433533973678957,1.91368590867939,-3.75125791498528,3.75039084703792
important_degree_top3,rolling5,exact1,nevertreated,pc_score,problem_solving_routines_pc_score,high,downstream_outcomes,overall_new_release_count,FALSE,sa,-5,-1.65930695930238,2.41420963312276,-6.39115784022299,3.07254392161823
important_degree_top3,rolling5,exact1,nevertreated,pc_score,problem_solving_routines_pc_score,high,downstream_outcomes,overall_new_release_count,FALSE,sa,-4,-1.84216763176749,2.36049483994391,-6.46873751805755,2.78440225452256
important_degree_top3,rolling5,exact1,nevertreated,pc_score,problem_solving_routines_pc_score,high,downstream_outcomes,overall_new_release_count,FALSE,sa,-3,-1.98774086575508,1.87835184270075,-5.66931047744856,1.69382874593839
important_degree_top3,rolling5,exact1,nevertreated,pc_score,problem_solving_routines_pc_score,high,downstream_outcomes,overall_new_release_count,FALSE,sa,-2,-1.48346793892107,1.26197331730454,-3.95693564083796,0.989999762995824
important_degree_top3,rolling5,exact1,nevertreated,pc_score,problem_solving_routines_pc_score,high,downstream_outcomes,overall_new_release_count,FALSE,sa,-1,0,0,0,0
important_degree_top3,rolling5,exact1,nevertreated,pc_score,problem_solving_routines_pc_score,high,downstream_outcomes,overall_new_release_count,FALSE,sa,0,-1.01424737722326,0.654315110801067,-2.29670499439335,0.268210239946832
important_degree_top3,rolling5,exact1,nevertreated,pc_score,problem_solving_routines_pc_score,high,downstream_outcomes,overall_new_release_count,FALSE,sa,1,-1.71597926369862,0.75380753703487,-3.19344203628696,-0.238516491110274
important_degree_top3,rolling5,exact1,nevertreated,pc_score,problem_solving_routines_pc_score,high,downstream_outcomes,overall_new_release_count,FALSE,sa,2,-2.88618405890345,1.13105582298948,-5.10305347196283,-0.669314645844073
important_degree_top3,rolling5,exact1,nevertreated,pc_score,problem_solving_routines_pc_score,high,downstream_outcomes,overall_new_release_count,FALSE,sa,3,-3.9208369060563,2.15770902822699,-8.1499466013812,0.308272789268604
important_degree_top3,rolling5,exact1,nevertreated,pc_score,problem_solving_routines_pc_score,high,downstream_outcomes,overall_new_release_count,FALSE,sa,4,-4.8011440988635,2.25995359484644,-9.23065314476252,-0.371635052964471
important_degree_top3,rolling5,exact1,nevertreated,pc_score,problem_solving_routines_pc_score,high,downstream_outcomes,overall_new_release_count,FALSE,sa,5,-4.96510513782454,2.26220601564367,-9.39902892848612,-0.531181347162956
important_degree_top3,rolling5,exact1,nevertreated,pc_score,problem_solving_routines_pc_score,high,downstream_outcomes,overall_new_release_count,FALSE,sa,6,-5.43825629040067,2.91468969466621,-11.1510480919464,0.274535511145098
important_degree_top3,rolling5,exact1,nevertreated,pc_score,problem_solving_routines_pc_score,high,downstream_outcomes,overall_new_release_count,FALSE,sa,7,-5.93207816548872,3.68168179285669,-13.1481744794878,1.2840181485104
important_degree_top3,rolling5,exact1,nevertreated,pc_score,problem_solving_routines_pc_score,high,downstream_outcomes,overall_new_release_count,FALSE,sa,8,-2.5339729398128,1.99610574799717,-6.44634020588725,1.37839432626164
important_degree_top3,rolling5,exact1,nevertreated,pc_score,problem_solving_routines_pc_score,high,downstream_outcomes,overall_new_release_count,FALSE,sa,9,-3.88694061191381,2.09526790866764,-7.99366571290238,0.219784489074768
important_degree_top3,rolling5,exact1,nevertreated,pc_score,problem_solving_routines_pc_score,high,downstream_outcomes,overall_new_release_count,FALSE,sa,10,-6.39813648432269,2.81406595567069,-11.9137057574372,-0.882567211208145
important_degree_top3,rolling5,exact1,nevertreated,pc_score,problem_solving_routines_pc_score,high,downstream_outcomes,overall_new_release_count,FALSE,sa,11,-4.94917914267711,2.4048420560455,-9.6626695725263,-0.235688712827926
