metric,n,n_na,mean,median,sd,p10,p25,p75,p90
error_open_pct,100,0,-7.3062528442863,-59.181784524250276,153.4460926530605,-100.0,-100.0,14.560439560439574,122.56097560975641
error_review_rate_pp,68,32,-2.9898786763581042,2.5375275885161366,46.58871117965163,-68.78254368613597,-32.5835590453854,24.438721326901376,54.46029651267294
error_merge_rate_pp,52,48,32.63926161286473,14.12037037037037,94.24622994559296,-52.199999999999996,-13.086569579288025,76.9396551724138,149.23076923076923
error_review_rate_pct,68,32,58.028252435406856,4.102834093982905,299.2227638703845,-100.0,-67.3876562646567,47.91911091970324,157.92025032062787
error_merge_rate_pct,43,57,171.82608468823238,18.518518518518512,572.534227623395,-100.0,-26.764651375746737,104.96894409937889,444.0000000000008
