metric,n,n_na,mean,median,sd,p10,p25,p75,p90
error_open_pct,100,0,-7.3062528442863,-59.181784524250276,153.4460926530605,-100.0,-100.0,14.560439560439574,122.56097560975641
error_review_rate_pp,68,32,-2.9898786763581042,2.5375275885161366,46.58871117965163,-68.78254368613597,-32.5835590453854,24.438721326901376,54.46029651267294
error_merge_rate_pp,52,48,32.63926161286473,14.12037037037037,94.24622994559296,-52.199999999999996,-13.086569579288025,76.9396551724138,149.23076923076923
