metric,n,n_na,mean,median,sd,p10,p25,p75,p90
error_open_pct,582,0,4113.646144176403,-38.20701357466063,97379.02762158422,-100.0,-80.29411764705883,34.146341463414636,200.47587592546697
error_review_rate_pp,493,89,25.482663357181902,10.620879055062616,142.03104536087378,-54.55337162810768,-14.118905294707496,34.46968744690155,81.73834226162641
error_merge_rate_pp,470,112,-13.355646323434833,-18.524951314508275,320.0727487609146,-140.68014705882354,-67.50843328335833,17.89244186046511,103.92156862745105
error_review_rate_pct,488,94,104.82813483473579,12.588200903080498,1388.7272666533215,-69.95627142750573,-20.741055055697664,47.660058226771895,144.755673608024
error_merge_rate_pct,467,115,14.976696174480352,-19.15500999143591,167.97145130379155,-100.0,-56.949806949806955,21.185539606592233,119.40986891542124
