metric,n,n_na,mean,median,sd,p10,p25,p75,p90
error_open_pct,362,0,71.18790220811611,-48.27586206896551,634.5781110697675,-100.0,-89.74277210884354,29.688832054560983,181.0820158102769
error_review_rate_pp,283,79,-8.460605798907379,-1.3965390990208215,34.55424567030373,-54.94536389281151,-31.111264313373603,13.454447176821795,29.233318044633158
error_merge_rate_pp,249,113,-20.675812224576696,-18.765698161183288,169.2215285376289,-141.79487179487182,-60.377358490566046,14.28571428571428,87.96973518285003
