metric,n,n_na,mean,median,sd,p10,p25,p75,p90
error_open_pct,582,0,12161.357556846327,-36.13550071191267,292146.0158142133,-100.0,-73.36869951075207,25.000000000000007,150.0
error_review_rate_pp,504,78,-6.305187419085518,-0.07293128788434522,31.853840088749283,-49.84411135742187,-25.24149068387586,13.729259054156046,27.410753061289586
error_merge_rate_pp,436,146,-23.88682258726836,-22.94809433579978,309.38265175296686,-130.90185676392574,-58.08083933093744,10.166940339354133,66.51960784313725
