metric,n,n_na,mean,median,sd,p10,p25,p75,p90
error_open_pct,582,0,12161.357556846327,-36.13550071191267,292146.0158142133,-100.0,-73.36869951075207,25.000000000000007,150.0
error_review_rate_pp,504,78,-6.305187419085518,-0.07293128788434522,31.853840088749283,-49.84411135742187,-25.24149068387586,13.729259054156046,27.410753061289586
error_merge_rate_pp,436,146,-23.88682258726836,-22.94809433579978,309.38265175296686,-130.90185676392574,-58.08083933093744,10.166940339354133,66.51960784313725
error_review_rate_pct,495,87,-4.363478831846599,-0.783758364977793,66.63331095930265,-100.0,-36.03540062803601,18.97256428511927,49.93155895394349
error_merge_rate_pct,432,150,-2.261438742854776,-22.463157740536744,133.47444392111026,-92.47948916408669,-49.0080835529205,8.600427350427347,66.59663865546221
