metric,n,n_na,mean,median,sd,p10,p25,p75,p90
error_open_pct,366,3,6426.71845814535,-56.61194522356046,122797.521993609,-100.0,-92.58756294913144,3.1445106250825674,150.0
error_review_rate_pp,282,87,22.400794442268886,6.534730837029256,124.8857491697607,-50.01172517890521,-21.37659660703724,36.25277607407434,73.34125504083353
error_merge_rate_pp,247,122,21.770709160642358,0.0,266.5004462888197,-92.33333333333333,-50.0,45.833333333333336,129.96153846153848
error_review_rate_pct,279,90,50.000095725651484,9.13935518252065,183.90661570839666,-100.0,-36.091925975219965,72.97125251142438,226.135975660698
error_merge_rate_pct,240,129,79.63525114898549,-0.5091649694501077,321.6545699867836,-100.0,-49.41202337834705,64.16666666666667,243.74999999999966
