metric,n,n_na,mean,median,sd,p10,p25,p75,p90
error_open_pct,366,3,6426.71845814535,-56.61194522356046,122797.521993609,-100.0,-92.58756294913144,3.1445106250825674,150.0
error_review_rate_pp,282,87,22.400794442268886,6.534730837029256,124.8857491697607,-50.01172517890521,-21.37659660703724,36.25277607407434,73.34125504083353
error_merge_rate_pp,247,122,21.770709160642358,0.0,266.5004462888197,-92.33333333333333,-50.0,45.833333333333336,129.96153846153848
