metric,n,n_na,mean,median,sd,p10,p25,p75,p90
error_open_pct,366,3,6450.378973672179,-61.0323886639676,122797.93785606168,-100.0,-100.0,-7.828282828282825,122.25609756097563
error_review_rate_pp,268,101,20.90796345778423,7.850540306713134,96.25817322518334,-57.76528298394188,-24.0367321356061,45.34775720886857,82.35424358813883
error_merge_rate_pp,238,131,22.372183922974532,0.5952380952380931,192.85968345286065,-100.0,-43.229166666666664,50.0,113.51307189542493
