metric,n,n_na,mean,median,sd,p10,p25,p75,p90
error_open_pct,266,3,8878.080186648296,-61.53846153846153,144041.6149095243,-100.0,-98.76237623762376,-14.420114436619713,106.25
error_review_rate_pp,200,69,19.80932079050559,7.888563704599388,94.93931089235956,-55.14613833340014,-23.642533342734556,42.25364066195725,81.82385109097957
error_merge_rate_pp,182,87,18.60941253781249,-5.341880341880345,214.37217749058547,-105.45454545454545,-49.51460798816568,45.76723421926911,100.0
error_review_rate_pct,199,70,45.71367921970931,9.787541951860877,188.7268585807268,-100.0,-40.26673285620546,71.35527646396532,157.44969282236923
error_merge_rate_pct,181,88,43.05280480576735,-5.882352941176471,224.18149451659679,-100.0,-47.11538461538461,50.0,158.25602968460103
