metric,n,n_na,mean,median,sd,p10,p25,p75,p90
error_open_pct,366,3,-5.466873661438454,-70.58823529411765,276.7695687467017,-100.0,-100.0,-12.084398976982095,108.98151944581144
error_review_rate_pp,245,124,-2.1930855615097635,0.07726556548361962,40.62205990909431,-60.53509790039061,-29.76680384087792,26.244150815297917,48.99685589927703
error_merge_rate_pp,188,181,-2.1517253711670628,0.3952569169960507,337.17234403700036,-122.71621621621624,-58.96551724137932,49.999999999999986,156.87258687258688
error_review_rate_pct,243,126,22.04253414259128,0.09667532777788794,198.65451506114815,-100.0,-76.96960445606031,50.27224603817313,117.13881875434782
error_merge_rate_pct,182,187,85.6270613778631,5.5511151231257835e-15,420.98492060188744,-100.0,-48.045644114921224,67.01779026217228,281.58620689655197
