metric,n,n_na,mean,median,sd,p10,p25,p75,p90
error_open_pct,100,0,-13.02846452897112,-62.112514351320314,176.3628327943139,-100.0,-100.0,11.11111111111111,112.5000000000004
error_review_rate_pp,70,30,2.0412670654692313,4.419809278409717,37.39329841806631,-59.20102197778611,-12.529966490873907,30.162099742705887,46.77070794326792
error_merge_rate_pp,56,44,47.87079696268272,20.932539682539684,155.94272745845814,-55.83333333333333,-8.800256629597943,66.17647058823529,142.4019607843137
error_review_rate_pct,69,31,37.97426527763073,11.614134391375794,158.74506036020654,-100.0,-24.580371669517554,53.27065286225715,135.31327312404713
error_merge_rate_pct,48,52,128.78504349053426,29.503105590062113,298.8830718449691,-100.0,-25.34340659340659,185.9817813765182,447.33333333333354
