metric,n,n_na,mean,median,sd,p10,p25,p75,p90
error_open_pct,220,0,32100.806451878685,-27.556048287755612,475169.9473354186,-88.66978609625669,-60.30203349282297,30.21342456826327,209.5815295815296
error_review_rate_pp,205,15,-4.159439659096773,0.0,28.321107656811968,-37.428122585692634,-17.203058515276226,10.454888162437436,24.99742866823833
error_merge_rate_pp,188,32,-51.355462531859445,-20.678525658297858,314.4182589841282,-118.23809523809524,-52.59589947089947,7.40007895924199,42.273755656108634
