metric,n,n_na,mean,median,sd,p10,p25,p75,p90
error_open_pct,220,0,32100.806451878685,-27.556048287755612,475169.9473354186,-88.66978609625669,-60.30203349282297,30.21342456826327,209.5815295815296
error_review_rate_pp,205,15,-4.159439659096773,0.0,28.321107656811968,-37.428122585692634,-17.203058515276226,10.454888162437436,24.99742866823833
error_merge_rate_pp,188,32,-51.355462531859445,-20.678525658297858,314.4182589841282,-118.23809523809524,-52.59589947089947,7.40007895924199,42.273755656108634
error_review_rate_pct,203,17,2.73587605158885,0.0,70.73234005347199,-64.77647442852951,-25.832103214032575,15.45356053779361,46.36488737335823
error_merge_rate_pct,188,32,-9.40000102462109,-19.664416235666252,64.78671319539868,-69.66697978171409,-42.29608336327704,7.535753575357539,48.47826086956523
