metric,n,n_na,mean,median,sd,p10,p25,p75,p90
error_open_pct,2910,0,7324.695809415223,-34.11915204678362,208769.97658144849,-100.0,-75.0,34.025597681719375,175.94384625868875
error_review_rate_pp,2500,410,21.75716994968972,10.059388841081402,119.56160066100117,-46.301981946076765,-13.116150824671182,33.037435666374996,73.06074863909261
error_merge_rate_pp,2348,562,-3.1133320556349684,-17.961823884552587,349.26741268557714,-127.9059829059829,-59.10769968817465,14.502164502164502,83.61904761904779
