metric,n,n_na,mean,median,sd,p10,p25,p75,p90
error_open_pct,266,3,26.395908092438603,-66.2878787878788,451.6523784441913,-100.0,-100.0,8.326672684688676e-15,100.00000000000003
error_review_rate_pp,187,82,-3.7244367608584295,-2.1126760563380254,37.984591500530236,-56.593188170926936,-27.808067613237803,24.545932355967075,45.708935635023614
error_merge_rate_pp,149,120,13.303884889577235,2.2727272727272707,163.55634351070563,-123.41552511415524,-43.449048152295646,45.45454545454546,150.3225806451613
