metric,n,n_na,mean,median,sd,p10,p25,p75,p90
error_open_pct,1330,15,3557.8800207156232,-61.53846153846153,91066.44810589265,-100.0,-99.99999999999999,-3.8461538461538494,125.57692307692386
error_review_rate_pp,994,351,-2.5275938027277327,0.5019444806055984,39.54420842069139,-59.43585913588129,-26.254443856614404,24.49658196658959,47.8515625
error_merge_rate_pp,811,534,2.4369259520216673,-1.3333333333333197,284.4659601162309,-116.00000000000001,-50.0,36.8130888719124,117.64705882352942
