metric,n,n_na,mean,median,sd,p10,p25,p75,p90
error_open_pct,582,0,43.5215450266915,-30.116279069767426,427.428943483538,-100.0,-71.13120269133725,36.36363636363635,156.081081081081
error_review_rate_pp,510,72,16.491676079470697,11.187583402823275,59.585517311227285,-38.62546534891743,-10.153791947692973,31.4806059445953,73.06863874227203
error_merge_rate_pp,479,103,17.459734171748778,-17.96446409563579,355.3519636045842,-114.5054945054945,-53.583383792102964,14.28571428571428,89.57264957264952
error_review_rate_pct,504,78,32.182108577216106,14.053550433965682,147.06153033067815,-71.1131852583688,-13.794152362268578,45.760471881474906,112.52244108415609
error_merge_rate_pct,475,107,13.82225416300965,-20.00000000000001,190.57089738885486,-88.92244609402611,-48.861649179445784,16.61169757310983,94.94871794871794
