metric,n,n_na,mean,median,sd,p10,p25,p75,p90
error_open_pct,582,0,43.5215450266915,-30.116279069767426,427.428943483538,-100.0,-71.13120269133725,36.36363636363635,156.081081081081
error_review_rate_pp,510,72,16.491676079470697,11.187583402823275,59.585517311227285,-38.62546534891743,-10.153791947692973,31.4806059445953,73.06863874227203
error_merge_rate_pp,479,103,17.459734171748778,-17.96446409563579,355.3519636045842,-114.5054945054945,-53.583383792102964,14.28571428571428,89.57264957264952
