metric,n,n_na,mean,median,sd,p10,p25,p75,p90
error_open_pct,362,0,43.4604383183746,-44.20498084291188,458.80137507996835,-100.0,-77.14059196617336,24.999999999999993,150.0
error_review_rate_pp,299,63,-7.776352271251713,-1.502246432918286,34.03320506031219,-53.035629773743096,-27.19461437274002,14.775486864186943,28.72977262214429
error_merge_rate_pp,248,114,-3.0638213389492983,-24.059559760055887,304.4952052575121,-131.09913793103448,-62.61867088607595,15.075136612021858,76.91954022988507
