metric,n,n_na,mean,median,sd,p10,p25,p75,p90
error_open_pct,362,0,44.272000828353406,-33.333333333333336,443.97656116119686,-100.0,-79.89795918367346,39.72222222222223,182.66836490171642
error_review_rate_pp,298,64,-1.4789020781945557,2.860200535008767,29.110976123624518,-37.19803050205698,-17.44051600574064,15.167721916707603,32.955408991078194
error_merge_rate_pp,274,88,-16.67510686200581,-16.39784946236559,172.6875591364043,-115.95238095238093,-57.50049774979513,11.069347319347289,50.0
error_review_rate_pct,293,69,2.030775273760515,3.4308269702424004,57.38355571110294,-63.52989132051429,-26.800362379986392,19.94819966881947,51.90201203106845
error_merge_rate_pct,270,92,-7.273225419280015,-16.976524523694334,85.7029998494515,-79.73909832056911,-46.822916666666664,7.923076923076921,50.0
