metric,n,n_na,mean,median,sd,p10,p25,p75,p90
error_open_pct,220,0,32100.806451878685,-27.5560482877556,475169.9473354186,-88.66978609625669,-60.30203349282297,30.213424568263285,209.5815295815296
error_review_rate_pp,205,15,-4.130383446116412,0.22228061437293833,28.585373570419453,-34.19395867296788,-17.606921006134073,11.229925987502165,23.96531344017422
error_merge_rate_pp,189,31,-48.383680980998264,-15.999999999999993,313.18273152068684,-112.87220026350461,-52.56410256410257,5.434782608695654,49.2234935163997
