metric,n,n_na,mean,median,sd,p10,p25,p75,p90
error_open_pct,2910,0,7324.695809415223,-34.11915204678361,208769.97658144849,-100.0,-75.0,34.0255976817194,175.94384625868875
error_review_rate_pp,2500,410,-6.156882421358166,-0.5680509073093587,32.23656159023684,-50.0,-23.970325796264603,13.995569545348403,28.219736376661302
error_merge_rate_pp,2201,709,-20.41314275941051,-20.50025786487881,242.6335445066733,-127.77777777777777,-60.00000000000001,10.510752688172055,67.85714285714286
error_review_rate_pct,2456,454,-2.8443377800151217,-1.6614511850254041,75.97882300078149,-100.0,-37.71974958960425,19.17956076840041,49.50957364320345
error_merge_rate_pct,2179,731,-0.4462263538760857,-21.088435374149665,120.81832037917914,-92.68041651287227,-48.705134612181084,10.056179775280903,72.54561066129251
