metric,n,n_na,mean,median,sd,p10,p25,p75,p90
error_open_pct,1100,0,19280.617608045948,-25.681204484084773,339317.88209647755,-87.35759493670885,-63.470066518847005,34.46392276422765,182.22126560482133
error_review_rate_pp,1039,61,-5.248970166086004,-0.4819027612212756,29.198978275900124,-41.792700357245316,-19.638002530279827,11.86974308318735,25.847774153274884
error_merge_rate_pp,952,148,-31.703023645439576,-20.914664655100623,237.91587766321007,-113.23857302118174,-55.45063051416389,7.485553915079923,56.92620820815302
