metric,n,n_na,mean,median,sd,p10,p25,p75,p90
error_open_pct,362,0,44.272000828353406,-33.333333333333336,443.97656116119686,-100.0,-79.89795918367346,39.72222222222223,182.66836490171642
error_review_rate_pp,298,64,-3.672913746362882,1.290076078784319,31.512050212696533,-44.21739886276973,-22.450731303676022,15.669791019137358,31.32800237485889
error_merge_rate_pp,263,99,-16.223015268040903,-21.08843537414967,200.52032879521272,-126.81818181818181,-63.8095238095238,8.883273925874825,53.024390243902445
error_review_rate_pct,291,71,-0.9651684144788802,2.2013692117220978,62.57469881282914,-100.0,-34.04366777612269,21.251443558398126,52.57405222569969
error_merge_rate_pct,259,103,-5.966880343093828,-21.806451612903235,111.36325946390266,-86.66666666666664,-51.31578947368421,8.083803035244502,56.9187675070028
