metric,n,n_na,mean,median,sd,p10,p25,p75,p90
error_open_pct,362,0,44.272000828353406,-33.333333333333336,443.97656116119686,-100.0,-79.89795918367346,39.72222222222223,182.66836490171642
error_review_rate_pp,298,64,-3.672913746362882,1.290076078784319,31.512050212696533,-44.21739886276973,-22.450731303676022,15.669791019137358,31.32800237485889
error_merge_rate_pp,263,99,-16.223015268040903,-21.08843537414967,200.52032879521272,-126.81818181818181,-63.8095238095238,8.883273925874825,53.024390243902445
