metric,n,n_na,mean,median,sd,p10,p25,p75,p90
error_open_pct,1830,15,2581.538441700527,-61.53846153846153,77643.6025152204,-100.0,-100.0,-2.2204460492503124e-14,123.39285714285734
error_review_rate_pp,1326,519,25.498866660803454,8.35194773778009,146.3413600600752,-56.37463817969595,-23.529411764705888,44.54971041993066,85.8916923364208
error_merge_rate_pp,1158,687,17.832063311996713,0.0,255.33562769920854,-109.09090909090908,-47.57649161028935,49.460188933873134,136.87499999999983
