metric,n,n_na,mean,median,sd,p10,p25,p75,p90
error_open_pct,2910,0,7324.695809415223,-34.119152046783626,208769.97658144849,-100.0,-75.0,34.025597681719375,175.94384625868875
error_review_rate_pp,2500,410,-5.649117355511442,0.0,31.55708567514275,-49.14215970025583,-22.633884469757994,13.135632843567308,26.963306615627634
error_merge_rate_pp,2251,659,-21.528548023901994,-20.15167025299266,226.2019464972513,-130.76923076923077,-58.3874458874459,10.445089501693282,66.66666666666666
