metric,n,n_na,mean,median,sd,p10,p25,p75,p90
error_open_pct,362,0,43.4604383183746,-44.20498084291188,458.80137507996835,-100.0,-77.14059196617336,24.999999999999993,150.0
error_review_rate_pp,299,63,-4.222367393395666,2.5188111836454974,32.5118654071066,-50.0,-23.24733717840556,14.708430098196512,29.922352644980222
error_merge_rate_pp,263,99,-15.064563872944385,-25.45672356993113,201.8938284572809,-125.98997493734335,-60.0,12.5,78.26650943396226
