metric,n,n_na,mean,median,sd,p10,p25,p75,p90
error_open_pct,362,0,44.272000828353406,-33.333333333333336,443.97656116119686,-100.0,-79.89795918367346,39.72222222222223,182.66836490171642
error_review_rate_pp,298,64,21.573061981870232,9.79565897228898,83.94767595265951,-43.82426987951994,-13.979447673366003,35.26822964937134,73.5206197507957
error_merge_rate_pp,277,85,-13.559607391690111,-18.085106382978722,201.83810587645868,-133.33333333333331,-63.33333333333333,11.2781954887218,64.38095238095241
error_review_rate_pct,292,70,33.12954220687927,12.442186298880218,107.64624328076538,-61.82499524968967,-20.137690916412915,52.752548805156316,149.4633908325573
error_merge_rate_pct,273,89,-2.529681585834089,-21.393533842487123,118.98881375676498,-99.99999999999999,-57.32323232323233,10.000000000000005,80.93841642228745
