metric,n,n_na,mean,median,sd,p10,p25,p75,p90
error_open_pct,362,0,44.272000828353406,-33.333333333333336,443.97656116119686,-100.0,-79.89795918367346,39.72222222222223,182.66836490171642
error_review_rate_pp,298,64,21.573061981870232,9.79565897228898,83.94767595265951,-43.82426987951994,-13.979447673366003,35.26822964937134,73.5206197507957
error_merge_rate_pp,277,85,-13.559607391690111,-18.085106382978722,201.83810587645868,-133.33333333333331,-63.33333333333333,11.2781954887218,64.38095238095241
