metric,n,n_na,mean,median,sd,p10,p25,p75,p90
error_open_pct,266,3,8878.080186648296,-61.53846153846153,144041.6149095243,-100.0,-98.76237623762376,-14.420114436619713,106.25
error_review_rate_pp,200,69,-1.4046855513688914,1.4779162881339736,39.43127983539646,-57.60033925834733,-24.953578319467354,25.377554073516254,47.92597346417244
error_merge_rate_pp,165,104,-11.063080657227676,2.6666666666666616,318.131682621783,-110.57692307692307,-44.90373109974981,38.23529411764706,100.0
error_review_rate_pct,199,70,10.046651753244767,1.7549248571610725,98.32836665709145,-100.0,-44.13371578245309,38.666306726601206,104.23008721523614
error_merge_rate_pct,163,106,32.00591527157687,2.3809523809523565,171.36415292400204,-81.98410432134018,-42.68841394825647,40.83333333333333,151.42527142527157
