outcome_sample,importance_type,rolling,qualified_sample,control_group,split_type,split_covar,split_value,category,outcome,normalize,method,event_time,estimate,sd,ci_low,ci_high
opened_cohort,important_degree_top3,rolling5,exact1,nevertreated,full_sample,"","",github_outcomes,pull_request_opened,TRUE,sa,-15,-1.28370676683372,0.818417775573676,-2.88780560695813,0.320392073290684
opened_cohort,important_degree_top3,rolling5,exact1,nevertreated,full_sample,"","",github_outcomes,pull_request_opened,TRUE,sa,-14,-0.574320601476328,0.715743159271236,-1.97717719364795,0.828535990695294
opened_cohort,important_degree_top3,rolling5,exact1,nevertreated,full_sample,"","",github_outcomes,pull_request_opened,TRUE,sa,-13,0.785297956086946,0.513804836397582,-0.221759523252315,1.79235543542621
opened_cohort,important_degree_top3,rolling5,exact1,nevertreated,full_sample,"","",github_outcomes,pull_request_opened,TRUE,sa,-12,-0.338659188661537,0.350687654377549,-1.02600699124153,0.348688613918458
opened_cohort,important_degree_top3,rolling5,exact1,nevertreated,full_sample,"","",github_outcomes,pull_request_opened,TRUE,sa,-11,0.528420711259618,0.480739037633488,-0.413827802502019,1.47066922502126
opened_cohort,important_degree_top3,rolling5,exact1,nevertreated,full_sample,"","",github_outcomes,pull_request_opened,TRUE,sa,-10,0.469647070386548,0.383102351286333,-0.281233538134665,1.22052767890776
opened_cohort,important_degree_top3,rolling5,exact1,nevertreated,full_sample,"","",github_outcomes,pull_request_opened,TRUE,sa,-9,0.706440505140508,0.449814345083682,-0.175195611223509,1.58807662150452
opened_cohort,important_degree_top3,rolling5,exact1,nevertreated,full_sample,"","",github_outcomes,pull_request_opened,TRUE,sa,-8,0.298687358249153,0.312075971907343,-0.31298154668924,0.910356263187546
opened_cohort,important_degree_top3,rolling5,exact1,nevertreated,full_sample,"","",github_outcomes,pull_request_opened,TRUE,sa,-7,0.515280358102678,0.281408025976824,-0.0362793728118966,1.06684008901725
opened_cohort,important_degree_top3,rolling5,exact1,nevertreated,full_sample,"","",github_outcomes,pull_request_opened,TRUE,sa,-6,0.502111511671408,0.233257392817793,0.0449270217485325,0.959296001594283
opened_cohort,important_degree_top3,rolling5,exact1,nevertreated,full_sample,"","",github_outcomes,pull_request_opened,TRUE,sa,-5,0.124194454810895,0.139566416998343,-0.149355722505857,0.397744632127646
opened_cohort,important_degree_top3,rolling5,exact1,nevertreated,full_sample,"","",github_outcomes,pull_request_opened,TRUE,sa,-4,0.0387393253880851,0.12771779854249,-0.211587559755194,0.289066210531365
opened_cohort,important_degree_top3,rolling5,exact1,nevertreated,full_sample,"","",github_outcomes,pull_request_opened,TRUE,sa,-3,0.08986283798621,0.129317725603329,-0.163599904196315,0.343325580168735
opened_cohort,important_degree_top3,rolling5,exact1,nevertreated,full_sample,"","",github_outcomes,pull_request_opened,TRUE,sa,-2,0.184557394060435,0.118064444594858,-0.0468489173454862,0.415963705466355
opened_cohort,important_degree_top3,rolling5,exact1,nevertreated,full_sample,"","",github_outcomes,pull_request_opened,TRUE,sa,-1,0,0,0,0
opened_cohort,important_degree_top3,rolling5,exact1,nevertreated,full_sample,"","",github_outcomes,pull_request_opened,TRUE,sa,0,-0.0486315438745741,0.170528505131223,-0.382867413931771,0.285604326182622
opened_cohort,important_degree_top3,rolling5,exact1,nevertreated,full_sample,"","",github_outcomes,pull_request_opened,TRUE,sa,1,-0.50472757701085,0.136625777764897,-0.772514101430048,-0.236941052591653
opened_cohort,important_degree_top3,rolling5,exact1,nevertreated,full_sample,"","",github_outcomes,pull_request_opened,TRUE,sa,2,-0.5656948446438,0.135056565181422,-0.830405712399387,-0.300983976888213
opened_cohort,important_degree_top3,rolling5,exact1,nevertreated,full_sample,"","",github_outcomes,pull_request_opened,TRUE,sa,3,-0.583876732974844,0.1508885223553,-0.879618236791232,-0.288135229158455
opened_cohort,important_degree_top3,rolling5,exact1,nevertreated,full_sample,"","",github_outcomes,pull_request_opened,TRUE,sa,4,-0.56200991699331,0.183231437953373,-0.92114353538192,-0.202876298604699
opened_cohort,important_degree_top3,rolling5,exact1,nevertreated,full_sample,"","",github_outcomes,pull_request_opened,TRUE,sa,5,-0.690097459643936,0.143842222255711,-0.972028215265129,-0.408166704022743
opened_cohort,important_degree_top3,rolling5,exact1,nevertreated,full_sample,"","",github_outcomes,pull_request_opened,TRUE,sa,6,-0.629396494026017,0.188255383629811,-0.998377045940447,-0.260415942111587
opened_cohort,important_degree_top3,rolling5,exact1,nevertreated,full_sample,"","",github_outcomes,pull_request_opened,TRUE,sa,7,-0.731995521144974,0.213497002288307,-1.15044964563006,-0.313541396659893
opened_cohort,important_degree_top3,rolling5,exact1,nevertreated,full_sample,"","",github_outcomes,pull_request_opened,TRUE,sa,8,-0.781491548790274,0.252231074957689,-1.27586445570734,-0.287118641873203
opened_cohort,important_degree_top3,rolling5,exact1,nevertreated,full_sample,"","",github_outcomes,pull_request_opened,TRUE,sa,9,-1.00696498076729,0.318247845759559,-1.63073075845602,-0.38319920307855
opened_cohort,important_degree_top3,rolling5,exact1,nevertreated,full_sample,"","",github_outcomes,pull_request_opened,TRUE,sa,10,-1.1012961751373,0.380789726532709,-1.84764403914141,-0.354948311133187
opened_cohort,important_degree_top3,rolling5,exact1,nevertreated,full_sample,"","",github_outcomes,pull_request_opened,TRUE,sa,11,-1.20180382322018,0.319631286370267,-1.8282811445059,-0.575326501934459
opened_cohort,important_degree_top3,rolling5,exact1,nevertreated,full_sample,"","",github_outcomes,pull_request_opened,FALSE,sa,-15,-1.24166213388862,3.24632200801137,-7.6044532695909,5.12112900181366
opened_cohort,important_degree_top3,rolling5,exact1,nevertreated,full_sample,"","",github_outcomes,pull_request_opened,FALSE,sa,-14,-1.80384123480741,3.25586060626331,-8.18532802308351,4.57764555346868
opened_cohort,important_degree_top3,rolling5,exact1,nevertreated,full_sample,"","",github_outcomes,pull_request_opened,FALSE,sa,-13,3.1907439989606,2.94874868735064,-2.58880342824665,8.97029142616785
opened_cohort,important_degree_top3,rolling5,exact1,nevertreated,full_sample,"","",github_outcomes,pull_request_opened,FALSE,sa,-12,-0.563569179942954,2.44597373143398,-5.35767769355356,4.23053933366765
opened_cohort,important_degree_top3,rolling5,exact1,nevertreated,full_sample,"","",github_outcomes,pull_request_opened,FALSE,sa,-11,3.78291391569384,2.69753814352511,-1.50426084561537,9.07008867700306
opened_cohort,important_degree_top3,rolling5,exact1,nevertreated,full_sample,"","",github_outcomes,pull_request_opened,FALSE,sa,-10,2.18722021423325,2.15845775054255,-2.04335697683016,6.41779740529666
opened_cohort,important_degree_top3,rolling5,exact1,nevertreated,full_sample,"","",github_outcomes,pull_request_opened,FALSE,sa,-9,2.40586438491958,2.73735228755301,-2.95934609868432,7.77107486852348
opened_cohort,important_degree_top3,rolling5,exact1,nevertreated,full_sample,"","",github_outcomes,pull_request_opened,FALSE,sa,-8,1.24775298809076,2.19867977150494,-3.06165936405893,5.55716534024045
opened_cohort,important_degree_top3,rolling5,exact1,nevertreated,full_sample,"","",github_outcomes,pull_request_opened,FALSE,sa,-7,3.06907653135003,2.28895068304837,-1.41726680742477,7.55541987012483
opened_cohort,important_degree_top3,rolling5,exact1,nevertreated,full_sample,"","",github_outcomes,pull_request_opened,FALSE,sa,-6,2.21336686184468,2.02073513585795,-1.7472740044369,6.17400772812625
opened_cohort,important_degree_top3,rolling5,exact1,nevertreated,full_sample,"","",github_outcomes,pull_request_opened,FALSE,sa,-5,1.94867620732137,1.93590463540872,-1.84569687807972,5.74304929272245
opened_cohort,important_degree_top3,rolling5,exact1,nevertreated,full_sample,"","",github_outcomes,pull_request_opened,FALSE,sa,-4,1.36814810959049,1.68952461273684,-1.94332013137372,4.67961635055471
opened_cohort,important_degree_top3,rolling5,exact1,nevertreated,full_sample,"","",github_outcomes,pull_request_opened,FALSE,sa,-3,1.16797698393421,1.24433244292246,-1.27091460419382,3.60686857206224
opened_cohort,important_degree_top3,rolling5,exact1,nevertreated,full_sample,"","",github_outcomes,pull_request_opened,FALSE,sa,-2,1.21170079545565,0.796876212755079,-0.350176581544304,2.77357817245561
opened_cohort,important_degree_top3,rolling5,exact1,nevertreated,full_sample,"","",github_outcomes,pull_request_opened,FALSE,sa,-1,0,0,0,0
opened_cohort,important_degree_top3,rolling5,exact1,nevertreated,full_sample,"","",github_outcomes,pull_request_opened,FALSE,sa,0,-1.11813653819683,0.751190703546104,-2.59047031714719,0.354197240753539
opened_cohort,important_degree_top3,rolling5,exact1,nevertreated,full_sample,"","",github_outcomes,pull_request_opened,FALSE,sa,1,-1.20168890127723,0.939352618227696,-3.04282003300351,0.639442230449057
opened_cohort,important_degree_top3,rolling5,exact1,nevertreated,full_sample,"","",github_outcomes,pull_request_opened,FALSE,sa,2,-0.621408919470997,1.11222288335766,-2.80136577085202,1.55854793191002
opened_cohort,important_degree_top3,rolling5,exact1,nevertreated,full_sample,"","",github_outcomes,pull_request_opened,FALSE,sa,3,0.0625755147534605,1.33463549830014,-2.55331006191481,2.67846109142173
opened_cohort,important_degree_top3,rolling5,exact1,nevertreated,full_sample,"","",github_outcomes,pull_request_opened,FALSE,sa,4,0.238398024482068,1.47912506116781,-2.66068709540684,3.13748314437098
opened_cohort,important_degree_top3,rolling5,exact1,nevertreated,full_sample,"","",github_outcomes,pull_request_opened,FALSE,sa,5,0.603469367619809,1.62635693614453,-2.58419022722347,3.79112896246309
opened_cohort,important_degree_top3,rolling5,exact1,nevertreated,full_sample,"","",github_outcomes,pull_request_opened,FALSE,sa,6,2.00755575638429,1.82494085204033,-1.56932831361475,5.58443982638334
opened_cohort,important_degree_top3,rolling5,exact1,nevertreated,full_sample,"","",github_outcomes,pull_request_opened,FALSE,sa,7,3.54208353473954,2.14120345030813,-0.654675227864406,7.73884229734348
opened_cohort,important_degree_top3,rolling5,exact1,nevertreated,full_sample,"","",github_outcomes,pull_request_opened,FALSE,sa,8,5.14920215305667,2.55642928754391,0.138600749470608,10.1598035566427
opened_cohort,important_degree_top3,rolling5,exact1,nevertreated,full_sample,"","",github_outcomes,pull_request_opened,FALSE,sa,9,4.80543617169116,2.22127555814338,0.451736077730135,9.15913626565218
opened_cohort,important_degree_top3,rolling5,exact1,nevertreated,full_sample,"","",github_outcomes,pull_request_opened,FALSE,sa,10,2.53199898029994,3.0324921210311,-3.41168557692101,8.47568353752089
opened_cohort,important_degree_top3,rolling5,exact1,nevertreated,full_sample,"","",github_outcomes,pull_request_opened,FALSE,sa,11,1.85014443362235,3.83724214541263,-5.67085017138641,9.3711390386311
opened_cohort,important_degree_top3,rolling5,exact1,nevertreated,full_sample,"","",github_outcomes,pull_request_merged,TRUE,sa,-15,-0.554355944963047,0.463633173879442,-1.46307696576675,0.354365075840659
opened_cohort,important_degree_top3,rolling5,exact1,nevertreated,full_sample,"","",github_outcomes,pull_request_merged,TRUE,sa,-14,0.46603075000812,0.886578054642983,-1.27166223709213,2.20372373710837
opened_cohort,important_degree_top3,rolling5,exact1,nevertreated,full_sample,"","",github_outcomes,pull_request_merged,TRUE,sa,-13,1.00738998735255,0.639654440159698,-0.246332715360463,2.26111269006556
opened_cohort,important_degree_top3,rolling5,exact1,nevertreated,full_sample,"","",github_outcomes,pull_request_merged,TRUE,sa,-12,0.13375069319332,0.384331618275412,-0.619539278626488,0.887040665013127
opened_cohort,important_degree_top3,rolling5,exact1,nevertreated,full_sample,"","",github_outcomes,pull_request_merged,TRUE,sa,-11,0.588053353934709,0.423324455628001,-0.241662579096173,1.41776928696559
opened_cohort,important_degree_top3,rolling5,exact1,nevertreated,full_sample,"","",github_outcomes,pull_request_merged,TRUE,sa,-10,0.883440292385863,0.437007293812996,0.02690599651239,1.73997458825934
opened_cohort,important_degree_top3,rolling5,exact1,nevertreated,full_sample,"","",github_outcomes,pull_request_merged,TRUE,sa,-9,0.730754172167452,0.367596115372691,0.0102657860369778,1.45124255829793
opened_cohort,important_degree_top3,rolling5,exact1,nevertreated,full_sample,"","",github_outcomes,pull_request_merged,TRUE,sa,-8,0.2885843919015,0.267122517453709,-0.234975742307769,0.812144526110768
opened_cohort,important_degree_top3,rolling5,exact1,nevertreated,full_sample,"","",github_outcomes,pull_request_merged,TRUE,sa,-7,0.574249089831238,0.239493041992429,0.104842727526076,1.0436554521364
opened_cohort,important_degree_top3,rolling5,exact1,nevertreated,full_sample,"","",github_outcomes,pull_request_merged,TRUE,sa,-6,0.685869810074917,0.265940642315387,0.164626151136758,1.20711346901308
opened_cohort,important_degree_top3,rolling5,exact1,nevertreated,full_sample,"","",github_outcomes,pull_request_merged,TRUE,sa,-5,0.168812653874089,0.142927495370088,-0.111325237051284,0.448950544799462
opened_cohort,important_degree_top3,rolling5,exact1,nevertreated,full_sample,"","",github_outcomes,pull_request_merged,TRUE,sa,-4,0.0873270630696924,0.132887905932859,-0.17313323255871,0.347787358698095
opened_cohort,important_degree_top3,rolling5,exact1,nevertreated,full_sample,"","",github_outcomes,pull_request_merged,TRUE,sa,-3,0.14317725909282,0.131636664170515,-0.11483060268139,0.40118512086703
opened_cohort,important_degree_top3,rolling5,exact1,nevertreated,full_sample,"","",github_outcomes,pull_request_merged,TRUE,sa,-2,0.2533369090985,0.118928178568018,0.0202376791051855,0.486436139091815
opened_cohort,important_degree_top3,rolling5,exact1,nevertreated,full_sample,"","",github_outcomes,pull_request_merged,TRUE,sa,-1,0,0,0,0
opened_cohort,important_degree_top3,rolling5,exact1,nevertreated,full_sample,"","",github_outcomes,pull_request_merged,TRUE,sa,0,-0.0340419055922591,0.148799235798432,-0.325688407757186,0.257604596572668
opened_cohort,important_degree_top3,rolling5,exact1,nevertreated,full_sample,"","",github_outcomes,pull_request_merged,TRUE,sa,1,-0.43788302995888,0.132397157783175,-0.697381459213903,-0.178384600703856
opened_cohort,important_degree_top3,rolling5,exact1,nevertreated,full_sample,"","",github_outcomes,pull_request_merged,TRUE,sa,2,-0.463079155508109,0.190322291893206,-0.836110847618792,-0.0900474633974261
opened_cohort,important_degree_top3,rolling5,exact1,nevertreated,full_sample,"","",github_outcomes,pull_request_merged,TRUE,sa,3,-0.454300391457993,0.16098498144128,-0.769830955082901,-0.138769827833084
opened_cohort,important_degree_top3,rolling5,exact1,nevertreated,full_sample,"","",github_outcomes,pull_request_merged,TRUE,sa,4,-0.347323288331081,0.206586658055218,-0.752233138119308,0.0575865614571453
opened_cohort,important_degree_top3,rolling5,exact1,nevertreated,full_sample,"","",github_outcomes,pull_request_merged,TRUE,sa,5,-0.509141120904355,0.169434411811899,-0.841232568055677,-0.177049673753033
opened_cohort,important_degree_top3,rolling5,exact1,nevertreated,full_sample,"","",github_outcomes,pull_request_merged,TRUE,sa,6,-0.693396780013026,0.180521747624106,-1.04721940535627,-0.339574154669778
opened_cohort,important_degree_top3,rolling5,exact1,nevertreated,full_sample,"","",github_outcomes,pull_request_merged,TRUE,sa,7,-0.556058868641924,0.243203508675871,-1.03273774564663,-0.0793799916372165
opened_cohort,important_degree_top3,rolling5,exact1,nevertreated,full_sample,"","",github_outcomes,pull_request_merged,TRUE,sa,8,-0.594601628621284,0.247266959031643,-1.0792448683233,-0.109958388919263
opened_cohort,important_degree_top3,rolling5,exact1,nevertreated,full_sample,"","",github_outcomes,pull_request_merged,TRUE,sa,9,-0.755454396101516,0.26298334724582,-1.27090175670332,-0.240007035499709
opened_cohort,important_degree_top3,rolling5,exact1,nevertreated,full_sample,"","",github_outcomes,pull_request_merged,TRUE,sa,10,-0.919133719279423,0.292291615770614,-1.49202528618983,-0.346242152369021
opened_cohort,important_degree_top3,rolling5,exact1,nevertreated,full_sample,"","",github_outcomes,pull_request_merged,TRUE,sa,11,-1.44662882619092,0.347513493517944,-2.12775527348609,-0.765502378895749
opened_cohort,important_degree_top3,rolling5,exact1,nevertreated,full_sample,"","",github_outcomes,pull_request_merged,FALSE,sa,-15,-1.88184151518583,2.27330521405038,-6.33751973472457,2.57383670435291
opened_cohort,important_degree_top3,rolling5,exact1,nevertreated,full_sample,"","",github_outcomes,pull_request_merged,FALSE,sa,-14,-1.09089384671003,2.50161438167239,-5.99405803478791,3.81227034136785
opened_cohort,important_degree_top3,rolling5,exact1,nevertreated,full_sample,"","",github_outcomes,pull_request_merged,FALSE,sa,-13,1.41048033590867,2.39827206664984,-3.29013291472502,6.11109358654236
opened_cohort,important_degree_top3,rolling5,exact1,nevertreated,full_sample,"","",github_outcomes,pull_request_merged,FALSE,sa,-12,-1.20047439834752,1.94567237370455,-5.01399225080843,2.61304345411339
opened_cohort,important_degree_top3,rolling5,exact1,nevertreated,full_sample,"","",github_outcomes,pull_request_merged,FALSE,sa,-11,1.56886170018892,2.07557531504329,-2.49926591729593,5.63698931767377
opened_cohort,important_degree_top3,rolling5,exact1,nevertreated,full_sample,"","",github_outcomes,pull_request_merged,FALSE,sa,-10,1.12433553984628,1.78966594164483,-2.38340970577759,4.63208078547015
opened_cohort,important_degree_top3,rolling5,exact1,nevertreated,full_sample,"","",github_outcomes,pull_request_merged,FALSE,sa,-9,0.830598886380158,2.17000363261681,-3.42260823354879,5.08380600630911
opened_cohort,important_degree_top3,rolling5,exact1,nevertreated,full_sample,"","",github_outcomes,pull_request_merged,FALSE,sa,-8,0.048612637406505,1.72937561344349,-3.34096356494273,3.43818883975574
opened_cohort,important_degree_top3,rolling5,exact1,nevertreated,full_sample,"","",github_outcomes,pull_request_merged,FALSE,sa,-7,1.48091375837583,1.69064831411679,-1.83275693729307,4.79458445404473
opened_cohort,important_degree_top3,rolling5,exact1,nevertreated,full_sample,"","",github_outcomes,pull_request_merged,FALSE,sa,-6,1.06443505561896,1.53881734610755,-1.95164694275184,4.08051705398975
opened_cohort,important_degree_top3,rolling5,exact1,nevertreated,full_sample,"","",github_outcomes,pull_request_merged,FALSE,sa,-5,1.5576364519403,1.53780473874131,-1.45646083599267,4.57173373987326
opened_cohort,important_degree_top3,rolling5,exact1,nevertreated,full_sample,"","",github_outcomes,pull_request_merged,FALSE,sa,-4,0.893566335570843,1.39808028751752,-1.84667102796349,3.63380369910517
opened_cohort,important_degree_top3,rolling5,exact1,nevertreated,full_sample,"","",github_outcomes,pull_request_merged,FALSE,sa,-3,0.7091458925945,1.00946215000423,-1.26939992141379,2.6876917066028
opened_cohort,important_degree_top3,rolling5,exact1,nevertreated,full_sample,"","",github_outcomes,pull_request_merged,FALSE,sa,-2,0.84696266789226,0.644547451406968,-0.416350336865398,2.11027567264992
opened_cohort,important_degree_top3,rolling5,exact1,nevertreated,full_sample,"","",github_outcomes,pull_request_merged,FALSE,sa,-1,0,0,0,0
opened_cohort,important_degree_top3,rolling5,exact1,nevertreated,full_sample,"","",github_outcomes,pull_request_merged,FALSE,sa,0,-1.18137392810986,0.666273014438275,-2.48726903640887,0.124521180189163
opened_cohort,important_degree_top3,rolling5,exact1,nevertreated,full_sample,"","",github_outcomes,pull_request_merged,FALSE,sa,1,-1.0097019587295,0.743696269374367,-2.46734664670326,0.447942729244261
opened_cohort,important_degree_top3,rolling5,exact1,nevertreated,full_sample,"","",github_outcomes,pull_request_merged,FALSE,sa,2,-0.769207357897305,0.912267636572523,-2.55725192557945,1.01883720978484
opened_cohort,important_degree_top3,rolling5,exact1,nevertreated,full_sample,"","",github_outcomes,pull_request_merged,FALSE,sa,3,-0.12428897714229,1.08814362688694,-2.2570504858407,2.00847253155612
opened_cohort,important_degree_top3,rolling5,exact1,nevertreated,full_sample,"","",github_outcomes,pull_request_merged,FALSE,sa,4,0.00918249402564403,1.21048644134174,-2.36337093100417,2.38173591905546
opened_cohort,important_degree_top3,rolling5,exact1,nevertreated,full_sample,"","",github_outcomes,pull_request_merged,FALSE,sa,5,0.499521268641969,1.3180812744,-2.08391802918204,3.08296056646598
opened_cohort,important_degree_top3,rolling5,exact1,nevertreated,full_sample,"","",github_outcomes,pull_request_merged,FALSE,sa,6,1.20091233456189,1.49784783476309,-1.73486942157376,4.13669409069754
opened_cohort,important_degree_top3,rolling5,exact1,nevertreated,full_sample,"","",github_outcomes,pull_request_merged,FALSE,sa,7,2.84288947025224,1.74610539235547,-0.579477098764485,6.26525603926897
opened_cohort,important_degree_top3,rolling5,exact1,nevertreated,full_sample,"","",github_outcomes,pull_request_merged,FALSE,sa,8,4.23923430452958,2.10973222225893,0.104159148902071,8.37430946015708
opened_cohort,important_degree_top3,rolling5,exact1,nevertreated,full_sample,"","",github_outcomes,pull_request_merged,FALSE,sa,9,4.14442292326976,1.82266842402599,0.571992812178827,7.71685303436069
opened_cohort,important_degree_top3,rolling5,exact1,nevertreated,full_sample,"","",github_outcomes,pull_request_merged,FALSE,sa,10,2.59799317515653,2.56511108519101,-2.42962455181785,7.62561090213091
opened_cohort,important_degree_top3,rolling5,exact1,nevertreated,full_sample,"","",github_outcomes,pull_request_merged,FALSE,sa,11,0.981280972769439,4.4409268805184,-7.72293571304662,9.6854976585855
opened_cohort,important_degree_top3,rolling5,exact1,nevertreated,full_sample,"","",downstream_outcomes,overall_new_release_count,TRUE,sa,-15,-0.0306134583072953,0.287826819137053,-0.594754023815919,0.533527107201329
opened_cohort,important_degree_top3,rolling5,exact1,nevertreated,full_sample,"","",downstream_outcomes,overall_new_release_count,TRUE,sa,-14,0.183011349703419,0.21800385403534,-0.244276204205848,0.610298903612685
opened_cohort,important_degree_top3,rolling5,exact1,nevertreated,full_sample,"","",downstream_outcomes,overall_new_release_count,TRUE,sa,-13,0.220786991989342,0.192247364869727,-0.156017843155322,0.597591827134006
opened_cohort,important_degree_top3,rolling5,exact1,nevertreated,full_sample,"","",downstream_outcomes,overall_new_release_count,TRUE,sa,-12,0.302994962177069,0.167966185739121,-0.0262187618716088,0.632208686225747
opened_cohort,important_degree_top3,rolling5,exact1,nevertreated,full_sample,"","",downstream_outcomes,overall_new_release_count,TRUE,sa,-11,0.297197073824279,0.150532621958661,0.00215313478530466,0.592241012863254
opened_cohort,important_degree_top3,rolling5,exact1,nevertreated,full_sample,"","",downstream_outcomes,overall_new_release_count,TRUE,sa,-10,0.165441779734863,0.163400831399079,-0.154823849807332,0.485707409277058
opened_cohort,important_degree_top3,rolling5,exact1,nevertreated,full_sample,"","",downstream_outcomes,overall_new_release_count,TRUE,sa,-9,0.113313296225095,0.140967018602845,-0.162982060236482,0.389608652686672
opened_cohort,important_degree_top3,rolling5,exact1,nevertreated,full_sample,"","",downstream_outcomes,overall_new_release_count,TRUE,sa,-8,0.156089949626542,0.131118672201376,-0.100902647888155,0.413082547141238
opened_cohort,important_degree_top3,rolling5,exact1,nevertreated,full_sample,"","",downstream_outcomes,overall_new_release_count,TRUE,sa,-7,0.303188223546818,0.199903261042972,-0.0886221680974079,0.694998615191044
opened_cohort,important_degree_top3,rolling5,exact1,nevertreated,full_sample,"","",downstream_outcomes,overall_new_release_count,TRUE,sa,-6,0.256472896645052,0.171343038357874,-0.0793594585363812,0.592305251826485
opened_cohort,important_degree_top3,rolling5,exact1,nevertreated,full_sample,"","",downstream_outcomes,overall_new_release_count,TRUE,sa,-5,-0.0736347374958348,0.117293955420978,-0.303530890120951,0.156261415129281
opened_cohort,important_degree_top3,rolling5,exact1,nevertreated,full_sample,"","",downstream_outcomes,overall_new_release_count,TRUE,sa,-4,-0.172902478948546,0.117610712442184,-0.403419475335226,0.0576145174381347
opened_cohort,important_degree_top3,rolling5,exact1,nevertreated,full_sample,"","",downstream_outcomes,overall_new_release_count,TRUE,sa,-3,-0.0991163852558938,0.12401736761891,-0.342190425788957,0.14395765527717
opened_cohort,important_degree_top3,rolling5,exact1,nevertreated,full_sample,"","",downstream_outcomes,overall_new_release_count,TRUE,sa,-2,-0.0299096331787739,0.117951650881036,-0.261094868905605,0.201275602548057
opened_cohort,important_degree_top3,rolling5,exact1,nevertreated,full_sample,"","",downstream_outcomes,overall_new_release_count,TRUE,sa,-1,0,0,0,0
opened_cohort,important_degree_top3,rolling5,exact1,nevertreated,full_sample,"","",downstream_outcomes,overall_new_release_count,TRUE,sa,0,0.0657232838141144,0.176212932455745,-0.279654063799145,0.411100631427374
opened_cohort,important_degree_top3,rolling5,exact1,nevertreated,full_sample,"","",downstream_outcomes,overall_new_release_count,TRUE,sa,1,-0.44349716390141,0.135342086968829,-0.708767654360315,-0.178226673442505
opened_cohort,important_degree_top3,rolling5,exact1,nevertreated,full_sample,"","",downstream_outcomes,overall_new_release_count,TRUE,sa,2,-0.577469956029079,0.116340736101688,-0.805497798788388,-0.34944211326977
opened_cohort,important_degree_top3,rolling5,exact1,nevertreated,full_sample,"","",downstream_outcomes,overall_new_release_count,TRUE,sa,3,-0.491133486881057,0.146300174290377,-0.777881828490196,-0.204385145271918
opened_cohort,important_degree_top3,rolling5,exact1,nevertreated,full_sample,"","",downstream_outcomes,overall_new_release_count,TRUE,sa,4,-0.192087928741024,0.288856120769739,-0.758245925449712,0.374070067967663
opened_cohort,important_degree_top3,rolling5,exact1,nevertreated,full_sample,"","",downstream_outcomes,overall_new_release_count,TRUE,sa,5,-0.388449907666841,0.26916526498753,-0.916013827042399,0.139114011708717
opened_cohort,important_degree_top3,rolling5,exact1,nevertreated,full_sample,"","",downstream_outcomes,overall_new_release_count,TRUE,sa,6,-0.559485653231473,0.167435161049242,-0.887658568887987,-0.23131273757496
opened_cohort,important_degree_top3,rolling5,exact1,nevertreated,full_sample,"","",downstream_outcomes,overall_new_release_count,TRUE,sa,7,-0.52594209599545,0.177573013509451,-0.873985202473974,-0.177898989516926
opened_cohort,important_degree_top3,rolling5,exact1,nevertreated,full_sample,"","",downstream_outcomes,overall_new_release_count,TRUE,sa,8,-0.537673368072648,0.203862048432921,-0.937242983001174,-0.138103753144122
opened_cohort,important_degree_top3,rolling5,exact1,nevertreated,full_sample,"","",downstream_outcomes,overall_new_release_count,TRUE,sa,9,-0.593915663521266,0.282330029412054,-1.14728252116889,-0.0405488058736413
opened_cohort,important_degree_top3,rolling5,exact1,nevertreated,full_sample,"","",downstream_outcomes,overall_new_release_count,TRUE,sa,10,-0.521767331844754,0.51586743748779,-1.53286750932082,0.489332845631315
opened_cohort,important_degree_top3,rolling5,exact1,nevertreated,full_sample,"","",downstream_outcomes,overall_new_release_count,TRUE,sa,11,-1.22862867630929,0.537286141341557,-2.28170951333875,-0.175547839279844
opened_cohort,important_degree_top3,rolling5,exact1,nevertreated,full_sample,"","",downstream_outcomes,overall_new_release_count,FALSE,sa,-15,0.602427964990446,1.10566672228801,-1.56467881069405,2.76953474067495
opened_cohort,important_degree_top3,rolling5,exact1,nevertreated,full_sample,"","",downstream_outcomes,overall_new_release_count,FALSE,sa,-14,1.07123177612132,1.03358464744291,-0.954594132866794,3.09705768510943
opened_cohort,important_degree_top3,rolling5,exact1,nevertreated,full_sample,"","",downstream_outcomes,overall_new_release_count,FALSE,sa,-13,0.776022309765724,1.44544805175241,-2.057055871669,3.60910049120045
opened_cohort,important_degree_top3,rolling5,exact1,nevertreated,full_sample,"","",downstream_outcomes,overall_new_release_count,FALSE,sa,-12,1.18082158446676,1.27789715465477,-1.3238568386566,3.68550000759011
opened_cohort,important_degree_top3,rolling5,exact1,nevertreated,full_sample,"","",downstream_outcomes,overall_new_release_count,FALSE,sa,-11,1.44347236876702,1.15267961630219,-0.815779679185285,3.70272441671932
opened_cohort,important_degree_top3,rolling5,exact1,nevertreated,full_sample,"","",downstream_outcomes,overall_new_release_count,FALSE,sa,-10,1.51094682510459,1.18500256987446,-0.811658211849343,3.83355186205853
opened_cohort,important_degree_top3,rolling5,exact1,nevertreated,full_sample,"","",downstream_outcomes,overall_new_release_count,FALSE,sa,-9,1.13538476342175,1.21659319911609,-1.24913790684578,3.51990743368929
opened_cohort,important_degree_top3,rolling5,exact1,nevertreated,full_sample,"","",downstream_outcomes,overall_new_release_count,FALSE,sa,-8,1.49546392160073,1.19649120407132,-0.849658838379046,3.84058668158051
opened_cohort,important_degree_top3,rolling5,exact1,nevertreated,full_sample,"","",downstream_outcomes,overall_new_release_count,FALSE,sa,-7,0.924089019082141,1.1348950084324,-1.30030519744537,3.14848323560965
opened_cohort,important_degree_top3,rolling5,exact1,nevertreated,full_sample,"","",downstream_outcomes,overall_new_release_count,FALSE,sa,-6,0.702736107271043,1.12117492150577,-1.49476673888026,2.90023895342234
opened_cohort,important_degree_top3,rolling5,exact1,nevertreated,full_sample,"","",downstream_outcomes,overall_new_release_count,FALSE,sa,-5,-0.529378204036946,1.33903132424266,-3.15387959955256,2.09512319147867
opened_cohort,important_degree_top3,rolling5,exact1,nevertreated,full_sample,"","",downstream_outcomes,overall_new_release_count,FALSE,sa,-4,-0.55888682958847,1.34564153117184,-3.19634423068528,2.07857057150834
opened_cohort,important_degree_top3,rolling5,exact1,nevertreated,full_sample,"","",downstream_outcomes,overall_new_release_count,FALSE,sa,-3,-0.789270558705586,1.07104434414757,-2.88851747323483,1.30997635582366
opened_cohort,important_degree_top3,rolling5,exact1,nevertreated,full_sample,"","",downstream_outcomes,overall_new_release_count,FALSE,sa,-2,-0.614102221532232,0.728459200094983,-2.0418822537184,0.813677810653934
opened_cohort,important_degree_top3,rolling5,exact1,nevertreated,full_sample,"","",downstream_outcomes,overall_new_release_count,FALSE,sa,-1,0,0,0,0
opened_cohort,important_degree_top3,rolling5,exact1,nevertreated,full_sample,"","",downstream_outcomes,overall_new_release_count,FALSE,sa,0,-0.569152280199904,0.3975957900027,-1.3484400286052,0.210135468205389
opened_cohort,important_degree_top3,rolling5,exact1,nevertreated,full_sample,"","",downstream_outcomes,overall_new_release_count,FALSE,sa,1,-1.03668337756133,0.473482647629521,-1.96470936691519,-0.108657388207466
opened_cohort,important_degree_top3,rolling5,exact1,nevertreated,full_sample,"","",downstream_outcomes,overall_new_release_count,FALSE,sa,2,-1.52211994365688,0.666311382406113,-2.82809025317287,-0.216149634140902
opened_cohort,important_degree_top3,rolling5,exact1,nevertreated,full_sample,"","",downstream_outcomes,overall_new_release_count,FALSE,sa,3,-2.01106049384975,1.20746162066687,-4.37768527035681,0.355564282657312
opened_cohort,important_degree_top3,rolling5,exact1,nevertreated,full_sample,"","",downstream_outcomes,overall_new_release_count,FALSE,sa,4,-2.0502613159383,1.27411217277959,-4.54752117458629,0.446998542709697
opened_cohort,important_degree_top3,rolling5,exact1,nevertreated,full_sample,"","",downstream_outcomes,overall_new_release_count,FALSE,sa,5,-2.26710402411369,1.28108966736278,-4.77803977214474,0.243831723917353
opened_cohort,important_degree_top3,rolling5,exact1,nevertreated,full_sample,"","",downstream_outcomes,overall_new_release_count,FALSE,sa,6,-2.2953189490505,1.61713484294993,-5.46490324123236,0.874265343131364
opened_cohort,important_degree_top3,rolling5,exact1,nevertreated,full_sample,"","",downstream_outcomes,overall_new_release_count,FALSE,sa,7,-2.39930224268737,1.93229472265735,-6.18659989909577,1.38799541372103
opened_cohort,important_degree_top3,rolling5,exact1,nevertreated,full_sample,"","",downstream_outcomes,overall_new_release_count,FALSE,sa,8,-0.648298719306578,1.05791788828985,-2.72181778035468,1.42522034174152
opened_cohort,important_degree_top3,rolling5,exact1,nevertreated,full_sample,"","",downstream_outcomes,overall_new_release_count,FALSE,sa,9,-1.45151793203424,1.22601779844903,-3.85451281699434,0.951476952925864
opened_cohort,important_degree_top3,rolling5,exact1,nevertreated,full_sample,"","",downstream_outcomes,overall_new_release_count,FALSE,sa,10,-2.94871763292749,1.83065408599665,-6.53679964148092,0.639364375625945
opened_cohort,important_degree_top3,rolling5,exact1,nevertreated,full_sample,"","",downstream_outcomes,overall_new_release_count,FALSE,sa,11,-2.23477415860103,1.55085196885458,-5.274444017556,0.804895700353939
opened_cohort,important_degree_top3,rolling5,exact1,nevertreated,pc_score,collaboration_pc_score,low,github_outcomes,pull_request_opened,TRUE,sa,-15,-1.88671514221122,0.377910995482711,-2.62742069335733,-1.14600959106511
opened_cohort,important_degree_top3,rolling5,exact1,nevertreated,pc_score,collaboration_pc_score,low,github_outcomes,pull_request_opened,TRUE,sa,-14,-1.30193655008169,0.338967722082677,-1.96631328536373,-0.637559814799641
opened_cohort,important_degree_top3,rolling5,exact1,nevertreated,pc_score,collaboration_pc_score,low,github_outcomes,pull_request_opened,TRUE,sa,-13,0.2299557023642,0.3517235335723,-0.459422423437508,0.919333828165909
opened_cohort,important_degree_top3,rolling5,exact1,nevertreated,pc_score,collaboration_pc_score,low,github_outcomes,pull_request_opened,TRUE,sa,-12,0.394305981175904,0.45493133992666,-0.49735944508035,1.28597140743216
opened_cohort,important_degree_top3,rolling5,exact1,nevertreated,pc_score,collaboration_pc_score,low,github_outcomes,pull_request_opened,TRUE,sa,-11,0.985163582860248,0.556270892724154,-0.105127366879093,2.07545453259959
opened_cohort,important_degree_top3,rolling5,exact1,nevertreated,pc_score,collaboration_pc_score,low,github_outcomes,pull_request_opened,TRUE,sa,-10,1.14513204319064,0.56133719008369,0.0449111506266104,2.24535293575468
opened_cohort,important_degree_top3,rolling5,exact1,nevertreated,pc_score,collaboration_pc_score,low,github_outcomes,pull_request_opened,TRUE,sa,-9,0.621276478046444,0.500107743408081,-0.358934699033395,1.60148765512628
opened_cohort,important_degree_top3,rolling5,exact1,nevertreated,pc_score,collaboration_pc_score,low,github_outcomes,pull_request_opened,TRUE,sa,-8,-0.109507655307978,0.336060076351108,-0.768185404956149,0.549170094340193
opened_cohort,important_degree_top3,rolling5,exact1,nevertreated,pc_score,collaboration_pc_score,low,github_outcomes,pull_request_opened,TRUE,sa,-7,0.344831651495414,0.290082593614802,-0.223730231989599,0.913393534980427
opened_cohort,important_degree_top3,rolling5,exact1,nevertreated,pc_score,collaboration_pc_score,low,github_outcomes,pull_request_opened,TRUE,sa,-6,0.210505854076554,0.252951884294101,-0.285279839139884,0.706291547292992
opened_cohort,important_degree_top3,rolling5,exact1,nevertreated,pc_score,collaboration_pc_score,low,github_outcomes,pull_request_opened,TRUE,sa,-5,0.256439905372779,0.178633404202414,-0.0936815668639525,0.606561377609511
opened_cohort,important_degree_top3,rolling5,exact1,nevertreated,pc_score,collaboration_pc_score,low,github_outcomes,pull_request_opened,TRUE,sa,-4,-0.0344445425207621,0.158337136539558,-0.344785330138297,0.275896245096773
opened_cohort,important_degree_top3,rolling5,exact1,nevertreated,pc_score,collaboration_pc_score,low,github_outcomes,pull_request_opened,TRUE,sa,-3,0.0496868762517465,0.160191322722605,-0.264288116284559,0.363661868788052
opened_cohort,important_degree_top3,rolling5,exact1,nevertreated,pc_score,collaboration_pc_score,low,github_outcomes,pull_request_opened,TRUE,sa,-2,0.404554376171748,0.148861525713567,0.112785785773157,0.696322966570339
opened_cohort,important_degree_top3,rolling5,exact1,nevertreated,pc_score,collaboration_pc_score,low,github_outcomes,pull_request_opened,TRUE,sa,-1,0,0,0,0
opened_cohort,important_degree_top3,rolling5,exact1,nevertreated,pc_score,collaboration_pc_score,low,github_outcomes,pull_request_opened,TRUE,sa,0,0.232865367115202,0.251402715690308,-0.259883955637801,0.725614689868205
opened_cohort,important_degree_top3,rolling5,exact1,nevertreated,pc_score,collaboration_pc_score,low,github_outcomes,pull_request_opened,TRUE,sa,1,-0.409803612963113,0.142679807609768,-0.68945603587826,-0.130151190047967
opened_cohort,important_degree_top3,rolling5,exact1,nevertreated,pc_score,collaboration_pc_score,low,github_outcomes,pull_request_opened,TRUE,sa,2,-0.539356811536823,0.15537261637455,-0.843887139630941,-0.234826483442704
opened_cohort,important_degree_top3,rolling5,exact1,nevertreated,pc_score,collaboration_pc_score,low,github_outcomes,pull_request_opened,TRUE,sa,3,-0.22420080765645,0.207945745435297,-0.631774468709632,0.183372853396733
opened_cohort,important_degree_top3,rolling5,exact1,nevertreated,pc_score,collaboration_pc_score,low,github_outcomes,pull_request_opened,TRUE,sa,4,-0.228264245613957,0.263861334418932,-0.745432461075064,0.28890396984715
opened_cohort,important_degree_top3,rolling5,exact1,nevertreated,pc_score,collaboration_pc_score,low,github_outcomes,pull_request_opened,TRUE,sa,5,-0.476787330534353,0.180963259821952,-0.831475319785378,-0.122099341283328
opened_cohort,important_degree_top3,rolling5,exact1,nevertreated,pc_score,collaboration_pc_score,low,github_outcomes,pull_request_opened,TRUE,sa,6,-0.33334169565234,0.23311619938343,-0.790249446443864,0.123566055139183
opened_cohort,important_degree_top3,rolling5,exact1,nevertreated,pc_score,collaboration_pc_score,low,github_outcomes,pull_request_opened,TRUE,sa,7,-0.338990043139685,0.249437444914512,-0.827887435172129,0.149907348892759
opened_cohort,important_degree_top3,rolling5,exact1,nevertreated,pc_score,collaboration_pc_score,low,github_outcomes,pull_request_opened,TRUE,sa,8,-0.312762466978767,0.259910113744624,-0.822186289918231,0.196661355960697
opened_cohort,important_degree_top3,rolling5,exact1,nevertreated,pc_score,collaboration_pc_score,low,github_outcomes,pull_request_opened,TRUE,sa,9,-0.881281518926278,0.309763671479535,-1.48841831502617,-0.274144722826391
opened_cohort,important_degree_top3,rolling5,exact1,nevertreated,pc_score,collaboration_pc_score,low,github_outcomes,pull_request_opened,TRUE,sa,10,-1.16253563812284,0.462919619010682,-2.06985809138377,-0.255213184861902
opened_cohort,important_degree_top3,rolling5,exact1,nevertreated,pc_score,collaboration_pc_score,low,github_outcomes,pull_request_opened,TRUE,sa,11,-0.906451808382196,0.318210191904775,-1.53014378451555,-0.282759832248837
opened_cohort,important_degree_top3,rolling5,exact1,nevertreated,pc_score,collaboration_pc_score,high,github_outcomes,pull_request_opened,TRUE,sa,-15,-0.578400174226625,0.658295256181975,-1.8686588763433,0.711858527890047
opened_cohort,important_degree_top3,rolling5,exact1,nevertreated,pc_score,collaboration_pc_score,high,github_outcomes,pull_request_opened,TRUE,sa,-14,-0.809412383637406,1.02205545528971,-2.81264107600524,1.19381630873043
opened_cohort,important_degree_top3,rolling5,exact1,nevertreated,pc_score,collaboration_pc_score,high,github_outcomes,pull_request_opened,TRUE,sa,-13,0.982081675880724,0.692745286898808,-0.375699086440939,2.33986243820239
opened_cohort,important_degree_top3,rolling5,exact1,nevertreated,pc_score,collaboration_pc_score,high,github_outcomes,pull_request_opened,TRUE,sa,-12,-0.613660327619705,0.449338980755581,-1.49436472990064,0.267044074661234
opened_cohort,important_degree_top3,rolling5,exact1,nevertreated,pc_score,collaboration_pc_score,high,github_outcomes,pull_request_opened,TRUE,sa,-11,0.382413872453739,0.789418353298586,-1.16484610001149,1.92967384491897
opened_cohort,important_degree_top3,rolling5,exact1,nevertreated,pc_score,collaboration_pc_score,high,github_outcomes,pull_request_opened,TRUE,sa,-10,-0.33119284013524,0.384923840320663,-1.08564356716374,0.423257886893259
opened_cohort,important_degree_top3,rolling5,exact1,nevertreated,pc_score,collaboration_pc_score,high,github_outcomes,pull_request_opened,TRUE,sa,-9,1.10622862557226,0.835528742839618,-0.531407710393394,2.74386496153791
opened_cohort,important_degree_top3,rolling5,exact1,nevertreated,pc_score,collaboration_pc_score,high,github_outcomes,pull_request_opened,TRUE,sa,-8,0.751908988943134,0.565413779233114,-0.35630201835377,1.86011999624004
opened_cohort,important_degree_top3,rolling5,exact1,nevertreated,pc_score,collaboration_pc_score,high,github_outcomes,pull_request_opened,TRUE,sa,-7,0.723675225733287,0.519049746151733,-0.29366227672411,1.74101272819068
opened_cohort,important_degree_top3,rolling5,exact1,nevertreated,pc_score,collaboration_pc_score,high,github_outcomes,pull_request_opened,TRUE,sa,-6,0.624737807952878,0.403451324208005,-0.166026787494811,1.41550240340057
opened_cohort,important_degree_top3,rolling5,exact1,nevertreated,pc_score,collaboration_pc_score,high,github_outcomes,pull_request_opened,TRUE,sa,-5,-0.0450325613194622,0.217119509189988,-0.470586799331839,0.380521676692915
opened_cohort,important_degree_top3,rolling5,exact1,nevertreated,pc_score,collaboration_pc_score,high,github_outcomes,pull_request_opened,TRUE,sa,-4,0.134718186327184,0.207104370193846,-0.271206379252754,0.540642751907122
opened_cohort,important_degree_top3,rolling5,exact1,nevertreated,pc_score,collaboration_pc_score,high,github_outcomes,pull_request_opened,TRUE,sa,-3,0.0982246040717935,0.20783053244452,-0.309123239519467,0.505572447663054
opened_cohort,important_degree_top3,rolling5,exact1,nevertreated,pc_score,collaboration_pc_score,high,github_outcomes,pull_request_opened,TRUE,sa,-2,-0.0903235449444617,0.173789438975186,-0.430950845335826,0.250303755446903
opened_cohort,important_degree_top3,rolling5,exact1,nevertreated,pc_score,collaboration_pc_score,high,github_outcomes,pull_request_opened,TRUE,sa,-1,0,0,0,0
opened_cohort,important_degree_top3,rolling5,exact1,nevertreated,pc_score,collaboration_pc_score,high,github_outcomes,pull_request_opened,TRUE,sa,0,-0.417129659725022,0.235020931169513,-0.877770684817266,0.0435113653672229
opened_cohort,important_degree_top3,rolling5,exact1,nevertreated,pc_score,collaboration_pc_score,high,github_outcomes,pull_request_opened,TRUE,sa,1,-0.606607835303453,0.254817881744178,-1.10605088352204,-0.107164787084864
opened_cohort,important_degree_top3,rolling5,exact1,nevertreated,pc_score,collaboration_pc_score,high,github_outcomes,pull_request_opened,TRUE,sa,2,-0.632614962840625,0.229837288506838,-1.08309604831403,-0.182133877367223
opened_cohort,important_degree_top3,rolling5,exact1,nevertreated,pc_score,collaboration_pc_score,high,github_outcomes,pull_request_opened,TRUE,sa,3,-1.05200721398755,0.21774552679011,-1.47878844649617,-0.625225981478936
opened_cohort,important_degree_top3,rolling5,exact1,nevertreated,pc_score,collaboration_pc_score,high,github_outcomes,pull_request_opened,TRUE,sa,4,-0.962876529768561,0.254712336167481,-1.46211270865682,-0.4636403508803
opened_cohort,important_degree_top3,rolling5,exact1,nevertreated,pc_score,collaboration_pc_score,high,github_outcomes,pull_request_opened,TRUE,sa,5,-0.967555199242684,0.238620528865521,-1.4352514358191,-0.499858962666264
opened_cohort,important_degree_top3,rolling5,exact1,nevertreated,pc_score,collaboration_pc_score,high,github_outcomes,pull_request_opened,TRUE,sa,6,-1.02112185386519,0.307414904104692,-1.62365506591039,-0.418588641819997
opened_cohort,important_degree_top3,rolling5,exact1,nevertreated,pc_score,collaboration_pc_score,high,github_outcomes,pull_request_opened,TRUE,sa,7,-1.35130071992351,0.354506252151615,-2.04613297414068,-0.656468465706344
opened_cohort,important_degree_top3,rolling5,exact1,nevertreated,pc_score,collaboration_pc_score,high,github_outcomes,pull_request_opened,TRUE,sa,8,-1.55441063714981,0.462242024661143,-2.46040500548565,-0.648416268813969
opened_cohort,important_degree_top3,rolling5,exact1,nevertreated,pc_score,collaboration_pc_score,high,github_outcomes,pull_request_opened,TRUE,sa,9,-1.28851895475286,0.659850503773244,-2.58182594214841,0.00478803264270211
opened_cohort,important_degree_top3,rolling5,exact1,nevertreated,pc_score,collaboration_pc_score,high,github_outcomes,pull_request_opened,TRUE,sa,10,-1.27150862314637,0.45930871200229,-2.17175369867086,-0.371263547621883
opened_cohort,important_degree_top3,rolling5,exact1,nevertreated,pc_score,collaboration_pc_score,high,github_outcomes,pull_request_opened,TRUE,sa,11,-2.15532256234267,0.320886240033933,-2.78425959280917,-1.52638553187616
opened_cohort,important_degree_top3,rolling5,exact1,nevertreated,pc_score,knowledge_level_pc_score,low,github_outcomes,pull_request_opened,TRUE,sa,-15,-0.108540345574724,0.465754781222587,-1.02141971677099,0.804339025621547
opened_cohort,important_degree_top3,rolling5,exact1,nevertreated,pc_score,knowledge_level_pc_score,low,github_outcomes,pull_request_opened,TRUE,sa,-14,0.0410472801406607,1.05777336856703,-2.03218852225071,2.11428308253204
opened_cohort,important_degree_top3,rolling5,exact1,nevertreated,pc_score,knowledge_level_pc_score,low,github_outcomes,pull_request_opened,TRUE,sa,-13,0.69506707016545,0.905774442850414,-1.08025083782136,2.47038497815226
opened_cohort,important_degree_top3,rolling5,exact1,nevertreated,pc_score,knowledge_level_pc_score,low,github_outcomes,pull_request_opened,TRUE,sa,-12,-0.0155106625170638,0.507867576370973,-1.01093111220417,0.979909787170043
opened_cohort,important_degree_top3,rolling5,exact1,nevertreated,pc_score,knowledge_level_pc_score,low,github_outcomes,pull_request_opened,TRUE,sa,-11,0.464148635105547,0.466127394120471,-0.449461057370577,1.37775832758167
opened_cohort,important_degree_top3,rolling5,exact1,nevertreated,pc_score,knowledge_level_pc_score,low,github_outcomes,pull_request_opened,TRUE,sa,-10,0.724461898268631,0.505872359849102,-0.267047927035609,1.71597172357287
opened_cohort,important_degree_top3,rolling5,exact1,nevertreated,pc_score,knowledge_level_pc_score,low,github_outcomes,pull_request_opened,TRUE,sa,-9,0.821549099732182,0.511104868793651,-0.180216443103374,1.82331464256774
opened_cohort,important_degree_top3,rolling5,exact1,nevertreated,pc_score,knowledge_level_pc_score,low,github_outcomes,pull_request_opened,TRUE,sa,-8,0.539986321380624,0.510894906589236,-0.461367695534279,1.54134033829553
opened_cohort,important_degree_top3,rolling5,exact1,nevertreated,pc_score,knowledge_level_pc_score,low,github_outcomes,pull_request_opened,TRUE,sa,-7,0.287249913868121,0.29641540823799,-0.293724286278339,0.86822411401458
opened_cohort,important_degree_top3,rolling5,exact1,nevertreated,pc_score,knowledge_level_pc_score,low,github_outcomes,pull_request_opened,TRUE,sa,-6,0.397852565989135,0.304558041299888,-0.199081194958646,0.994786326936915
opened_cohort,important_degree_top3,rolling5,exact1,nevertreated,pc_score,knowledge_level_pc_score,low,github_outcomes,pull_request_opened,TRUE,sa,-5,0.108267987377063,0.204796492057055,-0.293133137054765,0.509669111808891
opened_cohort,important_degree_top3,rolling5,exact1,nevertreated,pc_score,knowledge_level_pc_score,low,github_outcomes,pull_request_opened,TRUE,sa,-4,-0.0610681901538992,0.181213921263926,-0.416247475831195,0.294111095523397
opened_cohort,important_degree_top3,rolling5,exact1,nevertreated,pc_score,knowledge_level_pc_score,low,github_outcomes,pull_request_opened,TRUE,sa,-3,0.0279843969961993,0.196369206033813,-0.356899246830074,0.412868040822472
opened_cohort,important_degree_top3,rolling5,exact1,nevertreated,pc_score,knowledge_level_pc_score,low,github_outcomes,pull_request_opened,TRUE,sa,-2,0.30434831622015,0.15934156532898,-0.00796115182465179,0.616657784264952
opened_cohort,important_degree_top3,rolling5,exact1,nevertreated,pc_score,knowledge_level_pc_score,low,github_outcomes,pull_request_opened,TRUE,sa,-1,0,0,0,0
opened_cohort,important_degree_top3,rolling5,exact1,nevertreated,pc_score,knowledge_level_pc_score,low,github_outcomes,pull_request_opened,TRUE,sa,0,-0.23636965084679,0.187104587195458,-0.603094641749888,0.130355340056308
opened_cohort,important_degree_top3,rolling5,exact1,nevertreated,pc_score,knowledge_level_pc_score,low,github_outcomes,pull_request_opened,TRUE,sa,1,-0.464717609019894,0.200386918670467,-0.85747596961401,-0.0719592484257778
opened_cohort,important_degree_top3,rolling5,exact1,nevertreated,pc_score,knowledge_level_pc_score,low,github_outcomes,pull_request_opened,TRUE,sa,2,-0.634897050917466,0.172493044243586,-0.972983417634894,-0.296810684200037
opened_cohort,important_degree_top3,rolling5,exact1,nevertreated,pc_score,knowledge_level_pc_score,low,github_outcomes,pull_request_opened,TRUE,sa,3,-0.631209805651491,0.21664154545385,-1.05582723474104,-0.206592376561944
opened_cohort,important_degree_top3,rolling5,exact1,nevertreated,pc_score,knowledge_level_pc_score,low,github_outcomes,pull_request_opened,TRUE,sa,4,-0.552913831857112,0.298251467617632,-1.13748670838767,0.0316590446734454
opened_cohort,important_degree_top3,rolling5,exact1,nevertreated,pc_score,knowledge_level_pc_score,low,github_outcomes,pull_request_opened,TRUE,sa,5,-0.797281271836944,0.223833437063188,-1.23599480848079,-0.358567735193095
opened_cohort,important_degree_top3,rolling5,exact1,nevertreated,pc_score,knowledge_level_pc_score,low,github_outcomes,pull_request_opened,TRUE,sa,6,-0.707751405647335,0.263590070417198,-1.22438794366504,-0.191114867629626
opened_cohort,important_degree_top3,rolling5,exact1,nevertreated,pc_score,knowledge_level_pc_score,low,github_outcomes,pull_request_opened,TRUE,sa,7,-0.759603982713868,0.336151060735579,-1.4184600617556,-0.100747903672132
opened_cohort,important_degree_top3,rolling5,exact1,nevertreated,pc_score,knowledge_level_pc_score,low,github_outcomes,pull_request_opened,TRUE,sa,8,-0.658000863376964,0.384032500569229,-1.41070456449265,0.0947028377387245
opened_cohort,important_degree_top3,rolling5,exact1,nevertreated,pc_score,knowledge_level_pc_score,low,github_outcomes,pull_request_opened,TRUE,sa,9,-0.631583413711877,0.384754972402229,-1.38570315962025,0.122536332196491
opened_cohort,important_degree_top3,rolling5,exact1,nevertreated,pc_score,knowledge_level_pc_score,low,github_outcomes,pull_request_opened,TRUE,sa,10,-0.746760620526588,0.382349062107818,-1.49616478225791,0.00264354120473509
opened_cohort,important_degree_top3,rolling5,exact1,nevertreated,pc_score,knowledge_level_pc_score,low,github_outcomes,pull_request_opened,TRUE,sa,11,-0.552212451722784,0.367072082784625,-1.27167373398065,0.167248830535081
opened_cohort,important_degree_top3,rolling5,exact1,nevertreated,pc_score,knowledge_level_pc_score,high,github_outcomes,pull_request_opened,TRUE,sa,-15,-2.40340435786097,0.558331359668653,-3.49773382281153,-1.30907489291041
opened_cohort,important_degree_top3,rolling5,exact1,nevertreated,pc_score,knowledge_level_pc_score,high,github_outcomes,pull_request_opened,TRUE,sa,-14,-2.31509211957051,0.570497937256183,-3.43326807659262,-1.19691616254839
opened_cohort,important_degree_top3,rolling5,exact1,nevertreated,pc_score,knowledge_level_pc_score,high,github_outcomes,pull_request_opened,TRUE,sa,-13,0.678261743448543,0.623700887531067,-0.544191996112349,1.90071548300943
opened_cohort,important_degree_top3,rolling5,exact1,nevertreated,pc_score,knowledge_level_pc_score,high,github_outcomes,pull_request_opened,TRUE,sa,-12,-0.443084752580145,0.472763417021617,-1.36970104994251,0.483531544782224
opened_cohort,important_degree_top3,rolling5,exact1,nevertreated,pc_score,knowledge_level_pc_score,high,github_outcomes,pull_request_opened,TRUE,sa,-11,0.914079340807645,0.820763142944944,-0.694616419364445,2.52277510097974
opened_cohort,important_degree_top3,rolling5,exact1,nevertreated,pc_score,knowledge_level_pc_score,high,github_outcomes,pull_request_opened,TRUE,sa,-10,-0.00309678893978937,0.444846902580241,-0.874996717997062,0.868803140117483
opened_cohort,important_degree_top3,rolling5,exact1,nevertreated,pc_score,knowledge_level_pc_score,high,github_outcomes,pull_request_opened,TRUE,sa,-9,0.981832951670662,0.709285341226337,-0.408366317132959,2.37203222047428
opened_cohort,important_degree_top3,rolling5,exact1,nevertreated,pc_score,knowledge_level_pc_score,high,github_outcomes,pull_request_opened,TRUE,sa,-8,0.162182960520351,0.34522629022197,-0.514460568314711,0.838826489355413
opened_cohort,important_degree_top3,rolling5,exact1,nevertreated,pc_score,knowledge_level_pc_score,high,github_outcomes,pull_request_opened,TRUE,sa,-7,0.894343199102323,0.464467917531954,-0.0160139192603068,1.80470031746495
opened_cohort,important_degree_top3,rolling5,exact1,nevertreated,pc_score,knowledge_level_pc_score,high,github_outcomes,pull_request_opened,TRUE,sa,-6,0.572208624394833,0.33243531781226,-0.0793645985171967,1.22378184730686
opened_cohort,important_degree_top3,rolling5,exact1,nevertreated,pc_score,knowledge_level_pc_score,high,github_outcomes,pull_request_opened,TRUE,sa,-5,0.162527449877355,0.186632292565772,-0.203271843551557,0.528326743306268
opened_cohort,important_degree_top3,rolling5,exact1,nevertreated,pc_score,knowledge_level_pc_score,high,github_outcomes,pull_request_opened,TRUE,sa,-4,0.205132683798556,0.158342743505275,-0.105219093471783,0.515484461068895
opened_cohort,important_degree_top3,rolling5,exact1,nevertreated,pc_score,knowledge_level_pc_score,high,github_outcomes,pull_request_opened,TRUE,sa,-3,0.169744729026348,0.156090567578176,-0.136192783426878,0.475682241479574
opened_cohort,important_degree_top3,rolling5,exact1,nevertreated,pc_score,knowledge_level_pc_score,high,github_outcomes,pull_request_opened,TRUE,sa,-2,0.0431976632818728,0.153459034085759,-0.257582043526214,0.34397737008996
opened_cohort,important_degree_top3,rolling5,exact1,nevertreated,pc_score,knowledge_level_pc_score,high,github_outcomes,pull_request_opened,TRUE,sa,-1,0,0,0,0
opened_cohort,important_degree_top3,rolling5,exact1,nevertreated,pc_score,knowledge_level_pc_score,high,github_outcomes,pull_request_opened,TRUE,sa,0,0.157054164610897,0.300824100341779,-0.43256107205899,0.746669401280784
opened_cohort,important_degree_top3,rolling5,exact1,nevertreated,pc_score,knowledge_level_pc_score,high,github_outcomes,pull_request_opened,TRUE,sa,1,-0.51958330549541,0.179361320740175,-0.871131494146153,-0.168035116844668
opened_cohort,important_degree_top3,rolling5,exact1,nevertreated,pc_score,knowledge_level_pc_score,high,github_outcomes,pull_request_opened,TRUE,sa,2,-0.540510583954832,0.20937223599207,-0.950880166499289,-0.130141001410374
opened_cohort,important_degree_top3,rolling5,exact1,nevertreated,pc_score,knowledge_level_pc_score,high,github_outcomes,pull_request_opened,TRUE,sa,3,-0.596238580626245,0.207820082873347,-1.00356594305801,-0.188911218194484
opened_cohort,important_degree_top3,rolling5,exact1,nevertreated,pc_score,knowledge_level_pc_score,high,github_outcomes,pull_request_opened,TRUE,sa,4,-0.573493713752068,0.206109886426492,-0.977469091147993,-0.169518336356143
opened_cohort,important_degree_top3,rolling5,exact1,nevertreated,pc_score,knowledge_level_pc_score,high,github_outcomes,pull_request_opened,TRUE,sa,5,-0.599050706208257,0.189405348610058,-0.97028518948397,-0.227816222932544
opened_cohort,important_degree_top3,rolling5,exact1,nevertreated,pc_score,knowledge_level_pc_score,high,github_outcomes,pull_request_opened,TRUE,sa,6,-0.604121559514253,0.296320700141904,-1.18491013179238,-0.0233329872361212
opened_cohort,important_degree_top3,rolling5,exact1,nevertreated,pc_score,knowledge_level_pc_score,high,github_outcomes,pull_request_opened,TRUE,sa,7,-0.816666968383257,0.272307971161197,-1.3503905918592,-0.28294334490731
opened_cohort,important_degree_top3,rolling5,exact1,nevertreated,pc_score,knowledge_level_pc_score,high,github_outcomes,pull_request_opened,TRUE,sa,8,-1.12087874010999,0.309809728645844,-1.72810580825585,-0.513651671964141
opened_cohort,important_degree_top3,rolling5,exact1,nevertreated,pc_score,knowledge_level_pc_score,high,github_outcomes,pull_request_opened,TRUE,sa,9,-1.60581558783335,0.532754809131886,-2.65001501373184,-0.561616161934851
opened_cohort,important_degree_top3,rolling5,exact1,nevertreated,pc_score,knowledge_level_pc_score,high,github_outcomes,pull_request_opened,TRUE,sa,10,-1.47957215896344,0.489468955139376,-2.43893131103662,-0.520213006890264
opened_cohort,important_degree_top3,rolling5,exact1,nevertreated,pc_score,knowledge_level_pc_score,high,github_outcomes,pull_request_opened,TRUE,sa,11,-1.50109963602394,0.280281417025208,-2.05045121339335,-0.951748058654535
opened_cohort,important_degree_top3,rolling5,exact1,nevertreated,pc_score,discussion_quality_pc_score,low,github_outcomes,pull_request_opened,TRUE,sa,-15,-2.42387230301558,0.501887271975281,-3.40757135608714,-1.44017324994403
opened_cohort,important_degree_top3,rolling5,exact1,nevertreated,pc_score,discussion_quality_pc_score,low,github_outcomes,pull_request_opened,TRUE,sa,-14,-1.17588153501867,0.872487593684125,-2.88595721863956,0.534194148602214
opened_cohort,important_degree_top3,rolling5,exact1,nevertreated,pc_score,discussion_quality_pc_score,low,github_outcomes,pull_request_opened,TRUE,sa,-13,0.255927105620814,0.631482103404557,-0.981777817052117,1.49363202829375
opened_cohort,important_degree_top3,rolling5,exact1,nevertreated,pc_score,discussion_quality_pc_score,low,github_outcomes,pull_request_opened,TRUE,sa,-12,-0.26406900457733,0.462960215646755,-1.17147102724497,0.64333301809031
opened_cohort,important_degree_top3,rolling5,exact1,nevertreated,pc_score,discussion_quality_pc_score,low,github_outcomes,pull_request_opened,TRUE,sa,-11,0.419172315197376,0.605256308858261,-0.767130050164815,1.60547468055957
opened_cohort,important_degree_top3,rolling5,exact1,nevertreated,pc_score,discussion_quality_pc_score,low,github_outcomes,pull_request_opened,TRUE,sa,-10,0.755101287203881,0.553942106551751,-0.330625241637551,1.84082781604531
opened_cohort,important_degree_top3,rolling5,exact1,nevertreated,pc_score,discussion_quality_pc_score,low,github_outcomes,pull_request_opened,TRUE,sa,-9,0.202295820516223,0.365603325008436,-0.514286696500311,0.918878337532757
opened_cohort,important_degree_top3,rolling5,exact1,nevertreated,pc_score,discussion_quality_pc_score,low,github_outcomes,pull_request_opened,TRUE,sa,-8,0.171739164313706,0.483095012690231,-0.775127060559147,1.11860538918656
opened_cohort,important_degree_top3,rolling5,exact1,nevertreated,pc_score,discussion_quality_pc_score,low,github_outcomes,pull_request_opened,TRUE,sa,-7,0.201805830052256,0.302807909491557,-0.391697672551195,0.795309332655707
opened_cohort,important_degree_top3,rolling5,exact1,nevertreated,pc_score,discussion_quality_pc_score,low,github_outcomes,pull_request_opened,TRUE,sa,-6,0.245807507525437,0.308398093780086,-0.358652756283532,0.850267771334405
opened_cohort,important_degree_top3,rolling5,exact1,nevertreated,pc_score,discussion_quality_pc_score,low,github_outcomes,pull_request_opened,TRUE,sa,-5,-0.0383914011766247,0.183167886570086,-0.397400458853994,0.320617656500745
opened_cohort,important_degree_top3,rolling5,exact1,nevertreated,pc_score,discussion_quality_pc_score,low,github_outcomes,pull_request_opened,TRUE,sa,-4,-0.236560747189167,0.170085616170656,-0.569928554883653,0.0968070605053195
opened_cohort,important_degree_top3,rolling5,exact1,nevertreated,pc_score,discussion_quality_pc_score,low,github_outcomes,pull_request_opened,TRUE,sa,-3,-0.131761401821122,0.151501428837827,-0.428704202343264,0.165181398701019
opened_cohort,important_degree_top3,rolling5,exact1,nevertreated,pc_score,discussion_quality_pc_score,low,github_outcomes,pull_request_opened,TRUE,sa,-2,0.0449216908545537,0.145045240728567,-0.239366980973437,0.329210362682545
opened_cohort,important_degree_top3,rolling5,exact1,nevertreated,pc_score,discussion_quality_pc_score,low,github_outcomes,pull_request_opened,TRUE,sa,-1,0,0,0,0
opened_cohort,important_degree_top3,rolling5,exact1,nevertreated,pc_score,discussion_quality_pc_score,low,github_outcomes,pull_request_opened,TRUE,sa,0,-0.126917022713218,0.227714917816315,-0.573238261633194,0.319404216206759
opened_cohort,important_degree_top3,rolling5,exact1,nevertreated,pc_score,discussion_quality_pc_score,low,github_outcomes,pull_request_opened,TRUE,sa,1,-0.504582336427224,0.176808718922475,-0.851127425515274,-0.158037247339173
opened_cohort,important_degree_top3,rolling5,exact1,nevertreated,pc_score,discussion_quality_pc_score,low,github_outcomes,pull_request_opened,TRUE,sa,2,-0.605452450082988,0.179175407515084,-0.956636248812553,-0.254268651353424
opened_cohort,important_degree_top3,rolling5,exact1,nevertreated,pc_score,discussion_quality_pc_score,low,github_outcomes,pull_request_opened,TRUE,sa,3,-0.552097302315944,0.226015797869252,-0.995088266139678,-0.10910633849221
opened_cohort,important_degree_top3,rolling5,exact1,nevertreated,pc_score,discussion_quality_pc_score,low,github_outcomes,pull_request_opened,TRUE,sa,4,-0.472824492978597,0.273900552145679,-1.00966957518413,0.0640205892269351
opened_cohort,important_degree_top3,rolling5,exact1,nevertreated,pc_score,discussion_quality_pc_score,low,github_outcomes,pull_request_opened,TRUE,sa,5,-0.767766361919113,0.196054242169598,-1.15203267657153,-0.383500047266701
opened_cohort,important_degree_top3,rolling5,exact1,nevertreated,pc_score,discussion_quality_pc_score,low,github_outcomes,pull_request_opened,TRUE,sa,6,-0.60941548663232,0.238497384849433,-1.07687036093721,-0.141960612327432
opened_cohort,important_degree_top3,rolling5,exact1,nevertreated,pc_score,discussion_quality_pc_score,low,github_outcomes,pull_request_opened,TRUE,sa,7,-0.6450324710785,0.238194419075269,-1.11189353246603,-0.178171409690972
opened_cohort,important_degree_top3,rolling5,exact1,nevertreated,pc_score,discussion_quality_pc_score,low,github_outcomes,pull_request_opened,TRUE,sa,8,-0.61766319381348,0.349425038438898,-1.30253626915372,0.0672098815267599
opened_cohort,important_degree_top3,rolling5,exact1,nevertreated,pc_score,discussion_quality_pc_score,low,github_outcomes,pull_request_opened,TRUE,sa,9,-1.15957442236096,0.382427153157915,-1.90913164255048,-0.41001720217145
opened_cohort,important_degree_top3,rolling5,exact1,nevertreated,pc_score,discussion_quality_pc_score,low,github_outcomes,pull_request_opened,TRUE,sa,10,-0.468439213432392,0.2576792184224,-0.973490481540295,0.0366120546755125
opened_cohort,important_degree_top3,rolling5,exact1,nevertreated,pc_score,discussion_quality_pc_score,low,github_outcomes,pull_request_opened,TRUE,sa,11,-1.01239538821296,0.368603727190434,-1.73485869350621,-0.289932082919709
opened_cohort,important_degree_top3,rolling5,exact1,nevertreated,pc_score,discussion_quality_pc_score,high,github_outcomes,pull_request_opened,TRUE,sa,-15,-0.153930668902711,0.582194344155607,-1.2950315834477,0.987170245642279
opened_cohort,important_degree_top3,rolling5,exact1,nevertreated,pc_score,discussion_quality_pc_score,high,github_outcomes,pull_request_opened,TRUE,sa,-14,-0.120969841633222,1.04620755602046,-2.17153665143333,1.92959696816688
opened_cohort,important_degree_top3,rolling5,exact1,nevertreated,pc_score,discussion_quality_pc_score,high,github_outcomes,pull_request_opened,TRUE,sa,-13,1.50697221424243,0.819397716437084,-0.0990473099742595,3.11299173845911
opened_cohort,important_degree_top3,rolling5,exact1,nevertreated,pc_score,discussion_quality_pc_score,high,github_outcomes,pull_request_opened,TRUE,sa,-12,-0.415484026153968,0.561995173654119,-1.51699456651604,0.686026514208106
opened_cohort,important_degree_top3,rolling5,exact1,nevertreated,pc_score,discussion_quality_pc_score,high,github_outcomes,pull_request_opened,TRUE,sa,-11,0.681975055512334,0.531431194885191,-0.359630086462641,1.72358019748731
opened_cohort,important_degree_top3,rolling5,exact1,nevertreated,pc_score,discussion_quality_pc_score,high,github_outcomes,pull_request_opened,TRUE,sa,-10,0.00524630621281988,0.415409914643449,-0.80895712648834,0.81944973891398
opened_cohort,important_degree_top3,rolling5,exact1,nevertreated,pc_score,discussion_quality_pc_score,high,github_outcomes,pull_request_opened,TRUE,sa,-9,1.4967685631515,0.840658715977575,-0.15092252016455,3.14445964646754
opened_cohort,important_degree_top3,rolling5,exact1,nevertreated,pc_score,discussion_quality_pc_score,high,github_outcomes,pull_request_opened,TRUE,sa,-8,0.383370991337254,0.351404254845986,-0.305381348160878,1.07212333083539
opened_cohort,important_degree_top3,rolling5,exact1,nevertreated,pc_score,discussion_quality_pc_score,high,github_outcomes,pull_request_opened,TRUE,sa,-7,0.873810436828358,0.46808924035545,-0.0436444742683233,1.79126534792504
opened_cohort,important_degree_top3,rolling5,exact1,nevertreated,pc_score,discussion_quality_pc_score,high,github_outcomes,pull_request_opened,TRUE,sa,-6,0.853328318428506,0.341629485322608,0.183734527196194,1.52292210966082
opened_cohort,important_degree_top3,rolling5,exact1,nevertreated,pc_score,discussion_quality_pc_score,high,github_outcomes,pull_request_opened,TRUE,sa,-5,0.300009552566833,0.206035349794679,-0.103819733030737,0.703838838164404
opened_cohort,important_degree_top3,rolling5,exact1,nevertreated,pc_score,discussion_quality_pc_score,high,github_outcomes,pull_request_opened,TRUE,sa,-4,0.371371655132064,0.185539349623558,0.00771452986988969,0.735028780394238
opened_cohort,important_degree_top3,rolling5,exact1,nevertreated,pc_score,discussion_quality_pc_score,high,github_outcomes,pull_request_opened,TRUE,sa,-3,0.368988077852886,0.212073628626137,-0.046676234254342,0.784652389960114
opened_cohort,important_degree_top3,rolling5,exact1,nevertreated,pc_score,discussion_quality_pc_score,high,github_outcomes,pull_request_opened,TRUE,sa,-2,0.360098428556817,0.184075850766684,-0.000690238945883936,0.720887096059518
opened_cohort,important_degree_top3,rolling5,exact1,nevertreated,pc_score,discussion_quality_pc_score,high,github_outcomes,pull_request_opened,TRUE,sa,-1,0,0,0,0
opened_cohort,important_degree_top3,rolling5,exact1,nevertreated,pc_score,discussion_quality_pc_score,high,github_outcomes,pull_request_opened,TRUE,sa,0,0.0696671876067864,0.253678187850228,-0.42754206057966,0.566876435793233
opened_cohort,important_degree_top3,rolling5,exact1,nevertreated,pc_score,discussion_quality_pc_score,high,github_outcomes,pull_request_opened,TRUE,sa,1,-0.440190586682989,0.214016872089986,-0.859663655979362,-0.0207175173866156
opened_cohort,important_degree_top3,rolling5,exact1,nevertreated,pc_score,discussion_quality_pc_score,high,github_outcomes,pull_request_opened,TRUE,sa,2,-0.48371970630739,0.201496939772181,-0.878653708260865,-0.0887857043539152
opened_cohort,important_degree_top3,rolling5,exact1,nevertreated,pc_score,discussion_quality_pc_score,high,github_outcomes,pull_request_opened,TRUE,sa,3,-0.600851662284156,0.191249763389597,-0.975701198527766,-0.226002126040546
opened_cohort,important_degree_top3,rolling5,exact1,nevertreated,pc_score,discussion_quality_pc_score,high,github_outcomes,pull_request_opened,TRUE,sa,4,-0.637019672806669,0.222604320025346,-1.07332414005635,-0.200715205556991
opened_cohort,important_degree_top3,rolling5,exact1,nevertreated,pc_score,discussion_quality_pc_score,high,github_outcomes,pull_request_opened,TRUE,sa,5,-0.548977526254979,0.205465666152523,-0.951690231913924,-0.146264820596034
opened_cohort,important_degree_top3,rolling5,exact1,nevertreated,pc_score,discussion_quality_pc_score,high,github_outcomes,pull_request_opened,TRUE,sa,6,-0.577861059080458,0.240884802562532,-1.04999527210302,-0.105726846057896
opened_cohort,important_degree_top3,rolling5,exact1,nevertreated,pc_score,discussion_quality_pc_score,high,github_outcomes,pull_request_opened,TRUE,sa,7,-0.773139502318703,0.358652927043114,-1.47609923932321,-0.0701797653142
opened_cohort,important_degree_top3,rolling5,exact1,nevertreated,pc_score,discussion_quality_pc_score,high,github_outcomes,pull_request_opened,TRUE,sa,8,-0.923099517929912,0.346309403120834,-1.60186594804675,-0.244333087813077
opened_cohort,important_degree_top3,rolling5,exact1,nevertreated,pc_score,discussion_quality_pc_score,high,github_outcomes,pull_request_opened,TRUE,sa,9,-0.721600975719791,0.447411865104485,-1.59852823132458,0.155326279884999
opened_cohort,important_degree_top3,rolling5,exact1,nevertreated,pc_score,discussion_quality_pc_score,high,github_outcomes,pull_request_opened,TRUE,sa,10,-2.20593728707872,0.834603941651018,-3.84176101271472,-0.570113561442724
opened_cohort,important_degree_top3,rolling5,exact1,nevertreated,pc_score,discussion_quality_pc_score,high,github_outcomes,pull_request_opened,TRUE,sa,11,-1.09166703608804,0.297056649549027,-1.67389806920413,-0.509436002971947
opened_cohort,important_degree_top3,rolling5,exact1,nevertreated,pc_score,investment_in_new_talent_pc_score,low,github_outcomes,pull_request_opened,TRUE,sa,-15,-2.61007284634428,0.544016119103636,-3.67634443978741,-1.54380125290115
opened_cohort,important_degree_top3,rolling5,exact1,nevertreated,pc_score,investment_in_new_talent_pc_score,low,github_outcomes,pull_request_opened,TRUE,sa,-14,0.625008298140826,0.828667817748101,-0.999180624645452,2.2491972209271
opened_cohort,important_degree_top3,rolling5,exact1,nevertreated,pc_score,investment_in_new_talent_pc_score,low,github_outcomes,pull_request_opened,TRUE,sa,-13,1.5549857051951,0.678833754683264,0.224471546015906,2.8854998643743
opened_cohort,important_degree_top3,rolling5,exact1,nevertreated,pc_score,investment_in_new_talent_pc_score,low,github_outcomes,pull_request_opened,TRUE,sa,-12,-0.236949954859757,0.497790367185246,-1.21261907454284,0.738719164823326
opened_cohort,important_degree_top3,rolling5,exact1,nevertreated,pc_score,investment_in_new_talent_pc_score,low,github_outcomes,pull_request_opened,TRUE,sa,-11,0.79790011405493,0.532059966833804,-0.244937420939327,1.84073764904919
opened_cohort,important_degree_top3,rolling5,exact1,nevertreated,pc_score,investment_in_new_talent_pc_score,low,github_outcomes,pull_request_opened,TRUE,sa,-10,0.421418828944156,0.414537253900969,-0.391074188701743,1.23391184659005
opened_cohort,important_degree_top3,rolling5,exact1,nevertreated,pc_score,investment_in_new_talent_pc_score,low,github_outcomes,pull_request_opened,TRUE,sa,-9,0.484233134086461,0.315127075928914,-0.13341593473421,1.10188220290713
opened_cohort,important_degree_top3,rolling5,exact1,nevertreated,pc_score,investment_in_new_talent_pc_score,low,github_outcomes,pull_request_opened,TRUE,sa,-8,-0.111321876123982,0.235910896404594,-0.573707233076985,0.351063480829021
opened_cohort,important_degree_top3,rolling5,exact1,nevertreated,pc_score,investment_in_new_talent_pc_score,low,github_outcomes,pull_request_opened,TRUE,sa,-7,0.152054895475514,0.303039981381548,-0.441903468032321,0.746013258983349
opened_cohort,important_degree_top3,rolling5,exact1,nevertreated,pc_score,investment_in_new_talent_pc_score,low,github_outcomes,pull_request_opened,TRUE,sa,-6,0.402115538440923,0.292566488053317,-0.171314778143578,0.975545855025423
opened_cohort,important_degree_top3,rolling5,exact1,nevertreated,pc_score,investment_in_new_talent_pc_score,low,github_outcomes,pull_request_opened,TRUE,sa,-5,-0.109715049433415,0.174602488340921,-0.451935926581619,0.232505827714789
opened_cohort,important_degree_top3,rolling5,exact1,nevertreated,pc_score,investment_in_new_talent_pc_score,low,github_outcomes,pull_request_opened,TRUE,sa,-4,-0.10421362741633,0.16545979631525,-0.42851482819422,0.220087573361559
opened_cohort,important_degree_top3,rolling5,exact1,nevertreated,pc_score,investment_in_new_talent_pc_score,low,github_outcomes,pull_request_opened,TRUE,sa,-3,-0.0148442934622073,0.168513536944741,-0.345130825873899,0.315442238949484
opened_cohort,important_degree_top3,rolling5,exact1,nevertreated,pc_score,investment_in_new_talent_pc_score,low,github_outcomes,pull_request_opened,TRUE,sa,-2,-0.0504803376895794,0.166138786280602,-0.376112358799559,0.2751516834204
opened_cohort,important_degree_top3,rolling5,exact1,nevertreated,pc_score,investment_in_new_talent_pc_score,low,github_outcomes,pull_request_opened,TRUE,sa,-1,0,0,0,0
opened_cohort,important_degree_top3,rolling5,exact1,nevertreated,pc_score,investment_in_new_talent_pc_score,low,github_outcomes,pull_request_opened,TRUE,sa,0,0.167470831131705,0.271747298776399,-0.365153874470037,0.700095536733446
opened_cohort,important_degree_top3,rolling5,exact1,nevertreated,pc_score,investment_in_new_talent_pc_score,low,github_outcomes,pull_request_opened,TRUE,sa,1,-0.494636684884436,0.169034067705061,-0.825943457586356,-0.163329912182516
opened_cohort,important_degree_top3,rolling5,exact1,nevertreated,pc_score,investment_in_new_talent_pc_score,low,github_outcomes,pull_request_opened,TRUE,sa,2,-0.554734399217277,0.17746853660628,-0.902572730965587,-0.206896067468968
opened_cohort,important_degree_top3,rolling5,exact1,nevertreated,pc_score,investment_in_new_talent_pc_score,low,github_outcomes,pull_request_opened,TRUE,sa,3,-0.733884982174585,0.181141185332998,-1.08892170542726,-0.37884825892191
opened_cohort,important_degree_top3,rolling5,exact1,nevertreated,pc_score,investment_in_new_talent_pc_score,low,github_outcomes,pull_request_opened,TRUE,sa,4,-0.440631633560222,0.203565056644169,-0.839619144582794,-0.0416441225376506
opened_cohort,important_degree_top3,rolling5,exact1,nevertreated,pc_score,investment_in_new_talent_pc_score,low,github_outcomes,pull_request_opened,TRUE,sa,5,-0.511830856363838,0.170869957193276,-0.846735972462659,-0.176925740265017
opened_cohort,important_degree_top3,rolling5,exact1,nevertreated,pc_score,investment_in_new_talent_pc_score,low,github_outcomes,pull_request_opened,TRUE,sa,6,-0.476465435089252,0.223346126653064,-0.914223843329258,-0.0387070268492468
opened_cohort,important_degree_top3,rolling5,exact1,nevertreated,pc_score,investment_in_new_talent_pc_score,low,github_outcomes,pull_request_opened,TRUE,sa,7,-0.513957312639339,0.271729956601336,-1.04654802757796,0.0186334022992803
opened_cohort,important_degree_top3,rolling5,exact1,nevertreated,pc_score,investment_in_new_talent_pc_score,low,github_outcomes,pull_request_opened,TRUE,sa,8,-0.387343250499072,0.27742735344352,-0.93110086324837,0.156414362250227
opened_cohort,important_degree_top3,rolling5,exact1,nevertreated,pc_score,investment_in_new_talent_pc_score,low,github_outcomes,pull_request_opened,TRUE,sa,9,-1.01342830575244,0.350393192061128,-1.70019896219225,-0.326657649312631
opened_cohort,important_degree_top3,rolling5,exact1,nevertreated,pc_score,investment_in_new_talent_pc_score,low,github_outcomes,pull_request_opened,TRUE,sa,10,-1.06480642241496,0.514527363401531,-2.07328005468196,-0.0563327901479571
opened_cohort,important_degree_top3,rolling5,exact1,nevertreated,pc_score,investment_in_new_talent_pc_score,low,github_outcomes,pull_request_opened,TRUE,sa,11,-1.11590456808588,0.304900350067865,-1.71350925421889,-0.518299881952864
opened_cohort,important_degree_top3,rolling5,exact1,nevertreated,pc_score,investment_in_new_talent_pc_score,high,github_outcomes,pull_request_opened,TRUE,sa,-15,0.00544623338011998,0.581295454560713,-1.13389285755888,1.14478532431912
opened_cohort,important_degree_top3,rolling5,exact1,nevertreated,pc_score,investment_in_new_talent_pc_score,high,github_outcomes,pull_request_opened,TRUE,sa,-14,-1.82545291615294,0.491356362718692,-2.78851138708158,-0.862394445224309
opened_cohort,important_degree_top3,rolling5,exact1,nevertreated,pc_score,investment_in_new_talent_pc_score,high,github_outcomes,pull_request_opened,TRUE,sa,-13,-0.0261515300506003,0.531040483665275,-1.06699087803454,1.01468781793334
opened_cohort,important_degree_top3,rolling5,exact1,nevertreated,pc_score,investment_in_new_talent_pc_score,high,github_outcomes,pull_request_opened,TRUE,sa,-12,-0.732749414235628,0.473506469372356,-1.66082209420545,0.19532326573419
opened_cohort,important_degree_top3,rolling5,exact1,nevertreated,pc_score,investment_in_new_talent_pc_score,high,github_outcomes,pull_request_opened,TRUE,sa,-11,0.0517558126016961,0.731535930829964,-1.38205461182503,1.48556623702842
opened_cohort,important_degree_top3,rolling5,exact1,nevertreated,pc_score,investment_in_new_talent_pc_score,high,github_outcomes,pull_request_opened,TRUE,sa,-10,0.365267780272319,0.645205051870723,-0.899334121394298,1.62986968193894
opened_cohort,important_degree_top3,rolling5,exact1,nevertreated,pc_score,investment_in_new_talent_pc_score,high,github_outcomes,pull_request_opened,TRUE,sa,-9,0.972413029194199,0.929706839457714,-0.84981237614292,2.79463843453132
opened_cohort,important_degree_top3,rolling5,exact1,nevertreated,pc_score,investment_in_new_talent_pc_score,high,github_outcomes,pull_request_opened,TRUE,sa,-8,0.768252204864926,0.61816086393472,-0.443343088447125,1.97984749817698
opened_cohort,important_degree_top3,rolling5,exact1,nevertreated,pc_score,investment_in_new_talent_pc_score,high,github_outcomes,pull_request_opened,TRUE,sa,-7,0.93712174368242,0.505681020821017,-0.0540130571267741,1.92825654449161
opened_cohort,important_degree_top3,rolling5,exact1,nevertreated,pc_score,investment_in_new_talent_pc_score,high,github_outcomes,pull_request_opened,TRUE,sa,-6,0.651851863462583,0.368351544298539,-0.0701171633625538,1.37382089028772
opened_cohort,important_degree_top3,rolling5,exact1,nevertreated,pc_score,investment_in_new_talent_pc_score,high,github_outcomes,pull_request_opened,TRUE,sa,-5,0.339604238841005,0.212679184407096,-0.0772469625969029,0.756455440278913
opened_cohort,important_degree_top3,rolling5,exact1,nevertreated,pc_score,investment_in_new_talent_pc_score,high,github_outcomes,pull_request_opened,TRUE,sa,-4,0.195029031422946,0.193644884061189,-0.184514941336984,0.574573004182875
opened_cohort,important_degree_top3,rolling5,exact1,nevertreated,pc_score,investment_in_new_talent_pc_score,high,github_outcomes,pull_request_opened,TRUE,sa,-3,0.177173878349859,0.19158777452829,-0.198338159725589,0.552685916425308
opened_cohort,important_degree_top3,rolling5,exact1,nevertreated,pc_score,investment_in_new_talent_pc_score,high,github_outcomes,pull_request_opened,TRUE,sa,-2,0.406696385399696,0.159416754629385,0.0942395463261017,0.71915322447329
opened_cohort,important_degree_top3,rolling5,exact1,nevertreated,pc_score,investment_in_new_talent_pc_score,high,github_outcomes,pull_request_opened,TRUE,sa,-1,0,0,0,0
opened_cohort,important_degree_top3,rolling5,exact1,nevertreated,pc_score,investment_in_new_talent_pc_score,high,github_outcomes,pull_request_opened,TRUE,sa,0,-0.307192881706871,0.198259262000048,-0.695781035226966,0.0813952718132234
opened_cohort,important_degree_top3,rolling5,exact1,nevertreated,pc_score,investment_in_new_talent_pc_score,high,github_outcomes,pull_request_opened,TRUE,sa,1,-0.538344773723819,0.218105306484634,-0.965831174433701,-0.110858373013937
opened_cohort,important_degree_top3,rolling5,exact1,nevertreated,pc_score,investment_in_new_talent_pc_score,high,github_outcomes,pull_request_opened,TRUE,sa,2,-0.562820703506813,0.199813216299592,-0.954454607454012,-0.171186799559613
opened_cohort,important_degree_top3,rolling5,exact1,nevertreated,pc_score,investment_in_new_talent_pc_score,high,github_outcomes,pull_request_opened,TRUE,sa,3,-0.466082918505998,0.246870637360113,-0.949949367731819,0.0177835307198232
opened_cohort,important_degree_top3,rolling5,exact1,nevertreated,pc_score,investment_in_new_talent_pc_score,high,github_outcomes,pull_request_opened,TRUE,sa,4,-0.701456129310138,0.317159394972263,-1.32308854345577,-0.0798237151645034
opened_cohort,important_degree_top3,rolling5,exact1,nevertreated,pc_score,investment_in_new_talent_pc_score,high,github_outcomes,pull_request_opened,TRUE,sa,5,-0.898626627273301,0.241121261819149,-1.37122430043883,-0.42602895410777
opened_cohort,important_degree_top3,rolling5,exact1,nevertreated,pc_score,investment_in_new_talent_pc_score,high,github_outcomes,pull_request_opened,TRUE,sa,6,-0.900143184347773,0.310546071155251,-1.50881348381207,-0.29147288488348
opened_cohort,important_degree_top3,rolling5,exact1,nevertreated,pc_score,investment_in_new_talent_pc_score,high,github_outcomes,pull_request_opened,TRUE,sa,7,-0.983826651793826,0.329353796565089,-1.6293600930614,-0.338293210526252
opened_cohort,important_degree_top3,rolling5,exact1,nevertreated,pc_score,investment_in_new_talent_pc_score,high,github_outcomes,pull_request_opened,TRUE,sa,8,-1.27435708810598,0.453963353714275,-2.16412526138596,-0.384588914826001
opened_cohort,important_degree_top3,rolling5,exact1,nevertreated,pc_score,investment_in_new_talent_pc_score,high,github_outcomes,pull_request_opened,TRUE,sa,9,-1.1098322628168,0.548594602976044,-2.18507768464984,-0.0345868409837495
opened_cohort,important_degree_top3,rolling5,exact1,nevertreated,pc_score,investment_in_new_talent_pc_score,high,github_outcomes,pull_request_opened,TRUE,sa,10,-0.964503210438357,0.403052933567761,-1.75448696023117,-0.174519460645546
opened_cohort,important_degree_top3,rolling5,exact1,nevertreated,pc_score,investment_in_new_talent_pc_score,high,github_outcomes,pull_request_opened,TRUE,sa,11,-1.01166476392377,0.400278812197453,-1.79621123583078,-0.227118292016762
opened_cohort,important_degree_top3,rolling5,exact1,nevertreated,pc_score,problem_solving_routines_pc_score,low,github_outcomes,pull_request_opened,TRUE,sa,-15,-0.25498628674713,0.539530363088869,-1.31246579840131,0.802493224907054
opened_cohort,important_degree_top3,rolling5,exact1,nevertreated,pc_score,problem_solving_routines_pc_score,low,github_outcomes,pull_request_opened,TRUE,sa,-14,0.0383594697445038,0.826258764932668,-1.58110770952353,1.65782664901253
opened_cohort,important_degree_top3,rolling5,exact1,nevertreated,pc_score,problem_solving_routines_pc_score,low,github_outcomes,pull_request_opened,TRUE,sa,-13,1.08915361557431,0.676488790532875,-0.23676441387013,2.41507164501874
opened_cohort,important_degree_top3,rolling5,exact1,nevertreated,pc_score,problem_solving_routines_pc_score,low,github_outcomes,pull_request_opened,TRUE,sa,-12,-0.162953038188871,0.436047475989453,-1.0176060911282,0.691700014750456
opened_cohort,important_degree_top3,rolling5,exact1,nevertreated,pc_score,problem_solving_routines_pc_score,low,github_outcomes,pull_request_opened,TRUE,sa,-11,0.438407137831241,0.433895514241892,-0.412028070082867,1.28884234574535
opened_cohort,important_degree_top3,rolling5,exact1,nevertreated,pc_score,problem_solving_routines_pc_score,low,github_outcomes,pull_request_opened,TRUE,sa,-10,0.247414045297216,0.446318968882936,-0.627371133713338,1.12219922430777
opened_cohort,important_degree_top3,rolling5,exact1,nevertreated,pc_score,problem_solving_routines_pc_score,low,github_outcomes,pull_request_opened,TRUE,sa,-9,0.332373524048429,0.483280705920823,-0.614856659556384,1.27960370765324
opened_cohort,important_degree_top3,rolling5,exact1,nevertreated,pc_score,problem_solving_routines_pc_score,low,github_outcomes,pull_request_opened,TRUE,sa,-8,0.167156875627707,0.380275764002621,-0.57818362181743,0.912497373072845
opened_cohort,important_degree_top3,rolling5,exact1,nevertreated,pc_score,problem_solving_routines_pc_score,low,github_outcomes,pull_request_opened,TRUE,sa,-7,-0.025823814855511,0.280427446167638,-0.575461609344082,0.52381397963306
opened_cohort,important_degree_top3,rolling5,exact1,nevertreated,pc_score,problem_solving_routines_pc_score,low,github_outcomes,pull_request_opened,TRUE,sa,-6,0.299818406023722,0.326121543423633,-0.339379819086598,0.939016631134042
opened_cohort,important_degree_top3,rolling5,exact1,nevertreated,pc_score,problem_solving_routines_pc_score,low,github_outcomes,pull_request_opened,TRUE,sa,-5,0.0292454262253974,0.206935708448194,-0.376348562333063,0.434839414783858
opened_cohort,important_degree_top3,rolling5,exact1,nevertreated,pc_score,problem_solving_routines_pc_score,low,github_outcomes,pull_request_opened,TRUE,sa,-4,0.0513882795756575,0.178209135107504,-0.297901625235051,0.400678184386366
opened_cohort,important_degree_top3,rolling5,exact1,nevertreated,pc_score,problem_solving_routines_pc_score,low,github_outcomes,pull_request_opened,TRUE,sa,-3,0.186883375805824,0.197880428208504,-0.200962263482845,0.574729015094492
opened_cohort,important_degree_top3,rolling5,exact1,nevertreated,pc_score,problem_solving_routines_pc_score,low,github_outcomes,pull_request_opened,TRUE,sa,-2,0.0314804978792408,0.178054260993652,-0.317505853668318,0.380466849426799
opened_cohort,important_degree_top3,rolling5,exact1,nevertreated,pc_score,problem_solving_routines_pc_score,low,github_outcomes,pull_request_opened,TRUE,sa,-1,0,0,0,0
opened_cohort,important_degree_top3,rolling5,exact1,nevertreated,pc_score,problem_solving_routines_pc_score,low,github_outcomes,pull_request_opened,TRUE,sa,0,-0.0631253171894636,0.204811982178147,-0.464556802258633,0.338306167879705
opened_cohort,important_degree_top3,rolling5,exact1,nevertreated,pc_score,problem_solving_routines_pc_score,low,github_outcomes,pull_request_opened,TRUE,sa,1,-0.142253874744044,0.210388086822142,-0.554614524915442,0.270106775427354
opened_cohort,important_degree_top3,rolling5,exact1,nevertreated,pc_score,problem_solving_routines_pc_score,low,github_outcomes,pull_request_opened,TRUE,sa,2,-0.347464798419804,0.192345433430185,-0.724461847942966,0.0295322511033583
opened_cohort,important_degree_top3,rolling5,exact1,nevertreated,pc_score,problem_solving_routines_pc_score,low,github_outcomes,pull_request_opened,TRUE,sa,3,-0.529121912717535,0.173386805972126,-0.868960052422901,-0.189283773012168
opened_cohort,important_degree_top3,rolling5,exact1,nevertreated,pc_score,problem_solving_routines_pc_score,low,github_outcomes,pull_request_opened,TRUE,sa,4,-0.384839696450324,0.217397760903018,-0.81093930782024,0.0412599149195926
opened_cohort,important_degree_top3,rolling5,exact1,nevertreated,pc_score,problem_solving_routines_pc_score,low,github_outcomes,pull_request_opened,TRUE,sa,5,-0.513857412932573,0.204180097717406,-0.914050404458689,-0.113664421406457
opened_cohort,important_degree_top3,rolling5,exact1,nevertreated,pc_score,problem_solving_routines_pc_score,low,github_outcomes,pull_request_opened,TRUE,sa,6,-0.403425680784182,0.265993177816166,-0.924772309303868,0.117920947735503
opened_cohort,important_degree_top3,rolling5,exact1,nevertreated,pc_score,problem_solving_routines_pc_score,low,github_outcomes,pull_request_opened,TRUE,sa,7,-0.633749195702666,0.323520102372196,-1.26784859635217,0.000350204946837351
opened_cohort,important_degree_top3,rolling5,exact1,nevertreated,pc_score,problem_solving_routines_pc_score,low,github_outcomes,pull_request_opened,TRUE,sa,8,-0.855526664013702,0.326298406882562,-1.49507154150352,-0.215981786523881
opened_cohort,important_degree_top3,rolling5,exact1,nevertreated,pc_score,problem_solving_routines_pc_score,low,github_outcomes,pull_request_opened,TRUE,sa,9,-0.888446062403139,0.386692691857638,-1.64636373844411,-0.130528386362169
opened_cohort,important_degree_top3,rolling5,exact1,nevertreated,pc_score,problem_solving_routines_pc_score,low,github_outcomes,pull_request_opened,TRUE,sa,10,-1.10342951657043,0.406259100378267,-1.89969735331183,-0.307161679829024
opened_cohort,important_degree_top3,rolling5,exact1,nevertreated,pc_score,problem_solving_routines_pc_score,low,github_outcomes,pull_request_opened,TRUE,sa,11,-1.41540507303435,0.410861970633771,-2.22069453547654,-0.610115610592155
opened_cohort,important_degree_top3,rolling5,exact1,nevertreated,pc_score,problem_solving_routines_pc_score,high,github_outcomes,pull_request_opened,TRUE,sa,-15,-2.30435925610549,0.568665049654933,-3.41894275342916,-1.18977575878182
opened_cohort,important_degree_top3,rolling5,exact1,nevertreated,pc_score,problem_solving_routines_pc_score,high,github_outcomes,pull_request_opened,TRUE,sa,-14,-1.55801876418542,0.733039468203418,-2.99477612186412,-0.121261406506721
opened_cohort,important_degree_top3,rolling5,exact1,nevertreated,pc_score,problem_solving_routines_pc_score,high,github_outcomes,pull_request_opened,TRUE,sa,-13,0.430340744973674,0.59127099351076,-0.728550402307415,1.58923189225476
opened_cohort,important_degree_top3,rolling5,exact1,nevertreated,pc_score,problem_solving_routines_pc_score,high,github_outcomes,pull_request_opened,TRUE,sa,-12,-0.658837405228583,0.450482798185995,-1.54178368967313,0.224108879215967
opened_cohort,important_degree_top3,rolling5,exact1,nevertreated,pc_score,problem_solving_routines_pc_score,high,github_outcomes,pull_request_opened,TRUE,sa,-11,0.615464873931444,0.878126303505775,-1.10566268093987,2.33659242880276
opened_cohort,important_degree_top3,rolling5,exact1,nevertreated,pc_score,problem_solving_routines_pc_score,high,github_outcomes,pull_request_opened,TRUE,sa,-10,0.669821377184235,0.574264325471189,-0.455736700739295,1.79537945510777
opened_cohort,important_degree_top3,rolling5,exact1,nevertreated,pc_score,problem_solving_routines_pc_score,high,github_outcomes,pull_request_opened,TRUE,sa,-9,1.00812999066186,0.714654497668742,-0.392592824768877,2.40885280609259
opened_cohort,important_degree_top3,rolling5,exact1,nevertreated,pc_score,problem_solving_routines_pc_score,high,github_outcomes,pull_request_opened,TRUE,sa,-8,0.424418976231903,0.465310146321144,-0.48758891055754,1.33642686302135
opened_cohort,important_degree_top3,rolling5,exact1,nevertreated,pc_score,problem_solving_routines_pc_score,high,github_outcomes,pull_request_opened,TRUE,sa,-7,1.04964763236509,0.455771320350472,0.156335844478161,1.94295942025201
opened_cohort,important_degree_top3,rolling5,exact1,nevertreated,pc_score,problem_solving_routines_pc_score,high,github_outcomes,pull_request_opened,TRUE,sa,-6,0.696246025642662,0.319239307295645,0.0705369833431976,1.32195506794213
opened_cohort,important_degree_top3,rolling5,exact1,nevertreated,pc_score,problem_solving_routines_pc_score,high,github_outcomes,pull_request_opened,TRUE,sa,-5,0.172642426196842,0.180622474320257,-0.181377623470863,0.526662475864546
opened_cohort,important_degree_top3,rolling5,exact1,nevertreated,pc_score,problem_solving_routines_pc_score,high,github_outcomes,pull_request_opened,TRUE,sa,-4,0.0363474242901086,0.17492684763365,-0.306509197071846,0.379204045652063
opened_cohort,important_degree_top3,rolling5,exact1,nevertreated,pc_score,problem_solving_routines_pc_score,high,github_outcomes,pull_request_opened,TRUE,sa,-3,-0.000846099634784985,0.166790168862763,-0.327754830605801,0.326062631336231
opened_cohort,important_degree_top3,rolling5,exact1,nevertreated,pc_score,problem_solving_routines_pc_score,high,github_outcomes,pull_request_opened,TRUE,sa,-2,0.32144897335298,0.14752202770538,0.0323057990504352,0.610592147655525
opened_cohort,important_degree_top3,rolling5,exact1,nevertreated,pc_score,problem_solving_routines_pc_score,high,github_outcomes,pull_request_opened,TRUE,sa,-1,0,0,0,0
opened_cohort,important_degree_top3,rolling5,exact1,nevertreated,pc_score,problem_solving_routines_pc_score,high,github_outcomes,pull_request_opened,TRUE,sa,0,-0.0310093649510735,0.263758238401891,-0.547975512218779,0.485956782316632
opened_cohort,important_degree_top3,rolling5,exact1,nevertreated,pc_score,problem_solving_routines_pc_score,high,github_outcomes,pull_request_opened,TRUE,sa,1,-0.817359188523792,0.179084895728005,-1.16836558415068,-0.466352792896902
opened_cohort,important_degree_top3,rolling5,exact1,nevertreated,pc_score,problem_solving_routines_pc_score,high,github_outcomes,pull_request_opened,TRUE,sa,2,-0.762752932224451,0.194935658263752,-1.14482682242141,-0.380679042027497
opened_cohort,important_degree_top3,rolling5,exact1,nevertreated,pc_score,problem_solving_routines_pc_score,high,github_outcomes,pull_request_opened,TRUE,sa,3,-0.632606507460817,0.239841069221676,-1.1026950031353,-0.162518011786332
opened_cohort,important_degree_top3,rolling5,exact1,nevertreated,pc_score,problem_solving_routines_pc_score,high,github_outcomes,pull_request_opened,TRUE,sa,4,-0.661890736746795,0.275965591696786,-1.2027832964725,-0.120998177021094
opened_cohort,important_degree_top3,rolling5,exact1,nevertreated,pc_score,problem_solving_routines_pc_score,high,github_outcomes,pull_request_opened,TRUE,sa,5,-0.820334013730771,0.195364796807623,-1.20324901547371,-0.437419011987831
opened_cohort,important_degree_top3,rolling5,exact1,nevertreated,pc_score,problem_solving_routines_pc_score,high,github_outcomes,pull_request_opened,TRUE,sa,6,-0.818135620805702,0.24515169803046,-1.2986329489454,-0.337638292666001
opened_cohort,important_degree_top3,rolling5,exact1,nevertreated,pc_score,problem_solving_routines_pc_score,high,github_outcomes,pull_request_opened,TRUE,sa,7,-0.841104856665915,0.285917481296412,-1.40150312000688,-0.280706593324947
opened_cohort,important_degree_top3,rolling5,exact1,nevertreated,pc_score,problem_solving_routines_pc_score,high,github_outcomes,pull_request_opened,TRUE,sa,8,-0.649171423463359,0.39271563157261,-1.41889406134567,0.120551214418955
opened_cohort,important_degree_top3,rolling5,exact1,nevertreated,pc_score,problem_solving_routines_pc_score,high,github_outcomes,pull_request_opened,TRUE,sa,9,-1.03376788927442,0.463740026363654,-1.94269834094718,-0.124837437601658
opened_cohort,important_degree_top3,rolling5,exact1,nevertreated,pc_score,problem_solving_routines_pc_score,high,github_outcomes,pull_request_opened,TRUE,sa,10,-1.01557302448363,0.54881931689191,-2.09125888559177,0.0601128366245136
opened_cohort,important_degree_top3,rolling5,exact1,nevertreated,pc_score,problem_solving_routines_pc_score,high,github_outcomes,pull_request_opened,TRUE,sa,11,-1.00087654193925,0.426560524683045,-1.83693517031802,-0.164817913560484
opened_cohort,important_degree_top3,rolling5,exact1,nevertreated,pc_score,collaboration_pc_score,low,github_outcomes,pull_request_opened,FALSE,sa,-15,0.158149959867476,2.180678497967,-4.11597989614785,4.4322798158828
opened_cohort,important_degree_top3,rolling5,exact1,nevertreated,pc_score,collaboration_pc_score,low,github_outcomes,pull_request_opened,FALSE,sa,-14,0.245708931575731,2.20177248502701,-4.0697651390772,4.56118300222866
opened_cohort,important_degree_top3,rolling5,exact1,nevertreated,pc_score,collaboration_pc_score,low,github_outcomes,pull_request_opened,FALSE,sa,-13,2.06846392943346,2.01041688794738,-1.8719531709434,6.00888102981032
opened_cohort,important_degree_top3,rolling5,exact1,nevertreated,pc_score,collaboration_pc_score,low,github_outcomes,pull_request_opened,FALSE,sa,-12,1.13832290761801,1.97504071856086,-2.73275690076127,5.0094027159973
opened_cohort,important_degree_top3,rolling5,exact1,nevertreated,pc_score,collaboration_pc_score,low,github_outcomes,pull_request_opened,FALSE,sa,-11,2.25980822018595,2.00223491183178,-1.66457220700434,6.18418864737624
opened_cohort,important_degree_top3,rolling5,exact1,nevertreated,pc_score,collaboration_pc_score,low,github_outcomes,pull_request_opened,FALSE,sa,-10,1.33976089391241,2.16028658671436,-2.89440081604774,5.57392260387257
opened_cohort,important_degree_top3,rolling5,exact1,nevertreated,pc_score,collaboration_pc_score,low,github_outcomes,pull_request_opened,FALSE,sa,-9,-1.76044452786695,2.35864294029484,-6.38338469084484,2.86249563511094
opened_cohort,important_degree_top3,rolling5,exact1,nevertreated,pc_score,collaboration_pc_score,low,github_outcomes,pull_request_opened,FALSE,sa,-8,-1.78852684577139,1.90733761080888,-5.5269085629568,1.94985487141403
opened_cohort,important_degree_top3,rolling5,exact1,nevertreated,pc_score,collaboration_pc_score,low,github_outcomes,pull_request_opened,FALSE,sa,-7,1.74561258820709,1.73121659690855,-1.64757194173366,5.13879711814784
opened_cohort,important_degree_top3,rolling5,exact1,nevertreated,pc_score,collaboration_pc_score,low,github_outcomes,pull_request_opened,FALSE,sa,-6,1.61427387510248,1.6657382733609,-1.65057314068488,4.87912089088984
opened_cohort,important_degree_top3,rolling5,exact1,nevertreated,pc_score,collaboration_pc_score,low,github_outcomes,pull_request_opened,FALSE,sa,-5,3.03572369048702,2.20161721946508,-1.27944605966454,7.35089344063859
opened_cohort,important_degree_top3,rolling5,exact1,nevertreated,pc_score,collaboration_pc_score,low,github_outcomes,pull_request_opened,FALSE,sa,-4,2.6104176528842,1.96615947126082,-1.24325491078701,6.46409021655542
opened_cohort,important_degree_top3,rolling5,exact1,nevertreated,pc_score,collaboration_pc_score,low,github_outcomes,pull_request_opened,FALSE,sa,-3,1.50492760124095,1.50308215049658,-1.44111341373234,4.45096861621424
opened_cohort,important_degree_top3,rolling5,exact1,nevertreated,pc_score,collaboration_pc_score,low,github_outcomes,pull_request_opened,FALSE,sa,-2,2.46168502301659,0.901778133668413,0.694199881026505,4.22917016500668
opened_cohort,important_degree_top3,rolling5,exact1,nevertreated,pc_score,collaboration_pc_score,low,github_outcomes,pull_request_opened,FALSE,sa,-1,0,0,0,0
opened_cohort,important_degree_top3,rolling5,exact1,nevertreated,pc_score,collaboration_pc_score,low,github_outcomes,pull_request_opened,FALSE,sa,0,-1.15972128669077,0.954530982499151,-3.03060201238911,0.711159439007563
opened_cohort,important_degree_top3,rolling5,exact1,nevertreated,pc_score,collaboration_pc_score,low,github_outcomes,pull_request_opened,FALSE,sa,1,-2.15417641142413,1.13557751101442,-4.3799083330124,0.0715555101641425
opened_cohort,important_degree_top3,rolling5,exact1,nevertreated,pc_score,collaboration_pc_score,low,github_outcomes,pull_request_opened,FALSE,sa,2,-2.38298713169204,1.11387764059215,-4.56618730725265,-0.199786956131429
opened_cohort,important_degree_top3,rolling5,exact1,nevertreated,pc_score,collaboration_pc_score,low,github_outcomes,pull_request_opened,FALSE,sa,3,-0.953171386298274,1.30732014618813,-3.51551887282701,1.60917610023047
opened_cohort,important_degree_top3,rolling5,exact1,nevertreated,pc_score,collaboration_pc_score,low,github_outcomes,pull_request_opened,FALSE,sa,4,-1.35015631092137,1.42263347516359,-4.13851792224202,1.43820530039927
opened_cohort,important_degree_top3,rolling5,exact1,nevertreated,pc_score,collaboration_pc_score,low,github_outcomes,pull_request_opened,FALSE,sa,5,-1.76409265932996,1.5560846253331,-4.81401852498284,1.28583320632292
opened_cohort,important_degree_top3,rolling5,exact1,nevertreated,pc_score,collaboration_pc_score,low,github_outcomes,pull_request_opened,FALSE,sa,6,-0.0765103916568095,1.75387912185291,-3.51411347048851,3.36109268717489
opened_cohort,important_degree_top3,rolling5,exact1,nevertreated,pc_score,collaboration_pc_score,low,github_outcomes,pull_request_opened,FALSE,sa,7,1.04186787461206,2.31214623633147,-3.48993874859763,5.57367449782174
opened_cohort,important_degree_top3,rolling5,exact1,nevertreated,pc_score,collaboration_pc_score,low,github_outcomes,pull_request_opened,FALSE,sa,8,2.40303015841211,2.91565371299644,-3.31165111906091,8.11771143588513
opened_cohort,important_degree_top3,rolling5,exact1,nevertreated,pc_score,collaboration_pc_score,low,github_outcomes,pull_request_opened,FALSE,sa,9,0.323337788820272,1.84537134435764,-3.29359004612071,3.94026562376125
opened_cohort,important_degree_top3,rolling5,exact1,nevertreated,pc_score,collaboration_pc_score,low,github_outcomes,pull_request_opened,FALSE,sa,10,-2.81867653749446,3.22442893068467,-9.13855724163641,3.50120416664749
opened_cohort,important_degree_top3,rolling5,exact1,nevertreated,pc_score,collaboration_pc_score,low,github_outcomes,pull_request_opened,FALSE,sa,11,-2.77808206695095,3.74959278966445,-10.1272839346933,4.57111980079138
opened_cohort,important_degree_top3,rolling5,exact1,nevertreated,pc_score,collaboration_pc_score,high,github_outcomes,pull_request_opened,FALSE,sa,-15,-1.70319782654141,5.50536832139675,-12.493719736479,9.0873240833962
opened_cohort,important_degree_top3,rolling5,exact1,nevertreated,pc_score,collaboration_pc_score,high,github_outcomes,pull_request_opened,FALSE,sa,-14,-4.41584608974809,5.2188946427977,-14.6448795896316,5.81318741013541
opened_cohort,important_degree_top3,rolling5,exact1,nevertreated,pc_score,collaboration_pc_score,high,github_outcomes,pull_request_opened,FALSE,sa,-13,3.05679574210517,4.48068442416549,-5.72534572925919,11.8389372134695
opened_cohort,important_degree_top3,rolling5,exact1,nevertreated,pc_score,collaboration_pc_score,high,github_outcomes,pull_request_opened,FALSE,sa,-12,-2.69773881349213,4.09556846466757,-10.7250530042406,5.32957537725631
opened_cohort,important_degree_top3,rolling5,exact1,nevertreated,pc_score,collaboration_pc_score,high,github_outcomes,pull_request_opened,FALSE,sa,-11,5.87735775271297,4.94277858312391,-3.8104882702099,15.5652037756358
opened_cohort,important_degree_top3,rolling5,exact1,nevertreated,pc_score,collaboration_pc_score,high,github_outcomes,pull_request_opened,FALSE,sa,-10,1.60647673274205,3.65424476190827,-5.55584300059816,8.76879646608226
opened_cohort,important_degree_top3,rolling5,exact1,nevertreated,pc_score,collaboration_pc_score,high,github_outcomes,pull_request_opened,FALSE,sa,-9,7.01127255865708,5.19807637354272,-3.17695713348666,17.1995022508008
opened_cohort,important_degree_top3,rolling5,exact1,nevertreated,pc_score,collaboration_pc_score,high,github_outcomes,pull_request_opened,FALSE,sa,-8,3.31458029673343,3.91967320161534,-4.36797917843263,10.9971397718995
opened_cohort,important_degree_top3,rolling5,exact1,nevertreated,pc_score,collaboration_pc_score,high,github_outcomes,pull_request_opened,FALSE,sa,-7,3.66900937257412,4.40530539981299,-4.96538921105934,12.3034079562076
opened_cohort,important_degree_top3,rolling5,exact1,nevertreated,pc_score,collaboration_pc_score,high,github_outcomes,pull_request_opened,FALSE,sa,-6,1.48323090332381,3.74951878825547,-5.86582592165691,8.83228772830454
opened_cohort,important_degree_top3,rolling5,exact1,nevertreated,pc_score,collaboration_pc_score,high,github_outcomes,pull_request_opened,FALSE,sa,-5,-0.44561598994556,3.04359650761185,-6.41106514486478,5.51983316497366
opened_cohort,important_degree_top3,rolling5,exact1,nevertreated,pc_score,collaboration_pc_score,high,github_outcomes,pull_request_opened,FALSE,sa,-4,-0.694448117773708,2.73027368214804,-6.04578453478387,4.65688829923645
opened_cohort,important_degree_top3,rolling5,exact1,nevertreated,pc_score,collaboration_pc_score,high,github_outcomes,pull_request_opened,FALSE,sa,-3,-0.101425771849327,1.95228505498666,-3.92790447962319,3.72505293592453
opened_cohort,important_degree_top3,rolling5,exact1,nevertreated,pc_score,collaboration_pc_score,high,github_outcomes,pull_request_opened,FALSE,sa,-2,-0.896392650336432,1.29787389155617,-3.44022547778652,1.64744017711366
opened_cohort,important_degree_top3,rolling5,exact1,nevertreated,pc_score,collaboration_pc_score,high,github_outcomes,pull_request_opened,FALSE,sa,-1,0,0,0,0
opened_cohort,important_degree_top3,rolling5,exact1,nevertreated,pc_score,collaboration_pc_score,high,github_outcomes,pull_request_opened,FALSE,sa,0,-2.03538429070105,1.20948240821873,-4.40596981080975,0.33520122940765
opened_cohort,important_degree_top3,rolling5,exact1,nevertreated,pc_score,collaboration_pc_score,high,github_outcomes,pull_request_opened,FALSE,sa,1,-1.02437649721119,1.52492108370938,-4.01322182128159,1.9644688268592
opened_cohort,important_degree_top3,rolling5,exact1,nevertreated,pc_score,collaboration_pc_score,high,github_outcomes,pull_request_opened,FALSE,sa,2,0.304119855443925,2.01258871417964,-3.64055402434817,4.24879373523603
opened_cohort,important_degree_top3,rolling5,exact1,nevertreated,pc_score,collaboration_pc_score,high,github_outcomes,pull_request_opened,FALSE,sa,3,-0.33247909349328,2.41352438808589,-5.06298689414163,4.39802870715507
opened_cohort,important_degree_top3,rolling5,exact1,nevertreated,pc_score,collaboration_pc_score,high,github_outcomes,pull_request_opened,FALSE,sa,4,0.288040162918998,2.68355530260032,-4.97172823017762,5.54780855601562
opened_cohort,important_degree_top3,rolling5,exact1,nevertreated,pc_score,collaboration_pc_score,high,github_outcomes,pull_request_opened,FALSE,sa,5,1.51299898321865,2.96942801050051,-4.30707991736235,7.33307788379965
opened_cohort,important_degree_top3,rolling5,exact1,nevertreated,pc_score,collaboration_pc_score,high,github_outcomes,pull_request_opened,FALSE,sa,6,2.38186228802315,3.27678486602297,-4.04063604938187,8.80436062542817
opened_cohort,important_degree_top3,rolling5,exact1,nevertreated,pc_score,collaboration_pc_score,high,github_outcomes,pull_request_opened,FALSE,sa,7,4.10582456632848,3.58457606434723,-2.91994451979208,11.131593652449
opened_cohort,important_degree_top3,rolling5,exact1,nevertreated,pc_score,collaboration_pc_score,high,github_outcomes,pull_request_opened,FALSE,sa,8,5.61064115514452,4.04835035319269,-2.32412553711316,13.5454078474022
opened_cohort,important_degree_top3,rolling5,exact1,nevertreated,pc_score,collaboration_pc_score,high,github_outcomes,pull_request_opened,FALSE,sa,9,8.22654674228247,4.17037392060343,0.0526138578997433,16.4004796266652
opened_cohort,important_degree_top3,rolling5,exact1,nevertreated,pc_score,collaboration_pc_score,high,github_outcomes,pull_request_opened,FALSE,sa,10,6.88184693427699,4.30247976612991,-1.55101340733763,15.3147072758916
opened_cohort,important_degree_top3,rolling5,exact1,nevertreated,pc_score,collaboration_pc_score,high,github_outcomes,pull_request_opened,FALSE,sa,11,4.32157396866342,4.99849944410793,-5.47548494178813,14.118632879115
opened_cohort,important_degree_top3,rolling5,exact1,nevertreated,pc_score,knowledge_level_pc_score,low,github_outcomes,pull_request_opened,FALSE,sa,-15,2.03530750898454,4.44776413270255,-6.68231019111246,10.7529252090815
opened_cohort,important_degree_top3,rolling5,exact1,nevertreated,pc_score,knowledge_level_pc_score,low,github_outcomes,pull_request_opened,FALSE,sa,-14,-0.293098413986065,4.15600154951343,-8.43886145103238,7.85266462306025
opened_cohort,important_degree_top3,rolling5,exact1,nevertreated,pc_score,knowledge_level_pc_score,low,github_outcomes,pull_request_opened,FALSE,sa,-13,2.04578383145719,4.54828414793452,-6.86885309849446,10.9604207614088
opened_cohort,important_degree_top3,rolling5,exact1,nevertreated,pc_score,knowledge_level_pc_score,low,github_outcomes,pull_request_opened,FALSE,sa,-12,-0.205255831318883,3.50604189271712,-7.07709794104443,6.66658627840666
opened_cohort,important_degree_top3,rolling5,exact1,nevertreated,pc_score,knowledge_level_pc_score,low,github_outcomes,pull_request_opened,FALSE,sa,-11,2.94486695023437,2.93530592610943,-2.80833266494011,8.69806656540885
opened_cohort,important_degree_top3,rolling5,exact1,nevertreated,pc_score,knowledge_level_pc_score,low,github_outcomes,pull_request_opened,FALSE,sa,-10,3.78357505905859,3.04433413028008,-2.18331983629035,9.75046995440754
opened_cohort,important_degree_top3,rolling5,exact1,nevertreated,pc_score,knowledge_level_pc_score,low,github_outcomes,pull_request_opened,FALSE,sa,-9,1.65566078455037,3.40223933811013,-5.01272831814549,8.32404988724623
opened_cohort,important_degree_top3,rolling5,exact1,nevertreated,pc_score,knowledge_level_pc_score,low,github_outcomes,pull_request_opened,FALSE,sa,-8,1.60683931954743,3.58578749791598,-5.42130417636788,8.63498281546274
opened_cohort,important_degree_top3,rolling5,exact1,nevertreated,pc_score,knowledge_level_pc_score,low,github_outcomes,pull_request_opened,FALSE,sa,-7,4.05296858500975,3.42192492666391,-2.65400427125151,10.759941441271
opened_cohort,important_degree_top3,rolling5,exact1,nevertreated,pc_score,knowledge_level_pc_score,low,github_outcomes,pull_request_opened,FALSE,sa,-6,3.05393466863898,3.42117892400697,-3.65157602241469,9.75944535969264
opened_cohort,important_degree_top3,rolling5,exact1,nevertreated,pc_score,knowledge_level_pc_score,low,github_outcomes,pull_request_opened,FALSE,sa,-5,3.88308260257725,3.43994134992791,-2.85920244328145,10.6253676484359
opened_cohort,important_degree_top3,rolling5,exact1,nevertreated,pc_score,knowledge_level_pc_score,low,github_outcomes,pull_request_opened,FALSE,sa,-4,3.23863278036821,2.99815566909007,-2.63775233104834,9.11501789178475
opened_cohort,important_degree_top3,rolling5,exact1,nevertreated,pc_score,knowledge_level_pc_score,low,github_outcomes,pull_request_opened,FALSE,sa,-3,2.17945486319992,2.21968216816757,-2.17112218640851,6.53003191280835
opened_cohort,important_degree_top3,rolling5,exact1,nevertreated,pc_score,knowledge_level_pc_score,low,github_outcomes,pull_request_opened,FALSE,sa,-2,1.94714250405309,1.35429052442238,-0.707266923814783,4.60155193192097
opened_cohort,important_degree_top3,rolling5,exact1,nevertreated,pc_score,knowledge_level_pc_score,low,github_outcomes,pull_request_opened,FALSE,sa,-1,0,0,0,0
opened_cohort,important_degree_top3,rolling5,exact1,nevertreated,pc_score,knowledge_level_pc_score,low,github_outcomes,pull_request_opened,FALSE,sa,0,-2.52760740726703,1.195426493509,-4.87064333454468,-0.184571479989386
opened_cohort,important_degree_top3,rolling5,exact1,nevertreated,pc_score,knowledge_level_pc_score,low,github_outcomes,pull_request_opened,FALSE,sa,1,-1.63094423617912,1.624280760507,-4.81453452677283,1.5526460544146
opened_cohort,important_degree_top3,rolling5,exact1,nevertreated,pc_score,knowledge_level_pc_score,low,github_outcomes,pull_request_opened,FALSE,sa,2,-1.84676015789295,1.87906300476706,-5.52972364723639,1.83620333145049
opened_cohort,important_degree_top3,rolling5,exact1,nevertreated,pc_score,knowledge_level_pc_score,low,github_outcomes,pull_request_opened,FALSE,sa,3,-1.25908493969671,2.26787622911765,-5.7041223487673,3.18595246937388
opened_cohort,important_degree_top3,rolling5,exact1,nevertreated,pc_score,knowledge_level_pc_score,low,github_outcomes,pull_request_opened,FALSE,sa,4,-1.13074587595695,2.5786221076162,-6.18484520688471,3.92335345497081
opened_cohort,important_degree_top3,rolling5,exact1,nevertreated,pc_score,knowledge_level_pc_score,low,github_outcomes,pull_request_opened,FALSE,sa,5,-1.03936793361366,2.84391453304692,-6.61344041838563,4.53470455115831
opened_cohort,important_degree_top3,rolling5,exact1,nevertreated,pc_score,knowledge_level_pc_score,low,github_outcomes,pull_request_opened,FALSE,sa,6,0.432467368369468,3.09055151250031,-5.62501359613115,6.48994833287008
opened_cohort,important_degree_top3,rolling5,exact1,nevertreated,pc_score,knowledge_level_pc_score,low,github_outcomes,pull_request_opened,FALSE,sa,7,2.33622271482682,3.48392982969181,-4.49227975136912,9.16472518102277
opened_cohort,important_degree_top3,rolling5,exact1,nevertreated,pc_score,knowledge_level_pc_score,low,github_outcomes,pull_request_opened,FALSE,sa,8,5.41032933724536,4.03766303224919,-2.50349020596306,13.3241488804538
opened_cohort,important_degree_top3,rolling5,exact1,nevertreated,pc_score,knowledge_level_pc_score,low,github_outcomes,pull_request_opened,FALSE,sa,9,5.79864305829887,3.34930916291737,-0.766002901019168,12.3632890176169
opened_cohort,important_degree_top3,rolling5,exact1,nevertreated,pc_score,knowledge_level_pc_score,low,github_outcomes,pull_request_opened,FALSE,sa,10,-2.91799058087426,6.47022885788882,-15.5996391423363,9.76365798058783
opened_cohort,important_degree_top3,rolling5,exact1,nevertreated,pc_score,knowledge_level_pc_score,low,github_outcomes,pull_request_opened,FALSE,sa,11,-3.85955107354318,7.85148246426629,-19.2484567035051,11.5293545564187
opened_cohort,important_degree_top3,rolling5,exact1,nevertreated,pc_score,knowledge_level_pc_score,high,github_outcomes,pull_request_opened,FALSE,sa,-15,-3.34077890649126,3.92353539349872,-11.0309082777487,4.34935046476623
opened_cohort,important_degree_top3,rolling5,exact1,nevertreated,pc_score,knowledge_level_pc_score,high,github_outcomes,pull_request_opened,FALSE,sa,-14,-6.61823558210264,3.61021632021474,-13.6942595697235,0.457788405518254
opened_cohort,important_degree_top3,rolling5,exact1,nevertreated,pc_score,knowledge_level_pc_score,high,github_outcomes,pull_request_opened,FALSE,sa,-13,4.87024037199623,3.9145976121095,-2.80237094773839,12.5428516917309
opened_cohort,important_degree_top3,rolling5,exact1,nevertreated,pc_score,knowledge_level_pc_score,high,github_outcomes,pull_request_opened,FALSE,sa,-12,0.609400545019617,3.06404757161732,-5.39613269535032,6.61493378538955
opened_cohort,important_degree_top3,rolling5,exact1,nevertreated,pc_score,knowledge_level_pc_score,high,github_outcomes,pull_request_opened,FALSE,sa,-11,6.73633144316449,4.0200485469165,-1.14296370879184,14.6156265951208
opened_cohort,important_degree_top3,rolling5,exact1,nevertreated,pc_score,knowledge_level_pc_score,high,github_outcomes,pull_request_opened,FALSE,sa,-10,2.05629320422122,2.78281090625409,-3.39801617203681,7.51060258047924
opened_cohort,important_degree_top3,rolling5,exact1,nevertreated,pc_score,knowledge_level_pc_score,high,github_outcomes,pull_request_opened,FALSE,sa,-9,5.60786048648573,3.89786411946667,-2.03195318766895,13.2476741606404
opened_cohort,important_degree_top3,rolling5,exact1,nevertreated,pc_score,knowledge_level_pc_score,high,github_outcomes,pull_request_opened,FALSE,sa,-8,1.99308373760838,2.46855637926367,-2.84528676574841,6.83145424096518
opened_cohort,important_degree_top3,rolling5,exact1,nevertreated,pc_score,knowledge_level_pc_score,high,github_outcomes,pull_request_opened,FALSE,sa,-7,3.40322122623272,2.92884911608736,-2.33732304129852,9.14376549376395
opened_cohort,important_degree_top3,rolling5,exact1,nevertreated,pc_score,knowledge_level_pc_score,high,github_outcomes,pull_request_opened,FALSE,sa,-6,2.05658937987575,2.14662422159635,-2.15079409445309,6.26397285420458
opened_cohort,important_degree_top3,rolling5,exact1,nevertreated,pc_score,knowledge_level_pc_score,high,github_outcomes,pull_request_opened,FALSE,sa,-5,-0.0970019066540809,1.82517772730445,-3.6743502521708,3.48034643886264
opened_cohort,important_degree_top3,rolling5,exact1,nevertreated,pc_score,knowledge_level_pc_score,high,github_outcomes,pull_request_opened,FALSE,sa,-4,-0.590483863772241,1.43269363137036,-3.39856338125816,2.21759565371367
opened_cohort,important_degree_top3,rolling5,exact1,nevertreated,pc_score,knowledge_level_pc_score,high,github_outcomes,pull_request_opened,FALSE,sa,-3,0.000973925635672446,1.03871659012588,-2.03491059101105,2.03685844228239
opened_cohort,important_degree_top3,rolling5,exact1,nevertreated,pc_score,knowledge_level_pc_score,high,github_outcomes,pull_request_opened,FALSE,sa,-2,0.111378219169128,0.743133327135314,-1.34516310201609,1.56791954035434
opened_cohort,important_degree_top3,rolling5,exact1,nevertreated,pc_score,knowledge_level_pc_score,high,github_outcomes,pull_request_opened,FALSE,sa,-1,0,0,0,0
opened_cohort,important_degree_top3,rolling5,exact1,nevertreated,pc_score,knowledge_level_pc_score,high,github_outcomes,pull_request_opened,FALSE,sa,0,0.38759039713772,0.734581726941922,-1.05218978766845,1.82737058194389
opened_cohort,important_degree_top3,rolling5,exact1,nevertreated,pc_score,knowledge_level_pc_score,high,github_outcomes,pull_request_opened,FALSE,sa,1,-0.539108980495721,0.849499995821733,-2.20412897230632,1.12591101131488
opened_cohort,important_degree_top3,rolling5,exact1,nevertreated,pc_score,knowledge_level_pc_score,high,github_outcomes,pull_request_opened,FALSE,sa,2,0.583803714891225,1.04084137682472,-1.45624538368522,2.62385281346767
opened_cohort,important_degree_top3,rolling5,exact1,nevertreated,pc_score,knowledge_level_pc_score,high,github_outcomes,pull_request_opened,FALSE,sa,3,1.21171069163542,1.24224814235843,-1.22309566738711,3.64651705065795
opened_cohort,important_degree_top3,rolling5,exact1,nevertreated,pc_score,knowledge_level_pc_score,high,github_outcomes,pull_request_opened,FALSE,sa,4,1.68018190780012,1.42443408180679,-1.11170889254119,4.47207270814143
opened_cohort,important_degree_top3,rolling5,exact1,nevertreated,pc_score,knowledge_level_pc_score,high,github_outcomes,pull_request_opened,FALSE,sa,5,2.26607592228735,1.62921191596217,-0.927179432998503,5.4593312775732
opened_cohort,important_degree_top3,rolling5,exact1,nevertreated,pc_score,knowledge_level_pc_score,high,github_outcomes,pull_request_opened,FALSE,sa,6,3.21532717096034,1.92695751586533,-0.56150956013571,6.9921639020564
opened_cohort,important_degree_top3,rolling5,exact1,nevertreated,pc_score,knowledge_level_pc_score,high,github_outcomes,pull_request_opened,FALSE,sa,7,3.80064950241875,2.18709751006434,-0.486061617307362,8.08736062214487
opened_cohort,important_degree_top3,rolling5,exact1,nevertreated,pc_score,knowledge_level_pc_score,high,github_outcomes,pull_request_opened,FALSE,sa,8,4.00282048449128,2.51708001765691,-0.930656350116266,8.93629731909883
opened_cohort,important_degree_top3,rolling5,exact1,nevertreated,pc_score,knowledge_level_pc_score,high,github_outcomes,pull_request_opened,FALSE,sa,9,3.18180509581584,2.95116233108451,-2.6024730731098,8.96608326474148
opened_cohort,important_degree_top3,rolling5,exact1,nevertreated,pc_score,knowledge_level_pc_score,high,github_outcomes,pull_request_opened,FALSE,sa,10,4.14445847479568,2.83052220800975,-1.40336505290342,9.69228200249478
opened_cohort,important_degree_top3,rolling5,exact1,nevertreated,pc_score,knowledge_level_pc_score,high,github_outcomes,pull_request_opened,FALSE,sa,11,4.80474328756366,4.18515268713093,-3.39815597921296,13.0076425543403
opened_cohort,important_degree_top3,rolling5,exact1,nevertreated,pc_score,discussion_quality_pc_score,low,github_outcomes,pull_request_opened,FALSE,sa,-15,-1.09226773841151,4.18009677216582,-9.28525741185652,7.1007219350335
opened_cohort,important_degree_top3,rolling5,exact1,nevertreated,pc_score,discussion_quality_pc_score,low,github_outcomes,pull_request_opened,FALSE,sa,-14,-0.688940114989089,4.30777318128603,-9.1321755503097,7.75429532033152
opened_cohort,important_degree_top3,rolling5,exact1,nevertreated,pc_score,discussion_quality_pc_score,low,github_outcomes,pull_request_opened,FALSE,sa,-13,3.42215871042035,3.93237271027921,-4.2852918017269,11.1296092225676
opened_cohort,important_degree_top3,rolling5,exact1,nevertreated,pc_score,discussion_quality_pc_score,low,github_outcomes,pull_request_opened,FALSE,sa,-12,0.569034295732707,3.16421454233156,-5.63282620723716,6.77089479870257
opened_cohort,important_degree_top3,rolling5,exact1,nevertreated,pc_score,discussion_quality_pc_score,low,github_outcomes,pull_request_opened,FALSE,sa,-11,5.48909072812199,3.39499618777147,-1.16510179991008,12.1432832561541
opened_cohort,important_degree_top3,rolling5,exact1,nevertreated,pc_score,discussion_quality_pc_score,low,github_outcomes,pull_request_opened,FALSE,sa,-10,2.98234829380028,2.73710751621201,-2.38238243797527,8.34707902557582
opened_cohort,important_degree_top3,rolling5,exact1,nevertreated,pc_score,discussion_quality_pc_score,low,github_outcomes,pull_request_opened,FALSE,sa,-9,0.140842182772112,2.77378938955391,-5.29578502075356,5.57746938629778
opened_cohort,important_degree_top3,rolling5,exact1,nevertreated,pc_score,discussion_quality_pc_score,low,github_outcomes,pull_request_opened,FALSE,sa,-8,0.815135771156479,2.8225755196063,-4.71711224727187,6.34738378958483
opened_cohort,important_degree_top3,rolling5,exact1,nevertreated,pc_score,discussion_quality_pc_score,low,github_outcomes,pull_request_opened,FALSE,sa,-7,1.0529603604993,2.53898868499881,-3.92345746209836,6.02937818309697
opened_cohort,important_degree_top3,rolling5,exact1,nevertreated,pc_score,discussion_quality_pc_score,low,github_outcomes,pull_request_opened,FALSE,sa,-6,0.923737316583144,2.71303120815362,-4.39380385139795,6.24127848456424
opened_cohort,important_degree_top3,rolling5,exact1,nevertreated,pc_score,discussion_quality_pc_score,low,github_outcomes,pull_request_opened,FALSE,sa,-5,2.09066584403632,2.7210000952143,-3.24249434258371,7.42382603065634
opened_cohort,important_degree_top3,rolling5,exact1,nevertreated,pc_score,discussion_quality_pc_score,low,github_outcomes,pull_request_opened,FALSE,sa,-4,1.50873669890464,2.62946851720541,-3.64502159481795,6.66249499262724
opened_cohort,important_degree_top3,rolling5,exact1,nevertreated,pc_score,discussion_quality_pc_score,low,github_outcomes,pull_request_opened,FALSE,sa,-3,0.0303206279363816,1.83231022213625,-3.56100740745067,3.62164866332343
opened_cohort,important_degree_top3,rolling5,exact1,nevertreated,pc_score,discussion_quality_pc_score,low,github_outcomes,pull_request_opened,FALSE,sa,-2,0.9325933344964,1.26161885350958,-1.54017961838238,3.40536628737518
opened_cohort,important_degree_top3,rolling5,exact1,nevertreated,pc_score,discussion_quality_pc_score,low,github_outcomes,pull_request_opened,FALSE,sa,-1,0,0,0,0
opened_cohort,important_degree_top3,rolling5,exact1,nevertreated,pc_score,discussion_quality_pc_score,low,github_outcomes,pull_request_opened,FALSE,sa,0,-1.93503870754777,1.17348770116512,-4.2350746018314,0.364997186735862
opened_cohort,important_degree_top3,rolling5,exact1,nevertreated,pc_score,discussion_quality_pc_score,low,github_outcomes,pull_request_opened,FALSE,sa,1,-2.11061288976774,1.44823746765878,-4.94915832637894,0.727932546843463
opened_cohort,important_degree_top3,rolling5,exact1,nevertreated,pc_score,discussion_quality_pc_score,low,github_outcomes,pull_request_opened,FALSE,sa,2,-1.5541546745149,1.6930912257947,-4.87261347707251,1.76430412804271
opened_cohort,important_degree_top3,rolling5,exact1,nevertreated,pc_score,discussion_quality_pc_score,low,github_outcomes,pull_request_opened,FALSE,sa,3,-0.961548087198311,2.09398847191187,-5.06576549214559,3.14266931774896
opened_cohort,important_degree_top3,rolling5,exact1,nevertreated,pc_score,discussion_quality_pc_score,low,github_outcomes,pull_request_opened,FALSE,sa,4,-0.985919899025242,2.28764853832453,-5.46971103414133,3.49787123609084
opened_cohort,important_degree_top3,rolling5,exact1,nevertreated,pc_score,discussion_quality_pc_score,low,github_outcomes,pull_request_opened,FALSE,sa,5,-1.14499792660883,2.45093707218879,-5.94883458809886,3.65883873488119
opened_cohort,important_degree_top3,rolling5,exact1,nevertreated,pc_score,discussion_quality_pc_score,low,github_outcomes,pull_request_opened,FALSE,sa,6,1.59746985754565,2.76259170408345,-3.81720988245791,7.01214959754921
opened_cohort,important_degree_top3,rolling5,exact1,nevertreated,pc_score,discussion_quality_pc_score,low,github_outcomes,pull_request_opened,FALSE,sa,7,4.05693963422214,3.17345263187551,-2.16302752425385,10.2769067926981
opened_cohort,important_degree_top3,rolling5,exact1,nevertreated,pc_score,discussion_quality_pc_score,low,github_outcomes,pull_request_opened,FALSE,sa,8,6.43745652961205,4.32958475912092,-2.04852959826496,14.9234426574891
opened_cohort,important_degree_top3,rolling5,exact1,nevertreated,pc_score,discussion_quality_pc_score,low,github_outcomes,pull_request_opened,FALSE,sa,9,4.48444255318459,3.46012886125246,-2.29741001487024,11.2662951212394
opened_cohort,important_degree_top3,rolling5,exact1,nevertreated,pc_score,discussion_quality_pc_score,low,github_outcomes,pull_request_opened,FALSE,sa,10,2.1368511638993,4.51623259945031,-6.7149647310233,10.9886670588219
opened_cohort,important_degree_top3,rolling5,exact1,nevertreated,pc_score,discussion_quality_pc_score,low,github_outcomes,pull_request_opened,FALSE,sa,11,2.09582970224631,4.83703582221209,-7.3847605092894,11.576419913782
opened_cohort,important_degree_top3,rolling5,exact1,nevertreated,pc_score,discussion_quality_pc_score,high,github_outcomes,pull_request_opened,FALSE,sa,-15,-1.10158156071451,4.54746525710106,-10.0146134646326,7.81145034320356
opened_cohort,important_degree_top3,rolling5,exact1,nevertreated,pc_score,discussion_quality_pc_score,high,github_outcomes,pull_request_opened,FALSE,sa,-14,-2.75788144431289,4.63721824792985,-11.8468292102554,6.33106632162962
opened_cohort,important_degree_top3,rolling5,exact1,nevertreated,pc_score,discussion_quality_pc_score,high,github_outcomes,pull_request_opened,FALSE,sa,-13,3.37666916596303,3.98231612543351,-4.42867043988666,11.1820087718127
opened_cohort,important_degree_top3,rolling5,exact1,nevertreated,pc_score,discussion_quality_pc_score,high,github_outcomes,pull_request_opened,FALSE,sa,-12,-0.378071329397462,3.66354463963993,-7.55861882309172,6.80247616429679
opened_cohort,important_degree_top3,rolling5,exact1,nevertreated,pc_score,discussion_quality_pc_score,high,github_outcomes,pull_request_opened,FALSE,sa,-11,1.9572335320442,3.99225597187239,-5.86758817282568,9.78205523691408
opened_cohort,important_degree_top3,rolling5,exact1,nevertreated,pc_score,discussion_quality_pc_score,high,github_outcomes,pull_request_opened,FALSE,sa,-10,0.786821765792193,3.29667571072238,-5.67466262722367,7.24830615880805
opened_cohort,important_degree_top3,rolling5,exact1,nevertreated,pc_score,discussion_quality_pc_score,high,github_outcomes,pull_request_opened,FALSE,sa,-9,6.34570435568698,4.75055598557053,-2.96538537603127,15.6567940874052
opened_cohort,important_degree_top3,rolling5,exact1,nevertreated,pc_score,discussion_quality_pc_score,high,github_outcomes,pull_request_opened,FALSE,sa,-8,1.96899292424001,3.19830664365546,-4.2996880973247,8.23767394580472
opened_cohort,important_degree_top3,rolling5,exact1,nevertreated,pc_score,discussion_quality_pc_score,high,github_outcomes,pull_request_opened,FALSE,sa,-7,5.24644231696534,3.76479296530402,-2.13255189503054,12.6254365289612
opened_cohort,important_degree_top3,rolling5,exact1,nevertreated,pc_score,discussion_quality_pc_score,high,github_outcomes,pull_request_opened,FALSE,sa,-6,3.81578929713619,3.02632279248072,-2.11580337612602,9.74738197039841
opened_cohort,important_degree_top3,rolling5,exact1,nevertreated,pc_score,discussion_quality_pc_score,high,github_outcomes,pull_request_opened,FALSE,sa,-5,1.52463184540121,2.47148805834722,-3.31948474895933,6.36874843976175
opened_cohort,important_degree_top3,rolling5,exact1,nevertreated,pc_score,discussion_quality_pc_score,high,github_outcomes,pull_request_opened,FALSE,sa,-4,1.19464882712376,1.9874614456975,-2.70077560644334,5.09007326069087
opened_cohort,important_degree_top3,rolling5,exact1,nevertreated,pc_score,discussion_quality_pc_score,high,github_outcomes,pull_request_opened,FALSE,sa,-3,2.00248123092547,1.53541588442535,-1.00693390254822,5.01189636439915
opened_cohort,important_degree_top3,rolling5,exact1,nevertreated,pc_score,discussion_quality_pc_score,high,github_outcomes,pull_request_opened,FALSE,sa,-2,1.42450139982067,0.974064002954391,-0.484664045969941,3.33366684561127
opened_cohort,important_degree_top3,rolling5,exact1,nevertreated,pc_score,discussion_quality_pc_score,high,github_outcomes,pull_request_opened,FALSE,sa,-1,0,0,0,0
opened_cohort,important_degree_top3,rolling5,exact1,nevertreated,pc_score,discussion_quality_pc_score,high,github_outcomes,pull_request_opened,FALSE,sa,0,-0.421152626744161,0.774174174364797,-1.93853400849916,1.09622875501084
opened_cohort,important_degree_top3,rolling5,exact1,nevertreated,pc_score,discussion_quality_pc_score,high,github_outcomes,pull_request_opened,FALSE,sa,1,0.0631950692161372,0.985663365690806,-1.86870512753784,1.99509526597012
opened_cohort,important_degree_top3,rolling5,exact1,nevertreated,pc_score,discussion_quality_pc_score,high,github_outcomes,pull_request_opened,FALSE,sa,2,0.689588031093027,1.19480845086638,-1.65223653260507,3.03141259479112
opened_cohort,important_degree_top3,rolling5,exact1,nevertreated,pc_score,discussion_quality_pc_score,high,github_outcomes,pull_request_opened,FALSE,sa,3,1.32045313373229,1.43735742375715,-1.49676741683171,4.1376736842963
opened_cohort,important_degree_top3,rolling5,exact1,nevertreated,pc_score,discussion_quality_pc_score,high,github_outcomes,pull_request_opened,FALSE,sa,4,2.07404550909886,1.64984586948743,-1.15965239509651,5.30774341329423
opened_cohort,important_degree_top3,rolling5,exact1,nevertreated,pc_score,discussion_quality_pc_score,high,github_outcomes,pull_request_opened,FALSE,sa,5,2.656230259832,1.94901901706927,-1.16384701362377,6.47630753328778
opened_cohort,important_degree_top3,rolling5,exact1,nevertreated,pc_score,discussion_quality_pc_score,high,github_outcomes,pull_request_opened,FALSE,sa,6,2.63897299266063,2.23216576862041,-1.73607191383536,7.01401789915663
opened_cohort,important_degree_top3,rolling5,exact1,nevertreated,pc_score,discussion_quality_pc_score,high,github_outcomes,pull_request_opened,FALSE,sa,7,3.14164382605723,2.58970884206011,-1.93418550438057,8.21747315649504
opened_cohort,important_degree_top3,rolling5,exact1,nevertreated,pc_score,discussion_quality_pc_score,high,github_outcomes,pull_request_opened,FALSE,sa,8,4.0910441796289,2.72146834197035,-1.24303377063299,9.42512212989079
opened_cohort,important_degree_top3,rolling5,exact1,nevertreated,pc_score,discussion_quality_pc_score,high,github_outcomes,pull_request_opened,FALSE,sa,9,5.47085046633736,2.72966869171757,0.120699830570927,10.8210011021038
opened_cohort,important_degree_top3,rolling5,exact1,nevertreated,pc_score,discussion_quality_pc_score,high,github_outcomes,pull_request_opened,FALSE,sa,10,4.28634613100387,2.92240603146011,-1.44156969065795,10.0142619526657
opened_cohort,important_degree_top3,rolling5,exact1,nevertreated,pc_score,discussion_quality_pc_score,high,github_outcomes,pull_request_opened,FALSE,sa,11,6.12259296595507,3.9099708434978,-1.54094988730062,13.7861358192108
opened_cohort,important_degree_top3,rolling5,exact1,nevertreated,pc_score,investment_in_new_talent_pc_score,low,github_outcomes,pull_request_opened,FALSE,sa,-15,-1.40635583870963,3.09411569615755,-7.47082260317843,4.65811092575918
opened_cohort,important_degree_top3,rolling5,exact1,nevertreated,pc_score,investment_in_new_talent_pc_score,low,github_outcomes,pull_request_opened,FALSE,sa,-14,4.43086757166442,2.76213993919984,-0.982926709167265,9.84466185249611
opened_cohort,important_degree_top3,rolling5,exact1,nevertreated,pc_score,investment_in_new_talent_pc_score,low,github_outcomes,pull_request_opened,FALSE,sa,-13,7.485574897032,3.31799687262187,0.982301026693125,13.9888487673709
opened_cohort,important_degree_top3,rolling5,exact1,nevertreated,pc_score,investment_in_new_talent_pc_score,low,github_outcomes,pull_request_opened,FALSE,sa,-12,2.09177785587796,2.50229634520223,-2.81272298071841,6.99627869247434
opened_cohort,important_degree_top3,rolling5,exact1,nevertreated,pc_score,investment_in_new_talent_pc_score,low,github_outcomes,pull_request_opened,FALSE,sa,-11,5.69132553801078,2.93392296082514,-0.0591634652064892,11.441814541228
opened_cohort,important_degree_top3,rolling5,exact1,nevertreated,pc_score,investment_in_new_talent_pc_score,low,github_outcomes,pull_request_opened,FALSE,sa,-10,4.1201433143847,2.40778277071853,-0.59911091622362,8.83939754499303
opened_cohort,important_degree_top3,rolling5,exact1,nevertreated,pc_score,investment_in_new_talent_pc_score,low,github_outcomes,pull_request_opened,FALSE,sa,-9,2.34214655885992,2.65869566090725,-2.8688969365183,7.55319005423813
opened_cohort,important_degree_top3,rolling5,exact1,nevertreated,pc_score,investment_in_new_talent_pc_score,low,github_outcomes,pull_request_opened,FALSE,sa,-8,1.08137941124973,2.70440127450936,-4.21924708678861,6.38200590928807
opened_cohort,important_degree_top3,rolling5,exact1,nevertreated,pc_score,investment_in_new_talent_pc_score,low,github_outcomes,pull_request_opened,FALSE,sa,-7,1.95197177035174,2.45270363312203,-2.85532735056745,6.75927089127092
opened_cohort,important_degree_top3,rolling5,exact1,nevertreated,pc_score,investment_in_new_talent_pc_score,low,github_outcomes,pull_request_opened,FALSE,sa,-6,2.53424568891848,2.28324715348937,-1.94091873192069,7.00941010975765
opened_cohort,important_degree_top3,rolling5,exact1,nevertreated,pc_score,investment_in_new_talent_pc_score,low,github_outcomes,pull_request_opened,FALSE,sa,-5,0.664391610536351,2.01755234329969,-3.29001098233104,4.61879420340374
opened_cohort,important_degree_top3,rolling5,exact1,nevertreated,pc_score,investment_in_new_talent_pc_score,low,github_outcomes,pull_request_opened,FALSE,sa,-4,1.14175798746778,1.68282215501104,-2.15657343635386,4.44008941128942
opened_cohort,important_degree_top3,rolling5,exact1,nevertreated,pc_score,investment_in_new_talent_pc_score,low,github_outcomes,pull_request_opened,FALSE,sa,-3,1.03772615695147,1.13224840116949,-1.18148070934072,3.25693302324367
opened_cohort,important_degree_top3,rolling5,exact1,nevertreated,pc_score,investment_in_new_talent_pc_score,low,github_outcomes,pull_request_opened,FALSE,sa,-2,0.254903679565741,0.854984658312356,-1.42086625072648,1.93067360985796
opened_cohort,important_degree_top3,rolling5,exact1,nevertreated,pc_score,investment_in_new_talent_pc_score,low,github_outcomes,pull_request_opened,FALSE,sa,-1,0,0,0,0
opened_cohort,important_degree_top3,rolling5,exact1,nevertreated,pc_score,investment_in_new_talent_pc_score,low,github_outcomes,pull_request_opened,FALSE,sa,0,-1.28502886634072,0.774060427453374,-2.80218730414933,0.232129571467895
opened_cohort,important_degree_top3,rolling5,exact1,nevertreated,pc_score,investment_in_new_talent_pc_score,low,github_outcomes,pull_request_opened,FALSE,sa,1,-0.786665287350795,1.00153077562433,-2.74966560757448,1.17633503287289
opened_cohort,important_degree_top3,rolling5,exact1,nevertreated,pc_score,investment_in_new_talent_pc_score,low,github_outcomes,pull_request_opened,FALSE,sa,2,-0.868782542855086,0.931733507335402,-2.69498021723247,0.957415131522301
opened_cohort,important_degree_top3,rolling5,exact1,nevertreated,pc_score,investment_in_new_talent_pc_score,low,github_outcomes,pull_request_opened,FALSE,sa,3,-1.25095100163644,1.14327523823102,-3.49177046856923,0.989868465296353
opened_cohort,important_degree_top3,rolling5,exact1,nevertreated,pc_score,investment_in_new_talent_pc_score,low,github_outcomes,pull_request_opened,FALSE,sa,4,0.244120682951351,1.51355562945086,-2.72244835077234,3.21068971667504
opened_cohort,important_degree_top3,rolling5,exact1,nevertreated,pc_score,investment_in_new_talent_pc_score,low,github_outcomes,pull_request_opened,FALSE,sa,5,0.727671630211995,1.77402866262858,-2.74942454854001,4.204767808964
opened_cohort,important_degree_top3,rolling5,exact1,nevertreated,pc_score,investment_in_new_talent_pc_score,low,github_outcomes,pull_request_opened,FALSE,sa,6,1.97432510244465,1.96869743188552,-1.88432186405098,5.83297206894027
opened_cohort,important_degree_top3,rolling5,exact1,nevertreated,pc_score,investment_in_new_talent_pc_score,low,github_outcomes,pull_request_opened,FALSE,sa,7,2.85485229938819,2.67920559081038,-2.39639065860016,8.10609525737654
opened_cohort,important_degree_top3,rolling5,exact1,nevertreated,pc_score,investment_in_new_talent_pc_score,low,github_outcomes,pull_request_opened,FALSE,sa,8,3.88776338774027,3.06646493923665,-2.12250789316356,9.8980346686441
opened_cohort,important_degree_top3,rolling5,exact1,nevertreated,pc_score,investment_in_new_talent_pc_score,low,github_outcomes,pull_request_opened,FALSE,sa,9,1.07169160147991,2.1757515065652,-3.19278135138788,5.3361645543477
opened_cohort,important_degree_top3,rolling5,exact1,nevertreated,pc_score,investment_in_new_talent_pc_score,low,github_outcomes,pull_request_opened,FALSE,sa,10,-1.92297624403877,3.47325672329831,-8.73055942170346,4.88460693362593
opened_cohort,important_degree_top3,rolling5,exact1,nevertreated,pc_score,investment_in_new_talent_pc_score,low,github_outcomes,pull_request_opened,FALSE,sa,11,-3.10139088339575,4.26371810240497,-11.4582783641095,5.255496597318
opened_cohort,important_degree_top3,rolling5,exact1,nevertreated,pc_score,investment_in_new_talent_pc_score,high,github_outcomes,pull_request_opened,FALSE,sa,-15,-1.28042806683501,5.82002077026498,-12.6876687765544,10.1268126428844
opened_cohort,important_degree_top3,rolling5,exact1,nevertreated,pc_score,investment_in_new_talent_pc_score,high,github_outcomes,pull_request_opened,FALSE,sa,-14,-8.11684402122689,5.20632832861953,-18.3212475453212,2.08755950286739
opened_cohort,important_degree_top3,rolling5,exact1,nevertreated,pc_score,investment_in_new_talent_pc_score,high,github_outcomes,pull_request_opened,FALSE,sa,-13,-1.1392346179159,4.75937533614729,-10.4676102767646,8.18914104093278
opened_cohort,important_degree_top3,rolling5,exact1,nevertreated,pc_score,investment_in_new_talent_pc_score,high,github_outcomes,pull_request_opened,FALSE,sa,-12,-5.34160670453708,4.26794726247812,-13.7067833389942,3.02356992992003
opened_cohort,important_degree_top3,rolling5,exact1,nevertreated,pc_score,investment_in_new_talent_pc_score,high,github_outcomes,pull_request_opened,FALSE,sa,-11,-0.162568532267501,4.34343317217439,-8.6756975497293,8.3505604851943
opened_cohort,important_degree_top3,rolling5,exact1,nevertreated,pc_score,investment_in_new_talent_pc_score,high,github_outcomes,pull_request_opened,FALSE,sa,-10,-1.15139214331044,3.72414281791052,-8.45071206641507,6.14792777979418
opened_cohort,important_degree_top3,rolling5,exact1,nevertreated,pc_score,investment_in_new_talent_pc_score,high,github_outcomes,pull_request_opened,FALSE,sa,-9,3.13629881520125,5.24048055358675,-7.13504306982879,13.4076407002313
opened_cohort,important_degree_top3,rolling5,exact1,nevertreated,pc_score,investment_in_new_talent_pc_score,high,github_outcomes,pull_request_opened,FALSE,sa,-8,0.155306676314264,3.58519183965507,-6.87166932940968,7.1822826820382
opened_cohort,important_degree_top3,rolling5,exact1,nevertreated,pc_score,investment_in_new_talent_pc_score,high,github_outcomes,pull_request_opened,FALSE,sa,-7,4.64153472390371,4.03634751651937,-3.26970640847427,12.5527758562817
opened_cohort,important_degree_top3,rolling5,exact1,nevertreated,pc_score,investment_in_new_talent_pc_score,high,github_outcomes,pull_request_opened,FALSE,sa,-6,1.68749370788727,3.49730040598553,-5.16721508784437,8.54220250361891
opened_cohort,important_degree_top3,rolling5,exact1,nevertreated,pc_score,investment_in_new_talent_pc_score,high,github_outcomes,pull_request_opened,FALSE,sa,-5,2.07598469454208,3.45193147379154,-4.68980099408934,8.84177038317351
opened_cohort,important_degree_top3,rolling5,exact1,nevertreated,pc_score,investment_in_new_talent_pc_score,high,github_outcomes,pull_request_opened,FALSE,sa,-4,1.09968109694412,3.04823173764761,-4.87485310884519,7.07421530273343
opened_cohort,important_degree_top3,rolling5,exact1,nevertreated,pc_score,investment_in_new_talent_pc_score,high,github_outcomes,pull_request_opened,FALSE,sa,-3,0.433595072960603,2.21046886300988,-3.89892389853877,4.76611404445997
opened_cohort,important_degree_top3,rolling5,exact1,nevertreated,pc_score,investment_in_new_talent_pc_score,high,github_outcomes,pull_request_opened,FALSE,sa,-2,1.57216833594357,1.39835839588764,-1.1686141199962,4.31295079188333
opened_cohort,important_degree_top3,rolling5,exact1,nevertreated,pc_score,investment_in_new_talent_pc_score,high,github_outcomes,pull_request_opened,FALSE,sa,-1,0,0,0,0
opened_cohort,important_degree_top3,rolling5,exact1,nevertreated,pc_score,investment_in_new_talent_pc_score,high,github_outcomes,pull_request_opened,FALSE,sa,0,-1.53139950598991,1.30014744108511,-4.07968849051673,1.01688947853692
opened_cohort,important_degree_top3,rolling5,exact1,nevertreated,pc_score,investment_in_new_talent_pc_score,high,github_outcomes,pull_request_opened,FALSE,sa,1,-2.18122359794536,1.55099514145912,-5.22117407520523,0.858726879314507
opened_cohort,important_degree_top3,rolling5,exact1,nevertreated,pc_score,investment_in_new_talent_pc_score,high,github_outcomes,pull_request_opened,FALSE,sa,2,-0.850085172425925,2.01161102408159,-4.79284277962584,3.09267243477399
opened_cohort,important_degree_top3,rolling5,exact1,nevertreated,pc_score,investment_in_new_talent_pc_score,high,github_outcomes,pull_request_opened,FALSE,sa,3,0.580116759092952,2.43006730967099,-4.18281516786219,5.34304868604809
opened_cohort,important_degree_top3,rolling5,exact1,nevertreated,pc_score,investment_in_new_talent_pc_score,high,github_outcomes,pull_request_opened,FALSE,sa,4,-0.507606389868115,2.51267959688739,-5.4324583997674,4.41724562003117
opened_cohort,important_degree_top3,rolling5,exact1,nevertreated,pc_score,investment_in_new_talent_pc_score,high,github_outcomes,pull_request_opened,FALSE,sa,5,-0.327331294755445,2.6559146419618,-5.53292399300057,4.87826140348969
opened_cohort,important_degree_top3,rolling5,exact1,nevertreated,pc_score,investment_in_new_talent_pc_score,high,github_outcomes,pull_request_opened,FALSE,sa,6,0.731534390620755,2.98829510393217,-5.1255240130863,6.58859279432781
opened_cohort,important_degree_top3,rolling5,exact1,nevertreated,pc_score,investment_in_new_talent_pc_score,high,github_outcomes,pull_request_opened,FALSE,sa,7,3.07159760505778,3.27787623766219,-3.35303982076012,9.49623503087567
opened_cohort,important_degree_top3,rolling5,exact1,nevertreated,pc_score,investment_in_new_talent_pc_score,high,github_outcomes,pull_request_opened,FALSE,sa,8,5.17468875313829,4.02726611588612,-2.71875283399852,13.0681303402751
opened_cohort,important_degree_top3,rolling5,exact1,nevertreated,pc_score,investment_in_new_talent_pc_score,high,github_outcomes,pull_request_opened,FALSE,sa,9,8.10213036482904,4.01820784247811,0.226442993571943,15.9778177360861
opened_cohort,important_degree_top3,rolling5,exact1,nevertreated,pc_score,investment_in_new_talent_pc_score,high,github_outcomes,pull_request_opened,FALSE,sa,10,7.66503802925722,4.35832406917135,-0.877277146318633,16.2073532048331
opened_cohort,important_degree_top3,rolling5,exact1,nevertreated,pc_score,investment_in_new_talent_pc_score,high,github_outcomes,pull_request_opened,FALSE,sa,11,9.24782895765679,4.87895556085642,-0.314923941621791,18.8105818569354
opened_cohort,important_degree_top3,rolling5,exact1,nevertreated,pc_score,problem_solving_routines_pc_score,low,github_outcomes,pull_request_opened,FALSE,sa,-15,-4.18614769000566,4.67544307055313,-13.3500161082898,4.97772072827847
opened_cohort,important_degree_top3,rolling5,exact1,nevertreated,pc_score,problem_solving_routines_pc_score,low,github_outcomes,pull_request_opened,FALSE,sa,-14,-3.6015036447655,4.24959524526238,-11.9307103254798,4.72770303594877
opened_cohort,important_degree_top3,rolling5,exact1,nevertreated,pc_score,problem_solving_routines_pc_score,low,github_outcomes,pull_request_opened,FALSE,sa,-13,2.43012599343568,4.00571556424599,-5.42107651248646,10.2813284993578
opened_cohort,important_degree_top3,rolling5,exact1,nevertreated,pc_score,problem_solving_routines_pc_score,low,github_outcomes,pull_request_opened,FALSE,sa,-12,-1.4147386751263,3.60689956778152,-8.48426182797807,5.65478447772547
opened_cohort,important_degree_top3,rolling5,exact1,nevertreated,pc_score,problem_solving_routines_pc_score,low,github_outcomes,pull_request_opened,FALSE,sa,-11,0.519108483974573,3.1613930852201,-5.67722196305683,6.71543893100597
opened_cohort,important_degree_top3,rolling5,exact1,nevertreated,pc_score,problem_solving_routines_pc_score,low,github_outcomes,pull_request_opened,FALSE,sa,-10,1.17103326787926,2.90476507490756,-4.52230627893956,6.86437281469808
opened_cohort,important_degree_top3,rolling5,exact1,nevertreated,pc_score,problem_solving_routines_pc_score,low,github_outcomes,pull_request_opened,FALSE,sa,-9,1.12762506300076,2.54541267551281,-3.86138378100435,6.11663390700586
opened_cohort,important_degree_top3,rolling5,exact1,nevertreated,pc_score,problem_solving_routines_pc_score,low,github_outcomes,pull_request_opened,FALSE,sa,-8,1.75226167701938,2.66302322853457,-3.46726385090838,6.97178720494714
opened_cohort,important_degree_top3,rolling5,exact1,nevertreated,pc_score,problem_solving_routines_pc_score,low,github_outcomes,pull_request_opened,FALSE,sa,-7,1.51305077135607,2.48056983551505,-3.34886610625343,6.37496764896557
opened_cohort,important_degree_top3,rolling5,exact1,nevertreated,pc_score,problem_solving_routines_pc_score,low,github_outcomes,pull_request_opened,FALSE,sa,-6,2.34416741818461,2.22585545161505,-2.01850926698088,6.70684410335011
opened_cohort,important_degree_top3,rolling5,exact1,nevertreated,pc_score,problem_solving_routines_pc_score,low,github_outcomes,pull_request_opened,FALSE,sa,-5,1.60264258883442,2.10727887896787,-2.52762401394261,5.73290919161145
opened_cohort,important_degree_top3,rolling5,exact1,nevertreated,pc_score,problem_solving_routines_pc_score,low,github_outcomes,pull_request_opened,FALSE,sa,-4,0.119090060821664,1.57165976187411,-2.9613630724516,3.19954319409493
opened_cohort,important_degree_top3,rolling5,exact1,nevertreated,pc_score,problem_solving_routines_pc_score,low,github_outcomes,pull_request_opened,FALSE,sa,-3,0.98052588297392,1.26106908783689,-1.49116952918638,3.45222129513422
opened_cohort,important_degree_top3,rolling5,exact1,nevertreated,pc_score,problem_solving_routines_pc_score,low,github_outcomes,pull_request_opened,FALSE,sa,-2,0.332818838274192,0.892045037819488,-1.41558943585201,2.08122711240039
opened_cohort,important_degree_top3,rolling5,exact1,nevertreated,pc_score,problem_solving_routines_pc_score,low,github_outcomes,pull_request_opened,FALSE,sa,-1,0,0,0,0
opened_cohort,important_degree_top3,rolling5,exact1,nevertreated,pc_score,problem_solving_routines_pc_score,low,github_outcomes,pull_request_opened,FALSE,sa,0,-0.495998734578157,0.638299716824928,-1.74706617955502,0.755068710398703
opened_cohort,important_degree_top3,rolling5,exact1,nevertreated,pc_score,problem_solving_routines_pc_score,low,github_outcomes,pull_request_opened,FALSE,sa,1,0.0629398463064563,0.837800833835994,-1.57914978801209,1.70502948062501
opened_cohort,important_degree_top3,rolling5,exact1,nevertreated,pc_score,problem_solving_routines_pc_score,low,github_outcomes,pull_request_opened,FALSE,sa,2,0.323948369033725,0.919160306277986,-1.47760583127113,2.12550256933858
opened_cohort,important_degree_top3,rolling5,exact1,nevertreated,pc_score,problem_solving_routines_pc_score,low,github_outcomes,pull_request_opened,FALSE,sa,3,0.0559085963064516,1.16223095575621,-2.22206407697572,2.33388126958862
opened_cohort,important_degree_top3,rolling5,exact1,nevertreated,pc_score,problem_solving_routines_pc_score,low,github_outcomes,pull_request_opened,FALSE,sa,4,0.569615982670091,1.44800354059632,-2.26847095689869,3.40770292223887
opened_cohort,important_degree_top3,rolling5,exact1,nevertreated,pc_score,problem_solving_routines_pc_score,low,github_outcomes,pull_request_opened,FALSE,sa,5,0.860240982670095,1.69305400347346,-2.45814486413788,4.17862682947807
opened_cohort,important_degree_top3,rolling5,exact1,nevertreated,pc_score,problem_solving_routines_pc_score,low,github_outcomes,pull_request_opened,FALSE,sa,6,1.18238118509045,1.98941275831456,-2.71686782120608,5.08163019138699
opened_cohort,important_degree_top3,rolling5,exact1,nevertreated,pc_score,problem_solving_routines_pc_score,low,github_outcomes,pull_request_opened,FALSE,sa,7,1.17016456983421,2.29719267559224,-3.33233307432659,5.67266221399501
opened_cohort,important_degree_top3,rolling5,exact1,nevertreated,pc_score,problem_solving_routines_pc_score,low,github_outcomes,pull_request_opened,FALSE,sa,8,1.02781727740229,2.36226958311952,-3.60223110551196,5.65786566031655
opened_cohort,important_degree_top3,rolling5,exact1,nevertreated,pc_score,problem_solving_routines_pc_score,low,github_outcomes,pull_request_opened,FALSE,sa,9,1.77946337860888,2.15020942805006,-2.43494710036924,5.993873857587
opened_cohort,important_degree_top3,rolling5,exact1,nevertreated,pc_score,problem_solving_routines_pc_score,low,github_outcomes,pull_request_opened,FALSE,sa,10,2.34408563333065,2.29466192191299,-2.15345173361881,6.84162300028011
opened_cohort,important_degree_top3,rolling5,exact1,nevertreated,pc_score,problem_solving_routines_pc_score,low,github_outcomes,pull_request_opened,FALSE,sa,11,3.62382408701547,2.81198169404582,-1.88766003331434,9.13530820734529
opened_cohort,important_degree_top3,rolling5,exact1,nevertreated,pc_score,problem_solving_routines_pc_score,high,github_outcomes,pull_request_opened,FALSE,sa,-15,2.44330558489129,3.89405511569364,-5.18904244186825,10.0756536116508
opened_cohort,important_degree_top3,rolling5,exact1,nevertreated,pc_score,problem_solving_routines_pc_score,high,github_outcomes,pull_request_opened,FALSE,sa,-14,-0.252846472116767,4.52503656368576,-9.12191813694085,8.61622519270731
opened_cohort,important_degree_top3,rolling5,exact1,nevertreated,pc_score,problem_solving_routines_pc_score,high,github_outcomes,pull_request_opened,FALSE,sa,-13,5.37221043867596,4.0725635550778,-2.61001412927652,13.3544350066284
opened_cohort,important_degree_top3,rolling5,exact1,nevertreated,pc_score,problem_solving_routines_pc_score,high,github_outcomes,pull_request_opened,FALSE,sa,-12,-1.97182017603282,3.69141324056384,-9.20699012753794,5.2633497754723
opened_cohort,important_degree_top3,rolling5,exact1,nevertreated,pc_score,problem_solving_routines_pc_score,high,github_outcomes,pull_request_opened,FALSE,sa,-11,7.68080796479941,4.35613863377376,-0.85722375739716,16.218839686996
opened_cohort,important_degree_top3,rolling5,exact1,nevertreated,pc_score,problem_solving_routines_pc_score,high,github_outcomes,pull_request_opened,FALSE,sa,-10,4.27322452447914,3.15001954605808,-1.90081378579471,10.447262834753
opened_cohort,important_degree_top3,rolling5,exact1,nevertreated,pc_score,problem_solving_routines_pc_score,high,github_outcomes,pull_request_opened,FALSE,sa,-9,3.39139819090708,4.54903629737467,-5.52471295194727,12.3075093337614
opened_cohort,important_degree_top3,rolling5,exact1,nevertreated,pc_score,problem_solving_routines_pc_score,high,github_outcomes,pull_request_opened,FALSE,sa,-8,0.709725615336765,3.66138693580534,-6.46659277884169,7.88604400951522
opened_cohort,important_degree_top3,rolling5,exact1,nevertreated,pc_score,problem_solving_routines_pc_score,high,github_outcomes,pull_request_opened,FALSE,sa,-7,4.91575641019598,3.77537780729236,-2.48398409209705,12.315496912489
opened_cohort,important_degree_top3,rolling5,exact1,nevertreated,pc_score,problem_solving_routines_pc_score,high,github_outcomes,pull_request_opened,FALSE,sa,-6,2.2519810176486,3.36426599659001,-4.34198033566782,8.84594237096501
opened_cohort,important_degree_top3,rolling5,exact1,nevertreated,pc_score,problem_solving_routines_pc_score,high,github_outcomes,pull_request_opened,FALSE,sa,-5,1.572536140694,3.19135709172054,-4.68252375907826,7.82759604046627
opened_cohort,important_degree_top3,rolling5,exact1,nevertreated,pc_score,problem_solving_routines_pc_score,high,github_outcomes,pull_request_opened,FALSE,sa,-4,2.07970673043043,2.90576213712393,-3.61558705833248,7.77500051919334
opened_cohort,important_degree_top3,rolling5,exact1,nevertreated,pc_score,problem_solving_routines_pc_score,high,github_outcomes,pull_request_opened,FALSE,sa,-3,1.11249030431522,2.07708595025773,-2.95859815818994,5.18357876682037
opened_cohort,important_degree_top3,rolling5,exact1,nevertreated,pc_score,problem_solving_routines_pc_score,high,github_outcomes,pull_request_opened,FALSE,sa,-2,2.32367009806876,1.32535710552278,-0.274029828755893,4.92137002489342
opened_cohort,important_degree_top3,rolling5,exact1,nevertreated,pc_score,problem_solving_routines_pc_score,high,github_outcomes,pull_request_opened,FALSE,sa,-1,0,0,0,0
opened_cohort,important_degree_top3,rolling5,exact1,nevertreated,pc_score,problem_solving_routines_pc_score,high,github_outcomes,pull_request_opened,FALSE,sa,0,-1.77304202677209,1.2682451997459,-4.25880261827406,0.712718564729878
opened_cohort,important_degree_top3,rolling5,exact1,nevertreated,pc_score,problem_solving_routines_pc_score,high,github_outcomes,pull_request_opened,FALSE,sa,1,-2.14987713196545,1.58575892881617,-5.25796463244515,0.958210368514246
opened_cohort,important_degree_top3,rolling5,exact1,nevertreated,pc_score,problem_solving_routines_pc_score,high,github_outcomes,pull_request_opened,FALSE,sa,2,-0.912363401914334,1.95642981471845,-4.7469658387625,2.92223903493383
opened_cohort,important_degree_top3,rolling5,exact1,nevertreated,pc_score,problem_solving_routines_pc_score,high,github_outcomes,pull_request_opened,FALSE,sa,3,0.611316897885292,2.34362480158293,-3.98218771321725,5.20482150898784
opened_cohort,important_degree_top3,rolling5,exact1,nevertreated,pc_score,problem_solving_routines_pc_score,high,github_outcomes,pull_request_opened,FALSE,sa,4,0.570288274767167,2.49607390772321,-4.32201658437032,5.46259313390465
opened_cohort,important_degree_top3,rolling5,exact1,nevertreated,pc_score,problem_solving_routines_pc_score,high,github_outcomes,pull_request_opened,FALSE,sa,5,0.935216878501728,2.70857552862137,-4.37359115759615,6.24402491459961
opened_cohort,important_degree_top3,rolling5,exact1,nevertreated,pc_score,problem_solving_routines_pc_score,high,github_outcomes,pull_request_opened,FALSE,sa,6,3.10262065779271,3.08315126385531,-2.94035581936369,9.14559713494911
opened_cohort,important_degree_top3,rolling5,exact1,nevertreated,pc_score,problem_solving_routines_pc_score,high,github_outcomes,pull_request_opened,FALSE,sa,7,6.14150461048699,3.64082095692532,-0.99450446508664,13.2775136860606
opened_cohort,important_degree_top3,rolling5,exact1,nevertreated,pc_score,problem_solving_routines_pc_score,high,github_outcomes,pull_request_opened,FALSE,sa,8,9.98404098702771,4.69436893688527,0.783077870732576,19.1850041033228
opened_cohort,important_degree_top3,rolling5,exact1,nevertreated,pc_score,problem_solving_routines_pc_score,high,github_outcomes,pull_request_opened,FALSE,sa,9,8.58367978121764,3.93821622780074,0.864775974728198,16.3025835877071
opened_cohort,important_degree_top3,rolling5,exact1,nevertreated,pc_score,problem_solving_routines_pc_score,high,github_outcomes,pull_request_opened,FALSE,sa,10,4.25689135749247,5.05140115245575,-5.64385490132081,14.1576376163057
opened_cohort,important_degree_top3,rolling5,exact1,nevertreated,pc_score,problem_solving_routines_pc_score,high,github_outcomes,pull_request_opened,FALSE,sa,11,2.88776991688994,5.93024540954866,-8.73551108582544,14.5110509196053
opened_cohort,important_degree_top3,rolling5,exact1,nevertreated,pc_score,collaboration_pc_score,low,github_outcomes,pull_request_merged,TRUE,sa,-15,-0.563511817364562,0.46650615840152,-1.47786388783154,0.350840253102417
opened_cohort,important_degree_top3,rolling5,exact1,nevertreated,pc_score,collaboration_pc_score,low,github_outcomes,pull_request_merged,TRUE,sa,-14,-0.352824224769775,0.393695036902502,-1.12446649709868,0.418818047559129
opened_cohort,important_degree_top3,rolling5,exact1,nevertreated,pc_score,collaboration_pc_score,low,github_outcomes,pull_request_merged,TRUE,sa,-13,0.50255293902629,0.487252429368217,-0.452461822535416,1.457567700588
opened_cohort,important_degree_top3,rolling5,exact1,nevertreated,pc_score,collaboration_pc_score,low,github_outcomes,pull_request_merged,TRUE,sa,-12,1.05712323444848,0.562282681994429,-0.0449508222606005,2.15919729115756
opened_cohort,important_degree_top3,rolling5,exact1,nevertreated,pc_score,collaboration_pc_score,low,github_outcomes,pull_request_merged,TRUE,sa,-11,1.1254527733405,0.578359082112762,-0.00813102760051176,2.25903657428152
opened_cohort,important_degree_top3,rolling5,exact1,nevertreated,pc_score,collaboration_pc_score,low,github_outcomes,pull_request_merged,TRUE,sa,-10,1.51582209166521,0.709107903311852,0.125970601173982,2.90567358215644
opened_cohort,important_degree_top3,rolling5,exact1,nevertreated,pc_score,collaboration_pc_score,low,github_outcomes,pull_request_merged,TRUE,sa,-9,0.783467695559683,0.436893317441674,-0.0728432066259975,1.63977859774536
opened_cohort,important_degree_top3,rolling5,exact1,nevertreated,pc_score,collaboration_pc_score,low,github_outcomes,pull_request_merged,TRUE,sa,-8,-0.00851404616899824,0.261243887295225,-0.520552065267639,0.503523972929643
opened_cohort,important_degree_top3,rolling5,exact1,nevertreated,pc_score,collaboration_pc_score,low,github_outcomes,pull_request_merged,TRUE,sa,-7,0.606544321833064,0.294273122069448,0.0297690025769448,1.18331964108918
opened_cohort,important_degree_top3,rolling5,exact1,nevertreated,pc_score,collaboration_pc_score,low,github_outcomes,pull_request_merged,TRUE,sa,-6,0.260920099695937,0.279256618742125,-0.286422873038628,0.808263072430501
opened_cohort,important_degree_top3,rolling5,exact1,nevertreated,pc_score,collaboration_pc_score,low,github_outcomes,pull_request_merged,TRUE,sa,-5,0.222527831626021,0.181512090955449,-0.133235866646659,0.578291529898701
opened_cohort,important_degree_top3,rolling5,exact1,nevertreated,pc_score,collaboration_pc_score,low,github_outcomes,pull_request_merged,TRUE,sa,-4,-0.0266551340184581,0.157161410237965,-0.33469149808487,0.281381230047953
opened_cohort,important_degree_top3,rolling5,exact1,nevertreated,pc_score,collaboration_pc_score,low,github_outcomes,pull_request_merged,TRUE,sa,-3,0.0582282726903806,0.157919591188757,-0.251294126039582,0.367750671420343
opened_cohort,important_degree_top3,rolling5,exact1,nevertreated,pc_score,collaboration_pc_score,low,github_outcomes,pull_request_merged,TRUE,sa,-2,0.396310960307109,0.142326442254386,0.117351133488513,0.675270787125705
opened_cohort,important_degree_top3,rolling5,exact1,nevertreated,pc_score,collaboration_pc_score,low,github_outcomes,pull_request_merged,TRUE,sa,-1,0,0,0,0
opened_cohort,important_degree_top3,rolling5,exact1,nevertreated,pc_score,collaboration_pc_score,low,github_outcomes,pull_request_merged,TRUE,sa,0,0.204998134651163,0.220462372599474,-0.227108115643805,0.637104384946132
opened_cohort,important_degree_top3,rolling5,exact1,nevertreated,pc_score,collaboration_pc_score,low,github_outcomes,pull_request_merged,TRUE,sa,1,-0.339149616597527,0.150385210370436,-0.633904628923582,-0.0443946042714722
opened_cohort,important_degree_top3,rolling5,exact1,nevertreated,pc_score,collaboration_pc_score,low,github_outcomes,pull_request_merged,TRUE,sa,2,-0.304376385745919,0.304719537205564,-0.901626678668824,0.292873907176985
opened_cohort,important_degree_top3,rolling5,exact1,nevertreated,pc_score,collaboration_pc_score,low,github_outcomes,pull_request_merged,TRUE,sa,3,-0.114141750507182,0.246678661020514,-0.59763192610739,0.369348425093026
opened_cohort,important_degree_top3,rolling5,exact1,nevertreated,pc_score,collaboration_pc_score,low,github_outcomes,pull_request_merged,TRUE,sa,4,0.055154141586771,0.318297030979755,-0.568708039133548,0.67901632230709
opened_cohort,important_degree_top3,rolling5,exact1,nevertreated,pc_score,collaboration_pc_score,low,github_outcomes,pull_request_merged,TRUE,sa,5,-0.283141119859282,0.245212037838074,-0.763756714021908,0.197474474303343
opened_cohort,important_degree_top3,rolling5,exact1,nevertreated,pc_score,collaboration_pc_score,low,github_outcomes,pull_request_merged,TRUE,sa,6,-0.375098829254,0.203649583331059,-0.774252012582875,0.0240543540748747
opened_cohort,important_degree_top3,rolling5,exact1,nevertreated,pc_score,collaboration_pc_score,low,github_outcomes,pull_request_merged,TRUE,sa,7,-0.143801280320214,0.305544664845081,-0.742668823416573,0.455066262776146
opened_cohort,important_degree_top3,rolling5,exact1,nevertreated,pc_score,collaboration_pc_score,low,github_outcomes,pull_request_merged,TRUE,sa,8,-0.150726644662392,0.258398559248821,-0.657187820790081,0.355734531465296
opened_cohort,important_degree_top3,rolling5,exact1,nevertreated,pc_score,collaboration_pc_score,low,github_outcomes,pull_request_merged,TRUE,sa,9,-0.534162153690945,0.273742608107087,-1.07069766558084,0.00237335819894624
opened_cohort,important_degree_top3,rolling5,exact1,nevertreated,pc_score,collaboration_pc_score,low,github_outcomes,pull_request_merged,TRUE,sa,10,-0.874150907439591,0.309608541138945,-1.48098364807192,-0.267318166807259
opened_cohort,important_degree_top3,rolling5,exact1,nevertreated,pc_score,collaboration_pc_score,low,github_outcomes,pull_request_merged,TRUE,sa,11,-1.15970654122004,0.367882182815321,-1.88075561953807,-0.438657462902015
opened_cohort,important_degree_top3,rolling5,exact1,nevertreated,pc_score,collaboration_pc_score,high,github_outcomes,pull_request_merged,TRUE,sa,-15,-0.415608517467419,0.643449751503731,-1.67677003041473,0.845552995479894
opened_cohort,important_degree_top3,rolling5,exact1,nevertreated,pc_score,collaboration_pc_score,high,github_outcomes,pull_request_merged,TRUE,sa,-14,0.2790431159394,1.30906947272724,-2.28673305060599,2.84481928248479
opened_cohort,important_degree_top3,rolling5,exact1,nevertreated,pc_score,collaboration_pc_score,high,github_outcomes,pull_request_merged,TRUE,sa,-13,0.876639503752621,0.864855990778406,-0.818478238173056,2.5717572456783
opened_cohort,important_degree_top3,rolling5,exact1,nevertreated,pc_score,collaboration_pc_score,high,github_outcomes,pull_request_merged,TRUE,sa,-12,-0.486435998322139,0.486816943866013,-1.44059720829953,0.467725211655247
opened_cohort,important_degree_top3,rolling5,exact1,nevertreated,pc_score,collaboration_pc_score,high,github_outcomes,pull_request_merged,TRUE,sa,-11,0.300548364537352,0.625279978457724,-0.925000393239787,1.52609712231449
opened_cohort,important_degree_top3,rolling5,exact1,nevertreated,pc_score,collaboration_pc_score,high,github_outcomes,pull_request_merged,TRUE,sa,-10,0.117147510812226,0.39549605813336,-0.65802476312916,0.892319784753612
opened_cohort,important_degree_top3,rolling5,exact1,nevertreated,pc_score,collaboration_pc_score,high,github_outcomes,pull_request_merged,TRUE,sa,-9,0.982420661532645,0.607327425660985,-0.207941092762885,2.17278241582817
opened_cohort,important_degree_top3,rolling5,exact1,nevertreated,pc_score,collaboration_pc_score,high,github_outcomes,pull_request_merged,TRUE,sa,-8,0.653772966700424,0.494532470157669,-0.315510674808608,1.62305660820945
opened_cohort,important_degree_top3,rolling5,exact1,nevertreated,pc_score,collaboration_pc_score,high,github_outcomes,pull_request_merged,TRUE,sa,-7,0.479868147926379,0.361557101398976,-0.228783770815614,1.18852006666837
opened_cohort,important_degree_top3,rolling5,exact1,nevertreated,pc_score,collaboration_pc_score,high,github_outcomes,pull_request_merged,TRUE,sa,-6,0.947120823427783,0.459803184659945,0.04590658149429,1.84833506536128
opened_cohort,important_degree_top3,rolling5,exact1,nevertreated,pc_score,collaboration_pc_score,high,github_outcomes,pull_request_merged,TRUE,sa,-5,0.12375253463929,0.224714609567791,-0.316688100113581,0.56419316939216
opened_cohort,important_degree_top3,rolling5,exact1,nevertreated,pc_score,collaboration_pc_score,high,github_outcomes,pull_request_merged,TRUE,sa,-4,0.223325618066698,0.222578742606642,-0.212928717442319,0.659579953575716
opened_cohort,important_degree_top3,rolling5,exact1,nevertreated,pc_score,collaboration_pc_score,high,github_outcomes,pull_request_merged,TRUE,sa,-3,0.226217288631648,0.220147867903102,-0.205272532458432,0.657707109721728
opened_cohort,important_degree_top3,rolling5,exact1,nevertreated,pc_score,collaboration_pc_score,high,github_outcomes,pull_request_merged,TRUE,sa,-2,0.089525401259299,0.192903565777259,-0.288565587664128,0.467616390182726
opened_cohort,important_degree_top3,rolling5,exact1,nevertreated,pc_score,collaboration_pc_score,high,github_outcomes,pull_request_merged,TRUE,sa,-1,0,0,0,0
opened_cohort,important_degree_top3,rolling5,exact1,nevertreated,pc_score,collaboration_pc_score,high,github_outcomes,pull_request_merged,TRUE,sa,0,-0.370310647509735,0.203674092031472,-0.76951186789142,0.0288905728719506
opened_cohort,important_degree_top3,rolling5,exact1,nevertreated,pc_score,collaboration_pc_score,high,github_outcomes,pull_request_merged,TRUE,sa,1,-0.549178922464071,0.237266278022479,-1.01422082738813,-0.0841370175400127
opened_cohort,important_degree_top3,rolling5,exact1,nevertreated,pc_score,collaboration_pc_score,high,github_outcomes,pull_request_merged,TRUE,sa,2,-0.710898291044068,0.213392710430036,-1.12914800348694,-0.292648578601196
opened_cohort,important_degree_top3,rolling5,exact1,nevertreated,pc_score,collaboration_pc_score,high,github_outcomes,pull_request_merged,TRUE,sa,3,-0.88495518021212,0.198947297231481,-1.27489188278582,-0.495018477638418
opened_cohort,important_degree_top3,rolling5,exact1,nevertreated,pc_score,collaboration_pc_score,high,github_outcomes,pull_request_merged,TRUE,sa,4,-0.79646560520254,0.245249865244321,-1.27715534108141,-0.315775869323671
opened_cohort,important_degree_top3,rolling5,exact1,nevertreated,pc_score,collaboration_pc_score,high,github_outcomes,pull_request_merged,TRUE,sa,5,-0.776450735126378,0.24087709954434,-1.24856985023329,-0.304331620019472
opened_cohort,important_degree_top3,rolling5,exact1,nevertreated,pc_score,collaboration_pc_score,high,github_outcomes,pull_request_merged,TRUE,sa,6,-1.06568724961453,0.310256567631078,-1.67379012217144,-0.457584377057614
opened_cohort,important_degree_top3,rolling5,exact1,nevertreated,pc_score,collaboration_pc_score,high,github_outcomes,pull_request_merged,TRUE,sa,7,-1.13845108861266,0.370103310258257,-1.86385357671884,-0.413048600506473
opened_cohort,important_degree_top3,rolling5,exact1,nevertreated,pc_score,collaboration_pc_score,high,github_outcomes,pull_request_merged,TRUE,sa,8,-1.27551410354723,0.438253122211465,-2.1344902230817,-0.416537984012757
opened_cohort,important_degree_top3,rolling5,exact1,nevertreated,pc_score,collaboration_pc_score,high,github_outcomes,pull_request_merged,TRUE,sa,9,-1.05752295511436,0.479112956363205,-1.99658434958624,-0.118461560642479
opened_cohort,important_degree_top3,rolling5,exact1,nevertreated,pc_score,collaboration_pc_score,high,github_outcomes,pull_request_merged,TRUE,sa,10,-0.904234730161463,0.483345458781282,-1.85159182937278,0.0431223690498505
opened_cohort,important_degree_top3,rolling5,exact1,nevertreated,pc_score,collaboration_pc_score,high,github_outcomes,pull_request_merged,TRUE,sa,11,-2.11936122912201,0.375031266720699,-2.85442251189458,-1.38429994634944
opened_cohort,important_degree_top3,rolling5,exact1,nevertreated,pc_score,knowledge_level_pc_score,low,github_outcomes,pull_request_merged,TRUE,sa,-15,-0.529212957831665,0.537691873480842,-1.58308902985411,0.524663114190784
opened_cohort,important_degree_top3,rolling5,exact1,nevertreated,pc_score,knowledge_level_pc_score,low,github_outcomes,pull_request_merged,TRUE,sa,-14,1.12832379141113,1.52311107256168,-1.85697391080976,4.11362149363203
opened_cohort,important_degree_top3,rolling5,exact1,nevertreated,pc_score,knowledge_level_pc_score,low,github_outcomes,pull_request_merged,TRUE,sa,-13,0.593141233192837,1.01285443537766,-1.39205346014738,2.57833592653305
opened_cohort,important_degree_top3,rolling5,exact1,nevertreated,pc_score,knowledge_level_pc_score,low,github_outcomes,pull_request_merged,TRUE,sa,-12,0.337778353826334,0.622881820523042,-0.883070014398828,1.5586267220515
opened_cohort,important_degree_top3,rolling5,exact1,nevertreated,pc_score,knowledge_level_pc_score,low,github_outcomes,pull_request_merged,TRUE,sa,-11,0.074962579420359,0.431587748009645,-0.770949406678546,0.920874565519264
opened_cohort,important_degree_top3,rolling5,exact1,nevertreated,pc_score,knowledge_level_pc_score,low,github_outcomes,pull_request_merged,TRUE,sa,-10,0.492502937620697,0.478813725709194,-0.445971964769324,1.43097784001072
opened_cohort,important_degree_top3,rolling5,exact1,nevertreated,pc_score,knowledge_level_pc_score,low,github_outcomes,pull_request_merged,TRUE,sa,-9,0.652152743665258,0.45446371401566,-0.238596135805436,1.54290162313595
opened_cohort,important_degree_top3,rolling5,exact1,nevertreated,pc_score,knowledge_level_pc_score,low,github_outcomes,pull_request_merged,TRUE,sa,-8,0.253060824516662,0.425200764685808,-0.580332674267523,1.08645432330085
opened_cohort,important_degree_top3,rolling5,exact1,nevertreated,pc_score,knowledge_level_pc_score,low,github_outcomes,pull_request_merged,TRUE,sa,-7,0.411418937098768,0.334000044189544,-0.243221149512738,1.06605902371027
opened_cohort,important_degree_top3,rolling5,exact1,nevertreated,pc_score,knowledge_level_pc_score,low,github_outcomes,pull_request_merged,TRUE,sa,-6,0.480453642756174,0.326209013559639,-0.158916023820718,1.11982330933307
opened_cohort,important_degree_top3,rolling5,exact1,nevertreated,pc_score,knowledge_level_pc_score,low,github_outcomes,pull_request_merged,TRUE,sa,-5,0.121733839923861,0.222854577318975,-0.31506113162133,0.558528811469052
opened_cohort,important_degree_top3,rolling5,exact1,nevertreated,pc_score,knowledge_level_pc_score,low,github_outcomes,pull_request_merged,TRUE,sa,-4,-0.0791772741228895,0.197024885522662,-0.465346049747306,0.306991501501527
opened_cohort,important_degree_top3,rolling5,exact1,nevertreated,pc_score,knowledge_level_pc_score,low,github_outcomes,pull_request_merged,TRUE,sa,-3,0.0113733358720248,0.209507657715474,-0.399261673250304,0.422008344994353
opened_cohort,important_degree_top3,rolling5,exact1,nevertreated,pc_score,knowledge_level_pc_score,low,github_outcomes,pull_request_merged,TRUE,sa,-2,0.351373244965101,0.174822385031583,0.00872137030319953,0.694025119627003
opened_cohort,important_degree_top3,rolling5,exact1,nevertreated,pc_score,knowledge_level_pc_score,low,github_outcomes,pull_request_merged,TRUE,sa,-1,0,0,0,0
opened_cohort,important_degree_top3,rolling5,exact1,nevertreated,pc_score,knowledge_level_pc_score,low,github_outcomes,pull_request_merged,TRUE,sa,0,-0.204548409811897,0.177480363396387,-0.552409922068815,0.143313102445021
opened_cohort,important_degree_top3,rolling5,exact1,nevertreated,pc_score,knowledge_level_pc_score,low,github_outcomes,pull_request_merged,TRUE,sa,1,-0.394355241217412,0.204292526288726,-0.794768592743314,0.00605811030848985
opened_cohort,important_degree_top3,rolling5,exact1,nevertreated,pc_score,knowledge_level_pc_score,low,github_outcomes,pull_request_merged,TRUE,sa,2,-0.628601760445073,0.191801865600545,-1.00453341702214,-0.252670103868005
opened_cohort,important_degree_top3,rolling5,exact1,nevertreated,pc_score,knowledge_level_pc_score,low,github_outcomes,pull_request_merged,TRUE,sa,3,-0.587187088984279,0.22274608104036,-1.02376940782338,-0.150604770145174
opened_cohort,important_degree_top3,rolling5,exact1,nevertreated,pc_score,knowledge_level_pc_score,low,github_outcomes,pull_request_merged,TRUE,sa,4,-0.422191131774478,0.301251985974673,-1.01264502428484,0.168262760735881
opened_cohort,important_degree_top3,rolling5,exact1,nevertreated,pc_score,knowledge_level_pc_score,low,github_outcomes,pull_request_merged,TRUE,sa,5,-0.708982913687952,0.238056284284705,-1.17557323088597,-0.24239259648993
opened_cohort,important_degree_top3,rolling5,exact1,nevertreated,pc_score,knowledge_level_pc_score,low,github_outcomes,pull_request_merged,TRUE,sa,6,-0.87551156793902,0.298570670711787,-1.46071008253412,-0.290313053343917
opened_cohort,important_degree_top3,rolling5,exact1,nevertreated,pc_score,knowledge_level_pc_score,low,github_outcomes,pull_request_merged,TRUE,sa,7,-0.625009572520506,0.446192240879253,-1.49954636464384,0.24952721960283
opened_cohort,important_degree_top3,rolling5,exact1,nevertreated,pc_score,knowledge_level_pc_score,low,github_outcomes,pull_request_merged,TRUE,sa,8,-0.612751482878591,0.430831548500405,-1.45718131793938,0.231678352182203
opened_cohort,important_degree_top3,rolling5,exact1,nevertreated,pc_score,knowledge_level_pc_score,low,github_outcomes,pull_request_merged,TRUE,sa,9,-0.605825370661443,0.415309226859318,-1.41983145530571,0.20818071398282
opened_cohort,important_degree_top3,rolling5,exact1,nevertreated,pc_score,knowledge_level_pc_score,low,github_outcomes,pull_request_merged,TRUE,sa,10,-0.574489271630858,0.431789061703479,-1.42079583256968,0.27181728930796
opened_cohort,important_degree_top3,rolling5,exact1,nevertreated,pc_score,knowledge_level_pc_score,low,github_outcomes,pull_request_merged,TRUE,sa,11,-0.644139121899608,0.566095340704599,-1.75368598968062,0.465407745881407
opened_cohort,important_degree_top3,rolling5,exact1,nevertreated,pc_score,knowledge_level_pc_score,high,github_outcomes,pull_request_merged,TRUE,sa,-15,-0.672679164927454,0.570339923463556,-1.79054541491602,0.445187085061115
opened_cohort,important_degree_top3,rolling5,exact1,nevertreated,pc_score,knowledge_level_pc_score,high,github_outcomes,pull_request_merged,TRUE,sa,-14,-1.37767269082182,0.465548943180889,-2.29014861945636,-0.46519676218728
opened_cohort,important_degree_top3,rolling5,exact1,nevertreated,pc_score,knowledge_level_pc_score,high,github_outcomes,pull_request_merged,TRUE,sa,-13,1.40847488043737,0.886476075077636,-0.329018226714797,3.14596798758954
opened_cohort,important_degree_top3,rolling5,exact1,nevertreated,pc_score,knowledge_level_pc_score,high,github_outcomes,pull_request_merged,TRUE,sa,-12,0.216956447315206,0.445700388422544,-0.65661631399298,1.09052920862339
opened_cohort,important_degree_top3,rolling5,exact1,nevertreated,pc_score,knowledge_level_pc_score,high,github_outcomes,pull_request_merged,TRUE,sa,-11,1.54151750645903,0.704049459158246,0.161580566508868,2.92145444640919
opened_cohort,important_degree_top3,rolling5,exact1,nevertreated,pc_score,knowledge_level_pc_score,high,github_outcomes,pull_request_merged,TRUE,sa,-10,1.20317641711794,0.622245058403163,-0.0164238973522581,2.42277673158814
opened_cohort,important_degree_top3,rolling5,exact1,nevertreated,pc_score,knowledge_level_pc_score,high,github_outcomes,pull_request_merged,TRUE,sa,-9,1.22450778209525,0.552025656216,0.142537495911885,2.30647806827861
opened_cohort,important_degree_top3,rolling5,exact1,nevertreated,pc_score,knowledge_level_pc_score,high,github_outcomes,pull_request_merged,TRUE,sa,-8,0.455321284671279,0.337936396119438,-0.207034051722819,1.11767662106538
opened_cohort,important_degree_top3,rolling5,exact1,nevertreated,pc_score,knowledge_level_pc_score,high,github_outcomes,pull_request_merged,TRUE,sa,-7,0.842316281566396,0.325773940583056,0.203799358023606,1.48083320510919
opened_cohort,important_degree_top3,rolling5,exact1,nevertreated,pc_score,knowledge_level_pc_score,high,github_outcomes,pull_request_merged,TRUE,sa,-6,0.816434612083303,0.41159721993302,0.00970406101458454,1.62316516315202
opened_cohort,important_degree_top3,rolling5,exact1,nevertreated,pc_score,knowledge_level_pc_score,high,github_outcomes,pull_request_merged,TRUE,sa,-5,0.256322824481092,0.17193323559494,-0.0806663172849907,0.593311966247175
opened_cohort,important_degree_top3,rolling5,exact1,nevertreated,pc_score,knowledge_level_pc_score,high,github_outcomes,pull_request_merged,TRUE,sa,-4,0.34021963549956,0.148131941095371,0.0498810309526341,0.630558240046486
opened_cohort,important_degree_top3,rolling5,exact1,nevertreated,pc_score,knowledge_level_pc_score,high,github_outcomes,pull_request_merged,TRUE,sa,-3,0.321884541264602,0.141547998588702,0.0444504640307452,0.599318618498459
opened_cohort,important_degree_top3,rolling5,exact1,nevertreated,pc_score,knowledge_level_pc_score,high,github_outcomes,pull_request_merged,TRUE,sa,-2,0.146807949089305,0.139473167685703,-0.126559459574672,0.420175357753282
opened_cohort,important_degree_top3,rolling5,exact1,nevertreated,pc_score,knowledge_level_pc_score,high,github_outcomes,pull_request_merged,TRUE,sa,-1,0,0,0,0
opened_cohort,important_degree_top3,rolling5,exact1,nevertreated,pc_score,knowledge_level_pc_score,high,github_outcomes,pull_request_merged,TRUE,sa,0,0.116428275013842,0.247863121563827,-0.36938344325126,0.602239993278943
opened_cohort,important_degree_top3,rolling5,exact1,nevertreated,pc_score,knowledge_level_pc_score,high,github_outcomes,pull_request_merged,TRUE,sa,1,-0.465384801117302,0.158633031878183,-0.776305543598541,-0.154464058636063
opened_cohort,important_degree_top3,rolling5,exact1,nevertreated,pc_score,knowledge_level_pc_score,high,github_outcomes,pull_request_merged,TRUE,sa,2,-0.340690891686754,0.360288254555345,-1.04685587061523,0.365474087241723
opened_cohort,important_degree_top3,rolling5,exact1,nevertreated,pc_score,knowledge_level_pc_score,high,github_outcomes,pull_request_merged,TRUE,sa,3,-0.370134713877392,0.243814133603928,-0.84801041574109,0.107740987986307
opened_cohort,important_degree_top3,rolling5,exact1,nevertreated,pc_score,knowledge_level_pc_score,high,github_outcomes,pull_request_merged,TRUE,sa,4,-0.236156671730999,0.297129328698123,-0.818530155979319,0.346216812517322
opened_cohort,important_degree_top3,rolling5,exact1,nevertreated,pc_score,knowledge_level_pc_score,high,github_outcomes,pull_request_merged,TRUE,sa,5,-0.29354263598753,0.262475691926719,-0.807994992163899,0.220909720188838
opened_cohort,important_degree_top3,rolling5,exact1,nevertreated,pc_score,knowledge_level_pc_score,high,github_outcomes,pull_request_merged,TRUE,sa,6,-0.526600332335927,0.218521039511766,-0.954901569778988,-0.098299094892866
opened_cohort,important_degree_top3,rolling5,exact1,nevertreated,pc_score,knowledge_level_pc_score,high,github_outcomes,pull_request_merged,TRUE,sa,7,-0.575773974971808,0.197863073398625,-0.963585598833113,-0.187962351110503
opened_cohort,important_degree_top3,rolling5,exact1,nevertreated,pc_score,knowledge_level_pc_score,high,github_outcomes,pull_request_merged,TRUE,sa,8,-0.730350373049777,0.226134357603011,-1.17357371395168,-0.287127032147876
opened_cohort,important_degree_top3,rolling5,exact1,nevertreated,pc_score,knowledge_level_pc_score,high,github_outcomes,pull_request_merged,TRUE,sa,9,-1.04424452839623,0.360336707470486,-1.75050447503838,-0.337984581754073
opened_cohort,important_degree_top3,rolling5,exact1,nevertreated,pc_score,knowledge_level_pc_score,high,github_outcomes,pull_request_merged,TRUE,sa,10,-1.21140042981531,0.325296153246812,-1.84898089017906,-0.573819969451559
opened_cohort,important_degree_top3,rolling5,exact1,nevertreated,pc_score,knowledge_level_pc_score,high,github_outcomes,pull_request_merged,TRUE,sa,11,-1.84139479513171,0.168182384240529,-2.17103226824315,-1.51175732202027
opened_cohort,important_degree_top3,rolling5,exact1,nevertreated,pc_score,discussion_quality_pc_score,low,github_outcomes,pull_request_merged,TRUE,sa,-15,-1.13109236320074,0.369676084365825,-1.85565748855775,-0.406527237843718
opened_cohort,important_degree_top3,rolling5,exact1,nevertreated,pc_score,discussion_quality_pc_score,low,github_outcomes,pull_request_merged,TRUE,sa,-14,-0.167148705111415,0.945368819165671,-2.02007159067613,1.6857741804533
opened_cohort,important_degree_top3,rolling5,exact1,nevertreated,pc_score,discussion_quality_pc_score,low,github_outcomes,pull_request_merged,TRUE,sa,-13,0.727987932792041,0.774605557390575,-0.790238959693486,2.24621482527757
opened_cohort,important_degree_top3,rolling5,exact1,nevertreated,pc_score,discussion_quality_pc_score,low,github_outcomes,pull_request_merged,TRUE,sa,-12,0.300223811927097,0.503057641011868,-0.685769164456163,1.28621678831036
opened_cohort,important_degree_top3,rolling5,exact1,nevertreated,pc_score,discussion_quality_pc_score,low,github_outcomes,pull_request_merged,TRUE,sa,-11,0.727923109144687,0.562506055081853,-0.374588758815744,1.83043497710512
opened_cohort,important_degree_top3,rolling5,exact1,nevertreated,pc_score,discussion_quality_pc_score,low,github_outcomes,pull_request_merged,TRUE,sa,-10,1.32726569803825,0.634828687896085,0.0830014697619255,2.57152992631458
opened_cohort,important_degree_top3,rolling5,exact1,nevertreated,pc_score,discussion_quality_pc_score,low,github_outcomes,pull_request_merged,TRUE,sa,-9,0.432354040412602,0.38877673937517,-0.32964836876273,1.19435644958794
opened_cohort,important_degree_top3,rolling5,exact1,nevertreated,pc_score,discussion_quality_pc_score,low,github_outcomes,pull_request_merged,TRUE,sa,-8,0.321210266536154,0.394419813571463,-0.451852568063914,1.09427310113622
opened_cohort,important_degree_top3,rolling5,exact1,nevertreated,pc_score,discussion_quality_pc_score,low,github_outcomes,pull_request_merged,TRUE,sa,-7,0.23963656616937,0.291472771016242,-0.331650065022463,0.810923197361204
opened_cohort,important_degree_top3,rolling5,exact1,nevertreated,pc_score,discussion_quality_pc_score,low,github_outcomes,pull_request_merged,TRUE,sa,-6,0.321858064675064,0.321777030541277,-0.308824915185838,0.952541044535967
opened_cohort,important_degree_top3,rolling5,exact1,nevertreated,pc_score,discussion_quality_pc_score,low,github_outcomes,pull_request_merged,TRUE,sa,-5,-0.0373479451718934,0.184153542275106,-0.398288888031101,0.323592997687314
opened_cohort,important_degree_top3,rolling5,exact1,nevertreated,pc_score,discussion_quality_pc_score,low,github_outcomes,pull_request_merged,TRUE,sa,-4,-0.22498578908432,0.159597236507359,-0.537796372638743,0.0878247944701036
opened_cohort,important_degree_top3,rolling5,exact1,nevertreated,pc_score,discussion_quality_pc_score,low,github_outcomes,pull_request_merged,TRUE,sa,-3,-0.147015244506514,0.150507521848968,-0.442009987330492,0.147979498317463
opened_cohort,important_degree_top3,rolling5,exact1,nevertreated,pc_score,discussion_quality_pc_score,low,github_outcomes,pull_request_merged,TRUE,sa,-2,-0.00300148389497461,0.13527065837481,-0.268131974309602,0.262129006519653
opened_cohort,important_degree_top3,rolling5,exact1,nevertreated,pc_score,discussion_quality_pc_score,low,github_outcomes,pull_request_merged,TRUE,sa,-1,0,0,0,0
opened_cohort,important_degree_top3,rolling5,exact1,nevertreated,pc_score,discussion_quality_pc_score,low,github_outcomes,pull_request_merged,TRUE,sa,0,-0.162818851125761,0.165223629254618,-0.486657164464812,0.161019462213289
opened_cohort,important_degree_top3,rolling5,exact1,nevertreated,pc_score,discussion_quality_pc_score,low,github_outcomes,pull_request_merged,TRUE,sa,1,-0.38157800399616,0.150374503531958,-0.676312030918798,-0.0868439770735211
opened_cohort,important_degree_top3,rolling5,exact1,nevertreated,pc_score,discussion_quality_pc_score,low,github_outcomes,pull_request_merged,TRUE,sa,2,-0.565720159761459,0.141805905960326,-0.843659735443697,-0.287780584079221
opened_cohort,important_degree_top3,rolling5,exact1,nevertreated,pc_score,discussion_quality_pc_score,low,github_outcomes,pull_request_merged,TRUE,sa,3,-0.409626902436165,0.194473397838521,-0.790794762199665,-0.0284590426726641
opened_cohort,important_degree_top3,rolling5,exact1,nevertreated,pc_score,discussion_quality_pc_score,low,github_outcomes,pull_request_merged,TRUE,sa,4,-0.266314599120268,0.258399280633652,-0.772777189162227,0.24014799092169
opened_cohort,important_degree_top3,rolling5,exact1,nevertreated,pc_score,discussion_quality_pc_score,low,github_outcomes,pull_request_merged,TRUE,sa,5,-0.595780346246134,0.178422416515783,-0.945488282617068,-0.2460724098752
opened_cohort,important_degree_top3,rolling5,exact1,nevertreated,pc_score,discussion_quality_pc_score,low,github_outcomes,pull_request_merged,TRUE,sa,6,-0.623147221391242,0.194140824323335,-1.00366323706498,-0.242631205717506
opened_cohort,important_degree_top3,rolling5,exact1,nevertreated,pc_score,discussion_quality_pc_score,low,github_outcomes,pull_request_merged,TRUE,sa,7,-0.482378475969417,0.204654698360201,-0.883501684755411,-0.0812552671834222
opened_cohort,important_degree_top3,rolling5,exact1,nevertreated,pc_score,discussion_quality_pc_score,low,github_outcomes,pull_request_merged,TRUE,sa,8,-0.348687123757285,0.287667376638177,-0.912515181968111,0.215140934453541
opened_cohort,important_degree_top3,rolling5,exact1,nevertreated,pc_score,discussion_quality_pc_score,low,github_outcomes,pull_request_merged,TRUE,sa,9,-0.757938385628343,0.27640407329145,-1.29969036927958,-0.216186401977101
opened_cohort,important_degree_top3,rolling5,exact1,nevertreated,pc_score,discussion_quality_pc_score,low,github_outcomes,pull_request_merged,TRUE,sa,10,-0.472448765893518,0.214805125958344,-0.893466812771872,-0.0514307190151642
opened_cohort,important_degree_top3,rolling5,exact1,nevertreated,pc_score,discussion_quality_pc_score,low,github_outcomes,pull_request_merged,TRUE,sa,11,-1.00501351231706,0.382427605860165,-1.75457161980298,-0.255455404831134
opened_cohort,important_degree_top3,rolling5,exact1,nevertreated,pc_score,discussion_quality_pc_score,high,github_outcomes,pull_request_merged,TRUE,sa,-15,0.0266461289162177,0.733007638544287,-1.41004884263059,1.46334110046302
opened_cohort,important_degree_top3,rolling5,exact1,nevertreated,pc_score,discussion_quality_pc_score,high,github_outcomes,pull_request_merged,TRUE,sa,-14,0.907092424028986,1.35227320775076,-1.74336306316251,3.55754791122048
opened_cohort,important_degree_top3,rolling5,exact1,nevertreated,pc_score,discussion_quality_pc_score,high,github_outcomes,pull_request_merged,TRUE,sa,-13,1.38219109205126,1.01586796782064,-0.60891012487718,3.37329230897971
opened_cohort,important_degree_top3,rolling5,exact1,nevertreated,pc_score,discussion_quality_pc_score,high,github_outcomes,pull_request_merged,TRUE,sa,-12,-0.062921767635563,0.59313440246977,-1.22546519647631,1.09962166120519
opened_cohort,important_degree_top3,rolling5,exact1,nevertreated,pc_score,discussion_quality_pc_score,high,github_outcomes,pull_request_merged,TRUE,sa,-11,0.378660974604435,0.431860075135454,-0.467784772661055,1.22510672186992
opened_cohort,important_degree_top3,rolling5,exact1,nevertreated,pc_score,discussion_quality_pc_score,high,github_outcomes,pull_request_merged,TRUE,sa,-10,0.103398944202716,0.402680620578341,-0.685855072130833,0.892652960536265
opened_cohort,important_degree_top3,rolling5,exact1,nevertreated,pc_score,discussion_quality_pc_score,high,github_outcomes,pull_request_merged,TRUE,sa,-9,1.17380397884176,0.593254016620228,0.0110261062661172,2.33658185141741
opened_cohort,important_degree_top3,rolling5,exact1,nevertreated,pc_score,discussion_quality_pc_score,high,github_outcomes,pull_request_merged,TRUE,sa,-8,0.213751530289404,0.320972948848217,-0.4153554494531,0.842858510031909
opened_cohort,important_degree_top3,rolling5,exact1,nevertreated,pc_score,discussion_quality_pc_score,high,github_outcomes,pull_request_merged,TRUE,sa,-7,0.907149181776085,0.364107406222181,0.19349866558061,1.62079969797156
opened_cohort,important_degree_top3,rolling5,exact1,nevertreated,pc_score,discussion_quality_pc_score,high,github_outcomes,pull_request_merged,TRUE,sa,-6,1.14445876404113,0.434604484270701,0.292633974870558,1.99628355321171
opened_cohort,important_degree_top3,rolling5,exact1,nevertreated,pc_score,discussion_quality_pc_score,high,github_outcomes,pull_request_merged,TRUE,sa,-5,0.376235504213471,0.210652160876968,-0.0366427311053867,0.789113739532328
opened_cohort,important_degree_top3,rolling5,exact1,nevertreated,pc_score,discussion_quality_pc_score,high,github_outcomes,pull_request_merged,TRUE,sa,-4,0.449909611652236,0.210053920800389,0.0382039268834727,0.861615296421
opened_cohort,important_degree_top3,rolling5,exact1,nevertreated,pc_score,discussion_quality_pc_score,high,github_outcomes,pull_request_merged,TRUE,sa,-3,0.491340647745088,0.214348540805072,0.0712175077671464,0.91146378772303
opened_cohort,important_degree_top3,rolling5,exact1,nevertreated,pc_score,discussion_quality_pc_score,high,github_outcomes,pull_request_merged,TRUE,sa,-2,0.568205538604745,0.194711762407921,0.18657048428522,0.94984059292427
opened_cohort,important_degree_top3,rolling5,exact1,nevertreated,pc_score,discussion_quality_pc_score,high,github_outcomes,pull_request_merged,TRUE,sa,-1,0,0,0,0
opened_cohort,important_degree_top3,rolling5,exact1,nevertreated,pc_score,discussion_quality_pc_score,high,github_outcomes,pull_request_merged,TRUE,sa,0,0.131665645193547,0.25056981724493,-0.359451196606515,0.622782486993609
opened_cohort,important_degree_top3,rolling5,exact1,nevertreated,pc_score,discussion_quality_pc_score,high,github_outcomes,pull_request_merged,TRUE,sa,1,-0.442414463957894,0.2316479234977,-0.896444394013387,0.0116154660975982
opened_cohort,important_degree_top3,rolling5,exact1,nevertreated,pc_score,discussion_quality_pc_score,high,github_outcomes,pull_request_merged,TRUE,sa,2,-0.287532004514969,0.388066789716615,-1.04814291235953,0.473078903329598
opened_cohort,important_degree_top3,rolling5,exact1,nevertreated,pc_score,discussion_quality_pc_score,high,github_outcomes,pull_request_merged,TRUE,sa,3,-0.481200593642069,0.269795687043207,-1.01000014024676,0.0475989529626167
opened_cohort,important_degree_top3,rolling5,exact1,nevertreated,pc_score,discussion_quality_pc_score,high,github_outcomes,pull_request_merged,TRUE,sa,4,-0.389057666207475,0.328924627019111,-1.03374993516493,0.255634602749983
opened_cohort,important_degree_top3,rolling5,exact1,nevertreated,pc_score,discussion_quality_pc_score,high,github_outcomes,pull_request_merged,TRUE,sa,5,-0.353095042211004,0.295484895893131,-0.93224543816154,0.226055353739532
opened_cohort,important_degree_top3,rolling5,exact1,nevertreated,pc_score,discussion_quality_pc_score,high,github_outcomes,pull_request_merged,TRUE,sa,6,-0.692320683867657,0.276118896628231,-1.23351372125899,-0.151127646476324
opened_cohort,important_degree_top3,rolling5,exact1,nevertreated,pc_score,discussion_quality_pc_score,high,github_outcomes,pull_request_merged,TRUE,sa,7,-0.569024767167229,0.480278259437259,-1.51037015566426,0.372320621329798
opened_cohort,important_degree_top3,rolling5,exact1,nevertreated,pc_score,discussion_quality_pc_score,high,github_outcomes,pull_request_merged,TRUE,sa,8,-0.787308171452835,0.396411335974015,-1.56427438996191,-0.0103419529437647
opened_cohort,important_degree_top3,rolling5,exact1,nevertreated,pc_score,discussion_quality_pc_score,high,github_outcomes,pull_request_merged,TRUE,sa,9,-0.623412597155403,0.426512937885763,-1.4593779554115,0.212552761100693
opened_cohort,important_degree_top3,rolling5,exact1,nevertreated,pc_score,discussion_quality_pc_score,high,github_outcomes,pull_request_merged,TRUE,sa,10,-1.47511032739657,0.63041280096418,-2.71071941728637,-0.23950123750678
opened_cohort,important_degree_top3,rolling5,exact1,nevertreated,pc_score,discussion_quality_pc_score,high,github_outcomes,pull_request_merged,TRUE,sa,11,-2.24681477940505,0.345965059632661,-2.92490629628506,-1.56872326252503
opened_cohort,important_degree_top3,rolling5,exact1,nevertreated,pc_score,investment_in_new_talent_pc_score,low,github_outcomes,pull_request_merged,TRUE,sa,-15,-0.850221762226077,0.555317963538771,-1.93864497076207,0.238201446309913
opened_cohort,important_degree_top3,rolling5,exact1,nevertreated,pc_score,investment_in_new_talent_pc_score,low,github_outcomes,pull_request_merged,TRUE,sa,-14,2.04378490915668,1.13299152875618,-0.176878487205436,4.2644483055188
opened_cohort,important_degree_top3,rolling5,exact1,nevertreated,pc_score,investment_in_new_talent_pc_score,low,github_outcomes,pull_request_merged,TRUE,sa,-13,2.23568677369511,0.926038013809017,0.420652266629439,4.05072128076079
opened_cohort,important_degree_top3,rolling5,exact1,nevertreated,pc_score,investment_in_new_talent_pc_score,low,github_outcomes,pull_request_merged,TRUE,sa,-12,0.448305969099128,0.536737191744849,-0.603698926720776,1.50031086491903
opened_cohort,important_degree_top3,rolling5,exact1,nevertreated,pc_score,investment_in_new_talent_pc_score,low,github_outcomes,pull_request_merged,TRUE,sa,-11,1.09781759363452,0.524248833013367,0.070289880928319,2.12534530634072
opened_cohort,important_degree_top3,rolling5,exact1,nevertreated,pc_score,investment_in_new_talent_pc_score,low,github_outcomes,pull_request_merged,TRUE,sa,-10,1.17093222362994,0.524108638198053,0.143679292761755,2.19818515449812
opened_cohort,important_degree_top3,rolling5,exact1,nevertreated,pc_score,investment_in_new_talent_pc_score,low,github_outcomes,pull_request_merged,TRUE,sa,-9,0.812922757366398,0.332121908830816,0.161963816057999,1.4638816986748
opened_cohort,important_degree_top3,rolling5,exact1,nevertreated,pc_score,investment_in_new_talent_pc_score,low,github_outcomes,pull_request_merged,TRUE,sa,-8,0.182339734949173,0.250194796331823,-0.308042065861199,0.672721535759546
opened_cohort,important_degree_top3,rolling5,exact1,nevertreated,pc_score,investment_in_new_talent_pc_score,low,github_outcomes,pull_request_merged,TRUE,sa,-7,0.448511991362859,0.29205216729291,-0.123910256531245,1.02093423925696
opened_cohort,important_degree_top3,rolling5,exact1,nevertreated,pc_score,investment_in_new_talent_pc_score,low,github_outcomes,pull_request_merged,TRUE,sa,-6,0.752256795055787,0.390177284294058,-0.0124906821605663,1.51700427227214
opened_cohort,important_degree_top3,rolling5,exact1,nevertreated,pc_score,investment_in_new_talent_pc_score,low,github_outcomes,pull_request_merged,TRUE,sa,-5,-0.0784484023782933,0.169422964819977,-0.410517413425448,0.253620608668861
opened_cohort,important_degree_top3,rolling5,exact1,nevertreated,pc_score,investment_in_new_talent_pc_score,low,github_outcomes,pull_request_merged,TRUE,sa,-4,-0.00218179111569973,0.168286477133861,-0.332023286298067,0.327659704066668
opened_cohort,important_degree_top3,rolling5,exact1,nevertreated,pc_score,investment_in_new_talent_pc_score,low,github_outcomes,pull_request_merged,TRUE,sa,-3,0.0924500801896312,0.165268921213256,-0.231477005388351,0.416377165767613
opened_cohort,important_degree_top3,rolling5,exact1,nevertreated,pc_score,investment_in_new_talent_pc_score,low,github_outcomes,pull_request_merged,TRUE,sa,-2,0.121234035904852,0.166835428500207,-0.205763403955553,0.448231475765257
opened_cohort,important_degree_top3,rolling5,exact1,nevertreated,pc_score,investment_in_new_talent_pc_score,low,github_outcomes,pull_request_merged,TRUE,sa,-1,0,0,0,0
opened_cohort,important_degree_top3,rolling5,exact1,nevertreated,pc_score,investment_in_new_talent_pc_score,low,github_outcomes,pull_request_merged,TRUE,sa,0,0.126016254800231,0.237618874678833,-0.339716739570281,0.591749249170743
opened_cohort,important_degree_top3,rolling5,exact1,nevertreated,pc_score,investment_in_new_talent_pc_score,low,github_outcomes,pull_request_merged,TRUE,sa,1,-0.453380368970694,0.167157767084013,-0.78100959245536,-0.125751145486028
opened_cohort,important_degree_top3,rolling5,exact1,nevertreated,pc_score,investment_in_new_talent_pc_score,low,github_outcomes,pull_request_merged,TRUE,sa,2,-0.370684373133021,0.323115464742188,-1.00399068402771,0.262621937761667
opened_cohort,important_degree_top3,rolling5,exact1,nevertreated,pc_score,investment_in_new_talent_pc_score,low,github_outcomes,pull_request_merged,TRUE,sa,3,-0.475502068018153,0.233549649022038,-0.933259380101347,-0.0177447559349589
opened_cohort,important_degree_top3,rolling5,exact1,nevertreated,pc_score,investment_in_new_talent_pc_score,low,github_outcomes,pull_request_merged,TRUE,sa,4,-0.100348153240578,0.284588865287607,-0.658142329204289,0.457446022723132
opened_cohort,important_degree_top3,rolling5,exact1,nevertreated,pc_score,investment_in_new_talent_pc_score,low,github_outcomes,pull_request_merged,TRUE,sa,5,-0.305068801680209,0.249771879437189,-0.794621685377099,0.184484082016681
opened_cohort,important_degree_top3,rolling5,exact1,nevertreated,pc_score,investment_in_new_talent_pc_score,low,github_outcomes,pull_request_merged,TRUE,sa,6,-0.594972879566199,0.205783162188544,-0.998307877455745,-0.191637881676653
opened_cohort,important_degree_top3,rolling5,exact1,nevertreated,pc_score,investment_in_new_talent_pc_score,low,github_outcomes,pull_request_merged,TRUE,sa,7,-0.278134448679659,0.332444130456993,-0.929724944375366,0.373456047016048
opened_cohort,important_degree_top3,rolling5,exact1,nevertreated,pc_score,investment_in_new_talent_pc_score,low,github_outcomes,pull_request_merged,TRUE,sa,8,-0.257567191989264,0.270752835392609,-0.788242749358778,0.273108365380249
opened_cohort,important_degree_top3,rolling5,exact1,nevertreated,pc_score,investment_in_new_talent_pc_score,low,github_outcomes,pull_request_merged,TRUE,sa,9,-0.744314538505722,0.305131006829787,-1.3423713118921,-0.14625776511934
opened_cohort,important_degree_top3,rolling5,exact1,nevertreated,pc_score,investment_in_new_talent_pc_score,low,github_outcomes,pull_request_merged,TRUE,sa,10,-0.829271652862784,0.329668029948142,-1.47542099156114,-0.183122314164425
opened_cohort,important_degree_top3,rolling5,exact1,nevertreated,pc_score,investment_in_new_talent_pc_score,low,github_outcomes,pull_request_merged,TRUE,sa,11,-1.3523528829845,0.217661944907542,-1.77897029500329,-0.92573547096572
opened_cohort,important_degree_top3,rolling5,exact1,nevertreated,pc_score,investment_in_new_talent_pc_score,high,github_outcomes,pull_request_merged,TRUE,sa,-15,-0.365274889245216,0.5994448255465,-1.54018674731636,0.809636968825923
opened_cohort,important_degree_top3,rolling5,exact1,nevertreated,pc_score,investment_in_new_talent_pc_score,high,github_outcomes,pull_request_merged,TRUE,sa,-14,-1.21644301265633,0.456382613680118,-2.11095293546936,-0.3219330898433
opened_cohort,important_degree_top3,rolling5,exact1,nevertreated,pc_score,investment_in_new_talent_pc_score,high,github_outcomes,pull_request_merged,TRUE,sa,-13,-0.324908458471913,0.475593078903937,-1.25707089312363,0.607253976179804
opened_cohort,important_degree_top3,rolling5,exact1,nevertreated,pc_score,investment_in_new_talent_pc_score,high,github_outcomes,pull_request_merged,TRUE,sa,-12,-0.534841493841175,0.490318408567797,-1.49586557463406,0.426182586951708
opened_cohort,important_degree_top3,rolling5,exact1,nevertreated,pc_score,investment_in_new_talent_pc_score,high,github_outcomes,pull_request_merged,TRUE,sa,-11,-0.203413798563017,0.503499071279249,-1.19027197827034,0.78344438114431
opened_cohort,important_degree_top3,rolling5,exact1,nevertreated,pc_score,investment_in_new_talent_pc_score,high,github_outcomes,pull_request_merged,TRUE,sa,-10,0.353168454972723,0.61376784627485,-0.849816523725983,1.55615343367143
opened_cohort,important_degree_top3,rolling5,exact1,nevertreated,pc_score,investment_in_new_talent_pc_score,high,github_outcomes,pull_request_merged,TRUE,sa,-9,0.587414570400821,0.681046933494791,-0.747437419248969,1.92226656005061
opened_cohort,important_degree_top3,rolling5,exact1,nevertreated,pc_score,investment_in_new_talent_pc_score,high,github_outcomes,pull_request_merged,TRUE,sa,-8,0.426721741848399,0.493803014098603,-0.541132165784864,1.39457564948166
opened_cohort,important_degree_top3,rolling5,exact1,nevertreated,pc_score,investment_in_new_talent_pc_score,high,github_outcomes,pull_request_merged,TRUE,sa,-7,0.782679475399939,0.37852829797462,0.0407640113696839,1.52459493943019
opened_cohort,important_degree_top3,rolling5,exact1,nevertreated,pc_score,investment_in_new_talent_pc_score,high,github_outcomes,pull_request_merged,TRUE,sa,-6,0.639111301291955,0.346016041180274,-0.0390801394213822,1.31730274200529
opened_cohort,important_degree_top3,rolling5,exact1,nevertreated,pc_score,investment_in_new_talent_pc_score,high,github_outcomes,pull_request_merged,TRUE,sa,-5,0.416551114304246,0.226095992507823,-0.0265970310110867,0.85969925961958
opened_cohort,important_degree_top3,rolling5,exact1,nevertreated,pc_score,investment_in_new_talent_pc_score,high,github_outcomes,pull_request_merged,TRUE,sa,-4,0.194061458658828,0.204879113307813,-0.207501603424486,0.595624520742142
opened_cohort,important_degree_top3,rolling5,exact1,nevertreated,pc_score,investment_in_new_talent_pc_score,high,github_outcomes,pull_request_merged,TRUE,sa,-3,0.175201381770625,0.203184293136001,-0.223039832775938,0.573442596317188
opened_cohort,important_degree_top3,rolling5,exact1,nevertreated,pc_score,investment_in_new_talent_pc_score,high,github_outcomes,pull_request_merged,TRUE,sa,-2,0.356692879907105,0.164881362382541,0.0335254096373241,0.679860350176886
opened_cohort,important_degree_top3,rolling5,exact1,nevertreated,pc_score,investment_in_new_talent_pc_score,high,github_outcomes,pull_request_merged,TRUE,sa,-1,0,0,0,0
opened_cohort,important_degree_top3,rolling5,exact1,nevertreated,pc_score,investment_in_new_talent_pc_score,high,github_outcomes,pull_request_merged,TRUE,sa,0,-0.223206964458161,0.170549214137062,-0.557483424166802,0.11106949525048
opened_cohort,important_degree_top3,rolling5,exact1,nevertreated,pc_score,investment_in_new_talent_pc_score,high,github_outcomes,pull_request_merged,TRUE,sa,1,-0.461198939759891,0.21538382770174,-0.883351242055301,-0.0390466374644807
opened_cohort,important_degree_top3,rolling5,exact1,nevertreated,pc_score,investment_in_new_talent_pc_score,high,github_outcomes,pull_request_merged,TRUE,sa,2,-0.557293093707689,0.196916750817471,-0.943249925309932,-0.171336262105447
opened_cohort,important_degree_top3,rolling5,exact1,nevertreated,pc_score,investment_in_new_talent_pc_score,high,github_outcomes,pull_request_merged,TRUE,sa,3,-0.457701247907754,0.226625228303064,-0.901886695381759,-0.0135158004337489
opened_cohort,important_degree_top3,rolling5,exact1,nevertreated,pc_score,investment_in_new_talent_pc_score,high,github_outcomes,pull_request_merged,TRUE,sa,4,-0.60456869171062,0.302567383925825,-1.19760076420524,-0.0115366192160036
opened_cohort,important_degree_top3,rolling5,exact1,nevertreated,pc_score,investment_in_new_talent_pc_score,high,github_outcomes,pull_request_merged,TRUE,sa,5,-0.765141845075784,0.243302306675751,-1.24201436616026,-0.288269323991312
opened_cohort,important_degree_top3,rolling5,exact1,nevertreated,pc_score,investment_in_new_talent_pc_score,high,github_outcomes,pull_request_merged,TRUE,sa,6,-0.882017187927615,0.3127841781319,-1.49507417706614,-0.26896019878909
opened_cohort,important_degree_top3,rolling5,exact1,nevertreated,pc_score,investment_in_new_talent_pc_score,high,github_outcomes,pull_request_merged,TRUE,sa,7,-0.842644296949895,0.345011646686849,-1.51886712445612,-0.166421469443671
opened_cohort,important_degree_top3,rolling5,exact1,nevertreated,pc_score,investment_in_new_talent_pc_score,high,github_outcomes,pull_request_merged,TRUE,sa,8,-1.03978879786541,0.433885081489346,-1.89020355758453,-0.189374038146296
opened_cohort,important_degree_top3,rolling5,exact1,nevertreated,pc_score,investment_in_new_talent_pc_score,high,github_outcomes,pull_request_merged,TRUE,sa,9,-0.82972590382798,0.441633966205841,-1.69532847759143,0.0358766699354676
opened_cohort,important_degree_top3,rolling5,exact1,nevertreated,pc_score,investment_in_new_talent_pc_score,high,github_outcomes,pull_request_merged,TRUE,sa,10,-0.87361233332539,0.43449061251571,-1.72521393385618,-0.022010732794599
opened_cohort,important_degree_top3,rolling5,exact1,nevertreated,pc_score,investment_in_new_talent_pc_score,high,github_outcomes,pull_request_merged,TRUE,sa,11,-1.34242878777891,0.787567224797626,-2.88606054838225,0.20120297282444
opened_cohort,important_degree_top3,rolling5,exact1,nevertreated,pc_score,problem_solving_routines_pc_score,low,github_outcomes,pull_request_merged,TRUE,sa,-15,-0.277174233297133,0.619404185111915,-1.49120643611649,0.93685796952222
opened_cohort,important_degree_top3,rolling5,exact1,nevertreated,pc_score,problem_solving_routines_pc_score,low,github_outcomes,pull_request_merged,TRUE,sa,-14,1.07937607430095,1.06043738681177,-0.999081203850115,3.15783335245201
opened_cohort,important_degree_top3,rolling5,exact1,nevertreated,pc_score,problem_solving_routines_pc_score,low,github_outcomes,pull_request_merged,TRUE,sa,-13,1.32775511273673,0.84476445677414,-0.327983222540588,2.98349344801404
opened_cohort,important_degree_top3,rolling5,exact1,nevertreated,pc_score,problem_solving_routines_pc_score,low,github_outcomes,pull_request_merged,TRUE,sa,-12,0.363901932232273,0.515358699896836,-0.646201119565526,1.37400498403007
opened_cohort,important_degree_top3,rolling5,exact1,nevertreated,pc_score,problem_solving_routines_pc_score,low,github_outcomes,pull_request_merged,TRUE,sa,-11,0.877288881670702,0.496725065303918,-0.0962922463249775,1.85087000966638
opened_cohort,important_degree_top3,rolling5,exact1,nevertreated,pc_score,problem_solving_routines_pc_score,low,github_outcomes,pull_request_merged,TRUE,sa,-10,1.08337334813477,0.570027105706877,-0.0338797790507133,2.20062647532024
opened_cohort,important_degree_top3,rolling5,exact1,nevertreated,pc_score,problem_solving_routines_pc_score,low,github_outcomes,pull_request_merged,TRUE,sa,-9,0.703757609097744,0.437420950650274,-0.153587454176792,1.56110267237228
opened_cohort,important_degree_top3,rolling5,exact1,nevertreated,pc_score,problem_solving_routines_pc_score,low,github_outcomes,pull_request_merged,TRUE,sa,-8,0.314049397093152,0.354347378364259,-0.380471464500795,1.0085702586871
opened_cohort,important_degree_top3,rolling5,exact1,nevertreated,pc_score,problem_solving_routines_pc_score,low,github_outcomes,pull_request_merged,TRUE,sa,-7,0.37862003068365,0.288968487558093,-0.187758204930212,0.944998266297511
opened_cohort,important_degree_top3,rolling5,exact1,nevertreated,pc_score,problem_solving_routines_pc_score,low,github_outcomes,pull_request_merged,TRUE,sa,-6,0.830053168314887,0.418113268874797,0.0105511613202854,1.64955517530949
opened_cohort,important_degree_top3,rolling5,exact1,nevertreated,pc_score,problem_solving_routines_pc_score,low,github_outcomes,pull_request_merged,TRUE,sa,-5,0.153730738722005,0.220590432456765,-0.278626508893254,0.586087986337265
opened_cohort,important_degree_top3,rolling5,exact1,nevertreated,pc_score,problem_solving_routines_pc_score,low,github_outcomes,pull_request_merged,TRUE,sa,-4,0.308293953383081,0.205720544222938,-0.0949183132938785,0.71150622006004
opened_cohort,important_degree_top3,rolling5,exact1,nevertreated,pc_score,problem_solving_routines_pc_score,low,github_outcomes,pull_request_merged,TRUE,sa,-3,0.353830587161271,0.202081602614254,-0.0422493539626663,0.749910528285207
opened_cohort,important_degree_top3,rolling5,exact1,nevertreated,pc_score,problem_solving_routines_pc_score,low,github_outcomes,pull_request_merged,TRUE,sa,-2,0.215573712876117,0.186185784500216,-0.149350424744307,0.580497850496542
opened_cohort,important_degree_top3,rolling5,exact1,nevertreated,pc_score,problem_solving_routines_pc_score,low,github_outcomes,pull_request_merged,TRUE,sa,-1,0,0,0,0
opened_cohort,important_degree_top3,rolling5,exact1,nevertreated,pc_score,problem_solving_routines_pc_score,low,github_outcomes,pull_request_merged,TRUE,sa,0,0.101331599183433,0.194635583846266,-0.280154145155249,0.482817343522115
opened_cohort,important_degree_top3,rolling5,exact1,nevertreated,pc_score,problem_solving_routines_pc_score,low,github_outcomes,pull_request_merged,TRUE,sa,1,-0.056417857694274,0.211559170659706,-0.471073832187297,0.358238116798749
opened_cohort,important_degree_top3,rolling5,exact1,nevertreated,pc_score,problem_solving_routines_pc_score,low,github_outcomes,pull_request_merged,TRUE,sa,2,-0.381024430617292,0.204627148414562,-0.782093641509834,0.0200447802752507
opened_cohort,important_degree_top3,rolling5,exact1,nevertreated,pc_score,problem_solving_routines_pc_score,low,github_outcomes,pull_request_merged,TRUE,sa,3,-0.40379396700209,0.181188002602944,-0.75892245210386,-0.0486654819003193
opened_cohort,important_degree_top3,rolling5,exact1,nevertreated,pc_score,problem_solving_routines_pc_score,low,github_outcomes,pull_request_merged,TRUE,sa,4,-0.149338819482372,0.234836099897316,-0.609617575281112,0.310939936316368
opened_cohort,important_degree_top3,rolling5,exact1,nevertreated,pc_score,problem_solving_routines_pc_score,low,github_outcomes,pull_request_merged,TRUE,sa,5,-0.32282910333032,0.228440696794952,-0.770572869048426,0.124914662387787
opened_cohort,important_degree_top3,rolling5,exact1,nevertreated,pc_score,problem_solving_routines_pc_score,low,github_outcomes,pull_request_merged,TRUE,sa,6,-0.56881435227184,0.294417966766044,-1.14587356713329,0.00824486258960489
opened_cohort,important_degree_top3,rolling5,exact1,nevertreated,pc_score,problem_solving_routines_pc_score,low,github_outcomes,pull_request_merged,TRUE,sa,7,-0.399730895826849,0.435456493202633,-1.25322562250401,0.453763830850312
opened_cohort,important_degree_top3,rolling5,exact1,nevertreated,pc_score,problem_solving_routines_pc_score,low,github_outcomes,pull_request_merged,TRUE,sa,8,-0.58608163288416,0.374711719526058,-1.32051660315523,0.148353337386914
opened_cohort,important_degree_top3,rolling5,exact1,nevertreated,pc_score,problem_solving_routines_pc_score,low,github_outcomes,pull_request_merged,TRUE,sa,9,-0.610577711087696,0.410265982784122,-1.41469903734457,0.193543615169182
opened_cohort,important_degree_top3,rolling5,exact1,nevertreated,pc_score,problem_solving_routines_pc_score,low,github_outcomes,pull_request_merged,TRUE,sa,10,-0.989399985290017,0.408623800482688,-1.79030263423609,-0.188497336343949
opened_cohort,important_degree_top3,rolling5,exact1,nevertreated,pc_score,problem_solving_routines_pc_score,low,github_outcomes,pull_request_merged,TRUE,sa,11,-2.042678460695,0.348890153265901,-2.72650316109617,-1.35885376029383
opened_cohort,important_degree_top3,rolling5,exact1,nevertreated,pc_score,problem_solving_routines_pc_score,high,github_outcomes,pull_request_merged,TRUE,sa,-15,-0.751939471291202,0.492839326427129,-1.71790455108837,0.21402560850597
opened_cohort,important_degree_top3,rolling5,exact1,nevertreated,pc_score,problem_solving_routines_pc_score,high,github_outcomes,pull_request_merged,TRUE,sa,-14,-0.564659704001645,0.533775046161267,-1.61085879447773,0.481539386474437
opened_cohort,important_degree_top3,rolling5,exact1,nevertreated,pc_score,problem_solving_routines_pc_score,high,github_outcomes,pull_request_merged,TRUE,sa,-13,0.639954286220762,0.479410502837857,-0.299690299341437,1.57959887178296
opened_cohort,important_degree_top3,rolling5,exact1,nevertreated,pc_score,problem_solving_routines_pc_score,high,github_outcomes,pull_request_merged,TRUE,sa,-12,-0.365156178362308,0.392192844353842,-1.13385415329584,0.403541796571222
opened_cohort,important_degree_top3,rolling5,exact1,nevertreated,pc_score,problem_solving_routines_pc_score,high,github_outcomes,pull_request_merged,TRUE,sa,-11,0.209079547887653,0.637084412605293,-1.03960590081872,1.45776499659403
opened_cohort,important_degree_top3,rolling5,exact1,nevertreated,pc_score,problem_solving_routines_pc_score,high,github_outcomes,pull_request_merged,TRUE,sa,-10,0.618054694044001,0.548567070658079,-0.457136764445834,1.69324615253384
opened_cohort,important_degree_top3,rolling5,exact1,nevertreated,pc_score,problem_solving_routines_pc_score,high,github_outcomes,pull_request_merged,TRUE,sa,-9,0.683699553097961,0.543637656054619,-0.381830252769092,1.74922935896501
opened_cohort,important_degree_top3,rolling5,exact1,nevertreated,pc_score,problem_solving_routines_pc_score,high,github_outcomes,pull_request_merged,TRUE,sa,-8,0.249147746691765,0.384487466118772,-0.504447686901027,1.00274318028456
opened_cohort,important_degree_top3,rolling5,exact1,nevertreated,pc_score,problem_solving_routines_pc_score,high,github_outcomes,pull_request_merged,TRUE,sa,-7,0.749668347297338,0.356375689305373,0.0511719962588059,1.44816469833587
opened_cohort,important_degree_top3,rolling5,exact1,nevertreated,pc_score,problem_solving_routines_pc_score,high,github_outcomes,pull_request_merged,TRUE,sa,-6,0.55086912564738,0.326769898373065,-0.0895998751638278,1.19133812645859
opened_cohort,important_degree_top3,rolling5,exact1,nevertreated,pc_score,problem_solving_routines_pc_score,high,github_outcomes,pull_request_merged,TRUE,sa,-5,0.132547701805462,0.174123861564854,-0.208735066861653,0.473830470472577
opened_cohort,important_degree_top3,rolling5,exact1,nevertreated,pc_score,problem_solving_routines_pc_score,high,github_outcomes,pull_request_merged,TRUE,sa,-4,-0.103469320354933,0.163486561409215,-0.423902980716995,0.216964340007129
opened_cohort,important_degree_top3,rolling5,exact1,nevertreated,pc_score,problem_solving_routines_pc_score,high,github_outcomes,pull_request_merged,TRUE,sa,-3,-0.0551996433149312,0.161579332870611,-0.371895135741328,0.261495849111466
opened_cohort,important_degree_top3,rolling5,exact1,nevertreated,pc_score,problem_solving_routines_pc_score,high,github_outcomes,pull_request_merged,TRUE,sa,-2,0.284607169824205,0.143067272210999,0.00419531629064745,0.565019023357762
opened_cohort,important_degree_top3,rolling5,exact1,nevertreated,pc_score,problem_solving_routines_pc_score,high,github_outcomes,pull_request_merged,TRUE,sa,-1,0,0,0,0
opened_cohort,important_degree_top3,rolling5,exact1,nevertreated,pc_score,problem_solving_routines_pc_score,high,github_outcomes,pull_request_merged,TRUE,sa,0,-0.150526425240972,0.221057117172404,-0.583798374898884,0.282745524416941
opened_cohort,important_degree_top3,rolling5,exact1,nevertreated,pc_score,problem_solving_routines_pc_score,high,github_outcomes,pull_request_merged,TRUE,sa,1,-0.78448218426816,0.1670808433984,-1.11196063732902,-0.457003731207296
opened_cohort,important_degree_top3,rolling5,exact1,nevertreated,pc_score,problem_solving_routines_pc_score,high,github_outcomes,pull_request_merged,TRUE,sa,2,-0.568589126786131,0.312653549436919,-1.18139008368249,0.0442118301102302
opened_cohort,important_degree_top3,rolling5,exact1,nevertreated,pc_score,problem_solving_routines_pc_score,high,github_outcomes,pull_request_merged,TRUE,sa,3,-0.486973945028837,0.254263916502119,-0.98533122137299,0.011383331315315
opened_cohort,important_degree_top3,rolling5,exact1,nevertreated,pc_score,problem_solving_routines_pc_score,high,github_outcomes,pull_request_merged,TRUE,sa,4,-0.469637066803789,0.314171060907035,-1.08541234618158,0.146138212573999
opened_cohort,important_degree_top3,rolling5,exact1,nevertreated,pc_score,problem_solving_routines_pc_score,high,github_outcomes,pull_request_merged,TRUE,sa,5,-0.657484012662593,0.232980880319793,-1.11412653808939,-0.200841487235798
opened_cohort,important_degree_top3,rolling5,exact1,nevertreated,pc_score,problem_solving_routines_pc_score,high,github_outcomes,pull_request_merged,TRUE,sa,6,-0.810932491502046,0.198813203210471,-1.20060636979457,-0.421258613209523
opened_cohort,important_degree_top3,rolling5,exact1,nevertreated,pc_score,problem_solving_routines_pc_score,high,github_outcomes,pull_request_merged,TRUE,sa,7,-0.710525317856,0.22856676578909,-1.15851617880262,-0.262534456909383
opened_cohort,important_degree_top3,rolling5,exact1,nevertreated,pc_score,problem_solving_routines_pc_score,high,github_outcomes,pull_request_merged,TRUE,sa,8,-0.567412706175203,0.316814413152335,-1.18836895595378,0.0535435436033742
opened_cohort,important_degree_top3,rolling5,exact1,nevertreated,pc_score,problem_solving_routines_pc_score,high,github_outcomes,pull_request_merged,TRUE,sa,9,-0.800651443921729,0.307534356597717,-1.40341878285325,-0.197884104990205
opened_cohort,important_degree_top3,rolling5,exact1,nevertreated,pc_score,problem_solving_routines_pc_score,high,github_outcomes,pull_request_merged,TRUE,sa,10,-0.796686282481781,0.361066123248523,-1.50437588404889,-0.0889966809146756
opened_cohort,important_degree_top3,rolling5,exact1,nevertreated,pc_score,problem_solving_routines_pc_score,high,github_outcomes,pull_request_merged,TRUE,sa,11,-1.03878099683053,0.439846002775685,-1.90087916227087,-0.176682831390184
opened_cohort,important_degree_top3,rolling5,exact1,nevertreated,pc_score,collaboration_pc_score,low,github_outcomes,pull_request_merged,FALSE,sa,-15,0.644758042804426,1.86565619047572,-3.01192809052798,4.30144417613683
opened_cohort,important_degree_top3,rolling5,exact1,nevertreated,pc_score,collaboration_pc_score,low,github_outcomes,pull_request_merged,FALSE,sa,-14,0.794657596020906,1.8363604792131,-2.80460894323678,4.39392413527859
opened_cohort,important_degree_top3,rolling5,exact1,nevertreated,pc_score,collaboration_pc_score,low,github_outcomes,pull_request_merged,FALSE,sa,-13,1.87411678769327,1.76669371193388,-1.58860288769714,5.33683646308368
opened_cohort,important_degree_top3,rolling5,exact1,nevertreated,pc_score,collaboration_pc_score,low,github_outcomes,pull_request_merged,FALSE,sa,-12,1.03142194896797,1.71424657795599,-2.32850134382577,4.39134524176172
opened_cohort,important_degree_top3,rolling5,exact1,nevertreated,pc_score,collaboration_pc_score,low,github_outcomes,pull_request_merged,FALSE,sa,-11,1.53726886217732,1.75252690068319,-1.89768386316173,4.97222158751637
opened_cohort,important_degree_top3,rolling5,exact1,nevertreated,pc_score,collaboration_pc_score,low,github_outcomes,pull_request_merged,FALSE,sa,-10,1.37752362633369,1.9958028454576,-2.53424995076322,5.28929720343059
opened_cohort,important_degree_top3,rolling5,exact1,nevertreated,pc_score,collaboration_pc_score,low,github_outcomes,pull_request_merged,FALSE,sa,-9,-1.43727138375638,2.1965098712884,-5.74243073148165,2.86788796396889
opened_cohort,important_degree_top3,rolling5,exact1,nevertreated,pc_score,collaboration_pc_score,low,github_outcomes,pull_request_merged,FALSE,sa,-8,-1.53016758844671,1.66376125443976,-4.79113964714863,1.73080447025521
opened_cohort,important_degree_top3,rolling5,exact1,nevertreated,pc_score,collaboration_pc_score,low,github_outcomes,pull_request_merged,FALSE,sa,-7,1.67116853244281,1.61067960540507,-1.48576349415114,4.82810055903675
opened_cohort,important_degree_top3,rolling5,exact1,nevertreated,pc_score,collaboration_pc_score,low,github_outcomes,pull_request_merged,FALSE,sa,-6,1.2051085581748,1.44918300466125,-1.63529013096125,4.04550724731085
opened_cohort,important_degree_top3,rolling5,exact1,nevertreated,pc_score,collaboration_pc_score,low,github_outcomes,pull_request_merged,FALSE,sa,-5,2.82872407675794,1.95549040062188,-1.00403710846094,6.66148526197682
opened_cohort,important_degree_top3,rolling5,exact1,nevertreated,pc_score,collaboration_pc_score,low,github_outcomes,pull_request_merged,FALSE,sa,-4,2.35641580929062,1.80539248592904,-1.1821534631303,5.89498508171153
opened_cohort,important_degree_top3,rolling5,exact1,nevertreated,pc_score,collaboration_pc_score,low,github_outcomes,pull_request_merged,FALSE,sa,-3,1.35687623729797,1.34901137026359,-1.28718604841867,4.00093852301461
opened_cohort,important_degree_top3,rolling5,exact1,nevertreated,pc_score,collaboration_pc_score,low,github_outcomes,pull_request_merged,FALSE,sa,-2,2.13567567241967,0.819564395217127,0.529329457794102,3.74202188704524
opened_cohort,important_degree_top3,rolling5,exact1,nevertreated,pc_score,collaboration_pc_score,low,github_outcomes,pull_request_merged,FALSE,sa,-1,0,0,0,0
opened_cohort,important_degree_top3,rolling5,exact1,nevertreated,pc_score,collaboration_pc_score,low,github_outcomes,pull_request_merged,FALSE,sa,0,-1.07617327042852,0.85305616790053,-2.74816335951356,0.595816818656519
opened_cohort,important_degree_top3,rolling5,exact1,nevertreated,pc_score,collaboration_pc_score,low,github_outcomes,pull_request_merged,FALSE,sa,1,-1.70459557564411,0.867329275836674,-3.40456095628399,-0.00463019500422957
opened_cohort,important_degree_top3,rolling5,exact1,nevertreated,pc_score,collaboration_pc_score,low,github_outcomes,pull_request_merged,FALSE,sa,2,-2.00516508988184,0.992932565452552,-3.95131291816885,-0.059017261594843
opened_cohort,important_degree_top3,rolling5,exact1,nevertreated,pc_score,collaboration_pc_score,low,github_outcomes,pull_request_merged,FALSE,sa,3,-0.69957045001567,1.14497309445216,-2.94371771514191,1.54457681511057
opened_cohort,important_degree_top3,rolling5,exact1,nevertreated,pc_score,collaboration_pc_score,low,github_outcomes,pull_request_merged,FALSE,sa,4,-0.815751354538256,1.23482527883664,-3.23600890105807,1.60450619198156
opened_cohort,important_degree_top3,rolling5,exact1,nevertreated,pc_score,collaboration_pc_score,low,github_outcomes,pull_request_merged,FALSE,sa,5,-0.880206965928394,1.33965504177826,-3.50593084781378,1.74551691595699
opened_cohort,important_degree_top3,rolling5,exact1,nevertreated,pc_score,collaboration_pc_score,low,github_outcomes,pull_request_merged,FALSE,sa,6,0.0036311760105246,1.49821585703274,-2.93287190377365,2.9401342557947
opened_cohort,important_degree_top3,rolling5,exact1,nevertreated,pc_score,collaboration_pc_score,low,github_outcomes,pull_request_merged,FALSE,sa,7,1.24671504911157,1.88618385223221,-2.45020530126355,4.9436353994867
opened_cohort,important_degree_top3,rolling5,exact1,nevertreated,pc_score,collaboration_pc_score,low,github_outcomes,pull_request_merged,FALSE,sa,8,2.71445832153478,2.44966221855209,-2.08687962682731,7.51579626989688
opened_cohort,important_degree_top3,rolling5,exact1,nevertreated,pc_score,collaboration_pc_score,low,github_outcomes,pull_request_merged,FALSE,sa,9,1.28859756028446,1.68862094344468,-2.02109948886712,4.59829460943604
opened_cohort,important_degree_top3,rolling5,exact1,nevertreated,pc_score,collaboration_pc_score,low,github_outcomes,pull_request_merged,FALSE,sa,10,-1.48793465810223,2.90652106244035,-7.18471594048532,4.20884662428085
opened_cohort,important_degree_top3,rolling5,exact1,nevertreated,pc_score,collaboration_pc_score,low,github_outcomes,pull_request_merged,FALSE,sa,11,-2.97914118612521,4.97566007269637,-12.7314349286101,6.77315255635966
opened_cohort,important_degree_top3,rolling5,exact1,nevertreated,pc_score,collaboration_pc_score,high,github_outcomes,pull_request_merged,FALSE,sa,-15,-3.25775968160887,3.77129500342514,-10.6494978883221,4.1339785251044
opened_cohort,important_degree_top3,rolling5,exact1,nevertreated,pc_score,collaboration_pc_score,high,github_outcomes,pull_request_merged,FALSE,sa,-14,-3.7948436658183,3.77854927350555,-11.2008002418892,3.61111291025258
opened_cohort,important_degree_top3,rolling5,exact1,nevertreated,pc_score,collaboration_pc_score,high,github_outcomes,pull_request_merged,FALSE,sa,-13,-0.277755490835141,3.47431780792127,-7.08741839436082,6.53190741269054
opened_cohort,important_degree_top3,rolling5,exact1,nevertreated,pc_score,collaboration_pc_score,high,github_outcomes,pull_request_merged,FALSE,sa,-12,-4.11243933811654,3.19141731032847,-10.3676172663603,2.14273859012726
opened_cohort,important_degree_top3,rolling5,exact1,nevertreated,pc_score,collaboration_pc_score,high,github_outcomes,pull_request_merged,FALSE,sa,-11,1.94001996739909,3.73597957914396,-5.38250000772307,9.26253994252124
opened_cohort,important_degree_top3,rolling5,exact1,nevertreated,pc_score,collaboration_pc_score,high,github_outcomes,pull_request_merged,FALSE,sa,-10,-0.0830650752123774,2.83694778920427,-5.64348274205275,5.47735259162799
opened_cohort,important_degree_top3,rolling5,exact1,nevertreated,pc_score,collaboration_pc_score,high,github_outcomes,pull_request_merged,FALSE,sa,-9,3.76103512229862,3.82123107685132,-3.72857778832998,11.2506480329272
opened_cohort,important_degree_top3,rolling5,exact1,nevertreated,pc_score,collaboration_pc_score,high,github_outcomes,pull_request_merged,FALSE,sa,-8,1.15762803644919,2.96700099097912,-4.65769390586988,6.97294997876826
opened_cohort,important_degree_top3,rolling5,exact1,nevertreated,pc_score,collaboration_pc_score,high,github_outcomes,pull_request_merged,FALSE,sa,-7,0.689458959807658,3.0040782939721,-5.19853449637766,6.57745241599297
opened_cohort,important_degree_top3,rolling5,exact1,nevertreated,pc_score,collaboration_pc_score,high,github_outcomes,pull_request_merged,FALSE,sa,-6,-0.0119424687579792,2.7556024205711,-5.41292321307734,5.38903827556138
opened_cohort,important_degree_top3,rolling5,exact1,nevertreated,pc_score,collaboration_pc_score,high,github_outcomes,pull_request_merged,FALSE,sa,-5,-0.507106141480108,2.2606075012403,-4.93789684391109,3.92368456095088
opened_cohort,important_degree_top3,rolling5,exact1,nevertreated,pc_score,collaboration_pc_score,high,github_outcomes,pull_request_merged,FALSE,sa,-4,-1.10831809837607,2.15041946304668,-5.32314024594757,3.10650404919542
opened_cohort,important_degree_top3,rolling5,exact1,nevertreated,pc_score,collaboration_pc_score,high,github_outcomes,pull_request_merged,FALSE,sa,-3,-0.539063738842369,1.46667476630027,-3.4137462807909,2.33561880310616
opened_cohort,important_degree_top3,rolling5,exact1,nevertreated,pc_score,collaboration_pc_score,high,github_outcomes,pull_request_merged,FALSE,sa,-2,-1.09424008671192,0.977990517444447,-3.01110150090303,0.822621327479198
opened_cohort,important_degree_top3,rolling5,exact1,nevertreated,pc_score,collaboration_pc_score,high,github_outcomes,pull_request_merged,FALSE,sa,-1,0,0,0,0
opened_cohort,important_degree_top3,rolling5,exact1,nevertreated,pc_score,collaboration_pc_score,high,github_outcomes,pull_request_merged,FALSE,sa,0,-2.09427674421376,1.08241395371172,-4.21580809348874,0.0272546050612221
opened_cohort,important_degree_top3,rolling5,exact1,nevertreated,pc_score,collaboration_pc_score,high,github_outcomes,pull_request_merged,FALSE,sa,1,-1.04505366702442,1.23594236703329,-3.46750070640967,1.37739337236084
opened_cohort,important_degree_top3,rolling5,exact1,nevertreated,pc_score,collaboration_pc_score,high,github_outcomes,pull_request_merged,FALSE,sa,2,-0.381864397277773,1.57433897576013,-3.46756878976763,2.70383999521208
opened_cohort,important_degree_top3,rolling5,exact1,nevertreated,pc_score,collaboration_pc_score,high,github_outcomes,pull_request_merged,FALSE,sa,3,-0.786366711184775,1.89751108443881,-4.50548843668484,2.93275501431529
opened_cohort,important_degree_top3,rolling5,exact1,nevertreated,pc_score,collaboration_pc_score,high,github_outcomes,pull_request_merged,FALSE,sa,4,-0.502658185025854,2.14860841273138,-4.71393067397936,3.70861430392765
opened_cohort,important_degree_top3,rolling5,exact1,nevertreated,pc_score,collaboration_pc_score,high,github_outcomes,pull_request_merged,FALSE,sa,5,0.611311538089706,2.35010264995567,-3.99488965582341,5.21751273200283
opened_cohort,important_degree_top3,rolling5,exact1,nevertreated,pc_score,collaboration_pc_score,high,github_outcomes,pull_request_merged,FALSE,sa,6,0.949616267849571,2.65154184099035,-4.24740574049152,6.14663827619066
opened_cohort,important_degree_top3,rolling5,exact1,nevertreated,pc_score,collaboration_pc_score,high,github_outcomes,pull_request_merged,FALSE,sa,7,2.8257058478346,2.94511618602859,-2.94672187678143,8.59813357245063
opened_cohort,important_degree_top3,rolling5,exact1,nevertreated,pc_score,collaboration_pc_score,high,github_outcomes,pull_request_merged,FALSE,sa,8,3.77615215294589,3.32133008662563,-2.73365481684033,10.2859591227321
opened_cohort,important_degree_top3,rolling5,exact1,nevertreated,pc_score,collaboration_pc_score,high,github_outcomes,pull_request_merged,FALSE,sa,9,6.0104021687745,3.28464903115227,-0.427509932283943,12.4483142698329
opened_cohort,important_degree_top3,rolling5,exact1,nevertreated,pc_score,collaboration_pc_score,high,github_outcomes,pull_request_merged,FALSE,sa,10,6.50551530993761,3.38334224103416,-0.125835482489342,13.1368661023646
opened_cohort,important_degree_top3,rolling5,exact1,nevertreated,pc_score,collaboration_pc_score,high,github_outcomes,pull_request_merged,FALSE,sa,11,4.90897495621402,3.83090161639254,-2.59959221191535,12.4175421243434
opened_cohort,important_degree_top3,rolling5,exact1,nevertreated,pc_score,knowledge_level_pc_score,low,github_outcomes,pull_request_merged,FALSE,sa,-15,-1.28756344406975,3.28635018521673,-7.72880980709455,5.15368291895505
opened_cohort,important_degree_top3,rolling5,exact1,nevertreated,pc_score,knowledge_level_pc_score,low,github_outcomes,pull_request_merged,FALSE,sa,-14,-0.678880218049534,3.51670725775594,-7.57162644325118,6.21386600715212
opened_cohort,important_degree_top3,rolling5,exact1,nevertreated,pc_score,knowledge_level_pc_score,low,github_outcomes,pull_request_merged,FALSE,sa,-13,-0.433709854275775,3.82226641580657,-7.92535202925665,7.0579323207051
opened_cohort,important_degree_top3,rolling5,exact1,nevertreated,pc_score,knowledge_level_pc_score,low,github_outcomes,pull_request_merged,FALSE,sa,-12,-1.49341842759397,2.91250311090195,-7.20192452496179,4.21508766977386
opened_cohort,important_degree_top3,rolling5,exact1,nevertreated,pc_score,knowledge_level_pc_score,low,github_outcomes,pull_request_merged,FALSE,sa,-11,0.0782280876072688,2.38168210258772,-4.58986883346466,4.7463250086792
opened_cohort,important_degree_top3,rolling5,exact1,nevertreated,pc_score,knowledge_level_pc_score,low,github_outcomes,pull_request_merged,FALSE,sa,-10,1.33829404092249,2.442906750319,-3.44980318970275,6.12639127154774
opened_cohort,important_degree_top3,rolling5,exact1,nevertreated,pc_score,knowledge_level_pc_score,low,github_outcomes,pull_request_merged,FALSE,sa,-9,-0.293542449139532,2.85369270531977,-5.88678015156627,5.29969525328721
opened_cohort,important_degree_top3,rolling5,exact1,nevertreated,pc_score,knowledge_level_pc_score,low,github_outcomes,pull_request_merged,FALSE,sa,-8,-0.413961565150371,2.78761832617312,-5.87769348444968,5.04977035414894
opened_cohort,important_degree_top3,rolling5,exact1,nevertreated,pc_score,knowledge_level_pc_score,low,github_outcomes,pull_request_merged,FALSE,sa,-7,1.99342116137379,2.61150284330206,-3.12512441149824,7.11196673424582
opened_cohort,important_degree_top3,rolling5,exact1,nevertreated,pc_score,knowledge_level_pc_score,low,github_outcomes,pull_request_merged,FALSE,sa,-6,1.22232403041727,2.60989393678681,-3.89306808568488,6.33771614651941
opened_cohort,important_degree_top3,rolling5,exact1,nevertreated,pc_score,knowledge_level_pc_score,low,github_outcomes,pull_request_merged,FALSE,sa,-5,2.8826499466727,2.72571602161535,-2.45975345569339,8.22505334903879
opened_cohort,important_degree_top3,rolling5,exact1,nevertreated,pc_score,knowledge_level_pc_score,low,github_outcomes,pull_request_merged,FALSE,sa,-4,1.92655705941409,2.4940058847986,-2.96169447479116,6.81480859361934
opened_cohort,important_degree_top3,rolling5,exact1,nevertreated,pc_score,knowledge_level_pc_score,low,github_outcomes,pull_request_merged,FALSE,sa,-3,0.9341674742805,1.81131045379624,-2.61600101516013,4.48433596372113
opened_cohort,important_degree_top3,rolling5,exact1,nevertreated,pc_score,knowledge_level_pc_score,low,github_outcomes,pull_request_merged,FALSE,sa,-2,1.09384852543067,1.093584295684,-1.04957669410997,3.23727374497131
opened_cohort,important_degree_top3,rolling5,exact1,nevertreated,pc_score,knowledge_level_pc_score,low,github_outcomes,pull_request_merged,FALSE,sa,-1,0,0,0,0
opened_cohort,important_degree_top3,rolling5,exact1,nevertreated,pc_score,knowledge_level_pc_score,low,github_outcomes,pull_request_merged,FALSE,sa,0,-2.53547102008022,1.07920127821409,-4.65070552537984,-0.420236514780595
opened_cohort,important_degree_top3,rolling5,exact1,nevertreated,pc_score,knowledge_level_pc_score,low,github_outcomes,pull_request_merged,FALSE,sa,1,-1.46829851172812,1.30228555286444,-4.02077819534243,1.08418117188618
opened_cohort,important_degree_top3,rolling5,exact1,nevertreated,pc_score,knowledge_level_pc_score,low,github_outcomes,pull_request_merged,FALSE,sa,2,-1.8513982207998,1.56986142262012,-4.92832660913523,1.22553016753564
opened_cohort,important_degree_top3,rolling5,exact1,nevertreated,pc_score,knowledge_level_pc_score,low,github_outcomes,pull_request_merged,FALSE,sa,3,-1.37857357123618,1.88349422430919,-5.07022225088219,2.31307510840983
opened_cohort,important_degree_top3,rolling5,exact1,nevertreated,pc_score,knowledge_level_pc_score,low,github_outcomes,pull_request_merged,FALSE,sa,4,-1.48363836890876,2.1362539923773,-5.67069619396826,2.70341945615074
opened_cohort,important_degree_top3,rolling5,exact1,nevertreated,pc_score,knowledge_level_pc_score,low,github_outcomes,pull_request_merged,FALSE,sa,5,-1.25737547549432,2.34202688911247,-5.84774817815476,3.33299722716612
opened_cohort,important_degree_top3,rolling5,exact1,nevertreated,pc_score,knowledge_level_pc_score,low,github_outcomes,pull_request_merged,FALSE,sa,6,-0.596588594785552,2.60772199606971,-5.70772370708219,4.51454651751108
opened_cohort,important_degree_top3,rolling5,exact1,nevertreated,pc_score,knowledge_level_pc_score,low,github_outcomes,pull_request_merged,FALSE,sa,7,1.47261864621251,2.96153146343848,-4.33198302212691,7.27722031455193
opened_cohort,important_degree_top3,rolling5,exact1,nevertreated,pc_score,knowledge_level_pc_score,low,github_outcomes,pull_request_merged,FALSE,sa,8,4.09609901013705,3.45118771346775,-2.66822890825974,10.8604269285338
opened_cohort,important_degree_top3,rolling5,exact1,nevertreated,pc_score,knowledge_level_pc_score,low,github_outcomes,pull_request_merged,FALSE,sa,9,4.68302846950299,2.94688150132893,-1.09285927310171,10.4589162121077
opened_cohort,important_degree_top3,rolling5,exact1,nevertreated,pc_score,knowledge_level_pc_score,low,github_outcomes,pull_request_merged,FALSE,sa,10,-1.9874841119374,5.64746102624373,-13.0565077233751,9.08153949950032
opened_cohort,important_degree_top3,rolling5,exact1,nevertreated,pc_score,knowledge_level_pc_score,low,github_outcomes,pull_request_merged,FALSE,sa,11,-7.09905079360123,10.2316430932911,-27.1530712564518,12.9549696692493
opened_cohort,important_degree_top3,rolling5,exact1,nevertreated,pc_score,knowledge_level_pc_score,high,github_outcomes,pull_request_merged,FALSE,sa,-15,-1.59927512269601,2.69450011277036,-6.88049534372591,3.6819450983339
opened_cohort,important_degree_top3,rolling5,exact1,nevertreated,pc_score,knowledge_level_pc_score,high,github_outcomes,pull_request_merged,FALSE,sa,-14,-4.01654885533078,2.52454113786957,-8.96464948555514,0.931551774893582
opened_cohort,important_degree_top3,rolling5,exact1,nevertreated,pc_score,knowledge_level_pc_score,high,github_outcomes,pull_request_merged,FALSE,sa,-13,3.87313324508678,3.07954875666196,-2.16278231797065,9.90904880814421
opened_cohort,important_degree_top3,rolling5,exact1,nevertreated,pc_score,knowledge_level_pc_score,high,github_outcomes,pull_request_merged,FALSE,sa,-12,0.719520175852131,2.22756489777436,-3.64650702378562,5.08554737548988
opened_cohort,important_degree_top3,rolling5,exact1,nevertreated,pc_score,knowledge_level_pc_score,high,github_outcomes,pull_request_merged,FALSE,sa,-11,4.95840362626838,3.19600598505478,-1.30576810443899,11.2225753569757
opened_cohort,important_degree_top3,rolling5,exact1,nevertreated,pc_score,knowledge_level_pc_score,high,github_outcomes,pull_request_merged,FALSE,sa,-10,2.35789982498904,2.30848803279591,-2.16673671929094,6.88253636926902
opened_cohort,important_degree_top3,rolling5,exact1,nevertreated,pc_score,knowledge_level_pc_score,high,github_outcomes,pull_request_merged,FALSE,sa,-9,4.04886967630738,2.90098780866983,-1.63706642868548,9.73480578130024
opened_cohort,important_degree_top3,rolling5,exact1,nevertreated,pc_score,knowledge_level_pc_score,high,github_outcomes,pull_request_merged,FALSE,sa,-8,1.33341406987732,1.9844307768399,-2.55607025272889,5.22289839248353
opened_cohort,important_degree_top3,rolling5,exact1,nevertreated,pc_score,knowledge_level_pc_score,high,github_outcomes,pull_request_merged,FALSE,sa,-7,1.90742644364817,2.00351720266465,-2.01946727357454,5.83432016087088
opened_cohort,important_degree_top3,rolling5,exact1,nevertreated,pc_score,knowledge_level_pc_score,high,github_outcomes,pull_request_merged,FALSE,sa,-6,1.37907958658288,1.58001813589116,-1.71775595976379,4.47591513292955
opened_cohort,important_degree_top3,rolling5,exact1,nevertreated,pc_score,knowledge_level_pc_score,high,github_outcomes,pull_request_merged,FALSE,sa,-5,0.179599712226541,1.3922716110387,-2.54925264540931,2.90845206986239
opened_cohort,important_degree_top3,rolling5,exact1,nevertreated,pc_score,knowledge_level_pc_score,high,github_outcomes,pull_request_merged,FALSE,sa,-4,-0.216184549872731,1.01826270420021,-2.21197945010514,1.77961035035967
opened_cohort,important_degree_top3,rolling5,exact1,nevertreated,pc_score,knowledge_level_pc_score,high,github_outcomes,pull_request_merged,FALSE,sa,-3,0.378673029074455,0.769684932576755,-1.12990943877598,1.88725549692489
opened_cohort,important_degree_top3,rolling5,exact1,nevertreated,pc_score,knowledge_level_pc_score,high,github_outcomes,pull_request_merged,FALSE,sa,-2,0.379430245674011,0.600739123773015,-0.798018436921098,1.55687892826912
opened_cohort,important_degree_top3,rolling5,exact1,nevertreated,pc_score,knowledge_level_pc_score,high,github_outcomes,pull_request_merged,FALSE,sa,-1,0,0,0,0
opened_cohort,important_degree_top3,rolling5,exact1,nevertreated,pc_score,knowledge_level_pc_score,high,github_outcomes,pull_request_merged,FALSE,sa,0,0.230992259169146,0.568563949418792,-0.883393081691686,1.34537760002998
opened_cohort,important_degree_top3,rolling5,exact1,nevertreated,pc_score,knowledge_level_pc_score,high,github_outcomes,pull_request_merged,FALSE,sa,1,-0.371450005644457,0.617941868911764,-1.58261606871151,0.839716057422599
opened_cohort,important_degree_top3,rolling5,exact1,nevertreated,pc_score,knowledge_level_pc_score,high,github_outcomes,pull_request_merged,FALSE,sa,2,0.285660173539676,0.750605685786725,-1.1855269706023,1.75684731768166
opened_cohort,important_degree_top3,rolling5,exact1,nevertreated,pc_score,knowledge_level_pc_score,high,github_outcomes,pull_request_merged,FALSE,sa,3,0.981428377885852,0.902067005766318,-0.786622953416132,2.74947970918783
opened_cohort,important_degree_top3,rolling5,exact1,nevertreated,pc_score,knowledge_level_pc_score,high,github_outcomes,pull_request_merged,FALSE,sa,4,1.49442875912871,1.0561325258418,-0.575590991521224,3.56444850977864
opened_cohort,important_degree_top3,rolling5,exact1,nevertreated,pc_score,knowledge_level_pc_score,high,github_outcomes,pull_request_merged,FALSE,sa,5,2.16213748959001,1.19765184148185,-0.185260119714418,4.50953509889444
opened_cohort,important_degree_top3,rolling5,exact1,nevertreated,pc_score,knowledge_level_pc_score,high,github_outcomes,pull_request_merged,FALSE,sa,6,2.63310750009832,1.41849227108493,-0.147137351228138,5.41335235142478
opened_cohort,important_degree_top3,rolling5,exact1,nevertreated,pc_score,knowledge_level_pc_score,high,github_outcomes,pull_request_merged,FALSE,sa,7,3.39877129953192,1.60318497192781,0.25652875455341,6.54101384451043
opened_cohort,important_degree_top3,rolling5,exact1,nevertreated,pc_score,knowledge_level_pc_score,high,github_outcomes,pull_request_merged,FALSE,sa,8,3.68972464730961,1.82734221358821,0.108133908676715,7.27131538594251
opened_cohort,important_degree_top3,rolling5,exact1,nevertreated,pc_score,knowledge_level_pc_score,high,github_outcomes,pull_request_merged,FALSE,sa,9,3.01613260361187,2.17593470671923,-1.24869942155781,7.28096462878156
opened_cohort,important_degree_top3,rolling5,exact1,nevertreated,pc_score,knowledge_level_pc_score,high,github_outcomes,pull_request_merged,FALSE,sa,10,3.71834101208392,1.94915527144019,-0.102003319938849,7.5386853441067
opened_cohort,important_degree_top3,rolling5,exact1,nevertreated,pc_score,knowledge_level_pc_score,high,github_outcomes,pull_request_merged,FALSE,sa,11,4.65346352386758,2.94570953215169,-1.12012715914973,10.4270542068849
opened_cohort,important_degree_top3,rolling5,exact1,nevertreated,pc_score,discussion_quality_pc_score,low,github_outcomes,pull_request_merged,FALSE,sa,-15,-2.04164117865599,3.16127212544641,-8.23773454453095,4.15445218721897
opened_cohort,important_degree_top3,rolling5,exact1,nevertreated,pc_score,discussion_quality_pc_score,low,github_outcomes,pull_request_merged,FALSE,sa,-14,-1.01894098925759,3.6230062254701,-8.12003319117898,6.0821512126638
opened_cohort,important_degree_top3,rolling5,exact1,nevertreated,pc_score,discussion_quality_pc_score,low,github_outcomes,pull_request_merged,FALSE,sa,-13,1.1754913460165,3.2853097701171,-5.26371580341302,7.61469849544601
opened_cohort,important_degree_top3,rolling5,exact1,nevertreated,pc_score,discussion_quality_pc_score,low,github_outcomes,pull_request_merged,FALSE,sa,-12,-0.596435840564079,2.65650295688679,-5.80318163606219,4.61030995493403
opened_cohort,important_degree_top3,rolling5,exact1,nevertreated,pc_score,discussion_quality_pc_score,low,github_outcomes,pull_request_merged,FALSE,sa,-11,3.2638797667733,2.85713867480566,-2.33611203584579,8.86387156939239
opened_cohort,important_degree_top3,rolling5,exact1,nevertreated,pc_score,discussion_quality_pc_score,low,github_outcomes,pull_request_merged,FALSE,sa,-10,1.80550574970871,2.42510267948693,-2.94769550208567,6.55870700150308
opened_cohort,important_degree_top3,rolling5,exact1,nevertreated,pc_score,discussion_quality_pc_score,low,github_outcomes,pull_request_merged,FALSE,sa,-9,-0.99770463287239,2.50642535260305,-5.91029832397438,3.9148890582296
opened_cohort,important_degree_top3,rolling5,exact1,nevertreated,pc_score,discussion_quality_pc_score,low,github_outcomes,pull_request_merged,FALSE,sa,-8,-0.434784899073231,2.3110373834996,-4.96441817073244,4.09484837258598
opened_cohort,important_degree_top3,rolling5,exact1,nevertreated,pc_score,discussion_quality_pc_score,low,github_outcomes,pull_request_merged,FALSE,sa,-7,0.0295721442737474,2.11501932108432,-4.11586572505151,4.17501001359901
opened_cohort,important_degree_top3,rolling5,exact1,nevertreated,pc_score,discussion_quality_pc_score,low,github_outcomes,pull_request_merged,FALSE,sa,-6,-0.400094676177942,2.14624138528581,-4.60672779133813,3.80653843898224
opened_cohort,important_degree_top3,rolling5,exact1,nevertreated,pc_score,discussion_quality_pc_score,low,github_outcomes,pull_request_merged,FALSE,sa,-5,1.49750006237297,2.26741212501296,-2.94662770265242,5.94162782739837
opened_cohort,important_degree_top3,rolling5,exact1,nevertreated,pc_score,discussion_quality_pc_score,low,github_outcomes,pull_request_merged,FALSE,sa,-4,0.895052167683815,2.27463785377985,-3.56323802572468,5.35334236109231
opened_cohort,important_degree_top3,rolling5,exact1,nevertreated,pc_score,discussion_quality_pc_score,low,github_outcomes,pull_request_merged,FALSE,sa,-3,-0.440584544225965,1.5483604322819,-3.47537099149848,2.59420190304655
opened_cohort,important_degree_top3,rolling5,exact1,nevertreated,pc_score,discussion_quality_pc_score,low,github_outcomes,pull_request_merged,FALSE,sa,-2,0.429950853868669,1.02906340159879,-1.58701341326496,2.4469151210023
opened_cohort,important_degree_top3,rolling5,exact1,nevertreated,pc_score,discussion_quality_pc_score,low,github_outcomes,pull_request_merged,FALSE,sa,-1,0,0,0,0
opened_cohort,important_degree_top3,rolling5,exact1,nevertreated,pc_score,discussion_quality_pc_score,low,github_outcomes,pull_request_merged,FALSE,sa,0,-1.95537562489809,1.03936519843177,-3.99253141382436,0.0817801640281752
opened_cohort,important_degree_top3,rolling5,exact1,nevertreated,pc_score,discussion_quality_pc_score,low,github_outcomes,pull_request_merged,FALSE,sa,1,-1.5489882500239,1.14207773458867,-3.78746060981769,0.689484109769898
opened_cohort,important_degree_top3,rolling5,exact1,nevertreated,pc_score,discussion_quality_pc_score,low,github_outcomes,pull_request_merged,FALSE,sa,2,-1.25451126784618,1.41357480042982,-4.02511787668863,1.51609534099627
opened_cohort,important_degree_top3,rolling5,exact1,nevertreated,pc_score,discussion_quality_pc_score,low,github_outcomes,pull_request_merged,FALSE,sa,3,-0.702776271939639,1.74416253858572,-4.12133484756764,2.71578230368836
opened_cohort,important_degree_top3,rolling5,exact1,nevertreated,pc_score,discussion_quality_pc_score,low,github_outcomes,pull_request_merged,FALSE,sa,4,-0.750071441660641,1.92672224109061,-4.52644703419823,3.02630415087695
opened_cohort,important_degree_top3,rolling5,exact1,nevertreated,pc_score,discussion_quality_pc_score,low,github_outcomes,pull_request_merged,FALSE,sa,5,-0.783008024568881,2.0911193096484,-4.88160187147974,3.31558582234198
opened_cohort,important_degree_top3,rolling5,exact1,nevertreated,pc_score,discussion_quality_pc_score,low,github_outcomes,pull_request_merged,FALSE,sa,6,0.983330525883765,2.37421356324941,-3.67012805808507,5.6367891098526
opened_cohort,important_degree_top3,rolling5,exact1,nevertreated,pc_score,discussion_quality_pc_score,low,github_outcomes,pull_request_merged,FALSE,sa,7,3.55539430938344,2.6993566298485,-1.73534468511962,8.8461333038865
opened_cohort,important_degree_top3,rolling5,exact1,nevertreated,pc_score,discussion_quality_pc_score,low,github_outcomes,pull_request_merged,FALSE,sa,8,5.78864728970759,3.68773556015114,-1.43931440818864,13.0166089876038
opened_cohort,important_degree_top3,rolling5,exact1,nevertreated,pc_score,discussion_quality_pc_score,low,github_outcomes,pull_request_merged,FALSE,sa,9,4.57270507849116,3.02506632167149,-1.35642491198496,10.5018350689673
opened_cohort,important_degree_top3,rolling5,exact1,nevertreated,pc_score,discussion_quality_pc_score,low,github_outcomes,pull_request_merged,FALSE,sa,10,2.96545254539676,3.95138616544767,-4.77926433888067,10.7101694296742
opened_cohort,important_degree_top3,rolling5,exact1,nevertreated,pc_score,discussion_quality_pc_score,low,github_outcomes,pull_request_merged,FALSE,sa,11,2.09411485286497,5.57357157921999,-8.8300854424062,13.0183151481362
opened_cohort,important_degree_top3,rolling5,exact1,nevertreated,pc_score,discussion_quality_pc_score,high,github_outcomes,pull_request_merged,FALSE,sa,-15,-1.61962765926807,3.12211647829151,-7.73897595671943,4.49972063818329
opened_cohort,important_degree_top3,rolling5,exact1,nevertreated,pc_score,discussion_quality_pc_score,high,github_outcomes,pull_request_merged,FALSE,sa,-14,-1.19900728992846,3.32060148889403,-7.70738620816076,5.30937162830383
opened_cohort,important_degree_top3,rolling5,exact1,nevertreated,pc_score,discussion_quality_pc_score,high,github_outcomes,pull_request_merged,FALSE,sa,-13,1.74475548410134,3.20095471190209,-4.52911575122675,8.01862671942944
opened_cohort,important_degree_top3,rolling5,exact1,nevertreated,pc_score,discussion_quality_pc_score,high,github_outcomes,pull_request_merged,FALSE,sa,-12,-0.977745022835526,2.81828834876015,-6.50159018640542,4.54610014073437
opened_cohort,important_degree_top3,rolling5,exact1,nevertreated,pc_score,discussion_quality_pc_score,high,github_outcomes,pull_request_merged,FALSE,sa,-11,-0.802580922321691,2.69215076983393,-6.07919643119619,4.47403458655281
opened_cohort,important_degree_top3,rolling5,exact1,nevertreated,pc_score,discussion_quality_pc_score,high,github_outcomes,pull_request_merged,FALSE,sa,-10,-0.448003260064192,2.55817607250392,-5.46202836217188,4.56602184204349
opened_cohort,important_degree_top3,rolling5,exact1,nevertreated,pc_score,discussion_quality_pc_score,high,github_outcomes,pull_request_merged,FALSE,sa,-9,3.96083921111349,3.43167638366799,-2.76524650087577,10.6869249231028
opened_cohort,important_degree_top3,rolling5,exact1,nevertreated,pc_score,discussion_quality_pc_score,high,github_outcomes,pull_request_merged,FALSE,sa,-8,0.610980874498897,2.46835692260218,-4.22699869380138,5.44896044279917
opened_cohort,important_degree_top3,rolling5,exact1,nevertreated,pc_score,discussion_quality_pc_score,high,github_outcomes,pull_request_merged,FALSE,sa,-7,2.94184636233467,2.55578285311825,-2.06748802977709,7.95118075444643
opened_cohort,important_degree_top3,rolling5,exact1,nevertreated,pc_score,discussion_quality_pc_score,high,github_outcomes,pull_request_merged,FALSE,sa,-6,2.74325800512569,2.1904106926945,-1.54994695255554,7.03646296280691
opened_cohort,important_degree_top3,rolling5,exact1,nevertreated,pc_score,discussion_quality_pc_score,high,github_outcomes,pull_request_merged,FALSE,sa,-5,1.27947694709618,1.78224338147298,-2.21372008059086,4.77267397478322
opened_cohort,important_degree_top3,rolling5,exact1,nevertreated,pc_score,discussion_quality_pc_score,high,github_outcomes,pull_request_merged,FALSE,sa,-4,0.740447772240455,1.42945562864912,-2.06128525991183,3.54218080439274
opened_cohort,important_degree_top3,rolling5,exact1,nevertreated,pc_score,discussion_quality_pc_score,high,github_outcomes,pull_request_merged,FALSE,sa,-3,1.61614783894297,1.14940455290755,-0.63668508475584,3.86898076264177
opened_cohort,important_degree_top3,rolling5,exact1,nevertreated,pc_score,discussion_quality_pc_score,high,github_outcomes,pull_request_merged,FALSE,sa,-2,1.16168946523847,0.792535984311164,-0.39168106401141,2.71505999448835
opened_cohort,important_degree_top3,rolling5,exact1,nevertreated,pc_score,discussion_quality_pc_score,high,github_outcomes,pull_request_merged,FALSE,sa,-1,0,0,0,0
opened_cohort,important_degree_top3,rolling5,exact1,nevertreated,pc_score,discussion_quality_pc_score,high,github_outcomes,pull_request_merged,FALSE,sa,0,-0.40266465119001,0.669895845465045,-1.7156605083015,0.910331205921479
opened_cohort,important_degree_top3,rolling5,exact1,nevertreated,pc_score,discussion_quality_pc_score,high,github_outcomes,pull_request_merged,FALSE,sa,1,-0.144035757259855,0.80848645954748,-1.72866921797292,1.44059770345321
opened_cohort,important_degree_top3,rolling5,exact1,nevertreated,pc_score,discussion_quality_pc_score,high,github_outcomes,pull_request_merged,FALSE,sa,2,0.0902017793970774,0.940025805116937,-1.75224879863212,1.93265235742627
opened_cohort,important_degree_top3,rolling5,exact1,nevertreated,pc_score,discussion_quality_pc_score,high,github_outcomes,pull_request_merged,FALSE,sa,3,0.666668055056889,1.11053603980451,-1.50998258295994,2.84331869307372
opened_cohort,important_degree_top3,rolling5,exact1,nevertreated,pc_score,discussion_quality_pc_score,high,github_outcomes,pull_request_merged,FALSE,sa,4,1.32509914010087,1.27889476323766,-1.18153459584495,3.8317328760467
opened_cohort,important_degree_top3,rolling5,exact1,nevertreated,pc_score,discussion_quality_pc_score,high,github_outcomes,pull_request_merged,FALSE,sa,5,2.08199063570205,1.463088876432,-0.785663562104662,4.94964483350876
opened_cohort,important_degree_top3,rolling5,exact1,nevertreated,pc_score,discussion_quality_pc_score,high,github_outcomes,pull_request_merged,FALSE,sa,6,1.72053697011389,1.69541961083221,-1.60248546711723,5.04355940734502
opened_cohort,important_degree_top3,rolling5,exact1,nevertreated,pc_score,discussion_quality_pc_score,high,github_outcomes,pull_request_merged,FALSE,sa,7,2.33652976301881,1.97047500039483,-1.52560123775506,6.19866076379268
opened_cohort,important_degree_top3,rolling5,exact1,nevertreated,pc_score,discussion_quality_pc_score,high,github_outcomes,pull_request_merged,FALSE,sa,8,2.98255540922493,2.07002021079603,-1.0746842039353,7.03979502238516
opened_cohort,important_degree_top3,rolling5,exact1,nevertreated,pc_score,discussion_quality_pc_score,high,github_outcomes,pull_request_merged,FALSE,sa,9,4.08832948421627,2.03226583321647,0.105088451111997,8.07157051732055
opened_cohort,important_degree_top3,rolling5,exact1,nevertreated,pc_score,discussion_quality_pc_score,high,github_outcomes,pull_request_merged,FALSE,sa,10,3.61486570088348,2.13981494128158,-0.579171584028406,7.80890298579537
opened_cohort,important_degree_top3,rolling5,exact1,nevertreated,pc_score,discussion_quality_pc_score,high,github_outcomes,pull_request_merged,FALSE,sa,11,4.05254462792047,2.82632372717394,-1.48704987734045,9.59213913318139
opened_cohort,important_degree_top3,rolling5,exact1,nevertreated,pc_score,investment_in_new_talent_pc_score,low,github_outcomes,pull_request_merged,FALSE,sa,-15,-0.477610966749177,2.40851054030037,-5.1982916257379,4.24306969223954
opened_cohort,important_degree_top3,rolling5,exact1,nevertreated,pc_score,investment_in_new_talent_pc_score,low,github_outcomes,pull_request_merged,FALSE,sa,-14,4.77408158858891,2.23622656647449,0.391077518298905,9.15708565887892
opened_cohort,important_degree_top3,rolling5,exact1,nevertreated,pc_score,investment_in_new_talent_pc_score,low,github_outcomes,pull_request_merged,FALSE,sa,-13,5.73425117036528,2.85421797258692,0.139983944094915,11.3285183966356
opened_cohort,important_degree_top3,rolling5,exact1,nevertreated,pc_score,investment_in_new_talent_pc_score,low,github_outcomes,pull_request_merged,FALSE,sa,-12,1.78577155007641,2.03518508153001,-2.20319120972241,5.77473430987522
opened_cohort,important_degree_top3,rolling5,exact1,nevertreated,pc_score,investment_in_new_talent_pc_score,low,github_outcomes,pull_request_merged,FALSE,sa,-11,4.22657734065244,2.37155042497478,-0.421661492298139,8.87481617360301
opened_cohort,important_degree_top3,rolling5,exact1,nevertreated,pc_score,investment_in_new_talent_pc_score,low,github_outcomes,pull_request_merged,FALSE,sa,-10,3.45365709352172,1.96259128200797,-0.393021819213898,7.30033600625734
opened_cohort,important_degree_top3,rolling5,exact1,nevertreated,pc_score,investment_in_new_talent_pc_score,low,github_outcomes,pull_request_merged,FALSE,sa,-9,1.63198477464077,2.17451207887564,-2.63005889995547,5.89402844923702
opened_cohort,important_degree_top3,rolling5,exact1,nevertreated,pc_score,investment_in_new_talent_pc_score,low,github_outcomes,pull_request_merged,FALSE,sa,-8,0.666791946845936,2.0735522935782,-3.39737054856734,4.73095444225922
opened_cohort,important_degree_top3,rolling5,exact1,nevertreated,pc_score,investment_in_new_talent_pc_score,low,github_outcomes,pull_request_merged,FALSE,sa,-7,1.43560088111871,1.87606768934208,-2.24149178999176,5.11269355222918
opened_cohort,important_degree_top3,rolling5,exact1,nevertreated,pc_score,investment_in_new_talent_pc_score,low,github_outcomes,pull_request_merged,FALSE,sa,-6,1.82393703051245,1.75530593242346,-1.61646259703753,5.26433665806243
opened_cohort,important_degree_top3,rolling5,exact1,nevertreated,pc_score,investment_in_new_talent_pc_score,low,github_outcomes,pull_request_merged,FALSE,sa,-5,0.540011404347473,1.52865911036887,-2.4561604519755,3.53618326067045
opened_cohort,important_degree_top3,rolling5,exact1,nevertreated,pc_score,investment_in_new_talent_pc_score,low,github_outcomes,pull_request_merged,FALSE,sa,-4,1.12532076523287,1.33844197420667,-1.4980255042122,3.74866703467794
opened_cohort,important_degree_top3,rolling5,exact1,nevertreated,pc_score,investment_in_new_talent_pc_score,low,github_outcomes,pull_request_merged,FALSE,sa,-3,0.909821357023377,0.868903677760723,-0.79322985138764,2.61287256543439
opened_cohort,important_degree_top3,rolling5,exact1,nevertreated,pc_score,investment_in_new_talent_pc_score,low,github_outcomes,pull_request_merged,FALSE,sa,-2,0.323839021625554,0.690544026988424,-1.02962727127176,1.67730531452286
opened_cohort,important_degree_top3,rolling5,exact1,nevertreated,pc_score,investment_in_new_talent_pc_score,low,github_outcomes,pull_request_merged,FALSE,sa,-1,0,0,0,0
opened_cohort,important_degree_top3,rolling5,exact1,nevertreated,pc_score,investment_in_new_talent_pc_score,low,github_outcomes,pull_request_merged,FALSE,sa,0,-1.27480789253686,0.734129440949401,-2.71370159679769,0.164085811723962
opened_cohort,important_degree_top3,rolling5,exact1,nevertreated,pc_score,investment_in_new_talent_pc_score,low,github_outcomes,pull_request_merged,FALSE,sa,1,-0.762250857174189,0.700585388888367,-2.13539821939539,0.610896505047011
opened_cohort,important_degree_top3,rolling5,exact1,nevertreated,pc_score,investment_in_new_talent_pc_score,low,github_outcomes,pull_request_merged,FALSE,sa,2,-0.808589822867935,0.779119957179693,-2.33566493894013,0.718485293204264
opened_cohort,important_degree_top3,rolling5,exact1,nevertreated,pc_score,investment_in_new_talent_pc_score,low,github_outcomes,pull_request_merged,FALSE,sa,3,-0.972376305202797,0.947047858346581,-2.8285901075621,0.883837497156502
opened_cohort,important_degree_top3,rolling5,exact1,nevertreated,pc_score,investment_in_new_talent_pc_score,low,github_outcomes,pull_request_merged,FALSE,sa,4,0.354364606215507,1.23431328691568,-2.06488943613922,2.77361864857024
opened_cohort,important_degree_top3,rolling5,exact1,nevertreated,pc_score,investment_in_new_talent_pc_score,low,github_outcomes,pull_request_merged,FALSE,sa,5,0.771095276978453,1.42629493219616,-2.02444279012602,3.56663334408293
opened_cohort,important_degree_top3,rolling5,exact1,nevertreated,pc_score,investment_in_new_talent_pc_score,low,github_outcomes,pull_request_merged,FALSE,sa,6,1.16646122269367,1.56948954916217,-1.90973829366419,4.24266073905153
opened_cohort,important_degree_top3,rolling5,exact1,nevertreated,pc_score,investment_in_new_talent_pc_score,low,github_outcomes,pull_request_merged,FALSE,sa,7,2.32014137936892,2.07664815878678,-1.75008901185317,6.39037177059101
opened_cohort,important_degree_top3,rolling5,exact1,nevertreated,pc_score,investment_in_new_talent_pc_score,low,github_outcomes,pull_request_merged,FALSE,sa,8,3.32253250709254,2.46477875053956,-1.508433843965,8.15349885815009
opened_cohort,important_degree_top3,rolling5,exact1,nevertreated,pc_score,investment_in_new_talent_pc_score,low,github_outcomes,pull_request_merged,FALSE,sa,9,1.3846987574891,1.77855055981363,-2.10126033974563,4.87065785472382
opened_cohort,important_degree_top3,rolling5,exact1,nevertreated,pc_score,investment_in_new_talent_pc_score,low,github_outcomes,pull_request_merged,FALSE,sa,10,-1.57299879838017,3.13411716698534,-7.71586844567144,4.5698708489111
opened_cohort,important_degree_top3,rolling5,exact1,nevertreated,pc_score,investment_in_new_talent_pc_score,low,github_outcomes,pull_request_merged,FALSE,sa,11,-4.31646782633541,5.79882949910867,-15.6821736445884,7.04923799191759
opened_cohort,important_degree_top3,rolling5,exact1,nevertreated,pc_score,investment_in_new_talent_pc_score,high,github_outcomes,pull_request_merged,FALSE,sa,-15,-3.43436394627269,4.03724924622192,-11.3473724688676,4.47864457632226
opened_cohort,important_degree_top3,rolling5,exact1,nevertreated,pc_score,investment_in_new_talent_pc_score,high,github_outcomes,pull_request_merged,FALSE,sa,-14,-7.00283687478861,3.66325427449191,-14.1828152527927,0.177141503215532
opened_cohort,important_degree_top3,rolling5,exact1,nevertreated,pc_score,investment_in_new_talent_pc_score,high,github_outcomes,pull_request_merged,FALSE,sa,-13,-3.02126366208198,3.70845341779274,-10.2898323609558,4.24730503679179
opened_cohort,important_degree_top3,rolling5,exact1,nevertreated,pc_score,investment_in_new_talent_pc_score,high,github_outcomes,pull_request_merged,FALSE,sa,-12,-6.40235631534559,3.41399952246235,-13.0937953793718,0.289082748680612
opened_cohort,important_degree_top3,rolling5,exact1,nevertreated,pc_score,investment_in_new_talent_pc_score,high,github_outcomes,pull_request_merged,FALSE,sa,-11,-3.24608769225111,3.07151617868046,-9.2662594024648,2.77408401796258
opened_cohort,important_degree_top3,rolling5,exact1,nevertreated,pc_score,investment_in_new_talent_pc_score,high,github_outcomes,pull_request_merged,FALSE,sa,-10,-2.44811456190538,3.0510563663748,-8.42818503999999,3.53195591618923
opened_cohort,important_degree_top3,rolling5,exact1,nevertreated,pc_score,investment_in_new_talent_pc_score,high,github_outcomes,pull_request_merged,FALSE,sa,-9,0.367434945332959,3.93179900522598,-7.33889110490995,8.07376099557587
opened_cohort,important_degree_top3,rolling5,exact1,nevertreated,pc_score,investment_in_new_talent_pc_score,high,github_outcomes,pull_request_merged,FALSE,sa,-8,-1.58374818698819,2.77973399427569,-7.03202681576854,3.86453044179216
opened_cohort,important_degree_top3,rolling5,exact1,nevertreated,pc_score,investment_in_new_talent_pc_score,high,github_outcomes,pull_request_merged,FALSE,sa,-7,1.64069949241436,2.84951894186956,-3.94435763364997,7.22575661847869
opened_cohort,important_degree_top3,rolling5,exact1,nevertreated,pc_score,investment_in_new_talent_pc_score,high,github_outcomes,pull_request_merged,FALSE,sa,-6,-0.00278839979763412,2.60760377863219,-5.11369180591672,5.10811500632145
opened_cohort,important_degree_top3,rolling5,exact1,nevertreated,pc_score,investment_in_new_talent_pc_score,high,github_outcomes,pull_request_merged,FALSE,sa,-5,1.6722410921469,2.75754351340711,-3.73254419413103,7.07702637842483
opened_cohort,important_degree_top3,rolling5,exact1,nevertreated,pc_score,investment_in_new_talent_pc_score,high,github_outcomes,pull_request_merged,FALSE,sa,-4,0.193721618962785,2.53260529671212,-4.77018476259296,5.15762800051853
opened_cohort,important_degree_top3,rolling5,exact1,nevertreated,pc_score,investment_in_new_talent_pc_score,high,github_outcomes,pull_request_merged,FALSE,sa,-3,-0.200001099239795,1.82807095652247,-3.78302017402384,3.38301797554425
opened_cohort,important_degree_top3,rolling5,exact1,nevertreated,pc_score,investment_in_new_talent_pc_score,high,github_outcomes,pull_request_merged,FALSE,sa,-2,0.74293708880911,1.13421280243124,-1.48012000395611,2.96599418157433
opened_cohort,important_degree_top3,rolling5,exact1,nevertreated,pc_score,investment_in_new_talent_pc_score,high,github_outcomes,pull_request_merged,FALSE,sa,-1,0,0,0,0
opened_cohort,important_degree_top3,rolling5,exact1,nevertreated,pc_score,investment_in_new_talent_pc_score,high,github_outcomes,pull_request_merged,FALSE,sa,0,-1.56611569059896,1.11828174376175,-3.75794790837198,0.625716527174067
opened_cohort,important_degree_top3,rolling5,exact1,nevertreated,pc_score,investment_in_new_talent_pc_score,high,github_outcomes,pull_request_merged,FALSE,sa,1,-1.75626060251328,1.28656681753919,-4.2779315648901,0.765410359863541
opened_cohort,important_degree_top3,rolling5,exact1,nevertreated,pc_score,investment_in_new_talent_pc_score,high,github_outcomes,pull_request_merged,FALSE,sa,2,-1.30615817348198,1.60770124454536,-4.45725261279088,1.84493626582692
opened_cohort,important_degree_top3,rolling5,exact1,nevertreated,pc_score,investment_in_new_talent_pc_score,high,github_outcomes,pull_request_merged,FALSE,sa,3,-0.0821312492794714,1.93899381717815,-3.88255913094865,3.71829663238971
opened_cohort,important_degree_top3,rolling5,exact1,nevertreated,pc_score,investment_in_new_talent_pc_score,high,github_outcomes,pull_request_merged,FALSE,sa,4,-1.11622548398827,2.04975548464007,-5.1337462338828,2.90129526590627
opened_cohort,important_degree_top3,rolling5,exact1,nevertreated,pc_score,investment_in_new_talent_pc_score,high,github_outcomes,pull_request_merged,FALSE,sa,5,-0.63246780181092,2.16074322723505,-4.86752452719161,3.60258892356977
opened_cohort,important_degree_top3,rolling5,exact1,nevertreated,pc_score,investment_in_new_talent_pc_score,high,github_outcomes,pull_request_merged,FALSE,sa,6,0.108460535515647,2.4628117770892,-4.71865054757919,4.93557161861048
opened_cohort,important_degree_top3,rolling5,exact1,nevertreated,pc_score,investment_in_new_talent_pc_score,high,github_outcomes,pull_request_merged,FALSE,sa,7,2.33799661264983,2.75408420773791,-3.06000843451647,7.73600165981613
opened_cohort,important_degree_top3,rolling5,exact1,nevertreated,pc_score,investment_in_new_talent_pc_score,high,github_outcomes,pull_request_merged,FALSE,sa,8,3.69788650909296,3.37109445614557,-2.90945862495235,10.3052316431383
opened_cohort,important_degree_top3,rolling5,exact1,nevertreated,pc_score,investment_in_new_talent_pc_score,high,github_outcomes,pull_request_merged,FALSE,sa,9,6.50574236314423,3.27914724559247,0.0786137617829912,12.9328709645055
opened_cohort,important_degree_top3,rolling5,exact1,nevertreated,pc_score,investment_in_new_talent_pc_score,high,github_outcomes,pull_request_merged,FALSE,sa,10,7.37680769888011,3.40881103273818,0.695538074713275,14.058077323047
opened_cohort,important_degree_top3,rolling5,exact1,nevertreated,pc_score,investment_in_new_talent_pc_score,high,github_outcomes,pull_request_merged,FALSE,sa,11,8.81152088790765,3.75549446245033,1.45075174150499,16.1722900343103
opened_cohort,important_degree_top3,rolling5,exact1,nevertreated,pc_score,problem_solving_routines_pc_score,low,github_outcomes,pull_request_merged,FALSE,sa,-15,-3.54106115301242,3.26952194122767,-9.94932415781866,2.86720185179382
opened_cohort,important_degree_top3,rolling5,exact1,nevertreated,pc_score,problem_solving_routines_pc_score,low,github_outcomes,pull_request_merged,FALSE,sa,-14,-1.8567014493154,3.15077434883847,-8.0322191730388,4.31881627440799
opened_cohort,important_degree_top3,rolling5,exact1,nevertreated,pc_score,problem_solving_routines_pc_score,low,github_outcomes,pull_request_merged,FALSE,sa,-13,0.767787759350469,2.98826337861287,-5.08920846273075,6.62478398143169
opened_cohort,important_degree_top3,rolling5,exact1,nevertreated,pc_score,problem_solving_routines_pc_score,low,github_outcomes,pull_request_merged,FALSE,sa,-12,-1.16070048288059,2.71004421205068,-6.47238713849993,4.15098617273875
opened_cohort,important_degree_top3,rolling5,exact1,nevertreated,pc_score,problem_solving_routines_pc_score,low,github_outcomes,pull_request_merged,FALSE,sa,-11,0.149889990097034,2.45368455057905,-4.6593317290379,4.95911170923197
opened_cohort,important_degree_top3,rolling5,exact1,nevertreated,pc_score,problem_solving_routines_pc_score,low,github_outcomes,pull_request_merged,FALSE,sa,-10,1.26205961797878,2.32209337911479,-3.28924340508621,5.81336264104377
opened_cohort,important_degree_top3,rolling5,exact1,nevertreated,pc_score,problem_solving_routines_pc_score,low,github_outcomes,pull_request_merged,FALSE,sa,-9,0.87692705496015,1.98866470963742,-3.0208557759292,4.7747098858495
opened_cohort,important_degree_top3,rolling5,exact1,nevertreated,pc_score,problem_solving_routines_pc_score,low,github_outcomes,pull_request_merged,FALSE,sa,-8,1.07703997260257,2.04990632265436,-2.94077641979997,5.09485636500511
opened_cohort,important_degree_top3,rolling5,exact1,nevertreated,pc_score,problem_solving_routines_pc_score,low,github_outcomes,pull_request_merged,FALSE,sa,-7,1.20030523300837,1.8228033497447,-2.37238933249125,4.77299979850799
opened_cohort,important_degree_top3,rolling5,exact1,nevertreated,pc_score,problem_solving_routines_pc_score,low,github_outcomes,pull_request_merged,FALSE,sa,-6,2.04421685500535,1.65983964976616,-1.20906885853632,5.29750256854703
opened_cohort,important_degree_top3,rolling5,exact1,nevertreated,pc_score,problem_solving_routines_pc_score,low,github_outcomes,pull_request_merged,FALSE,sa,-5,1.26870217692294,1.57870695077251,-1.82556344659118,4.36296780043706
opened_cohort,important_degree_top3,rolling5,exact1,nevertreated,pc_score,problem_solving_routines_pc_score,low,github_outcomes,pull_request_merged,FALSE,sa,-4,0.245510403845333,1.1622526831775,-2.03250485518256,2.52352566287322
opened_cohort,important_degree_top3,rolling5,exact1,nevertreated,pc_score,problem_solving_routines_pc_score,low,github_outcomes,pull_request_merged,FALSE,sa,-3,0.634486134170709,0.956717952477731,-1.24068105268564,2.50965332102706
opened_cohort,important_degree_top3,rolling5,exact1,nevertreated,pc_score,problem_solving_routines_pc_score,low,github_outcomes,pull_request_merged,FALSE,sa,-2,0.499497630031834,0.742571410275711,-0.95594233410856,1.95493759417223
opened_cohort,important_degree_top3,rolling5,exact1,nevertreated,pc_score,problem_solving_routines_pc_score,low,github_outcomes,pull_request_merged,FALSE,sa,-1,0,0,0,0
opened_cohort,important_degree_top3,rolling5,exact1,nevertreated,pc_score,problem_solving_routines_pc_score,low,github_outcomes,pull_request_merged,FALSE,sa,0,-0.286615934360839,0.569570748944331,-1.40297460229173,0.82974273357005
opened_cohort,important_degree_top3,rolling5,exact1,nevertreated,pc_score,problem_solving_routines_pc_score,low,github_outcomes,pull_request_merged,FALSE,sa,1,0.0734996628996535,0.713874430098148,-1.32569422009272,1.47269354589202
opened_cohort,important_degree_top3,rolling5,exact1,nevertreated,pc_score,problem_solving_routines_pc_score,low,github_outcomes,pull_request_merged,FALSE,sa,2,0.117604776536015,0.780275014038353,-1.41173425097916,1.64694380405119
opened_cohort,important_degree_top3,rolling5,exact1,nevertreated,pc_score,problem_solving_routines_pc_score,low,github_outcomes,pull_request_merged,FALSE,sa,3,0.0717240947178363,0.935552122388736,-1.76195806516409,1.90540625459976
opened_cohort,important_degree_top3,rolling5,exact1,nevertreated,pc_score,problem_solving_routines_pc_score,low,github_outcomes,pull_request_merged,FALSE,sa,4,0.616610458354201,1.16607729817596,-1.66890104607068,2.90212196277908
opened_cohort,important_degree_top3,rolling5,exact1,nevertreated,pc_score,problem_solving_routines_pc_score,low,github_outcomes,pull_request_merged,FALSE,sa,5,0.907448526536018,1.32699164778623,-1.69345510312499,3.50835215619702
opened_cohort,important_degree_top3,rolling5,exact1,nevertreated,pc_score,problem_solving_routines_pc_score,low,github_outcomes,pull_request_merged,FALSE,sa,6,0.555352295784275,1.60091012112389,-2.58243154161855,3.6931361331871
opened_cohort,important_degree_top3,rolling5,exact1,nevertreated,pc_score,problem_solving_routines_pc_score,low,github_outcomes,pull_request_merged,FALSE,sa,7,0.98779703033351,1.84953021154755,-2.63728218429969,4.61287624496671
opened_cohort,important_degree_top3,rolling5,exact1,nevertreated,pc_score,problem_solving_routines_pc_score,low,github_outcomes,pull_request_merged,FALSE,sa,8,1.09180198099094,1.8916992406741,-2.61592853073029,4.79953249271218
opened_cohort,important_degree_top3,rolling5,exact1,nevertreated,pc_score,problem_solving_routines_pc_score,low,github_outcomes,pull_request_merged,FALSE,sa,9,1.68365648492756,1.75499143631385,-1.75612673024759,5.12343970010271
opened_cohort,important_degree_top3,rolling5,exact1,nevertreated,pc_score,problem_solving_routines_pc_score,low,github_outcomes,pull_request_merged,FALSE,sa,10,2.11581458608141,1.86144982146977,-1.53262706399934,5.76425623616216
opened_cohort,important_degree_top3,rolling5,exact1,nevertreated,pc_score,problem_solving_routines_pc_score,low,github_outcomes,pull_request_merged,FALSE,sa,11,2.7273182608516,2.18329035589509,-1.55193083670278,7.00656735840598
opened_cohort,important_degree_top3,rolling5,exact1,nevertreated,pc_score,problem_solving_routines_pc_score,high,github_outcomes,pull_request_merged,FALSE,sa,-15,0.397977919412918,2.89916336968049,-5.28438228516085,6.08033812398668
opened_cohort,important_degree_top3,rolling5,exact1,nevertreated,pc_score,problem_solving_routines_pc_score,high,github_outcomes,pull_request_merged,FALSE,sa,-14,-0.407890220724042,3.46012584121069,-7.18973686949699,6.3739564280489
opened_cohort,important_degree_top3,rolling5,exact1,nevertreated,pc_score,problem_solving_routines_pc_score,high,github_outcomes,pull_request_merged,FALSE,sa,-13,3.57897998680865,3.42875977952458,-3.14138918105953,10.2993491546768
opened_cohort,important_degree_top3,rolling5,exact1,nevertreated,pc_score,problem_solving_routines_pc_score,high,github_outcomes,pull_request_merged,FALSE,sa,-12,-3.62446824279438,3.12410630173009,-9.74771659418536,2.4987801085966
opened_cohort,important_degree_top3,rolling5,exact1,nevertreated,pc_score,problem_solving_routines_pc_score,high,github_outcomes,pull_request_merged,FALSE,sa,-11,3.1109800383729,3.41749596877343,-3.58731206042302,9.80927213716882
opened_cohort,important_degree_top3,rolling5,exact1,nevertreated,pc_score,problem_solving_routines_pc_score,high,github_outcomes,pull_request_merged,FALSE,sa,-10,1.83900039452232,2.65852635940764,-3.37171126991666,7.0497120589613
opened_cohort,important_degree_top3,rolling5,exact1,nevertreated,pc_score,problem_solving_routines_pc_score,high,github_outcomes,pull_request_merged,FALSE,sa,-9,0.41864972678334,3.595688870265,-6.62890045893607,7.46619991250275
opened_cohort,important_degree_top3,rolling5,exact1,nevertreated,pc_score,problem_solving_routines_pc_score,high,github_outcomes,pull_request_merged,FALSE,sa,-8,-1.13218229745961,2.85948420674934,-6.73677134268831,4.47240674776909
opened_cohort,important_degree_top3,rolling5,exact1,nevertreated,pc_score,problem_solving_routines_pc_score,high,github_outcomes,pull_request_merged,FALSE,sa,-7,1.8155034732276,2.80789510826151,-3.68797093896497,7.31897788542017
opened_cohort,important_degree_top3,rolling5,exact1,nevertreated,pc_score,problem_solving_routines_pc_score,high,github_outcomes,pull_request_merged,FALSE,sa,-6,0.108100896025332,2.56732691020325,-4.92385984797304,5.1400616400237
opened_cohort,important_degree_top3,rolling5,exact1,nevertreated,pc_score,problem_solving_routines_pc_score,high,github_outcomes,pull_request_merged,FALSE,sa,-5,1.11440987388994,2.54662473465456,-3.87697460603301,6.10579435381288
opened_cohort,important_degree_top3,rolling5,exact1,nevertreated,pc_score,problem_solving_routines_pc_score,high,github_outcomes,pull_request_merged,FALSE,sa,-4,0.988137998127262,2.42643169435581,-3.76766812281013,5.74394411906466
opened_cohort,important_degree_top3,rolling5,exact1,nevertreated,pc_score,problem_solving_routines_pc_score,high,github_outcomes,pull_request_merged,FALSE,sa,-3,0.452017114511735,1.70100197370752,-2.881946753955,3.78598098297847
opened_cohort,important_degree_top3,rolling5,exact1,nevertreated,pc_score,problem_solving_routines_pc_score,high,github_outcomes,pull_request_merged,FALSE,sa,-2,1.31515700590067,1.05273366481521,-0.748200977137143,3.37851498893849
opened_cohort,important_degree_top3,rolling5,exact1,nevertreated,pc_score,problem_solving_routines_pc_score,high,github_outcomes,pull_request_merged,FALSE,sa,-1,0,0,0,0
opened_cohort,important_degree_top3,rolling5,exact1,nevertreated,pc_score,problem_solving_routines_pc_score,high,github_outcomes,pull_request_merged,FALSE,sa,0,-2.0586951042839,1.1113689097793,-4.23697816745132,0.119587958883531
opened_cohort,important_degree_top3,rolling5,exact1,nevertreated,pc_score,problem_solving_routines_pc_score,high,github_outcomes,pull_request_merged,FALSE,sa,1,-1.91052658352386,1.22669368976775,-4.31484621546864,0.493793048420928
opened_cohort,important_degree_top3,rolling5,exact1,nevertreated,pc_score,problem_solving_routines_pc_score,high,github_outcomes,pull_request_merged,FALSE,sa,2,-1.26776635867401,1.56641720569638,-4.33794408183892,1.80241136449091
opened_cohort,important_degree_top3,rolling5,exact1,nevertreated,pc_score,problem_solving_routines_pc_score,high,github_outcomes,pull_request_merged,FALSE,sa,3,0.0503831535052731,1.90181189505903,-3.67716816081043,3.77793446782098
opened_cohort,important_degree_top3,rolling5,exact1,nevertreated,pc_score,problem_solving_routines_pc_score,high,github_outcomes,pull_request_merged,FALSE,sa,4,-0.101261222019652,2.05895939876929,-4.13682164360747,3.93429919956816
opened_cohort,important_degree_top3,rolling5,exact1,nevertreated,pc_score,problem_solving_routines_pc_score,high,github_outcomes,pull_request_merged,FALSE,sa,5,0.581946117904105,2.23632508767221,-3.80125105393344,4.96514328974164
opened_cohort,important_degree_top3,rolling5,exact1,nevertreated,pc_score,problem_solving_routines_pc_score,high,github_outcomes,pull_request_merged,FALSE,sa,6,2.0920209355615,2.53731588532298,-2.88111819967153,7.06516007079454
opened_cohort,important_degree_top3,rolling5,exact1,nevertreated,pc_score,problem_solving_routines_pc_score,high,github_outcomes,pull_request_merged,FALSE,sa,7,4.88976639268812,2.95290598093942,-0.897929329953137,10.6774621153294
opened_cohort,important_degree_top3,rolling5,exact1,nevertreated,pc_score,problem_solving_routines_pc_score,high,github_outcomes,pull_request_merged,FALSE,sa,8,7.78028297058359,3.85424005180081,0.225972469054001,15.3345934721132
opened_cohort,important_degree_top3,rolling5,exact1,nevertreated,pc_score,problem_solving_routines_pc_score,high,github_outcomes,pull_request_merged,FALSE,sa,9,7.33069004257023,3.21844167306768,1.02254436335759,13.6388357217829
opened_cohort,important_degree_top3,rolling5,exact1,nevertreated,pc_score,problem_solving_routines_pc_score,high,github_outcomes,pull_request_merged,FALSE,sa,10,4.45163187402476,4.23226110473764,-3.84359989126101,12.7468636393105
opened_cohort,important_degree_top3,rolling5,exact1,nevertreated,pc_score,problem_solving_routines_pc_score,high,github_outcomes,pull_request_merged,FALSE,sa,11,2.04909673269747,6.63108008927515,-10.9478202422818,15.0460137076768
opened_cohort,important_degree_top3,rolling5,exact1,nevertreated,pc_score,collaboration_pc_score,low,downstream_outcomes,overall_new_release_count,TRUE,sa,-15,0.0729741872122074,0.266059116104807,-0.448501680353214,0.594450054777628
opened_cohort,important_degree_top3,rolling5,exact1,nevertreated,pc_score,collaboration_pc_score,low,downstream_outcomes,overall_new_release_count,TRUE,sa,-14,0.297738932299353,0.259171193202432,-0.210236606377414,0.80571447097612
opened_cohort,important_degree_top3,rolling5,exact1,nevertreated,pc_score,collaboration_pc_score,low,downstream_outcomes,overall_new_release_count,TRUE,sa,-13,0.228096926688429,0.249324935721214,-0.26057994732515,0.716773800702009
opened_cohort,important_degree_top3,rolling5,exact1,nevertreated,pc_score,collaboration_pc_score,low,downstream_outcomes,overall_new_release_count,TRUE,sa,-12,0.517656362403408,0.196922483644846,0.131688294459509,0.903624430347306
opened_cohort,important_degree_top3,rolling5,exact1,nevertreated,pc_score,collaboration_pc_score,low,downstream_outcomes,overall_new_release_count,TRUE,sa,-11,0.461255741349356,0.178973881857545,0.110466932908567,0.812044549790144
opened_cohort,important_degree_top3,rolling5,exact1,nevertreated,pc_score,collaboration_pc_score,low,downstream_outcomes,overall_new_release_count,TRUE,sa,-10,0.182456756390388,0.171654855907988,-0.153986761189268,0.518900273970044
opened_cohort,important_degree_top3,rolling5,exact1,nevertreated,pc_score,collaboration_pc_score,low,downstream_outcomes,overall_new_release_count,TRUE,sa,-9,0.048055946686892,0.140613761514861,-0.227547025882236,0.32365891925602
opened_cohort,important_degree_top3,rolling5,exact1,nevertreated,pc_score,collaboration_pc_score,low,downstream_outcomes,overall_new_release_count,TRUE,sa,-8,0.0966556891153911,0.133672761580293,-0.165342923581983,0.358654301812766
opened_cohort,important_degree_top3,rolling5,exact1,nevertreated,pc_score,collaboration_pc_score,low,downstream_outcomes,overall_new_release_count,TRUE,sa,-7,-0.02334134972907,0.184650970192325,-0.385257251306026,0.338574551847886
opened_cohort,important_degree_top3,rolling5,exact1,nevertreated,pc_score,collaboration_pc_score,low,downstream_outcomes,overall_new_release_count,TRUE,sa,-6,0.0227071993715332,0.172441425061173,-0.315277993748365,0.360692392491432
opened_cohort,important_degree_top3,rolling5,exact1,nevertreated,pc_score,collaboration_pc_score,low,downstream_outcomes,overall_new_release_count,TRUE,sa,-5,0.0681941066585157,0.140978375573762,-0.208123509466059,0.34451172278309
opened_cohort,important_degree_top3,rolling5,exact1,nevertreated,pc_score,collaboration_pc_score,low,downstream_outcomes,overall_new_release_count,TRUE,sa,-4,-0.0522410221768748,0.155832090667441,-0.357671919885058,0.253189875531309
opened_cohort,important_degree_top3,rolling5,exact1,nevertreated,pc_score,collaboration_pc_score,low,downstream_outcomes,overall_new_release_count,TRUE,sa,-3,0.0297476023411424,0.169003031429068,-0.301498339259832,0.360993543942117
opened_cohort,important_degree_top3,rolling5,exact1,nevertreated,pc_score,collaboration_pc_score,low,downstream_outcomes,overall_new_release_count,TRUE,sa,-2,0.125509882190409,0.151148817035232,-0.170741799198645,0.421761563579463
opened_cohort,important_degree_top3,rolling5,exact1,nevertreated,pc_score,collaboration_pc_score,low,downstream_outcomes,overall_new_release_count,TRUE,sa,-1,0,0,0,0
opened_cohort,important_degree_top3,rolling5,exact1,nevertreated,pc_score,collaboration_pc_score,low,downstream_outcomes,overall_new_release_count,TRUE,sa,0,0.300934618689598,0.275206275662307,-0.238469681608524,0.840338918987719
opened_cohort,important_degree_top3,rolling5,exact1,nevertreated,pc_score,collaboration_pc_score,low,downstream_outcomes,overall_new_release_count,TRUE,sa,1,-0.452471852110138,0.146455150422009,-0.739523946937275,-0.165419757283
opened_cohort,important_degree_top3,rolling5,exact1,nevertreated,pc_score,collaboration_pc_score,low,downstream_outcomes,overall_new_release_count,TRUE,sa,2,-0.402368872041719,0.143391527184419,-0.68341626532318,-0.121321478760259
opened_cohort,important_degree_top3,rolling5,exact1,nevertreated,pc_score,collaboration_pc_score,low,downstream_outcomes,overall_new_release_count,TRUE,sa,3,-0.214792795340388,0.210864835097638,-0.628087872131758,0.198502281450982
opened_cohort,important_degree_top3,rolling5,exact1,nevertreated,pc_score,collaboration_pc_score,low,downstream_outcomes,overall_new_release_count,TRUE,sa,4,0.236005767853313,0.492296428296191,-0.728895231607221,1.20090676731385
opened_cohort,important_degree_top3,rolling5,exact1,nevertreated,pc_score,collaboration_pc_score,low,downstream_outcomes,overall_new_release_count,TRUE,sa,5,-0.0203493991869979,0.450755166834165,-0.90382952618196,0.863130727807964
opened_cohort,important_degree_top3,rolling5,exact1,nevertreated,pc_score,collaboration_pc_score,low,downstream_outcomes,overall_new_release_count,TRUE,sa,6,-0.272142688577486,0.199074165726942,-0.662328053402292,0.11804267624732
opened_cohort,important_degree_top3,rolling5,exact1,nevertreated,pc_score,collaboration_pc_score,low,downstream_outcomes,overall_new_release_count,TRUE,sa,7,-0.244535860253563,0.218183291405181,-0.672175111407717,0.183103390900591
opened_cohort,important_degree_top3,rolling5,exact1,nevertreated,pc_score,collaboration_pc_score,low,downstream_outcomes,overall_new_release_count,TRUE,sa,8,-0.175151154871923,0.256052117071095,-0.677013304331269,0.326710994587424
opened_cohort,important_degree_top3,rolling5,exact1,nevertreated,pc_score,collaboration_pc_score,low,downstream_outcomes,overall_new_release_count,TRUE,sa,9,-0.299430829007577,0.372206726596948,-1.02895601313759,0.430094355122441
opened_cohort,important_degree_top3,rolling5,exact1,nevertreated,pc_score,collaboration_pc_score,low,downstream_outcomes,overall_new_release_count,TRUE,sa,10,-0.495512614413548,0.70376369970737,-1.87488946583999,0.883864237012897
opened_cohort,important_degree_top3,rolling5,exact1,nevertreated,pc_score,collaboration_pc_score,low,downstream_outcomes,overall_new_release_count,TRUE,sa,11,-1.06496397304156,0.624488244635286,-2.28896093252672,0.159032986443601
opened_cohort,important_degree_top3,rolling5,exact1,nevertreated,pc_score,collaboration_pc_score,high,downstream_outcomes,overall_new_release_count,TRUE,sa,-15,-0.435478254430415,0.252774857435846,-0.930916975004673,0.0599604661438445
opened_cohort,important_degree_top3,rolling5,exact1,nevertreated,pc_score,collaboration_pc_score,high,downstream_outcomes,overall_new_release_count,TRUE,sa,-14,-0.0540365251612395,0.230685974131576,-0.506181034459129,0.39810798413665
opened_cohort,important_degree_top3,rolling5,exact1,nevertreated,pc_score,collaboration_pc_score,high,downstream_outcomes,overall_new_release_count,TRUE,sa,-13,-0.0840554292607587,0.224982370203596,-0.525020874859806,0.356910016338289
opened_cohort,important_degree_top3,rolling5,exact1,nevertreated,pc_score,collaboration_pc_score,high,downstream_outcomes,overall_new_release_count,TRUE,sa,-12,-0.201355846166873,0.195340887236838,-0.584223985151075,0.181512292817329
opened_cohort,important_degree_top3,rolling5,exact1,nevertreated,pc_score,collaboration_pc_score,high,downstream_outcomes,overall_new_release_count,TRUE,sa,-11,-0.0969644563633637,0.190427067455398,-0.470201508575943,0.276272595849215
opened_cohort,important_degree_top3,rolling5,exact1,nevertreated,pc_score,collaboration_pc_score,high,downstream_outcomes,overall_new_release_count,TRUE,sa,-10,-0.00386877095114799,0.182420962352134,-0.361413857161331,0.353676315259035
opened_cohort,important_degree_top3,rolling5,exact1,nevertreated,pc_score,collaboration_pc_score,high,downstream_outcomes,overall_new_release_count,TRUE,sa,-9,0.00722195548487423,0.174439714576783,-0.33467988508562,0.349123796055368
opened_cohort,important_degree_top3,rolling5,exact1,nevertreated,pc_score,collaboration_pc_score,high,downstream_outcomes,overall_new_release_count,TRUE,sa,-8,0.0365322394741056,0.164722627542823,-0.286324110509827,0.359388589458038
opened_cohort,important_degree_top3,rolling5,exact1,nevertreated,pc_score,collaboration_pc_score,high,downstream_outcomes,overall_new_release_count,TRUE,sa,-7,0.355026059825278,0.311969272067932,-0.256433713427868,0.966485833078424
opened_cohort,important_degree_top3,rolling5,exact1,nevertreated,pc_score,collaboration_pc_score,high,downstream_outcomes,overall_new_release_count,TRUE,sa,-6,0.266936839608322,0.286066325556067,-0.293753158481568,0.827626837698213
opened_cohort,important_degree_top3,rolling5,exact1,nevertreated,pc_score,collaboration_pc_score,high,downstream_outcomes,overall_new_release_count,TRUE,sa,-5,-0.433753720886768,0.181519356283543,-0.789531659202513,-0.0779757825710231
opened_cohort,important_degree_top3,rolling5,exact1,nevertreated,pc_score,collaboration_pc_score,high,downstream_outcomes,overall_new_release_count,TRUE,sa,-4,-0.475230644105511,0.176432973949257,-0.821039273046056,-0.129422015164967
opened_cohort,important_degree_top3,rolling5,exact1,nevertreated,pc_score,collaboration_pc_score,high,downstream_outcomes,overall_new_release_count,TRUE,sa,-3,-0.366621573114551,0.1860396793497,-0.731259344639963,-0.00198380158913841
opened_cohort,important_degree_top3,rolling5,exact1,nevertreated,pc_score,collaboration_pc_score,high,downstream_outcomes,overall_new_release_count,TRUE,sa,-2,-0.295576190758446,0.187819436350192,-0.663702286004823,0.072549904487931
opened_cohort,important_degree_top3,rolling5,exact1,nevertreated,pc_score,collaboration_pc_score,high,downstream_outcomes,overall_new_release_count,TRUE,sa,-1,0,0,0,0
opened_cohort,important_degree_top3,rolling5,exact1,nevertreated,pc_score,collaboration_pc_score,high,downstream_outcomes,overall_new_release_count,TRUE,sa,0,-0.321941760428389,0.200738959016396,-0.715390120100525,0.0715065992437471
opened_cohort,important_degree_top3,rolling5,exact1,nevertreated,pc_score,collaboration_pc_score,high,downstream_outcomes,overall_new_release_count,TRUE,sa,1,-0.411177703377783,0.251145817957944,-0.903423506575352,0.0810680998197869
opened_cohort,important_degree_top3,rolling5,exact1,nevertreated,pc_score,collaboration_pc_score,high,downstream_outcomes,overall_new_release_count,TRUE,sa,2,-0.875230778427886,0.15586000801453,-1.18071639413637,-0.569745162719407
opened_cohort,important_degree_top3,rolling5,exact1,nevertreated,pc_score,collaboration_pc_score,high,downstream_outcomes,overall_new_release_count,TRUE,sa,3,-0.891656618475853,0.180911829043743,-1.24624380340159,-0.537069433550117
opened_cohort,important_degree_top3,rolling5,exact1,nevertreated,pc_score,collaboration_pc_score,high,downstream_outcomes,overall_new_release_count,TRUE,sa,4,-0.673237490707162,0.255078615066916,-1.17319157623832,-0.173283405176006
opened_cohort,important_degree_top3,rolling5,exact1,nevertreated,pc_score,collaboration_pc_score,high,downstream_outcomes,overall_new_release_count,TRUE,sa,5,-0.7647037462786,0.238737246998122,-1.23262875039492,-0.296778742162281
opened_cohort,important_degree_top3,rolling5,exact1,nevertreated,pc_score,collaboration_pc_score,high,downstream_outcomes,overall_new_release_count,TRUE,sa,6,-0.794266498698602,0.274879547831049,-1.33303041244746,-0.255502584949747
opened_cohort,important_degree_top3,rolling5,exact1,nevertreated,pc_score,collaboration_pc_score,high,downstream_outcomes,overall_new_release_count,TRUE,sa,7,-0.950778882253842,0.262629411429732,-1.46553252865612,-0.436025235851567
opened_cohort,important_degree_top3,rolling5,exact1,nevertreated,pc_score,collaboration_pc_score,high,downstream_outcomes,overall_new_release_count,TRUE,sa,8,-1.05415293957488,0.300491611694534,-1.64311649849617,-0.465189380653598
opened_cohort,important_degree_top3,rolling5,exact1,nevertreated,pc_score,collaboration_pc_score,high,downstream_outcomes,overall_new_release_count,TRUE,sa,9,-0.838232098637764,0.43564465159027,-1.69209561575469,0.015631418479166
opened_cohort,important_degree_top3,rolling5,exact1,nevertreated,pc_score,collaboration_pc_score,high,downstream_outcomes,overall_new_release_count,TRUE,sa,10,-0.896617291365141,0.428622715156675,-1.73671781307222,-0.0565167696580584
opened_cohort,important_degree_top3,rolling5,exact1,nevertreated,pc_score,collaboration_pc_score,high,downstream_outcomes,overall_new_release_count,TRUE,sa,11,-1.8210072848214,0.244679931450521,-2.30057995046442,-1.34143461917838
opened_cohort,important_degree_top3,rolling5,exact1,nevertreated,pc_score,knowledge_level_pc_score,low,downstream_outcomes,overall_new_release_count,TRUE,sa,-15,-0.0840972873788899,0.296785173267499,-0.665796226983187,0.497601652225407
opened_cohort,important_degree_top3,rolling5,exact1,nevertreated,pc_score,knowledge_level_pc_score,low,downstream_outcomes,overall_new_release_count,TRUE,sa,-14,0.133813107130687,0.300022742793513,-0.454231468744599,0.721857683005973
opened_cohort,important_degree_top3,rolling5,exact1,nevertreated,pc_score,knowledge_level_pc_score,low,downstream_outcomes,overall_new_release_count,TRUE,sa,-13,0.0867852782111577,0.293885982665052,-0.489231247812344,0.662801804234659
opened_cohort,important_degree_top3,rolling5,exact1,nevertreated,pc_score,knowledge_level_pc_score,low,downstream_outcomes,overall_new_release_count,TRUE,sa,-12,0.1230645765408,0.227878763373867,-0.323577799671979,0.569706952753578
opened_cohort,important_degree_top3,rolling5,exact1,nevertreated,pc_score,knowledge_level_pc_score,low,downstream_outcomes,overall_new_release_count,TRUE,sa,-11,0.194842152135074,0.195907563757552,-0.189136672829727,0.578820977099876
opened_cohort,important_degree_top3,rolling5,exact1,nevertreated,pc_score,knowledge_level_pc_score,low,downstream_outcomes,overall_new_release_count,TRUE,sa,-10,0.244666249936261,0.187517017304874,-0.122867103981292,0.612199603853814
opened_cohort,important_degree_top3,rolling5,exact1,nevertreated,pc_score,knowledge_level_pc_score,low,downstream_outcomes,overall_new_release_count,TRUE,sa,-9,0.174155109306643,0.163643024365574,-0.146585218449883,0.494895437063169
opened_cohort,important_degree_top3,rolling5,exact1,nevertreated,pc_score,knowledge_level_pc_score,low,downstream_outcomes,overall_new_release_count,TRUE,sa,-8,0.153314599761662,0.1531731616152,-0.14690479700413,0.453533996527454
opened_cohort,important_degree_top3,rolling5,exact1,nevertreated,pc_score,knowledge_level_pc_score,low,downstream_outcomes,overall_new_release_count,TRUE,sa,-7,0.0485606889371244,0.182618712010782,-0.309371986604008,0.406493364478257
opened_cohort,important_degree_top3,rolling5,exact1,nevertreated,pc_score,knowledge_level_pc_score,low,downstream_outcomes,overall_new_release_count,TRUE,sa,-6,-0.0834234752747699,0.165717505161537,-0.408229785391383,0.241382834841843
opened_cohort,important_degree_top3,rolling5,exact1,nevertreated,pc_score,knowledge_level_pc_score,low,downstream_outcomes,overall_new_release_count,TRUE,sa,-5,-0.190519154677667,0.150533233356631,-0.485564292056663,0.104525982701329
opened_cohort,important_degree_top3,rolling5,exact1,nevertreated,pc_score,knowledge_level_pc_score,low,downstream_outcomes,overall_new_release_count,TRUE,sa,-4,-0.285171522852379,0.162758515299276,-0.604178212838959,0.0338351671342008
opened_cohort,important_degree_top3,rolling5,exact1,nevertreated,pc_score,knowledge_level_pc_score,low,downstream_outcomes,overall_new_release_count,TRUE,sa,-3,-0.126583152750839,0.175937973798817,-0.47142158139652,0.218255275894842
opened_cohort,important_degree_top3,rolling5,exact1,nevertreated,pc_score,knowledge_level_pc_score,low,downstream_outcomes,overall_new_release_count,TRUE,sa,-2,-0.0567748970520595,0.159455199553101,-0.369307088176137,0.255757294072018
opened_cohort,important_degree_top3,rolling5,exact1,nevertreated,pc_score,knowledge_level_pc_score,low,downstream_outcomes,overall_new_release_count,TRUE,sa,-1,0,0,0,0
opened_cohort,important_degree_top3,rolling5,exact1,nevertreated,pc_score,knowledge_level_pc_score,low,downstream_outcomes,overall_new_release_count,TRUE,sa,0,0.00671282530248951,0.190954783362276,-0.367558550087571,0.38098420069255
opened_cohort,important_degree_top3,rolling5,exact1,nevertreated,pc_score,knowledge_level_pc_score,low,downstream_outcomes,overall_new_release_count,TRUE,sa,1,-0.308947758518129,0.21267811586244,-0.725796865608512,0.107901348572253
opened_cohort,important_degree_top3,rolling5,exact1,nevertreated,pc_score,knowledge_level_pc_score,low,downstream_outcomes,overall_new_release_count,TRUE,sa,2,-0.604383341160351,0.152489056908518,-0.903261892701046,-0.305504789619656
opened_cohort,important_degree_top3,rolling5,exact1,nevertreated,pc_score,knowledge_level_pc_score,low,downstream_outcomes,overall_new_release_count,TRUE,sa,3,-0.602420512926597,0.179366521375924,-0.953978894823408,-0.250862131029786
opened_cohort,important_degree_top3,rolling5,exact1,nevertreated,pc_score,knowledge_level_pc_score,low,downstream_outcomes,overall_new_release_count,TRUE,sa,4,-0.510728851701931,0.238596498017851,-0.978377987816918,-0.0430797155869442
opened_cohort,important_degree_top3,rolling5,exact1,nevertreated,pc_score,knowledge_level_pc_score,low,downstream_outcomes,overall_new_release_count,TRUE,sa,5,-0.722452446932752,0.213133658216934,-1.14019441703794,-0.304710476827562
opened_cohort,important_degree_top3,rolling5,exact1,nevertreated,pc_score,knowledge_level_pc_score,low,downstream_outcomes,overall_new_release_count,TRUE,sa,6,-0.861200213141381,0.254870401940722,-1.3607462009452,-0.361654225337566
opened_cohort,important_degree_top3,rolling5,exact1,nevertreated,pc_score,knowledge_level_pc_score,low,downstream_outcomes,overall_new_release_count,TRUE,sa,7,-0.849725592096662,0.266080916407885,-1.37124418825612,-0.328206995937208
opened_cohort,important_degree_top3,rolling5,exact1,nevertreated,pc_score,knowledge_level_pc_score,low,downstream_outcomes,overall_new_release_count,TRUE,sa,8,-0.75345930957305,0.297153951665684,-1.33588105483779,-0.17103756430831
opened_cohort,important_degree_top3,rolling5,exact1,nevertreated,pc_score,knowledge_level_pc_score,low,downstream_outcomes,overall_new_release_count,TRUE,sa,9,-0.782016915120768,0.369323646963397,-1.50589126316903,-0.0581425670725109
opened_cohort,important_degree_top3,rolling5,exact1,nevertreated,pc_score,knowledge_level_pc_score,low,downstream_outcomes,overall_new_release_count,TRUE,sa,10,-1.433433376924,0.410862621800945,-2.23872411565385,-0.628142638194144
opened_cohort,important_degree_top3,rolling5,exact1,nevertreated,pc_score,knowledge_level_pc_score,low,downstream_outcomes,overall_new_release_count,TRUE,sa,11,0.00981842591699991,0.788021203034241,-1.53470313203011,1.55433998386411
opened_cohort,important_degree_top3,rolling5,exact1,nevertreated,pc_score,knowledge_level_pc_score,high,downstream_outcomes,overall_new_release_count,TRUE,sa,-15,-0.302686288458002,0.243969581178932,-0.780866667568708,0.175494090652705
opened_cohort,important_degree_top3,rolling5,exact1,nevertreated,pc_score,knowledge_level_pc_score,high,downstream_outcomes,overall_new_release_count,TRUE,sa,-14,-0.229586494622831,0.24540083904057,-0.710572139142347,0.251399149896686
opened_cohort,important_degree_top3,rolling5,exact1,nevertreated,pc_score,knowledge_level_pc_score,high,downstream_outcomes,overall_new_release_count,TRUE,sa,-13,0.098000094814558,0.217839159519675,-0.328964657844004,0.52496484747312
opened_cohort,important_degree_top3,rolling5,exact1,nevertreated,pc_score,knowledge_level_pc_score,high,downstream_outcomes,overall_new_release_count,TRUE,sa,-12,0.360082662186932,0.192830565270272,-0.0178652457428016,0.738030570116665
opened_cohort,important_degree_top3,rolling5,exact1,nevertreated,pc_score,knowledge_level_pc_score,high,downstream_outcomes,overall_new_release_count,TRUE,sa,-11,0.276163441711742,0.178286675618483,-0.0732784425004849,0.62560532592397
opened_cohort,important_degree_top3,rolling5,exact1,nevertreated,pc_score,knowledge_level_pc_score,high,downstream_outcomes,overall_new_release_count,TRUE,sa,-10,0.0570413212847629,0.250454657462835,-0.433849807342394,0.54793244991192
opened_cohort,important_degree_top3,rolling5,exact1,nevertreated,pc_score,knowledge_level_pc_score,high,downstream_outcomes,overall_new_release_count,TRUE,sa,-9,0.0199907798098821,0.212662323010674,-0.396827373291039,0.436808932910803
opened_cohort,important_degree_top3,rolling5,exact1,nevertreated,pc_score,knowledge_level_pc_score,high,downstream_outcomes,overall_new_release_count,TRUE,sa,-8,0.218521181408385,0.191887223329231,-0.157577776316907,0.594620139133678
opened_cohort,important_degree_top3,rolling5,exact1,nevertreated,pc_score,knowledge_level_pc_score,high,downstream_outcomes,overall_new_release_count,TRUE,sa,-7,0.377598615991695,0.313189703153763,-0.23625320218968,0.991450434173071
opened_cohort,important_degree_top3,rolling5,exact1,nevertreated,pc_score,knowledge_level_pc_score,high,downstream_outcomes,overall_new_release_count,TRUE,sa,-6,0.486590139918843,0.263108788342105,-0.0291030852316815,1.00228336506937
opened_cohort,important_degree_top3,rolling5,exact1,nevertreated,pc_score,knowledge_level_pc_score,high,downstream_outcomes,overall_new_release_count,TRUE,sa,-5,-0.0434675005159948,0.172190108935622,-0.380960114029815,0.294025112997825
opened_cohort,important_degree_top3,rolling5,exact1,nevertreated,pc_score,knowledge_level_pc_score,high,downstream_outcomes,overall_new_release_count,TRUE,sa,-4,-0.105815616587874,0.155783040112363,-0.411150375208104,0.199519142032357
opened_cohort,important_degree_top3,rolling5,exact1,nevertreated,pc_score,knowledge_level_pc_score,high,downstream_outcomes,overall_new_release_count,TRUE,sa,-3,-0.0934614371831035,0.175922170867802,-0.438268892083995,0.251346017717788
opened_cohort,important_degree_top3,rolling5,exact1,nevertreated,pc_score,knowledge_level_pc_score,high,downstream_outcomes,overall_new_release_count,TRUE,sa,-2,-0.0668870396982463,0.163471395874383,-0.387290975612037,0.253516896215544
opened_cohort,important_degree_top3,rolling5,exact1,nevertreated,pc_score,knowledge_level_pc_score,high,downstream_outcomes,overall_new_release_count,TRUE,sa,-1,0,0,0,0
opened_cohort,important_degree_top3,rolling5,exact1,nevertreated,pc_score,knowledge_level_pc_score,high,downstream_outcomes,overall_new_release_count,TRUE,sa,0,0.0275004497200999,0.304413850334956,-0.569150696936413,0.624151596376613
opened_cohort,important_degree_top3,rolling5,exact1,nevertreated,pc_score,knowledge_level_pc_score,high,downstream_outcomes,overall_new_release_count,TRUE,sa,1,-0.592307413224883,0.139423102067275,-0.865576693276743,-0.319038133173023
opened_cohort,important_degree_top3,rolling5,exact1,nevertreated,pc_score,knowledge_level_pc_score,high,downstream_outcomes,overall_new_release_count,TRUE,sa,2,-0.628918321803371,0.143995608682893,-0.911149714821841,-0.346686928784902
opened_cohort,important_degree_top3,rolling5,exact1,nevertreated,pc_score,knowledge_level_pc_score,high,downstream_outcomes,overall_new_release_count,TRUE,sa,3,-0.422419617097843,0.21974545663753,-0.853120712107403,0.00828147791171663
opened_cohort,important_degree_top3,rolling5,exact1,nevertreated,pc_score,knowledge_level_pc_score,high,downstream_outcomes,overall_new_release_count,TRUE,sa,4,0.22342111309233,0.570347220389878,-0.894459438871831,1.34130166505649
opened_cohort,important_degree_top3,rolling5,exact1,nevertreated,pc_score,knowledge_level_pc_score,high,downstream_outcomes,overall_new_release_count,TRUE,sa,5,0.0591725781775553,0.532924226100315,-0.985358904979062,1.10370406133417
opened_cohort,important_degree_top3,rolling5,exact1,nevertreated,pc_score,knowledge_level_pc_score,high,downstream_outcomes,overall_new_release_count,TRUE,sa,6,-0.107562408756229,0.200339917946889,-0.500228647932133,0.285103830419674
opened_cohort,important_degree_top3,rolling5,exact1,nevertreated,pc_score,knowledge_level_pc_score,high,downstream_outcomes,overall_new_release_count,TRUE,sa,7,-0.210706702130971,0.207674333600074,-0.617748395987117,0.196334991725175
opened_cohort,important_degree_top3,rolling5,exact1,nevertreated,pc_score,knowledge_level_pc_score,high,downstream_outcomes,overall_new_release_count,TRUE,sa,8,-0.353465761856223,0.23869410711927,-0.821306211809992,0.114374688097545
opened_cohort,important_degree_top3,rolling5,exact1,nevertreated,pc_score,knowledge_level_pc_score,high,downstream_outcomes,overall_new_release_count,TRUE,sa,9,-0.295200666168968,0.436328747783018,-1.15040501182368,0.560003679485748
opened_cohort,important_degree_top3,rolling5,exact1,nevertreated,pc_score,knowledge_level_pc_score,high,downstream_outcomes,overall_new_release_count,TRUE,sa,10,-0.0673225078788359,0.709029526484497,-1.45702037978845,1.32237536403078
opened_cohort,important_degree_top3,rolling5,exact1,nevertreated,pc_score,knowledge_level_pc_score,high,downstream_outcomes,overall_new_release_count,TRUE,sa,11,-1.55489748819631,0.207313687850747,-1.96123231638377,-1.14856266000885
opened_cohort,important_degree_top3,rolling5,exact1,nevertreated,pc_score,discussion_quality_pc_score,low,downstream_outcomes,overall_new_release_count,TRUE,sa,-15,0.116787850211231,0.360471426321962,-0.589736145379813,0.823311845802276
opened_cohort,important_degree_top3,rolling5,exact1,nevertreated,pc_score,discussion_quality_pc_score,low,downstream_outcomes,overall_new_release_count,TRUE,sa,-14,0.0430764491101392,0.345634288805854,-0.634366756949334,0.720519655169612
opened_cohort,important_degree_top3,rolling5,exact1,nevertreated,pc_score,discussion_quality_pc_score,low,downstream_outcomes,overall_new_release_count,TRUE,sa,-13,0.212468440693782,0.288108054636502,-0.352223346393761,0.777160227781325
opened_cohort,important_degree_top3,rolling5,exact1,nevertreated,pc_score,discussion_quality_pc_score,low,downstream_outcomes,overall_new_release_count,TRUE,sa,-12,0.33098895463445,0.257271876044017,-0.173263922411824,0.835241831680723
opened_cohort,important_degree_top3,rolling5,exact1,nevertreated,pc_score,discussion_quality_pc_score,low,downstream_outcomes,overall_new_release_count,TRUE,sa,-11,0.247157584287723,0.22565737854876,-0.195130877667847,0.689446046243292
opened_cohort,important_degree_top3,rolling5,exact1,nevertreated,pc_score,discussion_quality_pc_score,low,downstream_outcomes,overall_new_release_count,TRUE,sa,-10,-0.00566374961327083,0.203907011628688,-0.405321492405499,0.393993993178957
opened_cohort,important_degree_top3,rolling5,exact1,nevertreated,pc_score,discussion_quality_pc_score,low,downstream_outcomes,overall_new_release_count,TRUE,sa,-9,-0.0593809889854261,0.183112369469398,-0.418281233145446,0.299519255174593
opened_cohort,important_degree_top3,rolling5,exact1,nevertreated,pc_score,discussion_quality_pc_score,low,downstream_outcomes,overall_new_release_count,TRUE,sa,-8,0.0101951539215785,0.172051993646459,-0.327026753625481,0.347417061468638
opened_cohort,important_degree_top3,rolling5,exact1,nevertreated,pc_score,discussion_quality_pc_score,low,downstream_outcomes,overall_new_release_count,TRUE,sa,-7,0.0509197147388565,0.279253565467963,-0.496417273578352,0.598256703056065
opened_cohort,important_degree_top3,rolling5,exact1,nevertreated,pc_score,discussion_quality_pc_score,low,downstream_outcomes,overall_new_release_count,TRUE,sa,-6,0.0498563805719806,0.24733298840073,-0.43491627669345,0.534629037837412
opened_cohort,important_degree_top3,rolling5,exact1,nevertreated,pc_score,discussion_quality_pc_score,low,downstream_outcomes,overall_new_release_count,TRUE,sa,-5,-0.137927657257535,0.170348392345247,-0.471810506254219,0.195955191739149
opened_cohort,important_degree_top3,rolling5,exact1,nevertreated,pc_score,discussion_quality_pc_score,low,downstream_outcomes,overall_new_release_count,TRUE,sa,-4,-0.366858676290369,0.149589681118244,-0.660054451282128,-0.0736629012986104
opened_cohort,important_degree_top3,rolling5,exact1,nevertreated,pc_score,discussion_quality_pc_score,low,downstream_outcomes,overall_new_release_count,TRUE,sa,-3,-0.271340866740406,0.154345321171615,-0.573857696236772,0.0311759627559601
opened_cohort,important_degree_top3,rolling5,exact1,nevertreated,pc_score,discussion_quality_pc_score,low,downstream_outcomes,overall_new_release_count,TRUE,sa,-2,-0.180834014932329,0.150280322187248,-0.475383446419335,0.113715416554676
opened_cohort,important_degree_top3,rolling5,exact1,nevertreated,pc_score,discussion_quality_pc_score,low,downstream_outcomes,overall_new_release_count,TRUE,sa,-1,0,0,0,0
opened_cohort,important_degree_top3,rolling5,exact1,nevertreated,pc_score,discussion_quality_pc_score,low,downstream_outcomes,overall_new_release_count,TRUE,sa,0,0.235462642988215,0.283754791416359,-0.320696748187848,0.791622034164278
opened_cohort,important_degree_top3,rolling5,exact1,nevertreated,pc_score,discussion_quality_pc_score,low,downstream_outcomes,overall_new_release_count,TRUE,sa,1,-0.457295788251549,0.186172683688423,-0.822194248280859,-0.0923973282222386
opened_cohort,important_degree_top3,rolling5,exact1,nevertreated,pc_score,discussion_quality_pc_score,low,downstream_outcomes,overall_new_release_count,TRUE,sa,2,-0.577490322542909,0.166014727642243,-0.902879188721705,-0.252101456364114
opened_cohort,important_degree_top3,rolling5,exact1,nevertreated,pc_score,discussion_quality_pc_score,low,downstream_outcomes,overall_new_release_count,TRUE,sa,3,-0.504354318483316,0.219727751842073,-0.935020712093779,-0.0736879248728529
opened_cohort,important_degree_top3,rolling5,exact1,nevertreated,pc_score,discussion_quality_pc_score,low,downstream_outcomes,overall_new_release_count,TRUE,sa,4,-0.19459392938897,0.481942855975525,-1.139201927101,0.750014068323059
opened_cohort,important_degree_top3,rolling5,exact1,nevertreated,pc_score,discussion_quality_pc_score,low,downstream_outcomes,overall_new_release_count,TRUE,sa,5,-0.496158589924009,0.450372878485992,-1.37888943175655,0.386572251908536
opened_cohort,important_degree_top3,rolling5,exact1,nevertreated,pc_score,discussion_quality_pc_score,low,downstream_outcomes,overall_new_release_count,TRUE,sa,6,-0.818797195752883,0.24463148070662,-1.29827489793786,-0.339319493567908
opened_cohort,important_degree_top3,rolling5,exact1,nevertreated,pc_score,discussion_quality_pc_score,low,downstream_outcomes,overall_new_release_count,TRUE,sa,7,-0.682926821565927,0.249907579993215,-1.17274567835263,-0.193107964779225
opened_cohort,important_degree_top3,rolling5,exact1,nevertreated,pc_score,discussion_quality_pc_score,low,downstream_outcomes,overall_new_release_count,TRUE,sa,8,-0.727679707007689,0.310713161472567,-1.33667750349392,-0.118681910521457
opened_cohort,important_degree_top3,rolling5,exact1,nevertreated,pc_score,discussion_quality_pc_score,low,downstream_outcomes,overall_new_release_count,TRUE,sa,9,-1.15704139634887,0.358900051474681,-1.86048549723924,-0.453597295458496
opened_cohort,important_degree_top3,rolling5,exact1,nevertreated,pc_score,discussion_quality_pc_score,low,downstream_outcomes,overall_new_release_count,TRUE,sa,10,-0.5513735590213,0.753785276719035,-2.02879270139061,0.926045583348008
opened_cohort,important_degree_top3,rolling5,exact1,nevertreated,pc_score,discussion_quality_pc_score,low,downstream_outcomes,overall_new_release_count,TRUE,sa,11,-1.12584144951979,0.6324092000614,-2.36536348164013,0.113680582600556
opened_cohort,important_degree_top3,rolling5,exact1,nevertreated,pc_score,discussion_quality_pc_score,high,downstream_outcomes,overall_new_release_count,TRUE,sa,-15,-0.159785297980577,0.248398458209624,-0.646646276071439,0.327075680110286
opened_cohort,important_degree_top3,rolling5,exact1,nevertreated,pc_score,discussion_quality_pc_score,high,downstream_outcomes,overall_new_release_count,TRUE,sa,-14,0.318365759622019,0.267781131594508,-0.206485258303217,0.843216777547255
opened_cohort,important_degree_top3,rolling5,exact1,nevertreated,pc_score,discussion_quality_pc_score,high,downstream_outcomes,overall_new_release_count,TRUE,sa,-13,0.308901076669043,0.265054827367182,-0.210606384970634,0.82840853830872
opened_cohort,important_degree_top3,rolling5,exact1,nevertreated,pc_score,discussion_quality_pc_score,high,downstream_outcomes,overall_new_release_count,TRUE,sa,-12,0.300894383145074,0.220028268857255,-0.130361023815147,0.732149790105294
opened_cohort,important_degree_top3,rolling5,exact1,nevertreated,pc_score,discussion_quality_pc_score,high,downstream_outcomes,overall_new_release_count,TRUE,sa,-11,0.354058327897093,0.205245662031205,-0.048223169684068,0.756339825478255
opened_cohort,important_degree_top3,rolling5,exact1,nevertreated,pc_score,discussion_quality_pc_score,high,downstream_outcomes,overall_new_release_count,TRUE,sa,-10,0.445451007261806,0.201274982394729,0.0509520417681376,0.839949972755474
opened_cohort,important_degree_top3,rolling5,exact1,nevertreated,pc_score,discussion_quality_pc_score,high,downstream_outcomes,overall_new_release_count,TRUE,sa,-9,0.372713381134582,0.178289348118306,0.0232662588227017,0.722160503446462
opened_cohort,important_degree_top3,rolling5,exact1,nevertreated,pc_score,discussion_quality_pc_score,high,downstream_outcomes,overall_new_release_count,TRUE,sa,-8,0.351793331496633,0.164733404166339,0.0289158593306085,0.674670803662658
opened_cohort,important_degree_top3,rolling5,exact1,nevertreated,pc_score,discussion_quality_pc_score,high,downstream_outcomes,overall_new_release_count,TRUE,sa,-7,0.621579661795423,0.284047458334832,0.0648466434591526,1.17831268013169
opened_cohort,important_degree_top3,rolling5,exact1,nevertreated,pc_score,discussion_quality_pc_score,high,downstream_outcomes,overall_new_release_count,TRUE,sa,-6,0.530092805297119,0.234468883912495,0.0705337928286282,0.989651817765609
opened_cohort,important_degree_top3,rolling5,exact1,nevertreated,pc_score,discussion_quality_pc_score,high,downstream_outcomes,overall_new_release_count,TRUE,sa,-5,0.0151799782162969,0.1550321165722,-0.288682970265215,0.319042926697809
opened_cohort,important_degree_top3,rolling5,exact1,nevertreated,pc_score,discussion_quality_pc_score,high,downstream_outcomes,overall_new_release_count,TRUE,sa,-4,0.0471459003989582,0.188216134936663,-0.321757724076902,0.416049524874818
opened_cohort,important_degree_top3,rolling5,exact1,nevertreated,pc_score,discussion_quality_pc_score,high,downstream_outcomes,overall_new_release_count,TRUE,sa,-3,0.158193019857426,0.198506180639756,-0.230879094196497,0.547265133911349
opened_cohort,important_degree_top3,rolling5,exact1,nevertreated,pc_score,discussion_quality_pc_score,high,downstream_outcomes,overall_new_release_count,TRUE,sa,-2,0.128288584396996,0.178527459690564,-0.22162523659651,0.478202405390502
opened_cohort,important_degree_top3,rolling5,exact1,nevertreated,pc_score,discussion_quality_pc_score,high,downstream_outcomes,overall_new_release_count,TRUE,sa,-1,0,0,0,0
opened_cohort,important_degree_top3,rolling5,exact1,nevertreated,pc_score,discussion_quality_pc_score,high,downstream_outcomes,overall_new_release_count,TRUE,sa,0,-0.122579501941143,0.174800669530788,-0.465188814221488,0.220029810339202
opened_cohort,important_degree_top3,rolling5,exact1,nevertreated,pc_score,discussion_quality_pc_score,high,downstream_outcomes,overall_new_release_count,TRUE,sa,1,-0.430118299573857,0.196444573232126,-0.815149663108824,-0.0450869360388894
opened_cohort,important_degree_top3,rolling5,exact1,nevertreated,pc_score,discussion_quality_pc_score,high,downstream_outcomes,overall_new_release_count,TRUE,sa,2,-0.576771007800254,0.161142874198863,-0.892611041230026,-0.260930974370483
opened_cohort,important_degree_top3,rolling5,exact1,nevertreated,pc_score,discussion_quality_pc_score,high,downstream_outcomes,overall_new_release_count,TRUE,sa,3,-0.501244419136992,0.178072794225169,-0.850267095818324,-0.152221742455661
opened_cohort,important_degree_top3,rolling5,exact1,nevertreated,pc_score,discussion_quality_pc_score,high,downstream_outcomes,overall_new_release_count,TRUE,sa,4,-0.201523941830232,0.228900472279823,-0.650168867498686,0.247120983838222
opened_cohort,important_degree_top3,rolling5,exact1,nevertreated,pc_score,discussion_quality_pc_score,high,downstream_outcomes,overall_new_release_count,TRUE,sa,5,-0.267790143679511,0.210431870183758,-0.680236609239677,0.144656321880654
opened_cohort,important_degree_top3,rolling5,exact1,nevertreated,pc_score,discussion_quality_pc_score,high,downstream_outcomes,overall_new_release_count,TRUE,sa,6,-0.282109028018529,0.232029499201098,-0.736886846452681,0.172668790415624
opened_cohort,important_degree_top3,rolling5,exact1,nevertreated,pc_score,discussion_quality_pc_score,high,downstream_outcomes,overall_new_release_count,TRUE,sa,7,-0.322801811512039,0.25589187631058,-0.824349889080775,0.178746266056697
opened_cohort,important_degree_top3,rolling5,exact1,nevertreated,pc_score,discussion_quality_pc_score,high,downstream_outcomes,overall_new_release_count,TRUE,sa,8,-0.366218193915955,0.269274760086469,-0.893996723685435,0.161560335853525
opened_cohort,important_degree_top3,rolling5,exact1,nevertreated,pc_score,discussion_quality_pc_score,high,downstream_outcomes,overall_new_release_count,TRUE,sa,9,0.12130479585478,0.407397379752297,-0.677194068459722,0.919803660169282
opened_cohort,important_degree_top3,rolling5,exact1,nevertreated,pc_score,discussion_quality_pc_score,high,downstream_outcomes,overall_new_release_count,TRUE,sa,10,-0.610495039764601,0.241484562084674,-1.08380478145056,-0.13718529807864
opened_cohort,important_degree_top3,rolling5,exact1,nevertreated,pc_score,discussion_quality_pc_score,high,downstream_outcomes,overall_new_release_count,TRUE,sa,11,-1.95089560167603,0.244746276988262,-2.43059830457303,-1.47119289877904
opened_cohort,important_degree_top3,rolling5,exact1,nevertreated,pc_score,investment_in_new_talent_pc_score,low,downstream_outcomes,overall_new_release_count,TRUE,sa,-15,0.0904955380662209,0.27156195233949,-0.44176588851918,0.622756964651622
opened_cohort,important_degree_top3,rolling5,exact1,nevertreated,pc_score,investment_in_new_talent_pc_score,low,downstream_outcomes,overall_new_release_count,TRUE,sa,-14,0.297097643223329,0.278830015102887,-0.24940918637833,0.843604472824988
opened_cohort,important_degree_top3,rolling5,exact1,nevertreated,pc_score,investment_in_new_talent_pc_score,low,downstream_outcomes,overall_new_release_count,TRUE,sa,-13,0.463310355898729,0.222487172143214,0.0272354984980296,0.899385213299429
opened_cohort,important_degree_top3,rolling5,exact1,nevertreated,pc_score,investment_in_new_talent_pc_score,low,downstream_outcomes,overall_new_release_count,TRUE,sa,-12,0.542661569834166,0.199891529035714,0.150874172924167,0.934448966744164
opened_cohort,important_degree_top3,rolling5,exact1,nevertreated,pc_score,investment_in_new_talent_pc_score,low,downstream_outcomes,overall_new_release_count,TRUE,sa,-11,0.410234278627123,0.186521188256115,0.0446527496451373,0.77581580760911
opened_cohort,important_degree_top3,rolling5,exact1,nevertreated,pc_score,investment_in_new_talent_pc_score,low,downstream_outcomes,overall_new_release_count,TRUE,sa,-10,0.199033784589932,0.212978544080551,-0.218404161807949,0.616471730987812
opened_cohort,important_degree_top3,rolling5,exact1,nevertreated,pc_score,investment_in_new_talent_pc_score,low,downstream_outcomes,overall_new_release_count,TRUE,sa,-9,0.149046790363421,0.184971786144491,-0.213497910479782,0.511591491206625
opened_cohort,important_degree_top3,rolling5,exact1,nevertreated,pc_score,investment_in_new_talent_pc_score,low,downstream_outcomes,overall_new_release_count,TRUE,sa,-8,0.202068212717386,0.172006847593041,-0.135065208564974,0.539201633999746
opened_cohort,important_degree_top3,rolling5,exact1,nevertreated,pc_score,investment_in_new_talent_pc_score,low,downstream_outcomes,overall_new_release_count,TRUE,sa,-7,0.443631423406794,0.306295834229595,-0.156708411683213,1.0439712584968
opened_cohort,important_degree_top3,rolling5,exact1,nevertreated,pc_score,investment_in_new_talent_pc_score,low,downstream_outcomes,overall_new_release_count,TRUE,sa,-6,0.456293017155732,0.255117880869985,-0.0437380293494377,0.956324063660902
opened_cohort,important_degree_top3,rolling5,exact1,nevertreated,pc_score,investment_in_new_talent_pc_score,low,downstream_outcomes,overall_new_release_count,TRUE,sa,-5,-0.0965282044092052,0.151758124924089,-0.393974129260419,0.200917720442009
opened_cohort,important_degree_top3,rolling5,exact1,nevertreated,pc_score,investment_in_new_talent_pc_score,low,downstream_outcomes,overall_new_release_count,TRUE,sa,-4,-0.156294419581,0.157544660315401,-0.465081953799187,0.152493114637186
opened_cohort,important_degree_top3,rolling5,exact1,nevertreated,pc_score,investment_in_new_talent_pc_score,low,downstream_outcomes,overall_new_release_count,TRUE,sa,-3,0.000153792937968397,0.167339308524232,-0.327831251769526,0.328138837645463
opened_cohort,important_degree_top3,rolling5,exact1,nevertreated,pc_score,investment_in_new_talent_pc_score,low,downstream_outcomes,overall_new_release_count,TRUE,sa,-2,-0.0883308526814846,0.172507014274384,-0.426444600659277,0.249782895296308
opened_cohort,important_degree_top3,rolling5,exact1,nevertreated,pc_score,investment_in_new_talent_pc_score,low,downstream_outcomes,overall_new_release_count,TRUE,sa,-1,0,0,0,0
opened_cohort,important_degree_top3,rolling5,exact1,nevertreated,pc_score,investment_in_new_talent_pc_score,low,downstream_outcomes,overall_new_release_count,TRUE,sa,0,0.0603211383717385,0.206722203048627,-0.344854379603571,0.465496656347047
opened_cohort,important_degree_top3,rolling5,exact1,nevertreated,pc_score,investment_in_new_talent_pc_score,low,downstream_outcomes,overall_new_release_count,TRUE,sa,1,-0.429641426046424,0.182353212056164,-0.787053721676505,-0.0722291304163418
opened_cohort,important_degree_top3,rolling5,exact1,nevertreated,pc_score,investment_in_new_talent_pc_score,low,downstream_outcomes,overall_new_release_count,TRUE,sa,2,-0.44620604694672,0.156071531139808,-0.752106247980744,-0.140305845912696
opened_cohort,important_degree_top3,rolling5,exact1,nevertreated,pc_score,investment_in_new_talent_pc_score,low,downstream_outcomes,overall_new_release_count,TRUE,sa,3,-0.317806170307428,0.215457463915486,-0.740102799581781,0.104490458966925
opened_cohort,important_degree_top3,rolling5,exact1,nevertreated,pc_score,investment_in_new_talent_pc_score,low,downstream_outcomes,overall_new_release_count,TRUE,sa,4,0.258377237829683,0.506736054023018,-0.734825428055433,1.2515799037148
opened_cohort,important_degree_top3,rolling5,exact1,nevertreated,pc_score,investment_in_new_talent_pc_score,low,downstream_outcomes,overall_new_release_count,TRUE,sa,5,0.114502983672244,0.480029583064394,-0.826354999133967,1.05536096647846
opened_cohort,important_degree_top3,rolling5,exact1,nevertreated,pc_score,investment_in_new_talent_pc_score,low,downstream_outcomes,overall_new_release_count,TRUE,sa,6,-0.278423777119328,0.226847234021822,-0.7230443558021,0.166196801563443
opened_cohort,important_degree_top3,rolling5,exact1,nevertreated,pc_score,investment_in_new_talent_pc_score,low,downstream_outcomes,overall_new_release_count,TRUE,sa,7,-0.210326046383733,0.231757417343234,-0.664570584376472,0.243918491609006
opened_cohort,important_degree_top3,rolling5,exact1,nevertreated,pc_score,investment_in_new_talent_pc_score,low,downstream_outcomes,overall_new_release_count,TRUE,sa,8,-0.304782704518457,0.255072022037823,-0.80472386771259,0.195158458675675
opened_cohort,important_degree_top3,rolling5,exact1,nevertreated,pc_score,investment_in_new_talent_pc_score,low,downstream_outcomes,overall_new_release_count,TRUE,sa,9,-0.648753407932541,0.390292349862338,-1.41372641366272,0.116219597797642
opened_cohort,important_degree_top3,rolling5,exact1,nevertreated,pc_score,investment_in_new_talent_pc_score,low,downstream_outcomes,overall_new_release_count,TRUE,sa,10,0.0180005050475446,0.744070742011216,-1.44037814929444,1.47637915938953
opened_cohort,important_degree_top3,rolling5,exact1,nevertreated,pc_score,investment_in_new_talent_pc_score,low,downstream_outcomes,overall_new_release_count,TRUE,sa,11,-1.43286037685796,0.367146412793158,-2.15246734593255,-0.713253407783366
opened_cohort,important_degree_top3,rolling5,exact1,nevertreated,pc_score,investment_in_new_talent_pc_score,high,downstream_outcomes,overall_new_release_count,TRUE,sa,-15,-0.355677690169386,0.295315172011926,-0.93449542731276,0.223140046973989
opened_cohort,important_degree_top3,rolling5,exact1,nevertreated,pc_score,investment_in_new_talent_pc_score,high,downstream_outcomes,overall_new_release_count,TRUE,sa,-14,-0.0116545272021332,0.254853263641499,-0.511166923939471,0.487857869535205
opened_cohort,important_degree_top3,rolling5,exact1,nevertreated,pc_score,investment_in_new_talent_pc_score,high,downstream_outcomes,overall_new_release_count,TRUE,sa,-13,-0.0837340404109964,0.232035989950699,-0.538524580714367,0.371056499892374
opened_cohort,important_degree_top3,rolling5,exact1,nevertreated,pc_score,investment_in_new_talent_pc_score,high,downstream_outcomes,overall_new_release_count,TRUE,sa,-12,-0.0942843865690839,0.19959539366289,-0.485491358148348,0.29692258501018
opened_cohort,important_degree_top3,rolling5,exact1,nevertreated,pc_score,investment_in_new_talent_pc_score,high,downstream_outcomes,overall_new_release_count,TRUE,sa,-11,0.0337919073837319,0.180489284072475,-0.31996708939832,0.387550904165783
opened_cohort,important_degree_top3,rolling5,exact1,nevertreated,pc_score,investment_in_new_talent_pc_score,high,downstream_outcomes,overall_new_release_count,TRUE,sa,-10,0.118203431652118,0.183052322374935,-0.240579120202753,0.47698598350699
opened_cohort,important_degree_top3,rolling5,exact1,nevertreated,pc_score,investment_in_new_talent_pc_score,high,downstream_outcomes,overall_new_release_count,TRUE,sa,-9,0.051524078926294,0.165146833624834,-0.27216371497838,0.375211872830968
opened_cohort,important_degree_top3,rolling5,exact1,nevertreated,pc_score,investment_in_new_talent_pc_score,high,downstream_outcomes,overall_new_release_count,TRUE,sa,-8,0.0823740251567834,0.160276360872311,-0.231767642152945,0.396515692466512
opened_cohort,important_degree_top3,rolling5,exact1,nevertreated,pc_score,investment_in_new_talent_pc_score,high,downstream_outcomes,overall_new_release_count,TRUE,sa,-7,0.13742582649054,0.217365277986529,-0.288610118363057,0.563461771344137
opened_cohort,important_degree_top3,rolling5,exact1,nevertreated,pc_score,investment_in_new_talent_pc_score,high,downstream_outcomes,overall_new_release_count,TRUE,sa,-6,0.00307602823311043,0.204061084627734,-0.396883697637249,0.40303575410347
opened_cohort,important_degree_top3,rolling5,exact1,nevertreated,pc_score,investment_in_new_talent_pc_score,high,downstream_outcomes,overall_new_release_count,TRUE,sa,-5,-0.119936140197214,0.172461468290561,-0.457960618046713,0.218088337652285
opened_cohort,important_degree_top3,rolling5,exact1,nevertreated,pc_score,investment_in_new_talent_pc_score,high,downstream_outcomes,overall_new_release_count,TRUE,sa,-4,-0.242885450652654,0.17178920867366,-0.579592299653029,0.0938213983477202
opened_cohort,important_degree_top3,rolling5,exact1,nevertreated,pc_score,investment_in_new_talent_pc_score,high,downstream_outcomes,overall_new_release_count,TRUE,sa,-3,-0.210131219796213,0.179148868533718,-0.561263002122301,0.141000562529875
opened_cohort,important_degree_top3,rolling5,exact1,nevertreated,pc_score,investment_in_new_talent_pc_score,high,downstream_outcomes,overall_new_release_count,TRUE,sa,-2,-0.015486432965144,0.159759040198197,-0.328614151753609,0.297641285823321
opened_cohort,important_degree_top3,rolling5,exact1,nevertreated,pc_score,investment_in_new_talent_pc_score,high,downstream_outcomes,overall_new_release_count,TRUE,sa,-1,0,0,0,0
opened_cohort,important_degree_top3,rolling5,exact1,nevertreated,pc_score,investment_in_new_talent_pc_score,high,downstream_outcomes,overall_new_release_count,TRUE,sa,0,0.115256352848492,0.287445761588728,-0.448137339865414,0.678650045562399
opened_cohort,important_degree_top3,rolling5,exact1,nevertreated,pc_score,investment_in_new_talent_pc_score,high,downstream_outcomes,overall_new_release_count,TRUE,sa,1,-0.439902827918499,0.191573244348841,-0.815386386842227,-0.0644192689947715
opened_cohort,important_degree_top3,rolling5,exact1,nevertreated,pc_score,investment_in_new_talent_pc_score,high,downstream_outcomes,overall_new_release_count,TRUE,sa,2,-0.658651287093133,0.16769753119501,-0.987338448235352,-0.329964125950914
opened_cohort,important_degree_top3,rolling5,exact1,nevertreated,pc_score,investment_in_new_talent_pc_score,high,downstream_outcomes,overall_new_release_count,TRUE,sa,3,-0.602801840977807,0.1875844186047,-0.97046730144302,-0.235136380512595
opened_cohort,important_degree_top3,rolling5,exact1,nevertreated,pc_score,investment_in_new_talent_pc_score,high,downstream_outcomes,overall_new_release_count,TRUE,sa,4,-0.663596531538975,0.216908291553252,-1.08873678298335,-0.2384562800946
opened_cohort,important_degree_top3,rolling5,exact1,nevertreated,pc_score,investment_in_new_talent_pc_score,high,downstream_outcomes,overall_new_release_count,TRUE,sa,5,-0.88166957806872,0.19280217298275,-1.25956183711491,-0.50377731902253
opened_cohort,important_degree_top3,rolling5,exact1,nevertreated,pc_score,investment_in_new_talent_pc_score,high,downstream_outcomes,overall_new_release_count,TRUE,sa,6,-0.835825897882766,0.249036645033636,-1.32393772214869,-0.347714073616839
opened_cohort,important_degree_top3,rolling5,exact1,nevertreated,pc_score,investment_in_new_talent_pc_score,high,downstream_outcomes,overall_new_release_count,TRUE,sa,7,-0.841911060277197,0.259118684564064,-1.34978368202276,-0.334038438531632
opened_cohort,important_degree_top3,rolling5,exact1,nevertreated,pc_score,investment_in_new_talent_pc_score,high,downstream_outcomes,overall_new_release_count,TRUE,sa,8,-0.786015097954495,0.338083023958932,-1.448657824914,-0.123372370994989
opened_cohort,important_degree_top3,rolling5,exact1,nevertreated,pc_score,investment_in_new_talent_pc_score,high,downstream_outcomes,overall_new_release_count,TRUE,sa,9,-0.539445882253803,0.387073982990781,-1.29811088891573,0.219219124408128
opened_cohort,important_degree_top3,rolling5,exact1,nevertreated,pc_score,investment_in_new_talent_pc_score,high,downstream_outcomes,overall_new_release_count,TRUE,sa,10,-1.25297377691962,0.393141065812274,-2.02353026591168,-0.482417287927561
opened_cohort,important_degree_top3,rolling5,exact1,nevertreated,pc_score,investment_in_new_talent_pc_score,high,downstream_outcomes,overall_new_release_count,TRUE,sa,11,-0.493334920771936,1.22459626173759,-2.8935435937776,1.90687375223373
opened_cohort,important_degree_top3,rolling5,exact1,nevertreated,pc_score,problem_solving_routines_pc_score,low,downstream_outcomes,overall_new_release_count,TRUE,sa,-15,-0.551593203342553,0.282222356375267,-1.10474902183808,0.00156261515297129
opened_cohort,important_degree_top3,rolling5,exact1,nevertreated,pc_score,problem_solving_routines_pc_score,low,downstream_outcomes,overall_new_release_count,TRUE,sa,-14,0.205470851047217,0.29012760316564,-0.363179251157437,0.774120953251871
opened_cohort,important_degree_top3,rolling5,exact1,nevertreated,pc_score,problem_solving_routines_pc_score,low,downstream_outcomes,overall_new_release_count,TRUE,sa,-13,0.353413979620061,0.238736890369677,-0.114510325504506,0.821338284744627
opened_cohort,important_degree_top3,rolling5,exact1,nevertreated,pc_score,problem_solving_routines_pc_score,low,downstream_outcomes,overall_new_release_count,TRUE,sa,-12,0.52513631599256,0.203933509707925,0.125426636965028,0.924845995020092
opened_cohort,important_degree_top3,rolling5,exact1,nevertreated,pc_score,problem_solving_routines_pc_score,low,downstream_outcomes,overall_new_release_count,TRUE,sa,-11,0.452624803687607,0.191201289719368,0.0778702758376454,0.827379331537568
opened_cohort,important_degree_top3,rolling5,exact1,nevertreated,pc_score,problem_solving_routines_pc_score,low,downstream_outcomes,overall_new_release_count,TRUE,sa,-10,0.26895316763109,0.23753157515268,-0.196608719668163,0.734515054930343
opened_cohort,important_degree_top3,rolling5,exact1,nevertreated,pc_score,problem_solving_routines_pc_score,low,downstream_outcomes,overall_new_release_count,TRUE,sa,-9,0.194996070389235,0.205744802862556,-0.208263743221376,0.598255883999845
opened_cohort,important_degree_top3,rolling5,exact1,nevertreated,pc_score,problem_solving_routines_pc_score,low,downstream_outcomes,overall_new_release_count,TRUE,sa,-8,0.287002693176611,0.174455691177455,-0.0549304615312005,0.628935847884423
opened_cohort,important_degree_top3,rolling5,exact1,nevertreated,pc_score,problem_solving_routines_pc_score,low,downstream_outcomes,overall_new_release_count,TRUE,sa,-7,0.275729379113928,0.19613587226089,-0.108696930517417,0.660155688745273
opened_cohort,important_degree_top3,rolling5,exact1,nevertreated,pc_score,problem_solving_routines_pc_score,low,downstream_outcomes,overall_new_release_count,TRUE,sa,-6,0.383044725063473,0.249912958296112,-0.106784673196908,0.872874123323853
opened_cohort,important_degree_top3,rolling5,exact1,nevertreated,pc_score,problem_solving_routines_pc_score,low,downstream_outcomes,overall_new_release_count,TRUE,sa,-5,-0.0215990375148437,0.164443689466975,-0.343908668870116,0.300710593840428
opened_cohort,important_degree_top3,rolling5,exact1,nevertreated,pc_score,problem_solving_routines_pc_score,low,downstream_outcomes,overall_new_release_count,TRUE,sa,-4,-0.0986148648766556,0.160289984345068,-0.41278323419299,0.215553504439678
opened_cohort,important_degree_top3,rolling5,exact1,nevertreated,pc_score,problem_solving_routines_pc_score,low,downstream_outcomes,overall_new_release_count,TRUE,sa,-3,0.0290485904031317,0.189120043855465,-0.341626695553579,0.399723876359843
opened_cohort,important_degree_top3,rolling5,exact1,nevertreated,pc_score,problem_solving_routines_pc_score,low,downstream_outcomes,overall_new_release_count,TRUE,sa,-2,-0.0191294368930168,0.19308278402417,-0.397571693580391,0.359312819794357
opened_cohort,important_degree_top3,rolling5,exact1,nevertreated,pc_score,problem_solving_routines_pc_score,low,downstream_outcomes,overall_new_release_count,TRUE,sa,-1,0,0,0,0
opened_cohort,important_degree_top3,rolling5,exact1,nevertreated,pc_score,problem_solving_routines_pc_score,low,downstream_outcomes,overall_new_release_count,TRUE,sa,0,0.102887630297746,0.295326175372381,-0.475951673432121,0.681726934027614
opened_cohort,important_degree_top3,rolling5,exact1,nevertreated,pc_score,problem_solving_routines_pc_score,low,downstream_outcomes,overall_new_release_count,TRUE,sa,1,-0.105797005087331,0.223073594298823,-0.543021249913025,0.331427239738363
opened_cohort,important_degree_top3,rolling5,exact1,nevertreated,pc_score,problem_solving_routines_pc_score,low,downstream_outcomes,overall_new_release_count,TRUE,sa,2,-0.432872487394432,0.145979111351503,-0.718991545643377,-0.146753429145487
opened_cohort,important_degree_top3,rolling5,exact1,nevertreated,pc_score,problem_solving_routines_pc_score,low,downstream_outcomes,overall_new_release_count,TRUE,sa,3,-0.388025999898931,0.220940536090215,-0.821069450635753,0.04501745083789
opened_cohort,important_degree_top3,rolling5,exact1,nevertreated,pc_score,problem_solving_routines_pc_score,low,downstream_outcomes,overall_new_release_count,TRUE,sa,4,0.611015519878974,0.543926774765497,-0.4550809586614,1.67711199841935
opened_cohort,important_degree_top3,rolling5,exact1,nevertreated,pc_score,problem_solving_routines_pc_score,low,downstream_outcomes,overall_new_release_count,TRUE,sa,5,0.229443371559252,0.506143619541547,-0.762598122742181,1.22148486586068
opened_cohort,important_degree_top3,rolling5,exact1,nevertreated,pc_score,problem_solving_routines_pc_score,low,downstream_outcomes,overall_new_release_count,TRUE,sa,6,-0.222283990091035,0.245146768545937,-0.702771656441072,0.258203676259002
opened_cohort,important_degree_top3,rolling5,exact1,nevertreated,pc_score,problem_solving_routines_pc_score,low,downstream_outcomes,overall_new_release_count,TRUE,sa,7,-0.390241805642141,0.230246440773549,-0.841524829558298,0.061041218274015
opened_cohort,important_degree_top3,rolling5,exact1,nevertreated,pc_score,problem_solving_routines_pc_score,low,downstream_outcomes,overall_new_release_count,TRUE,sa,8,-0.396397985600475,0.272008218793533,-0.9295340944358,0.136738123234849
opened_cohort,important_degree_top3,rolling5,exact1,nevertreated,pc_score,problem_solving_routines_pc_score,low,downstream_outcomes,overall_new_release_count,TRUE,sa,9,-0.142782822748698,0.457942619439257,-1.04035035684964,0.754784711352246
opened_cohort,important_degree_top3,rolling5,exact1,nevertreated,pc_score,problem_solving_routines_pc_score,low,downstream_outcomes,overall_new_release_count,TRUE,sa,10,0.273283584482217,1.11525848540341,-1.91262304690847,2.4591902158729
opened_cohort,important_degree_top3,rolling5,exact1,nevertreated,pc_score,problem_solving_routines_pc_score,low,downstream_outcomes,overall_new_release_count,TRUE,sa,11,-1.76250082083015,0.22214319538404,-2.19790148378287,-1.32710015787743
opened_cohort,important_degree_top3,rolling5,exact1,nevertreated,pc_score,problem_solving_routines_pc_score,high,downstream_outcomes,overall_new_release_count,TRUE,sa,-15,0.522009609743925,0.343934361898074,-0.152101739576299,1.19612095906415
opened_cohort,important_degree_top3,rolling5,exact1,nevertreated,pc_score,problem_solving_routines_pc_score,high,downstream_outcomes,overall_new_release_count,TRUE,sa,-14,0.183725509432193,0.328617185692862,-0.460364174525816,0.827815193390202
opened_cohort,important_degree_top3,rolling5,exact1,nevertreated,pc_score,problem_solving_routines_pc_score,high,downstream_outcomes,overall_new_release_count,TRUE,sa,-13,0.173955176726951,0.289121650210066,-0.392723257684779,0.740633611138681
opened_cohort,important_degree_top3,rolling5,exact1,nevertreated,pc_score,problem_solving_routines_pc_score,high,downstream_outcomes,overall_new_release_count,TRUE,sa,-12,0.034389822796405,0.272215521829858,-0.499152599990116,0.567932245582926
opened_cohort,important_degree_top3,rolling5,exact1,nevertreated,pc_score,problem_solving_routines_pc_score,high,downstream_outcomes,overall_new_release_count,TRUE,sa,-11,0.192605648095496,0.233363555528911,-0.26478692074117,0.649998216932162
opened_cohort,important_degree_top3,rolling5,exact1,nevertreated,pc_score,problem_solving_routines_pc_score,high,downstream_outcomes,overall_new_release_count,TRUE,sa,-10,0.194171113269751,0.216845790983997,-0.230846637058883,0.619188863598386
opened_cohort,important_degree_top3,rolling5,exact1,nevertreated,pc_score,problem_solving_routines_pc_score,high,downstream_outcomes,overall_new_release_count,TRUE,sa,-9,0.112001144262536,0.193093130526105,-0.26646139156863,0.490463680093701
opened_cohort,important_degree_top3,rolling5,exact1,nevertreated,pc_score,problem_solving_routines_pc_score,high,downstream_outcomes,overall_new_release_count,TRUE,sa,-8,0.14414400456013,0.180539802931104,-0.209714009184834,0.498002018305094
opened_cohort,important_degree_top3,rolling5,exact1,nevertreated,pc_score,problem_solving_routines_pc_score,high,downstream_outcomes,overall_new_release_count,TRUE,sa,-7,0.399133437333304,0.338584271959276,-0.264491735706878,1.06275861037349
opened_cohort,important_degree_top3,rolling5,exact1,nevertreated,pc_score,problem_solving_routines_pc_score,high,downstream_outcomes,overall_new_release_count,TRUE,sa,-6,0.176369767396291,0.236371081223951,-0.286917551802654,0.639657086595235
opened_cohort,important_degree_top3,rolling5,exact1,nevertreated,pc_score,problem_solving_routines_pc_score,high,downstream_outcomes,overall_new_release_count,TRUE,sa,-5,-0.102900092509537,0.164991112139508,-0.426282672302973,0.220482487283899
opened_cohort,important_degree_top3,rolling5,exact1,nevertreated,pc_score,problem_solving_routines_pc_score,high,downstream_outcomes,overall_new_release_count,TRUE,sa,-4,-0.220122505296055,0.168082708113069,-0.54956461319767,0.109319602605559
opened_cohort,important_degree_top3,rolling5,exact1,nevertreated,pc_score,problem_solving_routines_pc_score,high,downstream_outcomes,overall_new_release_count,TRUE,sa,-3,-0.190190263365953,0.160351308045448,-0.504478827135031,0.124098300403126
opened_cohort,important_degree_top3,rolling5,exact1,nevertreated,pc_score,problem_solving_routines_pc_score,high,downstream_outcomes,overall_new_release_count,TRUE,sa,-2,-0.0363618885737911,0.143927751826261,-0.318460282153262,0.24573650500568
opened_cohort,important_degree_top3,rolling5,exact1,nevertreated,pc_score,problem_solving_routines_pc_score,high,downstream_outcomes,overall_new_release_count,TRUE,sa,-1,0,0,0,0
opened_cohort,important_degree_top3,rolling5,exact1,nevertreated,pc_score,problem_solving_routines_pc_score,high,downstream_outcomes,overall_new_release_count,TRUE,sa,0,0.0336502238636813,0.194314046722814,-0.347205307713035,0.414505755440398
opened_cohort,important_degree_top3,rolling5,exact1,nevertreated,pc_score,problem_solving_routines_pc_score,high,downstream_outcomes,overall_new_release_count,TRUE,sa,1,-0.746269686105005,0.153494164590852,-1.04711824870308,-0.445421123506934
opened_cohort,important_degree_top3,rolling5,exact1,nevertreated,pc_score,problem_solving_routines_pc_score,high,downstream_outcomes,overall_new_release_count,TRUE,sa,2,-0.700989832534789,0.172365988122295,-1.03882716925449,-0.36315249581509
opened_cohort,important_degree_top3,rolling5,exact1,nevertreated,pc_score,problem_solving_routines_pc_score,high,downstream_outcomes,overall_new_release_count,TRUE,sa,3,-0.580634552654396,0.190042318647829,-0.953117497204141,-0.208151608104652
opened_cohort,important_degree_top3,rolling5,exact1,nevertreated,pc_score,problem_solving_routines_pc_score,high,downstream_outcomes,overall_new_release_count,TRUE,sa,4,-0.856565085700423,0.183576808040552,-1.2163756294599,-0.49675454194094
opened_cohort,important_degree_top3,rolling5,exact1,nevertreated,pc_score,problem_solving_routines_pc_score,high,downstream_outcomes,overall_new_release_count,TRUE,sa,5,-0.918629469442506,0.180647792782692,-1.27269914329658,-0.564559795588429
opened_cohort,important_degree_top3,rolling5,exact1,nevertreated,pc_score,problem_solving_routines_pc_score,high,downstream_outcomes,overall_new_release_count,TRUE,sa,6,-0.896524726863172,0.229416870078265,-1.34618179221657,-0.446867661509774
opened_cohort,important_degree_top3,rolling5,exact1,nevertreated,pc_score,problem_solving_routines_pc_score,high,downstream_outcomes,overall_new_release_count,TRUE,sa,7,-0.67822779280527,0.263179600469431,-1.19405980972535,-0.162395775885186
opened_cohort,important_degree_top3,rolling5,exact1,nevertreated,pc_score,problem_solving_routines_pc_score,high,downstream_outcomes,overall_new_release_count,TRUE,sa,8,-0.668992928252036,0.305726214775789,-1.26821630921258,-0.0697695472914883
opened_cohort,important_degree_top3,rolling5,exact1,nevertreated,pc_score,problem_solving_routines_pc_score,high,downstream_outcomes,overall_new_release_count,TRUE,sa,9,-0.969468113288543,0.337449120752545,-1.63086838996353,-0.308067836613555
opened_cohort,important_degree_top3,rolling5,exact1,nevertreated,pc_score,problem_solving_routines_pc_score,high,downstream_outcomes,overall_new_release_count,TRUE,sa,10,-1.07070501444361,0.420405272189173,-1.89469934793439,-0.246710680952828
opened_cohort,important_degree_top3,rolling5,exact1,nevertreated,pc_score,problem_solving_routines_pc_score,high,downstream_outcomes,overall_new_release_count,TRUE,sa,11,-1.10160923700625,0.737228763315167,-2.54657761310397,0.343359139091482
opened_cohort,important_degree_top3,rolling5,exact1,nevertreated,pc_score,collaboration_pc_score,low,downstream_outcomes,overall_new_release_count,FALSE,sa,-15,-0.128158670635419,1.24978613476671,-2.57773949477818,2.32142215350734
opened_cohort,important_degree_top3,rolling5,exact1,nevertreated,pc_score,collaboration_pc_score,low,downstream_outcomes,overall_new_release_count,FALSE,sa,-14,0.564043363307967,1.28273719903249,-1.95012154679572,3.07820827341165
opened_cohort,important_degree_top3,rolling5,exact1,nevertreated,pc_score,collaboration_pc_score,low,downstream_outcomes,overall_new_release_count,FALSE,sa,-13,1.73430327651774,1.55292742425056,-1.30943447501335,4.77804102804884
opened_cohort,important_degree_top3,rolling5,exact1,nevertreated,pc_score,collaboration_pc_score,low,downstream_outcomes,overall_new_release_count,FALSE,sa,-12,1.91675135194947,1.17489582732827,-0.386044469613932,4.21954717351288
opened_cohort,important_degree_top3,rolling5,exact1,nevertreated,pc_score,collaboration_pc_score,low,downstream_outcomes,overall_new_release_count,FALSE,sa,-11,2.26048887910944,1.36955927984678,-0.423847309390256,4.94482506760913
opened_cohort,important_degree_top3,rolling5,exact1,nevertreated,pc_score,collaboration_pc_score,low,downstream_outcomes,overall_new_release_count,FALSE,sa,-10,2.0964252203274,1.35159026010752,-0.552691689483337,4.74554213013814
opened_cohort,important_degree_top3,rolling5,exact1,nevertreated,pc_score,collaboration_pc_score,low,downstream_outcomes,overall_new_release_count,FALSE,sa,-9,1.05181377285797,1.22171014014176,-1.34273810181988,3.44636564753583
opened_cohort,important_degree_top3,rolling5,exact1,nevertreated,pc_score,collaboration_pc_score,low,downstream_outcomes,overall_new_release_count,FALSE,sa,-8,1.33328118137881,1.21662839180684,-1.05131046656259,3.71787282932022
opened_cohort,important_degree_top3,rolling5,exact1,nevertreated,pc_score,collaboration_pc_score,low,downstream_outcomes,overall_new_release_count,FALSE,sa,-7,0.36192069146789,1.07416744117155,-1.74344749322835,2.46728887616413
opened_cohort,important_degree_top3,rolling5,exact1,nevertreated,pc_score,collaboration_pc_score,low,downstream_outcomes,overall_new_release_count,FALSE,sa,-6,0.0731602998127747,0.965564577325081,-1.81934627174438,1.96566687136993
opened_cohort,important_degree_top3,rolling5,exact1,nevertreated,pc_score,collaboration_pc_score,low,downstream_outcomes,overall_new_release_count,FALSE,sa,-5,0.0916166278394788,0.845850084041558,-1.56624953688197,1.74948279256093
opened_cohort,important_degree_top3,rolling5,exact1,nevertreated,pc_score,collaboration_pc_score,low,downstream_outcomes,overall_new_release_count,FALSE,sa,-4,0.878882601912341,1.03534019113592,-1.15038417271406,2.90814937653874
opened_cohort,important_degree_top3,rolling5,exact1,nevertreated,pc_score,collaboration_pc_score,low,downstream_outcomes,overall_new_release_count,FALSE,sa,-3,0.12404435320565,0.728784494402147,-1.30437325582256,1.55246196223386
opened_cohort,important_degree_top3,rolling5,exact1,nevertreated,pc_score,collaboration_pc_score,low,downstream_outcomes,overall_new_release_count,FALSE,sa,-2,0.285245305920634,0.596519203858328,-0.883932333641688,1.45442294548296
opened_cohort,important_degree_top3,rolling5,exact1,nevertreated,pc_score,collaboration_pc_score,low,downstream_outcomes,overall_new_release_count,FALSE,sa,-1,0,0,0,0
opened_cohort,important_degree_top3,rolling5,exact1,nevertreated,pc_score,collaboration_pc_score,low,downstream_outcomes,overall_new_release_count,FALSE,sa,0,-0.649672097031235,0.619413969913216,-1.86372347806114,0.564379283998669
opened_cohort,important_degree_top3,rolling5,exact1,nevertreated,pc_score,collaboration_pc_score,low,downstream_outcomes,overall_new_release_count,FALSE,sa,1,-1.81920916066872,0.626506219824542,-3.04716135152483,-0.591256969812621
opened_cohort,important_degree_top3,rolling5,exact1,nevertreated,pc_score,collaboration_pc_score,low,downstream_outcomes,overall_new_release_count,FALSE,sa,2,-1.44594282901031,0.687247191018222,-2.79294732340603,-0.0989383346145976
opened_cohort,important_degree_top3,rolling5,exact1,nevertreated,pc_score,collaboration_pc_score,low,downstream_outcomes,overall_new_release_count,FALSE,sa,3,-1.28373177373373,0.79133853817839,-2.83475530856338,0.267291761095913
opened_cohort,important_degree_top3,rolling5,exact1,nevertreated,pc_score,collaboration_pc_score,low,downstream_outcomes,overall_new_release_count,FALSE,sa,4,-1.48058269500672,0.867408987129596,-3.18070430978073,0.219538919767284
opened_cohort,important_degree_top3,rolling5,exact1,nevertreated,pc_score,collaboration_pc_score,low,downstream_outcomes,overall_new_release_count,FALSE,sa,5,-1.87649559282902,0.885914689648491,-3.61288838454006,-0.140102801117976
opened_cohort,important_degree_top3,rolling5,exact1,nevertreated,pc_score,collaboration_pc_score,low,downstream_outcomes,overall_new_release_count,FALSE,sa,6,-1.56252787411037,0.953196300238145,-3.43079262257713,0.305736874356398
opened_cohort,important_degree_top3,rolling5,exact1,nevertreated,pc_score,collaboration_pc_score,low,downstream_outcomes,overall_new_release_count,FALSE,sa,7,-1.46238020721903,1.15138958360894,-3.71910379109255,0.794343376654493
opened_cohort,important_degree_top3,rolling5,exact1,nevertreated,pc_score,collaboration_pc_score,low,downstream_outcomes,overall_new_release_count,FALSE,sa,8,-1.43920844260639,1.37250388370677,-4.12931605467165,1.25089916945887
opened_cohort,important_degree_top3,rolling5,exact1,nevertreated,pc_score,collaboration_pc_score,low,downstream_outcomes,overall_new_release_count,FALSE,sa,9,-2.65298158686447,1.53182592846699,-5.65536040665977,0.349397232930839
opened_cohort,important_degree_top3,rolling5,exact1,nevertreated,pc_score,collaboration_pc_score,low,downstream_outcomes,overall_new_release_count,FALSE,sa,10,-5.05102636961488,2.32222421479444,-9.60258583061197,-0.499466908617782
opened_cohort,important_degree_top3,rolling5,exact1,nevertreated,pc_score,collaboration_pc_score,low,downstream_outcomes,overall_new_release_count,FALSE,sa,11,-3.28430946066585,1.9320147202691,-7.07105831239328,0.502439391061578
opened_cohort,important_degree_top3,rolling5,exact1,nevertreated,pc_score,collaboration_pc_score,high,downstream_outcomes,overall_new_release_count,FALSE,sa,-15,0.136425498033287,1.73456301170875,-3.26331800491586,3.53616900098243
opened_cohort,important_degree_top3,rolling5,exact1,nevertreated,pc_score,collaboration_pc_score,high,downstream_outcomes,overall_new_release_count,FALSE,sa,-14,0.49466095923427,1.47623495288917,-2.39875954842851,3.38808146689705
opened_cohort,important_degree_top3,rolling5,exact1,nevertreated,pc_score,collaboration_pc_score,high,downstream_outcomes,overall_new_release_count,FALSE,sa,-13,1.01501012761285,1.72454632213423,-2.36510066377024,4.39512091899595
opened_cohort,important_degree_top3,rolling5,exact1,nevertreated,pc_score,collaboration_pc_score,high,downstream_outcomes,overall_new_release_count,FALSE,sa,-12,0.212575214074047,1.87728326167046,-3.46689997880005,3.89205040694814
opened_cohort,important_degree_top3,rolling5,exact1,nevertreated,pc_score,collaboration_pc_score,high,downstream_outcomes,overall_new_release_count,FALSE,sa,-11,0.314932624107232,1.8096511079372,-3.23198354744968,3.86184879566415
opened_cohort,important_degree_top3,rolling5,exact1,nevertreated,pc_score,collaboration_pc_score,high,downstream_outcomes,overall_new_release_count,FALSE,sa,-10,0.129265852833012,2.24108171832076,-4.26325431507568,4.5217860207417
opened_cohort,important_degree_top3,rolling5,exact1,nevertreated,pc_score,collaboration_pc_score,high,downstream_outcomes,overall_new_release_count,FALSE,sa,-9,0.319794914128004,2.4579801389449,-4.497846158204,5.13743598646
opened_cohort,important_degree_top3,rolling5,exact1,nevertreated,pc_score,collaboration_pc_score,high,downstream_outcomes,overall_new_release_count,FALSE,sa,-8,0.996657161399864,2.16915105080172,-3.25487889817151,5.24819322097124
opened_cohort,important_degree_top3,rolling5,exact1,nevertreated,pc_score,collaboration_pc_score,high,downstream_outcomes,overall_new_release_count,FALSE,sa,-7,0.142458467618294,2.27482380376766,-4.31619618776632,4.6011131230029
opened_cohort,important_degree_top3,rolling5,exact1,nevertreated,pc_score,collaboration_pc_score,high,downstream_outcomes,overall_new_release_count,FALSE,sa,-6,-0.0409113081534848,2.1595133374803,-4.27355744961487,4.1917348333079
opened_cohort,important_degree_top3,rolling5,exact1,nevertreated,pc_score,collaboration_pc_score,high,downstream_outcomes,overall_new_release_count,FALSE,sa,-5,-2.75957405712278,2.69937382472004,-8.05034675357405,2.5311986393285
opened_cohort,important_degree_top3,rolling5,exact1,nevertreated,pc_score,collaboration_pc_score,high,downstream_outcomes,overall_new_release_count,FALSE,sa,-4,-3.54599548624676,2.64650897866134,-8.73315308442299,1.64116211192947
opened_cohort,important_degree_top3,rolling5,exact1,nevertreated,pc_score,collaboration_pc_score,high,downstream_outcomes,overall_new_release_count,FALSE,sa,-3,-2.98058038853453,2.16148621992877,-7.21709337959493,1.25593260252586
opened_cohort,important_degree_top3,rolling5,exact1,nevertreated,pc_score,collaboration_pc_score,high,downstream_outcomes,overall_new_release_count,FALSE,sa,-2,-2.35630079493418,1.43810767698985,-5.17499184183428,0.462390251965918
opened_cohort,important_degree_top3,rolling5,exact1,nevertreated,pc_score,collaboration_pc_score,high,downstream_outcomes,overall_new_release_count,FALSE,sa,-1,0,0,0,0
opened_cohort,important_degree_top3,rolling5,exact1,nevertreated,pc_score,collaboration_pc_score,high,downstream_outcomes,overall_new_release_count,FALSE,sa,0,-0.4829802310634,0.442862853148345,-1.35099142323416,0.385030961107357
opened_cohort,important_degree_top3,rolling5,exact1,nevertreated,pc_score,collaboration_pc_score,high,downstream_outcomes,overall_new_release_count,FALSE,sa,1,0.0312531186589409,0.696055213253275,-1.33301509931748,1.39552133663536
opened_cohort,important_degree_top3,rolling5,exact1,nevertreated,pc_score,collaboration_pc_score,high,downstream_outcomes,overall_new_release_count,FALSE,sa,2,-1.4949057957657,1.2080675598475,-3.86271821306681,0.872906621535405
opened_cohort,important_degree_top3,rolling5,exact1,nevertreated,pc_score,collaboration_pc_score,high,downstream_outcomes,overall_new_release_count,FALSE,sa,3,-2.99714126521425,2.54913335788168,-7.99344264666234,1.99916011623383
opened_cohort,important_degree_top3,rolling5,exact1,nevertreated,pc_score,collaboration_pc_score,high,downstream_outcomes,overall_new_release_count,FALSE,sa,4,-2.90772248727088,2.67425208060935,-8.14925656526521,2.33381159072345
opened_cohort,important_degree_top3,rolling5,exact1,nevertreated,pc_score,collaboration_pc_score,high,downstream_outcomes,overall_new_release_count,FALSE,sa,5,-2.96200125423299,2.67308407312009,-8.20124603754837,2.27724352908239
opened_cohort,important_degree_top3,rolling5,exact1,nevertreated,pc_score,collaboration_pc_score,high,downstream_outcomes,overall_new_release_count,FALSE,sa,6,-3.23970813295333,3.47692340592488,-10.0544780085661,3.57506174265943
opened_cohort,important_degree_top3,rolling5,exact1,nevertreated,pc_score,collaboration_pc_score,high,downstream_outcomes,overall_new_release_count,FALSE,sa,7,-3.95235964782285,4.41079328320236,-12.5975144828995,4.69279518725379
opened_cohort,important_degree_top3,rolling5,exact1,nevertreated,pc_score,collaboration_pc_score,high,downstream_outcomes,overall_new_release_count,FALSE,sa,8,0.648223409969945,1.51989263995992,-2.3307661643515,3.62721298429138
opened_cohort,important_degree_top3,rolling5,exact1,nevertreated,pc_score,collaboration_pc_score,high,downstream_outcomes,overall_new_release_count,FALSE,sa,9,0.927733974410871,1.70142900001834,-2.40706686562507,4.26253481444681
opened_cohort,important_degree_top3,rolling5,exact1,nevertreated,pc_score,collaboration_pc_score,high,downstream_outcomes,overall_new_release_count,FALSE,sa,10,1.61656221265502,1.7090725739248,-1.7332200322376,4.96634445754764
opened_cohort,important_degree_top3,rolling5,exact1,nevertreated,pc_score,collaboration_pc_score,high,downstream_outcomes,overall_new_release_count,FALSE,sa,11,0.447670253356334,1.49317279253687,-2.47894842001593,3.3742889267286
opened_cohort,important_degree_top3,rolling5,exact1,nevertreated,pc_score,knowledge_level_pc_score,low,downstream_outcomes,overall_new_release_count,FALSE,sa,-15,-0.599160505908944,1.85253729137394,-4.23013359700187,3.03181258518399
opened_cohort,important_degree_top3,rolling5,exact1,nevertreated,pc_score,knowledge_level_pc_score,low,downstream_outcomes,overall_new_release_count,FALSE,sa,-14,1.05072140935584,1.66386768543021,-2.21045925408736,4.31190207279905
opened_cohort,important_degree_top3,rolling5,exact1,nevertreated,pc_score,knowledge_level_pc_score,low,downstream_outcomes,overall_new_release_count,FALSE,sa,-13,2.12238480150844,2.22478909951279,-2.23820183353663,6.48297143655351
opened_cohort,important_degree_top3,rolling5,exact1,nevertreated,pc_score,knowledge_level_pc_score,low,downstream_outcomes,overall_new_release_count,FALSE,sa,-12,0.208839492967702,2.01168912213737,-3.73407118642155,4.15175017235695
opened_cohort,important_degree_top3,rolling5,exact1,nevertreated,pc_score,knowledge_level_pc_score,low,downstream_outcomes,overall_new_release_count,FALSE,sa,-11,0.696610773039737,1.88196797079388,-2.99204644971627,4.38526799579575
opened_cohort,important_degree_top3,rolling5,exact1,nevertreated,pc_score,knowledge_level_pc_score,low,downstream_outcomes,overall_new_release_count,FALSE,sa,-10,1.33443564393581,1.80476669179439,-2.20290707198119,4.8717783598528
opened_cohort,important_degree_top3,rolling5,exact1,nevertreated,pc_score,knowledge_level_pc_score,low,downstream_outcomes,overall_new_release_count,FALSE,sa,-9,-0.121029588940216,2.02287524813789,-4.08586507529047,3.84380589741004
opened_cohort,important_degree_top3,rolling5,exact1,nevertreated,pc_score,knowledge_level_pc_score,low,downstream_outcomes,overall_new_release_count,FALSE,sa,-8,0.436304504053515,1.77676670452309,-3.04615823681174,3.91876724491877
opened_cohort,important_degree_top3,rolling5,exact1,nevertreated,pc_score,knowledge_level_pc_score,low,downstream_outcomes,overall_new_release_count,FALSE,sa,-7,-0.541695624069661,1.48299905150007,-3.44837376500979,2.36498251687047
opened_cohort,important_degree_top3,rolling5,exact1,nevertreated,pc_score,knowledge_level_pc_score,low,downstream_outcomes,overall_new_release_count,FALSE,sa,-6,-1.76620410508002,1.59843053604459,-4.89912795572741,1.36671974556737
opened_cohort,important_degree_top3,rolling5,exact1,nevertreated,pc_score,knowledge_level_pc_score,low,downstream_outcomes,overall_new_release_count,FALSE,sa,-5,-2.77150163764129,2.23447081595892,-7.15106443692077,1.60806116163819
opened_cohort,important_degree_top3,rolling5,exact1,nevertreated,pc_score,knowledge_level_pc_score,low,downstream_outcomes,overall_new_release_count,FALSE,sa,-4,-2.49646500036408,2.28750298806061,-6.97997085696287,1.98704085623471
opened_cohort,important_degree_top3,rolling5,exact1,nevertreated,pc_score,knowledge_level_pc_score,low,downstream_outcomes,overall_new_release_count,FALSE,sa,-3,-2.63521987205793,1.84332426632816,-6.24813543406112,0.977695689945257
opened_cohort,important_degree_top3,rolling5,exact1,nevertreated,pc_score,knowledge_level_pc_score,low,downstream_outcomes,overall_new_release_count,FALSE,sa,-2,-1.96523737372906,1.23687054955635,-4.38950365085951,0.459028903401389
opened_cohort,important_degree_top3,rolling5,exact1,nevertreated,pc_score,knowledge_level_pc_score,low,downstream_outcomes,overall_new_release_count,FALSE,sa,-1,0,0,0,0
opened_cohort,important_degree_top3,rolling5,exact1,nevertreated,pc_score,knowledge_level_pc_score,low,downstream_outcomes,overall_new_release_count,FALSE,sa,0,-0.641977535702884,0.634318672739492,-1.88524213427229,0.601287062866521
opened_cohort,important_degree_top3,rolling5,exact1,nevertreated,pc_score,knowledge_level_pc_score,low,downstream_outcomes,overall_new_release_count,FALSE,sa,1,-0.808059294022153,0.854402898948789,-2.48268897596178,0.866570387917474
opened_cohort,important_degree_top3,rolling5,exact1,nevertreated,pc_score,knowledge_level_pc_score,low,downstream_outcomes,overall_new_release_count,FALSE,sa,2,-1.87265860637339,1.20108253350403,-4.22678037204129,0.481463159294518
opened_cohort,important_degree_top3,rolling5,exact1,nevertreated,pc_score,knowledge_level_pc_score,low,downstream_outcomes,overall_new_release_count,FALSE,sa,3,-2.80501777061566,2.20614666410459,-7.12906523226067,1.51902969102935
opened_cohort,important_degree_top3,rolling5,exact1,nevertreated,pc_score,knowledge_level_pc_score,low,downstream_outcomes,overall_new_release_count,FALSE,sa,4,-3.18203443287434,2.30895627580366,-7.70758873344952,1.34351986770084
opened_cohort,important_degree_top3,rolling5,exact1,nevertreated,pc_score,knowledge_level_pc_score,low,downstream_outcomes,overall_new_release_count,FALSE,sa,5,-3.78544622869556,2.32284201488699,-8.33821657787407,0.76732412048294
opened_cohort,important_degree_top3,rolling5,exact1,nevertreated,pc_score,knowledge_level_pc_score,low,downstream_outcomes,overall_new_release_count,FALSE,sa,6,-3.96466133743191,2.89509158817257,-9.63904085025014,1.70971817538632
opened_cohort,important_degree_top3,rolling5,exact1,nevertreated,pc_score,knowledge_level_pc_score,low,downstream_outcomes,overall_new_release_count,FALSE,sa,7,-4.16227897432865,3.54493894513707,-11.1103593067973,2.78580135814001
opened_cohort,important_degree_top3,rolling5,exact1,nevertreated,pc_score,knowledge_level_pc_score,low,downstream_outcomes,overall_new_release_count,FALSE,sa,8,-0.603864986430536,1.91175779362575,-4.35091026193701,3.14318028907594
opened_cohort,important_degree_top3,rolling5,exact1,nevertreated,pc_score,knowledge_level_pc_score,low,downstream_outcomes,overall_new_release_count,FALSE,sa,9,-1.34851476451913,2.05673961819639,-5.37972441618405,2.68269488714579
opened_cohort,important_degree_top3,rolling5,exact1,nevertreated,pc_score,knowledge_level_pc_score,low,downstream_outcomes,overall_new_release_count,FALSE,sa,10,-6.44431031435733,3.96274569733844,-14.2112918811407,1.32267125242601
opened_cohort,important_degree_top3,rolling5,exact1,nevertreated,pc_score,knowledge_level_pc_score,low,downstream_outcomes,overall_new_release_count,FALSE,sa,11,-2.5222562652122,3.37137426014813,-9.13014981510253,4.08563728467812
opened_cohort,important_degree_top3,rolling5,exact1,nevertreated,pc_score,knowledge_level_pc_score,high,downstream_outcomes,overall_new_release_count,FALSE,sa,-15,0.80316063114837,0.978740478401153,-1.11517070651789,2.72149196881463
opened_cohort,important_degree_top3,rolling5,exact1,nevertreated,pc_score,knowledge_level_pc_score,high,downstream_outcomes,overall_new_release_count,FALSE,sa,-14,0.186346029233853,0.960159032271476,-1.69556567401824,2.06825773248595
opened_cohort,important_degree_top3,rolling5,exact1,nevertreated,pc_score,knowledge_level_pc_score,high,downstream_outcomes,overall_new_release_count,FALSE,sa,-13,1.78249182093142,1.13412937987952,-0.440401763632439,4.00538540549527
opened_cohort,important_degree_top3,rolling5,exact1,nevertreated,pc_score,knowledge_level_pc_score,high,downstream_outcomes,overall_new_release_count,FALSE,sa,-12,2.35102621952863,1.03329851151084,0.325761136967378,4.37629130208988
opened_cohort,important_degree_top3,rolling5,exact1,nevertreated,pc_score,knowledge_level_pc_score,high,downstream_outcomes,overall_new_release_count,FALSE,sa,-11,2.21816546735561,1.08179533595832,0.0978466088773056,4.33848432583391
opened_cohort,important_degree_top3,rolling5,exact1,nevertreated,pc_score,knowledge_level_pc_score,high,downstream_outcomes,overall_new_release_count,FALSE,sa,-10,2.46067024277694,1.1488131310191,0.208996505979501,4.71234397957437
opened_cohort,important_degree_top3,rolling5,exact1,nevertreated,pc_score,knowledge_level_pc_score,high,downstream_outcomes,overall_new_release_count,FALSE,sa,-9,2.51944424358915,1.14344209130075,0.278297744639681,4.76059074253862
opened_cohort,important_degree_top3,rolling5,exact1,nevertreated,pc_score,knowledge_level_pc_score,high,downstream_outcomes,overall_new_release_count,FALSE,sa,-8,2.89435307636442,1.14882525477153,0.642655577012218,5.14605057571662
opened_cohort,important_degree_top3,rolling5,exact1,nevertreated,pc_score,knowledge_level_pc_score,high,downstream_outcomes,overall_new_release_count,FALSE,sa,-7,2.28543695371795,1.14254264449048,0.046053370516614,4.52482053691929
opened_cohort,important_degree_top3,rolling5,exact1,nevertreated,pc_score,knowledge_level_pc_score,high,downstream_outcomes,overall_new_release_count,FALSE,sa,-6,2.73077305243326,1.09705382250628,0.580547560320962,4.88099854454557
opened_cohort,important_degree_top3,rolling5,exact1,nevertreated,pc_score,knowledge_level_pc_score,high,downstream_outcomes,overall_new_release_count,FALSE,sa,-5,1.09424452223216,0.788757075895228,-0.451719346522489,2.64020839098681
opened_cohort,important_degree_top3,rolling5,exact1,nevertreated,pc_score,knowledge_level_pc_score,high,downstream_outcomes,overall_new_release_count,FALSE,sa,-4,0.837538428024697,0.74731140442886,-0.627191924655867,2.30226878070526
opened_cohort,important_degree_top3,rolling5,exact1,nevertreated,pc_score,knowledge_level_pc_score,high,downstream_outcomes,overall_new_release_count,FALSE,sa,-3,0.495203811513094,0.532732369196697,-0.548951632112432,1.53935925513862
opened_cohort,important_degree_top3,rolling5,exact1,nevertreated,pc_score,knowledge_level_pc_score,high,downstream_outcomes,overall_new_release_count,FALSE,sa,-2,0.330798487132157,0.407787355284298,-0.468464729225067,1.13006170348938
opened_cohort,important_degree_top3,rolling5,exact1,nevertreated,pc_score,knowledge_level_pc_score,high,downstream_outcomes,overall_new_release_count,FALSE,sa,-1,0,0,0,0
opened_cohort,important_degree_top3,rolling5,exact1,nevertreated,pc_score,knowledge_level_pc_score,high,downstream_outcomes,overall_new_release_count,FALSE,sa,0,-0.399178304676825,0.387959802788575,-1.15957951814243,0.361222908788781
opened_cohort,important_degree_top3,rolling5,exact1,nevertreated,pc_score,knowledge_level_pc_score,high,downstream_outcomes,overall_new_release_count,FALSE,sa,1,-1.07027068922711,0.382011063184553,-1.81901237306883,-0.321529005385385
opened_cohort,important_degree_top3,rolling5,exact1,nevertreated,pc_score,knowledge_level_pc_score,high,downstream_outcomes,overall_new_release_count,FALSE,sa,2,-0.749950445231698,0.40897715376901,-1.55154566661896,0.0516447761555618
opened_cohort,important_degree_top3,rolling5,exact1,nevertreated,pc_score,knowledge_level_pc_score,high,downstream_outcomes,overall_new_release_count,FALSE,sa,3,-0.733557002608761,0.400662727034878,-1.51885594759712,0.0517419423796006
opened_cohort,important_degree_top3,rolling5,exact1,nevertreated,pc_score,knowledge_level_pc_score,high,downstream_outcomes,overall_new_release_count,FALSE,sa,4,-0.424445298453221,0.511586559775955,-1.42715495561409,0.57826435870765
opened_cohort,important_degree_top3,rolling5,exact1,nevertreated,pc_score,knowledge_level_pc_score,high,downstream_outcomes,overall_new_release_count,FALSE,sa,5,-0.30869996867816,0.52950076352766,-1.34652146519237,0.729121527836054
opened_cohort,important_degree_top3,rolling5,exact1,nevertreated,pc_score,knowledge_level_pc_score,high,downstream_outcomes,overall_new_release_count,FALSE,sa,6,0.151506563274474,0.570852513527263,-0.96736436323896,1.27037748978791
opened_cohort,important_degree_top3,rolling5,exact1,nevertreated,pc_score,knowledge_level_pc_score,high,downstream_outcomes,overall_new_release_count,FALSE,sa,7,0.0508604547430136,0.607308679790185,-1.13946455764575,1.24118546713178
opened_cohort,important_degree_top3,rolling5,exact1,nevertreated,pc_score,knowledge_level_pc_score,high,downstream_outcomes,overall_new_release_count,FALSE,sa,8,-0.120866092895785,0.768501937879851,-1.62712989114029,1.38539770534872
opened_cohort,important_degree_top3,rolling5,exact1,nevertreated,pc_score,knowledge_level_pc_score,high,downstream_outcomes,overall_new_release_count,FALSE,sa,9,-0.87612405405625,1.13332058220049,-3.0974323951692,1.3451842870567
opened_cohort,important_degree_top3,rolling5,exact1,nevertreated,pc_score,knowledge_level_pc_score,high,downstream_outcomes,overall_new_release_count,FALSE,sa,10,-0.670046553113246,1.31087216755673,-3.23935600152443,1.89926289529794
opened_cohort,important_degree_top3,rolling5,exact1,nevertreated,pc_score,knowledge_level_pc_score,high,downstream_outcomes,overall_new_release_count,FALSE,sa,11,-0.890157155961735,1.38412307063428,-3.60303837440493,1.82272406248146
opened_cohort,important_degree_top3,rolling5,exact1,nevertreated,pc_score,discussion_quality_pc_score,low,downstream_outcomes,overall_new_release_count,FALSE,sa,-15,0.87924720904071,1.95178099507606,-2.94624354130838,4.7047379593898
opened_cohort,important_degree_top3,rolling5,exact1,nevertreated,pc_score,discussion_quality_pc_score,low,downstream_outcomes,overall_new_release_count,FALSE,sa,-14,2.05535621497973,1.88599708850656,-1.64119807849313,5.75191050845259
opened_cohort,important_degree_top3,rolling5,exact1,nevertreated,pc_score,discussion_quality_pc_score,low,downstream_outcomes,overall_new_release_count,FALSE,sa,-13,2.72229274376631,1.72778757428968,-0.664170901841461,6.10875638937408
opened_cohort,important_degree_top3,rolling5,exact1,nevertreated,pc_score,discussion_quality_pc_score,low,downstream_outcomes,overall_new_release_count,FALSE,sa,-12,2.6243548622233,1.55279802983239,-0.419129276248184,5.66783900069479
opened_cohort,important_degree_top3,rolling5,exact1,nevertreated,pc_score,discussion_quality_pc_score,low,downstream_outcomes,overall_new_release_count,FALSE,sa,-11,2.36968283966464,1.3839167247438,-0.342793940833195,5.08215962016248
opened_cohort,important_degree_top3,rolling5,exact1,nevertreated,pc_score,discussion_quality_pc_score,low,downstream_outcomes,overall_new_release_count,FALSE,sa,-10,2.42204866353799,1.38649594937634,-0.295483397239635,5.13958072431562
opened_cohort,important_degree_top3,rolling5,exact1,nevertreated,pc_score,discussion_quality_pc_score,low,downstream_outcomes,overall_new_release_count,FALSE,sa,-9,1.65570431305707,1.33399209549778,-0.958920194118573,4.27032882023272
opened_cohort,important_degree_top3,rolling5,exact1,nevertreated,pc_score,discussion_quality_pc_score,low,downstream_outcomes,overall_new_release_count,FALSE,sa,-8,2.4311734725664,1.43105654196567,-0.373697349686305,5.23604429481911
opened_cohort,important_degree_top3,rolling5,exact1,nevertreated,pc_score,discussion_quality_pc_score,low,downstream_outcomes,overall_new_release_count,FALSE,sa,-7,1.08238654818286,1.28980740513932,-1.44563596589021,3.61040906225592
opened_cohort,important_degree_top3,rolling5,exact1,nevertreated,pc_score,discussion_quality_pc_score,low,downstream_outcomes,overall_new_release_count,FALSE,sa,-6,1.51629919185947,1.36626495369731,-1.16158011738726,4.19417850110619
opened_cohort,important_degree_top3,rolling5,exact1,nevertreated,pc_score,discussion_quality_pc_score,low,downstream_outcomes,overall_new_release_count,FALSE,sa,-5,0.40155856679293,1.23837057185386,-2.02564775404063,2.82876488762649
opened_cohort,important_degree_top3,rolling5,exact1,nevertreated,pc_score,discussion_quality_pc_score,low,downstream_outcomes,overall_new_release_count,FALSE,sa,-4,0.464322515270458,1.26560411495666,-2.01626155004459,2.94490658058551
opened_cohort,important_degree_top3,rolling5,exact1,nevertreated,pc_score,discussion_quality_pc_score,low,downstream_outcomes,overall_new_release_count,FALSE,sa,-3,-0.0449755072255395,0.888901677443181,-1.78722279501417,1.69727178056309
opened_cohort,important_degree_top3,rolling5,exact1,nevertreated,pc_score,discussion_quality_pc_score,low,downstream_outcomes,overall_new_release_count,FALSE,sa,-2,-0.483039036888742,0.670808704978681,-1.79782409864696,0.831746024869472
opened_cohort,important_degree_top3,rolling5,exact1,nevertreated,pc_score,discussion_quality_pc_score,low,downstream_outcomes,overall_new_release_count,FALSE,sa,-1,0,0,0,0
opened_cohort,important_degree_top3,rolling5,exact1,nevertreated,pc_score,discussion_quality_pc_score,low,downstream_outcomes,overall_new_release_count,FALSE,sa,0,-1.1404045578379,0.559703543661381,-2.23742350341421,-0.0433856122615941
opened_cohort,important_degree_top3,rolling5,exact1,nevertreated,pc_score,discussion_quality_pc_score,low,downstream_outcomes,overall_new_release_count,FALSE,sa,1,-1.85755539800126,0.667379952329614,-3.16562010456731,-0.54949069143522
opened_cohort,important_degree_top3,rolling5,exact1,nevertreated,pc_score,discussion_quality_pc_score,low,downstream_outcomes,overall_new_release_count,FALSE,sa,2,-1.90812533313572,0.77878873426073,-3.43455125228675,-0.381699413984688
opened_cohort,important_degree_top3,rolling5,exact1,nevertreated,pc_score,discussion_quality_pc_score,low,downstream_outcomes,overall_new_release_count,FALSE,sa,3,-2.08345123527059,0.878916994228095,-3.80612854395766,-0.360773926583528
opened_cohort,important_degree_top3,rolling5,exact1,nevertreated,pc_score,discussion_quality_pc_score,low,downstream_outcomes,overall_new_release_count,FALSE,sa,4,-2.13654022072309,0.958521088406212,-4.01524155399927,-0.257838887446915
opened_cohort,important_degree_top3,rolling5,exact1,nevertreated,pc_score,discussion_quality_pc_score,low,downstream_outcomes,overall_new_release_count,FALSE,sa,5,-2.50822609514842,1.01145592916761,-4.49067971631693,-0.525772473979915
opened_cohort,important_degree_top3,rolling5,exact1,nevertreated,pc_score,discussion_quality_pc_score,low,downstream_outcomes,overall_new_release_count,FALSE,sa,6,-2.07553398294253,1.11202046411121,-4.25509409260051,0.10402612671545
opened_cohort,important_degree_top3,rolling5,exact1,nevertreated,pc_score,discussion_quality_pc_score,low,downstream_outcomes,overall_new_release_count,FALSE,sa,7,-2.13171145826137,1.23580914488359,-4.55389738223319,0.290474465710464
opened_cohort,important_degree_top3,rolling5,exact1,nevertreated,pc_score,discussion_quality_pc_score,low,downstream_outcomes,overall_new_release_count,FALSE,sa,8,-2.53908723512706,1.72124891891648,-5.91273511620337,0.834560645949248
opened_cohort,important_degree_top3,rolling5,exact1,nevertreated,pc_score,discussion_quality_pc_score,low,downstream_outcomes,overall_new_release_count,FALSE,sa,9,-3.66712571162884,1.9493867296373,-7.48792370171794,0.153672278460261
opened_cohort,important_degree_top3,rolling5,exact1,nevertreated,pc_score,discussion_quality_pc_score,low,downstream_outcomes,overall_new_release_count,FALSE,sa,10,-4.27730536628943,2.67681576385629,-9.52386426344775,0.969253530868891
opened_cohort,important_degree_top3,rolling5,exact1,nevertreated,pc_score,discussion_quality_pc_score,low,downstream_outcomes,overall_new_release_count,FALSE,sa,11,-2.89945904052577,2.23449793089283,-7.27907498507571,1.48015690402417
opened_cohort,important_degree_top3,rolling5,exact1,nevertreated,pc_score,discussion_quality_pc_score,high,downstream_outcomes,overall_new_release_count,FALSE,sa,-15,0.552466537508,0.769770807126006,-0.956284244458971,2.06121731947497
opened_cohort,important_degree_top3,rolling5,exact1,nevertreated,pc_score,discussion_quality_pc_score,high,downstream_outcomes,overall_new_release_count,FALSE,sa,-14,0.214424060637979,0.90602251224155,-1.56138006335546,1.99022818463142
opened_cohort,important_degree_top3,rolling5,exact1,nevertreated,pc_score,discussion_quality_pc_score,high,downstream_outcomes,overall_new_release_count,FALSE,sa,-13,0.621234317173083,1.19020618592661,-1.71156980724308,2.95403844158924
opened_cohort,important_degree_top3,rolling5,exact1,nevertreated,pc_score,discussion_quality_pc_score,high,downstream_outcomes,overall_new_release_count,FALSE,sa,-12,1.53852978963207,1.37095702177577,-1.14854597304843,4.22560555231258
opened_cohort,important_degree_top3,rolling5,exact1,nevertreated,pc_score,discussion_quality_pc_score,high,downstream_outcomes,overall_new_release_count,FALSE,sa,-11,1.72215463490452,1.14402653975526,-0.520137383015799,3.96444665282484
opened_cohort,important_degree_top3,rolling5,exact1,nevertreated,pc_score,discussion_quality_pc_score,high,downstream_outcomes,overall_new_release_count,FALSE,sa,-10,2.15112841241289,1.14154237799469,-0.0862946484567031,4.38855147328248
opened_cohort,important_degree_top3,rolling5,exact1,nevertreated,pc_score,discussion_quality_pc_score,high,downstream_outcomes,overall_new_release_count,FALSE,sa,-9,1.53029526780518,1.56158634344568,-1.53041396534836,4.59100450095871
opened_cohort,important_degree_top3,rolling5,exact1,nevertreated,pc_score,discussion_quality_pc_score,high,downstream_outcomes,overall_new_release_count,FALSE,sa,-8,1.16754680467202,1.73007518472028,-2.22340055737972,4.55849416672375
opened_cohort,important_degree_top3,rolling5,exact1,nevertreated,pc_score,discussion_quality_pc_score,high,downstream_outcomes,overall_new_release_count,FALSE,sa,-7,0.921283419908666,1.88558362047792,-2.77446047622806,4.6170273160454
opened_cohort,important_degree_top3,rolling5,exact1,nevertreated,pc_score,discussion_quality_pc_score,high,downstream_outcomes,overall_new_release_count,FALSE,sa,-6,0.350398700766723,1.63563073447145,-2.85543753879731,3.55623494033076
opened_cohort,important_degree_top3,rolling5,exact1,nevertreated,pc_score,discussion_quality_pc_score,high,downstream_outcomes,overall_new_release_count,FALSE,sa,-5,-1.72254308333724,2.40931019341698,-6.44479106243452,2.99970489576004
opened_cohort,important_degree_top3,rolling5,exact1,nevertreated,pc_score,discussion_quality_pc_score,high,downstream_outcomes,overall_new_release_count,FALSE,sa,-4,-1.72413525327077,2.40817652192478,-6.44416123624334,2.99589072970181
opened_cohort,important_degree_top3,rolling5,exact1,nevertreated,pc_score,discussion_quality_pc_score,high,downstream_outcomes,overall_new_release_count,FALSE,sa,-3,-1.42320926745969,1.98739764967268,-5.31850866081814,2.47209012589876
opened_cohort,important_degree_top3,rolling5,exact1,nevertreated,pc_score,discussion_quality_pc_score,high,downstream_outcomes,overall_new_release_count,FALSE,sa,-2,-0.821783319504867,1.29093664141731,-3.3520191366828,1.70845249767307
opened_cohort,important_degree_top3,rolling5,exact1,nevertreated,pc_score,discussion_quality_pc_score,high,downstream_outcomes,overall_new_release_count,FALSE,sa,-1,0,0,0,0
opened_cohort,important_degree_top3,rolling5,exact1,nevertreated,pc_score,discussion_quality_pc_score,high,downstream_outcomes,overall_new_release_count,FALSE,sa,0,0.169756073948999,0.550158974572848,-0.908555516213783,1.24806766411178
opened_cohort,important_degree_top3,rolling5,exact1,nevertreated,pc_score,discussion_quality_pc_score,high,downstream_outcomes,overall_new_release_count,FALSE,sa,1,0.0272752009239449,0.620389762318338,-1.18868873322,1.24323913506789
opened_cohort,important_degree_top3,rolling5,exact1,nevertreated,pc_score,discussion_quality_pc_score,high,downstream_outcomes,overall_new_release_count,FALSE,sa,2,-1.01744620670069,1.05491218450477,-3.08507408833004,1.05018167492867
opened_cohort,important_degree_top3,rolling5,exact1,nevertreated,pc_score,discussion_quality_pc_score,high,downstream_outcomes,overall_new_release_count,FALSE,sa,3,-2.10498286359218,2.27987975075803,-6.57354717507793,2.36358144789356
opened_cohort,important_degree_top3,rolling5,exact1,nevertreated,pc_score,discussion_quality_pc_score,high,downstream_outcomes,overall_new_release_count,FALSE,sa,4,-2.03922040024908,2.38945887981056,-6.72255980467778,2.64411900417962
opened_cohort,important_degree_top3,rolling5,exact1,nevertreated,pc_score,discussion_quality_pc_score,high,downstream_outcomes,overall_new_release_count,FALSE,sa,5,-2.19266614804967,2.37819199127984,-6.85392245095815,2.4685901548588
opened_cohort,important_degree_top3,rolling5,exact1,nevertreated,pc_score,discussion_quality_pc_score,high,downstream_outcomes,overall_new_release_count,FALSE,sa,6,-2.76392323591857,3.11052465548141,-8.86055156066214,3.332705088825
opened_cohort,important_degree_top3,rolling5,exact1,nevertreated,pc_score,discussion_quality_pc_score,high,downstream_outcomes,overall_new_release_count,FALSE,sa,7,-3.00920961417647,3.96507697490678,-10.7807604849938,4.76234125664082
opened_cohort,important_degree_top3,rolling5,exact1,nevertreated,pc_score,discussion_quality_pc_score,high,downstream_outcomes,overall_new_release_count,FALSE,sa,8,1.18196057033114,1.27624232517594,-1.3194743870137,3.68339552767597
opened_cohort,important_degree_top3,rolling5,exact1,nevertreated,pc_score,discussion_quality_pc_score,high,downstream_outcomes,overall_new_release_count,FALSE,sa,9,1.15936731032228,1.4712815409996,-1.72434451003693,4.04307913068149
opened_cohort,important_degree_top3,rolling5,exact1,nevertreated,pc_score,discussion_quality_pc_score,high,downstream_outcomes,overall_new_release_count,FALSE,sa,10,-0.839969326725207,1.92017656382402,-4.60351539182029,2.92357673836987
opened_cohort,important_degree_top3,rolling5,exact1,nevertreated,pc_score,discussion_quality_pc_score,high,downstream_outcomes,overall_new_release_count,FALSE,sa,11,-0.400953759777925,1.27557077834069,-2.90107248532568,2.09916496576983
opened_cohort,important_degree_top3,rolling5,exact1,nevertreated,pc_score,investment_in_new_talent_pc_score,low,downstream_outcomes,overall_new_release_count,FALSE,sa,-15,0.37257700738924,1.0201627501168,-1.62694198283968,2.37209599761816
opened_cohort,important_degree_top3,rolling5,exact1,nevertreated,pc_score,investment_in_new_talent_pc_score,low,downstream_outcomes,overall_new_release_count,FALSE,sa,-14,1.74443276980494,1.19879522498662,-0.60520587116884,4.09407141077872
opened_cohort,important_degree_top3,rolling5,exact1,nevertreated,pc_score,investment_in_new_talent_pc_score,low,downstream_outcomes,overall_new_release_count,FALSE,sa,-13,2.55920335618151,1.32170080355222,-0.0313302187808451,5.14973693114387
opened_cohort,important_degree_top3,rolling5,exact1,nevertreated,pc_score,investment_in_new_talent_pc_score,low,downstream_outcomes,overall_new_release_count,FALSE,sa,-12,2.6081795670228,0.922499452443059,0.800080640234409,4.4162784938112
opened_cohort,important_degree_top3,rolling5,exact1,nevertreated,pc_score,investment_in_new_talent_pc_score,low,downstream_outcomes,overall_new_release_count,FALSE,sa,-11,2.62596582629047,1.04623634985516,0.575342580574353,4.67658907200659
opened_cohort,important_degree_top3,rolling5,exact1,nevertreated,pc_score,investment_in_new_talent_pc_score,low,downstream_outcomes,overall_new_release_count,FALSE,sa,-10,2.31376659824404,1.05799513709037,0.240096129546919,4.38743706694115
opened_cohort,important_degree_top3,rolling5,exact1,nevertreated,pc_score,investment_in_new_talent_pc_score,low,downstream_outcomes,overall_new_release_count,FALSE,sa,-9,1.57953653539567,1.04098657332418,-0.460797148319714,3.61987021911106
opened_cohort,important_degree_top3,rolling5,exact1,nevertreated,pc_score,investment_in_new_talent_pc_score,low,downstream_outcomes,overall_new_release_count,FALSE,sa,-8,1.56634920991585,0.963432121329713,-0.321977747890386,3.45467616772209
opened_cohort,important_degree_top3,rolling5,exact1,nevertreated,pc_score,investment_in_new_talent_pc_score,low,downstream_outcomes,overall_new_release_count,FALSE,sa,-7,1.16708328760442,0.946271125443724,-0.687608118265278,3.02177469347412
opened_cohort,important_degree_top3,rolling5,exact1,nevertreated,pc_score,investment_in_new_talent_pc_score,low,downstream_outcomes,overall_new_release_count,FALSE,sa,-6,1.37295261954797,0.881282793071997,-0.354361654873144,3.10026689396908
opened_cohort,important_degree_top3,rolling5,exact1,nevertreated,pc_score,investment_in_new_talent_pc_score,low,downstream_outcomes,overall_new_release_count,FALSE,sa,-5,0.198397555683483,0.679028465996904,-1.13249823767045,1.52929334903741
opened_cohort,important_degree_top3,rolling5,exact1,nevertreated,pc_score,investment_in_new_talent_pc_score,low,downstream_outcomes,overall_new_release_count,FALSE,sa,-4,0.816052446589634,0.890826745697747,-0.929967974977951,2.56207286815722
opened_cohort,important_degree_top3,rolling5,exact1,nevertreated,pc_score,investment_in_new_talent_pc_score,low,downstream_outcomes,overall_new_release_count,FALSE,sa,-3,0.274952829666124,0.601237567606916,-0.903472802843431,1.45337846217568
opened_cohort,important_degree_top3,rolling5,exact1,nevertreated,pc_score,investment_in_new_talent_pc_score,low,downstream_outcomes,overall_new_release_count,FALSE,sa,-2,0.019023754212666,0.534605487086175,-1.02880300047624,1.06685050890157
opened_cohort,important_degree_top3,rolling5,exact1,nevertreated,pc_score,investment_in_new_talent_pc_score,low,downstream_outcomes,overall_new_release_count,FALSE,sa,-1,0,0,0,0
opened_cohort,important_degree_top3,rolling5,exact1,nevertreated,pc_score,investment_in_new_talent_pc_score,low,downstream_outcomes,overall_new_release_count,FALSE,sa,0,-0.86812255710866,0.42413543697092,-1.69942801357166,-0.0368171006456574
opened_cohort,important_degree_top3,rolling5,exact1,nevertreated,pc_score,investment_in_new_talent_pc_score,low,downstream_outcomes,overall_new_release_count,FALSE,sa,1,-1.27886447418967,0.47286401943701,-2.20567795228621,-0.352050996093134
opened_cohort,important_degree_top3,rolling5,exact1,nevertreated,pc_score,investment_in_new_talent_pc_score,low,downstream_outcomes,overall_new_release_count,FALSE,sa,2,-0.915321207420591,0.495666445876664,-1.88682744133885,0.056185026497671
opened_cohort,important_degree_top3,rolling5,exact1,nevertreated,pc_score,investment_in_new_talent_pc_score,low,downstream_outcomes,overall_new_release_count,FALSE,sa,3,-0.854389307779007,0.536990598601791,-1.90689088103852,0.198112265480502
opened_cohort,important_degree_top3,rolling5,exact1,nevertreated,pc_score,investment_in_new_talent_pc_score,low,downstream_outcomes,overall_new_release_count,FALSE,sa,4,-0.58134783312464,0.682532516386611,-1.9191115652424,0.756415898993117
opened_cohort,important_degree_top3,rolling5,exact1,nevertreated,pc_score,investment_in_new_talent_pc_score,low,downstream_outcomes,overall_new_release_count,FALSE,sa,5,-0.526944351301796,0.707743679346604,-1.91412196282114,0.860233260217548
opened_cohort,important_degree_top3,rolling5,exact1,nevertreated,pc_score,investment_in_new_talent_pc_score,low,downstream_outcomes,overall_new_release_count,FALSE,sa,6,0.0169842511745004,0.720829200415786,-1.39584098164044,1.42980948398944
opened_cohort,important_degree_top3,rolling5,exact1,nevertreated,pc_score,investment_in_new_talent_pc_score,low,downstream_outcomes,overall_new_release_count,FALSE,sa,7,-0.0723865730358336,0.795311777154329,-1.63119765625832,1.48642451018665
opened_cohort,important_degree_top3,rolling5,exact1,nevertreated,pc_score,investment_in_new_talent_pc_score,low,downstream_outcomes,overall_new_release_count,FALSE,sa,8,-0.310407484903347,0.95724986192728,-2.18661721428082,1.56580224447412
opened_cohort,important_degree_top3,rolling5,exact1,nevertreated,pc_score,investment_in_new_talent_pc_score,low,downstream_outcomes,overall_new_release_count,FALSE,sa,9,-1.85368169233687,1.34709286061088,-4.4939836991342,0.786620314460464
opened_cohort,important_degree_top3,rolling5,exact1,nevertreated,pc_score,investment_in_new_talent_pc_score,low,downstream_outcomes,overall_new_release_count,FALSE,sa,10,-3.42487490540988,2.42966367729125,-8.18701571290073,1.33726590208097
opened_cohort,important_degree_top3,rolling5,exact1,nevertreated,pc_score,investment_in_new_talent_pc_score,low,downstream_outcomes,overall_new_release_count,FALSE,sa,11,-2.72676379727257,1.64202683225487,-5.94513638849212,0.491608793946979
opened_cohort,important_degree_top3,rolling5,exact1,nevertreated,pc_score,investment_in_new_talent_pc_score,high,downstream_outcomes,overall_new_release_count,FALSE,sa,-15,0.746525939707943,2.01380029966686,-3.20052264763911,4.69357452705499
opened_cohort,important_degree_top3,rolling5,exact1,nevertreated,pc_score,investment_in_new_talent_pc_score,high,downstream_outcomes,overall_new_release_count,FALSE,sa,-14,0.68503589645742,1.6538709764695,-2.5565512174228,3.92662301033764
opened_cohort,important_degree_top3,rolling5,exact1,nevertreated,pc_score,investment_in_new_talent_pc_score,high,downstream_outcomes,overall_new_release_count,FALSE,sa,-13,0.172593283166475,1.98114564000977,-3.71045217125267,4.05563873758562
opened_cohort,important_degree_top3,rolling5,exact1,nevertreated,pc_score,investment_in_new_talent_pc_score,high,downstream_outcomes,overall_new_release_count,FALSE,sa,-12,-0.515198628150672,2.4687787041204,-5.35400488822665,4.3236076319253
opened_cohort,important_degree_top3,rolling5,exact1,nevertreated,pc_score,investment_in_new_talent_pc_score,high,downstream_outcomes,overall_new_release_count,FALSE,sa,-11,0.0402387191830472,2.1633698717673,-4.19996622948087,4.28044366784696
opened_cohort,important_degree_top3,rolling5,exact1,nevertreated,pc_score,investment_in_new_talent_pc_score,high,downstream_outcomes,overall_new_release_count,FALSE,sa,-10,0.692873102870656,1.92060886891268,-3.0715202801982,4.45726648593951
opened_cohort,important_degree_top3,rolling5,exact1,nevertreated,pc_score,investment_in_new_talent_pc_score,high,downstream_outcomes,overall_new_release_count,FALSE,sa,-9,0.959041160741229,2.13724964778995,-3.22996814892707,5.14805047040953
opened_cohort,important_degree_top3,rolling5,exact1,nevertreated,pc_score,investment_in_new_talent_pc_score,high,downstream_outcomes,overall_new_release_count,FALSE,sa,-8,1.66585964827992,2.12399698146633,-2.49717443539409,5.82889373195393
opened_cohort,important_degree_top3,rolling5,exact1,nevertreated,pc_score,investment_in_new_talent_pc_score,high,downstream_outcomes,overall_new_release_count,FALSE,sa,-7,0.822164992604615,2.09447756879237,-3.28301104222843,4.92734102743766
opened_cohort,important_degree_top3,rolling5,exact1,nevertreated,pc_score,investment_in_new_talent_pc_score,high,downstream_outcomes,overall_new_release_count,FALSE,sa,-6,0.110397318686326,2.05137669601063,-3.91030100549451,4.13109564286716
opened_cohort,important_degree_top3,rolling5,exact1,nevertreated,pc_score,investment_in_new_talent_pc_score,high,downstream_outcomes,overall_new_release_count,FALSE,sa,-5,-1.66647222195851,2.67639671206461,-6.91220977760515,3.57926533368813
opened_cohort,important_degree_top3,rolling5,exact1,nevertreated,pc_score,investment_in_new_talent_pc_score,high,downstream_outcomes,overall_new_release_count,FALSE,sa,-4,-2.16999549647903,2.59972396193075,-7.2654544618633,2.92546346890525
opened_cohort,important_degree_top3,rolling5,exact1,nevertreated,pc_score,investment_in_new_talent_pc_score,high,downstream_outcomes,overall_new_release_count,FALSE,sa,-3,-2.14775573871844,2.10102298732408,-6.26576079387365,1.97024931643676
opened_cohort,important_degree_top3,rolling5,exact1,nevertreated,pc_score,investment_in_new_talent_pc_score,high,downstream_outcomes,overall_new_release_count,FALSE,sa,-2,-1.56190832689949,1.36401832186933,-4.23538423776337,1.11156758396439
opened_cohort,important_degree_top3,rolling5,exact1,nevertreated,pc_score,investment_in_new_talent_pc_score,high,downstream_outcomes,overall_new_release_count,FALSE,sa,-1,0,0,0,0
opened_cohort,important_degree_top3,rolling5,exact1,nevertreated,pc_score,investment_in_new_talent_pc_score,high,downstream_outcomes,overall_new_release_count,FALSE,sa,0,-0.334685168438846,0.688493343029603,-1.68413212077687,1.01476178389917
opened_cohort,important_degree_top3,rolling5,exact1,nevertreated,pc_score,investment_in_new_talent_pc_score,high,downstream_outcomes,overall_new_release_count,FALSE,sa,1,-0.721555807250963,0.823053692625907,-2.33474104479774,0.891629430295814
opened_cohort,important_degree_top3,rolling5,exact1,nevertreated,pc_score,investment_in_new_talent_pc_score,high,downstream_outcomes,overall_new_release_count,FALSE,sa,2,-2.0303793366627,1.24475198412124,-4.47009322554033,0.409334552214922
opened_cohort,important_degree_top3,rolling5,exact1,nevertreated,pc_score,investment_in_new_talent_pc_score,high,downstream_outcomes,overall_new_release_count,FALSE,sa,3,-3.19411945957753,2.41357104094328,-7.92471869982636,1.5364797806713
opened_cohort,important_degree_top3,rolling5,exact1,nevertreated,pc_score,investment_in_new_talent_pc_score,high,downstream_outcomes,overall_new_release_count,FALSE,sa,4,-3.81542469809083,2.51866379295779,-8.7520057322881,1.12115633610644
opened_cohort,important_degree_top3,rolling5,exact1,nevertreated,pc_score,investment_in_new_talent_pc_score,high,downstream_outcomes,overall_new_release_count,FALSE,sa,5,-4.18329124769574,2.52282637671307,-9.12803094605337,0.761448450661882
opened_cohort,important_degree_top3,rolling5,exact1,nevertreated,pc_score,investment_in_new_talent_pc_score,high,downstream_outcomes,overall_new_release_count,FALSE,sa,6,-4.72591990739757,3.16164158867347,-10.9227374211976,1.47089760640244
opened_cohort,important_degree_top3,rolling5,exact1,nevertreated,pc_score,investment_in_new_talent_pc_score,high,downstream_outcomes,overall_new_release_count,FALSE,sa,7,-5.27159625937472,4.07494374008682,-13.2584859899449,2.71529347119546
opened_cohort,important_degree_top3,rolling5,exact1,nevertreated,pc_score,investment_in_new_talent_pc_score,high,downstream_outcomes,overall_new_release_count,FALSE,sa,8,-1.1894646717358,2.08808202642942,-5.28210544353747,2.90317610006587
opened_cohort,important_degree_top3,rolling5,exact1,nevertreated,pc_score,investment_in_new_talent_pc_score,high,downstream_outcomes,overall_new_release_count,FALSE,sa,9,-0.914172498955149,2.12134287913133,-5.07200454205256,3.24365954414226
opened_cohort,important_degree_top3,rolling5,exact1,nevertreated,pc_score,investment_in_new_talent_pc_score,high,downstream_outcomes,overall_new_release_count,FALSE,sa,10,-1.7423090990959,2.2663921825262,-6.18443777684726,2.69981957865546
opened_cohort,important_degree_top3,rolling5,exact1,nevertreated,pc_score,investment_in_new_talent_pc_score,high,downstream_outcomes,overall_new_release_count,FALSE,sa,11,-0.459524853089073,2.07779392702313,-4.53200095005441,3.61295124387626
opened_cohort,important_degree_top3,rolling5,exact1,nevertreated,pc_score,problem_solving_routines_pc_score,low,downstream_outcomes,overall_new_release_count,FALSE,sa,-15,-0.131910197654106,0.729497567458449,-1.56172542987267,1.29790503456445
opened_cohort,important_degree_top3,rolling5,exact1,nevertreated,pc_score,problem_solving_routines_pc_score,low,downstream_outcomes,overall_new_release_count,FALSE,sa,-14,1.27957878509616,1.10631965785962,-0.888807744308708,3.44796531450102
opened_cohort,important_degree_top3,rolling5,exact1,nevertreated,pc_score,problem_solving_routines_pc_score,low,downstream_outcomes,overall_new_release_count,FALSE,sa,-13,2.05024674168628,1.20570382945356,-0.3129327640427,4.41342624741526
opened_cohort,important_degree_top3,rolling5,exact1,nevertreated,pc_score,problem_solving_routines_pc_score,low,downstream_outcomes,overall_new_release_count,FALSE,sa,-12,2.22526821571458,0.825672786804509,0.606949553577743,3.84358687785142
opened_cohort,important_degree_top3,rolling5,exact1,nevertreated,pc_score,problem_solving_routines_pc_score,low,downstream_outcomes,overall_new_release_count,FALSE,sa,-11,2.53641353561412,1.05263335774609,0.473252154431771,4.59957491679646
opened_cohort,important_degree_top3,rolling5,exact1,nevertreated,pc_score,problem_solving_routines_pc_score,low,downstream_outcomes,overall_new_release_count,FALSE,sa,-10,2.49938103468724,0.957846323678456,0.622002240277466,4.37675982909701
opened_cohort,important_degree_top3,rolling5,exact1,nevertreated,pc_score,problem_solving_routines_pc_score,low,downstream_outcomes,overall_new_release_count,FALSE,sa,-9,2.44444359340299,0.860313248282533,0.758229626769229,4.13065756003676
opened_cohort,important_degree_top3,rolling5,exact1,nevertreated,pc_score,problem_solving_routines_pc_score,low,downstream_outcomes,overall_new_release_count,FALSE,sa,-8,2.53978920670765,0.856080076983534,0.861872255819927,4.21770615759538
opened_cohort,important_degree_top3,rolling5,exact1,nevertreated,pc_score,problem_solving_routines_pc_score,low,downstream_outcomes,overall_new_release_count,FALSE,sa,-7,1.77053146399833,0.740526707739683,0.31909911682855,3.22196381116811
opened_cohort,important_degree_top3,rolling5,exact1,nevertreated,pc_score,problem_solving_routines_pc_score,low,downstream_outcomes,overall_new_release_count,FALSE,sa,-6,2.27984009097083,0.779232713014918,0.752543973461588,3.80713620848007
opened_cohort,important_degree_top3,rolling5,exact1,nevertreated,pc_score,problem_solving_routines_pc_score,low,downstream_outcomes,overall_new_release_count,FALSE,sa,-5,1.11314810073224,0.58051160669965,-0.0246546483990702,2.25095084986356
opened_cohort,important_degree_top3,rolling5,exact1,nevertreated,pc_score,problem_solving_routines_pc_score,low,downstream_outcomes,overall_new_release_count,FALSE,sa,-4,1.19098654908416,0.728756271527141,-0.23737574310904,2.61934884127735
opened_cohort,important_degree_top3,rolling5,exact1,nevertreated,pc_score,problem_solving_routines_pc_score,low,downstream_outcomes,overall_new_release_count,FALSE,sa,-3,0.735287680963977,0.54771040368668,-0.338224710261916,1.80880007218987
opened_cohort,important_degree_top3,rolling5,exact1,nevertreated,pc_score,problem_solving_routines_pc_score,low,downstream_outcomes,overall_new_release_count,FALSE,sa,-2,0.392993838935949,0.416667377453842,-0.423674220873582,1.20966189874548
opened_cohort,important_degree_top3,rolling5,exact1,nevertreated,pc_score,problem_solving_routines_pc_score,low,downstream_outcomes,overall_new_release_count,FALSE,sa,-1,0,0,0,0
opened_cohort,important_degree_top3,rolling5,exact1,nevertreated,pc_score,problem_solving_routines_pc_score,low,downstream_outcomes,overall_new_release_count,FALSE,sa,0,-0.122319073850362,0.372392467698001,-0.852208310538444,0.607570162837719
opened_cohort,important_degree_top3,rolling5,exact1,nevertreated,pc_score,problem_solving_routines_pc_score,low,downstream_outcomes,overall_new_release_count,FALSE,sa,1,-0.169611362264792,0.472328061801426,-1.09537436339559,0.756151638866004
opened_cohort,important_degree_top3,rolling5,exact1,nevertreated,pc_score,problem_solving_routines_pc_score,low,downstream_outcomes,overall_new_release_count,FALSE,sa,2,0.0609994331897445,0.558623947365638,-1.03390350364691,1.15590237002639
opened_cohort,important_degree_top3,rolling5,exact1,nevertreated,pc_score,problem_solving_routines_pc_score,low,downstream_outcomes,overall_new_release_count,FALSE,sa,3,0.0258431831897467,0.639326077225975,-1.22723592817316,1.27892229455266
opened_cohort,important_degree_top3,rolling5,exact1,nevertreated,pc_score,problem_solving_routines_pc_score,low,downstream_outcomes,overall_new_release_count,FALSE,sa,4,0.780743751371556,0.771043225728335,-0.730500971055981,2.29198847379909
opened_cohort,important_degree_top3,rolling5,exact1,nevertreated,pc_score,problem_solving_routines_pc_score,low,downstream_outcomes,overall_new_release_count,FALSE,sa,5,0.530459660462466,0.805373881279031,-1.04807314684444,2.10899246776937
opened_cohort,important_degree_top3,rolling5,exact1,nevertreated,pc_score,problem_solving_routines_pc_score,low,downstream_outcomes,overall_new_release_count,FALSE,sa,6,0.989988365391892,0.903191253119025,-0.780266490721397,2.76024322150518
opened_cohort,important_degree_top3,rolling5,exact1,nevertreated,pc_score,problem_solving_routines_pc_score,low,downstream_outcomes,overall_new_release_count,FALSE,sa,7,0.924676861499414,0.970909283600718,-0.978305334357993,2.82765905735682
opened_cohort,important_degree_top3,rolling5,exact1,nevertreated,pc_score,problem_solving_routines_pc_score,low,downstream_outcomes,overall_new_release_count,FALSE,sa,8,0.689463898612411,1.12969861018695,-1.52474537735401,2.90367317457883
opened_cohort,important_degree_top3,rolling5,exact1,nevertreated,pc_score,problem_solving_routines_pc_score,low,downstream_outcomes,overall_new_release_count,FALSE,sa,9,1.02884278591279,1.22486749222539,-1.37189749884896,3.42958307067455
opened_cohort,important_degree_top3,rolling5,exact1,nevertreated,pc_score,problem_solving_routines_pc_score,low,downstream_outcomes,overall_new_release_count,FALSE,sa,10,1.24308486311435,1.37234251800649,-1.44670647217837,3.93287619840707
opened_cohort,important_degree_top3,rolling5,exact1,nevertreated,pc_score,problem_solving_routines_pc_score,low,downstream_outcomes,overall_new_release_count,FALSE,sa,11,0.560506502423432,1.25871778228849,-1.90658035086202,3.02759335570888
opened_cohort,important_degree_top3,rolling5,exact1,nevertreated,pc_score,problem_solving_routines_pc_score,high,downstream_outcomes,overall_new_release_count,FALSE,sa,-15,1.70308420315675,1.96715482372005,-2.15253925133455,5.55870765764805
opened_cohort,important_degree_top3,rolling5,exact1,nevertreated,pc_score,problem_solving_routines_pc_score,high,downstream_outcomes,overall_new_release_count,FALSE,sa,-14,1.54513990329984,1.79576886531432,-1.97456707271623,5.06484687931591
opened_cohort,important_degree_top3,rolling5,exact1,nevertreated,pc_score,problem_solving_routines_pc_score,high,downstream_outcomes,overall_new_release_count,FALSE,sa,-13,0.727263950084588,2.11471996866967,-3.41758718850796,4.87211508867713
opened_cohort,important_degree_top3,rolling5,exact1,nevertreated,pc_score,problem_solving_routines_pc_score,high,downstream_outcomes,overall_new_release_count,FALSE,sa,-12,0.351355086037166,2.46432381338553,-4.47871958819848,5.18142976027281
opened_cohort,important_degree_top3,rolling5,exact1,nevertreated,pc_score,problem_solving_routines_pc_score,high,downstream_outcomes,overall_new_release_count,FALSE,sa,-11,0.820498709892182,1.99715941927062,-3.09393375187824,4.7349311716626
opened_cohort,important_degree_top3,rolling5,exact1,nevertreated,pc_score,problem_solving_routines_pc_score,high,downstream_outcomes,overall_new_release_count,FALSE,sa,-10,0.791930577507198,2.14075578536838,-3.40395076181483,4.98781191682922
opened_cohort,important_degree_top3,rolling5,exact1,nevertreated,pc_score,problem_solving_routines_pc_score,high,downstream_outcomes,overall_new_release_count,FALSE,sa,-9,0.160618070673004,2.44818739195342,-4.6378292175557,4.95906535890171
opened_cohort,important_degree_top3,rolling5,exact1,nevertreated,pc_score,problem_solving_routines_pc_score,high,downstream_outcomes,overall_new_release_count,FALSE,sa,-8,1.28036859528681,2.20688151773164,-3.0451191794672,5.60585637004082
opened_cohort,important_degree_top3,rolling5,exact1,nevertreated,pc_score,problem_solving_routines_pc_score,high,downstream_outcomes,overall_new_release_count,FALSE,sa,-7,0.638337489012947,2.0078689925259,-3.29708573633781,4.5737607143637
opened_cohort,important_degree_top3,rolling5,exact1,nevertreated,pc_score,problem_solving_routines_pc_score,high,downstream_outcomes,overall_new_release_count,FALSE,sa,-6,-0.344874969442319,1.93270038165042,-4.13296771747715,3.44321777859251
opened_cohort,important_degree_top3,rolling5,exact1,nevertreated,pc_score,problem_solving_routines_pc_score,high,downstream_outcomes,overall_new_release_count,FALSE,sa,-5,-1.85851103874548,2.42948631747274,-6.62030422099205,2.90328214350109
opened_cohort,important_degree_top3,rolling5,exact1,nevertreated,pc_score,problem_solving_routines_pc_score,high,downstream_outcomes,overall_new_release_count,FALSE,sa,-4,-1.92254645930568,2.37018833036104,-6.56811558681331,2.72302266820196
opened_cohort,important_degree_top3,rolling5,exact1,nevertreated,pc_score,problem_solving_routines_pc_score,high,downstream_outcomes,overall_new_release_count,FALSE,sa,-3,-1.9871922389267,1.8815256253093,-5.67498246453293,1.70059798667952
opened_cohort,important_degree_top3,rolling5,exact1,nevertreated,pc_score,problem_solving_routines_pc_score,high,downstream_outcomes,overall_new_release_count,FALSE,sa,-2,-1.48256113490625,1.26433075522297,-3.96064941514327,0.995527145330773
opened_cohort,important_degree_top3,rolling5,exact1,nevertreated,pc_score,problem_solving_routines_pc_score,high,downstream_outcomes,overall_new_release_count,FALSE,sa,-1,0,0,0,0
opened_cohort,important_degree_top3,rolling5,exact1,nevertreated,pc_score,problem_solving_routines_pc_score,high,downstream_outcomes,overall_new_release_count,FALSE,sa,0,-1.04569611733821,0.654114348924036,-2.32776024122932,0.236368006552897
opened_cohort,important_degree_top3,rolling5,exact1,nevertreated,pc_score,problem_solving_routines_pc_score,high,downstream_outcomes,overall_new_release_count,FALSE,sa,1,-1.77522827672112,0.748340726571888,-3.24197610080202,-0.308480452640219
opened_cohort,important_degree_top3,rolling5,exact1,nevertreated,pc_score,problem_solving_routines_pc_score,high,downstream_outcomes,overall_new_release_count,FALSE,sa,2,-2.88726549323597,1.09867447229571,-5.04066745893557,-0.733863527536371
opened_cohort,important_degree_top3,rolling5,exact1,nevertreated,pc_score,problem_solving_routines_pc_score,high,downstream_outcomes,overall_new_release_count,FALSE,sa,3,-3.86510357555167,2.12959367061777,-8.03910716996249,0.308900018859154
opened_cohort,important_degree_top3,rolling5,exact1,nevertreated,pc_score,problem_solving_routines_pc_score,high,downstream_outcomes,overall_new_release_count,FALSE,sa,4,-4.67785798532101,2.21841694943566,-9.0259552062149,-0.329760764427125
opened_cohort,important_degree_top3,rolling5,exact1,nevertreated,pc_score,problem_solving_routines_pc_score,high,downstream_outcomes,overall_new_release_count,FALSE,sa,5,-4.77658512882427,2.22282830757314,-9.13332861166762,-0.419841645980926
opened_cohort,important_degree_top3,rolling5,exact1,nevertreated,pc_score,problem_solving_routines_pc_score,high,downstream_outcomes,overall_new_release_count,FALSE,sa,6,-5.25718030869869,2.86136703328339,-10.8654596939341,0.351099076536755
opened_cohort,important_degree_top3,rolling5,exact1,nevertreated,pc_score,problem_solving_routines_pc_score,high,downstream_outcomes,overall_new_release_count,FALSE,sa,7,-5.77430327047485,3.6219922960601,-12.8734081707526,1.32480162980295
opened_cohort,important_degree_top3,rolling5,exact1,nevertreated,pc_score,problem_solving_routines_pc_score,high,downstream_outcomes,overall_new_release_count,FALSE,sa,8,-2.36772513041176,1.8817427186159,-6.05594085889892,1.3204905980754
opened_cohort,important_degree_top3,rolling5,exact1,nevertreated,pc_score,problem_solving_routines_pc_score,high,downstream_outcomes,overall_new_release_count,FALSE,sa,9,-3.69742765278151,2.02018674034452,-7.65699366385678,0.26213835829376
opened_cohort,important_degree_top3,rolling5,exact1,nevertreated,pc_score,problem_solving_routines_pc_score,high,downstream_outcomes,overall_new_release_count,FALSE,sa,10,-6.03791444716854,2.7984401600975,-11.5228571609596,-0.552971733377444
opened_cohort,important_degree_top3,rolling5,exact1,nevertreated,pc_score,problem_solving_routines_pc_score,high,downstream_outcomes,overall_new_release_count,FALSE,sa,11,-4.40578879683483,2.39262772492265,-9.09533913768323,0.283761544013568
