metric,n,n_na,mean,median,sd,p10,p25,p75,p90
error_open_pct,266,3,7.600529300882775,-67.56661991584852,318.19324116048944,-100.0,-100.0,-9.090909090909099,112.91208791208791
error_review_rate_pp,183,86,-7.871228788809009,-5.4020966537420945,41.555664939941046,-70.81445268974511,-35.60798889631822,18.97055364938027,44.62486449811312
error_merge_rate_pp,144,125,-16.881363491863446,-10.555555555555557,375.4688363146575,-146.61358811040338,-69.58333333333333,30.394736842105267,147.35294117647072
