metric,n,n_na,mean,median,sd,p10,p25,p75,p90
error_open_pct,100,0,-11.988692074302387,-58.33333333333333,118.50151592927635,-100.0,-99.99999999999999,32.775119617224874,105.44871794871797
error_review_rate_pp,74,26,17.879137437103633,5.144231109745465,86.19511485878319,-55.425638642814896,-29.655337526173785,42.063011840581275,81.13031477175532
error_merge_rate_pp,58,42,20.4799257225243,13.708778966131906,83.95944134308668,-77.61904761904762,-23.784722222222214,49.26669370100027,107.4703557312254
