metric,n,n_na,mean,median,sd,p10,p25,p75,p90
error_open_pct,362,0,43.32736156657352,-33.333333333333336,417.6328764121629,-100.0,-79.79166666666666,34.498123827392135,156.08108108108138
error_review_rate_pp,299,63,-3.2605793477122327,0.0,34.20841464320512,-51.46763780908987,-18.351027752031854,16.15002087055592,32.05844324997307
error_merge_rate_pp,260,102,-3.132709553331128,-20.662431941923778,331.8451062802491,-116.73076923076923,-59.77272727272729,11.29975829880755,65.63218390804597
error_review_rate_pct,291,71,1.69112238624444,0.0,91.44069506634689,-100.0,-32.86364904094095,24.112446859247775,55.30111561099257
error_merge_rate_pct,256,106,2.4665779921009694,-22.159800249687887,155.74460245478312,-100.0,-50.0,10.625000000000009,80.15873015873015
