metric,n,n_na,mean,median,sd,p10,p25,p75,p90
error_open_pct,100,0,-40.22616554121293,-75.90011614401858,98.61812441356572,-100.0,-100.0,-32.142857142857146,54.37062937062946
error_review_rate_pp,62,38,29.726292118874376,20.89369204660258,96.89012630446388,-59.9182486130816,-13.457110911616072,48.504683049580926,103.34843674289485
error_merge_rate_pp,56,44,23.82167906206948,1.6666666666666663,119.3658954364782,-96.42857142857143,-53.19293478260869,50.255102040816325,139.9505928853755
error_review_rate_pct,61,39,95.48754874930822,30.963796355502943,343.478697304898,-100.0,-29.943827676509404,73.34150785556307,198.2813331426475
error_merge_rate_pct,45,55,110.06957678451651,23.421052631578956,356.1932858280976,-100.0,-100.0,94.44444444444443,357.7777777777778
