metric,n,n_na,mean,median,sd,p10,p25,p75,p90
error_open_pct,220,0,21410.729155991132,-27.33333333333332,316777.289153103,-94.98506188647033,-70.58823529411764,31.882821387940822,197.18749999999991
error_review_rate_pp,202,18,-10.008399360159961,-5.108467057961825,29.99899793419265,-54.053936251146546,-26.35913317343692,10.24978099919769,23.872559521489936
error_merge_rate_pp,185,35,-41.04643711628588,-25.0,328.8793852570872,-106.65845019226425,-59.65909090909092,1.9209039548022666,55.396825396825385
error_review_rate_pct,200,20,-2.74841948284637,-6.735487908076223,101.9057116840902,-75.59340086803242,-36.62272328635025,14.495352660392559,38.170391321048314
error_merge_rate_pct,185,35,-5.114153035908038,-23.583839368822296,86.68710153340318,-77.29537029333184,-42.90780141843972,2.2666666666666746,75.94689286372851
