metric,n,n_na,mean,median,sd,p10,p25,p75,p90
error_open_pct,266,3,8847.675947872538,-54.54545454545455,144041.53377906937,-100.0,-86.75320056899004,2.7755575615628945e-15,150.0
error_review_rate_pp,212,57,19.27313626890811,5.036525595541885,130.38627156725553,-50.684909295140216,-23.751646122054794,33.31346722721243,73.34125504083353
error_merge_rate_pp,182,87,13.351591702611751,-4.3563300142247465,296.5321071508015,-112.90573770491802,-55.544206106003855,39.846938775510196,127.14285714285721
error_review_rate_pct,210,59,43.2933956070057,6.862613491472041,188.39748383600886,-100.0,-42.238136011564556,61.218406881408164,186.01374685753183
error_merge_rate_pct,182,87,65.29673121225761,-3.0320813771517994,331.034032625822,-100.0,-49.94621141253508,49.02288218111003,163.8293650793651
