metric,n,n_na,mean,median,sd,p10,p25,p75,p90
error_open_pct,366,3,6450.378973672179,-61.0323886639676,122797.93785606168,-100.0,-100.0,-7.828282828282825,122.25609756097563
error_review_rate_pp,268,101,-1.8068987323363037,1.4779162881339736,41.279257870672936,-61.208940179498754,-26.694741307005636,25.377554073516254,49.93995308287525
error_merge_rate_pp,217,152,-0.5906299749935467,5.05050505050505,281.5843853008915,-101.875,-38.305709023941034,41.860465116279066,116.8081326490328
