metric,n,n_na,mean,median,sd,p10,p25,p75,p90
error_open_pct,362,0,91.08223229337935,-49.40944881889763,702.6945384708389,-100.0,-90.70366132723112,30.54695562435501,210.18867924528345
error_review_rate_pp,282,80,-14.66705533095379,-10.70618859160129,35.90174250222548,-65.2587689872998,-39.75636159721765,8.161120466139089,25.689966877613063
error_merge_rate_pp,236,126,-20.115715778688813,-20.02747252747253,149.98366293686865,-150.43859649122805,-69.58333333333333,12.247267759562845,87.49103942652332
