metric,n,n_na,mean,median,sd,p10,p25,p75,p90
error_open_pct,362,0,91.08223229337935,-49.40944881889763,702.6945384708389,-100.0,-90.70366132723112,30.54695562435501,210.18867924528345
error_review_rate_pp,282,80,-14.66705533095379,-10.70618859160129,35.90174250222548,-65.2587689872998,-39.75636159721765,8.161120466139089,25.689966877613063
error_merge_rate_pp,236,126,-20.115715778688813,-20.02747252747253,149.98366293686865,-150.43859649122805,-69.58333333333333,12.247267759562845,87.49103942652332
error_review_rate_pct,277,85,-16.515639106241103,-13.979974538072454,61.65462009451533,-100.0,-56.51153943697692,8.899328000746909,50.951006015534226
error_merge_rate_pct,232,130,4.223322407432578,-22.157259347998448,136.97575942099496,-100.0,-59.21781756180733,7.555555555555552,107.50000000000006
