metric,n,n_na,mean,median,sd,p10,p25,p75,p90
error_open_pct,220,0,43.84106508379471,-26.19825708061002,444.0444780469651,-81.99701937406856,-60.0,39.841778626474806,150.68027210884347
error_review_rate_pp,211,9,-3.765969371610084,0.8638752884325474,27.6415279713299,-38.490837983156744,-16.629164107504344,11.73830326096707,24.655799740490746
error_merge_rate_pp,196,24,-7.399511710654739,-18.115290605418537,124.57566954522463,-101.02316699331627,-50.00350364684766,8.437937675070023,75.29761904761907
