metric,n,n_na,mean,median,sd,p10,p25,p75,p90
error_open_pct,362,0,91.08223229337935,-49.40944881889763,702.6945384708389,-100.0,-90.70366132723112,30.54695562435501,210.18867924528345
error_review_rate_pp,282,80,16.85156378218032,7.263589029458917,123.98687832248011,-53.59315863148274,-27.33948463287037,33.67087685058946,76.81152914576961
error_merge_rate_pp,259,103,-18.004191139422204,-17.848129177603266,182.25395064739516,-147.8746081504702,-69.73275170477336,28.70879120879121,103.92985131911146
