metric,n,n_na,mean,median,sd,p10,p25,p75,p90
error_open_pct,582,0,43.5215450266915,-30.116279069767426,427.428943483538,-100.0,-71.13120269133725,36.36363636363635,156.081081081081
error_review_rate_pp,510,72,-3.0285337859153825,1.9225337295166345,30.447225838859218,-42.69419819332461,-16.407969306237128,13.53689367804214,25.34751248000302
error_merge_rate_pp,462,120,-5.990564677393136,-20.71078431372549,264.44548223648445,-115.43478260869564,-55.75483091787439,11.227392806340188,63.68627450980393
error_review_rate_pct,504,78,1.6474914815473154,2.04684365090132,79.45034261754952,-79.72558952672907,-22.611612573589223,18.345412274614983,44.94556893583232
error_merge_rate_pct,460,122,0.9486224100592848,-19.139194139194142,128.03706417090137,-76.05927526361522,-44.809284875474695,12.858849381678334,68.844696969697
