importance_type,rolling,qualified_sample,control_group,split_type,split_covar,split_value,category,outcome,normalize,method,event_time,estimate,sd,ci_low,ci_high
important_degree_top3,rolling5,exact_1_2,nevertreated,full_sample,"","",github_outcomes,pull_request_opened,TRUE,sa,-15,0.412073668465576,0.702298449173786,-0.964431291915044,1.7885786288462
important_degree_top3,rolling5,exact_1_2,nevertreated,full_sample,"","",github_outcomes,pull_request_opened,TRUE,sa,-14,0.0221152425789279,0.471515263384306,-0.902054673654311,0.946285158812167
important_degree_top3,rolling5,exact_1_2,nevertreated,full_sample,"","",github_outcomes,pull_request_opened,TRUE,sa,-13,0.840623325351086,0.367499883270832,0.120323554140256,1.56092309656192
important_degree_top3,rolling5,exact_1_2,nevertreated,full_sample,"","",github_outcomes,pull_request_opened,TRUE,sa,-12,0.380904901231447,0.294929199705106,-0.197156330190562,0.958966132653455
important_degree_top3,rolling5,exact_1_2,nevertreated,full_sample,"","",github_outcomes,pull_request_opened,TRUE,sa,-11,0.511875267790031,0.284558958110987,-0.0458602901075047,1.06961082568757
important_degree_top3,rolling5,exact_1_2,nevertreated,full_sample,"","",github_outcomes,pull_request_opened,TRUE,sa,-10,0.620298670315916,0.290654326045505,0.0506161912667248,1.18998114936511
important_degree_top3,rolling5,exact_1_2,nevertreated,full_sample,"","",github_outcomes,pull_request_opened,TRUE,sa,-9,0.682808653270208,0.311670403710707,0.071934661997223,1.29368264454319
important_degree_top3,rolling5,exact_1_2,nevertreated,full_sample,"","",github_outcomes,pull_request_opened,TRUE,sa,-8,0.557382564339776,0.283219284384824,0.0022727669455207,1.11249236173403
important_degree_top3,rolling5,exact_1_2,nevertreated,full_sample,"","",github_outcomes,pull_request_opened,TRUE,sa,-7,0.499947430951504,0.258742870866651,-0.00718859594713228,1.00708345785014
important_degree_top3,rolling5,exact_1_2,nevertreated,full_sample,"","",github_outcomes,pull_request_opened,TRUE,sa,-6,0.382123096189558,0.226085065292445,-0.0610036317836342,0.82524982416275
important_degree_top3,rolling5,exact_1_2,nevertreated,full_sample,"","",github_outcomes,pull_request_opened,TRUE,sa,-5,0.173593370086846,0.157376007393964,-0.134863604405324,0.482050344579016
important_degree_top3,rolling5,exact_1_2,nevertreated,full_sample,"","",github_outcomes,pull_request_opened,TRUE,sa,-4,0.16458431792088,0.117018833075366,-0.064772594906837,0.393941230748596
important_degree_top3,rolling5,exact_1_2,nevertreated,full_sample,"","",github_outcomes,pull_request_opened,TRUE,sa,-3,0.104353218548237,0.0932453185200372,-0.0784076057510358,0.28711404284751
important_degree_top3,rolling5,exact_1_2,nevertreated,full_sample,"","",github_outcomes,pull_request_opened,TRUE,sa,-2,0.317930790075836,0.077127383138905,0.166761119123582,0.469100461028089
important_degree_top3,rolling5,exact_1_2,nevertreated,full_sample,"","",github_outcomes,pull_request_opened,TRUE,sa,-1,0,0,0,0
important_degree_top3,rolling5,exact_1_2,nevertreated,full_sample,"","",github_outcomes,pull_request_opened,TRUE,sa,0,-0.0502666285920387,0.13865916192545,-0.32203858596592,0.221505328781843
important_degree_top3,rolling5,exact_1_2,nevertreated,full_sample,"","",github_outcomes,pull_request_opened,TRUE,sa,1,-0.552937757464957,0.210985517320662,-0.966469371413455,-0.139406143516459
important_degree_top3,rolling5,exact_1_2,nevertreated,full_sample,"","",github_outcomes,pull_request_opened,TRUE,sa,2,-0.704701434010529,0.30386461851659,-1.30027608630305,-0.109126781718014
important_degree_top3,rolling5,exact_1_2,nevertreated,full_sample,"","",github_outcomes,pull_request_opened,TRUE,sa,3,-0.8900058665527,0.448685132406341,-1.76942872606913,-0.0105830070362715
important_degree_top3,rolling5,exact_1_2,nevertreated,full_sample,"","",github_outcomes,pull_request_opened,TRUE,sa,4,-1.09138193988993,0.652948804836607,-2.37116159736968,0.188397717589818
important_degree_top3,rolling5,exact_1_2,nevertreated,full_sample,"","",github_outcomes,pull_request_opened,TRUE,sa,5,-1.10851564561611,0.774649809048074,-2.62682927135033,0.409797980118118
important_degree_top3,rolling5,exact_1_2,nevertreated,full_sample,"","",github_outcomes,pull_request_opened,TRUE,sa,6,-1.25568336996941,0.868092315307362,-2.95714430797184,0.445777568033017
important_degree_top3,rolling5,exact_1_2,nevertreated,full_sample,"","",github_outcomes,pull_request_opened,TRUE,sa,7,-1.56801281782554,1.00080564614998,-3.5295918842795,0.393566248628433
important_degree_top3,rolling5,exact_1_2,nevertreated,full_sample,"","",github_outcomes,pull_request_opened,TRUE,sa,8,-1.75732779372318,1.0291911754184,-3.77454249754325,0.259886910096879
important_degree_top3,rolling5,exact_1_2,nevertreated,full_sample,"","",github_outcomes,pull_request_opened,TRUE,sa,9,-2.07965371072131,1.13493234358677,-4.30412110415138,0.14481368270876
important_degree_top3,rolling5,exact_1_2,nevertreated,full_sample,"","",github_outcomes,pull_request_opened,TRUE,sa,10,-2.24847786547462,1.22682928275653,-4.65306325967742,0.156107528728191
important_degree_top3,rolling5,exact_1_2,nevertreated,full_sample,"","",github_outcomes,pull_request_opened,TRUE,sa,11,-2.2074722484492,1.15881470069409,-4.47874906180961,0.0638045649112118
important_degree_top3,rolling5,exact_1_2,nevertreated,full_sample,"","",github_outcomes,pull_request_opened,FALSE,sa,-15,19.8441256249084,6.39966809711162,7.30077615456963,32.3874750952472
important_degree_top3,rolling5,exact_1_2,nevertreated,full_sample,"","",github_outcomes,pull_request_opened,FALSE,sa,-14,11.3270808801365,6.8755873495647,-2.14907032501032,24.8032320852833
important_degree_top3,rolling5,exact_1_2,nevertreated,full_sample,"","",github_outcomes,pull_request_opened,FALSE,sa,-13,13.2469240666407,6.73206193141721,0.0520826810629345,26.4417654522184
important_degree_top3,rolling5,exact_1_2,nevertreated,full_sample,"","",github_outcomes,pull_request_opened,FALSE,sa,-12,12.6326434096724,6.06276105823108,0.749631735539465,24.5156550838053
important_degree_top3,rolling5,exact_1_2,nevertreated,full_sample,"","",github_outcomes,pull_request_opened,FALSE,sa,-11,12.7814751825519,6.40711292103748,0.223533857318458,25.3394165077854
important_degree_top3,rolling5,exact_1_2,nevertreated,full_sample,"","",github_outcomes,pull_request_opened,FALSE,sa,-10,13.4878513865856,6.68739550040379,0.380556205794155,26.595146567377
important_degree_top3,rolling5,exact_1_2,nevertreated,full_sample,"","",github_outcomes,pull_request_opened,FALSE,sa,-9,13.764656687423,6.49301889930207,1.03833964479092,26.490973730055
important_degree_top3,rolling5,exact_1_2,nevertreated,full_sample,"","",github_outcomes,pull_request_opened,FALSE,sa,-8,13.755938764584,6.392154646078,1.22731565827116,26.2845618708969
important_degree_top3,rolling5,exact_1_2,nevertreated,full_sample,"","",github_outcomes,pull_request_opened,FALSE,sa,-7,12.370564239085,5.61024921380137,1.37447578003435,23.3666526981357
important_degree_top3,rolling5,exact_1_2,nevertreated,full_sample,"","",github_outcomes,pull_request_opened,FALSE,sa,-6,10.3604222947234,4.41147894734999,1.71392355791743,19.0069210315294
important_degree_top3,rolling5,exact_1_2,nevertreated,full_sample,"","",github_outcomes,pull_request_opened,FALSE,sa,-5,8.39328302898719,3.29616048534895,1.93280847770324,14.8537575802711
important_degree_top3,rolling5,exact_1_2,nevertreated,full_sample,"","",github_outcomes,pull_request_opened,FALSE,sa,-4,7.01546620147256,2.4159050200914,2.28029236209342,11.7506400408517
important_degree_top3,rolling5,exact_1_2,nevertreated,full_sample,"","",github_outcomes,pull_request_opened,FALSE,sa,-3,4.79643448463938,1.84823466157154,1.17389454795917,8.4189744213196
important_degree_top3,rolling5,exact_1_2,nevertreated,full_sample,"","",github_outcomes,pull_request_opened,FALSE,sa,-2,4.73315955812457,1.16800996900709,2.44386001887067,7.02245909737847
important_degree_top3,rolling5,exact_1_2,nevertreated,full_sample,"","",github_outcomes,pull_request_opened,FALSE,sa,-1,0,0,0,0
important_degree_top3,rolling5,exact_1_2,nevertreated,full_sample,"","",github_outcomes,pull_request_opened,FALSE,sa,0,-3.01210784182265,1.24168053670111,-5.44580169375682,-0.578413989888485
important_degree_top3,rolling5,exact_1_2,nevertreated,full_sample,"","",github_outcomes,pull_request_opened,FALSE,sa,1,-5.85960933658273,2.49027696311301,-10.7405521842842,-0.978666488881228
important_degree_top3,rolling5,exact_1_2,nevertreated,full_sample,"","",github_outcomes,pull_request_opened,FALSE,sa,2,-8.89102546373217,3.59500831017197,-15.9372417516692,-1.8448091757951
important_degree_top3,rolling5,exact_1_2,nevertreated,full_sample,"","",github_outcomes,pull_request_opened,FALSE,sa,3,-11.3138446303438,4.65437813604527,-20.4364257769926,-2.19126348369511
important_degree_top3,rolling5,exact_1_2,nevertreated,full_sample,"","",github_outcomes,pull_request_opened,FALSE,sa,4,-13.169878024006,5.8132727738257,-24.5638926607044,-1.77586338730768
important_degree_top3,rolling5,exact_1_2,nevertreated,full_sample,"","",github_outcomes,pull_request_opened,FALSE,sa,5,-12.3419627586453,6.4839953525375,-25.0505936496188,0.366668132328197
important_degree_top3,rolling5,exact_1_2,nevertreated,full_sample,"","",github_outcomes,pull_request_opened,FALSE,sa,6,-14.6939389393629,7.62406136909378,-29.6370992227867,0.249221344060901
important_degree_top3,rolling5,exact_1_2,nevertreated,full_sample,"","",github_outcomes,pull_request_opened,FALSE,sa,7,-12.9461116748933,8.54435820185619,-29.6930537505314,3.80083040074482
important_degree_top3,rolling5,exact_1_2,nevertreated,full_sample,"","",github_outcomes,pull_request_opened,FALSE,sa,8,-11.7785994074262,9.10904684255002,-29.6323312188242,6.07513240397184
important_degree_top3,rolling5,exact_1_2,nevertreated,full_sample,"","",github_outcomes,pull_request_opened,FALSE,sa,9,-14.1343497768437,9.51479645440158,-32.7833508274708,4.51465127378341
important_degree_top3,rolling5,exact_1_2,nevertreated,full_sample,"","",github_outcomes,pull_request_opened,FALSE,sa,10,-19.2339844188843,9.4722304791698,-37.7995561580571,-0.668412679711533
important_degree_top3,rolling5,exact_1_2,nevertreated,full_sample,"","",github_outcomes,pull_request_opened,FALSE,sa,11,-19.0316301509936,11.0323153713231,-40.6549682787867,2.59170797679964
important_degree_top3,rolling5,exact_1_2,nevertreated,full_sample,"","",github_outcomes,pull_request_merged,TRUE,sa,-15,0.417533567757033,0.345382042515358,-0.25941523557307,1.09448237108714
important_degree_top3,rolling5,exact_1_2,nevertreated,full_sample,"","",github_outcomes,pull_request_merged,TRUE,sa,-14,0.168564741270615,0.357903547802039,-0.532926212421381,0.870055694962611
important_degree_top3,rolling5,exact_1_2,nevertreated,full_sample,"","",github_outcomes,pull_request_merged,TRUE,sa,-13,0.667121961481673,0.338228120552544,0.00419484519868729,1.33004907776466
important_degree_top3,rolling5,exact_1_2,nevertreated,full_sample,"","",github_outcomes,pull_request_merged,TRUE,sa,-12,0.305757724739042,0.245974377391329,-0.176352054947964,0.787867504426047
important_degree_top3,rolling5,exact_1_2,nevertreated,full_sample,"","",github_outcomes,pull_request_merged,TRUE,sa,-11,0.30710604107296,0.260466338998741,-0.203407983364572,0.817620065510492
important_degree_top3,rolling5,exact_1_2,nevertreated,full_sample,"","",github_outcomes,pull_request_merged,TRUE,sa,-10,0.791266467140295,0.385953689190703,0.0347972363265169,1.54773569795407
important_degree_top3,rolling5,exact_1_2,nevertreated,full_sample,"","",github_outcomes,pull_request_merged,TRUE,sa,-9,0.61364820964642,0.344463381462081,-0.0615000180192579,1.2887964373121
important_degree_top3,rolling5,exact_1_2,nevertreated,full_sample,"","",github_outcomes,pull_request_merged,TRUE,sa,-8,0.291566688857434,0.237528222099592,-0.173988626457767,0.757122004172635
important_degree_top3,rolling5,exact_1_2,nevertreated,full_sample,"","",github_outcomes,pull_request_merged,TRUE,sa,-7,0.306529978538241,0.209592915020456,-0.104272134901853,0.717332091978335
important_degree_top3,rolling5,exact_1_2,nevertreated,full_sample,"","",github_outcomes,pull_request_merged,TRUE,sa,-6,0.286126221005594,0.188432470053115,-0.0832014202985109,0.655453862309698
important_degree_top3,rolling5,exact_1_2,nevertreated,full_sample,"","",github_outcomes,pull_request_merged,TRUE,sa,-5,0.110025873940492,0.13161238933684,-0.147934409159715,0.367986157040698
important_degree_top3,rolling5,exact_1_2,nevertreated,full_sample,"","",github_outcomes,pull_request_merged,TRUE,sa,-4,0.104767654046071,0.100250845582261,-0.09172400329516,0.301259311387302
important_degree_top3,rolling5,exact_1_2,nevertreated,full_sample,"","",github_outcomes,pull_request_merged,TRUE,sa,-3,0.0645159954887508,0.0853749832526546,-0.102818971686452,0.231850962663954
important_degree_top3,rolling5,exact_1_2,nevertreated,full_sample,"","",github_outcomes,pull_request_merged,TRUE,sa,-2,0.274974775697337,0.074012757136993,0.12990977170883,0.420039779685843
important_degree_top3,rolling5,exact_1_2,nevertreated,full_sample,"","",github_outcomes,pull_request_merged,TRUE,sa,-1,0,0,0,0
important_degree_top3,rolling5,exact_1_2,nevertreated,full_sample,"","",github_outcomes,pull_request_merged,TRUE,sa,0,0.0278489846997823,0.118532626133695,-0.20447496252226,0.260172931921824
important_degree_top3,rolling5,exact_1_2,nevertreated,full_sample,"","",github_outcomes,pull_request_merged,TRUE,sa,1,-0.594457236376111,0.167737419751264,-0.923222579088588,-0.265691893663634
important_degree_top3,rolling5,exact_1_2,nevertreated,full_sample,"","",github_outcomes,pull_request_merged,TRUE,sa,2,-0.7283419715185,0.250247652092374,-1.21882736961955,-0.237856573417447
important_degree_top3,rolling5,exact_1_2,nevertreated,full_sample,"","",github_outcomes,pull_request_merged,TRUE,sa,3,-0.864849784667077,0.34449244835655,-1.54005498344591,-0.189644585888239
important_degree_top3,rolling5,exact_1_2,nevertreated,full_sample,"","",github_outcomes,pull_request_merged,TRUE,sa,4,-0.913793589212205,0.516240436785838,-1.92562484531245,0.0980376668880382
important_degree_top3,rolling5,exact_1_2,nevertreated,full_sample,"","",github_outcomes,pull_request_merged,TRUE,sa,5,-1.06702754876893,0.605615884382109,-2.25403468215786,0.119979584620004
important_degree_top3,rolling5,exact_1_2,nevertreated,full_sample,"","",github_outcomes,pull_request_merged,TRUE,sa,6,-1.26977177846681,0.664819808722929,-2.57281860356375,0.033275046630133
important_degree_top3,rolling5,exact_1_2,nevertreated,full_sample,"","",github_outcomes,pull_request_merged,TRUE,sa,7,-1.56375713550501,0.781345568226535,-3.09519444922901,-0.0323198217809979
important_degree_top3,rolling5,exact_1_2,nevertreated,full_sample,"","",github_outcomes,pull_request_merged,TRUE,sa,8,-1.52123252805874,0.791001762625661,-3.07159598280504,0.0291309266875521
important_degree_top3,rolling5,exact_1_2,nevertreated,full_sample,"","",github_outcomes,pull_request_merged,TRUE,sa,9,-1.78172149347409,0.890315017394278,-3.52673892756687,-0.0367040593813015
important_degree_top3,rolling5,exact_1_2,nevertreated,full_sample,"","",github_outcomes,pull_request_merged,TRUE,sa,10,-2.05307356493988,0.959571101568824,-3.93383292401478,-0.172314205864985
important_degree_top3,rolling5,exact_1_2,nevertreated,full_sample,"","",github_outcomes,pull_request_merged,TRUE,sa,11,-1.88836104120042,0.923278479043038,-3.69798686012477,-0.0787352222760622
important_degree_top3,rolling5,exact_1_2,nevertreated,full_sample,"","",github_outcomes,pull_request_merged,FALSE,sa,-15,10.2141559641923,4.29290717542435,1.80005790036059,18.6282540280241
important_degree_top3,rolling5,exact_1_2,nevertreated,full_sample,"","",github_outcomes,pull_request_merged,FALSE,sa,-14,5.37005539858634,6.38771535190797,-7.14986669115327,17.889977488326
important_degree_top3,rolling5,exact_1_2,nevertreated,full_sample,"","",github_outcomes,pull_request_merged,FALSE,sa,-13,4.30288320077037,4.88421170201389,-5.27017173517685,13.8759381367176
important_degree_top3,rolling5,exact_1_2,nevertreated,full_sample,"","",github_outcomes,pull_request_merged,FALSE,sa,-12,5.36939585884743,4.11096683727828,-2.68809914221799,13.4268908599129
important_degree_top3,rolling5,exact_1_2,nevertreated,full_sample,"","",github_outcomes,pull_request_merged,FALSE,sa,-11,3.69727498676868,4.41582704781262,-4.95774602694404,12.3522960004814
important_degree_top3,rolling5,exact_1_2,nevertreated,full_sample,"","",github_outcomes,pull_request_merged,FALSE,sa,-10,4.62186082407376,4.14606541185816,-3.50442738316824,12.7481490313158
important_degree_top3,rolling5,exact_1_2,nevertreated,full_sample,"","",github_outcomes,pull_request_merged,FALSE,sa,-9,4.46971668046202,3.61797890775429,-2.6215219787364,11.5609553396604
important_degree_top3,rolling5,exact_1_2,nevertreated,full_sample,"","",github_outcomes,pull_request_merged,FALSE,sa,-8,4.88749349146612,3.42611691195277,-1.82769565596132,11.6026826388936
important_degree_top3,rolling5,exact_1_2,nevertreated,full_sample,"","",github_outcomes,pull_request_merged,FALSE,sa,-7,4.59077740621137,2.8977669713616,-1.08884585765736,10.2704006700801
important_degree_top3,rolling5,exact_1_2,nevertreated,full_sample,"","",github_outcomes,pull_request_merged,FALSE,sa,-6,4.71137022714613,2.48482312551896,-0.15888309887104,9.58162355316329
important_degree_top3,rolling5,exact_1_2,nevertreated,full_sample,"","",github_outcomes,pull_request_merged,FALSE,sa,-5,4.20598802381351,1.95800951622322,0.368289372015998,8.04368667561102
important_degree_top3,rolling5,exact_1_2,nevertreated,full_sample,"","",github_outcomes,pull_request_merged,FALSE,sa,-4,3.83740724521768,1.62443807661059,0.653508615060916,7.02130587537444
important_degree_top3,rolling5,exact_1_2,nevertreated,full_sample,"","",github_outcomes,pull_request_merged,FALSE,sa,-3,2.63980391633314,1.40425748351996,-0.11254075136599,5.39214858403226
important_degree_top3,rolling5,exact_1_2,nevertreated,full_sample,"","",github_outcomes,pull_request_merged,FALSE,sa,-2,3.21292388811338,0.914256525607908,1.42098109792188,5.00486667830488
important_degree_top3,rolling5,exact_1_2,nevertreated,full_sample,"","",github_outcomes,pull_request_merged,FALSE,sa,-1,0,0,0,0
important_degree_top3,rolling5,exact_1_2,nevertreated,full_sample,"","",github_outcomes,pull_request_merged,FALSE,sa,0,-2.27830465371091,1.0072911232992,-4.25259525537734,-0.304014052044487
important_degree_top3,rolling5,exact_1_2,nevertreated,full_sample,"","",github_outcomes,pull_request_merged,FALSE,sa,1,-4.94749135316259,1.96826690036482,-8.80529447787764,-1.08968822844754
important_degree_top3,rolling5,exact_1_2,nevertreated,full_sample,"","",github_outcomes,pull_request_merged,FALSE,sa,2,-7.1176571406302,2.84774324525831,-12.6992339013365,-1.53608037992392
important_degree_top3,rolling5,exact_1_2,nevertreated,full_sample,"","",github_outcomes,pull_request_merged,FALSE,sa,3,-8.01369979937609,3.76015282247039,-15.3835993314181,-0.643800267334124
important_degree_top3,rolling5,exact_1_2,nevertreated,full_sample,"","",github_outcomes,pull_request_merged,FALSE,sa,4,-8.6828194801848,4.69831586604672,-17.8915185776364,0.525879617266769
important_degree_top3,rolling5,exact_1_2,nevertreated,full_sample,"","",github_outcomes,pull_request_merged,FALSE,sa,5,-7.98275566919243,5.10927909058766,-17.9969426867442,2.03143134835937
important_degree_top3,rolling5,exact_1_2,nevertreated,full_sample,"","",github_outcomes,pull_request_merged,FALSE,sa,6,-8.76594550942197,5.99871302061115,-20.5234230298198,2.99153201097589
important_degree_top3,rolling5,exact_1_2,nevertreated,full_sample,"","",github_outcomes,pull_request_merged,FALSE,sa,7,-7.81907297177832,6.68627514908217,-20.9241722639794,5.28602632042272
important_degree_top3,rolling5,exact_1_2,nevertreated,full_sample,"","",github_outcomes,pull_request_merged,FALSE,sa,8,-4.51974397010997,7.04591456128994,-18.3297365102383,9.2902485700183
important_degree_top3,rolling5,exact_1_2,nevertreated,full_sample,"","",github_outcomes,pull_request_merged,FALSE,sa,9,-6.80940005900623,7.27343894155459,-21.0653403844532,7.44654026644076
important_degree_top3,rolling5,exact_1_2,nevertreated,full_sample,"","",github_outcomes,pull_request_merged,FALSE,sa,10,-10.3956762441025,7.3380862595137,-24.7783253127493,3.98697282454437
important_degree_top3,rolling5,exact_1_2,nevertreated,full_sample,"","",github_outcomes,pull_request_merged,FALSE,sa,11,-9.75577297068516,8.86420625074531,-27.129617222146,7.61807128077565
important_degree_top3,rolling5,exact_1_2,nevertreated,full_sample,"","",downstream_outcomes,overall_new_release_count,TRUE,sa,-15,0.771062138897532,0.192077236272652,0.394590755803134,1.14753352199193
important_degree_top3,rolling5,exact_1_2,nevertreated,full_sample,"","",downstream_outcomes,overall_new_release_count,TRUE,sa,-14,0.698731799966815,0.16332157019905,0.378621522376677,1.01884207755695
important_degree_top3,rolling5,exact_1_2,nevertreated,full_sample,"","",downstream_outcomes,overall_new_release_count,TRUE,sa,-13,0.617751617792942,0.160666001840312,0.30284625418593,0.932656981399954
important_degree_top3,rolling5,exact_1_2,nevertreated,full_sample,"","",downstream_outcomes,overall_new_release_count,TRUE,sa,-12,0.598152706165632,0.155984671139519,0.292422750732176,0.903882661599089
important_degree_top3,rolling5,exact_1_2,nevertreated,full_sample,"","",downstream_outcomes,overall_new_release_count,TRUE,sa,-11,0.490546776916058,0.13754549093597,0.220957614681557,0.76013593915056
important_degree_top3,rolling5,exact_1_2,nevertreated,full_sample,"","",downstream_outcomes,overall_new_release_count,TRUE,sa,-10,0.438366182610016,0.128824328694646,0.185870498368509,0.690861866851522
important_degree_top3,rolling5,exact_1_2,nevertreated,full_sample,"","",downstream_outcomes,overall_new_release_count,TRUE,sa,-9,0.3514489974812,0.119185129788154,0.117846143096419,0.585051851865981
important_degree_top3,rolling5,exact_1_2,nevertreated,full_sample,"","",downstream_outcomes,overall_new_release_count,TRUE,sa,-8,0.323798119841442,0.111319664229761,0.105611577951111,0.541984661731772
important_degree_top3,rolling5,exact_1_2,nevertreated,full_sample,"","",downstream_outcomes,overall_new_release_count,TRUE,sa,-7,0.302864885664443,0.113878476339124,0.0796630720397599,0.526066699289126
important_degree_top3,rolling5,exact_1_2,nevertreated,full_sample,"","",downstream_outcomes,overall_new_release_count,TRUE,sa,-6,0.311371822951603,0.111595736403372,0.0926441796009937,0.530099466302211
important_degree_top3,rolling5,exact_1_2,nevertreated,full_sample,"","",downstream_outcomes,overall_new_release_count,TRUE,sa,-5,0.126516928503042,0.0907115220876734,-0.0512776547887983,0.304311511794881
important_degree_top3,rolling5,exact_1_2,nevertreated,full_sample,"","",downstream_outcomes,overall_new_release_count,TRUE,sa,-4,0.0804561812503764,0.0814625533137903,-0.0792104232446525,0.240122785745405
important_degree_top3,rolling5,exact_1_2,nevertreated,full_sample,"","",downstream_outcomes,overall_new_release_count,TRUE,sa,-3,0.0135253673744869,0.0735923671421552,-0.130715672224137,0.157766406973111
important_degree_top3,rolling5,exact_1_2,nevertreated,full_sample,"","",downstream_outcomes,overall_new_release_count,TRUE,sa,-2,0.100830194443775,0.0661433916483861,-0.0288108531870621,0.230471242074611
important_degree_top3,rolling5,exact_1_2,nevertreated,full_sample,"","",downstream_outcomes,overall_new_release_count,TRUE,sa,-1,0,0,0,0
important_degree_top3,rolling5,exact_1_2,nevertreated,full_sample,"","",downstream_outcomes,overall_new_release_count,TRUE,sa,0,0.103203376712917,0.0906351282709586,-0.0744414746981621,0.280848228123996
important_degree_top3,rolling5,exact_1_2,nevertreated,full_sample,"","",downstream_outcomes,overall_new_release_count,TRUE,sa,1,-0.405248099563826,0.0874351815455062,-0.576621055393018,-0.233875143734634
important_degree_top3,rolling5,exact_1_2,nevertreated,full_sample,"","",downstream_outcomes,overall_new_release_count,TRUE,sa,2,-0.417895209062778,0.102593548800392,-0.618978564711546,-0.21681185341401
important_degree_top3,rolling5,exact_1_2,nevertreated,full_sample,"","",downstream_outcomes,overall_new_release_count,TRUE,sa,3,-0.504231641631039,0.113668048124937,-0.727021015955916,-0.281442267306162
important_degree_top3,rolling5,exact_1_2,nevertreated,full_sample,"","",downstream_outcomes,overall_new_release_count,TRUE,sa,4,-0.481484383984576,0.155844776301741,-0.786940145535988,-0.176028622433163
important_degree_top3,rolling5,exact_1_2,nevertreated,full_sample,"","",downstream_outcomes,overall_new_release_count,TRUE,sa,5,-0.495090836005266,0.163443874188257,-0.81544082941425,-0.174740842596283
important_degree_top3,rolling5,exact_1_2,nevertreated,full_sample,"","",downstream_outcomes,overall_new_release_count,TRUE,sa,6,-0.730086982041501,0.156075912317183,-1.03599577018318,-0.424178193899823
important_degree_top3,rolling5,exact_1_2,nevertreated,full_sample,"","",downstream_outcomes,overall_new_release_count,TRUE,sa,7,-0.620393438271863,0.19490738721969,-1.00241191722246,-0.23837495932127
important_degree_top3,rolling5,exact_1_2,nevertreated,full_sample,"","",downstream_outcomes,overall_new_release_count,TRUE,sa,8,-0.766169887744686,0.183665147880989,-1.12615357759142,-0.406186197897948
important_degree_top3,rolling5,exact_1_2,nevertreated,full_sample,"","",downstream_outcomes,overall_new_release_count,TRUE,sa,9,-0.955716922070018,0.210606545925175,-1.36850575208336,-0.542928092056675
important_degree_top3,rolling5,exact_1_2,nevertreated,full_sample,"","",downstream_outcomes,overall_new_release_count,TRUE,sa,10,-0.556622876960289,0.393221164940496,-1.32733636024366,0.214090606323082
important_degree_top3,rolling5,exact_1_2,nevertreated,full_sample,"","",downstream_outcomes,overall_new_release_count,TRUE,sa,11,-1.60891182655341,0.252940162269254,-2.10467454460115,-1.11314910850568
important_degree_top3,rolling5,exact_1_2,nevertreated,full_sample,"","",downstream_outcomes,overall_new_release_count,FALSE,sa,-15,3.75769685509587,1.06072199372439,1.67868174739606,5.83671196279568
important_degree_top3,rolling5,exact_1_2,nevertreated,full_sample,"","",downstream_outcomes,overall_new_release_count,FALSE,sa,-14,3.54645517264962,0.912087198851974,1.75876426289975,5.33414608239949
important_degree_top3,rolling5,exact_1_2,nevertreated,full_sample,"","",downstream_outcomes,overall_new_release_count,FALSE,sa,-13,3.02490120933299,0.914479150272856,1.2325220747982,4.81728034386779
important_degree_top3,rolling5,exact_1_2,nevertreated,full_sample,"","",downstream_outcomes,overall_new_release_count,FALSE,sa,-12,2.50412211386522,0.805462783231912,0.925415058730674,4.08282916899977
important_degree_top3,rolling5,exact_1_2,nevertreated,full_sample,"","",downstream_outcomes,overall_new_release_count,FALSE,sa,-11,2.45453003693511,0.755508355339354,0.973733660469976,3.93532641340024
important_degree_top3,rolling5,exact_1_2,nevertreated,full_sample,"","",downstream_outcomes,overall_new_release_count,FALSE,sa,-10,1.86100571146392,0.855803016180037,0.18363179975105,3.5383796231768
important_degree_top3,rolling5,exact_1_2,nevertreated,full_sample,"","",downstream_outcomes,overall_new_release_count,FALSE,sa,-9,1.0609407415835,0.993434196097502,-0.886190282767606,3.0080717659346
important_degree_top3,rolling5,exact_1_2,nevertreated,full_sample,"","",downstream_outcomes,overall_new_release_count,FALSE,sa,-8,1.08470039885799,1.02100749750466,-0.916474296251142,3.08587509396713
important_degree_top3,rolling5,exact_1_2,nevertreated,full_sample,"","",downstream_outcomes,overall_new_release_count,FALSE,sa,-7,0.670449438302711,0.980101764544063,-1.25055002020365,2.59144889680908
important_degree_top3,rolling5,exact_1_2,nevertreated,full_sample,"","",downstream_outcomes,overall_new_release_count,FALSE,sa,-6,0.557110602577758,0.952992400197327,-1.310754501809,2.42497570696452
important_degree_top3,rolling5,exact_1_2,nevertreated,full_sample,"","",downstream_outcomes,overall_new_release_count,FALSE,sa,-5,-0.027766649497606,0.981079649550475,-1.95068276261654,1.89514946362132
important_degree_top3,rolling5,exact_1_2,nevertreated,full_sample,"","",downstream_outcomes,overall_new_release_count,FALSE,sa,-4,0.210025459084592,0.949122108875778,-1.65025387431193,2.07030479248112
important_degree_top3,rolling5,exact_1_2,nevertreated,full_sample,"","",downstream_outcomes,overall_new_release_count,FALSE,sa,-3,-0.174723429719188,0.83784032613671,-1.81689046894714,1.46744360950876
important_degree_top3,rolling5,exact_1_2,nevertreated,full_sample,"","",downstream_outcomes,overall_new_release_count,FALSE,sa,-2,0.0920418680529573,0.73792736948921,-1.35429577614589,1.53837951225181
important_degree_top3,rolling5,exact_1_2,nevertreated,full_sample,"","",downstream_outcomes,overall_new_release_count,FALSE,sa,-1,0,0,0,0
important_degree_top3,rolling5,exact_1_2,nevertreated,full_sample,"","",downstream_outcomes,overall_new_release_count,FALSE,sa,0,-1.06259514173052,0.378023030766749,-1.80352028203335,-0.321670001427697
important_degree_top3,rolling5,exact_1_2,nevertreated,full_sample,"","",downstream_outcomes,overall_new_release_count,FALSE,sa,1,-2.05201284028107,0.678336529097956,-3.38155243731307,-0.722473243249076
important_degree_top3,rolling5,exact_1_2,nevertreated,full_sample,"","",downstream_outcomes,overall_new_release_count,FALSE,sa,2,-1.99222178911039,0.801142773005262,-3.5624616242007,-0.421981954020073
important_degree_top3,rolling5,exact_1_2,nevertreated,full_sample,"","",downstream_outcomes,overall_new_release_count,FALSE,sa,3,-1.96475936984873,0.920364707181894,-3.76867419592524,-0.160844543772218
important_degree_top3,rolling5,exact_1_2,nevertreated,full_sample,"","",downstream_outcomes,overall_new_release_count,FALSE,sa,4,-1.9815465810056,0.973001760312073,-3.88863003121726,-0.074463130793939
important_degree_top3,rolling5,exact_1_2,nevertreated,full_sample,"","",downstream_outcomes,overall_new_release_count,FALSE,sa,5,-1.95525698204599,1.03247355822934,-3.97890515617549,0.0683911920835176
important_degree_top3,rolling5,exact_1_2,nevertreated,full_sample,"","",downstream_outcomes,overall_new_release_count,FALSE,sa,6,-2.83709734843697,1.20723444383786,-5.20327685835917,-0.470917838514774
important_degree_top3,rolling5,exact_1_2,nevertreated,full_sample,"","",downstream_outcomes,overall_new_release_count,FALSE,sa,7,-3.37671999779498,1.4232552926158,-6.16630037132194,-0.587139624268025
important_degree_top3,rolling5,exact_1_2,nevertreated,full_sample,"","",downstream_outcomes,overall_new_release_count,FALSE,sa,8,-3.35609999084526,1.56466698677306,-6.42284728492046,-0.289352696770055
important_degree_top3,rolling5,exact_1_2,nevertreated,full_sample,"","",downstream_outcomes,overall_new_release_count,FALSE,sa,9,-4.36877237500221,2.41097917625774,-9.09429156046737,0.356746810462952
important_degree_top3,rolling5,exact_1_2,nevertreated,full_sample,"","",downstream_outcomes,overall_new_release_count,FALSE,sa,10,-6.70701769275385,3.86155409431503,-14.2756637176113,0.861628332103609
important_degree_top3,rolling5,exact_1_2,nevertreated,full_sample,"","",downstream_outcomes,overall_new_release_count,FALSE,sa,11,-13.0317520620311,8.94305262052135,-30.560135198253,4.49663107419072
important_degree_top3,rolling5,exact_1_2,nevertreated,pc_score,collaboration_pc_score,low,github_outcomes,pull_request_opened,TRUE,sa,-15,-0.483644911480278,0.547588337998494,-1.55691805395733,0.589628230996769
important_degree_top3,rolling5,exact_1_2,nevertreated,pc_score,collaboration_pc_score,low,github_outcomes,pull_request_opened,TRUE,sa,-14,-1.01770964393526,0.575888350863345,-2.14645081162742,0.111031523756891
important_degree_top3,rolling5,exact_1_2,nevertreated,pc_score,collaboration_pc_score,low,github_outcomes,pull_request_opened,TRUE,sa,-13,0.348782843518175,0.630356117496617,-0.886715146775195,1.58428083381154
important_degree_top3,rolling5,exact_1_2,nevertreated,pc_score,collaboration_pc_score,low,github_outcomes,pull_request_opened,TRUE,sa,-12,0.696594472190033,0.611631267449901,-0.502202812011774,1.89539175639184
important_degree_top3,rolling5,exact_1_2,nevertreated,pc_score,collaboration_pc_score,low,github_outcomes,pull_request_opened,TRUE,sa,-11,0.800118890186869,0.6014759183292,-0.378773909738362,1.9790116901121
important_degree_top3,rolling5,exact_1_2,nevertreated,pc_score,collaboration_pc_score,low,github_outcomes,pull_request_opened,TRUE,sa,-10,0.796937664182777,0.728863961161736,-0.631635699694226,2.22551102805978
important_degree_top3,rolling5,exact_1_2,nevertreated,pc_score,collaboration_pc_score,low,github_outcomes,pull_request_opened,TRUE,sa,-9,0.995620136904192,0.929504179835146,-0.826208055572695,2.81744832938108
important_degree_top3,rolling5,exact_1_2,nevertreated,pc_score,collaboration_pc_score,low,github_outcomes,pull_request_opened,TRUE,sa,-8,0.916919475467896,1.01411584176051,-1.0707475743827,2.90458652531849
important_degree_top3,rolling5,exact_1_2,nevertreated,pc_score,collaboration_pc_score,low,github_outcomes,pull_request_opened,TRUE,sa,-7,0.958329255971326,0.865253212495679,-0.737567040520205,2.65422555246286
important_degree_top3,rolling5,exact_1_2,nevertreated,pc_score,collaboration_pc_score,low,github_outcomes,pull_request_opened,TRUE,sa,-6,0.690995416507149,0.720978538913933,-0.72212251976416,2.10411335277846
important_degree_top3,rolling5,exact_1_2,nevertreated,pc_score,collaboration_pc_score,low,github_outcomes,pull_request_opened,TRUE,sa,-5,0.391025418737268,0.470668684523527,-0.531485202928846,1.31353604040338
important_degree_top3,rolling5,exact_1_2,nevertreated,pc_score,collaboration_pc_score,low,github_outcomes,pull_request_opened,TRUE,sa,-4,0.164500921296607,0.302955016724821,-0.429290911484043,0.758292754077256
important_degree_top3,rolling5,exact_1_2,nevertreated,pc_score,collaboration_pc_score,low,github_outcomes,pull_request_opened,TRUE,sa,-3,0.156325108359473,0.197083274884553,-0.229958110414251,0.542608327133197
important_degree_top3,rolling5,exact_1_2,nevertreated,pc_score,collaboration_pc_score,low,github_outcomes,pull_request_opened,TRUE,sa,-2,0.373415577334584,0.134460286404402,0.109873415981956,0.636957738687211
important_degree_top3,rolling5,exact_1_2,nevertreated,pc_score,collaboration_pc_score,low,github_outcomes,pull_request_opened,TRUE,sa,-1,0,0,0,0
important_degree_top3,rolling5,exact_1_2,nevertreated,pc_score,collaboration_pc_score,low,github_outcomes,pull_request_opened,TRUE,sa,0,-0.185111002809365,0.303702509309384,-0.780367921055758,0.410145915437027
important_degree_top3,rolling5,exact_1_2,nevertreated,pc_score,collaboration_pc_score,low,github_outcomes,pull_request_opened,TRUE,sa,1,-0.869316851502609,0.571024043040502,-1.98852397586199,0.249890272856774
important_degree_top3,rolling5,exact_1_2,nevertreated,pc_score,collaboration_pc_score,low,github_outcomes,pull_request_opened,TRUE,sa,2,-1.20889040181863,0.824997266513839,-2.82588504418576,0.40810424054849
important_degree_top3,rolling5,exact_1_2,nevertreated,pc_score,collaboration_pc_score,low,github_outcomes,pull_request_opened,TRUE,sa,3,-1.65518551729093,1.24459169455184,-4.09458523861254,0.78421420403068
important_degree_top3,rolling5,exact_1_2,nevertreated,pc_score,collaboration_pc_score,low,github_outcomes,pull_request_opened,TRUE,sa,4,-2.40485628376188,1.8405458669811,-6.01232618304484,1.20261361552108
important_degree_top3,rolling5,exact_1_2,nevertreated,pc_score,collaboration_pc_score,low,github_outcomes,pull_request_opened,TRUE,sa,5,-2.74062780865443,2.23570039279397,-7.12260057853061,1.64134496122175
important_degree_top3,rolling5,exact_1_2,nevertreated,pc_score,collaboration_pc_score,low,github_outcomes,pull_request_opened,TRUE,sa,6,-2.96899649437851,2.4621236076302,-7.7947587653337,1.85676577657668
important_degree_top3,rolling5,exact_1_2,nevertreated,pc_score,collaboration_pc_score,low,github_outcomes,pull_request_opened,TRUE,sa,7,-3.67237428417096,2.89282612524742,-9.3423134896559,1.99756492131397
important_degree_top3,rolling5,exact_1_2,nevertreated,pc_score,collaboration_pc_score,low,github_outcomes,pull_request_opened,TRUE,sa,8,-3.8374264390367,2.92613130756856,-9.57264380187107,1.89779092379767
important_degree_top3,rolling5,exact_1_2,nevertreated,pc_score,collaboration_pc_score,low,github_outcomes,pull_request_opened,TRUE,sa,9,-4.42768897533045,3.1212880973485,-10.5454136461335,1.69003569547261
important_degree_top3,rolling5,exact_1_2,nevertreated,pc_score,collaboration_pc_score,low,github_outcomes,pull_request_opened,TRUE,sa,10,-4.92571585336635,3.48528608613844,-11.7568765821977,1.90544487546499
important_degree_top3,rolling5,exact_1_2,nevertreated,pc_score,collaboration_pc_score,low,github_outcomes,pull_request_opened,TRUE,sa,11,-3.64050501344872,3.20453762351997,-9.92139875554786,2.64038872865041
important_degree_top3,rolling5,exact_1_2,nevertreated,pc_score,collaboration_pc_score,high,github_outcomes,pull_request_opened,TRUE,sa,-15,1.2618630200162,0.960175780507165,-0.620081509777843,3.14380754981025
important_degree_top3,rolling5,exact_1_2,nevertreated,pc_score,collaboration_pc_score,high,github_outcomes,pull_request_opened,TRUE,sa,-14,1.25284422775323,0.649565683282901,-0.0203045114812528,2.52599296698772
important_degree_top3,rolling5,exact_1_2,nevertreated,pc_score,collaboration_pc_score,high,github_outcomes,pull_request_opened,TRUE,sa,-13,1.41783201245881,0.473814099601465,0.489156377239937,2.34650764767768
important_degree_top3,rolling5,exact_1_2,nevertreated,pc_score,collaboration_pc_score,high,github_outcomes,pull_request_opened,TRUE,sa,-12,0.513447970957315,0.404471427330539,-0.27931602661054,1.30621196852517
important_degree_top3,rolling5,exact_1_2,nevertreated,pc_score,collaboration_pc_score,high,github_outcomes,pull_request_opened,TRUE,sa,-11,0.635497931150618,0.39172801570081,-0.132288979622969,1.40328484192421
important_degree_top3,rolling5,exact_1_2,nevertreated,pc_score,collaboration_pc_score,high,github_outcomes,pull_request_opened,TRUE,sa,-10,0.874897165698693,0.427673628914905,0.0366568530254785,1.71313747837191
important_degree_top3,rolling5,exact_1_2,nevertreated,pc_score,collaboration_pc_score,high,github_outcomes,pull_request_opened,TRUE,sa,-9,1.14945268196327,0.484877766922648,0.199092258794878,2.09981310513166
important_degree_top3,rolling5,exact_1_2,nevertreated,pc_score,collaboration_pc_score,high,github_outcomes,pull_request_opened,TRUE,sa,-8,0.989830164551302,0.347407087760495,0.308912272540732,1.67074805656187
important_degree_top3,rolling5,exact_1_2,nevertreated,pc_score,collaboration_pc_score,high,github_outcomes,pull_request_opened,TRUE,sa,-7,0.564603087837002,0.27374145876524,0.0280698286571313,1.10113634701687
important_degree_top3,rolling5,exact_1_2,nevertreated,pc_score,collaboration_pc_score,high,github_outcomes,pull_request_opened,TRUE,sa,-6,0.372144036502345,0.20176608764998,-0.0233174952916154,0.767605568296304
important_degree_top3,rolling5,exact_1_2,nevertreated,pc_score,collaboration_pc_score,high,github_outcomes,pull_request_opened,TRUE,sa,-5,0.18785101134575,0.140025021579544,-0.0865980309501565,0.462300053641657
important_degree_top3,rolling5,exact_1_2,nevertreated,pc_score,collaboration_pc_score,high,github_outcomes,pull_request_opened,TRUE,sa,-4,0.282851811935881,0.122737602591503,0.0422861108565359,0.523417513015227
important_degree_top3,rolling5,exact_1_2,nevertreated,pc_score,collaboration_pc_score,high,github_outcomes,pull_request_opened,TRUE,sa,-3,0.0613991344771127,0.115287429317005,-0.164564226984216,0.287362495938442
important_degree_top3,rolling5,exact_1_2,nevertreated,pc_score,collaboration_pc_score,high,github_outcomes,pull_request_opened,TRUE,sa,-2,0.27144203971917,0.10542257408076,0.064813794520881,0.478070284917459
important_degree_top3,rolling5,exact_1_2,nevertreated,pc_score,collaboration_pc_score,high,github_outcomes,pull_request_opened,TRUE,sa,-1,0,0,0,0
important_degree_top3,rolling5,exact_1_2,nevertreated,pc_score,collaboration_pc_score,high,github_outcomes,pull_request_opened,TRUE,sa,0,-0.0402267643970494,0.148499492880729,-0.331285770443278,0.250832241649179
important_degree_top3,rolling5,exact_1_2,nevertreated,pc_score,collaboration_pc_score,high,github_outcomes,pull_request_opened,TRUE,sa,1,-0.485127378166631,0.182307009369723,-0.842449116531288,-0.127805639801973
important_degree_top3,rolling5,exact_1_2,nevertreated,pc_score,collaboration_pc_score,high,github_outcomes,pull_request_opened,TRUE,sa,2,-0.550153483240095,0.219783706186773,-0.980929547366171,-0.119377419114019
important_degree_top3,rolling5,exact_1_2,nevertreated,pc_score,collaboration_pc_score,high,github_outcomes,pull_request_opened,TRUE,sa,3,-0.707406600974966,0.264966748218226,-1.22674142748269,-0.188071774467243
important_degree_top3,rolling5,exact_1_2,nevertreated,pc_score,collaboration_pc_score,high,github_outcomes,pull_request_opened,TRUE,sa,4,-0.55081961884727,0.312061470379926,-1.16246010079193,0.0608208630973851
important_degree_top3,rolling5,exact_1_2,nevertreated,pc_score,collaboration_pc_score,high,github_outcomes,pull_request_opened,TRUE,sa,5,-0.378466301189505,0.416649812605363,-1.19509993389602,0.438167331517006
important_degree_top3,rolling5,exact_1_2,nevertreated,pc_score,collaboration_pc_score,high,github_outcomes,pull_request_opened,TRUE,sa,6,-0.57662251788305,0.45337463042536,-1.46523679351676,0.311991757750655
important_degree_top3,rolling5,exact_1_2,nevertreated,pc_score,collaboration_pc_score,high,github_outcomes,pull_request_opened,TRUE,sa,7,-0.616721630115776,0.438167090982802,-1.47552912844207,0.242085868210516
important_degree_top3,rolling5,exact_1_2,nevertreated,pc_score,collaboration_pc_score,high,github_outcomes,pull_request_opened,TRUE,sa,8,-0.755383138848775,0.433187598399746,-1.60443083171228,0.0936645540147279
important_degree_top3,rolling5,exact_1_2,nevertreated,pc_score,collaboration_pc_score,high,github_outcomes,pull_request_opened,TRUE,sa,9,-0.719964001424452,0.485464146377521,-1.67147372832439,0.231545725475488
important_degree_top3,rolling5,exact_1_2,nevertreated,pc_score,collaboration_pc_score,high,github_outcomes,pull_request_opened,TRUE,sa,10,-0.669690904748266,0.419558415071847,-1.49202539828909,0.152643588792555
important_degree_top3,rolling5,exact_1_2,nevertreated,pc_score,collaboration_pc_score,high,github_outcomes,pull_request_opened,TRUE,sa,11,-1.68042644996739,0.366131173484248,-2.39804354999652,-0.962809349938266
important_degree_top3,rolling5,exact_1_2,nevertreated,pc_score,knowledge_level_pc_score,low,github_outcomes,pull_request_opened,TRUE,sa,-15,1.04600918683966,0.387607242239055,0.286298992051108,1.8057193816282
important_degree_top3,rolling5,exact_1_2,nevertreated,pc_score,knowledge_level_pc_score,low,github_outcomes,pull_request_opened,TRUE,sa,-14,0.550626320906787,0.483697044820815,-0.39741988694201,1.49867252875558
important_degree_top3,rolling5,exact_1_2,nevertreated,pc_score,knowledge_level_pc_score,low,github_outcomes,pull_request_opened,TRUE,sa,-13,0.729197394739997,0.480595220036609,-0.212769236531756,1.67116402601175
important_degree_top3,rolling5,exact_1_2,nevertreated,pc_score,knowledge_level_pc_score,low,github_outcomes,pull_request_opened,TRUE,sa,-12,0.180663594624167,0.353192121002418,-0.511592962540572,0.872920151788906
important_degree_top3,rolling5,exact_1_2,nevertreated,pc_score,knowledge_level_pc_score,low,github_outcomes,pull_request_opened,TRUE,sa,-11,0.471896947953531,0.382619912127853,-0.27803807981706,1.22183197572412
important_degree_top3,rolling5,exact_1_2,nevertreated,pc_score,knowledge_level_pc_score,low,github_outcomes,pull_request_opened,TRUE,sa,-10,0.354249503289967,0.305835593970821,-0.245188260892842,0.953687267472775
important_degree_top3,rolling5,exact_1_2,nevertreated,pc_score,knowledge_level_pc_score,low,github_outcomes,pull_request_opened,TRUE,sa,-9,0.474364622380569,0.300439639743049,-0.114497071515807,1.06322631627694
important_degree_top3,rolling5,exact_1_2,nevertreated,pc_score,knowledge_level_pc_score,low,github_outcomes,pull_request_opened,TRUE,sa,-8,0.408768603253382,0.332655796703,-0.243236758284497,1.06077396479126
important_degree_top3,rolling5,exact_1_2,nevertreated,pc_score,knowledge_level_pc_score,low,github_outcomes,pull_request_opened,TRUE,sa,-7,0.117933065970134,0.198006090915323,-0.2701588722239,0.506025004164168
important_degree_top3,rolling5,exact_1_2,nevertreated,pc_score,knowledge_level_pc_score,low,github_outcomes,pull_request_opened,TRUE,sa,-6,0.148409173374995,0.168724954854081,-0.182291738139005,0.479110084888994
important_degree_top3,rolling5,exact_1_2,nevertreated,pc_score,knowledge_level_pc_score,low,github_outcomes,pull_request_opened,TRUE,sa,-5,-0.0243161718531841,0.12193275463782,-0.263304370943311,0.214672027236943
important_degree_top3,rolling5,exact_1_2,nevertreated,pc_score,knowledge_level_pc_score,low,github_outcomes,pull_request_opened,TRUE,sa,-4,-0.0838933698714815,0.110816780435004,-0.30109425952409,0.133307519781127
important_degree_top3,rolling5,exact_1_2,nevertreated,pc_score,knowledge_level_pc_score,low,github_outcomes,pull_request_opened,TRUE,sa,-3,-0.105850610817003,0.10123075773995,-0.304262895987305,0.0925616743532992
important_degree_top3,rolling5,exact_1_2,nevertreated,pc_score,knowledge_level_pc_score,low,github_outcomes,pull_request_opened,TRUE,sa,-2,0.283684047303814,0.0893745364549088,0.108509955852193,0.458858138755435
important_degree_top3,rolling5,exact_1_2,nevertreated,pc_score,knowledge_level_pc_score,low,github_outcomes,pull_request_opened,TRUE,sa,-1,0,0,0,0
important_degree_top3,rolling5,exact_1_2,nevertreated,pc_score,knowledge_level_pc_score,low,github_outcomes,pull_request_opened,TRUE,sa,0,-0.0117904072926063,0.153646440345837,-0.312937430370446,0.289356615785233
important_degree_top3,rolling5,exact_1_2,nevertreated,pc_score,knowledge_level_pc_score,low,github_outcomes,pull_request_opened,TRUE,sa,1,-0.367691363752447,0.173281430079368,-0.707322966708007,-0.0280597607968862
important_degree_top3,rolling5,exact_1_2,nevertreated,pc_score,knowledge_level_pc_score,low,github_outcomes,pull_request_opened,TRUE,sa,2,-0.387336033525503,0.185103715478863,-0.750139315864075,-0.0245327511869315
important_degree_top3,rolling5,exact_1_2,nevertreated,pc_score,knowledge_level_pc_score,low,github_outcomes,pull_request_opened,TRUE,sa,3,-0.560529911810061,0.213035695171573,-0.978079874346345,-0.142979949273778
important_degree_top3,rolling5,exact_1_2,nevertreated,pc_score,knowledge_level_pc_score,low,github_outcomes,pull_request_opened,TRUE,sa,4,-0.519413164780144,0.218132500376178,-0.946952865517452,-0.0918734640428355
important_degree_top3,rolling5,exact_1_2,nevertreated,pc_score,knowledge_level_pc_score,low,github_outcomes,pull_request_opened,TRUE,sa,5,-0.303449945807164,0.308237037079833,-0.907594538483637,0.300694646869309
important_degree_top3,rolling5,exact_1_2,nevertreated,pc_score,knowledge_level_pc_score,low,github_outcomes,pull_request_opened,TRUE,sa,6,-0.27481477320146,0.319006596401597,-0.90006770214859,0.35043815574567
important_degree_top3,rolling5,exact_1_2,nevertreated,pc_score,knowledge_level_pc_score,low,github_outcomes,pull_request_opened,TRUE,sa,7,-0.479145801530552,0.273712898391554,-1.015623082378,0.057331479316894
important_degree_top3,rolling5,exact_1_2,nevertreated,pc_score,knowledge_level_pc_score,low,github_outcomes,pull_request_opened,TRUE,sa,8,-0.564681581027911,0.283213132935123,-1.11977932158075,-0.00958384047507066
important_degree_top3,rolling5,exact_1_2,nevertreated,pc_score,knowledge_level_pc_score,low,github_outcomes,pull_request_opened,TRUE,sa,9,-0.754180947969966,0.325568154190708,-1.39229453018375,-0.116067365756178
important_degree_top3,rolling5,exact_1_2,nevertreated,pc_score,knowledge_level_pc_score,low,github_outcomes,pull_request_opened,TRUE,sa,10,-0.948082370112105,0.322650315268128,-1.58047698803764,-0.315687752186574
important_degree_top3,rolling5,exact_1_2,nevertreated,pc_score,knowledge_level_pc_score,low,github_outcomes,pull_request_opened,TRUE,sa,11,-0.231564272980825,0.577741240568308,-1.36393710449471,0.900808558533059
important_degree_top3,rolling5,exact_1_2,nevertreated,pc_score,knowledge_level_pc_score,high,github_outcomes,pull_request_opened,TRUE,sa,-15,0.0950656715229655,0.829367595507262,-1.53049481567127,1.7206261587172
important_degree_top3,rolling5,exact_1_2,nevertreated,pc_score,knowledge_level_pc_score,high,github_outcomes,pull_request_opened,TRUE,sa,-14,-0.408105489778269,0.593337019399032,-1.57104604780037,0.754835068243833
important_degree_top3,rolling5,exact_1_2,nevertreated,pc_score,knowledge_level_pc_score,high,github_outcomes,pull_request_opened,TRUE,sa,-13,0.857717217109937,0.53732532202046,-0.195440414050164,1.91087484827004
important_degree_top3,rolling5,exact_1_2,nevertreated,pc_score,knowledge_level_pc_score,high,github_outcomes,pull_request_opened,TRUE,sa,-12,0.500365791503444,0.423415847075506,-0.329529268764548,1.33026085177144
important_degree_top3,rolling5,exact_1_2,nevertreated,pc_score,knowledge_level_pc_score,high,github_outcomes,pull_request_opened,TRUE,sa,-11,0.64026323831037,0.419391100620554,-0.181743318905915,1.46226979552666
important_degree_top3,rolling5,exact_1_2,nevertreated,pc_score,knowledge_level_pc_score,high,github_outcomes,pull_request_opened,TRUE,sa,-10,0.711743097620578,0.432298816548094,-0.135562582813685,1.55904877805484
important_degree_top3,rolling5,exact_1_2,nevertreated,pc_score,knowledge_level_pc_score,high,github_outcomes,pull_request_opened,TRUE,sa,-9,0.963528608495921,0.492638438134745,-0.00204273024817869,1.92909994724002
important_degree_top3,rolling5,exact_1_2,nevertreated,pc_score,knowledge_level_pc_score,high,github_outcomes,pull_request_opened,TRUE,sa,-8,0.748210902634213,0.439731900323817,-0.113663622000468,1.61008542726889
important_degree_top3,rolling5,exact_1_2,nevertreated,pc_score,knowledge_level_pc_score,high,github_outcomes,pull_request_opened,TRUE,sa,-7,0.906245475458407,0.444483133845881,0.0350585331204799,1.77743241779633
important_degree_top3,rolling5,exact_1_2,nevertreated,pc_score,knowledge_level_pc_score,high,github_outcomes,pull_request_opened,TRUE,sa,-6,0.635316305027645,0.383494690039053,-0.116333287448899,1.38696589750419
important_degree_top3,rolling5,exact_1_2,nevertreated,pc_score,knowledge_level_pc_score,high,github_outcomes,pull_request_opened,TRUE,sa,-5,0.409224140670944,0.27408766631402,-0.127987685304535,0.946435966646423
important_degree_top3,rolling5,exact_1_2,nevertreated,pc_score,knowledge_level_pc_score,high,github_outcomes,pull_request_opened,TRUE,sa,-4,0.425027379186377,0.199800008147697,0.0334193632168906,0.816635395155863
important_degree_top3,rolling5,exact_1_2,nevertreated,pc_score,knowledge_level_pc_score,high,github_outcomes,pull_request_opened,TRUE,sa,-3,0.32946501471455,0.160509162577869,0.0148670560619274,0.644062973367173
important_degree_top3,rolling5,exact_1_2,nevertreated,pc_score,knowledge_level_pc_score,high,github_outcomes,pull_request_opened,TRUE,sa,-2,0.351420287662705,0.135049597481624,0.0867230765987211,0.616117498726688
important_degree_top3,rolling5,exact_1_2,nevertreated,pc_score,knowledge_level_pc_score,high,github_outcomes,pull_request_opened,TRUE,sa,-1,0,0,0,0
important_degree_top3,rolling5,exact_1_2,nevertreated,pc_score,knowledge_level_pc_score,high,github_outcomes,pull_request_opened,TRUE,sa,0,-0.0972026599057554,0.258161094210925,-0.603198404559169,0.408793084747658
important_degree_top3,rolling5,exact_1_2,nevertreated,pc_score,knowledge_level_pc_score,high,github_outcomes,pull_request_opened,TRUE,sa,1,-0.735177556566253,0.427303705142945,-1.57269281864642,0.10233770551392
important_degree_top3,rolling5,exact_1_2,nevertreated,pc_score,knowledge_level_pc_score,high,github_outcomes,pull_request_opened,TRUE,sa,2,-1.03561763390437,0.623071126531233,-2.25683704190558,0.185601774096851
important_degree_top3,rolling5,exact_1_2,nevertreated,pc_score,knowledge_level_pc_score,high,github_outcomes,pull_request_opened,TRUE,sa,3,-1.21658719539625,0.924310254107793,-3.02823529344752,0.595060902655024
important_degree_top3,rolling5,exact_1_2,nevertreated,pc_score,knowledge_level_pc_score,high,github_outcomes,pull_request_opened,TRUE,sa,4,-1.70226080201997,1.40471830228994,-4.45550867450826,1.05098707046831
important_degree_top3,rolling5,exact_1_2,nevertreated,pc_score,knowledge_level_pc_score,high,github_outcomes,pull_request_opened,TRUE,sa,5,-1.94112381989338,1.62894369544514,-5.13385346296585,1.25160582317908
important_degree_top3,rolling5,exact_1_2,nevertreated,pc_score,knowledge_level_pc_score,high,github_outcomes,pull_request_opened,TRUE,sa,6,-2.27973105626495,1.79934329379832,-5.80644391210967,1.24698179957976
important_degree_top3,rolling5,exact_1_2,nevertreated,pc_score,knowledge_level_pc_score,high,github_outcomes,pull_request_opened,TRUE,sa,7,-2.62311609635273,2.05211635549819,-6.64526415312919,1.39903196042372
important_degree_top3,rolling5,exact_1_2,nevertreated,pc_score,knowledge_level_pc_score,high,github_outcomes,pull_request_opened,TRUE,sa,8,-2.99292762393484,2.16955565493318,-7.24525670760386,1.25940145973419
important_degree_top3,rolling5,exact_1_2,nevertreated,pc_score,knowledge_level_pc_score,high,github_outcomes,pull_request_opened,TRUE,sa,9,-3.42259755788812,2.36849601071406,-8.06484973888767,1.21965462311143
important_degree_top3,rolling5,exact_1_2,nevertreated,pc_score,knowledge_level_pc_score,high,github_outcomes,pull_request_opened,TRUE,sa,10,-3.42632505964607,2.5057423098094,-8.33757998687251,1.48492986758036
important_degree_top3,rolling5,exact_1_2,nevertreated,pc_score,knowledge_level_pc_score,high,github_outcomes,pull_request_opened,TRUE,sa,11,-3.65162684925173,2.30444890709413,-8.16834670715622,0.865093008652773
important_degree_top3,rolling5,exact_1_2,nevertreated,pc_score,discussion_quality_pc_score,low,github_outcomes,pull_request_opened,TRUE,sa,-15,-0.324870303221384,0.606261218923649,-1.51314229231174,0.863401685868968
important_degree_top3,rolling5,exact_1_2,nevertreated,pc_score,discussion_quality_pc_score,low,github_outcomes,pull_request_opened,TRUE,sa,-14,-0.879053378290934,0.639735476012143,-2.13293491127474,0.374828154692867
important_degree_top3,rolling5,exact_1_2,nevertreated,pc_score,discussion_quality_pc_score,low,github_outcomes,pull_request_opened,TRUE,sa,-13,0.410674202410235,0.511482309247677,-0.591831123715213,1.41317952853568
important_degree_top3,rolling5,exact_1_2,nevertreated,pc_score,discussion_quality_pc_score,low,github_outcomes,pull_request_opened,TRUE,sa,-12,0.619938058259679,0.492229873728029,-0.344832494247258,1.58470861076662
important_degree_top3,rolling5,exact_1_2,nevertreated,pc_score,discussion_quality_pc_score,low,github_outcomes,pull_request_opened,TRUE,sa,-11,0.0433328166925912,0.378911662385945,-0.699334041583861,0.785999674969043
important_degree_top3,rolling5,exact_1_2,nevertreated,pc_score,discussion_quality_pc_score,low,github_outcomes,pull_request_opened,TRUE,sa,-10,0.640380819746416,0.487134369292648,-0.314402544067174,1.59516418356001
important_degree_top3,rolling5,exact_1_2,nevertreated,pc_score,discussion_quality_pc_score,low,github_outcomes,pull_request_opened,TRUE,sa,-9,0.745747862203723,0.499730386176517,-0.233723694702249,1.7252194191097
important_degree_top3,rolling5,exact_1_2,nevertreated,pc_score,discussion_quality_pc_score,low,github_outcomes,pull_request_opened,TRUE,sa,-8,0.51990124790309,0.510780428326228,-0.481228391616317,1.5210308874225
important_degree_top3,rolling5,exact_1_2,nevertreated,pc_score,discussion_quality_pc_score,low,github_outcomes,pull_request_opened,TRUE,sa,-7,0.48181738363083,0.469992829842897,-0.439368562861249,1.40300333012291
important_degree_top3,rolling5,exact_1_2,nevertreated,pc_score,discussion_quality_pc_score,low,github_outcomes,pull_request_opened,TRUE,sa,-6,0.313631204159652,0.456030942552003,-0.580189443242273,1.20745185156158
important_degree_top3,rolling5,exact_1_2,nevertreated,pc_score,discussion_quality_pc_score,low,github_outcomes,pull_request_opened,TRUE,sa,-5,0.177157538215431,0.316807180708738,-0.443784535973695,0.798099612404558
important_degree_top3,rolling5,exact_1_2,nevertreated,pc_score,discussion_quality_pc_score,low,github_outcomes,pull_request_opened,TRUE,sa,-4,0.00267386768328728,0.221039942965509,-0.430564420529109,0.435912155895684
important_degree_top3,rolling5,exact_1_2,nevertreated,pc_score,discussion_quality_pc_score,low,github_outcomes,pull_request_opened,TRUE,sa,-3,0.0341177295461507,0.158627324014199,-0.27679182552168,0.345027284613981
important_degree_top3,rolling5,exact_1_2,nevertreated,pc_score,discussion_quality_pc_score,low,github_outcomes,pull_request_opened,TRUE,sa,-2,0.338196688767999,0.117428500335241,0.108036828110927,0.568356549425071
important_degree_top3,rolling5,exact_1_2,nevertreated,pc_score,discussion_quality_pc_score,low,github_outcomes,pull_request_opened,TRUE,sa,-1,0,0,0,0
important_degree_top3,rolling5,exact_1_2,nevertreated,pc_score,discussion_quality_pc_score,low,github_outcomes,pull_request_opened,TRUE,sa,0,-0.240668656201733,0.241575943127565,-0.714157504731761,0.232820192328294
important_degree_top3,rolling5,exact_1_2,nevertreated,pc_score,discussion_quality_pc_score,low,github_outcomes,pull_request_opened,TRUE,sa,1,-0.716255914702664,0.405130831329263,-1.51031234410802,0.0778005147026913
important_degree_top3,rolling5,exact_1_2,nevertreated,pc_score,discussion_quality_pc_score,low,github_outcomes,pull_request_opened,TRUE,sa,2,-0.943692017865733,0.571033317793616,-2.06291732074122,0.175533285009755
important_degree_top3,rolling5,exact_1_2,nevertreated,pc_score,discussion_quality_pc_score,low,github_outcomes,pull_request_opened,TRUE,sa,3,-1.38221619126563,0.885178791193144,-3.11716662200419,0.352734239472934
important_degree_top3,rolling5,exact_1_2,nevertreated,pc_score,discussion_quality_pc_score,low,github_outcomes,pull_request_opened,TRUE,sa,4,-1.96648624904387,1.33740902783441,-4.58780794359932,0.654835445511577
important_degree_top3,rolling5,exact_1_2,nevertreated,pc_score,discussion_quality_pc_score,low,github_outcomes,pull_request_opened,TRUE,sa,5,-2.21819810973887,1.61365771574016,-5.38096723258959,0.944571013111854
important_degree_top3,rolling5,exact_1_2,nevertreated,pc_score,discussion_quality_pc_score,low,github_outcomes,pull_request_opened,TRUE,sa,6,-2.51656721617964,1.74818706589514,-5.94301386533412,0.909879432974845
important_degree_top3,rolling5,exact_1_2,nevertreated,pc_score,discussion_quality_pc_score,low,github_outcomes,pull_request_opened,TRUE,sa,7,-2.71961427401551,2.11461572727854,-6.86426109948145,1.42503255145043
important_degree_top3,rolling5,exact_1_2,nevertreated,pc_score,discussion_quality_pc_score,low,github_outcomes,pull_request_opened,TRUE,sa,8,-3.09853106587861,2.18576657988116,-7.38263356244568,1.18557143068846
important_degree_top3,rolling5,exact_1_2,nevertreated,pc_score,discussion_quality_pc_score,low,github_outcomes,pull_request_opened,TRUE,sa,9,-3.50263938602619,2.38171570311469,-8.17080216413097,1.1655233920786
important_degree_top3,rolling5,exact_1_2,nevertreated,pc_score,discussion_quality_pc_score,low,github_outcomes,pull_request_opened,TRUE,sa,10,-3.56525121625624,2.67345407992839,-8.80522121291589,1.6747187804034
important_degree_top3,rolling5,exact_1_2,nevertreated,pc_score,discussion_quality_pc_score,low,github_outcomes,pull_request_opened,TRUE,sa,11,-2.84866853935221,2.44938920628693,-7.64947138367459,1.95213430497018
important_degree_top3,rolling5,exact_1_2,nevertreated,pc_score,discussion_quality_pc_score,high,github_outcomes,pull_request_opened,TRUE,sa,-15,0.924597992994487,0.851735679484833,-0.744803938795785,2.59399992478476
important_degree_top3,rolling5,exact_1_2,nevertreated,pc_score,discussion_quality_pc_score,high,github_outcomes,pull_request_opened,TRUE,sa,-14,0.669797988446143,0.623653470314442,-0.552562813370163,1.89215879026245
important_degree_top3,rolling5,exact_1_2,nevertreated,pc_score,discussion_quality_pc_score,high,github_outcomes,pull_request_opened,TRUE,sa,-13,1.37205693906132,0.437977316247379,0.513621399216454,2.23049247890618
important_degree_top3,rolling5,exact_1_2,nevertreated,pc_score,discussion_quality_pc_score,high,github_outcomes,pull_request_opened,TRUE,sa,-12,0.394594648661307,0.415678713448767,-0.420135629698276,1.20932492702089
important_degree_top3,rolling5,exact_1_2,nevertreated,pc_score,discussion_quality_pc_score,high,github_outcomes,pull_request_opened,TRUE,sa,-11,0.934919955321752,0.388452632686973,0.173552795255285,1.69628711538822
important_degree_top3,rolling5,exact_1_2,nevertreated,pc_score,discussion_quality_pc_score,high,github_outcomes,pull_request_opened,TRUE,sa,-10,0.54251017554592,0.316555418669216,-0.0779384450457434,1.16295879613758
important_degree_top3,rolling5,exact_1_2,nevertreated,pc_score,discussion_quality_pc_score,high,github_outcomes,pull_request_opened,TRUE,sa,-9,0.763820218568588,0.38306177916632,0.0130191314026017,1.51462130573457
important_degree_top3,rolling5,exact_1_2,nevertreated,pc_score,discussion_quality_pc_score,high,github_outcomes,pull_request_opened,TRUE,sa,-8,0.637922060369608,0.290059374626832,0.0694056861010176,1.2064384346382
important_degree_top3,rolling5,exact_1_2,nevertreated,pc_score,discussion_quality_pc_score,high,github_outcomes,pull_request_opened,TRUE,sa,-7,0.558686207272948,0.273747511425358,0.022141084879246,1.09523132966665
important_degree_top3,rolling5,exact_1_2,nevertreated,pc_score,discussion_quality_pc_score,high,github_outcomes,pull_request_opened,TRUE,sa,-6,0.524636529282504,0.219103298468775,0.0951940642837045,0.954078994281304
important_degree_top3,rolling5,exact_1_2,nevertreated,pc_score,discussion_quality_pc_score,high,github_outcomes,pull_request_opened,TRUE,sa,-5,0.20450235535671,0.150161714809503,-0.0898146056699168,0.498819316383336
important_degree_top3,rolling5,exact_1_2,nevertreated,pc_score,discussion_quality_pc_score,high,github_outcomes,pull_request_opened,TRUE,sa,-4,0.34885318526772,0.129377544702654,0.0952731976505188,0.602433172884921
important_degree_top3,rolling5,exact_1_2,nevertreated,pc_score,discussion_quality_pc_score,high,github_outcomes,pull_request_opened,TRUE,sa,-3,0.188980859561755,0.118847620606267,-0.0439604768265286,0.421922195950039
important_degree_top3,rolling5,exact_1_2,nevertreated,pc_score,discussion_quality_pc_score,high,github_outcomes,pull_request_opened,TRUE,sa,-2,0.306253819513518,0.108199986672825,0.0941818456347814,0.518325793392255
important_degree_top3,rolling5,exact_1_2,nevertreated,pc_score,discussion_quality_pc_score,high,github_outcomes,pull_request_opened,TRUE,sa,-1,0,0,0,0
important_degree_top3,rolling5,exact_1_2,nevertreated,pc_score,discussion_quality_pc_score,high,github_outcomes,pull_request_opened,TRUE,sa,0,0.176770433391387,0.159596488782307,-0.136038684621936,0.489579551404709
important_degree_top3,rolling5,exact_1_2,nevertreated,pc_score,discussion_quality_pc_score,high,github_outcomes,pull_request_opened,TRUE,sa,1,-0.401285756816258,0.203951063382418,-0.801029841045798,-0.00154167258671817
important_degree_top3,rolling5,exact_1_2,nevertreated,pc_score,discussion_quality_pc_score,high,github_outcomes,pull_request_opened,TRUE,sa,2,-0.480554113225937,0.271686017804218,-1.0130587081222,0.0519504816703294
important_degree_top3,rolling5,exact_1_2,nevertreated,pc_score,discussion_quality_pc_score,high,github_outcomes,pull_request_opened,TRUE,sa,3,-0.452090421024908,0.361300200471216,-1.16023881394849,0.256057971898675
important_degree_top3,rolling5,exact_1_2,nevertreated,pc_score,discussion_quality_pc_score,high,github_outcomes,pull_request_opened,TRUE,sa,4,-0.297571897967997,0.458013514434398,-1.19527838625942,0.600134590323424
important_degree_top3,rolling5,exact_1_2,nevertreated,pc_score,discussion_quality_pc_score,high,github_outcomes,pull_request_opened,TRUE,sa,5,-0.0982848048020555,0.473195366130169,-1.02574772241719,0.829178112813076
important_degree_top3,rolling5,exact_1_2,nevertreated,pc_score,discussion_quality_pc_score,high,github_outcomes,pull_request_opened,TRUE,sa,6,-0.0291441879658465,0.580298842725506,-1.16652991970784,1.10824154377615
important_degree_top3,rolling5,exact_1_2,nevertreated,pc_score,discussion_quality_pc_score,high,github_outcomes,pull_request_opened,TRUE,sa,7,-0.582193414482455,0.494033017580691,-1.55049812894061,0.3861112999757
important_degree_top3,rolling5,exact_1_2,nevertreated,pc_score,discussion_quality_pc_score,high,github_outcomes,pull_request_opened,TRUE,sa,8,-0.563307425984153,0.529926102970053,-1.60196258780546,0.475347735837151
important_degree_top3,rolling5,exact_1_2,nevertreated,pc_score,discussion_quality_pc_score,high,github_outcomes,pull_request_opened,TRUE,sa,9,-0.740235956873264,0.472307513954789,-1.66595868422465,0.185486770478124
important_degree_top3,rolling5,exact_1_2,nevertreated,pc_score,discussion_quality_pc_score,high,github_outcomes,pull_request_opened,TRUE,sa,10,-1.10470714298839,0.43572668304676,-1.95873144176004,-0.25068284421674
important_degree_top3,rolling5,exact_1_2,nevertreated,pc_score,discussion_quality_pc_score,high,github_outcomes,pull_request_opened,TRUE,sa,11,-1.84834697965585,0.452339054882182,-2.73493152722492,-0.961762432086768
important_degree_top3,rolling5,exact_1_2,nevertreated,pc_score,investment_in_new_talent_pc_score,low,github_outcomes,pull_request_opened,TRUE,sa,-15,-0.586573043221005,0.558039944668341,-1.68033133477095,0.507185248328944
important_degree_top3,rolling5,exact_1_2,nevertreated,pc_score,investment_in_new_talent_pc_score,low,github_outcomes,pull_request_opened,TRUE,sa,-14,-0.133421934327638,0.59264834706142,-1.29501269456802,1.02816882591275
important_degree_top3,rolling5,exact_1_2,nevertreated,pc_score,investment_in_new_talent_pc_score,low,github_outcomes,pull_request_opened,TRUE,sa,-13,1.09590409441332,0.605450600260942,-0.0907790820981276,2.28258727092477
important_degree_top3,rolling5,exact_1_2,nevertreated,pc_score,investment_in_new_talent_pc_score,low,github_outcomes,pull_request_opened,TRUE,sa,-12,0.861892269140369,0.438980302923454,0.00149087541039905,1.72229366287034
important_degree_top3,rolling5,exact_1_2,nevertreated,pc_score,investment_in_new_talent_pc_score,low,github_outcomes,pull_request_opened,TRUE,sa,-11,0.72659967039244,0.371091456616056,-0.000739584575029095,1.45393892535991
important_degree_top3,rolling5,exact_1_2,nevertreated,pc_score,investment_in_new_talent_pc_score,low,github_outcomes,pull_request_opened,TRUE,sa,-10,0.871442824837686,0.433626905790469,0.0215340894883667,1.72135156018701
important_degree_top3,rolling5,exact_1_2,nevertreated,pc_score,investment_in_new_talent_pc_score,low,github_outcomes,pull_request_opened,TRUE,sa,-9,1.01098580487421,0.52047998373441,-0.00915496324523102,2.03112657299366
important_degree_top3,rolling5,exact_1_2,nevertreated,pc_score,investment_in_new_talent_pc_score,low,github_outcomes,pull_request_opened,TRUE,sa,-8,0.709208143723561,0.546655194247241,-0.362236037001031,1.78065232444815
important_degree_top3,rolling5,exact_1_2,nevertreated,pc_score,investment_in_new_talent_pc_score,low,github_outcomes,pull_request_opened,TRUE,sa,-7,0.658840618341174,0.542994999497109,-0.405429580673159,1.72311081735551
important_degree_top3,rolling5,exact_1_2,nevertreated,pc_score,investment_in_new_talent_pc_score,low,github_outcomes,pull_request_opened,TRUE,sa,-6,0.5548374955276,0.510258362918429,-0.445268895792521,1.55494388684772
important_degree_top3,rolling5,exact_1_2,nevertreated,pc_score,investment_in_new_talent_pc_score,low,github_outcomes,pull_request_opened,TRUE,sa,-5,0.333802427664417,0.361591218849535,-0.374916361280672,1.04252121660951
important_degree_top3,rolling5,exact_1_2,nevertreated,pc_score,investment_in_new_talent_pc_score,low,github_outcomes,pull_request_opened,TRUE,sa,-4,0.191565501150751,0.247181534757037,-0.292910306973042,0.676041309274543
important_degree_top3,rolling5,exact_1_2,nevertreated,pc_score,investment_in_new_talent_pc_score,low,github_outcomes,pull_request_opened,TRUE,sa,-3,0.0542549859948188,0.171697645458859,-0.282272399104544,0.390782371094181
important_degree_top3,rolling5,exact_1_2,nevertreated,pc_score,investment_in_new_talent_pc_score,low,github_outcomes,pull_request_opened,TRUE,sa,-2,0.315373646120954,0.128488361799242,0.0635364569944399,0.567210835247468
important_degree_top3,rolling5,exact_1_2,nevertreated,pc_score,investment_in_new_talent_pc_score,low,github_outcomes,pull_request_opened,TRUE,sa,-1,0,0,0,0
important_degree_top3,rolling5,exact_1_2,nevertreated,pc_score,investment_in_new_talent_pc_score,low,github_outcomes,pull_request_opened,TRUE,sa,0,-0.134097775593552,0.24118874654295,-0.606827718817733,0.338632167630629
important_degree_top3,rolling5,exact_1_2,nevertreated,pc_score,investment_in_new_talent_pc_score,low,github_outcomes,pull_request_opened,TRUE,sa,1,-0.865815474353891,0.402735814682338,-1.65517767113127,-0.0764532775765089
important_degree_top3,rolling5,exact_1_2,nevertreated,pc_score,investment_in_new_talent_pc_score,low,github_outcomes,pull_request_opened,TRUE,sa,2,-1.08974892017032,0.601136740870204,-2.26797693227592,0.0884790919352803
important_degree_top3,rolling5,exact_1_2,nevertreated,pc_score,investment_in_new_talent_pc_score,low,github_outcomes,pull_request_opened,TRUE,sa,3,-1.60308077804988,0.995536538049227,-3.55433239262636,0.348170836526607
important_degree_top3,rolling5,exact_1_2,nevertreated,pc_score,investment_in_new_talent_pc_score,low,github_outcomes,pull_request_opened,TRUE,sa,4,-1.88095902043611,1.50129338515533,-4.82349405534056,1.06157601446833
important_degree_top3,rolling5,exact_1_2,nevertreated,pc_score,investment_in_new_talent_pc_score,low,github_outcomes,pull_request_opened,TRUE,sa,5,-2.10504199737443,1.82834806155348,-5.68860419801925,1.47852020327038
important_degree_top3,rolling5,exact_1_2,nevertreated,pc_score,investment_in_new_talent_pc_score,low,github_outcomes,pull_request_opened,TRUE,sa,6,-2.11406140942545,2.04328383745448,-6.11889773083623,1.89077491198532
important_degree_top3,rolling5,exact_1_2,nevertreated,pc_score,investment_in_new_talent_pc_score,low,github_outcomes,pull_request_opened,TRUE,sa,7,-2.81258428923222,2.5045597448725,-7.72152138918232,2.09635281071787
important_degree_top3,rolling5,exact_1_2,nevertreated,pc_score,investment_in_new_talent_pc_score,low,github_outcomes,pull_request_opened,TRUE,sa,8,-3.02383711960782,2.60386605621099,-8.12741458978136,2.07974035056572
important_degree_top3,rolling5,exact_1_2,nevertreated,pc_score,investment_in_new_talent_pc_score,low,github_outcomes,pull_request_opened,TRUE,sa,9,-3.50370491024702,2.84693521522417,-9.08369793208639,2.07628811159236
important_degree_top3,rolling5,exact_1_2,nevertreated,pc_score,investment_in_new_talent_pc_score,low,github_outcomes,pull_request_opened,TRUE,sa,10,-3.96748094962805,3.10854459428525,-10.0602283544271,2.12526645517103
important_degree_top3,rolling5,exact_1_2,nevertreated,pc_score,investment_in_new_talent_pc_score,low,github_outcomes,pull_request_opened,TRUE,sa,11,-3.75087659553499,2.85460935953026,-9.3459109402143,1.84415774914432
important_degree_top3,rolling5,exact_1_2,nevertreated,pc_score,investment_in_new_talent_pc_score,high,github_outcomes,pull_request_opened,TRUE,sa,-15,1.78821651848644,1.28741630982599,-0.735119448772511,4.31155248574539
important_degree_top3,rolling5,exact_1_2,nevertreated,pc_score,investment_in_new_talent_pc_score,high,github_outcomes,pull_request_opened,TRUE,sa,-14,0.289936410249514,0.720371419188551,-1.12199157136005,1.70186439185907
important_degree_top3,rolling5,exact_1_2,nevertreated,pc_score,investment_in_new_talent_pc_score,high,github_outcomes,pull_request_opened,TRUE,sa,-13,0.57699671114487,0.460760254306269,-0.326093387295418,1.48008680958516
important_degree_top3,rolling5,exact_1_2,nevertreated,pc_score,investment_in_new_talent_pc_score,high,github_outcomes,pull_request_opened,TRUE,sa,-12,-0.185140733927541,0.328840095903483,-0.829667321898367,0.459385854043286
important_degree_top3,rolling5,exact_1_2,nevertreated,pc_score,investment_in_new_talent_pc_score,high,github_outcomes,pull_request_opened,TRUE,sa,-11,0.399047740342418,0.423764813803356,-0.43153129471216,1.22962677539699
important_degree_top3,rolling5,exact_1_2,nevertreated,pc_score,investment_in_new_talent_pc_score,high,github_outcomes,pull_request_opened,TRUE,sa,-10,0.494739430652913,0.367681354538241,-0.22591602424204,1.21539488554787
important_degree_top3,rolling5,exact_1_2,nevertreated,pc_score,investment_in_new_talent_pc_score,high,github_outcomes,pull_request_opened,TRUE,sa,-9,0.627243875762712,0.424200023756843,-0.204188170800701,1.45867592232612
important_degree_top3,rolling5,exact_1_2,nevertreated,pc_score,investment_in_new_talent_pc_score,high,github_outcomes,pull_request_opened,TRUE,sa,-8,0.836449935230329,0.38376318743892,0.0842740878500461,1.58862578261061
important_degree_top3,rolling5,exact_1_2,nevertreated,pc_score,investment_in_new_talent_pc_score,high,github_outcomes,pull_request_opened,TRUE,sa,-7,0.722565753339873,0.291292724250797,0.151632013808311,1.29349949287143
important_degree_top3,rolling5,exact_1_2,nevertreated,pc_score,investment_in_new_talent_pc_score,high,github_outcomes,pull_request_opened,TRUE,sa,-6,0.554794331588132,0.202750973872066,0.157402422798883,0.952186240377382
important_degree_top3,rolling5,exact_1_2,nevertreated,pc_score,investment_in_new_talent_pc_score,high,github_outcomes,pull_request_opened,TRUE,sa,-5,0.198604241715981,0.136400629697762,-0.068740992491632,0.465949475923594
important_degree_top3,rolling5,exact_1_2,nevertreated,pc_score,investment_in_new_talent_pc_score,high,github_outcomes,pull_request_opened,TRUE,sa,-4,0.279377249170646,0.127789697455875,0.02890944215713,0.529845056184161
important_degree_top3,rolling5,exact_1_2,nevertreated,pc_score,investment_in_new_talent_pc_score,high,github_outcomes,pull_request_opened,TRUE,sa,-3,0.235547722166874,0.120346071840954,-0.000330578641395046,0.471426022975144
important_degree_top3,rolling5,exact_1_2,nevertreated,pc_score,investment_in_new_talent_pc_score,high,github_outcomes,pull_request_opened,TRUE,sa,-2,0.354311305716697,0.103824892778261,0.150814515871306,0.557808095562089
important_degree_top3,rolling5,exact_1_2,nevertreated,pc_score,investment_in_new_talent_pc_score,high,github_outcomes,pull_request_opened,TRUE,sa,-1,0,0,0,0
important_degree_top3,rolling5,exact_1_2,nevertreated,pc_score,investment_in_new_talent_pc_score,high,github_outcomes,pull_request_opened,TRUE,sa,0,-0.0226105543244302,0.15569999548118,-0.327782545467542,0.282561436818682
important_degree_top3,rolling5,exact_1_2,nevertreated,pc_score,investment_in_new_talent_pc_score,high,github_outcomes,pull_request_opened,TRUE,sa,1,-0.219116765488677,0.22541804977195,-0.660936143041698,0.222702612064344
important_degree_top3,rolling5,exact_1_2,nevertreated,pc_score,investment_in_new_talent_pc_score,high,github_outcomes,pull_request_opened,TRUE,sa,2,-0.289291488680293,0.293271325964791,-0.864103287571284,0.285520310210698
important_degree_top3,rolling5,exact_1_2,nevertreated,pc_score,investment_in_new_talent_pc_score,high,github_outcomes,pull_request_opened,TRUE,sa,3,-0.233744771310947,0.353367680920224,-0.926345425914585,0.458855883292691
important_degree_top3,rolling5,exact_1_2,nevertreated,pc_score,investment_in_new_talent_pc_score,high,github_outcomes,pull_request_opened,TRUE,sa,4,-0.454672393912875,0.368052600247856,-1.17605549039867,0.266710702572922
important_degree_top3,rolling5,exact_1_2,nevertreated,pc_score,investment_in_new_talent_pc_score,high,github_outcomes,pull_request_opened,TRUE,sa,5,-0.325633667213074,0.375488773634023,-1.06159166353576,0.41032432910961
important_degree_top3,rolling5,exact_1_2,nevertreated,pc_score,investment_in_new_talent_pc_score,high,github_outcomes,pull_request_opened,TRUE,sa,6,-0.741710067647435,0.440584070297826,-1.60525484543117,0.121834710136304
important_degree_top3,rolling5,exact_1_2,nevertreated,pc_score,investment_in_new_talent_pc_score,high,github_outcomes,pull_request_opened,TRUE,sa,7,-0.707287592845072,0.466076505931244,-1.62079754447031,0.206222358780166
important_degree_top3,rolling5,exact_1_2,nevertreated,pc_score,investment_in_new_talent_pc_score,high,github_outcomes,pull_request_opened,TRUE,sa,8,-0.938743291042077,0.493381824712557,-1.90577166747869,0.0282850853945354
important_degree_top3,rolling5,exact_1_2,nevertreated,pc_score,investment_in_new_talent_pc_score,high,github_outcomes,pull_request_opened,TRUE,sa,9,-1.18105950588932,0.49569694696301,-2.15262552193682,-0.209493489841818
important_degree_top3,rolling5,exact_1_2,nevertreated,pc_score,investment_in_new_talent_pc_score,high,github_outcomes,pull_request_opened,TRUE,sa,10,-0.946260026470126,0.468320006434696,-1.86416723908213,-0.0283528138581215
important_degree_top3,rolling5,exact_1_2,nevertreated,pc_score,investment_in_new_talent_pc_score,high,github_outcomes,pull_request_opened,TRUE,sa,11,-0.718352987373729,0.48529544881832,-1.66953206705764,0.232826092310179
important_degree_top3,rolling5,exact_1_2,nevertreated,pc_score,problem_solving_routines_pc_score,low,github_outcomes,pull_request_opened,TRUE,sa,-15,-0.37444475178814,0.572177178002227,-1.4959120206725,0.747022517096224
important_degree_top3,rolling5,exact_1_2,nevertreated,pc_score,problem_solving_routines_pc_score,low,github_outcomes,pull_request_opened,TRUE,sa,-14,-0.442995807003722,0.50650049594644,-1.43573677905875,0.549745165051301
important_degree_top3,rolling5,exact_1_2,nevertreated,pc_score,problem_solving_routines_pc_score,low,github_outcomes,pull_request_opened,TRUE,sa,-13,1.12000517819789,0.502889336602723,0.134342078456557,2.10566827793923
important_degree_top3,rolling5,exact_1_2,nevertreated,pc_score,problem_solving_routines_pc_score,low,github_outcomes,pull_request_opened,TRUE,sa,-12,0.317701381722233,0.421173248165683,-0.507798184682506,1.14320094812697
important_degree_top3,rolling5,exact_1_2,nevertreated,pc_score,problem_solving_routines_pc_score,low,github_outcomes,pull_request_opened,TRUE,sa,-11,0.205283734233423,0.338001403076188,-0.457199015795905,0.867766484262751
important_degree_top3,rolling5,exact_1_2,nevertreated,pc_score,problem_solving_routines_pc_score,low,github_outcomes,pull_request_opened,TRUE,sa,-10,0.434266816711648,0.392206454334212,-0.334457833783408,1.2029914672067
important_degree_top3,rolling5,exact_1_2,nevertreated,pc_score,problem_solving_routines_pc_score,low,github_outcomes,pull_request_opened,TRUE,sa,-9,0.383630448089012,0.35847492712003,-0.318980409066247,1.08624130524427
important_degree_top3,rolling5,exact_1_2,nevertreated,pc_score,problem_solving_routines_pc_score,low,github_outcomes,pull_request_opened,TRUE,sa,-8,0.427410069583832,0.278367191035579,-0.118189624845903,0.973009764013568
important_degree_top3,rolling5,exact_1_2,nevertreated,pc_score,problem_solving_routines_pc_score,low,github_outcomes,pull_request_opened,TRUE,sa,-7,0.123937855695969,0.215979837183255,-0.299382625183211,0.547258336575149
important_degree_top3,rolling5,exact_1_2,nevertreated,pc_score,problem_solving_routines_pc_score,low,github_outcomes,pull_request_opened,TRUE,sa,-6,0.202004101635439,0.194208775668061,-0.178645098673961,0.582653301944838
important_degree_top3,rolling5,exact_1_2,nevertreated,pc_score,problem_solving_routines_pc_score,low,github_outcomes,pull_request_opened,TRUE,sa,-5,0.0665017024395725,0.147886104229499,-0.223355061850246,0.35635846672939
important_degree_top3,rolling5,exact_1_2,nevertreated,pc_score,problem_solving_routines_pc_score,low,github_outcomes,pull_request_opened,TRUE,sa,-4,0.0340002285677337,0.134088545184072,-0.228813319993048,0.296813777128515
important_degree_top3,rolling5,exact_1_2,nevertreated,pc_score,problem_solving_routines_pc_score,low,github_outcomes,pull_request_opened,TRUE,sa,-3,0.00101286358681535,0.110929434156203,-0.216408827359343,0.218434554532974
important_degree_top3,rolling5,exact_1_2,nevertreated,pc_score,problem_solving_routines_pc_score,low,github_outcomes,pull_request_opened,TRUE,sa,-2,0.220198213809049,0.0960357589356212,0.0319681262952316,0.408428301322867
important_degree_top3,rolling5,exact_1_2,nevertreated,pc_score,problem_solving_routines_pc_score,low,github_outcomes,pull_request_opened,TRUE,sa,-1,0,0,0,0
important_degree_top3,rolling5,exact_1_2,nevertreated,pc_score,problem_solving_routines_pc_score,low,github_outcomes,pull_request_opened,TRUE,sa,0,0.0573340578176053,0.138455711304256,-0.214039136338737,0.328707251973947
important_degree_top3,rolling5,exact_1_2,nevertreated,pc_score,problem_solving_routines_pc_score,low,github_outcomes,pull_request_opened,TRUE,sa,1,-0.344089487915988,0.142622366664303,-0.623629326578021,-0.064549649253954
important_degree_top3,rolling5,exact_1_2,nevertreated,pc_score,problem_solving_routines_pc_score,low,github_outcomes,pull_request_opened,TRUE,sa,2,-0.371479589369092,0.173910748187845,-0.712344655817268,-0.0306145229209169
important_degree_top3,rolling5,exact_1_2,nevertreated,pc_score,problem_solving_routines_pc_score,low,github_outcomes,pull_request_opened,TRUE,sa,3,-0.39558853379864,0.247155484431555,-0.880013283284488,0.0888362156872087
important_degree_top3,rolling5,exact_1_2,nevertreated,pc_score,problem_solving_routines_pc_score,low,github_outcomes,pull_request_opened,TRUE,sa,4,-0.251038138400607,0.30443653348281,-0.847733744026916,0.345657467225701
important_degree_top3,rolling5,exact_1_2,nevertreated,pc_score,problem_solving_routines_pc_score,low,github_outcomes,pull_request_opened,TRUE,sa,5,-0.0896227752755058,0.317785314116206,-0.712481990943269,0.533236440392258
important_degree_top3,rolling5,exact_1_2,nevertreated,pc_score,problem_solving_routines_pc_score,low,github_outcomes,pull_request_opened,TRUE,sa,6,0.0880584750447984,0.398355699688844,-0.692718696345336,0.868835646434933
important_degree_top3,rolling5,exact_1_2,nevertreated,pc_score,problem_solving_routines_pc_score,low,github_outcomes,pull_request_opened,TRUE,sa,7,-0.371702228316945,0.301406146037884,-0.962458274551198,0.219053817917307
important_degree_top3,rolling5,exact_1_2,nevertreated,pc_score,problem_solving_routines_pc_score,low,github_outcomes,pull_request_opened,TRUE,sa,8,-0.716557482935586,0.326062033235137,-1.35563906807645,-0.077475897794717
important_degree_top3,rolling5,exact_1_2,nevertreated,pc_score,problem_solving_routines_pc_score,low,github_outcomes,pull_request_opened,TRUE,sa,9,-0.750515544421504,0.324356552410258,-1.38625438714561,-0.114776701697397
important_degree_top3,rolling5,exact_1_2,nevertreated,pc_score,problem_solving_routines_pc_score,low,github_outcomes,pull_request_opened,TRUE,sa,10,-0.928869933570125,0.294600591379935,-1.5062870926748,-0.351452774465451
important_degree_top3,rolling5,exact_1_2,nevertreated,pc_score,problem_solving_routines_pc_score,low,github_outcomes,pull_request_opened,TRUE,sa,11,-0.979873955628369,0.433425971353282,-1.8293888594808,-0.130359051775937
important_degree_top3,rolling5,exact_1_2,nevertreated,pc_score,problem_solving_routines_pc_score,high,github_outcomes,pull_request_opened,TRUE,sa,-15,0.802672418996797,1.06025684278391,-1.27543099285967,2.88077583085326
important_degree_top3,rolling5,exact_1_2,nevertreated,pc_score,problem_solving_routines_pc_score,high,github_outcomes,pull_request_opened,TRUE,sa,-14,0.692019484454866,0.676479960970882,-0.633881239048062,2.01792020795779
important_degree_top3,rolling5,exact_1_2,nevertreated,pc_score,problem_solving_routines_pc_score,high,github_outcomes,pull_request_opened,TRUE,sa,-13,0.681551335616767,0.427502589089024,-0.156353738997721,1.51945641023125
important_degree_top3,rolling5,exact_1_2,nevertreated,pc_score,problem_solving_routines_pc_score,high,github_outcomes,pull_request_opened,TRUE,sa,-12,0.438548754741081,0.4195493768037,-0.383768023794171,1.26086553327633
important_degree_top3,rolling5,exact_1_2,nevertreated,pc_score,problem_solving_routines_pc_score,high,github_outcomes,pull_request_opened,TRUE,sa,-11,0.989995409034116,0.492346498089347,0.0249962727789961,1.95499454528924
important_degree_top3,rolling5,exact_1_2,nevertreated,pc_score,problem_solving_routines_pc_score,high,github_outcomes,pull_request_opened,TRUE,sa,-10,0.914647505664317,0.365691800785216,0.197891576125294,1.63140343520334
important_degree_top3,rolling5,exact_1_2,nevertreated,pc_score,problem_solving_routines_pc_score,high,github_outcomes,pull_request_opened,TRUE,sa,-9,1.0353552718274,0.46857778682113,0.116942809657982,1.95376773399681
important_degree_top3,rolling5,exact_1_2,nevertreated,pc_score,problem_solving_routines_pc_score,high,github_outcomes,pull_request_opened,TRUE,sa,-8,0.733652757820558,0.455347999634181,-0.158829321462438,1.62613483710355
important_degree_top3,rolling5,exact_1_2,nevertreated,pc_score,problem_solving_routines_pc_score,high,github_outcomes,pull_request_opened,TRUE,sa,-7,1.00191141577681,0.424385454450863,0.170115925053124,1.83370690650051
important_degree_top3,rolling5,exact_1_2,nevertreated,pc_score,problem_solving_routines_pc_score,high,github_outcomes,pull_request_opened,TRUE,sa,-6,0.579474432744879,0.322727201047668,-0.0530708813085498,1.21201974679831
important_degree_top3,rolling5,exact_1_2,nevertreated,pc_score,problem_solving_routines_pc_score,high,github_outcomes,pull_request_opened,TRUE,sa,-5,0.300899246089389,0.217649813713923,-0.125694388789899,0.727492880968677
important_degree_top3,rolling5,exact_1_2,nevertreated,pc_score,problem_solving_routines_pc_score,high,github_outcomes,pull_request_opened,TRUE,sa,-4,0.355688209319082,0.162937200093329,0.0363312971361569,0.675045121502006
important_degree_top3,rolling5,exact_1_2,nevertreated,pc_score,problem_solving_routines_pc_score,high,github_outcomes,pull_request_opened,TRUE,sa,-3,0.237172067891756,0.135711080130536,-0.0288216491640953,0.503165784947607
important_degree_top3,rolling5,exact_1_2,nevertreated,pc_score,problem_solving_routines_pc_score,high,github_outcomes,pull_request_opened,TRUE,sa,-2,0.435456285912738,0.11471210955543,0.210620551184095,0.660292020641381
important_degree_top3,rolling5,exact_1_2,nevertreated,pc_score,problem_solving_routines_pc_score,high,github_outcomes,pull_request_opened,TRUE,sa,-1,0,0,0,0
important_degree_top3,rolling5,exact_1_2,nevertreated,pc_score,problem_solving_routines_pc_score,high,github_outcomes,pull_request_opened,TRUE,sa,0,-0.151768463140805,0.225806560858603,-0.594349322423667,0.290812396142058
important_degree_top3,rolling5,exact_1_2,nevertreated,pc_score,problem_solving_routines_pc_score,high,github_outcomes,pull_request_opened,TRUE,sa,1,-0.694116444186252,0.347126944640026,-1.3744852556807,-0.0137476326918018
important_degree_top3,rolling5,exact_1_2,nevertreated,pc_score,problem_solving_routines_pc_score,high,github_outcomes,pull_request_opened,TRUE,sa,2,-0.89420349883944,0.471111989077224,-1.8175829974308,0.0291759997519186
important_degree_top3,rolling5,exact_1_2,nevertreated,pc_score,problem_solving_routines_pc_score,high,github_outcomes,pull_request_opened,TRUE,sa,3,-1.13836388917053,0.677966995868972,-2.46717920107372,0.190451422732652
important_degree_top3,rolling5,exact_1_2,nevertreated,pc_score,problem_solving_routines_pc_score,high,github_outcomes,pull_request_opened,TRUE,sa,4,-1.56594685000159,0.996280517855993,-3.51865666499933,0.38676296499616
important_degree_top3,rolling5,exact_1_2,nevertreated,pc_score,problem_solving_routines_pc_score,high,github_outcomes,pull_request_opened,TRUE,sa,5,-1.66342923577369,1.14945309208918,-3.91635729626849,0.589498824721105
important_degree_top3,rolling5,exact_1_2,nevertreated,pc_score,problem_solving_routines_pc_score,high,github_outcomes,pull_request_opened,TRUE,sa,6,-2.09561156742395,1.22445681225493,-4.49554691944361,0.304323784595705
important_degree_top3,rolling5,exact_1_2,nevertreated,pc_score,problem_solving_routines_pc_score,high,github_outcomes,pull_request_opened,TRUE,sa,7,-2.05818384840825,1.46599831035201,-4.9315405366982,0.815172839881692
important_degree_top3,rolling5,exact_1_2,nevertreated,pc_score,problem_solving_routines_pc_score,high,github_outcomes,pull_request_opened,TRUE,sa,8,-2.0140171621291,1.51882809879849,-4.99092023577415,0.962885911515937
important_degree_top3,rolling5,exact_1_2,nevertreated,pc_score,problem_solving_routines_pc_score,high,github_outcomes,pull_request_opened,TRUE,sa,9,-2.50915470768573,1.64752743797692,-5.73830848612048,0.719999070749028
important_degree_top3,rolling5,exact_1_2,nevertreated,pc_score,problem_solving_routines_pc_score,high,github_outcomes,pull_request_opened,TRUE,sa,10,-2.49800026955295,1.65898809579192,-5.74961693730512,0.753616398199214
important_degree_top3,rolling5,exact_1_2,nevertreated,pc_score,problem_solving_routines_pc_score,high,github_outcomes,pull_request_opened,TRUE,sa,11,-3.34197007045639,1.68571646573277,-6.64597434329261,-0.0379657976201613
important_degree_top3,rolling5,exact_1_2,nevertreated,pc_score,collaboration_pc_score,low,github_outcomes,pull_request_opened,FALSE,sa,-15,11.4183322833547,5.3473958664492,0.937436385114298,21.8992281815952
important_degree_top3,rolling5,exact_1_2,nevertreated,pc_score,collaboration_pc_score,low,github_outcomes,pull_request_opened,FALSE,sa,-14,5.15328594001545,5.0661315313728,-4.77633186147523,15.0829037415061
important_degree_top3,rolling5,exact_1_2,nevertreated,pc_score,collaboration_pc_score,low,github_outcomes,pull_request_opened,FALSE,sa,-13,7.24760644275546,4.68777573103387,-1.94043399007092,16.4356468755818
important_degree_top3,rolling5,exact_1_2,nevertreated,pc_score,collaboration_pc_score,low,github_outcomes,pull_request_opened,FALSE,sa,-12,7.57348409176387,4.31126471577635,-0.876594751157768,16.0235629346855
important_degree_top3,rolling5,exact_1_2,nevertreated,pc_score,collaboration_pc_score,low,github_outcomes,pull_request_opened,FALSE,sa,-11,6.50153699350112,4.09574890809804,-1.52613086637104,14.5292048533733
important_degree_top3,rolling5,exact_1_2,nevertreated,pc_score,collaboration_pc_score,low,github_outcomes,pull_request_opened,FALSE,sa,-10,4.65680422223878,3.96629119292429,-3.11712651589284,12.4307349603704
important_degree_top3,rolling5,exact_1_2,nevertreated,pc_score,collaboration_pc_score,low,github_outcomes,pull_request_opened,FALSE,sa,-9,4.00292518258626,3.66739952523959,-3.18517788688333,11.1910282520558
important_degree_top3,rolling5,exact_1_2,nevertreated,pc_score,collaboration_pc_score,low,github_outcomes,pull_request_opened,FALSE,sa,-8,2.16922717029373,3.5852599116403,-4.85788225652125,9.19633659710871
important_degree_top3,rolling5,exact_1_2,nevertreated,pc_score,collaboration_pc_score,low,github_outcomes,pull_request_opened,FALSE,sa,-7,2.17903909912284,3.32827902620167,-4.34438779223243,8.70246599047811
important_degree_top3,rolling5,exact_1_2,nevertreated,pc_score,collaboration_pc_score,low,github_outcomes,pull_request_opened,FALSE,sa,-6,1.75677730490796,3.20689620922681,-4.5287392651766,8.04229387499251
important_degree_top3,rolling5,exact_1_2,nevertreated,pc_score,collaboration_pc_score,low,github_outcomes,pull_request_opened,FALSE,sa,-5,0.632628441998878,2.61944465421747,-4.50148308026737,5.76673996426512
important_degree_top3,rolling5,exact_1_2,nevertreated,pc_score,collaboration_pc_score,low,github_outcomes,pull_request_opened,FALSE,sa,-4,1.18861372732973,2.36354291291958,-3.44393038199265,5.8211578366521
important_degree_top3,rolling5,exact_1_2,nevertreated,pc_score,collaboration_pc_score,low,github_outcomes,pull_request_opened,FALSE,sa,-3,0.699835760901117,1.72644235727361,-2.68399125935517,4.0836627811574
important_degree_top3,rolling5,exact_1_2,nevertreated,pc_score,collaboration_pc_score,low,github_outcomes,pull_request_opened,FALSE,sa,-2,2.44235781107276,1.23330263039916,0.0250846554904034,4.85963096665512
important_degree_top3,rolling5,exact_1_2,nevertreated,pc_score,collaboration_pc_score,low,github_outcomes,pull_request_opened,FALSE,sa,-1,0,0,0,0
important_degree_top3,rolling5,exact_1_2,nevertreated,pc_score,collaboration_pc_score,low,github_outcomes,pull_request_opened,FALSE,sa,0,-0.326749004987383,1.38755731146345,-3.04636133545575,2.39286332548098
important_degree_top3,rolling5,exact_1_2,nevertreated,pc_score,collaboration_pc_score,low,github_outcomes,pull_request_opened,FALSE,sa,1,-1.76236058009151,2.106616736235,-5.89132938311211,2.3666082229291
important_degree_top3,rolling5,exact_1_2,nevertreated,pc_score,collaboration_pc_score,low,github_outcomes,pull_request_opened,FALSE,sa,2,-4.38151925102263,2.70279226757394,-9.67899209546755,0.91595359342228
important_degree_top3,rolling5,exact_1_2,nevertreated,pc_score,collaboration_pc_score,low,github_outcomes,pull_request_opened,FALSE,sa,3,-6.61878393792659,3.40668660508903,-13.2958896839011,0.0583218080479036
important_degree_top3,rolling5,exact_1_2,nevertreated,pc_score,collaboration_pc_score,low,github_outcomes,pull_request_opened,FALSE,sa,4,-10.4243081261958,4.31593698980126,-18.8835446262063,-1.96507162618535
important_degree_top3,rolling5,exact_1_2,nevertreated,pc_score,collaboration_pc_score,low,github_outcomes,pull_request_opened,FALSE,sa,5,-11.1798133771965,4.99489022579303,-20.9697982197508,-1.38982853464217
important_degree_top3,rolling5,exact_1_2,nevertreated,pc_score,collaboration_pc_score,low,github_outcomes,pull_request_opened,FALSE,sa,6,-12.5473168721507,5.66401762887142,-23.6487914247387,-1.44584231956277
important_degree_top3,rolling5,exact_1_2,nevertreated,pc_score,collaboration_pc_score,low,github_outcomes,pull_request_opened,FALSE,sa,7,-12.6045323482889,6.32177254105142,-24.9952065287497,-0.213858167828167
important_degree_top3,rolling5,exact_1_2,nevertreated,pc_score,collaboration_pc_score,low,github_outcomes,pull_request_opened,FALSE,sa,8,-14.1037483014189,6.27374401857634,-26.4002865778285,-1.80721002500925
important_degree_top3,rolling5,exact_1_2,nevertreated,pc_score,collaboration_pc_score,low,github_outcomes,pull_request_opened,FALSE,sa,9,-15.7723389644884,6.98137563439118,-29.4558352078951,-2.08884272108167
important_degree_top3,rolling5,exact_1_2,nevertreated,pc_score,collaboration_pc_score,low,github_outcomes,pull_request_opened,FALSE,sa,10,-16.9958421769586,7.63180987979369,-31.9541895413543,-2.03749481256297
important_degree_top3,rolling5,exact_1_2,nevertreated,pc_score,collaboration_pc_score,low,github_outcomes,pull_request_opened,FALSE,sa,11,-6.80037162627394,7.0095320256807,-20.5390543966081,6.93831114406023
important_degree_top3,rolling5,exact_1_2,nevertreated,pc_score,collaboration_pc_score,high,github_outcomes,pull_request_opened,FALSE,sa,-15,24.8430969601417,8.66704912298303,7.855680679095,41.8305132411885
important_degree_top3,rolling5,exact_1_2,nevertreated,pc_score,collaboration_pc_score,high,github_outcomes,pull_request_opened,FALSE,sa,-14,19.8589447609707,8.26315595008992,3.66315909879447,36.054730423147
important_degree_top3,rolling5,exact_1_2,nevertreated,pc_score,collaboration_pc_score,high,github_outcomes,pull_request_opened,FALSE,sa,-13,19.9244020412394,9.57066769826399,1.16589335264202,38.6829107298369
important_degree_top3,rolling5,exact_1_2,nevertreated,pc_score,collaboration_pc_score,high,github_outcomes,pull_request_opened,FALSE,sa,-12,20.3158465066739,9.84428404780979,1.02104977296673,39.6106432403811
important_degree_top3,rolling5,exact_1_2,nevertreated,pc_score,collaboration_pc_score,high,github_outcomes,pull_request_opened,FALSE,sa,-11,23.1452078063291,10.7743299927631,2.02752102051347,44.2628945921447
important_degree_top3,rolling5,exact_1_2,nevertreated,pc_score,collaboration_pc_score,high,github_outcomes,pull_request_opened,FALSE,sa,-10,23.5536192698164,11.0057497643607,1.98234973166944,45.1248888079633
important_degree_top3,rolling5,exact_1_2,nevertreated,pc_score,collaboration_pc_score,high,github_outcomes,pull_request_opened,FALSE,sa,-9,24.60245989827,11.1338036236881,2.78020479584131,46.4247150006986
important_degree_top3,rolling5,exact_1_2,nevertreated,pc_score,collaboration_pc_score,high,github_outcomes,pull_request_opened,FALSE,sa,-8,25.5289806183578,10.9887698626214,3.99099168761985,47.0669695490957
important_degree_top3,rolling5,exact_1_2,nevertreated,pc_score,collaboration_pc_score,high,github_outcomes,pull_request_opened,FALSE,sa,-7,20.6423923905966,10.2770823292995,0.499311025169526,40.7854737560236
important_degree_top3,rolling5,exact_1_2,nevertreated,pc_score,collaboration_pc_score,high,github_outcomes,pull_request_opened,FALSE,sa,-6,15.3860816673543,7.60681168531893,0.476730764129165,30.2954325705794
important_degree_top3,rolling5,exact_1_2,nevertreated,pc_score,collaboration_pc_score,high,github_outcomes,pull_request_opened,FALSE,sa,-5,12.2152927094793,5.45756222616614,1.51847074619371,22.912114672765
important_degree_top3,rolling5,exact_1_2,nevertreated,pc_score,collaboration_pc_score,high,github_outcomes,pull_request_opened,FALSE,sa,-4,9.61350531912081,3.85314696758366,2.06133726265684,17.1656733755848
important_degree_top3,rolling5,exact_1_2,nevertreated,pc_score,collaboration_pc_score,high,github_outcomes,pull_request_opened,FALSE,sa,-3,6.95412294687338,2.90789826008646,1.25464235710393,12.6536035366428
important_degree_top3,rolling5,exact_1_2,nevertreated,pc_score,collaboration_pc_score,high,github_outcomes,pull_request_opened,FALSE,sa,-2,5.80961628166941,1.6318868702152,2.61111801604762,9.00811454729121
important_degree_top3,rolling5,exact_1_2,nevertreated,pc_score,collaboration_pc_score,high,github_outcomes,pull_request_opened,FALSE,sa,-1,0,0,0,0
important_degree_top3,rolling5,exact_1_2,nevertreated,pc_score,collaboration_pc_score,high,github_outcomes,pull_request_opened,FALSE,sa,0,-4.81147270691426,1.67489860000757,-8.09427396292909,-1.52867145089943
important_degree_top3,rolling5,exact_1_2,nevertreated,pc_score,collaboration_pc_score,high,github_outcomes,pull_request_opened,FALSE,sa,1,-7.94135172190692,3.35178331208624,-14.510847013596,-1.37185643021788
important_degree_top3,rolling5,exact_1_2,nevertreated,pc_score,collaboration_pc_score,high,github_outcomes,pull_request_opened,FALSE,sa,2,-10.6849752320478,4.82833617948225,-20.148514143833,-1.22143632026255
important_degree_top3,rolling5,exact_1_2,nevertreated,pc_score,collaboration_pc_score,high,github_outcomes,pull_request_opened,FALSE,sa,3,-14.0981943749111,6.7390130319381,-27.3066599175098,-0.889728832312413
important_degree_top3,rolling5,exact_1_2,nevertreated,pc_score,collaboration_pc_score,high,github_outcomes,pull_request_opened,FALSE,sa,4,-14.6734292269182,8.71832730868358,-31.761350751938,2.41449229810167
important_degree_top3,rolling5,exact_1_2,nevertreated,pc_score,collaboration_pc_score,high,github_outcomes,pull_request_opened,FALSE,sa,5,-12.8114804863901,9.86335909800778,-32.1436643184853,6.5207033457052
important_degree_top3,rolling5,exact_1_2,nevertreated,pc_score,collaboration_pc_score,high,github_outcomes,pull_request_opened,FALSE,sa,6,-16.4881908892865,11.6241509401424,-39.2715267319655,6.29514495339256
important_degree_top3,rolling5,exact_1_2,nevertreated,pc_score,collaboration_pc_score,high,github_outcomes,pull_request_opened,FALSE,sa,7,-12.3415130259263,13.0621653572685,-37.9433571261725,13.2603310743199
important_degree_top3,rolling5,exact_1_2,nevertreated,pc_score,collaboration_pc_score,high,github_outcomes,pull_request_opened,FALSE,sa,8,-6.6208268390881,14.4596733230573,-34.9617865522805,21.7201328741043
important_degree_top3,rolling5,exact_1_2,nevertreated,pc_score,collaboration_pc_score,high,github_outcomes,pull_request_opened,FALSE,sa,9,-7.36206535651427,14.5685919438624,-35.9165055664845,21.192374853456
important_degree_top3,rolling5,exact_1_2,nevertreated,pc_score,collaboration_pc_score,high,github_outcomes,pull_request_opened,FALSE,sa,10,-14.1521890808453,13.7120959574697,-41.027897157486,12.7235189957953
important_degree_top3,rolling5,exact_1_2,nevertreated,pc_score,collaboration_pc_score,high,github_outcomes,pull_request_opened,FALSE,sa,11,-15.8696670084854,13.2310492828201,-41.8025236028128,10.063189585842
important_degree_top3,rolling5,exact_1_2,nevertreated,pc_score,knowledge_level_pc_score,low,github_outcomes,pull_request_opened,FALSE,sa,-15,27.9513499817304,9.78928226979058,8.76435673294091,47.13834323052
important_degree_top3,rolling5,exact_1_2,nevertreated,pc_score,knowledge_level_pc_score,low,github_outcomes,pull_request_opened,FALSE,sa,-14,16.2023645993699,8.26566104573785,0.00166894972376141,32.4030602490161
important_degree_top3,rolling5,exact_1_2,nevertreated,pc_score,knowledge_level_pc_score,low,github_outcomes,pull_request_opened,FALSE,sa,-13,16.7128158244673,7.6016208741187,1.81363891119462,31.6119927377399
important_degree_top3,rolling5,exact_1_2,nevertreated,pc_score,knowledge_level_pc_score,low,github_outcomes,pull_request_opened,FALSE,sa,-12,16.7206273386785,8.0937624484763,0.856852939664925,32.584401737692
important_degree_top3,rolling5,exact_1_2,nevertreated,pc_score,knowledge_level_pc_score,low,github_outcomes,pull_request_opened,FALSE,sa,-11,18.4238685727771,8.72581841173891,1.32126448576879,35.5264726597853
important_degree_top3,rolling5,exact_1_2,nevertreated,pc_score,knowledge_level_pc_score,low,github_outcomes,pull_request_opened,FALSE,sa,-10,16.1206927706596,8.00801226940417,0.424988722627392,31.8163968186917
important_degree_top3,rolling5,exact_1_2,nevertreated,pc_score,knowledge_level_pc_score,low,github_outcomes,pull_request_opened,FALSE,sa,-9,17.1471101161106,7.45802470964676,2.52938168520295,31.7648385470183
important_degree_top3,rolling5,exact_1_2,nevertreated,pc_score,knowledge_level_pc_score,low,github_outcomes,pull_request_opened,FALSE,sa,-8,16.7079205947166,7.93199914583886,1.16120226887247,32.2546389205608
important_degree_top3,rolling5,exact_1_2,nevertreated,pc_score,knowledge_level_pc_score,low,github_outcomes,pull_request_opened,FALSE,sa,-7,14.7987937007434,6.5060274733792,2.04697985292015,27.5506075485666
important_degree_top3,rolling5,exact_1_2,nevertreated,pc_score,knowledge_level_pc_score,low,github_outcomes,pull_request_opened,FALSE,sa,-6,14.4580882395136,5.48714268502442,3.70328857686572,25.2128879021615
important_degree_top3,rolling5,exact_1_2,nevertreated,pc_score,knowledge_level_pc_score,low,github_outcomes,pull_request_opened,FALSE,sa,-5,10.7029723970974,4.35618849213593,2.16484295251103,19.2411018416839
important_degree_top3,rolling5,exact_1_2,nevertreated,pc_score,knowledge_level_pc_score,low,github_outcomes,pull_request_opened,FALSE,sa,-4,8.68083709289196,3.50735307126052,1.80642507322134,15.5552491125626
important_degree_top3,rolling5,exact_1_2,nevertreated,pc_score,knowledge_level_pc_score,low,github_outcomes,pull_request_opened,FALSE,sa,-3,6.12050874816,3.07378089897149,0.0958981861758863,12.1451193101441
important_degree_top3,rolling5,exact_1_2,nevertreated,pc_score,knowledge_level_pc_score,low,github_outcomes,pull_request_opened,FALSE,sa,-2,5.86298867561361,1.99110450707583,1.96042384174499,9.76555350948224
important_degree_top3,rolling5,exact_1_2,nevertreated,pc_score,knowledge_level_pc_score,low,github_outcomes,pull_request_opened,FALSE,sa,-1,0,0,0,0
important_degree_top3,rolling5,exact_1_2,nevertreated,pc_score,knowledge_level_pc_score,low,github_outcomes,pull_request_opened,FALSE,sa,0,-3.00075908806403,2.07022872236017,-7.05840738388997,1.05688920776191
important_degree_top3,rolling5,exact_1_2,nevertreated,pc_score,knowledge_level_pc_score,low,github_outcomes,pull_request_opened,FALSE,sa,1,-5.0526010714378,4.24751362450287,-13.3777277754634,3.27252563258781
important_degree_top3,rolling5,exact_1_2,nevertreated,pc_score,knowledge_level_pc_score,low,github_outcomes,pull_request_opened,FALSE,sa,2,-8.14730829591842,6.30391394410512,-20.5029796263645,4.20836303452762
important_degree_top3,rolling5,exact_1_2,nevertreated,pc_score,knowledge_level_pc_score,low,github_outcomes,pull_request_opened,FALSE,sa,3,-11.1233970169351,8.11219369597002,-27.0232966610364,4.77650262716612
important_degree_top3,rolling5,exact_1_2,nevertreated,pc_score,knowledge_level_pc_score,low,github_outcomes,pull_request_opened,FALSE,sa,4,-12.5499736971509,10.2350424753279,-32.6106569487936,7.51070955449169
important_degree_top3,rolling5,exact_1_2,nevertreated,pc_score,knowledge_level_pc_score,low,github_outcomes,pull_request_opened,FALSE,sa,5,-11.4074435951493,11.3310751900727,-33.6163509676918,10.8014637773932
important_degree_top3,rolling5,exact_1_2,nevertreated,pc_score,knowledge_level_pc_score,low,github_outcomes,pull_request_opened,FALSE,sa,6,-12.5907097565968,13.3388979616994,-38.7349497615277,13.5535302483341
important_degree_top3,rolling5,exact_1_2,nevertreated,pc_score,knowledge_level_pc_score,low,github_outcomes,pull_request_opened,FALSE,sa,7,-11.6885295671968,14.8652726141652,-40.8244638909606,17.4474047565671
important_degree_top3,rolling5,exact_1_2,nevertreated,pc_score,knowledge_level_pc_score,low,github_outcomes,pull_request_opened,FALSE,sa,8,-10.2759474729682,15.1384145531691,-39.9472399971796,19.3953450512431
important_degree_top3,rolling5,exact_1_2,nevertreated,pc_score,knowledge_level_pc_score,low,github_outcomes,pull_request_opened,FALSE,sa,9,-14.6190918144637,15.5314174432153,-45.0606700031656,15.8224863742382
important_degree_top3,rolling5,exact_1_2,nevertreated,pc_score,knowledge_level_pc_score,low,github_outcomes,pull_request_opened,FALSE,sa,10,-20.883843214857,16.2034490495202,-52.6426033519165,10.8749169222026
important_degree_top3,rolling5,exact_1_2,nevertreated,pc_score,knowledge_level_pc_score,low,github_outcomes,pull_request_opened,FALSE,sa,11,-13.4051028282515,14.8853996002474,-42.5804860447365,15.7702803882334
important_degree_top3,rolling5,exact_1_2,nevertreated,pc_score,knowledge_level_pc_score,high,github_outcomes,pull_request_opened,FALSE,sa,-15,14.9441202375709,8.26563758981044,-1.25652943845757,31.1447699135993
important_degree_top3,rolling5,exact_1_2,nevertreated,pc_score,knowledge_level_pc_score,high,github_outcomes,pull_request_opened,FALSE,sa,-14,4.38664550177642,9.29906114813201,-13.8395143485623,22.6128053521152
important_degree_top3,rolling5,exact_1_2,nevertreated,pc_score,knowledge_level_pc_score,high,github_outcomes,pull_request_opened,FALSE,sa,-13,11.1847964006637,10.5276486086334,-9.44939487225765,31.8189876735851
important_degree_top3,rolling5,exact_1_2,nevertreated,pc_score,knowledge_level_pc_score,high,github_outcomes,pull_request_opened,FALSE,sa,-12,9.12617938394992,8.9341195816259,-8.38469499603684,26.6370537639367
important_degree_top3,rolling5,exact_1_2,nevertreated,pc_score,knowledge_level_pc_score,high,github_outcomes,pull_request_opened,FALSE,sa,-11,10.6805185677734,9.7654289467685,-8.45972216789283,29.8207593034397
important_degree_top3,rolling5,exact_1_2,nevertreated,pc_score,knowledge_level_pc_score,high,github_outcomes,pull_request_opened,FALSE,sa,-10,10.7004737563723,9.83029929679561,-8.56691286534713,29.9678603780917
important_degree_top3,rolling5,exact_1_2,nevertreated,pc_score,knowledge_level_pc_score,high,github_outcomes,pull_request_opened,FALSE,sa,-9,12.5667944916724,10.202578304732,-7.4302589856022,32.5638479689471
important_degree_top3,rolling5,exact_1_2,nevertreated,pc_score,knowledge_level_pc_score,high,github_outcomes,pull_request_opened,FALSE,sa,-8,13.7608639929324,10.3013939995694,-6.42986824622366,33.9515962320885
important_degree_top3,rolling5,exact_1_2,nevertreated,pc_score,knowledge_level_pc_score,high,github_outcomes,pull_request_opened,FALSE,sa,-7,11.3078413163143,8.59771815179911,-5.54368626121197,28.1593688938405
important_degree_top3,rolling5,exact_1_2,nevertreated,pc_score,knowledge_level_pc_score,high,github_outcomes,pull_request_opened,FALSE,sa,-6,7.58301481381306,6.4050538414953,-4.97089071551773,20.1369203431438
important_degree_top3,rolling5,exact_1_2,nevertreated,pc_score,knowledge_level_pc_score,high,github_outcomes,pull_request_opened,FALSE,sa,-5,6.78551585808392,4.86105217801089,-2.74214641081742,16.3131781269853
important_degree_top3,rolling5,exact_1_2,nevertreated,pc_score,knowledge_level_pc_score,high,github_outcomes,pull_request_opened,FALSE,sa,-4,5.38493456980747,3.320991892372,-1.12420953924165,11.8940786788566
important_degree_top3,rolling5,exact_1_2,nevertreated,pc_score,knowledge_level_pc_score,high,github_outcomes,pull_request_opened,FALSE,sa,-3,3.56849276023043,2.06686488170406,-0.482562407909536,7.61954792837039
important_degree_top3,rolling5,exact_1_2,nevertreated,pc_score,knowledge_level_pc_score,high,github_outcomes,pull_request_opened,FALSE,sa,-2,3.34918704770722,1.28207000448869,0.83632983890938,5.86204425650506
important_degree_top3,rolling5,exact_1_2,nevertreated,pc_score,knowledge_level_pc_score,high,github_outcomes,pull_request_opened,FALSE,sa,-1,0,0,0,0
important_degree_top3,rolling5,exact_1_2,nevertreated,pc_score,knowledge_level_pc_score,high,github_outcomes,pull_request_opened,FALSE,sa,0,-2.87107543455476,1.37064221080833,-5.55753416773909,-0.184616701370434
important_degree_top3,rolling5,exact_1_2,nevertreated,pc_score,knowledge_level_pc_score,high,github_outcomes,pull_request_opened,FALSE,sa,1,-5.48653510497865,2.64929493888343,-10.6791531851902,-0.293917024767129
important_degree_top3,rolling5,exact_1_2,nevertreated,pc_score,knowledge_level_pc_score,high,github_outcomes,pull_request_opened,FALSE,sa,2,-8.67794937333757,3.88668671640931,-16.2958553374998,-1.06004340917532
important_degree_top3,rolling5,exact_1_2,nevertreated,pc_score,knowledge_level_pc_score,high,github_outcomes,pull_request_opened,FALSE,sa,3,-10.1757938479948,4.96104754323039,-19.8994470327263,-0.452140663263212
important_degree_top3,rolling5,exact_1_2,nevertreated,pc_score,knowledge_level_pc_score,high,github_outcomes,pull_request_opened,FALSE,sa,4,-11.9623292408831,5.91637232183087,-23.5584189916715,-0.366239490094554
important_degree_top3,rolling5,exact_1_2,nevertreated,pc_score,knowledge_level_pc_score,high,github_outcomes,pull_request_opened,FALSE,sa,5,-11.1487321984466,6.69114943724103,-24.263385095439,1.96592069854583
important_degree_top3,rolling5,exact_1_2,nevertreated,pc_score,knowledge_level_pc_score,high,github_outcomes,pull_request_opened,FALSE,sa,6,-14.7398934373142,7.70370456836329,-29.8391543913063,0.359367516677832
important_degree_top3,rolling5,exact_1_2,nevertreated,pc_score,knowledge_level_pc_score,high,github_outcomes,pull_request_opened,FALSE,sa,7,-11.1658850465928,8.93123088402034,-28.6710975792726,6.33932748608711
important_degree_top3,rolling5,exact_1_2,nevertreated,pc_score,knowledge_level_pc_score,high,github_outcomes,pull_request_opened,FALSE,sa,8,-8.96548834199841,10.8122877437188,-30.1575723196873,12.2265956356905
important_degree_top3,rolling5,exact_1_2,nevertreated,pc_score,knowledge_level_pc_score,high,github_outcomes,pull_request_opened,FALSE,sa,9,-7.99084764780521,11.2233653183303,-29.9886436717326,14.0069483761222
important_degree_top3,rolling5,exact_1_2,nevertreated,pc_score,knowledge_level_pc_score,high,github_outcomes,pull_request_opened,FALSE,sa,10,-11.8434458215335,8.65357187662974,-28.8044466997278,5.11755505666078
important_degree_top3,rolling5,exact_1_2,nevertreated,pc_score,knowledge_level_pc_score,high,github_outcomes,pull_request_opened,FALSE,sa,11,-10.1848163454586,8.97179705001271,-27.7695385634835,7.3999058725663
important_degree_top3,rolling5,exact_1_2,nevertreated,pc_score,discussion_quality_pc_score,low,github_outcomes,pull_request_opened,FALSE,sa,-15,33.8665907453286,12.7751136312828,8.82736802801437,58.9058134626428
important_degree_top3,rolling5,exact_1_2,nevertreated,pc_score,discussion_quality_pc_score,low,github_outcomes,pull_request_opened,FALSE,sa,-14,17.241596049297,9.77208993980132,-1.91170023271357,36.3948923313076
important_degree_top3,rolling5,exact_1_2,nevertreated,pc_score,discussion_quality_pc_score,low,github_outcomes,pull_request_opened,FALSE,sa,-13,27.2035117175824,13.9362394962509,-0.11151769506931,54.518541130234
important_degree_top3,rolling5,exact_1_2,nevertreated,pc_score,discussion_quality_pc_score,low,github_outcomes,pull_request_opened,FALSE,sa,-12,26.0263881537492,11.1856898053069,4.10243613534763,47.9503401721508
important_degree_top3,rolling5,exact_1_2,nevertreated,pc_score,discussion_quality_pc_score,low,github_outcomes,pull_request_opened,FALSE,sa,-11,23.6028968356682,11.0609194291747,1.92349475448578,45.2822989168506
important_degree_top3,rolling5,exact_1_2,nevertreated,pc_score,discussion_quality_pc_score,low,github_outcomes,pull_request_opened,FALSE,sa,-10,27.0085176988403,12.7332326925151,2.05138162151074,51.9656537761698
important_degree_top3,rolling5,exact_1_2,nevertreated,pc_score,discussion_quality_pc_score,low,github_outcomes,pull_request_opened,FALSE,sa,-9,27.9367752650514,13.2467855700173,1.97307554781753,53.9004749822852
important_degree_top3,rolling5,exact_1_2,nevertreated,pc_score,discussion_quality_pc_score,low,github_outcomes,pull_request_opened,FALSE,sa,-8,24.5692998163426,12.871844926129,-0.659516238870246,49.7981158715554
important_degree_top3,rolling5,exact_1_2,nevertreated,pc_score,discussion_quality_pc_score,low,github_outcomes,pull_request_opened,FALSE,sa,-7,19.3033912517501,10.9508899317831,-2.16035301454489,40.7671355180451
important_degree_top3,rolling5,exact_1_2,nevertreated,pc_score,discussion_quality_pc_score,low,github_outcomes,pull_request_opened,FALSE,sa,-6,13.9980925059605,8.50364483980042,-2.66905138004832,30.6652363919693
important_degree_top3,rolling5,exact_1_2,nevertreated,pc_score,discussion_quality_pc_score,low,github_outcomes,pull_request_opened,FALSE,sa,-5,11.8114275508617,6.39879796713302,-0.730216464719009,24.3530715664424
important_degree_top3,rolling5,exact_1_2,nevertreated,pc_score,discussion_quality_pc_score,low,github_outcomes,pull_request_opened,FALSE,sa,-4,8.13476723585586,4.2653571616739,-0.225332801024978,16.4948672727367
important_degree_top3,rolling5,exact_1_2,nevertreated,pc_score,discussion_quality_pc_score,low,github_outcomes,pull_request_opened,FALSE,sa,-3,4.54345804712975,2.63489894363296,-0.620943882390866,9.70785997665035
important_degree_top3,rolling5,exact_1_2,nevertreated,pc_score,discussion_quality_pc_score,low,github_outcomes,pull_request_opened,FALSE,sa,-2,5.92057932348117,1.75776455372158,2.47536079818687,9.36579784877547
important_degree_top3,rolling5,exact_1_2,nevertreated,pc_score,discussion_quality_pc_score,low,github_outcomes,pull_request_opened,FALSE,sa,-1,0,0,0,0
important_degree_top3,rolling5,exact_1_2,nevertreated,pc_score,discussion_quality_pc_score,low,github_outcomes,pull_request_opened,FALSE,sa,0,-3.9361904892219,1.79530803264098,-7.45499423319822,-0.41738674524557
important_degree_top3,rolling5,exact_1_2,nevertreated,pc_score,discussion_quality_pc_score,low,github_outcomes,pull_request_opened,FALSE,sa,1,-6.98907883461366,3.20304134338786,-13.2670398676539,-0.711117801573447
important_degree_top3,rolling5,exact_1_2,nevertreated,pc_score,discussion_quality_pc_score,low,github_outcomes,pull_request_opened,FALSE,sa,2,-10.8880649312282,4.07357925095817,-18.8722802631062,-2.90384959935015
important_degree_top3,rolling5,exact_1_2,nevertreated,pc_score,discussion_quality_pc_score,low,github_outcomes,pull_request_opened,FALSE,sa,3,-13.722909391896,4.99715750696949,-23.5173381055562,-3.92848067823582
important_degree_top3,rolling5,exact_1_2,nevertreated,pc_score,discussion_quality_pc_score,low,github_outcomes,pull_request_opened,FALSE,sa,4,-16.1802167968319,5.78820440755601,-27.5250974356417,-4.83533615802211
important_degree_top3,rolling5,exact_1_2,nevertreated,pc_score,discussion_quality_pc_score,low,github_outcomes,pull_request_opened,FALSE,sa,5,-14.7775153042094,6.42715167740992,-27.3747325919329,-2.18029801648601
important_degree_top3,rolling5,exact_1_2,nevertreated,pc_score,discussion_quality_pc_score,low,github_outcomes,pull_request_opened,FALSE,sa,6,-17.0158339121219,7.37921788887517,-31.4791009743172,-2.55256684992657
important_degree_top3,rolling5,exact_1_2,nevertreated,pc_score,discussion_quality_pc_score,low,github_outcomes,pull_request_opened,FALSE,sa,7,-12.5765058861328,8.25017860206215,-28.7468559461746,3.593844173909
important_degree_top3,rolling5,exact_1_2,nevertreated,pc_score,discussion_quality_pc_score,low,github_outcomes,pull_request_opened,FALSE,sa,8,-11.4896531634925,9.81373149745579,-30.7245668985058,7.74526057152086
important_degree_top3,rolling5,exact_1_2,nevertreated,pc_score,discussion_quality_pc_score,low,github_outcomes,pull_request_opened,FALSE,sa,9,-12.8917384944253,10.7435213527759,-33.9490403458661,8.16556335701548
important_degree_top3,rolling5,exact_1_2,nevertreated,pc_score,discussion_quality_pc_score,low,github_outcomes,pull_request_opened,FALSE,sa,10,-20.5648224863696,10.6577875900932,-41.4540861629522,0.324441190213118
important_degree_top3,rolling5,exact_1_2,nevertreated,pc_score,discussion_quality_pc_score,low,github_outcomes,pull_request_opened,FALSE,sa,11,-18.631335715724,15.0243425895034,-48.0790471911505,10.8163757597026
important_degree_top3,rolling5,exact_1_2,nevertreated,pc_score,discussion_quality_pc_score,high,github_outcomes,pull_request_opened,FALSE,sa,-15,10.2212997287037,6.34155131858416,-2.20814085572126,22.6507403131286
important_degree_top3,rolling5,exact_1_2,nevertreated,pc_score,discussion_quality_pc_score,high,github_outcomes,pull_request_opened,FALSE,sa,-14,6.47645371187349,8.86143889964738,-10.8919665314354,23.8448739551824
important_degree_top3,rolling5,exact_1_2,nevertreated,pc_score,discussion_quality_pc_score,high,github_outcomes,pull_request_opened,FALSE,sa,-13,4.77012270619944,6.82910094028192,-8.61491513675312,18.155160549152
important_degree_top3,rolling5,exact_1_2,nevertreated,pc_score,discussion_quality_pc_score,high,github_outcomes,pull_request_opened,FALSE,sa,-12,3.62554773319445,6.5528270991507,-9.21799338114091,16.4690888475298
important_degree_top3,rolling5,exact_1_2,nevertreated,pc_score,discussion_quality_pc_score,high,github_outcomes,pull_request_opened,FALSE,sa,-11,2.78677310152695,6.52533455320127,-10.0028826227475,15.5764288258014
important_degree_top3,rolling5,exact_1_2,nevertreated,pc_score,discussion_quality_pc_score,high,github_outcomes,pull_request_opened,FALSE,sa,-10,2.78628587141949,6.18709420164504,-9.34041876380478,14.9129905066438
important_degree_top3,rolling5,exact_1_2,nevertreated,pc_score,discussion_quality_pc_score,high,github_outcomes,pull_request_opened,FALSE,sa,-9,4.10393663637096,5.3244187365264,-6.33192408722078,14.5397973599627
important_degree_top3,rolling5,exact_1_2,nevertreated,pc_score,discussion_quality_pc_score,high,github_outcomes,pull_request_opened,FALSE,sa,-8,5.16949208879644,4.47114817470452,-3.59395833362442,13.9329425112173
important_degree_top3,rolling5,exact_1_2,nevertreated,pc_score,discussion_quality_pc_score,high,github_outcomes,pull_request_opened,FALSE,sa,-7,6.77650840284875,3.91954042865053,-0.90579083730629,14.4588076430038
important_degree_top3,rolling5,exact_1_2,nevertreated,pc_score,discussion_quality_pc_score,high,github_outcomes,pull_request_opened,FALSE,sa,-6,7.44704711043649,3.27449346443078,1.02903992015217,13.8650543007208
important_degree_top3,rolling5,exact_1_2,nevertreated,pc_score,discussion_quality_pc_score,high,github_outcomes,pull_request_opened,FALSE,sa,-5,5.64445713295199,2.69328518643093,0.365618167547376,10.9232960983566
important_degree_top3,rolling5,exact_1_2,nevertreated,pc_score,discussion_quality_pc_score,high,github_outcomes,pull_request_opened,FALSE,sa,-4,6.21340989093534,2.49587746883681,1.3214900520152,11.1053297298555
important_degree_top3,rolling5,exact_1_2,nevertreated,pc_score,discussion_quality_pc_score,high,github_outcomes,pull_request_opened,FALSE,sa,-3,4.99987539872618,2.45590219215835,0.186307102095818,9.81344369535653
important_degree_top3,rolling5,exact_1_2,nevertreated,pc_score,discussion_quality_pc_score,high,github_outcomes,pull_request_opened,FALSE,sa,-2,3.37101749526596,1.43615731207263,0.556149163603605,6.18588582692831
important_degree_top3,rolling5,exact_1_2,nevertreated,pc_score,discussion_quality_pc_score,high,github_outcomes,pull_request_opened,FALSE,sa,-1,0,0,0,0
important_degree_top3,rolling5,exact_1_2,nevertreated,pc_score,discussion_quality_pc_score,high,github_outcomes,pull_request_opened,FALSE,sa,0,-1.75113180597699,1.61519632690166,-4.91691660670423,1.41465299475026
important_degree_top3,rolling5,exact_1_2,nevertreated,pc_score,discussion_quality_pc_score,high,github_outcomes,pull_request_opened,FALSE,sa,1,-4.85430995987748,3.77487761351387,-12.2530700823647,2.5444501626097
important_degree_top3,rolling5,exact_1_2,nevertreated,pc_score,discussion_quality_pc_score,high,github_outcomes,pull_request_opened,FALSE,sa,2,-7.00637089929881,5.69461515873363,-18.1678166104167,4.1550748118191
important_degree_top3,rolling5,exact_1_2,nevertreated,pc_score,discussion_quality_pc_score,high,github_outcomes,pull_request_opened,FALSE,sa,3,-9.34934467826454,7.59983475562946,-24.2450207992983,5.5463314427692
important_degree_top3,rolling5,exact_1_2,nevertreated,pc_score,discussion_quality_pc_score,high,github_outcomes,pull_request_opened,FALSE,sa,4,-10.0953236042404,9.66347800299297,-29.0357404901066,8.84509328162585
important_degree_top3,rolling5,exact_1_2,nevertreated,pc_score,discussion_quality_pc_score,high,github_outcomes,pull_request_opened,FALSE,sa,5,-10.1925617436588,10.7719447381999,-31.3055734305306,10.920449943213
important_degree_top3,rolling5,exact_1_2,nevertreated,pc_score,discussion_quality_pc_score,high,github_outcomes,pull_request_opened,FALSE,sa,6,-12.672500574393,12.8464076888887,-37.851459644615,12.5064584958289
important_degree_top3,rolling5,exact_1_2,nevertreated,pc_score,discussion_quality_pc_score,high,github_outcomes,pull_request_opened,FALSE,sa,7,-13.3682511601722,14.1551619646261,-41.1123686108394,14.375866290495
important_degree_top3,rolling5,exact_1_2,nevertreated,pc_score,discussion_quality_pc_score,high,github_outcomes,pull_request_opened,FALSE,sa,8,-12.7536001809863,14.4651872093174,-41.1053671112484,15.5981667492759
important_degree_top3,rolling5,exact_1_2,nevertreated,pc_score,discussion_quality_pc_score,high,github_outcomes,pull_request_opened,FALSE,sa,9,-15.9192383572123,14.8721304052676,-45.0686139515368,13.2301372371122
important_degree_top3,rolling5,exact_1_2,nevertreated,pc_score,discussion_quality_pc_score,high,github_outcomes,pull_request_opened,FALSE,sa,10,-17.1750300628153,15.0233790823867,-46.6208530642932,12.2707929386626
important_degree_top3,rolling5,exact_1_2,nevertreated,pc_score,discussion_quality_pc_score,high,github_outcomes,pull_request_opened,FALSE,sa,11,-15.594597850188,13.6433557556415,-42.3355751312454,11.1463794308694
important_degree_top3,rolling5,exact_1_2,nevertreated,pc_score,investment_in_new_talent_pc_score,low,github_outcomes,pull_request_opened,FALSE,sa,-15,10.3745947826809,5.10192683221943,0.37481819153084,20.374371373831
important_degree_top3,rolling5,exact_1_2,nevertreated,pc_score,investment_in_new_talent_pc_score,low,github_outcomes,pull_request_opened,FALSE,sa,-14,8.43404841739544,5.00340961058456,-1.37263441935029,18.2407312541412
important_degree_top3,rolling5,exact_1_2,nevertreated,pc_score,investment_in_new_talent_pc_score,low,github_outcomes,pull_request_opened,FALSE,sa,-13,11.2911614842781,4.75194910105116,1.97734124621782,20.6049817223384
important_degree_top3,rolling5,exact_1_2,nevertreated,pc_score,investment_in_new_talent_pc_score,low,github_outcomes,pull_request_opened,FALSE,sa,-12,10.5536179428538,3.9376432415821,2.83583718935293,18.2713986963548
important_degree_top3,rolling5,exact_1_2,nevertreated,pc_score,investment_in_new_talent_pc_score,low,github_outcomes,pull_request_opened,FALSE,sa,-11,9.55759983100158,3.97079074947811,1.77484996202449,17.3403496999787
important_degree_top3,rolling5,exact_1_2,nevertreated,pc_score,investment_in_new_talent_pc_score,low,github_outcomes,pull_request_opened,FALSE,sa,-10,9.37835276065968,3.55044400264513,2.41948251547523,16.3372230058441
important_degree_top3,rolling5,exact_1_2,nevertreated,pc_score,investment_in_new_talent_pc_score,low,github_outcomes,pull_request_opened,FALSE,sa,-9,7.85864143257513,3.11162581367152,1.75985483777894,13.9574280273713
important_degree_top3,rolling5,exact_1_2,nevertreated,pc_score,investment_in_new_talent_pc_score,low,github_outcomes,pull_request_opened,FALSE,sa,-8,5.90560605604449,2.80597611599265,0.405892868698906,11.4053192433901
important_degree_top3,rolling5,exact_1_2,nevertreated,pc_score,investment_in_new_talent_pc_score,low,github_outcomes,pull_request_opened,FALSE,sa,-7,4.01094612331293,2.57526747132804,-1.03657812049003,9.05847036711589
important_degree_top3,rolling5,exact_1_2,nevertreated,pc_score,investment_in_new_talent_pc_score,low,github_outcomes,pull_request_opened,FALSE,sa,-6,2.45930292355949,2.16626673559962,-1.78657987821576,6.70518572533474
important_degree_top3,rolling5,exact_1_2,nevertreated,pc_score,investment_in_new_talent_pc_score,low,github_outcomes,pull_request_opened,FALSE,sa,-5,2.22622630454305,1.75860771943151,-1.22064482554272,5.67309743462882
important_degree_top3,rolling5,exact_1_2,nevertreated,pc_score,investment_in_new_talent_pc_score,low,github_outcomes,pull_request_opened,FALSE,sa,-4,0.998242643956189,1.50214511828335,-1.94596178787917,3.94244707579155
important_degree_top3,rolling5,exact_1_2,nevertreated,pc_score,investment_in_new_talent_pc_score,low,github_outcomes,pull_request_opened,FALSE,sa,-3,0.393336244032949,1.08891292236152,-1.74093308379563,2.52760557186153
important_degree_top3,rolling5,exact_1_2,nevertreated,pc_score,investment_in_new_talent_pc_score,low,github_outcomes,pull_request_opened,FALSE,sa,-2,1.75653905442752,0.772441405257467,0.242553900122888,3.27052420873216
important_degree_top3,rolling5,exact_1_2,nevertreated,pc_score,investment_in_new_talent_pc_score,low,github_outcomes,pull_request_opened,FALSE,sa,-1,0,0,0,0
important_degree_top3,rolling5,exact_1_2,nevertreated,pc_score,investment_in_new_talent_pc_score,low,github_outcomes,pull_request_opened,FALSE,sa,0,-2.32710167876863,1.01390998875908,-4.31436525673641,-0.339838100800838
important_degree_top3,rolling5,exact_1_2,nevertreated,pc_score,investment_in_new_talent_pc_score,low,github_outcomes,pull_request_opened,FALSE,sa,1,-2.85905531241025,1.57587339602357,-5.94776716861645,0.229656543795949
important_degree_top3,rolling5,exact_1_2,nevertreated,pc_score,investment_in_new_talent_pc_score,low,github_outcomes,pull_request_opened,FALSE,sa,2,-4.12053559231446,1.87331681015537,-7.79223654021899,-0.448834644409927
important_degree_top3,rolling5,exact_1_2,nevertreated,pc_score,investment_in_new_talent_pc_score,low,github_outcomes,pull_request_opened,FALSE,sa,3,-5.69698309761879,2.42610347533496,-10.4521459092753,-0.941820285962272
important_degree_top3,rolling5,exact_1_2,nevertreated,pc_score,investment_in_new_talent_pc_score,low,github_outcomes,pull_request_opened,FALSE,sa,4,-5.53278314251988,3.10013946899662,-11.6090565017533,0.543490216713493
important_degree_top3,rolling5,exact_1_2,nevertreated,pc_score,investment_in_new_talent_pc_score,low,github_outcomes,pull_request_opened,FALSE,sa,5,-5.26741734130501,3.88270386595366,-12.8775169185742,2.34268223596416
important_degree_top3,rolling5,exact_1_2,nevertreated,pc_score,investment_in_new_talent_pc_score,low,github_outcomes,pull_request_opened,FALSE,sa,6,-4.2065364824256,4.36677186112524,-12.7654093302311,4.35233636537987
important_degree_top3,rolling5,exact_1_2,nevertreated,pc_score,investment_in_new_talent_pc_score,low,github_outcomes,pull_request_opened,FALSE,sa,7,-2.93931611688982,5.61789894426902,-13.9503980476571,8.07176581387745
important_degree_top3,rolling5,exact_1_2,nevertreated,pc_score,investment_in_new_talent_pc_score,low,github_outcomes,pull_request_opened,FALSE,sa,8,-1.78731128134026,6.85091476866745,-15.2151042279285,11.6404816652479
important_degree_top3,rolling5,exact_1_2,nevertreated,pc_score,investment_in_new_talent_pc_score,low,github_outcomes,pull_request_opened,FALSE,sa,9,-2.59054233640855,7.51025775429237,-17.3106475348216,12.1295628620045
important_degree_top3,rolling5,exact_1_2,nevertreated,pc_score,investment_in_new_talent_pc_score,low,github_outcomes,pull_request_opened,FALSE,sa,10,-8.78479479793568,5.51250501665198,-19.5893046305736,2.0197150347022
important_degree_top3,rolling5,exact_1_2,nevertreated,pc_score,investment_in_new_talent_pc_score,low,github_outcomes,pull_request_opened,FALSE,sa,11,-5.62883302444555,5.3265888847523,-16.0689472385601,4.81128118966895
important_degree_top3,rolling5,exact_1_2,nevertreated,pc_score,investment_in_new_talent_pc_score,high,github_outcomes,pull_request_opened,FALSE,sa,-15,28.5065699058473,10.3805015517331,8.16078686445052,48.8523529472441
important_degree_top3,rolling5,exact_1_2,nevertreated,pc_score,investment_in_new_talent_pc_score,high,github_outcomes,pull_request_opened,FALSE,sa,-14,16.7069843183516,11.2220951528968,-5.28832218132619,38.7022908180295
important_degree_top3,rolling5,exact_1_2,nevertreated,pc_score,investment_in_new_talent_pc_score,high,github_outcomes,pull_request_opened,FALSE,sa,-13,16.6675685460412,10.6136515137203,-4.1351884208506,37.470325512933
important_degree_top3,rolling5,exact_1_2,nevertreated,pc_score,investment_in_new_talent_pc_score,high,github_outcomes,pull_request_opened,FALSE,sa,-12,13.2458602301996,9.96203515570311,-6.27972867497849,32.7714491353777
important_degree_top3,rolling5,exact_1_2,nevertreated,pc_score,investment_in_new_talent_pc_score,high,github_outcomes,pull_request_opened,FALSE,sa,-11,18.5019828021523,11.5037014995094,-4.04527213688623,41.0492377411907
important_degree_top3,rolling5,exact_1_2,nevertreated,pc_score,investment_in_new_talent_pc_score,high,github_outcomes,pull_request_opened,FALSE,sa,-10,20.8058957230037,12.4690859001386,-3.633512641268,45.2453040872754
important_degree_top3,rolling5,exact_1_2,nevertreated,pc_score,investment_in_new_talent_pc_score,high,github_outcomes,pull_request_opened,FALSE,sa,-9,22.195983995601,12.3059380858509,-1.92365465266676,46.3156226438688
important_degree_top3,rolling5,exact_1_2,nevertreated,pc_score,investment_in_new_talent_pc_score,high,github_outcomes,pull_request_opened,FALSE,sa,-8,24.6766705595802,12.3581272232051,0.454741202098202,48.8985999170622
important_degree_top3,rolling5,exact_1_2,nevertreated,pc_score,investment_in_new_talent_pc_score,high,github_outcomes,pull_request_opened,FALSE,sa,-7,24.1282646713798,11.6348232653291,1.32401107133486,46.9325182714248
important_degree_top3,rolling5,exact_1_2,nevertreated,pc_score,investment_in_new_talent_pc_score,high,github_outcomes,pull_request_opened,FALSE,sa,-6,20.3548531368469,9.03882893005358,2.63874843394188,38.0709578397519
important_degree_top3,rolling5,exact_1_2,nevertreated,pc_score,investment_in_new_talent_pc_score,high,github_outcomes,pull_request_opened,FALSE,sa,-5,13.7526445128299,6.6140194250327,0.789166439765772,26.7161225858939
important_degree_top3,rolling5,exact_1_2,nevertreated,pc_score,investment_in_new_talent_pc_score,high,github_outcomes,pull_request_opened,FALSE,sa,-4,12.013754740441,4.78622284600318,2.63275796227479,21.3947515186072
important_degree_top3,rolling5,exact_1_2,nevertreated,pc_score,investment_in_new_talent_pc_score,high,github_outcomes,pull_request_opened,FALSE,sa,-3,8.44035254068524,3.62645601028334,1.33249876052989,15.5482063208406
important_degree_top3,rolling5,exact_1_2,nevertreated,pc_score,investment_in_new_talent_pc_score,high,github_outcomes,pull_request_opened,FALSE,sa,-2,6.88604537077026,2.24658458036007,2.48273959326452,11.289351148276
important_degree_top3,rolling5,exact_1_2,nevertreated,pc_score,investment_in_new_talent_pc_score,high,github_outcomes,pull_request_opened,FALSE,sa,-1,0,0,0,0
important_degree_top3,rolling5,exact_1_2,nevertreated,pc_score,investment_in_new_talent_pc_score,high,github_outcomes,pull_request_opened,FALSE,sa,0,-3.55835526335198,2.46865909220546,-8.39692708407468,1.28021655737073
important_degree_top3,rolling5,exact_1_2,nevertreated,pc_score,investment_in_new_talent_pc_score,high,github_outcomes,pull_request_opened,FALSE,sa,1,-8.78719822860283,4.55638272775778,-17.7177083750081,0.143311917802416
important_degree_top3,rolling5,exact_1_2,nevertreated,pc_score,investment_in_new_talent_pc_score,high,github_outcomes,pull_request_opened,FALSE,sa,2,-12.5783873420944,6.21110439296969,-24.752151952315,-0.404622731873776
important_degree_top3,rolling5,exact_1_2,nevertreated,pc_score,investment_in_new_talent_pc_score,high,github_outcomes,pull_request_opened,FALSE,sa,3,-15.4136717806898,7.86494467862392,-30.8289633507927,0.00161978941303609
important_degree_top3,rolling5,exact_1_2,nevertreated,pc_score,investment_in_new_talent_pc_score,high,github_outcomes,pull_request_opened,FALSE,sa,4,-18.9026823916604,9.57835204426636,-37.6762523984224,-0.129112384898324
important_degree_top3,rolling5,exact_1_2,nevertreated,pc_score,investment_in_new_talent_pc_score,high,github_outcomes,pull_request_opened,FALSE,sa,5,-16.794733007564,10.42308051911,-37.2239708250196,3.63450480989168
important_degree_top3,rolling5,exact_1_2,nevertreated,pc_score,investment_in_new_talent_pc_score,high,github_outcomes,pull_request_opened,FALSE,sa,6,-22.6917691027159,12.4581136443893,-47.1096718457189,1.72613364028715
important_degree_top3,rolling5,exact_1_2,nevertreated,pc_score,investment_in_new_talent_pc_score,high,github_outcomes,pull_request_opened,FALSE,sa,7,-19.5386316235843,13.4533688695635,-45.9072346079288,6.82997136076023
important_degree_top3,rolling5,exact_1_2,nevertreated,pc_score,investment_in_new_talent_pc_score,high,github_outcomes,pull_request_opened,FALSE,sa,8,-21.4299037516928,13.888302266759,-48.6509761945403,5.79116869115481
important_degree_top3,rolling5,exact_1_2,nevertreated,pc_score,investment_in_new_talent_pc_score,high,github_outcomes,pull_request_opened,FALSE,sa,9,-22.0844952181586,14.0227914472356,-49.5691664547404,5.40017601842314
important_degree_top3,rolling5,exact_1_2,nevertreated,pc_score,investment_in_new_talent_pc_score,high,github_outcomes,pull_request_opened,FALSE,sa,10,-21.8501157098899,15.0416806144925,-51.3318097142953,7.63157829451542
important_degree_top3,rolling5,exact_1_2,nevertreated,pc_score,investment_in_new_talent_pc_score,high,github_outcomes,pull_request_opened,FALSE,sa,11,-16.9333254608361,14.2031830638187,-44.7715642659207,10.9049133442484
important_degree_top3,rolling5,exact_1_2,nevertreated,pc_score,problem_solving_routines_pc_score,low,github_outcomes,pull_request_opened,FALSE,sa,-15,-2.44544378989174,4.32953285018004,-10.9313281762446,6.04044059646114
important_degree_top3,rolling5,exact_1_2,nevertreated,pc_score,problem_solving_routines_pc_score,low,github_outcomes,pull_request_opened,FALSE,sa,-14,-4.98580316700837,4.01235842073136,-12.8500256716418,2.87841933762509
important_degree_top3,rolling5,exact_1_2,nevertreated,pc_score,problem_solving_routines_pc_score,low,github_outcomes,pull_request_opened,FALSE,sa,-13,1.64595745481091,3.93157907341224,-6.05993752907708,9.35185243869891
important_degree_top3,rolling5,exact_1_2,nevertreated,pc_score,problem_solving_routines_pc_score,low,github_outcomes,pull_request_opened,FALSE,sa,-12,-1.23618025693343,3.43804104284404,-7.97474070090774,5.50238018704089
important_degree_top3,rolling5,exact_1_2,nevertreated,pc_score,problem_solving_routines_pc_score,low,github_outcomes,pull_request_opened,FALSE,sa,-11,-1.89098831095812,3.20837138612484,-8.1793962277628,4.39741960584657
important_degree_top3,rolling5,exact_1_2,nevertreated,pc_score,problem_solving_routines_pc_score,low,github_outcomes,pull_request_opened,FALSE,sa,-10,0.0630519768301953,2.76607810601361,-5.35846111095648,5.48456506461687
important_degree_top3,rolling5,exact_1_2,nevertreated,pc_score,problem_solving_routines_pc_score,low,github_outcomes,pull_request_opened,FALSE,sa,-9,-1.46210749144876,2.56087512710005,-6.48142274056486,3.55720775766734
important_degree_top3,rolling5,exact_1_2,nevertreated,pc_score,problem_solving_routines_pc_score,low,github_outcomes,pull_request_opened,FALSE,sa,-8,0.253739523102639,2.45365257457652,-4.55541952306734,5.06289856927262
important_degree_top3,rolling5,exact_1_2,nevertreated,pc_score,problem_solving_routines_pc_score,low,github_outcomes,pull_request_opened,FALSE,sa,-7,0.302087635512217,2.1635844341308,-3.93853785538415,4.54271312640859
important_degree_top3,rolling5,exact_1_2,nevertreated,pc_score,problem_solving_routines_pc_score,low,github_outcomes,pull_request_opened,FALSE,sa,-6,0.100739182838099,1.85969137036591,-3.54425590307909,3.74573426875529
important_degree_top3,rolling5,exact_1_2,nevertreated,pc_score,problem_solving_routines_pc_score,low,github_outcomes,pull_request_opened,FALSE,sa,-5,0.968435824724035,1.58265678750879,-2.1335714787932,4.07044312824127
important_degree_top3,rolling5,exact_1_2,nevertreated,pc_score,problem_solving_routines_pc_score,low,github_outcomes,pull_request_opened,FALSE,sa,-4,0.0484578795008105,1.40650550172925,-2.70829290388851,2.80520866289013
important_degree_top3,rolling5,exact_1_2,nevertreated,pc_score,problem_solving_routines_pc_score,low,github_outcomes,pull_request_opened,FALSE,sa,-3,-0.342413047913903,0.990729611300258,-2.28424308606241,1.5994169902346
important_degree_top3,rolling5,exact_1_2,nevertreated,pc_score,problem_solving_routines_pc_score,low,github_outcomes,pull_request_opened,FALSE,sa,-2,1.12345294697355,0.68115372074473,-0.211608345686121,2.45851423963322
important_degree_top3,rolling5,exact_1_2,nevertreated,pc_score,problem_solving_routines_pc_score,low,github_outcomes,pull_request_opened,FALSE,sa,-1,0,0,0,0
important_degree_top3,rolling5,exact_1_2,nevertreated,pc_score,problem_solving_routines_pc_score,low,github_outcomes,pull_request_opened,FALSE,sa,0,-1.27248348925072,0.845694737147218,-2.93004517405926,0.385078195557831
important_degree_top3,rolling5,exact_1_2,nevertreated,pc_score,problem_solving_routines_pc_score,low,github_outcomes,pull_request_opened,FALSE,sa,1,-2.86886192469688,1.2013022220093,-5.22341427983511,-0.514309569558656
important_degree_top3,rolling5,exact_1_2,nevertreated,pc_score,problem_solving_routines_pc_score,low,github_outcomes,pull_request_opened,FALSE,sa,2,-3.20715311314799,1.67724964820766,-6.49456242363501,0.0802561973390188
important_degree_top3,rolling5,exact_1_2,nevertreated,pc_score,problem_solving_routines_pc_score,low,github_outcomes,pull_request_opened,FALSE,sa,3,-3.91172579816858,1.84054012570852,-7.51918444455728,-0.304267151779879
important_degree_top3,rolling5,exact_1_2,nevertreated,pc_score,problem_solving_routines_pc_score,low,github_outcomes,pull_request_opened,FALSE,sa,4,-3.27675453113194,2.06177616540147,-7.31783581531882,0.764326753054943
important_degree_top3,rolling5,exact_1_2,nevertreated,pc_score,problem_solving_routines_pc_score,low,github_outcomes,pull_request_opened,FALSE,sa,5,-2.64674343222635,2.21911836821568,-6.99621543392908,1.70272856947637
important_degree_top3,rolling5,exact_1_2,nevertreated,pc_score,problem_solving_routines_pc_score,low,github_outcomes,pull_request_opened,FALSE,sa,6,-2.10947514227903,2.81304764554503,-7.62304852754728,3.40409824298922
important_degree_top3,rolling5,exact_1_2,nevertreated,pc_score,problem_solving_routines_pc_score,low,github_outcomes,pull_request_opened,FALSE,sa,7,-3.64900347770939,2.66037846091006,-8.86334526109311,1.56533830567434
important_degree_top3,rolling5,exact_1_2,nevertreated,pc_score,problem_solving_routines_pc_score,low,github_outcomes,pull_request_opened,FALSE,sa,8,-6.29243408015888,2.80012639649843,-11.7806818172958,-0.804186343021961
important_degree_top3,rolling5,exact_1_2,nevertreated,pc_score,problem_solving_routines_pc_score,low,github_outcomes,pull_request_opened,FALSE,sa,9,-6.50839203854877,3.73025029231143,-13.8196826114792,0.802898534381626
important_degree_top3,rolling5,exact_1_2,nevertreated,pc_score,problem_solving_routines_pc_score,low,github_outcomes,pull_request_opened,FALSE,sa,10,-6.71764915057192,4.75575471421629,-16.0389283904358,2.60363008929201
important_degree_top3,rolling5,exact_1_2,nevertreated,pc_score,problem_solving_routines_pc_score,low,github_outcomes,pull_request_opened,FALSE,sa,11,-6.27821189314624,9.23960583628691,-24.3878393322686,11.8314155459761
important_degree_top3,rolling5,exact_1_2,nevertreated,pc_score,problem_solving_routines_pc_score,high,github_outcomes,pull_request_opened,FALSE,sa,-15,37.5046275489693,10.3909229149594,17.1384186356488,57.8708364622898
important_degree_top3,rolling5,exact_1_2,nevertreated,pc_score,problem_solving_routines_pc_score,high,github_outcomes,pull_request_opened,FALSE,sa,-14,27.4249308712245,9.71900582985196,8.37567944471466,46.4741822977344
important_degree_top3,rolling5,exact_1_2,nevertreated,pc_score,problem_solving_routines_pc_score,high,github_outcomes,pull_request_opened,FALSE,sa,-13,25.4426387006703,11.776647990919,2.36040863846894,48.5248687628716
important_degree_top3,rolling5,exact_1_2,nevertreated,pc_score,problem_solving_routines_pc_score,high,github_outcomes,pull_request_opened,FALSE,sa,-12,24.9971153858824,10.5073706594856,4.40266889329058,45.5915618784742
important_degree_top3,rolling5,exact_1_2,nevertreated,pc_score,problem_solving_routines_pc_score,high,github_outcomes,pull_request_opened,FALSE,sa,-11,29.9024930435115,11.6466786620785,7.07500286583759,52.7299832211854
important_degree_top3,rolling5,exact_1_2,nevertreated,pc_score,problem_solving_routines_pc_score,high,github_outcomes,pull_request_opened,FALSE,sa,-10,29.7590456725877,12.7504844670396,4.76809611719011,54.7499952279852
important_degree_top3,rolling5,exact_1_2,nevertreated,pc_score,problem_solving_routines_pc_score,high,github_outcomes,pull_request_opened,FALSE,sa,-9,31.6032478341951,13.828264780846,4.49984886373695,58.7066468046533
important_degree_top3,rolling5,exact_1_2,nevertreated,pc_score,problem_solving_routines_pc_score,high,github_outcomes,pull_request_opened,FALSE,sa,-8,28.8377166234386,13.1746193287798,3.01546273903022,54.6599705078469
important_degree_top3,rolling5,exact_1_2,nevertreated,pc_score,problem_solving_routines_pc_score,high,github_outcomes,pull_request_opened,FALSE,sa,-7,24.9329440632695,11.8747714432685,1.65839203446324,48.2074960920757
important_degree_top3,rolling5,exact_1_2,nevertreated,pc_score,problem_solving_routines_pc_score,high,github_outcomes,pull_request_opened,FALSE,sa,-6,20.2333235060057,9.50659131045921,1.60040453750567,38.8662424745058
important_degree_top3,rolling5,exact_1_2,nevertreated,pc_score,problem_solving_routines_pc_score,high,github_outcomes,pull_request_opened,FALSE,sa,-5,15.2832086001178,7.29121722189633,0.992422845201027,29.5739943550347
important_degree_top3,rolling5,exact_1_2,nevertreated,pc_score,problem_solving_routines_pc_score,high,github_outcomes,pull_request_opened,FALSE,sa,-4,13.4348090924194,5.06037716542565,3.51646984818514,23.3531483366537
important_degree_top3,rolling5,exact_1_2,nevertreated,pc_score,problem_solving_routines_pc_score,high,github_outcomes,pull_request_opened,FALSE,sa,-3,9.24715948358309,3.53275056934174,2.32296836767328,16.1713505994929
important_degree_top3,rolling5,exact_1_2,nevertreated,pc_score,problem_solving_routines_pc_score,high,github_outcomes,pull_request_opened,FALSE,sa,-2,8.1367772116349,2.27552975696485,3.67673888798379,12.596815535286
important_degree_top3,rolling5,exact_1_2,nevertreated,pc_score,problem_solving_routines_pc_score,high,github_outcomes,pull_request_opened,FALSE,sa,-1,0,0,0,0
important_degree_top3,rolling5,exact_1_2,nevertreated,pc_score,problem_solving_routines_pc_score,high,github_outcomes,pull_request_opened,FALSE,sa,0,-4.42825700975545,2.36031363243487,-9.0544717293278,0.197957709816902
important_degree_top3,rolling5,exact_1_2,nevertreated,pc_score,problem_solving_routines_pc_score,high,github_outcomes,pull_request_opened,FALSE,sa,1,-8.08554744221577,4.42219081519563,-16.7530414399992,0.581946555567669
important_degree_top3,rolling5,exact_1_2,nevertreated,pc_score,problem_solving_routines_pc_score,high,github_outcomes,pull_request_opened,FALSE,sa,2,-12.8926932957885,5.93406233665738,-24.523455475637,-1.26193111594004
important_degree_top3,rolling5,exact_1_2,nevertreated,pc_score,problem_solving_routines_pc_score,high,github_outcomes,pull_request_opened,FALSE,sa,3,-16.2600539775867,7.5356301314524,-31.0298890352334,-1.49021891993995
important_degree_top3,rolling5,exact_1_2,nevertreated,pc_score,problem_solving_routines_pc_score,high,github_outcomes,pull_request_opened,FALSE,sa,4,-20.0811629298667,9.13050457997282,-37.9769519066135,-2.18537395312002
important_degree_top3,rolling5,exact_1_2,nevertreated,pc_score,problem_solving_routines_pc_score,high,github_outcomes,pull_request_opened,FALSE,sa,5,-17.9462108411976,9.92226433781,-37.3938489433052,1.50142726090996
important_degree_top3,rolling5,exact_1_2,nevertreated,pc_score,problem_solving_routines_pc_score,high,github_outcomes,pull_request_opened,FALSE,sa,6,-22.9907581578292,11.73277953029,-45.9870060371975,0.00548972153910299
important_degree_top3,rolling5,exact_1_2,nevertreated,pc_score,problem_solving_routines_pc_score,high,github_outcomes,pull_request_opened,FALSE,sa,7,-15.8873927643803,13.5490869443211,-42.4436031752496,10.668817646489
important_degree_top3,rolling5,exact_1_2,nevertreated,pc_score,problem_solving_routines_pc_score,high,github_outcomes,pull_request_opened,FALSE,sa,8,-10.4100840009424,15.5823468680317,-40.9514838622844,20.1313158603997
important_degree_top3,rolling5,exact_1_2,nevertreated,pc_score,problem_solving_routines_pc_score,high,github_outcomes,pull_request_opened,FALSE,sa,9,-10.4314197189948,16.5096231025264,-42.7902809999466,21.927441561957
important_degree_top3,rolling5,exact_1_2,nevertreated,pc_score,problem_solving_routines_pc_score,high,github_outcomes,pull_request_opened,FALSE,sa,10,-23.2018469870039,14.3511871329769,-51.3301737676386,4.92647979363079
important_degree_top3,rolling5,exact_1_2,nevertreated,pc_score,problem_solving_routines_pc_score,high,github_outcomes,pull_request_opened,FALSE,sa,11,-26.3959333505739,13.5004264572885,-52.8567692068594,0.064902505711661
important_degree_top3,rolling5,exact_1_2,nevertreated,pc_score,collaboration_pc_score,low,github_outcomes,pull_request_merged,TRUE,sa,-15,0.454717589833377,0.437926694141679,-0.403618730684314,1.31305391035107
important_degree_top3,rolling5,exact_1_2,nevertreated,pc_score,collaboration_pc_score,low,github_outcomes,pull_request_merged,TRUE,sa,-14,-0.365023869896451,0.484198908407513,-1.31405373037518,0.584005990582273
important_degree_top3,rolling5,exact_1_2,nevertreated,pc_score,collaboration_pc_score,low,github_outcomes,pull_request_merged,TRUE,sa,-13,0.400511136657025,0.552270392347953,-0.681938832344962,1.48296110565901
important_degree_top3,rolling5,exact_1_2,nevertreated,pc_score,collaboration_pc_score,low,github_outcomes,pull_request_merged,TRUE,sa,-12,0.703737341116963,0.462694529460566,-0.203143936625746,1.61061861885967
important_degree_top3,rolling5,exact_1_2,nevertreated,pc_score,collaboration_pc_score,low,github_outcomes,pull_request_merged,TRUE,sa,-11,0.559025710977067,0.48997777362319,-0.401330725324386,1.51938214727852
important_degree_top3,rolling5,exact_1_2,nevertreated,pc_score,collaboration_pc_score,low,github_outcomes,pull_request_merged,TRUE,sa,-10,0.766085037806876,0.58247520515905,-0.375566364304862,1.90773643991861
important_degree_top3,rolling5,exact_1_2,nevertreated,pc_score,collaboration_pc_score,low,github_outcomes,pull_request_merged,TRUE,sa,-9,0.753356814045393,0.686686583527006,-0.592548889667539,2.09926251775832
important_degree_top3,rolling5,exact_1_2,nevertreated,pc_score,collaboration_pc_score,low,github_outcomes,pull_request_merged,TRUE,sa,-8,0.570234481739296,0.740768828912444,-0.881672422929093,2.02214138640769
important_degree_top3,rolling5,exact_1_2,nevertreated,pc_score,collaboration_pc_score,low,github_outcomes,pull_request_merged,TRUE,sa,-7,0.668496007215991,0.631264251966246,-0.568781926637852,1.90577394106983
important_degree_top3,rolling5,exact_1_2,nevertreated,pc_score,collaboration_pc_score,low,github_outcomes,pull_request_merged,TRUE,sa,-6,0.564814574054961,0.52381462228108,-0.461862085615957,1.59149123372588
important_degree_top3,rolling5,exact_1_2,nevertreated,pc_score,collaboration_pc_score,low,github_outcomes,pull_request_merged,TRUE,sa,-5,0.25311309383429,0.336310375675466,-0.406055242489623,0.912281430158204
important_degree_top3,rolling5,exact_1_2,nevertreated,pc_score,collaboration_pc_score,low,github_outcomes,pull_request_merged,TRUE,sa,-4,0.0438478591375035,0.216005911895841,-0.379523728178344,0.467219446453351
important_degree_top3,rolling5,exact_1_2,nevertreated,pc_score,collaboration_pc_score,low,github_outcomes,pull_request_merged,TRUE,sa,-3,0.070049135254662,0.144462071992171,-0.213096525849992,0.353194796359316
important_degree_top3,rolling5,exact_1_2,nevertreated,pc_score,collaboration_pc_score,low,github_outcomes,pull_request_merged,TRUE,sa,-2,0.295482597556634,0.104317138431804,0.0910210062302974,0.49994418888297
important_degree_top3,rolling5,exact_1_2,nevertreated,pc_score,collaboration_pc_score,low,github_outcomes,pull_request_merged,TRUE,sa,-1,0,0,0,0
important_degree_top3,rolling5,exact_1_2,nevertreated,pc_score,collaboration_pc_score,low,github_outcomes,pull_request_merged,TRUE,sa,0,0.0306384397977835,0.229828109858591,-0.419824655525056,0.481101535120623
important_degree_top3,rolling5,exact_1_2,nevertreated,pc_score,collaboration_pc_score,low,github_outcomes,pull_request_merged,TRUE,sa,1,-0.84132890420643,0.427355800836348,-1.67894627384567,-0.00371153456718865
important_degree_top3,rolling5,exact_1_2,nevertreated,pc_score,collaboration_pc_score,low,github_outcomes,pull_request_merged,TRUE,sa,2,-1.08645736609032,0.622899739731449,-2.30734085596396,0.134426123783323
important_degree_top3,rolling5,exact_1_2,nevertreated,pc_score,collaboration_pc_score,low,github_outcomes,pull_request_merged,TRUE,sa,3,-1.25153705115665,0.885396724561871,-2.98691463129791,0.48384052898462
important_degree_top3,rolling5,exact_1_2,nevertreated,pc_score,collaboration_pc_score,low,github_outcomes,pull_request_merged,TRUE,sa,4,-1.68787780766493,1.3756180672679,-4.38408921951002,1.00833360418016
important_degree_top3,rolling5,exact_1_2,nevertreated,pc_score,collaboration_pc_score,low,github_outcomes,pull_request_merged,TRUE,sa,5,-2.16858808093537,1.67019480447835,-5.44216989771293,1.10499373584219
important_degree_top3,rolling5,exact_1_2,nevertreated,pc_score,collaboration_pc_score,low,github_outcomes,pull_request_merged,TRUE,sa,6,-2.26394753945726,1.77789563026457,-5.74862297477582,1.2207278958613
important_degree_top3,rolling5,exact_1_2,nevertreated,pc_score,collaboration_pc_score,low,github_outcomes,pull_request_merged,TRUE,sa,7,-2.81411771164342,2.17182759032871,-7.07089978868769,1.44266436540084
important_degree_top3,rolling5,exact_1_2,nevertreated,pc_score,collaboration_pc_score,low,github_outcomes,pull_request_merged,TRUE,sa,8,-2.72692596652013,2.15854153349945,-6.95766737217906,1.5038154391388
important_degree_top3,rolling5,exact_1_2,nevertreated,pc_score,collaboration_pc_score,low,github_outcomes,pull_request_merged,TRUE,sa,9,-3.18616919694453,2.30893023023666,-7.71167244820838,1.33933405431932
important_degree_top3,rolling5,exact_1_2,nevertreated,pc_score,collaboration_pc_score,low,github_outcomes,pull_request_merged,TRUE,sa,10,-3.74430228311576,2.64268147011612,-8.92395796454335,1.43535339831183
important_degree_top3,rolling5,exact_1_2,nevertreated,pc_score,collaboration_pc_score,low,github_outcomes,pull_request_merged,TRUE,sa,11,-2.31919169638572,2.39648576304507,-7.01630379195405,2.37792039918262
important_degree_top3,rolling5,exact_1_2,nevertreated,pc_score,collaboration_pc_score,high,github_outcomes,pull_request_merged,TRUE,sa,-15,0.602979962041116,0.474272331418178,-0.326593807538513,1.53255373162074
important_degree_top3,rolling5,exact_1_2,nevertreated,pc_score,collaboration_pc_score,high,github_outcomes,pull_request_merged,TRUE,sa,-14,0.937276222096571,0.431038442395856,0.0924408750006943,1.78211156919245
important_degree_top3,rolling5,exact_1_2,nevertreated,pc_score,collaboration_pc_score,high,github_outcomes,pull_request_merged,TRUE,sa,-13,0.949435079161138,0.474029800228792,0.0203366707127065,1.87853348760957
important_degree_top3,rolling5,exact_1_2,nevertreated,pc_score,collaboration_pc_score,high,github_outcomes,pull_request_merged,TRUE,sa,-12,0.247282331285394,0.346696546906573,-0.43224290065149,0.926807563222278
important_degree_top3,rolling5,exact_1_2,nevertreated,pc_score,collaboration_pc_score,high,github_outcomes,pull_request_merged,TRUE,sa,-11,0.321230332478767,0.344851118123919,-0.354677859044113,0.997138524001648
important_degree_top3,rolling5,exact_1_2,nevertreated,pc_score,collaboration_pc_score,high,github_outcomes,pull_request_merged,TRUE,sa,-10,1.08402373278464,0.672418027406685,-0.233915600932462,2.40196306650174
important_degree_top3,rolling5,exact_1_2,nevertreated,pc_score,collaboration_pc_score,high,github_outcomes,pull_request_merged,TRUE,sa,-9,1.02122411092363,0.629833157988138,-0.213248878733116,2.25569710058038
important_degree_top3,rolling5,exact_1_2,nevertreated,pc_score,collaboration_pc_score,high,github_outcomes,pull_request_merged,TRUE,sa,-8,0.573769767290318,0.311869692690645,-0.0374948303833463,1.18503436496398
important_degree_top3,rolling5,exact_1_2,nevertreated,pc_score,collaboration_pc_score,high,github_outcomes,pull_request_merged,TRUE,sa,-7,0.223341806579324,0.233088322662372,-0.233511305838925,0.680194918997572
important_degree_top3,rolling5,exact_1_2,nevertreated,pc_score,collaboration_pc_score,high,github_outcomes,pull_request_merged,TRUE,sa,-6,0.192781151687515,0.211728397273568,-0.222206506968679,0.60776881034371
important_degree_top3,rolling5,exact_1_2,nevertreated,pc_score,collaboration_pc_score,high,github_outcomes,pull_request_merged,TRUE,sa,-5,0.106840916954404,0.152276512723702,-0.191621047984051,0.405302881892859
important_degree_top3,rolling5,exact_1_2,nevertreated,pc_score,collaboration_pc_score,high,github_outcomes,pull_request_merged,TRUE,sa,-4,0.239189562326963,0.130204305898723,-0.0160108772345328,0.49439000188846
important_degree_top3,rolling5,exact_1_2,nevertreated,pc_score,collaboration_pc_score,high,github_outcomes,pull_request_merged,TRUE,sa,-3,0.0608304368515134,0.122986030497953,-0.180222182924475,0.301883056627502
important_degree_top3,rolling5,exact_1_2,nevertreated,pc_score,collaboration_pc_score,high,github_outcomes,pull_request_merged,TRUE,sa,-2,0.252651093830728,0.112425502787116,0.0322971083679804,0.473005079293476
important_degree_top3,rolling5,exact_1_2,nevertreated,pc_score,collaboration_pc_score,high,github_outcomes,pull_request_merged,TRUE,sa,-1,0,0,0,0
important_degree_top3,rolling5,exact_1_2,nevertreated,pc_score,collaboration_pc_score,high,github_outcomes,pull_request_merged,TRUE,sa,0,-0.0726333576497395,0.128333143217123,-0.3241663183553,0.178899603055821
important_degree_top3,rolling5,exact_1_2,nevertreated,pc_score,collaboration_pc_score,high,github_outcomes,pull_request_merged,TRUE,sa,1,-0.485776731152668,0.163870207293273,-0.806962337447483,-0.164591124857853
important_degree_top3,rolling5,exact_1_2,nevertreated,pc_score,collaboration_pc_score,high,github_outcomes,pull_request_merged,TRUE,sa,2,-0.570090133449043,0.239695497307829,-1.03989330817239,-0.100286958725697
important_degree_top3,rolling5,exact_1_2,nevertreated,pc_score,collaboration_pc_score,high,github_outcomes,pull_request_merged,TRUE,sa,3,-0.808769679534319,0.263555600111257,-1.32533865575238,-0.292200703316256
important_degree_top3,rolling5,exact_1_2,nevertreated,pc_score,collaboration_pc_score,high,github_outcomes,pull_request_merged,TRUE,sa,4,-0.594586765945543,0.341962115373839,-1.26483251207827,0.0756589801871818
important_degree_top3,rolling5,exact_1_2,nevertreated,pc_score,collaboration_pc_score,high,github_outcomes,pull_request_merged,TRUE,sa,5,-0.488654358973308,0.460051716017129,-1.39035572236688,0.413047004420264
important_degree_top3,rolling5,exact_1_2,nevertreated,pc_score,collaboration_pc_score,high,github_outcomes,pull_request_merged,TRUE,sa,6,-0.898519326206935,0.488047871471422,-1.85509315429092,0.0580545018770529
important_degree_top3,rolling5,exact_1_2,nevertreated,pc_score,collaboration_pc_score,high,github_outcomes,pull_request_merged,TRUE,sa,7,-1.06095515467424,0.477127763967082,-1.99612557204972,-0.125784737298757
important_degree_top3,rolling5,exact_1_2,nevertreated,pc_score,collaboration_pc_score,high,github_outcomes,pull_request_merged,TRUE,sa,8,-1.02045414982197,0.505646525706654,-2.01152134020701,-0.0293869594369263
important_degree_top3,rolling5,exact_1_2,nevertreated,pc_score,collaboration_pc_score,high,github_outcomes,pull_request_merged,TRUE,sa,9,-0.858874360468969,0.566638854855986,-1.9694865159867,0.251737795048763
important_degree_top3,rolling5,exact_1_2,nevertreated,pc_score,collaboration_pc_score,high,github_outcomes,pull_request_merged,TRUE,sa,10,-0.937536451364775,0.527407684675216,-1.9712555133282,0.0961826105986492
important_degree_top3,rolling5,exact_1_2,nevertreated,pc_score,collaboration_pc_score,high,github_outcomes,pull_request_merged,TRUE,sa,11,-1.86782901617722,0.465746661093793,-2.78069247192105,-0.954965560433381
important_degree_top3,rolling5,exact_1_2,nevertreated,pc_score,knowledge_level_pc_score,low,github_outcomes,pull_request_merged,TRUE,sa,-15,1.24860731356564,0.333271335218288,0.595395496537796,1.90181913059349
important_degree_top3,rolling5,exact_1_2,nevertreated,pc_score,knowledge_level_pc_score,low,github_outcomes,pull_request_merged,TRUE,sa,-14,0.456273277501167,0.332828190765243,-0.196069976398709,1.10861653140104
important_degree_top3,rolling5,exact_1_2,nevertreated,pc_score,knowledge_level_pc_score,low,github_outcomes,pull_request_merged,TRUE,sa,-13,0.273043168400403,0.43411293364998,-0.577818181553559,1.12390451835436
important_degree_top3,rolling5,exact_1_2,nevertreated,pc_score,knowledge_level_pc_score,low,github_outcomes,pull_request_merged,TRUE,sa,-12,0.0919421825949282,0.355568299674755,-0.604971684767591,0.788856049957447
important_degree_top3,rolling5,exact_1_2,nevertreated,pc_score,knowledge_level_pc_score,low,github_outcomes,pull_request_merged,TRUE,sa,-11,0.238879233460592,0.379108294145641,-0.504173023064865,0.98193148998605
important_degree_top3,rolling5,exact_1_2,nevertreated,pc_score,knowledge_level_pc_score,low,github_outcomes,pull_request_merged,TRUE,sa,-10,0.321365346229973,0.29315752756912,-0.253223407805502,0.895954100265448
important_degree_top3,rolling5,exact_1_2,nevertreated,pc_score,knowledge_level_pc_score,low,github_outcomes,pull_request_merged,TRUE,sa,-9,0.296986649128519,0.263713817797342,-0.219892433754272,0.81386573201131
important_degree_top3,rolling5,exact_1_2,nevertreated,pc_score,knowledge_level_pc_score,low,github_outcomes,pull_request_merged,TRUE,sa,-8,0.216762383363771,0.291262660333529,-0.354112430889947,0.787637197617488
important_degree_top3,rolling5,exact_1_2,nevertreated,pc_score,knowledge_level_pc_score,low,github_outcomes,pull_request_merged,TRUE,sa,-7,0.109981514978288,0.195745571954226,-0.273679806051996,0.493642836008571
important_degree_top3,rolling5,exact_1_2,nevertreated,pc_score,knowledge_level_pc_score,low,github_outcomes,pull_request_merged,TRUE,sa,-6,0.120646177777423,0.171852451901331,-0.216184627949185,0.457476983504031
important_degree_top3,rolling5,exact_1_2,nevertreated,pc_score,knowledge_level_pc_score,low,github_outcomes,pull_request_merged,TRUE,sa,-5,-0.0586388173238845,0.123994993263583,-0.301669004120507,0.184391369472738
important_degree_top3,rolling5,exact_1_2,nevertreated,pc_score,knowledge_level_pc_score,low,github_outcomes,pull_request_merged,TRUE,sa,-4,-0.121137550198806,0.112714669837272,-0.342058303079859,0.0997832026822476
important_degree_top3,rolling5,exact_1_2,nevertreated,pc_score,knowledge_level_pc_score,low,github_outcomes,pull_request_merged,TRUE,sa,-3,-0.162548621590656,0.105882055095653,-0.370077449578136,0.0449802063968238
important_degree_top3,rolling5,exact_1_2,nevertreated,pc_score,knowledge_level_pc_score,low,github_outcomes,pull_request_merged,TRUE,sa,-2,0.227905136290981,0.0925727789894815,0.0464624894715971,0.409347783110365
important_degree_top3,rolling5,exact_1_2,nevertreated,pc_score,knowledge_level_pc_score,low,github_outcomes,pull_request_merged,TRUE,sa,-1,0,0,0,0
important_degree_top3,rolling5,exact_1_2,nevertreated,pc_score,knowledge_level_pc_score,low,github_outcomes,pull_request_merged,TRUE,sa,0,-0.0101974524141821,0.152482403678389,-0.309062963623824,0.28866805879546
important_degree_top3,rolling5,exact_1_2,nevertreated,pc_score,knowledge_level_pc_score,low,github_outcomes,pull_request_merged,TRUE,sa,1,-0.530718718267261,0.135881445130563,-0.797046350723165,-0.264391085811357
important_degree_top3,rolling5,exact_1_2,nevertreated,pc_score,knowledge_level_pc_score,low,github_outcomes,pull_request_merged,TRUE,sa,2,-0.611511291528673,0.145439013529265,-0.896571758046032,-0.326450825011315
important_degree_top3,rolling5,exact_1_2,nevertreated,pc_score,knowledge_level_pc_score,low,github_outcomes,pull_request_merged,TRUE,sa,3,-0.661632623940699,0.192156335953994,-1.03825904241053,-0.285006205470871
important_degree_top3,rolling5,exact_1_2,nevertreated,pc_score,knowledge_level_pc_score,low,github_outcomes,pull_request_merged,TRUE,sa,4,-0.461943489491346,0.218883001701948,-0.890954172827164,-0.0329328061555289
important_degree_top3,rolling5,exact_1_2,nevertreated,pc_score,knowledge_level_pc_score,low,github_outcomes,pull_request_merged,TRUE,sa,5,-0.503835318106428,0.304380350566495,-1.10042080521676,0.0927501690039022
important_degree_top3,rolling5,exact_1_2,nevertreated,pc_score,knowledge_level_pc_score,low,github_outcomes,pull_request_merged,TRUE,sa,6,-0.50593617968647,0.283062163010075,-1.06073801918622,0.048865659813277
important_degree_top3,rolling5,exact_1_2,nevertreated,pc_score,knowledge_level_pc_score,low,github_outcomes,pull_request_merged,TRUE,sa,7,-0.739408933521783,0.234469130180935,-1.19896842867642,-0.27984943836715
important_degree_top3,rolling5,exact_1_2,nevertreated,pc_score,knowledge_level_pc_score,low,github_outcomes,pull_request_merged,TRUE,sa,8,-0.611535477854392,0.258032748313208,-1.11727966454828,-0.105791291160505
important_degree_top3,rolling5,exact_1_2,nevertreated,pc_score,knowledge_level_pc_score,low,github_outcomes,pull_request_merged,TRUE,sa,9,-0.852661409147588,0.287036645802038,-1.41525323491958,-0.290069583375593
important_degree_top3,rolling5,exact_1_2,nevertreated,pc_score,knowledge_level_pc_score,low,github_outcomes,pull_request_merged,TRUE,sa,10,-0.808682284653611,0.300992330351589,-1.39862725214273,-0.218737317164497
important_degree_top3,rolling5,exact_1_2,nevertreated,pc_score,knowledge_level_pc_score,low,github_outcomes,pull_request_merged,TRUE,sa,11,-0.143405075868655,0.630131509581843,-1.37846283464907,1.09165268291176
important_degree_top3,rolling5,exact_1_2,nevertreated,pc_score,knowledge_level_pc_score,high,github_outcomes,pull_request_merged,TRUE,sa,-15,0.282853483717042,0.489541479356014,-0.676647815820745,1.24235478325483
important_degree_top3,rolling5,exact_1_2,nevertreated,pc_score,knowledge_level_pc_score,high,github_outcomes,pull_request_merged,TRUE,sa,-14,-0.050297234278564,0.491795609865122,-1.0142166296142,0.913622161057074
important_degree_top3,rolling5,exact_1_2,nevertreated,pc_score,knowledge_level_pc_score,high,github_outcomes,pull_request_merged,TRUE,sa,-13,0.964334541903224,0.509790189873591,-0.0348542302490135,1.96352331405546
important_degree_top3,rolling5,exact_1_2,nevertreated,pc_score,knowledge_level_pc_score,high,github_outcomes,pull_request_merged,TRUE,sa,-12,0.477267259557688,0.350756888673012,-0.210216242241415,1.16475076135679
important_degree_top3,rolling5,exact_1_2,nevertreated,pc_score,knowledge_level_pc_score,high,github_outcomes,pull_request_merged,TRUE,sa,-11,0.505014950761135,0.378048495750214,-0.235960100909286,1.24599000243155
important_degree_top3,rolling5,exact_1_2,nevertreated,pc_score,knowledge_level_pc_score,high,github_outcomes,pull_request_merged,TRUE,sa,-10,1.13562508874882,0.620331765173366,-0.0802251709909752,2.35147534848862
important_degree_top3,rolling5,exact_1_2,nevertreated,pc_score,knowledge_level_pc_score,high,github_outcomes,pull_request_merged,TRUE,sa,-9,0.973830427469823,0.565774279640805,-0.135087160626155,2.0827480155658
important_degree_top3,rolling5,exact_1_2,nevertreated,pc_score,knowledge_level_pc_score,high,github_outcomes,pull_request_merged,TRUE,sa,-8,0.429201750956041,0.372309361805367,-0.300524598182478,1.15892810009456
important_degree_top3,rolling5,exact_1_2,nevertreated,pc_score,knowledge_level_pc_score,high,github_outcomes,pull_request_merged,TRUE,sa,-7,0.558765118996313,0.353646100953852,-0.134381238873238,1.25191147686586
important_degree_top3,rolling5,exact_1_2,nevertreated,pc_score,knowledge_level_pc_score,high,github_outcomes,pull_request_merged,TRUE,sa,-6,0.490627996986152,0.31233596926516,-0.121550502773561,1.10280649674587
important_degree_top3,rolling5,exact_1_2,nevertreated,pc_score,knowledge_level_pc_score,high,github_outcomes,pull_request_merged,TRUE,sa,-5,0.305078297297451,0.220108001833247,-0.126333386295713,0.736489980890615
important_degree_top3,rolling5,exact_1_2,nevertreated,pc_score,knowledge_level_pc_score,high,github_outcomes,pull_request_merged,TRUE,sa,-4,0.335323475038344,0.160642974795981,0.0204632444382213,0.650183705638467
important_degree_top3,rolling5,exact_1_2,nevertreated,pc_score,knowledge_level_pc_score,high,github_outcomes,pull_request_merged,TRUE,sa,-3,0.313733044808465,0.138685179913226,0.0419100921785411,0.585555997438388
important_degree_top3,rolling5,exact_1_2,nevertreated,pc_score,knowledge_level_pc_score,high,github_outcomes,pull_request_merged,TRUE,sa,-2,0.320525202083896,0.124817192021213,0.0758835057223177,0.565166898445475
important_degree_top3,rolling5,exact_1_2,nevertreated,pc_score,knowledge_level_pc_score,high,github_outcomes,pull_request_merged,TRUE,sa,-1,0,0,0,0
important_degree_top3,rolling5,exact_1_2,nevertreated,pc_score,knowledge_level_pc_score,high,github_outcomes,pull_request_merged,TRUE,sa,0,0.0658099721335012,0.198890959784273,-0.324016309043674,0.455636253310677
important_degree_top3,rolling5,exact_1_2,nevertreated,pc_score,knowledge_level_pc_score,high,github_outcomes,pull_request_merged,TRUE,sa,1,-0.653020749441753,0.34109402166312,-1.32156503190147,0.0155235330179617
important_degree_top3,rolling5,exact_1_2,nevertreated,pc_score,knowledge_level_pc_score,high,github_outcomes,pull_request_merged,TRUE,sa,2,-0.845801385117166,0.513975644411906,-1.8531936481645,0.16159087793017
important_degree_top3,rolling5,exact_1_2,nevertreated,pc_score,knowledge_level_pc_score,high,github_outcomes,pull_request_merged,TRUE,sa,3,-1.05592703002613,0.698663134758824,-2.42530677415343,0.313452714101161
important_degree_top3,rolling5,exact_1_2,nevertreated,pc_score,knowledge_level_pc_score,high,github_outcomes,pull_request_merged,TRUE,sa,4,-1.38176382486246,1.09672209549627,-3.53133913203516,0.767811482310229
important_degree_top3,rolling5,exact_1_2,nevertreated,pc_score,knowledge_level_pc_score,high,github_outcomes,pull_request_merged,TRUE,sa,5,-1.64293184120425,1.25609714582566,-4.10488224702254,0.819018564614044
important_degree_top3,rolling5,exact_1_2,nevertreated,pc_score,knowledge_level_pc_score,high,github_outcomes,pull_request_merged,TRUE,sa,6,-2.06048935171918,1.37131468978,-4.74826614368797,0.627287440249621
important_degree_top3,rolling5,exact_1_2,nevertreated,pc_score,knowledge_level_pc_score,high,github_outcomes,pull_request_merged,TRUE,sa,7,-2.32828452791287,1.59144253966419,-5.44751190565469,0.790942849828942
important_degree_top3,rolling5,exact_1_2,nevertreated,pc_score,knowledge_level_pc_score,high,github_outcomes,pull_request_merged,TRUE,sa,8,-2.38482561855612,1.66309194655833,-5.64448583381046,0.874834596698214
important_degree_top3,rolling5,exact_1_2,nevertreated,pc_score,knowledge_level_pc_score,high,github_outcomes,pull_request_merged,TRUE,sa,9,-2.63405161023069,1.85120285566563,-6.26240920733533,0.994305986873946
important_degree_top3,rolling5,exact_1_2,nevertreated,pc_score,knowledge_level_pc_score,high,github_outcomes,pull_request_merged,TRUE,sa,10,-3.0536759238737,1.94187212842853,-6.85974529559362,0.752393447846208
important_degree_top3,rolling5,exact_1_2,nevertreated,pc_score,knowledge_level_pc_score,high,github_outcomes,pull_request_merged,TRUE,sa,11,-3.06114472755662,1.77487657755827,-6.53990281957082,0.417613364457575
important_degree_top3,rolling5,exact_1_2,nevertreated,pc_score,discussion_quality_pc_score,low,github_outcomes,pull_request_merged,TRUE,sa,-15,0.498050423407957,0.650461429953388,-0.776853979300683,1.7729548261166
important_degree_top3,rolling5,exact_1_2,nevertreated,pc_score,discussion_quality_pc_score,low,github_outcomes,pull_request_merged,TRUE,sa,-14,-0.233410324158855,0.528176636092502,-1.26863653090016,0.801815882582449
important_degree_top3,rolling5,exact_1_2,nevertreated,pc_score,discussion_quality_pc_score,low,github_outcomes,pull_request_merged,TRUE,sa,-13,0.527860943100161,0.490613937252897,-0.433742373915518,1.48946426011584
important_degree_top3,rolling5,exact_1_2,nevertreated,pc_score,discussion_quality_pc_score,low,github_outcomes,pull_request_merged,TRUE,sa,-12,0.551748054213222,0.35998037292703,-0.153813476723757,1.2573095851502
important_degree_top3,rolling5,exact_1_2,nevertreated,pc_score,discussion_quality_pc_score,low,github_outcomes,pull_request_merged,TRUE,sa,-11,-0.0580552411429629,0.318254129281933,-0.681833334535551,0.565722852249626
important_degree_top3,rolling5,exact_1_2,nevertreated,pc_score,discussion_quality_pc_score,low,github_outcomes,pull_request_merged,TRUE,sa,-10,1.10799554417298,0.715842436052756,-0.295055630490418,2.51104671883639
important_degree_top3,rolling5,exact_1_2,nevertreated,pc_score,discussion_quality_pc_score,low,github_outcomes,pull_request_merged,TRUE,sa,-9,1.01079279512861,0.615016834953964,-0.194640201381162,2.21622579163838
important_degree_top3,rolling5,exact_1_2,nevertreated,pc_score,discussion_quality_pc_score,low,github_outcomes,pull_request_merged,TRUE,sa,-8,0.310322807738291,0.390723181718701,-0.455494628430363,1.07614024390694
important_degree_top3,rolling5,exact_1_2,nevertreated,pc_score,discussion_quality_pc_score,low,github_outcomes,pull_request_merged,TRUE,sa,-7,0.36282571290252,0.352699830943793,-0.328465955747313,1.05411738155235
important_degree_top3,rolling5,exact_1_2,nevertreated,pc_score,discussion_quality_pc_score,low,github_outcomes,pull_request_merged,TRUE,sa,-6,0.280653327080268,0.340314983959644,-0.386364041480634,0.947670695641171
important_degree_top3,rolling5,exact_1_2,nevertreated,pc_score,discussion_quality_pc_score,low,github_outcomes,pull_request_merged,TRUE,sa,-5,0.140727783314325,0.231927539042002,-0.313850193208,0.59530575983665
important_degree_top3,rolling5,exact_1_2,nevertreated,pc_score,discussion_quality_pc_score,low,github_outcomes,pull_request_merged,TRUE,sa,-4,-0.0776662539510089,0.166530225210925,-0.404065495364422,0.248732987462404
important_degree_top3,rolling5,exact_1_2,nevertreated,pc_score,discussion_quality_pc_score,low,github_outcomes,pull_request_merged,TRUE,sa,-3,-0.0289833661699922,0.126464670398517,-0.276854120151086,0.218887387811101
important_degree_top3,rolling5,exact_1_2,nevertreated,pc_score,discussion_quality_pc_score,low,github_outcomes,pull_request_merged,TRUE,sa,-2,0.260926082613207,0.0947567282776953,0.0752028951889244,0.44664927003749
important_degree_top3,rolling5,exact_1_2,nevertreated,pc_score,discussion_quality_pc_score,low,github_outcomes,pull_request_merged,TRUE,sa,-1,0,0,0,0
important_degree_top3,rolling5,exact_1_2,nevertreated,pc_score,discussion_quality_pc_score,low,github_outcomes,pull_request_merged,TRUE,sa,0,-0.148580006723274,0.189310018975939,-0.519627643916115,0.222467630469566
important_degree_top3,rolling5,exact_1_2,nevertreated,pc_score,discussion_quality_pc_score,low,github_outcomes,pull_request_merged,TRUE,sa,1,-0.778888518587524,0.30741797214308,-1.38142774398796,-0.176349293187087
important_degree_top3,rolling5,exact_1_2,nevertreated,pc_score,discussion_quality_pc_score,low,github_outcomes,pull_request_merged,TRUE,sa,2,-0.981012518009032,0.431620780287771,-1.82698924737306,-0.135035788645
important_degree_top3,rolling5,exact_1_2,nevertreated,pc_score,discussion_quality_pc_score,low,github_outcomes,pull_request_merged,TRUE,sa,3,-1.16971471682098,0.621990362741491,-2.3888158277943,0.0493863941523451
important_degree_top3,rolling5,exact_1_2,nevertreated,pc_score,discussion_quality_pc_score,low,github_outcomes,pull_request_merged,TRUE,sa,4,-1.420247941043,1.00795162957832,-3.39583313501651,0.55533725293052
important_degree_top3,rolling5,exact_1_2,nevertreated,pc_score,discussion_quality_pc_score,low,github_outcomes,pull_request_merged,TRUE,sa,5,-1.85215237754046,1.20754680375275,-4.21894411289585,0.514639357814921
important_degree_top3,rolling5,exact_1_2,nevertreated,pc_score,discussion_quality_pc_score,low,github_outcomes,pull_request_merged,TRUE,sa,6,-1.9520226073247,1.25542068123016,-4.41264714253581,0.508601927886411
important_degree_top3,rolling5,exact_1_2,nevertreated,pc_score,discussion_quality_pc_score,low,github_outcomes,pull_request_merged,TRUE,sa,7,-2.24676127212621,1.58896587775884,-5.36113439253353,0.867611848281118
important_degree_top3,rolling5,exact_1_2,nevertreated,pc_score,discussion_quality_pc_score,low,github_outcomes,pull_request_merged,TRUE,sa,8,-2.26978502643729,1.61037619955145,-5.42612237755814,0.886552324683563
important_degree_top3,rolling5,exact_1_2,nevertreated,pc_score,discussion_quality_pc_score,low,github_outcomes,pull_request_merged,TRUE,sa,9,-2.56551915063251,1.76726567538125,-6.02935987437977,0.898321573114742
important_degree_top3,rolling5,exact_1_2,nevertreated,pc_score,discussion_quality_pc_score,low,github_outcomes,pull_request_merged,TRUE,sa,10,-2.71060002468324,2.02977541976719,-6.68895984742692,1.26775979806044
important_degree_top3,rolling5,exact_1_2,nevertreated,pc_score,discussion_quality_pc_score,low,github_outcomes,pull_request_merged,TRUE,sa,11,-1.80509699303943,1.84532877917337,-5.42194140021925,1.81174741414038
important_degree_top3,rolling5,exact_1_2,nevertreated,pc_score,discussion_quality_pc_score,high,github_outcomes,pull_request_merged,TRUE,sa,-15,0.567613929391687,0.447384385388447,-0.309259465969669,1.44448732475304
important_degree_top3,rolling5,exact_1_2,nevertreated,pc_score,discussion_quality_pc_score,high,github_outcomes,pull_request_merged,TRUE,sa,-14,0.544142744020298,0.465706886506113,-0.368642753531682,1.45692824157228
important_degree_top3,rolling5,exact_1_2,nevertreated,pc_score,discussion_quality_pc_score,high,github_outcomes,pull_request_merged,TRUE,sa,-13,0.869056677218608,0.39279628396629,0.0991759606446801,1.63893739379254
important_degree_top3,rolling5,exact_1_2,nevertreated,pc_score,discussion_quality_pc_score,high,github_outcomes,pull_request_merged,TRUE,sa,-12,0.27118653421201,0.370817710446288,-0.455616178262715,0.997989246686735
important_degree_top3,rolling5,exact_1_2,nevertreated,pc_score,discussion_quality_pc_score,high,github_outcomes,pull_request_merged,TRUE,sa,-11,0.613758707404816,0.384820259732662,-0.140489001671201,1.36800641648083
important_degree_top3,rolling5,exact_1_2,nevertreated,pc_score,discussion_quality_pc_score,high,github_outcomes,pull_request_merged,TRUE,sa,-10,0.426041143665689,0.320348899745727,-0.201842699835936,1.05392498716731
important_degree_top3,rolling5,exact_1_2,nevertreated,pc_score,discussion_quality_pc_score,high,github_outcomes,pull_request_merged,TRUE,sa,-9,0.350821130335821,0.307690076652907,-0.252251419903876,0.953893680575518
important_degree_top3,rolling5,exact_1_2,nevertreated,pc_score,discussion_quality_pc_score,high,github_outcomes,pull_request_merged,TRUE,sa,-8,0.298825844704724,0.290734952972024,-0.271014663120442,0.868666352529891
important_degree_top3,rolling5,exact_1_2,nevertreated,pc_score,discussion_quality_pc_score,high,github_outcomes,pull_request_merged,TRUE,sa,-7,0.277179800870579,0.25155195917879,-0.21586203911985,0.770221640861007
important_degree_top3,rolling5,exact_1_2,nevertreated,pc_score,discussion_quality_pc_score,high,github_outcomes,pull_request_merged,TRUE,sa,-6,0.345787345001989,0.225699862900623,-0.0965843862832319,0.78815907628721
important_degree_top3,rolling5,exact_1_2,nevertreated,pc_score,discussion_quality_pc_score,high,github_outcomes,pull_request_merged,TRUE,sa,-5,0.0920850013348562,0.160952019252383,-0.223380956399815,0.407550959069527
important_degree_top3,rolling5,exact_1_2,nevertreated,pc_score,discussion_quality_pc_score,high,github_outcomes,pull_request_merged,TRUE,sa,-4,0.297059858525522,0.132458265819702,0.0374416575189054,0.556678059532138
important_degree_top3,rolling5,exact_1_2,nevertreated,pc_score,discussion_quality_pc_score,high,github_outcomes,pull_request_merged,TRUE,sa,-3,0.162218624689996,0.122591895424301,-0.0780614903416343,0.402498739721626
important_degree_top3,rolling5,exact_1_2,nevertreated,pc_score,discussion_quality_pc_score,high,github_outcomes,pull_request_merged,TRUE,sa,-2,0.282350803399265,0.114831527572195,0.057281009357762,0.507420597440767
important_degree_top3,rolling5,exact_1_2,nevertreated,pc_score,discussion_quality_pc_score,high,github_outcomes,pull_request_merged,TRUE,sa,-1,0,0,0,0
important_degree_top3,rolling5,exact_1_2,nevertreated,pc_score,discussion_quality_pc_score,high,github_outcomes,pull_request_merged,TRUE,sa,0,0.236517387064139,0.150605791261056,-0.0586699638075301,0.531704737935809
important_degree_top3,rolling5,exact_1_2,nevertreated,pc_score,discussion_quality_pc_score,high,github_outcomes,pull_request_merged,TRUE,sa,1,-0.412941667507991,0.18717540759406,-0.779805466392349,-0.0460778686236325
important_degree_top3,rolling5,exact_1_2,nevertreated,pc_score,discussion_quality_pc_score,high,github_outcomes,pull_request_merged,TRUE,sa,2,-0.463546695410028,0.288597597689086,-1.02919798688064,0.102104596060581
important_degree_top3,rolling5,exact_1_2,nevertreated,pc_score,discussion_quality_pc_score,high,github_outcomes,pull_request_merged,TRUE,sa,3,-0.569575348880061,0.364997222410072,-1.2849699048038,0.145819207043681
important_degree_top3,rolling5,exact_1_2,nevertreated,pc_score,discussion_quality_pc_score,high,github_outcomes,pull_request_merged,TRUE,sa,4,-0.458791913805162,0.45031172106323,-1.34140288708909,0.42381905947877
important_degree_top3,rolling5,exact_1_2,nevertreated,pc_score,discussion_quality_pc_score,high,github_outcomes,pull_request_merged,TRUE,sa,5,-0.328494706924179,0.515071750833343,-1.33803533855753,0.681045924709173
important_degree_top3,rolling5,exact_1_2,nevertreated,pc_score,discussion_quality_pc_score,high,github_outcomes,pull_request_merged,TRUE,sa,6,-0.563876199081803,0.60277074867075,-1.74530686647647,0.617554468312866
important_degree_top3,rolling5,exact_1_2,nevertreated,pc_score,discussion_quality_pc_score,high,github_outcomes,pull_request_merged,TRUE,sa,7,-0.990715066180559,0.550452361836782,-2.06960169538065,0.0881715630195323
important_degree_top3,rolling5,exact_1_2,nevertreated,pc_score,discussion_quality_pc_score,high,github_outcomes,pull_request_merged,TRUE,sa,8,-0.836167205125246,0.595718537565285,-2.0037755387532,0.331441128502713
important_degree_top3,rolling5,exact_1_2,nevertreated,pc_score,discussion_quality_pc_score,high,github_outcomes,pull_request_merged,TRUE,sa,9,-0.977839866139302,0.624064060802001,-2.20100542531122,0.245325693032619
important_degree_top3,rolling5,exact_1_2,nevertreated,pc_score,discussion_quality_pc_score,high,github_outcomes,pull_request_merged,TRUE,sa,10,-1.45451166136974,0.587530828334228,-2.60607208490482,-0.302951237834649
important_degree_top3,rolling5,exact_1_2,nevertreated,pc_score,discussion_quality_pc_score,high,github_outcomes,pull_request_merged,TRUE,sa,11,-2.30952523017324,0.537174149891735,-3.36238656396104,-1.25666389638544
important_degree_top3,rolling5,exact_1_2,nevertreated,pc_score,investment_in_new_talent_pc_score,low,github_outcomes,pull_request_merged,TRUE,sa,-15,0.530504614003795,0.520995678006658,-0.490646914889255,1.55165614289684
important_degree_top3,rolling5,exact_1_2,nevertreated,pc_score,investment_in_new_talent_pc_score,low,github_outcomes,pull_request_merged,TRUE,sa,-14,0.403773956315331,0.492699684510405,-0.561917425325062,1.36946533795572
important_degree_top3,rolling5,exact_1_2,nevertreated,pc_score,investment_in_new_talent_pc_score,low,github_outcomes,pull_request_merged,TRUE,sa,-13,1.08079498018118,0.519889124663452,0.0618122958408149,2.09977766452155
important_degree_top3,rolling5,exact_1_2,nevertreated,pc_score,investment_in_new_talent_pc_score,low,github_outcomes,pull_request_merged,TRUE,sa,-12,0.966270780186824,0.369734814828629,0.241590543122711,1.69095101725094
important_degree_top3,rolling5,exact_1_2,nevertreated,pc_score,investment_in_new_talent_pc_score,low,github_outcomes,pull_request_merged,TRUE,sa,-11,0.8088249638504,0.358806803297084,0.105563629388116,1.51208629831268
important_degree_top3,rolling5,exact_1_2,nevertreated,pc_score,investment_in_new_talent_pc_score,low,github_outcomes,pull_request_merged,TRUE,sa,-10,1.35796457956397,0.60946073834973,0.1634215323985,2.55250762672944
important_degree_top3,rolling5,exact_1_2,nevertreated,pc_score,investment_in_new_talent_pc_score,low,github_outcomes,pull_request_merged,TRUE,sa,-9,1.35254235328986,0.576799509091338,0.222015315470838,2.48306939110888
important_degree_top3,rolling5,exact_1_2,nevertreated,pc_score,investment_in_new_talent_pc_score,low,github_outcomes,pull_request_merged,TRUE,sa,-8,0.650664283934726,0.425579009786375,-0.183470575246568,1.48479914311602
important_degree_top3,rolling5,exact_1_2,nevertreated,pc_score,investment_in_new_talent_pc_score,low,github_outcomes,pull_request_merged,TRUE,sa,-7,0.644339507733743,0.41511148069545,-0.16927899442934,1.45795800989683
important_degree_top3,rolling5,exact_1_2,nevertreated,pc_score,investment_in_new_talent_pc_score,low,github_outcomes,pull_request_merged,TRUE,sa,-6,0.521220468863902,0.390245772096922,-0.243661244446066,1.28610218217387
important_degree_top3,rolling5,exact_1_2,nevertreated,pc_score,investment_in_new_talent_pc_score,low,github_outcomes,pull_request_merged,TRUE,sa,-5,0.285365042275149,0.278639281244509,-0.260767948964089,0.831498033514387
important_degree_top3,rolling5,exact_1_2,nevertreated,pc_score,investment_in_new_talent_pc_score,low,github_outcomes,pull_request_merged,TRUE,sa,-4,0.126204694780692,0.193610164242153,-0.253271227133929,0.505680616695312
important_degree_top3,rolling5,exact_1_2,nevertreated,pc_score,investment_in_new_talent_pc_score,low,github_outcomes,pull_request_merged,TRUE,sa,-3,0.0099767890462371,0.143326154786371,-0.270942474335049,0.290896052427523
important_degree_top3,rolling5,exact_1_2,nevertreated,pc_score,investment_in_new_talent_pc_score,low,github_outcomes,pull_request_merged,TRUE,sa,-2,0.285550121940384,0.11559426107136,0.0589853702405175,0.51211487364025
important_degree_top3,rolling5,exact_1_2,nevertreated,pc_score,investment_in_new_talent_pc_score,low,github_outcomes,pull_request_merged,TRUE,sa,-1,0,0,0,0
important_degree_top3,rolling5,exact_1_2,nevertreated,pc_score,investment_in_new_talent_pc_score,low,github_outcomes,pull_request_merged,TRUE,sa,0,0.0148841804762621,0.198863367884278,-0.374888020576923,0.404656381529447
important_degree_top3,rolling5,exact_1_2,nevertreated,pc_score,investment_in_new_talent_pc_score,low,github_outcomes,pull_request_merged,TRUE,sa,1,-0.786221488809161,0.310329913044482,-1.39446811837635,-0.177974859241977
important_degree_top3,rolling5,exact_1_2,nevertreated,pc_score,investment_in_new_talent_pc_score,low,github_outcomes,pull_request_merged,TRUE,sa,2,-0.896934510519093,0.465640290846423,-1.80958948057808,0.0157204595398949
important_degree_top3,rolling5,exact_1_2,nevertreated,pc_score,investment_in_new_talent_pc_score,low,github_outcomes,pull_request_merged,TRUE,sa,3,-1.26218393754236,0.708718116819738,-2.65127144650904,0.126903571424331
important_degree_top3,rolling5,exact_1_2,nevertreated,pc_score,investment_in_new_talent_pc_score,low,github_outcomes,pull_request_merged,TRUE,sa,4,-1.37759405621492,1.13123533648059,-3.59481531571688,0.839627203287032
important_degree_top3,rolling5,exact_1_2,nevertreated,pc_score,investment_in_new_talent_pc_score,low,github_outcomes,pull_request_merged,TRUE,sa,5,-1.56359970064811,1.37763858073652,-4.2637713188917,1.13657191759547
important_degree_top3,rolling5,exact_1_2,nevertreated,pc_score,investment_in_new_talent_pc_score,low,github_outcomes,pull_request_merged,TRUE,sa,6,-1.63157836884253,1.4769748979631,-4.52644916885021,1.26329243116515
important_degree_top3,rolling5,exact_1_2,nevertreated,pc_score,investment_in_new_talent_pc_score,low,github_outcomes,pull_request_merged,TRUE,sa,7,-2.28974608723874,1.88403437432152,-5.98245346090893,1.40296128643145
important_degree_top3,rolling5,exact_1_2,nevertreated,pc_score,investment_in_new_talent_pc_score,low,github_outcomes,pull_request_merged,TRUE,sa,8,-2.30155682576493,1.92043181776593,-6.06560318858615,1.4624895370563
important_degree_top3,rolling5,exact_1_2,nevertreated,pc_score,investment_in_new_talent_pc_score,low,github_outcomes,pull_request_merged,TRUE,sa,9,-2.75394726603061,2.11168002225732,-6.89284010965497,1.38494557759374
important_degree_top3,rolling5,exact_1_2,nevertreated,pc_score,investment_in_new_talent_pc_score,low,github_outcomes,pull_request_merged,TRUE,sa,10,-3.28308227660789,2.34896097741619,-7.88704579234363,1.32088123912785
important_degree_top3,rolling5,exact_1_2,nevertreated,pc_score,investment_in_new_talent_pc_score,low,github_outcomes,pull_request_merged,TRUE,sa,11,-2.7352693849682,2.11961801135042,-6.88972068721502,1.41918191727862
important_degree_top3,rolling5,exact_1_2,nevertreated,pc_score,investment_in_new_talent_pc_score,high,github_outcomes,pull_request_merged,TRUE,sa,-15,0.430203054281184,0.505003343863237,-0.559603499690762,1.42000960825313
important_degree_top3,rolling5,exact_1_2,nevertreated,pc_score,investment_in_new_talent_pc_score,high,github_outcomes,pull_request_merged,TRUE,sa,-14,0.0777282667038585,0.507990796938643,-0.917933695295881,1.0733902287036
important_degree_top3,rolling5,exact_1_2,nevertreated,pc_score,investment_in_new_talent_pc_score,high,github_outcomes,pull_request_merged,TRUE,sa,-13,0.342036050757744,0.460775877521679,-0.561084669184747,1.24515677070024
important_degree_top3,rolling5,exact_1_2,nevertreated,pc_score,investment_in_new_talent_pc_score,high,github_outcomes,pull_request_merged,TRUE,sa,-12,-0.331600910674895,0.314679537361219,-0.948372803902884,0.285170982553093
important_degree_top3,rolling5,exact_1_2,nevertreated,pc_score,investment_in_new_talent_pc_score,high,github_outcomes,pull_request_merged,TRUE,sa,-11,-0.096653806736062,0.370131709515614,-0.822111957386665,0.628804343914541
important_degree_top3,rolling5,exact_1_2,nevertreated,pc_score,investment_in_new_talent_pc_score,high,github_outcomes,pull_request_merged,TRUE,sa,-10,0.420695242771964,0.418973619876354,-0.400493052185689,1.24188353772962
important_degree_top3,rolling5,exact_1_2,nevertreated,pc_score,investment_in_new_talent_pc_score,high,github_outcomes,pull_request_merged,TRUE,sa,-9,0.0128012403996216,0.300964267081912,-0.577088723080926,0.602691203880169
important_degree_top3,rolling5,exact_1_2,nevertreated,pc_score,investment_in_new_talent_pc_score,high,github_outcomes,pull_request_merged,TRUE,sa,-8,0.34960796929741,0.317824810465954,-0.27332865921586,0.972544597810681
important_degree_top3,rolling5,exact_1_2,nevertreated,pc_score,investment_in_new_talent_pc_score,high,github_outcomes,pull_request_merged,TRUE,sa,-7,0.328194202704748,0.23511127111286,-0.132623888676457,0.789012294085953
important_degree_top3,rolling5,exact_1_2,nevertreated,pc_score,investment_in_new_talent_pc_score,high,github_outcomes,pull_request_merged,TRUE,sa,-6,0.406670125748361,0.195552900891818,0.0233864400003979,0.789953811496325
important_degree_top3,rolling5,exact_1_2,nevertreated,pc_score,investment_in_new_talent_pc_score,high,github_outcomes,pull_request_merged,TRUE,sa,-5,0.132663430996002,0.134648992173063,-0.131248593663202,0.396575455655206
important_degree_top3,rolling5,exact_1_2,nevertreated,pc_score,investment_in_new_talent_pc_score,high,github_outcomes,pull_request_merged,TRUE,sa,-4,0.233140316370168,0.12580245466767,-0.0134324947784664,0.479713127518802
important_degree_top3,rolling5,exact_1_2,nevertreated,pc_score,investment_in_new_talent_pc_score,high,github_outcomes,pull_request_merged,TRUE,sa,-3,0.210626443595653,0.120375749391529,-0.0253100252117432,0.44656291240305
important_degree_top3,rolling5,exact_1_2,nevertreated,pc_score,investment_in_new_talent_pc_score,high,github_outcomes,pull_request_merged,TRUE,sa,-2,0.305328632391888,0.106115536509222,0.0973421808338122,0.513315083949963
important_degree_top3,rolling5,exact_1_2,nevertreated,pc_score,investment_in_new_talent_pc_score,high,github_outcomes,pull_request_merged,TRUE,sa,-1,0,0,0,0
important_degree_top3,rolling5,exact_1_2,nevertreated,pc_score,investment_in_new_talent_pc_score,high,github_outcomes,pull_request_merged,TRUE,sa,0,-0.00984836703109605,0.131163656932717,-0.26692913461922,0.247232400557028
important_degree_top3,rolling5,exact_1_2,nevertreated,pc_score,investment_in_new_talent_pc_score,high,github_outcomes,pull_request_merged,TRUE,sa,1,-0.403990301574094,0.182336424297336,-0.761369693196873,-0.0466109099513158
important_degree_top3,rolling5,exact_1_2,nevertreated,pc_score,investment_in_new_talent_pc_score,high,github_outcomes,pull_request_merged,TRUE,sa,2,-0.580321423255952,0.245978264319122,-1.06243882132143,-0.0982040251904729
important_degree_top3,rolling5,exact_1_2,nevertreated,pc_score,investment_in_new_talent_pc_score,high,github_outcomes,pull_request_merged,TRUE,sa,3,-0.511735190411347,0.323713949823749,-1.1462145320659,0.122744151243202
important_degree_top3,rolling5,exact_1_2,nevertreated,pc_score,investment_in_new_talent_pc_score,high,github_outcomes,pull_request_merged,TRUE,sa,4,-0.565082058715725,0.379919746561632,-1.30972476197652,0.179560644545074
important_degree_top3,rolling5,exact_1_2,nevertreated,pc_score,investment_in_new_talent_pc_score,high,github_outcomes,pull_request_merged,TRUE,sa,5,-0.782221218805683,0.375631442047677,-1.51845884521913,-0.0459835923922355
important_degree_top3,rolling5,exact_1_2,nevertreated,pc_score,investment_in_new_talent_pc_score,high,github_outcomes,pull_request_merged,TRUE,sa,6,-1.16634340869278,0.449723647458456,-2.04780175771135,-0.284885059674209
important_degree_top3,rolling5,exact_1_2,nevertreated,pc_score,investment_in_new_talent_pc_score,high,github_outcomes,pull_request_merged,TRUE,sa,7,-1.09597148865123,0.477189304730877,-2.03126252592375,-0.160680451378709
important_degree_top3,rolling5,exact_1_2,nevertreated,pc_score,investment_in_new_talent_pc_score,high,github_outcomes,pull_request_merged,TRUE,sa,8,-0.987473083428377,0.534244097496702,-2.03459151452191,0.0596453476651575
important_degree_top3,rolling5,exact_1_2,nevertreated,pc_score,investment_in_new_talent_pc_score,high,github_outcomes,pull_request_merged,TRUE,sa,9,-1.0576401903022,0.613371903843327,-2.25984912183513,0.144568741230716
important_degree_top3,rolling5,exact_1_2,nevertreated,pc_score,investment_in_new_talent_pc_score,high,github_outcomes,pull_request_merged,TRUE,sa,10,-0.912626982533151,0.526582723989689,-1.94472912155294,0.11947515648664
important_degree_top3,rolling5,exact_1_2,nevertreated,pc_score,investment_in_new_talent_pc_score,high,github_outcomes,pull_request_merged,TRUE,sa,11,-0.904219982430687,0.58495931957476,-2.05074024879722,0.242300283935841
important_degree_top3,rolling5,exact_1_2,nevertreated,pc_score,problem_solving_routines_pc_score,low,github_outcomes,pull_request_merged,TRUE,sa,-15,0.268282748922696,0.518016760445293,-0.747030101550078,1.28359559939547
important_degree_top3,rolling5,exact_1_2,nevertreated,pc_score,problem_solving_routines_pc_score,low,github_outcomes,pull_request_merged,TRUE,sa,-14,-0.0465165508579838,0.408658267413485,-0.847486754988414,0.754453653272446
important_degree_top3,rolling5,exact_1_2,nevertreated,pc_score,problem_solving_routines_pc_score,low,github_outcomes,pull_request_merged,TRUE,sa,-13,1.03031595417373,0.434903204515486,0.17790567332338,1.88272623502408
important_degree_top3,rolling5,exact_1_2,nevertreated,pc_score,problem_solving_routines_pc_score,low,github_outcomes,pull_request_merged,TRUE,sa,-12,0.32115960533663,0.341709720315142,-0.348591446481049,0.990910657154309
important_degree_top3,rolling5,exact_1_2,nevertreated,pc_score,problem_solving_routines_pc_score,low,github_outcomes,pull_request_merged,TRUE,sa,-11,0.212326073805561,0.317289429646951,-0.409561208302462,0.834213355913585
important_degree_top3,rolling5,exact_1_2,nevertreated,pc_score,problem_solving_routines_pc_score,low,github_outcomes,pull_request_merged,TRUE,sa,-10,0.950379051907058,0.582263121405163,-0.190856666047062,2.09161476986118
important_degree_top3,rolling5,exact_1_2,nevertreated,pc_score,problem_solving_routines_pc_score,low,github_outcomes,pull_request_merged,TRUE,sa,-9,0.642876033787889,0.484714509284784,-0.307164404410287,1.59291647198607
important_degree_top3,rolling5,exact_1_2,nevertreated,pc_score,problem_solving_routines_pc_score,low,github_outcomes,pull_request_merged,TRUE,sa,-8,0.320684267650589,0.256551237072616,-0.182156157011738,0.823524692312916
important_degree_top3,rolling5,exact_1_2,nevertreated,pc_score,problem_solving_routines_pc_score,low,github_outcomes,pull_request_merged,TRUE,sa,-7,0.0946507568828573,0.203878592436289,-0.30495128429227,0.494252798057984
important_degree_top3,rolling5,exact_1_2,nevertreated,pc_score,problem_solving_routines_pc_score,low,github_outcomes,pull_request_merged,TRUE,sa,-6,0.211254423857653,0.18792083627537,-0.157070415242072,0.579579262957379
important_degree_top3,rolling5,exact_1_2,nevertreated,pc_score,problem_solving_routines_pc_score,low,github_outcomes,pull_request_merged,TRUE,sa,-5,0.0246398894738218,0.138302005938402,-0.246432042165447,0.295711821113091
important_degree_top3,rolling5,exact_1_2,nevertreated,pc_score,problem_solving_routines_pc_score,low,github_outcomes,pull_request_merged,TRUE,sa,-4,0.0417763364515137,0.124665783432615,-0.202568599076411,0.286121271979439
important_degree_top3,rolling5,exact_1_2,nevertreated,pc_score,problem_solving_routines_pc_score,low,github_outcomes,pull_request_merged,TRUE,sa,-3,0.00630329522738604,0.108758712022485,-0.206863780336684,0.219470370791456
important_degree_top3,rolling5,exact_1_2,nevertreated,pc_score,problem_solving_routines_pc_score,low,github_outcomes,pull_request_merged,TRUE,sa,-2,0.197055714838686,0.0974968662789687,0.00596185693190787,0.388149572745465
important_degree_top3,rolling5,exact_1_2,nevertreated,pc_score,problem_solving_routines_pc_score,low,github_outcomes,pull_request_merged,TRUE,sa,-1,0,0,0,0
important_degree_top3,rolling5,exact_1_2,nevertreated,pc_score,problem_solving_routines_pc_score,low,github_outcomes,pull_request_merged,TRUE,sa,0,0.202790281170723,0.14034260895014,-0.0722812323715514,0.477861794712997
important_degree_top3,rolling5,exact_1_2,nevertreated,pc_score,problem_solving_routines_pc_score,low,github_outcomes,pull_request_merged,TRUE,sa,1,-0.320765364774163,0.123893301122796,-0.563596234974843,-0.0779344945734841
important_degree_top3,rolling5,exact_1_2,nevertreated,pc_score,problem_solving_routines_pc_score,low,github_outcomes,pull_request_merged,TRUE,sa,2,-0.462178094575533,0.15995207300757,-0.775684157670369,-0.148672031480696
important_degree_top3,rolling5,exact_1_2,nevertreated,pc_score,problem_solving_routines_pc_score,low,github_outcomes,pull_request_merged,TRUE,sa,3,-0.386280025622513,0.224878488572654,-0.827041863224914,0.0544818119798884
important_degree_top3,rolling5,exact_1_2,nevertreated,pc_score,problem_solving_routines_pc_score,low,github_outcomes,pull_request_merged,TRUE,sa,4,-0.210963162707249,0.256999161745259,-0.714681519727955,0.292755194313458
important_degree_top3,rolling5,exact_1_2,nevertreated,pc_score,problem_solving_routines_pc_score,low,github_outcomes,pull_request_merged,TRUE,sa,5,-0.210065330434602,0.306388268335066,-0.810586336371332,0.390455675502128
important_degree_top3,rolling5,exact_1_2,nevertreated,pc_score,problem_solving_routines_pc_score,low,github_outcomes,pull_request_merged,TRUE,sa,6,-0.175038733327551,0.343133339997327,-0.847580079722312,0.49750261306721
important_degree_top3,rolling5,exact_1_2,nevertreated,pc_score,problem_solving_routines_pc_score,low,github_outcomes,pull_request_merged,TRUE,sa,7,-0.480278776024465,0.270360336479316,-1.01018503552392,0.0496274834749937
important_degree_top3,rolling5,exact_1_2,nevertreated,pc_score,problem_solving_routines_pc_score,low,github_outcomes,pull_request_merged,TRUE,sa,8,-0.563490679081366,0.298424532204502,-1.14840276220219,0.0214214040394581
important_degree_top3,rolling5,exact_1_2,nevertreated,pc_score,problem_solving_routines_pc_score,low,github_outcomes,pull_request_merged,TRUE,sa,9,-0.455315065959094,0.412138920281674,-1.26310734971118,0.352477217792987
important_degree_top3,rolling5,exact_1_2,nevertreated,pc_score,problem_solving_routines_pc_score,low,github_outcomes,pull_request_merged,TRUE,sa,10,-0.798333204966411,0.323717709816171,-1.43281991620611,-0.163846493726715
important_degree_top3,rolling5,exact_1_2,nevertreated,pc_score,problem_solving_routines_pc_score,low,github_outcomes,pull_request_merged,TRUE,sa,11,-0.837780012726306,0.499916180381984,-1.81761572627499,0.142055700822383
important_degree_top3,rolling5,exact_1_2,nevertreated,pc_score,problem_solving_routines_pc_score,high,github_outcomes,pull_request_merged,TRUE,sa,-15,0.486601888174898,0.442248583116376,-0.380205334733198,1.353409111083
important_degree_top3,rolling5,exact_1_2,nevertreated,pc_score,problem_solving_routines_pc_score,high,github_outcomes,pull_request_merged,TRUE,sa,-14,0.529864680661222,0.419124511926319,-0.291619362714362,1.35134872403681
important_degree_top3,rolling5,exact_1_2,nevertreated,pc_score,problem_solving_routines_pc_score,high,github_outcomes,pull_request_merged,TRUE,sa,-13,0.313561537273201,0.405991148560805,-0.482181113905977,1.10930418845238
important_degree_top3,rolling5,exact_1_2,nevertreated,pc_score,problem_solving_routines_pc_score,high,github_outcomes,pull_request_merged,TRUE,sa,-12,0.221259094539541,0.341933532185484,-0.448930628544007,0.891448817623089
important_degree_top3,rolling5,exact_1_2,nevertreated,pc_score,problem_solving_routines_pc_score,high,github_outcomes,pull_request_merged,TRUE,sa,-11,0.427985741201579,0.407005999566924,-0.369746017949592,1.22571750035275
important_degree_top3,rolling5,exact_1_2,nevertreated,pc_score,problem_solving_routines_pc_score,high,github_outcomes,pull_request_merged,TRUE,sa,-10,0.566646615003644,0.330206855217557,-0.0805588212227681,1.21385205123006
important_degree_top3,rolling5,exact_1_2,nevertreated,pc_score,problem_solving_routines_pc_score,high,github_outcomes,pull_request_merged,TRUE,sa,-9,0.460594591172015,0.348656600194702,-0.2227723452096,1.14396152755363
important_degree_top3,rolling5,exact_1_2,nevertreated,pc_score,problem_solving_routines_pc_score,high,github_outcomes,pull_request_merged,TRUE,sa,-8,0.28438709481805,0.353383194401187,-0.408243966208277,0.977018155844377
important_degree_top3,rolling5,exact_1_2,nevertreated,pc_score,problem_solving_routines_pc_score,high,github_outcomes,pull_request_merged,TRUE,sa,-7,0.583846968981732,0.321041718164306,-0.0453947986203085,1.21308873658377
important_degree_top3,rolling5,exact_1_2,nevertreated,pc_score,problem_solving_routines_pc_score,high,github_outcomes,pull_request_merged,TRUE,sa,-6,0.351098442025695,0.261605836488966,-0.161648997492678,0.863845881544069
important_degree_top3,rolling5,exact_1_2,nevertreated,pc_score,problem_solving_routines_pc_score,high,github_outcomes,pull_request_merged,TRUE,sa,-5,0.209557645892144,0.176344967138167,-0.136078489698664,0.555193781482951
important_degree_top3,rolling5,exact_1_2,nevertreated,pc_score,problem_solving_routines_pc_score,high,github_outcomes,pull_request_merged,TRUE,sa,-4,0.202609203293402,0.138140025865448,-0.0681452474028753,0.473363653989679
important_degree_top3,rolling5,exact_1_2,nevertreated,pc_score,problem_solving_routines_pc_score,high,github_outcomes,pull_request_merged,TRUE,sa,-3,0.137077636703796,0.123660218062776,-0.105296390699244,0.379451664106836
important_degree_top3,rolling5,exact_1_2,nevertreated,pc_score,problem_solving_routines_pc_score,high,github_outcomes,pull_request_merged,TRUE,sa,-2,0.37109749972373,0.109886593066368,0.155719777313649,0.586475222133812
important_degree_top3,rolling5,exact_1_2,nevertreated,pc_score,problem_solving_routines_pc_score,high,github_outcomes,pull_request_merged,TRUE,sa,-1,0,0,0,0
important_degree_top3,rolling5,exact_1_2,nevertreated,pc_score,problem_solving_routines_pc_score,high,github_outcomes,pull_request_merged,TRUE,sa,0,-0.162629615754691,0.177489183146026,-0.510508414720903,0.18524918321152
important_degree_top3,rolling5,exact_1_2,nevertreated,pc_score,problem_solving_routines_pc_score,high,github_outcomes,pull_request_merged,TRUE,sa,1,-0.843248454325122,0.267036936690086,-1.36664085023769,-0.319856058412553
important_degree_top3,rolling5,exact_1_2,nevertreated,pc_score,problem_solving_routines_pc_score,high,github_outcomes,pull_request_merged,TRUE,sa,2,-0.891180462565557,0.392681090515105,-1.66083539997516,-0.121525525155952
important_degree_top3,rolling5,exact_1_2,nevertreated,pc_score,problem_solving_routines_pc_score,high,github_outcomes,pull_request_merged,TRUE,sa,3,-1.17025338821383,0.508211880870091,-2.16634867471921,-0.174158101708454
important_degree_top3,rolling5,exact_1_2,nevertreated,pc_score,problem_solving_routines_pc_score,high,github_outcomes,pull_request_merged,TRUE,sa,4,-1.3194562919563,0.790468929436196,-2.86877539365125,0.22986280973864
important_degree_top3,rolling5,exact_1_2,nevertreated,pc_score,problem_solving_routines_pc_score,high,github_outcomes,pull_request_merged,TRUE,sa,5,-1.56806617010444,0.890644020484257,-3.31372845025358,0.177596110044707
important_degree_top3,rolling5,exact_1_2,nevertreated,pc_score,problem_solving_routines_pc_score,high,github_outcomes,pull_request_merged,TRUE,sa,6,-1.94278271517892,0.93095217246055,-3.7674489732016,-0.118116457156241
important_degree_top3,rolling5,exact_1_2,nevertreated,pc_score,problem_solving_routines_pc_score,high,github_outcomes,pull_request_merged,TRUE,sa,7,-2.10115596182425,1.13394735318484,-4.32369277406654,0.121380850418038
important_degree_top3,rolling5,exact_1_2,nevertreated,pc_score,problem_solving_routines_pc_score,high,github_outcomes,pull_request_merged,TRUE,sa,8,-1.89908627015639,1.1643420379539,-4.18119666454603,0.383024124233253
important_degree_top3,rolling5,exact_1_2,nevertreated,pc_score,problem_solving_routines_pc_score,high,github_outcomes,pull_request_merged,TRUE,sa,9,-2.41672260235493,1.26572814207509,-4.89754976082211,0.0641045561122482
important_degree_top3,rolling5,exact_1_2,nevertreated,pc_score,problem_solving_routines_pc_score,high,github_outcomes,pull_request_merged,TRUE,sa,10,-2.4107910595201,1.26657526516734,-4.89327857924809,0.0716964602078787
important_degree_top3,rolling5,exact_1_2,nevertreated,pc_score,problem_solving_routines_pc_score,high,github_outcomes,pull_request_merged,TRUE,sa,11,-2.94456320076008,1.30292036526298,-5.49828711667551,-0.390839284844642
important_degree_top3,rolling5,exact_1_2,nevertreated,pc_score,collaboration_pc_score,low,github_outcomes,pull_request_merged,FALSE,sa,-15,9.86131890013153,4.23740228790145,1.55601041584469,18.1666273844184
important_degree_top3,rolling5,exact_1_2,nevertreated,pc_score,collaboration_pc_score,low,github_outcomes,pull_request_merged,FALSE,sa,-14,4.70582005185023,4.05865730407351,-3.24914826413385,12.6607883678343
important_degree_top3,rolling5,exact_1_2,nevertreated,pc_score,collaboration_pc_score,low,github_outcomes,pull_request_merged,FALSE,sa,-13,6.16049192196225,3.83009292178001,-1.34649020472657,13.6674740486511
important_degree_top3,rolling5,exact_1_2,nevertreated,pc_score,collaboration_pc_score,low,github_outcomes,pull_request_merged,FALSE,sa,-12,6.48005183543601,3.4911961231744,-0.362692565985818,13.3227962368578
important_degree_top3,rolling5,exact_1_2,nevertreated,pc_score,collaboration_pc_score,low,github_outcomes,pull_request_merged,FALSE,sa,-11,5.01847236947585,3.3947837260896,-1.63530373365975,11.6722484726115
important_degree_top3,rolling5,exact_1_2,nevertreated,pc_score,collaboration_pc_score,low,github_outcomes,pull_request_merged,FALSE,sa,-10,4.19430729456214,3.25140721609328,-2.17845084898069,10.567065438105
important_degree_top3,rolling5,exact_1_2,nevertreated,pc_score,collaboration_pc_score,low,github_outcomes,pull_request_merged,FALSE,sa,-9,3.93341609314108,3.04850629781626,-2.04165625057879,9.90848843686095
important_degree_top3,rolling5,exact_1_2,nevertreated,pc_score,collaboration_pc_score,low,github_outcomes,pull_request_merged,FALSE,sa,-8,2.41446088875682,2.98966959282415,-3.44529151317852,8.27421329069215
important_degree_top3,rolling5,exact_1_2,nevertreated,pc_score,collaboration_pc_score,low,github_outcomes,pull_request_merged,FALSE,sa,-7,2.8321944435664,2.73134786826806,-2.52124737823899,8.18563626537179
important_degree_top3,rolling5,exact_1_2,nevertreated,pc_score,collaboration_pc_score,low,github_outcomes,pull_request_merged,FALSE,sa,-6,2.88635053284079,2.67591351452946,-2.35843995563695,8.13114102131853
important_degree_top3,rolling5,exact_1_2,nevertreated,pc_score,collaboration_pc_score,low,github_outcomes,pull_request_merged,FALSE,sa,-5,1.41986009226809,2.18968531558908,-2.8719231262865,5.71164331082269
important_degree_top3,rolling5,exact_1_2,nevertreated,pc_score,collaboration_pc_score,low,github_outcomes,pull_request_merged,FALSE,sa,-4,1.39647453395908,2.01427416523896,-2.55150282990929,5.34445189782745
important_degree_top3,rolling5,exact_1_2,nevertreated,pc_score,collaboration_pc_score,low,github_outcomes,pull_request_merged,FALSE,sa,-3,0.590860135099604,1.49948968380696,-2.34813964516204,3.52985991536125
important_degree_top3,rolling5,exact_1_2,nevertreated,pc_score,collaboration_pc_score,low,github_outcomes,pull_request_merged,FALSE,sa,-2,2.1509562031498,1.09951674992267,-0.00409662669862643,4.30600903299823
important_degree_top3,rolling5,exact_1_2,nevertreated,pc_score,collaboration_pc_score,low,github_outcomes,pull_request_merged,FALSE,sa,-1,0,0,0,0
important_degree_top3,rolling5,exact_1_2,nevertreated,pc_score,collaboration_pc_score,low,github_outcomes,pull_request_merged,FALSE,sa,0,-0.190401607743028,1.11467453667761,-2.37516369963115,1.99436048414509
important_degree_top3,rolling5,exact_1_2,nevertreated,pc_score,collaboration_pc_score,low,github_outcomes,pull_request_merged,FALSE,sa,1,-2.26675242533416,1.58368963663299,-5.37078411313483,0.837279262466509
important_degree_top3,rolling5,exact_1_2,nevertreated,pc_score,collaboration_pc_score,low,github_outcomes,pull_request_merged,FALSE,sa,2,-4.14812563447638,1.95393600503562,-7.97784020434619,-0.318411064606575
important_degree_top3,rolling5,exact_1_2,nevertreated,pc_score,collaboration_pc_score,low,github_outcomes,pull_request_merged,FALSE,sa,3,-4.66935933907366,2.43219168890787,-9.43645504933309,0.0977363711857713
important_degree_top3,rolling5,exact_1_2,nevertreated,pc_score,collaboration_pc_score,low,github_outcomes,pull_request_merged,FALSE,sa,4,-6.55650958408921,3.14252287887947,-12.715854426693,-0.397164741485453
important_degree_top3,rolling5,exact_1_2,nevertreated,pc_score,collaboration_pc_score,low,github_outcomes,pull_request_merged,FALSE,sa,5,-7.11669912043,3.56258727331261,-14.0993701761227,-0.134028064737273
important_degree_top3,rolling5,exact_1_2,nevertreated,pc_score,collaboration_pc_score,low,github_outcomes,pull_request_merged,FALSE,sa,6,-7.40741646362528,3.91408903197803,-15.0790309663022,0.264198039051651
important_degree_top3,rolling5,exact_1_2,nevertreated,pc_score,collaboration_pc_score,low,github_outcomes,pull_request_merged,FALSE,sa,7,-7.64327349424582,4.47328660154797,-16.4109152332798,1.1243682447882
important_degree_top3,rolling5,exact_1_2,nevertreated,pc_score,collaboration_pc_score,low,github_outcomes,pull_request_merged,FALSE,sa,8,-6.80898293116604,4.59938607149609,-15.8237796312984,2.2058137689663
important_degree_top3,rolling5,exact_1_2,nevertreated,pc_score,collaboration_pc_score,low,github_outcomes,pull_request_merged,FALSE,sa,9,-7.85985669048572,5.39408986273637,-18.432272821449,2.71255944047755
important_degree_top3,rolling5,exact_1_2,nevertreated,pc_score,collaboration_pc_score,low,github_outcomes,pull_request_merged,FALSE,sa,10,-8.96482338372883,6.00349416054497,-20.731671938397,2.80202517093932
important_degree_top3,rolling5,exact_1_2,nevertreated,pc_score,collaboration_pc_score,low,github_outcomes,pull_request_merged,FALSE,sa,11,-2.14648915470038,5.53323949725431,-12.9916385693188,8.69866025991807
important_degree_top3,rolling5,exact_1_2,nevertreated,pc_score,collaboration_pc_score,high,github_outcomes,pull_request_merged,FALSE,sa,-15,10.9360859498223,5.6301033132599,-0.0989165441670625,21.9710884438117
important_degree_top3,rolling5,exact_1_2,nevertreated,pc_score,collaboration_pc_score,high,github_outcomes,pull_request_merged,FALSE,sa,-14,10.229684895975,7.12750111032144,-3.74021728025502,24.199587072205
important_degree_top3,rolling5,exact_1_2,nevertreated,pc_score,collaboration_pc_score,high,github_outcomes,pull_request_merged,FALSE,sa,-13,5.90635477564978,6.66032856141791,-7.14788920472932,18.9605987560289
important_degree_top3,rolling5,exact_1_2,nevertreated,pc_score,collaboration_pc_score,high,github_outcomes,pull_request_merged,FALSE,sa,-12,8.32913317775853,6.58503371005995,-4.57753289395898,21.235799249476
important_degree_top3,rolling5,exact_1_2,nevertreated,pc_score,collaboration_pc_score,high,github_outcomes,pull_request_merged,FALSE,sa,-11,6.27493632632536,6.46392617636152,-6.39435897934322,18.9442316319939
important_degree_top3,rolling5,exact_1_2,nevertreated,pc_score,collaboration_pc_score,high,github_outcomes,pull_request_merged,FALSE,sa,-10,7.22803589087931,6.10609596906455,-4.73991220848721,19.1959839902458
important_degree_top3,rolling5,exact_1_2,nevertreated,pc_score,collaboration_pc_score,high,github_outcomes,pull_request_merged,FALSE,sa,-9,6.83406339218667,5.5860071407176,-4.11451060361982,17.7826373879932
important_degree_top3,rolling5,exact_1_2,nevertreated,pc_score,collaboration_pc_score,high,github_outcomes,pull_request_merged,FALSE,sa,-8,9.12108950889335,5.55154817030583,-1.75994490490608,20.0021239226928
important_degree_top3,rolling5,exact_1_2,nevertreated,pc_score,collaboration_pc_score,high,github_outcomes,pull_request_merged,FALSE,sa,-7,5.41440723918408,4.93273491725379,-4.25375319863335,15.0825676770015
important_degree_top3,rolling5,exact_1_2,nevertreated,pc_score,collaboration_pc_score,high,github_outcomes,pull_request_merged,FALSE,sa,-6,4.59662984807797,3.90070480572828,-3.04875157114946,12.2420112673054
important_degree_top3,rolling5,exact_1_2,nevertreated,pc_score,collaboration_pc_score,high,github_outcomes,pull_request_merged,FALSE,sa,-5,4.67366377052761,3.08176683731176,-1.36659923060344,10.7139267716587
important_degree_top3,rolling5,exact_1_2,nevertreated,pc_score,collaboration_pc_score,high,github_outcomes,pull_request_merged,FALSE,sa,-4,4.46540040790565,2.38991314063746,-0.218829347743777,9.14963016355507
important_degree_top3,rolling5,exact_1_2,nevertreated,pc_score,collaboration_pc_score,high,github_outcomes,pull_request_merged,FALSE,sa,-3,3.81173573161363,2.16021663287573,-0.422288868822802,8.04576033205006
important_degree_top3,rolling5,exact_1_2,nevertreated,pc_score,collaboration_pc_score,high,github_outcomes,pull_request_merged,FALSE,sa,-2,3.61602541809954,1.19056865348315,1.28251085727257,5.94953997892651
important_degree_top3,rolling5,exact_1_2,nevertreated,pc_score,collaboration_pc_score,high,github_outcomes,pull_request_merged,FALSE,sa,-1,0,0,0,0
important_degree_top3,rolling5,exact_1_2,nevertreated,pc_score,collaboration_pc_score,high,github_outcomes,pull_request_merged,FALSE,sa,0,-3.79922155443973,1.33525812753303,-6.41632748440448,-1.18211562447499
important_degree_top3,rolling5,exact_1_2,nevertreated,pc_score,collaboration_pc_score,high,github_outcomes,pull_request_merged,FALSE,sa,1,-5.66495089256556,2.51797548727147,-10.6001828476176,-0.729718937513473
important_degree_top3,rolling5,exact_1_2,nevertreated,pc_score,collaboration_pc_score,high,github_outcomes,pull_request_merged,FALSE,sa,2,-7.37079625202546,3.72597655329433,-14.6737102964824,-0.0678822075685703
important_degree_top3,rolling5,exact_1_2,nevertreated,pc_score,collaboration_pc_score,high,github_outcomes,pull_request_merged,FALSE,sa,3,-8.81200812225104,5.25062093908366,-19.103225162855,1.47920891835293
important_degree_top3,rolling5,exact_1_2,nevertreated,pc_score,collaboration_pc_score,high,github_outcomes,pull_request_merged,FALSE,sa,4,-8.75903409991585,6.78549006464414,-22.0585946266184,4.54052642678666
important_degree_top3,rolling5,exact_1_2,nevertreated,pc_score,collaboration_pc_score,high,github_outcomes,pull_request_merged,FALSE,sa,5,-7.34098875215637,7.53851381455341,-22.1164758286811,7.43449832436831
important_degree_top3,rolling5,exact_1_2,nevertreated,pc_score,collaboration_pc_score,high,github_outcomes,pull_request_merged,FALSE,sa,6,-9.41288010349051,9.06664432379197,-27.1835029781228,8.35774277114176
important_degree_top3,rolling5,exact_1_2,nevertreated,pc_score,collaboration_pc_score,high,github_outcomes,pull_request_merged,FALSE,sa,7,-6.85677404146066,10.1050276529224,-26.6626282411887,12.9490801582673
important_degree_top3,rolling5,exact_1_2,nevertreated,pc_score,collaboration_pc_score,high,github_outcomes,pull_request_merged,FALSE,sa,8,0.127314811636618,11.148558012203,-21.7238588922814,21.9784885155546
important_degree_top3,rolling5,exact_1_2,nevertreated,pc_score,collaboration_pc_score,high,github_outcomes,pull_request_merged,FALSE,sa,9,-1.05000997805634,10.8710055001974,-22.3571807584432,20.2571608023305
important_degree_top3,rolling5,exact_1_2,nevertreated,pc_score,collaboration_pc_score,high,github_outcomes,pull_request_merged,FALSE,sa,10,-4.85906454152192,10.1706583990246,-24.7935550036102,15.0754259205663
important_degree_top3,rolling5,exact_1_2,nevertreated,pc_score,collaboration_pc_score,high,github_outcomes,pull_request_merged,FALSE,sa,11,-3.073813847849,9.01170126247987,-20.7367483223095,14.5891206266115
important_degree_top3,rolling5,exact_1_2,nevertreated,pc_score,knowledge_level_pc_score,low,github_outcomes,pull_request_merged,FALSE,sa,-15,21.757515352048,7.32576233358316,7.39902117822506,36.116009525871
important_degree_top3,rolling5,exact_1_2,nevertreated,pc_score,knowledge_level_pc_score,low,github_outcomes,pull_request_merged,FALSE,sa,-14,10.721617913324,6.2717808006892,-1.57107245602682,23.0143082826748
important_degree_top3,rolling5,exact_1_2,nevertreated,pc_score,knowledge_level_pc_score,low,github_outcomes,pull_request_merged,FALSE,sa,-13,10.9414546640348,5.83295021997513,-0.491127767116485,22.374037095186
important_degree_top3,rolling5,exact_1_2,nevertreated,pc_score,knowledge_level_pc_score,low,github_outcomes,pull_request_merged,FALSE,sa,-12,11.6312218183661,6.32443156884341,-0.764664056567026,24.0271076932991
important_degree_top3,rolling5,exact_1_2,nevertreated,pc_score,knowledge_level_pc_score,low,github_outcomes,pull_request_merged,FALSE,sa,-11,12.4502961666147,6.6677501820308,-0.618494190165675,25.5190865233951
important_degree_top3,rolling5,exact_1_2,nevertreated,pc_score,knowledge_level_pc_score,low,github_outcomes,pull_request_merged,FALSE,sa,-10,11.1653621235029,5.97257433135613,-0.540883565955125,22.8716078129609
important_degree_top3,rolling5,exact_1_2,nevertreated,pc_score,knowledge_level_pc_score,low,github_outcomes,pull_request_merged,FALSE,sa,-9,12.6030910547736,5.62401570145944,1.5800202799131,23.6261618296341
important_degree_top3,rolling5,exact_1_2,nevertreated,pc_score,knowledge_level_pc_score,low,github_outcomes,pull_request_merged,FALSE,sa,-8,12.3008881687289,5.93794040363285,0.662524977608548,23.9392513598493
important_degree_top3,rolling5,exact_1_2,nevertreated,pc_score,knowledge_level_pc_score,low,github_outcomes,pull_request_merged,FALSE,sa,-7,11.0780405962764,4.87232644030619,1.52828077327625,20.6278004192765
important_degree_top3,rolling5,exact_1_2,nevertreated,pc_score,knowledge_level_pc_score,low,github_outcomes,pull_request_merged,FALSE,sa,-6,11.2365120992436,4.22104995542104,2.96325418661837,19.5097700118688
important_degree_top3,rolling5,exact_1_2,nevertreated,pc_score,knowledge_level_pc_score,low,github_outcomes,pull_request_merged,FALSE,sa,-5,8.48207126713941,3.33021748788258,1.95484499088956,15.0092975433893
important_degree_top3,rolling5,exact_1_2,nevertreated,pc_score,knowledge_level_pc_score,low,github_outcomes,pull_request_merged,FALSE,sa,-4,6.34418623535679,2.67857063425261,1.09418779222167,11.5941846784919
important_degree_top3,rolling5,exact_1_2,nevertreated,pc_score,knowledge_level_pc_score,low,github_outcomes,pull_request_merged,FALSE,sa,-3,4.18467417223045,2.3660961021754,-0.452874188033333,8.82222253249424
important_degree_top3,rolling5,exact_1_2,nevertreated,pc_score,knowledge_level_pc_score,low,github_outcomes,pull_request_merged,FALSE,sa,-2,4.44446854565779,1.60021997213878,1.30803740026579,7.5808996910498
important_degree_top3,rolling5,exact_1_2,nevertreated,pc_score,knowledge_level_pc_score,low,github_outcomes,pull_request_merged,FALSE,sa,-1,0,0,0,0
important_degree_top3,rolling5,exact_1_2,nevertreated,pc_score,knowledge_level_pc_score,low,github_outcomes,pull_request_merged,FALSE,sa,0,-2.07028145877592,1.51681529682729,-5.0432394405574,0.902676523005567
important_degree_top3,rolling5,exact_1_2,nevertreated,pc_score,knowledge_level_pc_score,low,github_outcomes,pull_request_merged,FALSE,sa,1,-3.819569513028,3.10776401949199,-9.9107869912323,2.2716479651763
important_degree_top3,rolling5,exact_1_2,nevertreated,pc_score,knowledge_level_pc_score,low,github_outcomes,pull_request_merged,FALSE,sa,2,-6.02475587701313,4.66766073587902,-15.173370919336,3.12385916530975
important_degree_top3,rolling5,exact_1_2,nevertreated,pc_score,knowledge_level_pc_score,low,github_outcomes,pull_request_merged,FALSE,sa,3,-7.32808882688166,6.05940154763219,-19.2045158602408,4.54833820647743
important_degree_top3,rolling5,exact_1_2,nevertreated,pc_score,knowledge_level_pc_score,low,github_outcomes,pull_request_merged,FALSE,sa,4,-7.81496186162364,7.80780456026283,-23.1182587997388,7.48833507649152
important_degree_top3,rolling5,exact_1_2,nevertreated,pc_score,knowledge_level_pc_score,low,github_outcomes,pull_request_merged,FALSE,sa,5,-7.15805437894353,8.52032858140536,-23.857898398498,9.54178964061097
important_degree_top3,rolling5,exact_1_2,nevertreated,pc_score,knowledge_level_pc_score,low,github_outcomes,pull_request_merged,FALSE,sa,6,-7.56285619257282,9.95733842514463,-27.0792395058563,11.9535271207106
important_degree_top3,rolling5,exact_1_2,nevertreated,pc_score,knowledge_level_pc_score,low,github_outcomes,pull_request_merged,FALSE,sa,7,-7.50753844348064,11.206242471694,-29.4717736880009,14.4566968010396
important_degree_top3,rolling5,exact_1_2,nevertreated,pc_score,knowledge_level_pc_score,low,github_outcomes,pull_request_merged,FALSE,sa,8,-3.39401460727512,11.2063311598973,-25.3584236806739,18.5703944661236
important_degree_top3,rolling5,exact_1_2,nevertreated,pc_score,knowledge_level_pc_score,low,github_outcomes,pull_request_merged,FALSE,sa,9,-6.14653790008104,11.5395467464467,-28.7640495231166,16.4709737229545
important_degree_top3,rolling5,exact_1_2,nevertreated,pc_score,knowledge_level_pc_score,low,github_outcomes,pull_request_merged,FALSE,sa,10,-10.1516203821727,11.9288616189633,-33.5321891553407,13.2289483909953
important_degree_top3,rolling5,exact_1_2,nevertreated,pc_score,knowledge_level_pc_score,low,github_outcomes,pull_request_merged,FALSE,sa,11,-5.87393967651905,10.689256447816,-26.8248823142383,15.0770029612002
important_degree_top3,rolling5,exact_1_2,nevertreated,pc_score,knowledge_level_pc_score,high,github_outcomes,pull_request_merged,FALSE,sa,-15,3.6221088973508,5.07371187687549,-6.32236638132517,13.5665841760268
important_degree_top3,rolling5,exact_1_2,nevertreated,pc_score,knowledge_level_pc_score,high,github_outcomes,pull_request_merged,FALSE,sa,-14,-2.21897151196399,8.99147390473241,-19.8422603652395,15.4043173413115
important_degree_top3,rolling5,exact_1_2,nevertreated,pc_score,knowledge_level_pc_score,high,github_outcomes,pull_request_merged,FALSE,sa,-13,-0.706543549023923,7.39223546300191,-15.1953250565077,13.7822379584598
important_degree_top3,rolling5,exact_1_2,nevertreated,pc_score,knowledge_level_pc_score,high,github_outcomes,pull_request_merged,FALSE,sa,-12,0.060434347800891,5.30213305957802,-10.331746448972,10.4526151445738
important_degree_top3,rolling5,exact_1_2,nevertreated,pc_score,knowledge_level_pc_score,high,github_outcomes,pull_request_merged,FALSE,sa,-11,-1.89079885040541,5.90520517689409,-13.4650009971178,9.68340329630701
important_degree_top3,rolling5,exact_1_2,nevertreated,pc_score,knowledge_level_pc_score,high,github_outcomes,pull_request_merged,FALSE,sa,-10,-0.149558635214039,5.71125532957386,-11.3436190811788,11.0445018107507
important_degree_top3,rolling5,exact_1_2,nevertreated,pc_score,knowledge_level_pc_score,high,github_outcomes,pull_request_merged,FALSE,sa,-9,-0.265515515839211,4.91073080608654,-9.89054789576882,9.3595168640904
important_degree_top3,rolling5,exact_1_2,nevertreated,pc_score,knowledge_level_pc_score,high,github_outcomes,pull_request_merged,FALSE,sa,-8,0.642594760291433,4.18851110448688,-7.56688700450285,8.85207652508571
important_degree_top3,rolling5,exact_1_2,nevertreated,pc_score,knowledge_level_pc_score,high,github_outcomes,pull_request_merged,FALSE,sa,-7,0.379514234320947,3.67327133750143,-6.82009758718186,7.57912605582375
important_degree_top3,rolling5,exact_1_2,nevertreated,pc_score,knowledge_level_pc_score,high,github_outcomes,pull_request_merged,FALSE,sa,-6,0.281911049227954,2.87047176607635,-5.34421361228169,5.9080357107376
important_degree_top3,rolling5,exact_1_2,nevertreated,pc_score,knowledge_level_pc_score,high,github_outcomes,pull_request_merged,FALSE,sa,-5,0.877979031188688,2.24691948172847,-3.52598315299912,5.28194121537649
important_degree_top3,rolling5,exact_1_2,nevertreated,pc_score,knowledge_level_pc_score,high,github_outcomes,pull_request_merged,FALSE,sa,-4,1.37618035172938,1.91982353011283,-2.38667376729177,5.13903447075054
important_degree_top3,rolling5,exact_1_2,nevertreated,pc_score,knowledge_level_pc_score,high,github_outcomes,pull_request_merged,FALSE,sa,-3,1.26235591977682,1.54845455042003,-1.77261499904643,4.29732683860007
important_degree_top3,rolling5,exact_1_2,nevertreated,pc_score,knowledge_level_pc_score,high,github_outcomes,pull_request_merged,FALSE,sa,-2,1.83589985081772,0.901863288821093,0.0682478047283814,3.60355189690707
important_degree_top3,rolling5,exact_1_2,nevertreated,pc_score,knowledge_level_pc_score,high,github_outcomes,pull_request_merged,FALSE,sa,-1,0,0,0,0
important_degree_top3,rolling5,exact_1_2,nevertreated,pc_score,knowledge_level_pc_score,high,github_outcomes,pull_request_merged,FALSE,sa,0,-2.56090376012782,1.42533509351082,-5.35456054340902,0.232753023153379
important_degree_top3,rolling5,exact_1_2,nevertreated,pc_score,knowledge_level_pc_score,high,github_outcomes,pull_request_merged,FALSE,sa,1,-5.32902673831479,2.53127341922066,-10.2903226399873,-0.367730836642285
important_degree_top3,rolling5,exact_1_2,nevertreated,pc_score,knowledge_level_pc_score,high,github_outcomes,pull_request_merged,FALSE,sa,2,-7.44226132116719,3.59407666793078,-14.4866515903115,-0.397871052022856
important_degree_top3,rolling5,exact_1_2,nevertreated,pc_score,knowledge_level_pc_score,high,github_outcomes,pull_request_merged,FALSE,sa,3,-7.46545606869261,4.79960222714283,-16.8726764338926,1.94176429650735
important_degree_top3,rolling5,exact_1_2,nevertreated,pc_score,knowledge_level_pc_score,high,github_outcomes,pull_request_merged,FALSE,sa,4,-8.20420906300676,5.67778220950889,-19.3326621936442,2.92424406763067
important_degree_top3,rolling5,exact_1_2,nevertreated,pc_score,knowledge_level_pc_score,high,github_outcomes,pull_request_merged,FALSE,sa,5,-7.35306170276363,6.04835777682681,-19.2078429453442,4.50171953981692
important_degree_top3,rolling5,exact_1_2,nevertreated,pc_score,knowledge_level_pc_score,high,github_outcomes,pull_request_merged,FALSE,sa,6,-8.60151381584151,7.00820157114995,-22.3375888952954,5.13456126361238
important_degree_top3,rolling5,exact_1_2,nevertreated,pc_score,knowledge_level_pc_score,high,github_outcomes,pull_request_merged,FALSE,sa,7,-5.78127946505666,7.80065395835532,-21.0705612234331,9.50800229331977
important_degree_top3,rolling5,exact_1_2,nevertreated,pc_score,knowledge_level_pc_score,high,github_outcomes,pull_request_merged,FALSE,sa,8,-1.90905880129787,9.14586857113656,-19.8349612007255,16.0168435981298
important_degree_top3,rolling5,exact_1_2,nevertreated,pc_score,knowledge_level_pc_score,high,github_outcomes,pull_request_merged,FALSE,sa,9,-2.26789672863984,8.80578005491095,-19.5272256362653,14.9914321789856
important_degree_top3,rolling5,exact_1_2,nevertreated,pc_score,knowledge_level_pc_score,high,github_outcomes,pull_request_merged,FALSE,sa,10,-5.12791211372486,7.28674658488593,-19.4099354201013,9.15411119265157
important_degree_top3,rolling5,exact_1_2,nevertreated,pc_score,knowledge_level_pc_score,high,github_outcomes,pull_request_merged,FALSE,sa,11,-1.4199733967997,7.01778028842177,-15.1748227621064,12.334875968507
important_degree_top3,rolling5,exact_1_2,nevertreated,pc_score,discussion_quality_pc_score,low,github_outcomes,pull_request_merged,FALSE,sa,-15,16.8822437052465,7.99932329018315,1.20357005648748,32.5609173540054
important_degree_top3,rolling5,exact_1_2,nevertreated,pc_score,discussion_quality_pc_score,low,github_outcomes,pull_request_merged,FALSE,sa,-14,4.53121539100309,9.25217518277562,-13.6030479672371,22.6654787492433
important_degree_top3,rolling5,exact_1_2,nevertreated,pc_score,discussion_quality_pc_score,low,github_outcomes,pull_request_merged,FALSE,sa,-13,8.12927184332034,9.18364025904639,-9.8706630644106,26.1292067510513
important_degree_top3,rolling5,exact_1_2,nevertreated,pc_score,discussion_quality_pc_score,low,github_outcomes,pull_request_merged,FALSE,sa,-12,10.0318654118525,6.32147160956972,-2.35821894290416,22.4219497666091
important_degree_top3,rolling5,exact_1_2,nevertreated,pc_score,discussion_quality_pc_score,low,github_outcomes,pull_request_merged,FALSE,sa,-11,6.21355810783727,7.38833343602561,-8.26757542677293,20.6946916424475
important_degree_top3,rolling5,exact_1_2,nevertreated,pc_score,discussion_quality_pc_score,low,github_outcomes,pull_request_merged,FALSE,sa,-10,8.85220554932922,7.50133769985526,-5.85041634238709,23.5548274410455
important_degree_top3,rolling5,exact_1_2,nevertreated,pc_score,discussion_quality_pc_score,low,github_outcomes,pull_request_merged,FALSE,sa,-9,8.54699630496743,6.33434772125597,-3.86832522869427,20.9623178386291
important_degree_top3,rolling5,exact_1_2,nevertreated,pc_score,discussion_quality_pc_score,low,github_outcomes,pull_request_merged,FALSE,sa,-8,6.57176723097545,5.96568982302498,-5.12098482215352,18.2645192841044
important_degree_top3,rolling5,exact_1_2,nevertreated,pc_score,discussion_quality_pc_score,low,github_outcomes,pull_request_merged,FALSE,sa,-7,5.1692238507294,4.99905494125398,-4.62892383412841,14.9673715355872
important_degree_top3,rolling5,exact_1_2,nevertreated,pc_score,discussion_quality_pc_score,low,github_outcomes,pull_request_merged,FALSE,sa,-6,4.45575621333622,4.21495329421425,-3.80555224332371,12.7170646699962
important_degree_top3,rolling5,exact_1_2,nevertreated,pc_score,discussion_quality_pc_score,low,github_outcomes,pull_request_merged,FALSE,sa,-5,4.10573097354227,3.19531802896529,-2.15709236322969,10.3685543103142
important_degree_top3,rolling5,exact_1_2,nevertreated,pc_score,discussion_quality_pc_score,low,github_outcomes,pull_request_merged,FALSE,sa,-4,3.21395216653642,2.54700380140505,-1.77817528421748,8.20607961729032
important_degree_top3,rolling5,exact_1_2,nevertreated,pc_score,discussion_quality_pc_score,low,github_outcomes,pull_request_merged,FALSE,sa,-3,1.48189131985414,1.88711821578015,-2.21686038307496,5.18064302278324
important_degree_top3,rolling5,exact_1_2,nevertreated,pc_score,discussion_quality_pc_score,low,github_outcomes,pull_request_merged,FALSE,sa,-2,3.76541466737244,1.29647188874286,1.22432976543643,6.30649956930844
important_degree_top3,rolling5,exact_1_2,nevertreated,pc_score,discussion_quality_pc_score,low,github_outcomes,pull_request_merged,FALSE,sa,-1,0,0,0,0
important_degree_top3,rolling5,exact_1_2,nevertreated,pc_score,discussion_quality_pc_score,low,github_outcomes,pull_request_merged,FALSE,sa,0,-3.7631897321571,1.61698264150794,-6.93247570951266,-0.593903754801549
important_degree_top3,rolling5,exact_1_2,nevertreated,pc_score,discussion_quality_pc_score,low,github_outcomes,pull_request_merged,FALSE,sa,1,-6.95537354931057,2.78151986253872,-12.4071524798865,-1.50359461873468
important_degree_top3,rolling5,exact_1_2,nevertreated,pc_score,discussion_quality_pc_score,low,github_outcomes,pull_request_merged,FALSE,sa,2,-9.85374572073928,3.58207863547725,-16.8746198462747,-2.83287159520387
important_degree_top3,rolling5,exact_1_2,nevertreated,pc_score,discussion_quality_pc_score,low,github_outcomes,pull_request_merged,FALSE,sa,3,-10.5204618182854,4.8407605322227,-20.0083524614419,-1.0325711751289
important_degree_top3,rolling5,exact_1_2,nevertreated,pc_score,discussion_quality_pc_score,low,github_outcomes,pull_request_merged,FALSE,sa,4,-11.3643329595874,5.62924801079711,-22.3976590607497,-0.331006858425033
important_degree_top3,rolling5,exact_1_2,nevertreated,pc_score,discussion_quality_pc_score,low,github_outcomes,pull_request_merged,FALSE,sa,5,-10.1617956345204,5.9110012329225,-21.7473580510485,1.4237667820077
important_degree_top3,rolling5,exact_1_2,nevertreated,pc_score,discussion_quality_pc_score,low,github_outcomes,pull_request_merged,FALSE,sa,6,-9.84417206249165,6.85913736152516,-23.288081291081,3.59973716609766
important_degree_top3,rolling5,exact_1_2,nevertreated,pc_score,discussion_quality_pc_score,low,github_outcomes,pull_request_merged,FALSE,sa,7,-7.47744638774658,7.45169816649743,-22.0827747940815,7.12788201858838
important_degree_top3,rolling5,exact_1_2,nevertreated,pc_score,discussion_quality_pc_score,low,github_outcomes,pull_request_merged,FALSE,sa,8,-2.38772643420751,8.32605517381913,-18.706794574893,13.931341706478
important_degree_top3,rolling5,exact_1_2,nevertreated,pc_score,discussion_quality_pc_score,low,github_outcomes,pull_request_merged,FALSE,sa,9,-3.81525290208576,8.87407587239,-21.2084416119702,13.5779358077986
important_degree_top3,rolling5,exact_1_2,nevertreated,pc_score,discussion_quality_pc_score,low,github_outcomes,pull_request_merged,FALSE,sa,10,-9.17906918409449,9.16630848298338,-27.1450338107419,8.78689544255293
important_degree_top3,rolling5,exact_1_2,nevertreated,pc_score,discussion_quality_pc_score,low,github_outcomes,pull_request_merged,FALSE,sa,11,-7.24923431142392,12.9096885947013,-32.5522239570384,18.0537553341905
important_degree_top3,rolling5,exact_1_2,nevertreated,pc_score,discussion_quality_pc_score,high,github_outcomes,pull_request_merged,FALSE,sa,-15,6.3087431434699,4.86402564758106,-3.22474712578897,15.8422334127288
important_degree_top3,rolling5,exact_1_2,nevertreated,pc_score,discussion_quality_pc_score,high,github_outcomes,pull_request_merged,FALSE,sa,-14,5.55827915799284,7.96785958167039,-10.0587256220811,21.1752839380668
important_degree_top3,rolling5,exact_1_2,nevertreated,pc_score,discussion_quality_pc_score,high,github_outcomes,pull_request_merged,FALSE,sa,-13,2.52859758343228,5.57788531866748,-8.40405764115598,13.4612528080205
important_degree_top3,rolling5,exact_1_2,nevertreated,pc_score,discussion_quality_pc_score,high,github_outcomes,pull_request_merged,FALSE,sa,-12,2.79062444229946,5.33535086349197,-7.6666632501448,13.2479121347437
important_degree_top3,rolling5,exact_1_2,nevertreated,pc_score,discussion_quality_pc_score,high,github_outcomes,pull_request_merged,FALSE,sa,-11,0.93478375209237,5.27978383289414,-9.41359256038014,11.2831600645649
important_degree_top3,rolling5,exact_1_2,nevertreated,pc_score,discussion_quality_pc_score,high,github_outcomes,pull_request_merged,FALSE,sa,-10,1.63267430512552,4.94899203843398,-8.06735009020509,11.3326987004561
important_degree_top3,rolling5,exact_1_2,nevertreated,pc_score,discussion_quality_pc_score,high,github_outcomes,pull_request_merged,FALSE,sa,-9,2.1286649086328,4.25297377386753,-6.20716368814755,10.4644935054132
important_degree_top3,rolling5,exact_1_2,nevertreated,pc_score,discussion_quality_pc_score,high,github_outcomes,pull_request_merged,FALSE,sa,-8,3.62549669522701,3.63687401636432,-3.50277637684706,10.7537697673011
important_degree_top3,rolling5,exact_1_2,nevertreated,pc_score,discussion_quality_pc_score,high,github_outcomes,pull_request_merged,FALSE,sa,-7,4.33781857604527,3.16577895406926,-1.86710817393048,10.542745326021
important_degree_top3,rolling5,exact_1_2,nevertreated,pc_score,discussion_quality_pc_score,high,github_outcomes,pull_request_merged,FALSE,sa,-6,5.43074915246225,2.65963283930467,0.217868787425109,10.6436295174994
important_degree_top3,rolling5,exact_1_2,nevertreated,pc_score,discussion_quality_pc_score,high,github_outcomes,pull_request_merged,FALSE,sa,-5,4.16565037690391,2.14570555036226,-0.039932501806125,8.37123325561394
important_degree_top3,rolling5,exact_1_2,nevertreated,pc_score,discussion_quality_pc_score,high,github_outcomes,pull_request_merged,FALSE,sa,-4,4.34602551417362,1.88866826228069,0.644235720103457,8.04781530824378
important_degree_top3,rolling5,exact_1_2,nevertreated,pc_score,discussion_quality_pc_score,high,github_outcomes,pull_request_merged,FALSE,sa,-3,3.38211225386763,1.89365063422945,-0.329442989222093,7.09366749695736
important_degree_top3,rolling5,exact_1_2,nevertreated,pc_score,discussion_quality_pc_score,high,github_outcomes,pull_request_merged,FALSE,sa,-2,2.16768718931668,1.09776506479539,0.0160676623177043,4.31930671631565
important_degree_top3,rolling5,exact_1_2,nevertreated,pc_score,discussion_quality_pc_score,high,github_outcomes,pull_request_merged,FALSE,sa,-1,0,0,0,0
important_degree_top3,rolling5,exact_1_2,nevertreated,pc_score,discussion_quality_pc_score,high,github_outcomes,pull_request_merged,FALSE,sa,0,-0.705229860573623,1.21266622207552,-3.08205565584165,1.6715959346944
important_degree_top3,rolling5,exact_1_2,nevertreated,pc_score,discussion_quality_pc_score,high,github_outcomes,pull_request_merged,FALSE,sa,1,-3.12092478397535,2.8762157287296,-8.75830761228538,2.51645804433467
important_degree_top3,rolling5,exact_1_2,nevertreated,pc_score,discussion_quality_pc_score,high,github_outcomes,pull_request_merged,FALSE,sa,2,-4.31427844026697,4.32260835154882,-12.7865908093027,4.15803392876873
important_degree_top3,rolling5,exact_1_2,nevertreated,pc_score,discussion_quality_pc_score,high,github_outcomes,pull_request_merged,FALSE,sa,3,-5.69272299761672,5.74906308301709,-16.9608866403302,5.57544064509677
important_degree_top3,rolling5,exact_1_2,nevertreated,pc_score,discussion_quality_pc_score,high,github_outcomes,pull_request_merged,FALSE,sa,4,-5.93770816038448,7.40724747670698,-20.4559132147302,8.58049689396121
important_degree_top3,rolling5,exact_1_2,nevertreated,pc_score,discussion_quality_pc_score,high,github_outcomes,pull_request_merged,FALSE,sa,5,-5.88254134276831,8.1055044914863,-21.7693301460815,10.0042474605448
important_degree_top3,rolling5,exact_1_2,nevertreated,pc_score,discussion_quality_pc_score,high,github_outcomes,pull_request_merged,FALSE,sa,6,-7.6825822273233,9.68143590222862,-26.6581965956914,11.2930321410448
important_degree_top3,rolling5,exact_1_2,nevertreated,pc_score,discussion_quality_pc_score,high,github_outcomes,pull_request_merged,FALSE,sa,7,-8.16391039974853,10.7103525794931,-29.1562014555551,12.828380656058
important_degree_top3,rolling5,exact_1_2,nevertreated,pc_score,discussion_quality_pc_score,high,github_outcomes,pull_request_merged,FALSE,sa,8,-6.85801444886283,10.7394401138243,-27.9073170719585,14.1912881742328
important_degree_top3,rolling5,exact_1_2,nevertreated,pc_score,discussion_quality_pc_score,high,github_outcomes,pull_request_merged,FALSE,sa,9,-9.60490357725866,11.0692060720127,-31.3005474784036,12.0907403238863
important_degree_top3,rolling5,exact_1_2,nevertreated,pc_score,discussion_quality_pc_score,high,github_outcomes,pull_request_merged,FALSE,sa,10,-10.4347504485651,11.0018453441632,-31.9983673231249,11.1288664259947
important_degree_top3,rolling5,exact_1_2,nevertreated,pc_score,discussion_quality_pc_score,high,github_outcomes,pull_request_merged,FALSE,sa,11,-8.67412032495524,9.48184012485233,-27.2585269696658,9.91028631975532
important_degree_top3,rolling5,exact_1_2,nevertreated,pc_score,investment_in_new_talent_pc_score,low,github_outcomes,pull_request_merged,FALSE,sa,-15,9.84104611748949,4.15040507273075,1.70625217493722,17.9758400600418
important_degree_top3,rolling5,exact_1_2,nevertreated,pc_score,investment_in_new_talent_pc_score,low,github_outcomes,pull_request_merged,FALSE,sa,-14,8.03515822656632,4.31331638011574,-0.418941878460522,16.4892583315932
important_degree_top3,rolling5,exact_1_2,nevertreated,pc_score,investment_in_new_talent_pc_score,low,github_outcomes,pull_request_merged,FALSE,sa,-13,9.4558680300951,4.17073170915264,1.28123388015592,17.6305021800343
important_degree_top3,rolling5,exact_1_2,nevertreated,pc_score,investment_in_new_talent_pc_score,low,github_outcomes,pull_request_merged,FALSE,sa,-12,8.97656603305023,3.36728429999869,2.3766888050528,15.5764432610477
important_degree_top3,rolling5,exact_1_2,nevertreated,pc_score,investment_in_new_talent_pc_score,low,github_outcomes,pull_request_merged,FALSE,sa,-11,7.54959449164828,3.46073534852174,0.766553208545663,14.3326357747509
important_degree_top3,rolling5,exact_1_2,nevertreated,pc_score,investment_in_new_talent_pc_score,low,github_outcomes,pull_request_merged,FALSE,sa,-10,7.97922280431824,3.09991178107737,1.90339571340659,14.0550498952299
important_degree_top3,rolling5,exact_1_2,nevertreated,pc_score,investment_in_new_talent_pc_score,low,github_outcomes,pull_request_merged,FALSE,sa,-9,6.8600338093606,2.714320664935,1.53996530608799,12.1801023126332
important_degree_top3,rolling5,exact_1_2,nevertreated,pc_score,investment_in_new_talent_pc_score,low,github_outcomes,pull_request_merged,FALSE,sa,-8,4.87877808294234,2.43788392635836,0.100525587279956,9.65703057860473
important_degree_top3,rolling5,exact_1_2,nevertreated,pc_score,investment_in_new_talent_pc_score,low,github_outcomes,pull_request_merged,FALSE,sa,-7,3.82967279494756,2.23862633036578,-0.55803481256937,8.2173804024645
important_degree_top3,rolling5,exact_1_2,nevertreated,pc_score,investment_in_new_talent_pc_score,low,github_outcomes,pull_request_merged,FALSE,sa,-6,2.41613937788267,1.89406879662152,-1.2962354634955,6.12851421926085
important_degree_top3,rolling5,exact_1_2,nevertreated,pc_score,investment_in_new_talent_pc_score,low,github_outcomes,pull_request_merged,FALSE,sa,-5,1.63611470108059,1.51586606317669,-1.33498278274571,4.6072121849069
important_degree_top3,rolling5,exact_1_2,nevertreated,pc_score,investment_in_new_talent_pc_score,low,github_outcomes,pull_request_merged,FALSE,sa,-4,0.645997661587198,1.29870538919006,-1.89946490122531,3.19146022439971
important_degree_top3,rolling5,exact_1_2,nevertreated,pc_score,investment_in_new_talent_pc_score,low,github_outcomes,pull_request_merged,FALSE,sa,-3,-0.14504304877866,0.941894491247586,-1.99115625162393,1.70107015406661
important_degree_top3,rolling5,exact_1_2,nevertreated,pc_score,investment_in_new_talent_pc_score,low,github_outcomes,pull_request_merged,FALSE,sa,-2,1.2045800870506,0.684889869810042,-0.137804057777086,2.54696423187828
important_degree_top3,rolling5,exact_1_2,nevertreated,pc_score,investment_in_new_talent_pc_score,low,github_outcomes,pull_request_merged,FALSE,sa,-1,0,0,0,0
important_degree_top3,rolling5,exact_1_2,nevertreated,pc_score,investment_in_new_talent_pc_score,low,github_outcomes,pull_request_merged,FALSE,sa,0,-1.97035939221306,0.844512556148629,-3.62560400226437,-0.315114782161745
important_degree_top3,rolling5,exact_1_2,nevertreated,pc_score,investment_in_new_talent_pc_score,low,github_outcomes,pull_request_merged,FALSE,sa,1,-2.74505636200853,1.10892699309534,-4.9185532684754,-0.571559455541653
important_degree_top3,rolling5,exact_1_2,nevertreated,pc_score,investment_in_new_talent_pc_score,low,github_outcomes,pull_request_merged,FALSE,sa,2,-3.71919162165984,1.39668843449038,-6.45670095326099,-0.981682290058699
important_degree_top3,rolling5,exact_1_2,nevertreated,pc_score,investment_in_new_talent_pc_score,low,github_outcomes,pull_request_merged,FALSE,sa,3,-4.74442474345235,1.83496891315449,-8.34096381323515,-1.14788567366955
important_degree_top3,rolling5,exact_1_2,nevertreated,pc_score,investment_in_new_talent_pc_score,low,github_outcomes,pull_request_merged,FALSE,sa,4,-4.81528712807726,2.44248689139253,-9.60256143520661,-0.0280128209479091
important_degree_top3,rolling5,exact_1_2,nevertreated,pc_score,investment_in_new_talent_pc_score,low,github_outcomes,pull_request_merged,FALSE,sa,5,-4.47478970672522,2.94717109843381,-10.2512450596555,1.30166564620504
important_degree_top3,rolling5,exact_1_2,nevertreated,pc_score,investment_in_new_talent_pc_score,low,github_outcomes,pull_request_merged,FALSE,sa,6,-3.70316472119843,3.33854020895886,-10.2467035307578,2.84037408836093
important_degree_top3,rolling5,exact_1_2,nevertreated,pc_score,investment_in_new_talent_pc_score,low,github_outcomes,pull_request_merged,FALSE,sa,7,-3.17193545336548,4.31882799375276,-11.6368383211209,5.29296741438993
important_degree_top3,rolling5,exact_1_2,nevertreated,pc_score,investment_in_new_talent_pc_score,low,github_outcomes,pull_request_merged,FALSE,sa,8,-1.19082721283242,5.43611877488836,-11.8456200116136,9.46396558594875
important_degree_top3,rolling5,exact_1_2,nevertreated,pc_score,investment_in_new_talent_pc_score,low,github_outcomes,pull_request_merged,FALSE,sa,9,-2.45571554609638,5.37707628168826,-12.9947850582054,8.08335396601262
important_degree_top3,rolling5,exact_1_2,nevertreated,pc_score,investment_in_new_talent_pc_score,low,github_outcomes,pull_request_merged,FALSE,sa,10,-6.31950878309931,4.56729825495405,-15.2714133628092,2.63239579661062
important_degree_top3,rolling5,exact_1_2,nevertreated,pc_score,investment_in_new_talent_pc_score,low,github_outcomes,pull_request_merged,FALSE,sa,11,-3.44932533745826,4.52546934602741,-12.319245255672,5.42059458075547
important_degree_top3,rolling5,exact_1_2,nevertreated,pc_score,investment_in_new_talent_pc_score,high,github_outcomes,pull_request_merged,FALSE,sa,-15,11.1640768281111,6.54372075795689,-1.66161585748443,23.9897695137066
important_degree_top3,rolling5,exact_1_2,nevertreated,pc_score,investment_in_new_talent_pc_score,high,github_outcomes,pull_request_merged,FALSE,sa,-14,6.36365291269402,10.4150804469503,-14.0499047633286,26.7772105887167
important_degree_top3,rolling5,exact_1_2,nevertreated,pc_score,investment_in_new_talent_pc_score,high,github_outcomes,pull_request_merged,FALSE,sa,-13,2.11986526476206,7.20000604808433,-11.9921465894832,16.2318771190073
important_degree_top3,rolling5,exact_1_2,nevertreated,pc_score,investment_in_new_talent_pc_score,high,github_outcomes,pull_request_merged,FALSE,sa,-12,1.41317424580343,6.46567035474495,-11.2595396494967,14.0858881411035
important_degree_top3,rolling5,exact_1_2,nevertreated,pc_score,investment_in_new_talent_pc_score,high,github_outcomes,pull_request_merged,FALSE,sa,-11,2.09596944546306,7.27937516814321,-12.1716058840976,16.3635447750238
important_degree_top3,rolling5,exact_1_2,nevertreated,pc_score,investment_in_new_talent_pc_score,high,github_outcomes,pull_request_merged,FALSE,sa,-10,3.67203539951444,6.77139218414165,-9.59989328140319,16.9439640804321
important_degree_top3,rolling5,exact_1_2,nevertreated,pc_score,investment_in_new_talent_pc_score,high,github_outcomes,pull_request_merged,FALSE,sa,-9,3.39783691822805,5.8780595789774,-8.12315985656766,14.9188336930238
important_degree_top3,rolling5,exact_1_2,nevertreated,pc_score,investment_in_new_talent_pc_score,high,github_outcomes,pull_request_merged,FALSE,sa,-8,7.47457076340821,6.29080549336558,-4.85540800358834,19.8045495304048
important_degree_top3,rolling5,exact_1_2,nevertreated,pc_score,investment_in_new_talent_pc_score,high,github_outcomes,pull_request_merged,FALSE,sa,-7,7.31624926587152,5.24305979339259,-2.96014792917795,17.592646460921
important_degree_top3,rolling5,exact_1_2,nevertreated,pc_score,investment_in_new_talent_pc_score,high,github_outcomes,pull_request_merged,FALSE,sa,-6,8.39841910455137,4.66236835631104,-0.739822873818271,17.536661082921
important_degree_top3,rolling5,exact_1_2,nevertreated,pc_score,investment_in_new_talent_pc_score,high,github_outcomes,pull_request_merged,FALSE,sa,-5,5.69904293919283,3.73971392981452,-1.63079636324363,13.0288822416293
important_degree_top3,rolling5,exact_1_2,nevertreated,pc_score,investment_in_new_talent_pc_score,high,github_outcomes,pull_request_merged,FALSE,sa,-4,6.00697426058211,3.1456919597901,-0.158581980606481,12.1725305017707
important_degree_top3,rolling5,exact_1_2,nevertreated,pc_score,investment_in_new_talent_pc_score,high,github_outcomes,pull_request_merged,FALSE,sa,-3,4.72201933609132,2.7171547464162,-0.603603966884435,10.0476426390671
important_degree_top3,rolling5,exact_1_2,nevertreated,pc_score,investment_in_new_talent_pc_score,high,github_outcomes,pull_request_merged,FALSE,sa,-2,4.56940970514161,1.73139151474803,1.17588233623547,7.96293707404775
important_degree_top3,rolling5,exact_1_2,nevertreated,pc_score,investment_in_new_talent_pc_score,high,github_outcomes,pull_request_merged,FALSE,sa,-1,0,0,0,0
important_degree_top3,rolling5,exact_1_2,nevertreated,pc_score,investment_in_new_talent_pc_score,high,github_outcomes,pull_request_merged,FALSE,sa,0,-2.96141646339736,2.02464766037416,-6.92972587773072,1.00689295093599
important_degree_top3,rolling5,exact_1_2,nevertreated,pc_score,investment_in_new_talent_pc_score,high,github_outcomes,pull_request_merged,FALSE,sa,1,-7.44474193227839,3.60064938997761,-14.5020147366345,-0.38746912792227
important_degree_top3,rolling5,exact_1_2,nevertreated,pc_score,investment_in_new_talent_pc_score,high,github_outcomes,pull_request_merged,FALSE,sa,2,-10.4713540647119,4.90296984948719,-20.0811749697068,-0.86153315971699
important_degree_top3,rolling5,exact_1_2,nevertreated,pc_score,investment_in_new_talent_pc_score,high,github_outcomes,pull_request_merged,FALSE,sa,3,-10.6212269245462,6.25506841866326,-22.8811610251262,1.63870717603383
important_degree_top3,rolling5,exact_1_2,nevertreated,pc_score,investment_in_new_talent_pc_score,high,github_outcomes,pull_request_merged,FALSE,sa,4,-11.3690798216705,7.57661785247531,-26.2192508125221,3.48109116918108
important_degree_top3,rolling5,exact_1_2,nevertreated,pc_score,investment_in_new_talent_pc_score,high,github_outcomes,pull_request_merged,FALSE,sa,5,-9.93625688808359,8.02067772469476,-25.6567852284853,5.78427145231815
important_degree_top3,rolling5,exact_1_2,nevertreated,pc_score,investment_in_new_talent_pc_score,high,github_outcomes,pull_request_merged,FALSE,sa,6,-12.6658828871734,9.55820281461863,-31.3999604038259,6.06819462947917
important_degree_top3,rolling5,exact_1_2,nevertreated,pc_score,investment_in_new_talent_pc_score,high,github_outcomes,pull_request_merged,FALSE,sa,7,-11.0538673469049,10.3218346962147,-31.2846633514857,9.17692865767595
important_degree_top3,rolling5,exact_1_2,nevertreated,pc_score,investment_in_new_talent_pc_score,high,github_outcomes,pull_request_merged,FALSE,sa,8,-8.0609598218405,10.4097881333104,-28.4641445631288,12.3422249194478
important_degree_top3,rolling5,exact_1_2,nevertreated,pc_score,investment_in_new_talent_pc_score,high,github_outcomes,pull_request_merged,FALSE,sa,9,-8.34094353623888,10.894927566705,-29.6950015669806,13.0131144945029
important_degree_top3,rolling5,exact_1_2,nevertreated,pc_score,investment_in_new_talent_pc_score,high,github_outcomes,pull_request_merged,FALSE,sa,10,-7.98482221788395,11.0260196532954,-29.5958207383429,13.626176302575
important_degree_top3,rolling5,exact_1_2,nevertreated,pc_score,investment_in_new_talent_pc_score,high,github_outcomes,pull_request_merged,FALSE,sa,11,-2.04943243291959,9.55146591670832,-20.7703056296679,16.6714407638287
important_degree_top3,rolling5,exact_1_2,nevertreated,pc_score,problem_solving_routines_pc_score,low,github_outcomes,pull_request_merged,FALSE,sa,-15,-0.493963832376976,3.63892839753165,-7.62626349153901,6.63833582678506
important_degree_top3,rolling5,exact_1_2,nevertreated,pc_score,problem_solving_routines_pc_score,low,github_outcomes,pull_request_merged,FALSE,sa,-14,-3.33151073474681,3.41438911456829,-10.0237133993007,3.36069192980703
important_degree_top3,rolling5,exact_1_2,nevertreated,pc_score,problem_solving_routines_pc_score,low,github_outcomes,pull_request_merged,FALSE,sa,-13,0.807200528489472,3.40138636183901,-5.85951674071498,7.47391779769392
important_degree_top3,rolling5,exact_1_2,nevertreated,pc_score,problem_solving_routines_pc_score,low,github_outcomes,pull_request_merged,FALSE,sa,-12,-0.606026171146577,2.90038778492893,-6.29078622960728,5.07873388731413
important_degree_top3,rolling5,exact_1_2,nevertreated,pc_score,problem_solving_routines_pc_score,low,github_outcomes,pull_request_merged,FALSE,sa,-11,-1.74966605154301,2.78768500633437,-7.21352866395837,3.71419656087234
important_degree_top3,rolling5,exact_1_2,nevertreated,pc_score,problem_solving_routines_pc_score,low,github_outcomes,pull_request_merged,FALSE,sa,-10,0.288580158760479,2.41987637675113,-4.45437753967173,5.03153785719268
important_degree_top3,rolling5,exact_1_2,nevertreated,pc_score,problem_solving_routines_pc_score,low,github_outcomes,pull_request_merged,FALSE,sa,-9,-0.924737267328424,2.23249188354157,-5.3004213590699,3.45094682441305
important_degree_top3,rolling5,exact_1_2,nevertreated,pc_score,problem_solving_routines_pc_score,low,github_outcomes,pull_request_merged,FALSE,sa,-8,0.269057453389244,2.12314939786407,-3.89231536642433,4.43043027320282
important_degree_top3,rolling5,exact_1_2,nevertreated,pc_score,problem_solving_routines_pc_score,low,github_outcomes,pull_request_merged,FALSE,sa,-7,0.539189571144907,1.87821562951587,-3.14211306270619,4.22049220499601
important_degree_top3,rolling5,exact_1_2,nevertreated,pc_score,problem_solving_routines_pc_score,low,github_outcomes,pull_request_merged,FALSE,sa,-6,0.526408120533968,1.62396809384168,-2.65656934339573,3.70938558446367
important_degree_top3,rolling5,exact_1_2,nevertreated,pc_score,problem_solving_routines_pc_score,low,github_outcomes,pull_request_merged,FALSE,sa,-5,0.749310380412864,1.33798056978395,-1.87313153636367,3.3717522971894
important_degree_top3,rolling5,exact_1_2,nevertreated,pc_score,problem_solving_routines_pc_score,low,github_outcomes,pull_request_merged,FALSE,sa,-4,-0.0128369023369232,1.17824944229547,-2.32220580923605,2.2965320045622
important_degree_top3,rolling5,exact_1_2,nevertreated,pc_score,problem_solving_routines_pc_score,low,github_outcomes,pull_request_merged,FALSE,sa,-3,-0.479135514076577,0.844193975445932,-2.1337557059506,1.17548467779745
important_degree_top3,rolling5,exact_1_2,nevertreated,pc_score,problem_solving_routines_pc_score,low,github_outcomes,pull_request_merged,FALSE,sa,-2,0.839639581924153,0.600915654881848,-0.338155101644269,2.01743426549257
important_degree_top3,rolling5,exact_1_2,nevertreated,pc_score,problem_solving_routines_pc_score,low,github_outcomes,pull_request_merged,FALSE,sa,-1,0,0,0,0
important_degree_top3,rolling5,exact_1_2,nevertreated,pc_score,problem_solving_routines_pc_score,low,github_outcomes,pull_request_merged,FALSE,sa,0,-0.703874154930867,0.764099437817949,-2.20150905305405,0.793760743192314
important_degree_top3,rolling5,exact_1_2,nevertreated,pc_score,problem_solving_routines_pc_score,low,github_outcomes,pull_request_merged,FALSE,sa,1,-2.32460596236735,1.019954171938,-4.32371613936583,-0.32549578536888
important_degree_top3,rolling5,exact_1_2,nevertreated,pc_score,problem_solving_routines_pc_score,low,github_outcomes,pull_request_merged,FALSE,sa,2,-2.8821170817341,1.34673411077554,-5.52171593885416,-0.242518224614032
important_degree_top3,rolling5,exact_1_2,nevertreated,pc_score,problem_solving_routines_pc_score,low,github_outcomes,pull_request_merged,FALSE,sa,3,-3.09743994103134,1.49761961922756,-6.03277439471736,-0.162105487345314
important_degree_top3,rolling5,exact_1_2,nevertreated,pc_score,problem_solving_routines_pc_score,low,github_outcomes,pull_request_merged,FALSE,sa,4,-2.716698730571,1.66921740368298,-5.98836484178964,0.554967380647638
important_degree_top3,rolling5,exact_1_2,nevertreated,pc_score,problem_solving_routines_pc_score,low,github_outcomes,pull_request_merged,FALSE,sa,5,-2.53446263738568,1.76044159512767,-5.98492816383592,0.916002889064555
important_degree_top3,rolling5,exact_1_2,nevertreated,pc_score,problem_solving_routines_pc_score,low,github_outcomes,pull_request_merged,FALSE,sa,6,-2.39960646255154,2.17200848107437,-6.65674308545732,1.85753016035423
important_degree_top3,rolling5,exact_1_2,nevertreated,pc_score,problem_solving_routines_pc_score,low,github_outcomes,pull_request_merged,FALSE,sa,7,-3.46314179985423,2.14165717968081,-7.66078987202862,0.734506272320167
important_degree_top3,rolling5,exact_1_2,nevertreated,pc_score,problem_solving_routines_pc_score,low,github_outcomes,pull_request_merged,FALSE,sa,8,-4.31301187763317,2.37923591817607,-8.97631427725828,0.350290521991932
important_degree_top3,rolling5,exact_1_2,nevertreated,pc_score,problem_solving_routines_pc_score,low,github_outcomes,pull_request_merged,FALSE,sa,9,-4.83670685784365,3.38674204492532,-11.4747212658973,1.80130755020997
important_degree_top3,rolling5,exact_1_2,nevertreated,pc_score,problem_solving_routines_pc_score,low,github_outcomes,pull_request_merged,FALSE,sa,10,-5.72573665705715,4.43950545260942,-14.4271673441716,2.97569403005732
important_degree_top3,rolling5,exact_1_2,nevertreated,pc_score,problem_solving_routines_pc_score,low,github_outcomes,pull_request_merged,FALSE,sa,11,-4.89871899691497,8.40275724476267,-21.3681231966498,11.5706852028199
important_degree_top3,rolling5,exact_1_2,nevertreated,pc_score,problem_solving_routines_pc_score,high,github_outcomes,pull_request_merged,FALSE,sa,-15,18.6743398374861,6.72088346535305,5.50140824539407,31.847271429578
important_degree_top3,rolling5,exact_1_2,nevertreated,pc_score,problem_solving_routines_pc_score,high,github_outcomes,pull_request_merged,FALSE,sa,-14,14.9026901145807,8.54118178146525,-1.83802617709116,31.6434064062526
important_degree_top3,rolling5,exact_1_2,nevertreated,pc_score,problem_solving_routines_pc_score,high,github_outcomes,pull_request_merged,FALSE,sa,-13,8.57320068748842,7.64856228176881,-6.41798138477845,23.5643827597553
important_degree_top3,rolling5,exact_1_2,nevertreated,pc_score,problem_solving_routines_pc_score,high,github_outcomes,pull_request_merged,FALSE,sa,-12,9.88427981879507,6.93621774939182,-3.71070697001289,23.479266607603
important_degree_top3,rolling5,exact_1_2,nevertreated,pc_score,problem_solving_routines_pc_score,high,github_outcomes,pull_request_merged,FALSE,sa,-11,10.3049277534314,7.41722125849137,-4.23282591321172,24.8426814200745
important_degree_top3,rolling5,exact_1_2,nevertreated,pc_score,problem_solving_routines_pc_score,high,github_outcomes,pull_request_merged,FALSE,sa,-10,10.2301237726569,7.13371845318216,-3.75196439558008,24.212211940894
important_degree_top3,rolling5,exact_1_2,nevertreated,pc_score,problem_solving_routines_pc_score,high,github_outcomes,pull_request_merged,FALSE,sa,-9,9.22898276346801,6.54213349419584,-3.59359888515585,22.0515644120919
important_degree_top3,rolling5,exact_1_2,nevertreated,pc_score,problem_solving_routines_pc_score,high,github_outcomes,pull_request_merged,FALSE,sa,-8,9.74588152295918,6.553286834409,-3.09856067248245,22.5903237184008
important_degree_top3,rolling5,exact_1_2,nevertreated,pc_score,problem_solving_routines_pc_score,high,github_outcomes,pull_request_merged,FALSE,sa,-7,8.04577366009689,5.54989777345218,-2.83202597586938,18.9235732960632
important_degree_top3,rolling5,exact_1_2,nevertreated,pc_score,problem_solving_routines_pc_score,high,github_outcomes,pull_request_merged,FALSE,sa,-6,7.89856685406947,5.04084933733949,-1.98149784711592,17.7786315552549
important_degree_top3,rolling5,exact_1_2,nevertreated,pc_score,problem_solving_routines_pc_score,high,github_outcomes,pull_request_merged,FALSE,sa,-5,6.21612924079134,3.93926318659151,-1.50482660492803,13.9370850865107
important_degree_top3,rolling5,exact_1_2,nevertreated,pc_score,problem_solving_routines_pc_score,high,github_outcomes,pull_request_merged,FALSE,sa,-4,6.58183057942801,3.15384073198132,0.400302744744621,12.7633584141114
important_degree_top3,rolling5,exact_1_2,nevertreated,pc_score,problem_solving_routines_pc_score,high,github_outcomes,pull_request_merged,FALSE,sa,-3,4.77102688406114,2.60695942091952,-0.338613580941125,9.8806673490634
important_degree_top3,rolling5,exact_1_2,nevertreated,pc_score,problem_solving_routines_pc_score,high,github_outcomes,pull_request_merged,FALSE,sa,-2,5.22214863258495,1.73081026863781,1.82976050605485,8.61453675911505
important_degree_top3,rolling5,exact_1_2,nevertreated,pc_score,problem_solving_routines_pc_score,high,github_outcomes,pull_request_merged,FALSE,sa,-1,0,0,0,0
important_degree_top3,rolling5,exact_1_2,nevertreated,pc_score,problem_solving_routines_pc_score,high,github_outcomes,pull_request_merged,FALSE,sa,0,-3.85314614374662,1.84157774891818,-7.46263853162626,-0.243653755866988
important_degree_top3,rolling5,exact_1_2,nevertreated,pc_score,problem_solving_routines_pc_score,high,github_outcomes,pull_request_merged,FALSE,sa,1,-7.1370310864223,3.30541345341302,-13.6156414551118,-0.658420717732779
important_degree_top3,rolling5,exact_1_2,nevertreated,pc_score,problem_solving_routines_pc_score,high,github_outcomes,pull_request_merged,FALSE,sa,2,-10.3615924511964,4.51063861756716,-19.202444141628,-1.52074076076474
important_degree_top3,rolling5,exact_1_2,nevertreated,pc_score,problem_solving_routines_pc_score,high,github_outcomes,pull_request_merged,FALSE,sa,3,-11.3353534538753,5.81393868748979,-22.7306732813553,0.0599663736046843
important_degree_top3,rolling5,exact_1_2,nevertreated,pc_score,problem_solving_routines_pc_score,high,github_outcomes,pull_request_merged,FALSE,sa,4,-12.4955215483144,7.09212802889059,-26.3960924849399,1.40504938831119
important_degree_top3,rolling5,exact_1_2,nevertreated,pc_score,problem_solving_routines_pc_score,high,github_outcomes,pull_request_merged,FALSE,sa,5,-10.6150386079864,7.44804427822359,-25.2132053933046,3.98312817733183
important_degree_top3,rolling5,exact_1_2,nevertreated,pc_score,problem_solving_routines_pc_score,high,github_outcomes,pull_request_merged,FALSE,sa,6,-12.0415401470107,8.82696882224977,-29.3423990386202,5.2593187445989
important_degree_top3,rolling5,exact_1_2,nevertreated,pc_score,problem_solving_routines_pc_score,high,github_outcomes,pull_request_merged,FALSE,sa,7,-8.19464051150639,10.1816878079346,-28.1507486150581,11.7614675920453
important_degree_top3,rolling5,exact_1_2,nevertreated,pc_score,problem_solving_routines_pc_score,high,github_outcomes,pull_request_merged,FALSE,sa,8,-0.0598590467111517,11.6329627618698,-22.8604660599761,22.7407479665537
important_degree_top3,rolling5,exact_1_2,nevertreated,pc_score,problem_solving_routines_pc_score,high,github_outcomes,pull_request_merged,FALSE,sa,9,-0.436735742869252,11.471168372063,-22.9202257521128,22.0467542663743
important_degree_top3,rolling5,exact_1_2,nevertreated,pc_score,problem_solving_routines_pc_score,high,github_outcomes,pull_request_merged,FALSE,sa,10,-7.70228348870954,9.8498136208292,-27.0079181855348,11.6033512081157
important_degree_top3,rolling5,exact_1_2,nevertreated,pc_score,problem_solving_routines_pc_score,high,github_outcomes,pull_request_merged,FALSE,sa,11,-10.7523640848335,9.01475934043904,-28.4212923920941,6.91656422242697
important_degree_top3,rolling5,exact_1_2,nevertreated,pc_score,collaboration_pc_score,low,downstream_outcomes,overall_new_release_count,TRUE,sa,-15,0.751032566305804,0.294900779937769,0.173027037627776,1.32903809498383
important_degree_top3,rolling5,exact_1_2,nevertreated,pc_score,collaboration_pc_score,low,downstream_outcomes,overall_new_release_count,TRUE,sa,-14,0.567005914006521,0.260607397296471,0.0562154153054375,1.0777964127076
important_degree_top3,rolling5,exact_1_2,nevertreated,pc_score,collaboration_pc_score,low,downstream_outcomes,overall_new_release_count,TRUE,sa,-13,0.576152479411685,0.285319744797694,0.0169257796082049,1.13537917921517
important_degree_top3,rolling5,exact_1_2,nevertreated,pc_score,collaboration_pc_score,low,downstream_outcomes,overall_new_release_count,TRUE,sa,-12,0.711134208394961,0.334953157482372,0.0546260197295123,1.36764239706041
important_degree_top3,rolling5,exact_1_2,nevertreated,pc_score,collaboration_pc_score,low,downstream_outcomes,overall_new_release_count,TRUE,sa,-11,0.554130122810534,0.293661191174813,-0.0214458118920995,1.12970605751317
important_degree_top3,rolling5,exact_1_2,nevertreated,pc_score,collaboration_pc_score,low,downstream_outcomes,overall_new_release_count,TRUE,sa,-10,0.421861616905354,0.252410764807386,-0.0728634821171228,0.91658671592783
important_degree_top3,rolling5,exact_1_2,nevertreated,pc_score,collaboration_pc_score,low,downstream_outcomes,overall_new_release_count,TRUE,sa,-9,0.320712981482174,0.229643035945147,-0.129387368970314,0.770813331934662
important_degree_top3,rolling5,exact_1_2,nevertreated,pc_score,collaboration_pc_score,low,downstream_outcomes,overall_new_release_count,TRUE,sa,-8,0.27734022309961,0.214265372507224,-0.142619907014549,0.697300353213769
important_degree_top3,rolling5,exact_1_2,nevertreated,pc_score,collaboration_pc_score,low,downstream_outcomes,overall_new_release_count,TRUE,sa,-7,0.186859214137079,0.197697454083201,-0.200627795865995,0.574346224140153
important_degree_top3,rolling5,exact_1_2,nevertreated,pc_score,collaboration_pc_score,low,downstream_outcomes,overall_new_release_count,TRUE,sa,-6,0.224130902177677,0.192660614295223,-0.153483901840961,0.601745706196314
important_degree_top3,rolling5,exact_1_2,nevertreated,pc_score,collaboration_pc_score,low,downstream_outcomes,overall_new_release_count,TRUE,sa,-5,0.0883583625356756,0.160706296993242,-0.226625979571079,0.40334270464243
important_degree_top3,rolling5,exact_1_2,nevertreated,pc_score,collaboration_pc_score,low,downstream_outcomes,overall_new_release_count,TRUE,sa,-4,0.0722717925751097,0.114623606908785,-0.152390476966109,0.296934062116329
important_degree_top3,rolling5,exact_1_2,nevertreated,pc_score,collaboration_pc_score,low,downstream_outcomes,overall_new_release_count,TRUE,sa,-3,0.00112217606599411,0.0977364405789857,-0.190441247468818,0.192685599600806
important_degree_top3,rolling5,exact_1_2,nevertreated,pc_score,collaboration_pc_score,low,downstream_outcomes,overall_new_release_count,TRUE,sa,-2,0.120348055469537,0.0856946959897979,-0.0476135486704669,0.288309659609541
important_degree_top3,rolling5,exact_1_2,nevertreated,pc_score,collaboration_pc_score,low,downstream_outcomes,overall_new_release_count,TRUE,sa,-1,0,0,0,0
important_degree_top3,rolling5,exact_1_2,nevertreated,pc_score,collaboration_pc_score,low,downstream_outcomes,overall_new_release_count,TRUE,sa,0,0.184577044045934,0.123679866976627,-0.0578354952282551,0.426989583320123
important_degree_top3,rolling5,exact_1_2,nevertreated,pc_score,collaboration_pc_score,low,downstream_outcomes,overall_new_release_count,TRUE,sa,1,-0.397179426596269,0.111846116889431,-0.616397815699554,-0.177961037492983
important_degree_top3,rolling5,exact_1_2,nevertreated,pc_score,collaboration_pc_score,low,downstream_outcomes,overall_new_release_count,TRUE,sa,2,-0.266492553710659,0.149188541145487,-0.558902094355813,0.0259169869344952
important_degree_top3,rolling5,exact_1_2,nevertreated,pc_score,collaboration_pc_score,low,downstream_outcomes,overall_new_release_count,TRUE,sa,3,-0.418591294388531,0.181178154376467,-0.773700476966406,-0.0634821118106558
important_degree_top3,rolling5,exact_1_2,nevertreated,pc_score,collaboration_pc_score,low,downstream_outcomes,overall_new_release_count,TRUE,sa,4,-0.324640342670244,0.239230554551454,-0.793532229591094,0.144251544250605
important_degree_top3,rolling5,exact_1_2,nevertreated,pc_score,collaboration_pc_score,low,downstream_outcomes,overall_new_release_count,TRUE,sa,5,-0.283340557108514,0.245356706580395,-0.764239702006089,0.197558587789061
important_degree_top3,rolling5,exact_1_2,nevertreated,pc_score,collaboration_pc_score,low,downstream_outcomes,overall_new_release_count,TRUE,sa,6,-0.677376224668371,0.228333321225942,-1.12490953427122,-0.229842915065525
important_degree_top3,rolling5,exact_1_2,nevertreated,pc_score,collaboration_pc_score,low,downstream_outcomes,overall_new_release_count,TRUE,sa,7,-0.448733535423816,0.268272083220236,-0.974546818535479,0.0770797476878464
important_degree_top3,rolling5,exact_1_2,nevertreated,pc_score,collaboration_pc_score,low,downstream_outcomes,overall_new_release_count,TRUE,sa,8,-0.562704341595445,0.246719086275971,-1.04627375069635,-0.0791349324945429
important_degree_top3,rolling5,exact_1_2,nevertreated,pc_score,collaboration_pc_score,low,downstream_outcomes,overall_new_release_count,TRUE,sa,9,-0.973733882098587,0.22701171671435,-1.41867684685871,-0.528790917338461
important_degree_top3,rolling5,exact_1_2,nevertreated,pc_score,collaboration_pc_score,low,downstream_outcomes,overall_new_release_count,TRUE,sa,10,-0.635191594081605,0.399932671699285,-1.4190596306122,0.148676442448994
important_degree_top3,rolling5,exact_1_2,nevertreated,pc_score,collaboration_pc_score,low,downstream_outcomes,overall_new_release_count,TRUE,sa,11,-1.51605761447054,0.303011718956964,-2.10996058362619,-0.922154645314888
important_degree_top3,rolling5,exact_1_2,nevertreated,pc_score,collaboration_pc_score,high,downstream_outcomes,overall_new_release_count,TRUE,sa,-15,0.600260245504802,0.238836463021599,0.132140777982468,1.06837971302714
important_degree_top3,rolling5,exact_1_2,nevertreated,pc_score,collaboration_pc_score,high,downstream_outcomes,overall_new_release_count,TRUE,sa,-14,0.664650877346013,0.216059734694283,0.241173797345218,1.08812795734681
important_degree_top3,rolling5,exact_1_2,nevertreated,pc_score,collaboration_pc_score,high,downstream_outcomes,overall_new_release_count,TRUE,sa,-13,0.438246180545176,0.208207100494165,0.0301602635766126,0.84633209751374
important_degree_top3,rolling5,exact_1_2,nevertreated,pc_score,collaboration_pc_score,high,downstream_outcomes,overall_new_release_count,TRUE,sa,-12,0.341985948401565,0.175476203225341,-0.00194740992010334,0.685919306723233
important_degree_top3,rolling5,exact_1_2,nevertreated,pc_score,collaboration_pc_score,high,downstream_outcomes,overall_new_release_count,TRUE,sa,-11,0.314128161623363,0.158460503852882,0.0035455740717148,0.624710749175012
important_degree_top3,rolling5,exact_1_2,nevertreated,pc_score,collaboration_pc_score,high,downstream_outcomes,overall_new_release_count,TRUE,sa,-10,0.351186470824909,0.149351384154724,0.0584577578816507,0.643915183768167
important_degree_top3,rolling5,exact_1_2,nevertreated,pc_score,collaboration_pc_score,high,downstream_outcomes,overall_new_release_count,TRUE,sa,-9,0.255059956758985,0.144098770205752,-0.0273736328442896,0.537493546362259
important_degree_top3,rolling5,exact_1_2,nevertreated,pc_score,collaboration_pc_score,high,downstream_outcomes,overall_new_release_count,TRUE,sa,-8,0.25443839061005,0.134808405143544,-0.00978608347129573,0.518662864691396
important_degree_top3,rolling5,exact_1_2,nevertreated,pc_score,collaboration_pc_score,high,downstream_outcomes,overall_new_release_count,TRUE,sa,-7,0.29915393140222,0.152530984162718,0.000193202443293183,0.598114660361147
important_degree_top3,rolling5,exact_1_2,nevertreated,pc_score,collaboration_pc_score,high,downstream_outcomes,overall_new_release_count,TRUE,sa,-6,0.294708892773909,0.145983755925649,0.0085807311596367,0.580837054388181
important_degree_top3,rolling5,exact_1_2,nevertreated,pc_score,collaboration_pc_score,high,downstream_outcomes,overall_new_release_count,TRUE,sa,-5,0.0880733711853372,0.114047028904852,-0.135458805468172,0.311605547838847
important_degree_top3,rolling5,exact_1_2,nevertreated,pc_score,collaboration_pc_score,high,downstream_outcomes,overall_new_release_count,TRUE,sa,-4,0.0118081961925386,0.11442223879429,-0.212459391844269,0.236075784229347
important_degree_top3,rolling5,exact_1_2,nevertreated,pc_score,collaboration_pc_score,high,downstream_outcomes,overall_new_release_count,TRUE,sa,-3,-0.0800706333211432,0.105060955229334,-0.285990105570637,0.12584883892835
important_degree_top3,rolling5,exact_1_2,nevertreated,pc_score,collaboration_pc_score,high,downstream_outcomes,overall_new_release_count,TRUE,sa,-2,0.0482368028910392,0.107327393358395,-0.162124888091415,0.258598493873493
important_degree_top3,rolling5,exact_1_2,nevertreated,pc_score,collaboration_pc_score,high,downstream_outcomes,overall_new_release_count,TRUE,sa,-1,0,0,0,0
important_degree_top3,rolling5,exact_1_2,nevertreated,pc_score,collaboration_pc_score,high,downstream_outcomes,overall_new_release_count,TRUE,sa,0,0.020740554458559,0.133776368608514,-0.241461128014129,0.282942236931247
important_degree_top3,rolling5,exact_1_2,nevertreated,pc_score,collaboration_pc_score,high,downstream_outcomes,overall_new_release_count,TRUE,sa,1,-0.297387266167941,0.158054336273405,-0.607173765263814,0.0123992329279324
important_degree_top3,rolling5,exact_1_2,nevertreated,pc_score,collaboration_pc_score,high,downstream_outcomes,overall_new_release_count,TRUE,sa,2,-0.499564939034902,0.149981320818634,-0.793528327839425,-0.205601550230378
important_degree_top3,rolling5,exact_1_2,nevertreated,pc_score,collaboration_pc_score,high,downstream_outcomes,overall_new_release_count,TRUE,sa,3,-0.579315736975834,0.162511501807782,-0.897838280519087,-0.260793193432582
important_degree_top3,rolling5,exact_1_2,nevertreated,pc_score,collaboration_pc_score,high,downstream_outcomes,overall_new_release_count,TRUE,sa,4,-0.639937912213971,0.186901840941385,-1.00626552045909,-0.273610303968855
important_degree_top3,rolling5,exact_1_2,nevertreated,pc_score,collaboration_pc_score,high,downstream_outcomes,overall_new_release_count,TRUE,sa,5,-0.699270679602761,0.183828967745311,-1.05957545638357,-0.338965902821951
important_degree_top3,rolling5,exact_1_2,nevertreated,pc_score,collaboration_pc_score,high,downstream_outcomes,overall_new_release_count,TRUE,sa,6,-0.790836805202749,0.222600799700204,-1.22713437261515,-0.354539237790348
important_degree_top3,rolling5,exact_1_2,nevertreated,pc_score,collaboration_pc_score,high,downstream_outcomes,overall_new_release_count,TRUE,sa,7,-0.782247658310859,0.262720758926527,-1.29718034580685,-0.267314970814865
important_degree_top3,rolling5,exact_1_2,nevertreated,pc_score,collaboration_pc_score,high,downstream_outcomes,overall_new_release_count,TRUE,sa,8,-0.887071502977325,0.26529500988581,-1.40704972235351,-0.367093283601137
important_degree_top3,rolling5,exact_1_2,nevertreated,pc_score,collaboration_pc_score,high,downstream_outcomes,overall_new_release_count,TRUE,sa,9,-0.908033475145258,0.324878050700149,-1.54479445451755,-0.271272495772967
important_degree_top3,rolling5,exact_1_2,nevertreated,pc_score,collaboration_pc_score,high,downstream_outcomes,overall_new_release_count,TRUE,sa,10,-0.510972208459312,0.578363349696827,-1.64456437386509,0.622619956946469
important_degree_top3,rolling5,exact_1_2,nevertreated,pc_score,collaboration_pc_score,high,downstream_outcomes,overall_new_release_count,TRUE,sa,11,-1.79264255392573,0.295279524739651,-2.37139042241544,-1.21389468543601
important_degree_top3,rolling5,exact_1_2,nevertreated,pc_score,knowledge_level_pc_score,low,downstream_outcomes,overall_new_release_count,TRUE,sa,-15,0.799029575622221,0.211051453883668,0.385368726010231,1.21269042523421
important_degree_top3,rolling5,exact_1_2,nevertreated,pc_score,knowledge_level_pc_score,low,downstream_outcomes,overall_new_release_count,TRUE,sa,-14,0.566066706892982,0.184147284534771,0.20513802920483,0.926995384581134
important_degree_top3,rolling5,exact_1_2,nevertreated,pc_score,knowledge_level_pc_score,low,downstream_outcomes,overall_new_release_count,TRUE,sa,-13,0.508169675053407,0.179668045843124,0.156020305200885,0.86031904490593
important_degree_top3,rolling5,exact_1_2,nevertreated,pc_score,knowledge_level_pc_score,low,downstream_outcomes,overall_new_release_count,TRUE,sa,-12,0.503787636549994,0.146716721235555,0.216222862928306,0.791352410171681
important_degree_top3,rolling5,exact_1_2,nevertreated,pc_score,knowledge_level_pc_score,low,downstream_outcomes,overall_new_release_count,TRUE,sa,-11,0.382213690414936,0.131981780550719,0.123529400535527,0.640897980294344
important_degree_top3,rolling5,exact_1_2,nevertreated,pc_score,knowledge_level_pc_score,low,downstream_outcomes,overall_new_release_count,TRUE,sa,-10,0.416716415884231,0.123170313788118,0.17530260085952,0.658130230908942
important_degree_top3,rolling5,exact_1_2,nevertreated,pc_score,knowledge_level_pc_score,low,downstream_outcomes,overall_new_release_count,TRUE,sa,-9,0.290388732973586,0.1115599186218,0.0717312924748583,0.509046173472315
important_degree_top3,rolling5,exact_1_2,nevertreated,pc_score,knowledge_level_pc_score,low,downstream_outcomes,overall_new_release_count,TRUE,sa,-8,0.215748879002319,0.108539788856869,0.00301089284285624,0.428486865161782
important_degree_top3,rolling5,exact_1_2,nevertreated,pc_score,knowledge_level_pc_score,low,downstream_outcomes,overall_new_release_count,TRUE,sa,-7,0.179501057661583,0.118042736079253,-0.0518627050537539,0.410864820376919
important_degree_top3,rolling5,exact_1_2,nevertreated,pc_score,knowledge_level_pc_score,low,downstream_outcomes,overall_new_release_count,TRUE,sa,-6,0.00225180075989113,0.115075677754639,-0.223296527639201,0.227800129158983
important_degree_top3,rolling5,exact_1_2,nevertreated,pc_score,knowledge_level_pc_score,low,downstream_outcomes,overall_new_release_count,TRUE,sa,-5,-0.100544595357239,0.0920567884222078,-0.280975900664767,0.0798867099502878
important_degree_top3,rolling5,exact_1_2,nevertreated,pc_score,knowledge_level_pc_score,low,downstream_outcomes,overall_new_release_count,TRUE,sa,-4,-0.0707039031248916,0.0948558708049286,-0.256621409902552,0.115213603652769
important_degree_top3,rolling5,exact_1_2,nevertreated,pc_score,knowledge_level_pc_score,low,downstream_outcomes,overall_new_release_count,TRUE,sa,-3,-0.125998035915512,0.0994425938080036,-0.320905519779199,0.068909447948175
important_degree_top3,rolling5,exact_1_2,nevertreated,pc_score,knowledge_level_pc_score,low,downstream_outcomes,overall_new_release_count,TRUE,sa,-2,0.0553117327049989,0.090207263471668,-0.12149450369947,0.232117969109468
important_degree_top3,rolling5,exact_1_2,nevertreated,pc_score,knowledge_level_pc_score,low,downstream_outcomes,overall_new_release_count,TRUE,sa,-1,0,0,0,0
important_degree_top3,rolling5,exact_1_2,nevertreated,pc_score,knowledge_level_pc_score,low,downstream_outcomes,overall_new_release_count,TRUE,sa,0,-0.0307925732301031,0.112251095286643,-0.250804719991924,0.189219573531717
important_degree_top3,rolling5,exact_1_2,nevertreated,pc_score,knowledge_level_pc_score,low,downstream_outcomes,overall_new_release_count,TRUE,sa,1,-0.391602973507629,0.118809839918915,-0.624470259748702,-0.158735687266557
important_degree_top3,rolling5,exact_1_2,nevertreated,pc_score,knowledge_level_pc_score,low,downstream_outcomes,overall_new_release_count,TRUE,sa,2,-0.35672753648094,0.112138726432357,-0.57651944028836,-0.136935632673521
important_degree_top3,rolling5,exact_1_2,nevertreated,pc_score,knowledge_level_pc_score,low,downstream_outcomes,overall_new_release_count,TRUE,sa,3,-0.638352685114272,0.122693535449866,-0.87883201459601,-0.397873355632535
important_degree_top3,rolling5,exact_1_2,nevertreated,pc_score,knowledge_level_pc_score,low,downstream_outcomes,overall_new_release_count,TRUE,sa,4,-0.510878502902637,0.146557419831172,-0.798131045771734,-0.223625960033541
important_degree_top3,rolling5,exact_1_2,nevertreated,pc_score,knowledge_level_pc_score,low,downstream_outcomes,overall_new_release_count,TRUE,sa,5,-0.441002375415441,0.171827903909495,-0.777785067078051,-0.104219683752831
important_degree_top3,rolling5,exact_1_2,nevertreated,pc_score,knowledge_level_pc_score,low,downstream_outcomes,overall_new_release_count,TRUE,sa,6,-0.830077855515793,0.15559649562577,-1.1350469869423,-0.525108724089285
important_degree_top3,rolling5,exact_1_2,nevertreated,pc_score,knowledge_level_pc_score,low,downstream_outcomes,overall_new_release_count,TRUE,sa,7,-0.654494167782681,0.153892354076832,-0.956123181773272,-0.35286515379209
important_degree_top3,rolling5,exact_1_2,nevertreated,pc_score,knowledge_level_pc_score,low,downstream_outcomes,overall_new_release_count,TRUE,sa,8,-0.622342443459492,0.180461046114232,-0.976046093843387,-0.268638793075597
important_degree_top3,rolling5,exact_1_2,nevertreated,pc_score,knowledge_level_pc_score,low,downstream_outcomes,overall_new_release_count,TRUE,sa,9,-0.916198935424566,0.202794490374214,-1.31367613655803,-0.518721734291105
important_degree_top3,rolling5,exact_1_2,nevertreated,pc_score,knowledge_level_pc_score,low,downstream_outcomes,overall_new_release_count,TRUE,sa,10,-0.218313615725044,0.588623266602379,-1.37201521826571,0.935387986815618
important_degree_top3,rolling5,exact_1_2,nevertreated,pc_score,knowledge_level_pc_score,low,downstream_outcomes,overall_new_release_count,TRUE,sa,11,-1.07695244884827,0.344317371721098,-1.75181449742162,-0.402090400274915
important_degree_top3,rolling5,exact_1_2,nevertreated,pc_score,knowledge_level_pc_score,high,downstream_outcomes,overall_new_release_count,TRUE,sa,-15,0.783617183774162,0.284375017109434,0.226242150239671,1.34099221730865
important_degree_top3,rolling5,exact_1_2,nevertreated,pc_score,knowledge_level_pc_score,high,downstream_outcomes,overall_new_release_count,TRUE,sa,-14,0.680091864648374,0.254089886736306,0.182075686645215,1.17810804265153
important_degree_top3,rolling5,exact_1_2,nevertreated,pc_score,knowledge_level_pc_score,high,downstream_outcomes,overall_new_release_count,TRUE,sa,-13,0.6696630196773,0.254483605506809,0.170875152883954,1.16845088647065
important_degree_top3,rolling5,exact_1_2,nevertreated,pc_score,knowledge_level_pc_score,high,downstream_outcomes,overall_new_release_count,TRUE,sa,-12,0.697224965105222,0.260248486834384,0.187137930909829,1.20731199930061
important_degree_top3,rolling5,exact_1_2,nevertreated,pc_score,knowledge_level_pc_score,high,downstream_outcomes,overall_new_release_count,TRUE,sa,-11,0.584677694444004,0.230827449254022,0.132255893906121,1.03709949498189
important_degree_top3,rolling5,exact_1_2,nevertreated,pc_score,knowledge_level_pc_score,high,downstream_outcomes,overall_new_release_count,TRUE,sa,-10,0.476193613364108,0.219280521213436,0.0464037917857728,0.905983434942443
important_degree_top3,rolling5,exact_1_2,nevertreated,pc_score,knowledge_level_pc_score,high,downstream_outcomes,overall_new_release_count,TRUE,sa,-9,0.419742547531097,0.20188060639069,0.0240565590053445,0.815428536056849
important_degree_top3,rolling5,exact_1_2,nevertreated,pc_score,knowledge_level_pc_score,high,downstream_outcomes,overall_new_release_count,TRUE,sa,-8,0.474490563989005,0.189052337569592,0.103947982352604,0.845033145625406
important_degree_top3,rolling5,exact_1_2,nevertreated,pc_score,knowledge_level_pc_score,high,downstream_outcomes,overall_new_release_count,TRUE,sa,-7,0.41631368208895,0.185267668370591,0.053189052082592,0.779438312095308
important_degree_top3,rolling5,exact_1_2,nevertreated,pc_score,knowledge_level_pc_score,high,downstream_outcomes,overall_new_release_count,TRUE,sa,-6,0.592347612327694,0.183395242935788,0.23289293617355,0.951802288481838
important_degree_top3,rolling5,exact_1_2,nevertreated,pc_score,knowledge_level_pc_score,high,downstream_outcomes,overall_new_release_count,TRUE,sa,-5,0.339696105957544,0.155290726055078,0.035326282889592,0.644065929025496
important_degree_top3,rolling5,exact_1_2,nevertreated,pc_score,knowledge_level_pc_score,high,downstream_outcomes,overall_new_release_count,TRUE,sa,-4,0.237409435220317,0.13391931143477,-0.0250724151918326,0.499891285632467
important_degree_top3,rolling5,exact_1_2,nevertreated,pc_score,knowledge_level_pc_score,high,downstream_outcomes,overall_new_release_count,TRUE,sa,-3,0.146270753500319,0.109881801926067,-0.0690975782747723,0.361639085275411
important_degree_top3,rolling5,exact_1_2,nevertreated,pc_score,knowledge_level_pc_score,high,downstream_outcomes,overall_new_release_count,TRUE,sa,-2,0.127684589597772,0.0959869087752674,-0.0604497516017525,0.315818930797296
important_degree_top3,rolling5,exact_1_2,nevertreated,pc_score,knowledge_level_pc_score,high,downstream_outcomes,overall_new_release_count,TRUE,sa,-1,0,0,0,0
important_degree_top3,rolling5,exact_1_2,nevertreated,pc_score,knowledge_level_pc_score,high,downstream_outcomes,overall_new_release_count,TRUE,sa,0,0.246890101328326,0.140954887536547,-0.0293814782433064,0.523161680899958
important_degree_top3,rolling5,exact_1_2,nevertreated,pc_score,knowledge_level_pc_score,high,downstream_outcomes,overall_new_release_count,TRUE,sa,1,-0.409069393474591,0.127385706765795,-0.658745378735549,-0.159393408213634
important_degree_top3,rolling5,exact_1_2,nevertreated,pc_score,knowledge_level_pc_score,high,downstream_outcomes,overall_new_release_count,TRUE,sa,2,-0.471944961326509,0.171596478194025,-0.808274058586798,-0.135615864066219
important_degree_top3,rolling5,exact_1_2,nevertreated,pc_score,knowledge_level_pc_score,high,downstream_outcomes,overall_new_release_count,TRUE,sa,3,-0.327606024525537,0.188882345248243,-0.697815421212094,0.0426033721610199
important_degree_top3,rolling5,exact_1_2,nevertreated,pc_score,knowledge_level_pc_score,high,downstream_outcomes,overall_new_release_count,TRUE,sa,4,-0.415902925933545,0.28163711696706,-0.967911675188983,0.136105823321893
important_degree_top3,rolling5,exact_1_2,nevertreated,pc_score,knowledge_level_pc_score,high,downstream_outcomes,overall_new_release_count,TRUE,sa,5,-0.497553686036008,0.279833627244795,-1.04602759543581,0.0509202233637904
important_degree_top3,rolling5,exact_1_2,nevertreated,pc_score,knowledge_level_pc_score,high,downstream_outcomes,overall_new_release_count,TRUE,sa,6,-0.61157036446142,0.27133373166229,-1.14338447851951,-0.0797562504033306
important_degree_top3,rolling5,exact_1_2,nevertreated,pc_score,knowledge_level_pc_score,high,downstream_outcomes,overall_new_release_count,TRUE,sa,7,-0.585913299701489,0.354441039205427,-1.28061773654413,0.108791137141149
important_degree_top3,rolling5,exact_1_2,nevertreated,pc_score,knowledge_level_pc_score,high,downstream_outcomes,overall_new_release_count,TRUE,sa,8,-0.891959859931494,0.331208567308178,-1.54112865185552,-0.242791068007464
important_degree_top3,rolling5,exact_1_2,nevertreated,pc_score,knowledge_level_pc_score,high,downstream_outcomes,overall_new_release_count,TRUE,sa,9,-0.944819439230706,0.381748115499137,-1.69304574560901,-0.196593132852397
important_degree_top3,rolling5,exact_1_2,nevertreated,pc_score,knowledge_level_pc_score,high,downstream_outcomes,overall_new_release_count,TRUE,sa,10,-1.07332019078762,0.417431993750739,-1.89148689853907,-0.255153483036173
important_degree_top3,rolling5,exact_1_2,nevertreated,pc_score,knowledge_level_pc_score,high,downstream_outcomes,overall_new_release_count,TRUE,sa,11,-1.80001128646748,0.323636452747331,-2.43433873385225,-1.16568383908272
important_degree_top3,rolling5,exact_1_2,nevertreated,pc_score,discussion_quality_pc_score,low,downstream_outcomes,overall_new_release_count,TRUE,sa,-15,0.709985686913631,0.203430368828321,0.311262164010123,1.10870920981714
important_degree_top3,rolling5,exact_1_2,nevertreated,pc_score,discussion_quality_pc_score,low,downstream_outcomes,overall_new_release_count,TRUE,sa,-14,0.578650499576092,0.185240411036983,0.215579293943606,0.941721705208579
important_degree_top3,rolling5,exact_1_2,nevertreated,pc_score,discussion_quality_pc_score,low,downstream_outcomes,overall_new_release_count,TRUE,sa,-13,0.652541452798057,0.174072417984164,0.311359513549095,0.993723392047019
important_degree_top3,rolling5,exact_1_2,nevertreated,pc_score,discussion_quality_pc_score,low,downstream_outcomes,overall_new_release_count,TRUE,sa,-12,0.554233895915606,0.149976078082779,0.260280782873359,0.848187008957852
important_degree_top3,rolling5,exact_1_2,nevertreated,pc_score,discussion_quality_pc_score,low,downstream_outcomes,overall_new_release_count,TRUE,sa,-11,0.35640420164915,0.132499035998801,0.0967060910915006,0.616102312206799
important_degree_top3,rolling5,exact_1_2,nevertreated,pc_score,discussion_quality_pc_score,low,downstream_outcomes,overall_new_release_count,TRUE,sa,-10,0.326551621797719,0.132014717576571,0.06780277534764,0.585300468247799
important_degree_top3,rolling5,exact_1_2,nevertreated,pc_score,discussion_quality_pc_score,low,downstream_outcomes,overall_new_release_count,TRUE,sa,-9,0.201644082335072,0.121970773660672,-0.0374186340398443,0.440706798709988
important_degree_top3,rolling5,exact_1_2,nevertreated,pc_score,discussion_quality_pc_score,low,downstream_outcomes,overall_new_release_count,TRUE,sa,-8,0.161890900258838,0.121559899422227,-0.076366502608727,0.400148303126402
important_degree_top3,rolling5,exact_1_2,nevertreated,pc_score,discussion_quality_pc_score,low,downstream_outcomes,overall_new_release_count,TRUE,sa,-7,0.0917650081004339,0.141383255902824,-0.185346173469101,0.368876189669969
important_degree_top3,rolling5,exact_1_2,nevertreated,pc_score,discussion_quality_pc_score,low,downstream_outcomes,overall_new_release_count,TRUE,sa,-6,0.0439428035620411,0.136811543905125,-0.224207822492004,0.312093429616086
important_degree_top3,rolling5,exact_1_2,nevertreated,pc_score,discussion_quality_pc_score,low,downstream_outcomes,overall_new_release_count,TRUE,sa,-5,-0.022749056074382,0.0993223002434791,-0.217420764551601,0.171922652402837
important_degree_top3,rolling5,exact_1_2,nevertreated,pc_score,discussion_quality_pc_score,low,downstream_outcomes,overall_new_release_count,TRUE,sa,-4,-0.12221039890887,0.091745776226349,-0.302032120312513,0.0576113224947744
important_degree_top3,rolling5,exact_1_2,nevertreated,pc_score,discussion_quality_pc_score,low,downstream_outcomes,overall_new_release_count,TRUE,sa,-3,-0.167835854873672,0.0915413236047899,-0.34725684913906,0.0115851393917164
important_degree_top3,rolling5,exact_1_2,nevertreated,pc_score,discussion_quality_pc_score,low,downstream_outcomes,overall_new_release_count,TRUE,sa,-2,-0.0211616544826665,0.0872092762798748,-0.192091835991221,0.149768527025888
important_degree_top3,rolling5,exact_1_2,nevertreated,pc_score,discussion_quality_pc_score,low,downstream_outcomes,overall_new_release_count,TRUE,sa,-1,0,0,0,0
important_degree_top3,rolling5,exact_1_2,nevertreated,pc_score,discussion_quality_pc_score,low,downstream_outcomes,overall_new_release_count,TRUE,sa,0,0.0844529714956048,0.128985211562705,-0.168358043167297,0.337263986158506
important_degree_top3,rolling5,exact_1_2,nevertreated,pc_score,discussion_quality_pc_score,low,downstream_outcomes,overall_new_release_count,TRUE,sa,1,-0.39202764767683,0.105721185808883,-0.59924117186224,-0.18481412349142
important_degree_top3,rolling5,exact_1_2,nevertreated,pc_score,discussion_quality_pc_score,low,downstream_outcomes,overall_new_release_count,TRUE,sa,2,-0.454200376381272,0.106774107333089,-0.663477626754126,-0.244923126008418
important_degree_top3,rolling5,exact_1_2,nevertreated,pc_score,discussion_quality_pc_score,low,downstream_outcomes,overall_new_release_count,TRUE,sa,3,-0.495129494952184,0.138103024320985,-0.765811422621315,-0.224447567283054
important_degree_top3,rolling5,exact_1_2,nevertreated,pc_score,discussion_quality_pc_score,low,downstream_outcomes,overall_new_release_count,TRUE,sa,4,-0.382902460308993,0.20579156672614,-0.786253931092227,0.0204490104742412
important_degree_top3,rolling5,exact_1_2,nevertreated,pc_score,discussion_quality_pc_score,low,downstream_outcomes,overall_new_release_count,TRUE,sa,5,-0.393324831181413,0.215763412736018,-0.816221120144009,0.0295714577811823
important_degree_top3,rolling5,exact_1_2,nevertreated,pc_score,discussion_quality_pc_score,low,downstream_outcomes,overall_new_release_count,TRUE,sa,6,-0.802631359174959,0.171143501992784,-1.13807262308082,-0.467190095269103
important_degree_top3,rolling5,exact_1_2,nevertreated,pc_score,discussion_quality_pc_score,low,downstream_outcomes,overall_new_release_count,TRUE,sa,7,-0.622966963897895,0.185768056784958,-0.987072355196413,-0.258861572599376
important_degree_top3,rolling5,exact_1_2,nevertreated,pc_score,discussion_quality_pc_score,low,downstream_outcomes,overall_new_release_count,TRUE,sa,8,-0.730743034082249,0.188942486442651,-1.10107030750985,-0.360415760654653
important_degree_top3,rolling5,exact_1_2,nevertreated,pc_score,discussion_quality_pc_score,low,downstream_outcomes,overall_new_release_count,TRUE,sa,9,-1.09709414459194,0.231929787372729,-1.55167652784248,-0.642511761341388
important_degree_top3,rolling5,exact_1_2,nevertreated,pc_score,discussion_quality_pc_score,low,downstream_outcomes,overall_new_release_count,TRUE,sa,10,-0.223026748675868,0.601401098355523,-1.40177290145269,0.955719404100957
important_degree_top3,rolling5,exact_1_2,nevertreated,pc_score,discussion_quality_pc_score,low,downstream_outcomes,overall_new_release_count,TRUE,sa,11,-1.46302142342852,0.306751023292039,-2.06425342908091,-0.86178941777612
important_degree_top3,rolling5,exact_1_2,nevertreated,pc_score,discussion_quality_pc_score,high,downstream_outcomes,overall_new_release_count,TRUE,sa,-15,0.748314093379321,0.271297867481454,0.216570273115671,1.28005791364297
important_degree_top3,rolling5,exact_1_2,nevertreated,pc_score,discussion_quality_pc_score,high,downstream_outcomes,overall_new_release_count,TRUE,sa,-14,0.795833648248709,0.24461540892419,0.316387446757296,1.27527984974012
important_degree_top3,rolling5,exact_1_2,nevertreated,pc_score,discussion_quality_pc_score,high,downstream_outcomes,overall_new_release_count,TRUE,sa,-13,0.673619662499512,0.25177553442405,0.180139615028375,1.16709970997065
important_degree_top3,rolling5,exact_1_2,nevertreated,pc_score,discussion_quality_pc_score,high,downstream_outcomes,overall_new_release_count,TRUE,sa,-12,0.650462456537796,0.249172721150026,0.162083923083745,1.13884098999185
important_degree_top3,rolling5,exact_1_2,nevertreated,pc_score,discussion_quality_pc_score,high,downstream_outcomes,overall_new_release_count,TRUE,sa,-11,0.597690379664088,0.221069471142615,0.164394216224562,1.03098654310361
important_degree_top3,rolling5,exact_1_2,nevertreated,pc_score,discussion_quality_pc_score,high,downstream_outcomes,overall_new_release_count,TRUE,sa,-10,0.573098959952151,0.199572418046229,0.181937020581542,0.964260899322759
important_degree_top3,rolling5,exact_1_2,nevertreated,pc_score,discussion_quality_pc_score,high,downstream_outcomes,overall_new_release_count,TRUE,sa,-9,0.515455900605652,0.189561010906983,0.143916319227965,0.88699548198334
important_degree_top3,rolling5,exact_1_2,nevertreated,pc_score,discussion_quality_pc_score,high,downstream_outcomes,overall_new_release_count,TRUE,sa,-8,0.493080520390657,0.174881490027007,0.150312799937723,0.835848240843591
important_degree_top3,rolling5,exact_1_2,nevertreated,pc_score,discussion_quality_pc_score,high,downstream_outcomes,overall_new_release_count,TRUE,sa,-7,0.519445791230732,0.175827271785301,0.174824338531542,0.864067243929921
important_degree_top3,rolling5,exact_1_2,nevertreated,pc_score,discussion_quality_pc_score,high,downstream_outcomes,overall_new_release_count,TRUE,sa,-6,0.600127859380272,0.171969260190575,0.263068109406744,0.9371876093538
important_degree_top3,rolling5,exact_1_2,nevertreated,pc_score,discussion_quality_pc_score,high,downstream_outcomes,overall_new_release_count,TRUE,sa,-5,0.265043896586343,0.146152983588576,-0.0214159512472652,0.551503744419951
important_degree_top3,rolling5,exact_1_2,nevertreated,pc_score,discussion_quality_pc_score,high,downstream_outcomes,overall_new_release_count,TRUE,sa,-4,0.299583363886587,0.134399998713313,0.036159366408494,0.56300736136468
important_degree_top3,rolling5,exact_1_2,nevertreated,pc_score,discussion_quality_pc_score,high,downstream_outcomes,overall_new_release_count,TRUE,sa,-3,0.223224458857833,0.116991185336908,-0.0060782644025065,0.452527182118172
important_degree_top3,rolling5,exact_1_2,nevertreated,pc_score,discussion_quality_pc_score,high,downstream_outcomes,overall_new_release_count,TRUE,sa,-2,0.22477945655538,0.100517743704093,0.0277646788953579,0.421794234215402
important_degree_top3,rolling5,exact_1_2,nevertreated,pc_score,discussion_quality_pc_score,high,downstream_outcomes,overall_new_release_count,TRUE,sa,-1,0,0,0,0
important_degree_top3,rolling5,exact_1_2,nevertreated,pc_score,discussion_quality_pc_score,high,downstream_outcomes,overall_new_release_count,TRUE,sa,0,0.131298397624848,0.123282632426954,-0.110335561931981,0.372932357181676
important_degree_top3,rolling5,exact_1_2,nevertreated,pc_score,discussion_quality_pc_score,high,downstream_outcomes,overall_new_release_count,TRUE,sa,1,-0.409756406865432,0.138568021197835,-0.681349728413189,-0.138163085317675
important_degree_top3,rolling5,exact_1_2,nevertreated,pc_score,discussion_quality_pc_score,high,downstream_outcomes,overall_new_release_count,TRUE,sa,2,-0.359443305809673,0.175511509009583,-0.703445863468455,-0.015440748150891
important_degree_top3,rolling5,exact_1_2,nevertreated,pc_score,discussion_quality_pc_score,high,downstream_outcomes,overall_new_release_count,TRUE,sa,3,-0.515551249092256,0.175816850970761,-0.860152276994947,-0.170950221189564
important_degree_top3,rolling5,exact_1_2,nevertreated,pc_score,discussion_quality_pc_score,high,downstream_outcomes,overall_new_release_count,TRUE,sa,4,-0.59728990638534,0.21639412915562,-1.02142239953035,-0.173157413240325
important_degree_top3,rolling5,exact_1_2,nevertreated,pc_score,discussion_quality_pc_score,high,downstream_outcomes,overall_new_release_count,TRUE,sa,5,-0.594705577667762,0.219069962100395,-1.02408270338454,-0.165328451950987
important_degree_top3,rolling5,exact_1_2,nevertreated,pc_score,discussion_quality_pc_score,high,downstream_outcomes,overall_new_release_count,TRUE,sa,6,-0.6580465594467,0.258924553402806,-1.1655386841162,-0.1505544347772
important_degree_top3,rolling5,exact_1_2,nevertreated,pc_score,discussion_quality_pc_score,high,downstream_outcomes,overall_new_release_count,TRUE,sa,7,-0.596817471918261,0.324111151280613,-1.23207532842826,0.038440384591739
important_degree_top3,rolling5,exact_1_2,nevertreated,pc_score,discussion_quality_pc_score,high,downstream_outcomes,overall_new_release_count,TRUE,sa,8,-0.804536776509958,0.29793080315279,-1.38848115068943,-0.220592402330489
important_degree_top3,rolling5,exact_1_2,nevertreated,pc_score,discussion_quality_pc_score,high,downstream_outcomes,overall_new_release_count,TRUE,sa,9,-0.762157134000899,0.34357846011082,-1.43557091581811,-0.0887433521836925
important_degree_top3,rolling5,exact_1_2,nevertreated,pc_score,discussion_quality_pc_score,high,downstream_outcomes,overall_new_release_count,TRUE,sa,10,-0.925327695128387,0.39943501188796,-1.70822031842879,-0.142435071827985
important_degree_top3,rolling5,exact_1_2,nevertreated,pc_score,discussion_quality_pc_score,high,downstream_outcomes,overall_new_release_count,TRUE,sa,11,-1.95089795022961,0.301946266122194,-2.54271263182911,-1.35908326863011
important_degree_top3,rolling5,exact_1_2,nevertreated,pc_score,investment_in_new_talent_pc_score,low,downstream_outcomes,overall_new_release_count,TRUE,sa,-15,0.565276405740997,0.229404051994583,0.115644463831614,1.01490834765038
important_degree_top3,rolling5,exact_1_2,nevertreated,pc_score,investment_in_new_talent_pc_score,low,downstream_outcomes,overall_new_release_count,TRUE,sa,-14,0.506739123144178,0.198338794737108,0.117995085459445,0.89548316082891
important_degree_top3,rolling5,exact_1_2,nevertreated,pc_score,investment_in_new_talent_pc_score,low,downstream_outcomes,overall_new_release_count,TRUE,sa,-13,0.566666390814702,0.217205873842273,0.140942878083847,0.992389903545557
important_degree_top3,rolling5,exact_1_2,nevertreated,pc_score,investment_in_new_talent_pc_score,low,downstream_outcomes,overall_new_release_count,TRUE,sa,-12,0.704234479732661,0.276200293035205,0.162881905383659,1.24558705408166
important_degree_top3,rolling5,exact_1_2,nevertreated,pc_score,investment_in_new_talent_pc_score,low,downstream_outcomes,overall_new_release_count,TRUE,sa,-11,0.600020612838381,0.234072103542141,0.141239289895785,1.05880193578098
important_degree_top3,rolling5,exact_1_2,nevertreated,pc_score,investment_in_new_talent_pc_score,low,downstream_outcomes,overall_new_release_count,TRUE,sa,-10,0.54302678066074,0.210051047745271,0.131326727080008,0.954726834241472
important_degree_top3,rolling5,exact_1_2,nevertreated,pc_score,investment_in_new_talent_pc_score,low,downstream_outcomes,overall_new_release_count,TRUE,sa,-9,0.413755733568487,0.195669464525784,0.0302435830979507,0.797267884039024
important_degree_top3,rolling5,exact_1_2,nevertreated,pc_score,investment_in_new_talent_pc_score,low,downstream_outcomes,overall_new_release_count,TRUE,sa,-8,0.406422873078698,0.184791140117559,0.0442322384482827,0.768613507709114
important_degree_top3,rolling5,exact_1_2,nevertreated,pc_score,investment_in_new_talent_pc_score,low,downstream_outcomes,overall_new_release_count,TRUE,sa,-7,0.374188483382527,0.190959945500068,-9.30097976061806e-05,0.748469976562659
important_degree_top3,rolling5,exact_1_2,nevertreated,pc_score,investment_in_new_talent_pc_score,low,downstream_outcomes,overall_new_release_count,TRUE,sa,-6,0.455666097158306,0.179682118976517,0.103489143964333,0.807843050352279
important_degree_top3,rolling5,exact_1_2,nevertreated,pc_score,investment_in_new_talent_pc_score,low,downstream_outcomes,overall_new_release_count,TRUE,sa,-5,0.115328683415804,0.146883508691391,-0.172562993619323,0.403220360450931
important_degree_top3,rolling5,exact_1_2,nevertreated,pc_score,investment_in_new_talent_pc_score,low,downstream_outcomes,overall_new_release_count,TRUE,sa,-4,0.0694600379980542,0.112767001533687,-0.151563285007972,0.29048336100408
important_degree_top3,rolling5,exact_1_2,nevertreated,pc_score,investment_in_new_talent_pc_score,low,downstream_outcomes,overall_new_release_count,TRUE,sa,-3,-0.0135046658090132,0.095951392200565,-0.201569394522121,0.174560062904094
important_degree_top3,rolling5,exact_1_2,nevertreated,pc_score,investment_in_new_talent_pc_score,low,downstream_outcomes,overall_new_release_count,TRUE,sa,-2,0.12479346110926,0.0954457105145406,-0.0622801314992392,0.31186705371776
important_degree_top3,rolling5,exact_1_2,nevertreated,pc_score,investment_in_new_talent_pc_score,low,downstream_outcomes,overall_new_release_count,TRUE,sa,-1,0,0,0,0
important_degree_top3,rolling5,exact_1_2,nevertreated,pc_score,investment_in_new_talent_pc_score,low,downstream_outcomes,overall_new_release_count,TRUE,sa,0,0.196865276151331,0.110190285549595,-0.0191076835258752,0.412838235828537
important_degree_top3,rolling5,exact_1_2,nevertreated,pc_score,investment_in_new_talent_pc_score,low,downstream_outcomes,overall_new_release_count,TRUE,sa,1,-0.254674565057366,0.112768073841314,-0.475699989786341,-0.0336491403283916
important_degree_top3,rolling5,exact_1_2,nevertreated,pc_score,investment_in_new_talent_pc_score,low,downstream_outcomes,overall_new_release_count,TRUE,sa,2,-0.184018857906862,0.135051954655536,-0.448720689031713,0.0806829732179894
important_degree_top3,rolling5,exact_1_2,nevertreated,pc_score,investment_in_new_talent_pc_score,low,downstream_outcomes,overall_new_release_count,TRUE,sa,3,-0.268015673138378,0.153797534506748,-0.569458840771604,0.0334274944948481
important_degree_top3,rolling5,exact_1_2,nevertreated,pc_score,investment_in_new_talent_pc_score,low,downstream_outcomes,overall_new_release_count,TRUE,sa,4,-0.143011643219276,0.20451495936501,-0.543860963574697,0.257837677136144
important_degree_top3,rolling5,exact_1_2,nevertreated,pc_score,investment_in_new_talent_pc_score,low,downstream_outcomes,overall_new_release_count,TRUE,sa,5,-0.0915719916615373,0.20515338070989,-0.493672617852921,0.310528634529847
important_degree_top3,rolling5,exact_1_2,nevertreated,pc_score,investment_in_new_talent_pc_score,low,downstream_outcomes,overall_new_release_count,TRUE,sa,6,-0.234238262641335,0.183786480058083,-0.594459763555179,0.125983238272508
important_degree_top3,rolling5,exact_1_2,nevertreated,pc_score,investment_in_new_talent_pc_score,low,downstream_outcomes,overall_new_release_count,TRUE,sa,7,0.0389855715648816,0.223459831727007,-0.398995698620051,0.476966841749814
important_degree_top3,rolling5,exact_1_2,nevertreated,pc_score,investment_in_new_talent_pc_score,low,downstream_outcomes,overall_new_release_count,TRUE,sa,8,-0.164596064808254,0.204069255712278,-0.564571806004318,0.235379676387811
important_degree_top3,rolling5,exact_1_2,nevertreated,pc_score,investment_in_new_talent_pc_score,low,downstream_outcomes,overall_new_release_count,TRUE,sa,9,-0.341334677927663,0.219326548647912,-0.771214713277569,0.088545357422244
important_degree_top3,rolling5,exact_1_2,nevertreated,pc_score,investment_in_new_talent_pc_score,low,downstream_outcomes,overall_new_release_count,TRUE,sa,10,-0.0555569277386234,0.349997226066842,-0.741551490829633,0.630437635352386
important_degree_top3,rolling5,exact_1_2,nevertreated,pc_score,investment_in_new_talent_pc_score,low,downstream_outcomes,overall_new_release_count,TRUE,sa,11,-1.22507883155763,0.252860368282546,-1.72068515339142,-0.729472509723839
important_degree_top3,rolling5,exact_1_2,nevertreated,pc_score,investment_in_new_talent_pc_score,high,downstream_outcomes,overall_new_release_count,TRUE,sa,-15,0.775706747756046,0.258570896591575,0.268907790436558,1.28250570507553
important_degree_top3,rolling5,exact_1_2,nevertreated,pc_score,investment_in_new_talent_pc_score,high,downstream_outcomes,overall_new_release_count,TRUE,sa,-14,0.747535367063993,0.227735624688659,0.301173542674221,1.19389719145376
important_degree_top3,rolling5,exact_1_2,nevertreated,pc_score,investment_in_new_talent_pc_score,high,downstream_outcomes,overall_new_release_count,TRUE,sa,-13,0.533635219211264,0.21788001910612,0.106590381763268,0.960680056659259
important_degree_top3,rolling5,exact_1_2,nevertreated,pc_score,investment_in_new_talent_pc_score,high,downstream_outcomes,overall_new_release_count,TRUE,sa,-12,0.404624287288462,0.195498350264714,0.0214475207696227,0.787801053807301
important_degree_top3,rolling5,exact_1_2,nevertreated,pc_score,investment_in_new_talent_pc_score,high,downstream_outcomes,overall_new_release_count,TRUE,sa,-11,0.309807059550782,0.173609302968691,-0.0304671742678516,0.650081293369415
important_degree_top3,rolling5,exact_1_2,nevertreated,pc_score,investment_in_new_talent_pc_score,high,downstream_outcomes,overall_new_release_count,TRUE,sa,-10,0.321549036893377,0.161249038832284,0.00550092078210079,0.637597153004653
important_degree_top3,rolling5,exact_1_2,nevertreated,pc_score,investment_in_new_talent_pc_score,high,downstream_outcomes,overall_new_release_count,TRUE,sa,-9,0.297228029381653,0.152008341386721,-0.000708319736319352,0.595164378499626
important_degree_top3,rolling5,exact_1_2,nevertreated,pc_score,investment_in_new_talent_pc_score,high,downstream_outcomes,overall_new_release_count,TRUE,sa,-8,0.252716498075847,0.143253942804897,-0.0280612298217515,0.533494225973445
important_degree_top3,rolling5,exact_1_2,nevertreated,pc_score,investment_in_new_talent_pc_score,high,downstream_outcomes,overall_new_release_count,TRUE,sa,-7,0.258229858237868,0.151438452015913,-0.0385895077133207,0.555049224189057
important_degree_top3,rolling5,exact_1_2,nevertreated,pc_score,investment_in_new_talent_pc_score,high,downstream_outcomes,overall_new_release_count,TRUE,sa,-6,0.110491196127909,0.157267625257836,-0.19775334937745,0.418735741633268
important_degree_top3,rolling5,exact_1_2,nevertreated,pc_score,investment_in_new_talent_pc_score,high,downstream_outcomes,overall_new_release_count,TRUE,sa,-5,0.108139372755902,0.134357637655939,-0.15520159704974,0.371480342561543
important_degree_top3,rolling5,exact_1_2,nevertreated,pc_score,investment_in_new_talent_pc_score,high,downstream_outcomes,overall_new_release_count,TRUE,sa,-4,0.0665943584892198,0.132293312861264,-0.192700534718857,0.325889251697297
important_degree_top3,rolling5,exact_1_2,nevertreated,pc_score,investment_in_new_talent_pc_score,high,downstream_outcomes,overall_new_release_count,TRUE,sa,-3,0.00428695876914283,0.11692283185256,-0.224881791661875,0.233455709200161
important_degree_top3,rolling5,exact_1_2,nevertreated,pc_score,investment_in_new_talent_pc_score,high,downstream_outcomes,overall_new_release_count,TRUE,sa,-2,0.0383637596620609,0.098139474572501,-0.153989610500041,0.230717129824163
important_degree_top3,rolling5,exact_1_2,nevertreated,pc_score,investment_in_new_talent_pc_score,high,downstream_outcomes,overall_new_release_count,TRUE,sa,-1,0,0,0,0
important_degree_top3,rolling5,exact_1_2,nevertreated,pc_score,investment_in_new_talent_pc_score,high,downstream_outcomes,overall_new_release_count,TRUE,sa,0,0.0278582368080129,0.145750054197807,-0.257811869419688,0.313528343035714
important_degree_top3,rolling5,exact_1_2,nevertreated,pc_score,investment_in_new_talent_pc_score,high,downstream_outcomes,overall_new_release_count,TRUE,sa,1,-0.465952150682262,0.131248361573588,-0.723198939366494,-0.20870536199803
important_degree_top3,rolling5,exact_1_2,nevertreated,pc_score,investment_in_new_talent_pc_score,high,downstream_outcomes,overall_new_release_count,TRUE,sa,2,-0.505997462040528,0.146086463856056,-0.792326931198397,-0.219667992882658
important_degree_top3,rolling5,exact_1_2,nevertreated,pc_score,investment_in_new_talent_pc_score,high,downstream_outcomes,overall_new_release_count,TRUE,sa,3,-0.565350941342904,0.173491156497743,-0.905393608078481,-0.225308274607328
important_degree_top3,rolling5,exact_1_2,nevertreated,pc_score,investment_in_new_talent_pc_score,high,downstream_outcomes,overall_new_release_count,TRUE,sa,4,-0.635100891451914,0.223503289297826,-1.07316733847565,-0.197034444428175
important_degree_top3,rolling5,exact_1_2,nevertreated,pc_score,investment_in_new_talent_pc_score,high,downstream_outcomes,overall_new_release_count,TRUE,sa,5,-0.715835570347625,0.242910995068865,-1.1919411206826,-0.23973002001265
important_degree_top3,rolling5,exact_1_2,nevertreated,pc_score,investment_in_new_talent_pc_score,high,downstream_outcomes,overall_new_release_count,TRUE,sa,6,-1.04027756673239,0.239201911734963,-1.50911331373291,-0.571441819731861
important_degree_top3,rolling5,exact_1_2,nevertreated,pc_score,investment_in_new_talent_pc_score,high,downstream_outcomes,overall_new_release_count,TRUE,sa,7,-1.12439320481649,0.267614878044311,-1.64891836578334,-0.599868043849642
important_degree_top3,rolling5,exact_1_2,nevertreated,pc_score,investment_in_new_talent_pc_score,high,downstream_outcomes,overall_new_release_count,TRUE,sa,8,-1.09882866501802,0.290242185725658,-1.66770334904031,-0.52995398099573
important_degree_top3,rolling5,exact_1_2,nevertreated,pc_score,investment_in_new_talent_pc_score,high,downstream_outcomes,overall_new_release_count,TRUE,sa,9,-1.38128325648581,0.31316336352928,-1.9950834490032,-0.76748306396842
important_degree_top3,rolling5,exact_1_2,nevertreated,pc_score,investment_in_new_talent_pc_score,high,downstream_outcomes,overall_new_release_count,TRUE,sa,10,-0.749038865062335,0.788641867096311,-2.2947769245711,0.796699194446433
important_degree_top3,rolling5,exact_1_2,nevertreated,pc_score,investment_in_new_talent_pc_score,high,downstream_outcomes,overall_new_release_count,TRUE,sa,11,-1.57356228946362,0.521243867335096,-2.59520026944041,-0.551924309486835
important_degree_top3,rolling5,exact_1_2,nevertreated,pc_score,problem_solving_routines_pc_score,low,downstream_outcomes,overall_new_release_count,TRUE,sa,-15,0.407622449320541,0.205199498281275,0.00543143268924162,0.809813465951841
important_degree_top3,rolling5,exact_1_2,nevertreated,pc_score,problem_solving_routines_pc_score,low,downstream_outcomes,overall_new_release_count,TRUE,sa,-14,0.413168159022619,0.160079017297084,0.0994132851203349,0.726923032924904
important_degree_top3,rolling5,exact_1_2,nevertreated,pc_score,problem_solving_routines_pc_score,low,downstream_outcomes,overall_new_release_count,TRUE,sa,-13,0.315141875332834,0.139176643813915,0.0423556534575611,0.587928097208107
important_degree_top3,rolling5,exact_1_2,nevertreated,pc_score,problem_solving_routines_pc_score,low,downstream_outcomes,overall_new_release_count,TRUE,sa,-12,0.416784471710627,0.124946561228637,0.171889211702498,0.661679731718756
important_degree_top3,rolling5,exact_1_2,nevertreated,pc_score,problem_solving_routines_pc_score,low,downstream_outcomes,overall_new_release_count,TRUE,sa,-11,0.317697686921767,0.114671550068867,0.0929414487867881,0.542453925056745
important_degree_top3,rolling5,exact_1_2,nevertreated,pc_score,problem_solving_routines_pc_score,low,downstream_outcomes,overall_new_release_count,TRUE,sa,-10,0.267570355735598,0.113224398428249,0.0456505348162308,0.489490176654965
important_degree_top3,rolling5,exact_1_2,nevertreated,pc_score,problem_solving_routines_pc_score,low,downstream_outcomes,overall_new_release_count,TRUE,sa,-9,0.152537915797021,0.102050474068626,-0.0474810133774868,0.352556844971529
important_degree_top3,rolling5,exact_1_2,nevertreated,pc_score,problem_solving_routines_pc_score,low,downstream_outcomes,overall_new_release_count,TRUE,sa,-8,0.138176145147034,0.0963798956840809,-0.0507284503937644,0.327080740687833
important_degree_top3,rolling5,exact_1_2,nevertreated,pc_score,problem_solving_routines_pc_score,low,downstream_outcomes,overall_new_release_count,TRUE,sa,-7,0.105208991970065,0.103017570028281,-0.0967054452853653,0.307123429225495
important_degree_top3,rolling5,exact_1_2,nevertreated,pc_score,problem_solving_routines_pc_score,low,downstream_outcomes,overall_new_release_count,TRUE,sa,-6,0.162106728754631,0.105401218978126,-0.0444796604424955,0.368693117951758
important_degree_top3,rolling5,exact_1_2,nevertreated,pc_score,problem_solving_routines_pc_score,low,downstream_outcomes,overall_new_release_count,TRUE,sa,-5,-0.0563080492490414,0.085143172488971,-0.223188667327425,0.110572568829342
important_degree_top3,rolling5,exact_1_2,nevertreated,pc_score,problem_solving_routines_pc_score,low,downstream_outcomes,overall_new_release_count,TRUE,sa,-4,-0.0360019900086636,0.0828239916141376,-0.198337013572373,0.126333033555046
important_degree_top3,rolling5,exact_1_2,nevertreated,pc_score,problem_solving_routines_pc_score,low,downstream_outcomes,overall_new_release_count,TRUE,sa,-3,-0.00881729533948737,0.0882587057344276,-0.181804358578965,0.164169767899991
important_degree_top3,rolling5,exact_1_2,nevertreated,pc_score,problem_solving_routines_pc_score,low,downstream_outcomes,overall_new_release_count,TRUE,sa,-2,0.10133966562456,0.0896653114024683,-0.0744043447242783,0.277083675973397
important_degree_top3,rolling5,exact_1_2,nevertreated,pc_score,problem_solving_routines_pc_score,low,downstream_outcomes,overall_new_release_count,TRUE,sa,-1,0,0,0,0
important_degree_top3,rolling5,exact_1_2,nevertreated,pc_score,problem_solving_routines_pc_score,low,downstream_outcomes,overall_new_release_count,TRUE,sa,0,0.215336972057617,0.123333448904961,-0.0263965877961053,0.45707053191134
important_degree_top3,rolling5,exact_1_2,nevertreated,pc_score,problem_solving_routines_pc_score,low,downstream_outcomes,overall_new_release_count,TRUE,sa,1,-0.254778648368144,0.103833181661926,-0.458291684425519,-0.0512656123107688
important_degree_top3,rolling5,exact_1_2,nevertreated,pc_score,problem_solving_routines_pc_score,low,downstream_outcomes,overall_new_release_count,TRUE,sa,2,-0.299030359885801,0.121797737189751,-0.537753924777713,-0.0603067949938902
important_degree_top3,rolling5,exact_1_2,nevertreated,pc_score,problem_solving_routines_pc_score,low,downstream_outcomes,overall_new_release_count,TRUE,sa,3,-0.465371877697099,0.120650906074487,-0.701847653603094,-0.228896101791103
important_degree_top3,rolling5,exact_1_2,nevertreated,pc_score,problem_solving_routines_pc_score,low,downstream_outcomes,overall_new_release_count,TRUE,sa,4,-0.261846456624794,0.164401064620087,-0.584072543280164,0.0603796300305763
important_degree_top3,rolling5,exact_1_2,nevertreated,pc_score,problem_solving_routines_pc_score,low,downstream_outcomes,overall_new_release_count,TRUE,sa,5,-0.324842829220764,0.164871669210564,-0.647991300873468,-0.00169435756805891
important_degree_top3,rolling5,exact_1_2,nevertreated,pc_score,problem_solving_routines_pc_score,low,downstream_outcomes,overall_new_release_count,TRUE,sa,6,-0.466976420042589,0.13409463622041,-0.729801907034593,-0.204150933050585
important_degree_top3,rolling5,exact_1_2,nevertreated,pc_score,problem_solving_routines_pc_score,low,downstream_outcomes,overall_new_release_count,TRUE,sa,7,-0.396878560128513,0.145445153772912,-0.68195106152342,-0.111806058733605
important_degree_top3,rolling5,exact_1_2,nevertreated,pc_score,problem_solving_routines_pc_score,low,downstream_outcomes,overall_new_release_count,TRUE,sa,8,-0.420561412536893,0.158194140276623,-0.730621927479075,-0.110500897594712
important_degree_top3,rolling5,exact_1_2,nevertreated,pc_score,problem_solving_routines_pc_score,low,downstream_outcomes,overall_new_release_count,TRUE,sa,9,-0.433722214548907,0.205292083226955,-0.83609469767374,-0.0313497314240743
important_degree_top3,rolling5,exact_1_2,nevertreated,pc_score,problem_solving_routines_pc_score,low,downstream_outcomes,overall_new_release_count,TRUE,sa,10,0.148608633515172,0.530499259959955,-0.891169916006341,1.18838718303668
important_degree_top3,rolling5,exact_1_2,nevertreated,pc_score,problem_solving_routines_pc_score,low,downstream_outcomes,overall_new_release_count,TRUE,sa,11,-1.36418056552959,0.225507865115246,-1.80617598115548,-0.922185149903712
important_degree_top3,rolling5,exact_1_2,nevertreated,pc_score,problem_solving_routines_pc_score,high,downstream_outcomes,overall_new_release_count,TRUE,sa,-15,1.07266716773537,0.271943927005557,0.539657070804477,1.60567726466626
important_degree_top3,rolling5,exact_1_2,nevertreated,pc_score,problem_solving_routines_pc_score,high,downstream_outcomes,overall_new_release_count,TRUE,sa,-14,0.826059822790435,0.246374224505497,0.343166342759661,1.30895330282121
important_degree_top3,rolling5,exact_1_2,nevertreated,pc_score,problem_solving_routines_pc_score,high,downstream_outcomes,overall_new_release_count,TRUE,sa,-13,0.741821820566965,0.239717708285534,0.271975112327318,1.21166852880661
important_degree_top3,rolling5,exact_1_2,nevertreated,pc_score,problem_solving_routines_pc_score,high,downstream_outcomes,overall_new_release_count,TRUE,sa,-12,0.581773735301572,0.234964208426877,0.121243886784894,1.04230358381825
important_degree_top3,rolling5,exact_1_2,nevertreated,pc_score,problem_solving_routines_pc_score,high,downstream_outcomes,overall_new_release_count,TRUE,sa,-11,0.531099484542385,0.205705015865138,0.127917653446714,0.934281315638056
important_degree_top3,rolling5,exact_1_2,nevertreated,pc_score,problem_solving_routines_pc_score,high,downstream_outcomes,overall_new_release_count,TRUE,sa,-10,0.518028635950311,0.187930970428439,0.149683933910571,0.886373337990052
important_degree_top3,rolling5,exact_1_2,nevertreated,pc_score,problem_solving_routines_pc_score,high,downstream_outcomes,overall_new_release_count,TRUE,sa,-9,0.473870856606433,0.174117384087062,0.132600783795791,0.815140929417075
important_degree_top3,rolling5,exact_1_2,nevertreated,pc_score,problem_solving_routines_pc_score,high,downstream_outcomes,overall_new_release_count,TRUE,sa,-8,0.440714366360224,0.163309917117912,0.120626928809117,0.760801803911332
important_degree_top3,rolling5,exact_1_2,nevertreated,pc_score,problem_solving_routines_pc_score,high,downstream_outcomes,overall_new_release_count,TRUE,sa,-7,0.409688012245,0.18891355156971,0.0394174511683681,0.779958573321632
important_degree_top3,rolling5,exact_1_2,nevertreated,pc_score,problem_solving_routines_pc_score,high,downstream_outcomes,overall_new_release_count,TRUE,sa,-6,0.343619164281327,0.184082569935259,-0.0171826727917799,0.704421001354434
important_degree_top3,rolling5,exact_1_2,nevertreated,pc_score,problem_solving_routines_pc_score,high,downstream_outcomes,overall_new_release_count,TRUE,sa,-5,0.203333929612855,0.139353366485959,-0.0697986686996234,0.476466527925334
important_degree_top3,rolling5,exact_1_2,nevertreated,pc_score,problem_solving_routines_pc_score,high,downstream_outcomes,overall_new_release_count,TRUE,sa,-4,0.0928229447253167,0.126440459544276,-0.155000355981464,0.340646245432097
important_degree_top3,rolling5,exact_1_2,nevertreated,pc_score,problem_solving_routines_pc_score,high,downstream_outcomes,overall_new_release_count,TRUE,sa,-3,-0.0482440252954573,0.111753597910318,-0.267281077199681,0.170793026608766
important_degree_top3,rolling5,exact_1_2,nevertreated,pc_score,problem_solving_routines_pc_score,high,downstream_outcomes,overall_new_release_count,TRUE,sa,-2,0.0471797514584519,0.0938003001036513,-0.136668836744705,0.231028339661609
important_degree_top3,rolling5,exact_1_2,nevertreated,pc_score,problem_solving_routines_pc_score,high,downstream_outcomes,overall_new_release_count,TRUE,sa,-1,0,0,0,0
important_degree_top3,rolling5,exact_1_2,nevertreated,pc_score,problem_solving_routines_pc_score,high,downstream_outcomes,overall_new_release_count,TRUE,sa,0,-0.000979420471881633,0.12416833544502,-0.244349357944121,0.242390517000358
important_degree_top3,rolling5,exact_1_2,nevertreated,pc_score,problem_solving_routines_pc_score,high,downstream_outcomes,overall_new_release_count,TRUE,sa,1,-0.551026716446592,0.133613964111534,-0.8129100861052,-0.289143346787985
important_degree_top3,rolling5,exact_1_2,nevertreated,pc_score,problem_solving_routines_pc_score,high,downstream_outcomes,overall_new_release_count,TRUE,sa,2,-0.48352247716343,0.151193928756303,-0.779862577525783,-0.187182376801077
important_degree_top3,rolling5,exact_1_2,nevertreated,pc_score,problem_solving_routines_pc_score,high,downstream_outcomes,overall_new_release_count,TRUE,sa,3,-0.42621349206114,0.178055252682461,-0.775201787318764,-0.0772251968035163
important_degree_top3,rolling5,exact_1_2,nevertreated,pc_score,problem_solving_routines_pc_score,high,downstream_outcomes,overall_new_release_count,TRUE,sa,4,-0.607496081622384,0.220479366501497,-1.03963563996532,-0.17535652327945
important_degree_top3,rolling5,exact_1_2,nevertreated,pc_score,problem_solving_routines_pc_score,high,downstream_outcomes,overall_new_release_count,TRUE,sa,5,-0.551047148220495,0.242951919437631,-1.02723291031825,-0.0748613861227385
important_degree_top3,rolling5,exact_1_2,nevertreated,pc_score,problem_solving_routines_pc_score,high,downstream_outcomes,overall_new_release_count,TRUE,sa,6,-0.865058897224546,0.242036920045398,-1.33945126051353,-0.390666533935566
important_degree_top3,rolling5,exact_1_2,nevertreated,pc_score,problem_solving_routines_pc_score,high,downstream_outcomes,overall_new_release_count,TRUE,sa,7,-0.614044894686507,0.309679719767889,-1.22101714543157,-0.00707264394144458
important_degree_top3,rolling5,exact_1_2,nevertreated,pc_score,problem_solving_routines_pc_score,high,downstream_outcomes,overall_new_release_count,TRUE,sa,8,-0.876032087710272,0.276758697370755,-1.41847913455695,-0.333585040863591
important_degree_top3,rolling5,exact_1_2,nevertreated,pc_score,problem_solving_routines_pc_score,high,downstream_outcomes,overall_new_release_count,TRUE,sa,9,-1.18274637242968,0.283887441692707,-1.73916575814739,-0.626326986711973
important_degree_top3,rolling5,exact_1_2,nevertreated,pc_score,problem_solving_routines_pc_score,high,downstream_outcomes,overall_new_release_count,TRUE,sa,10,-1.11131333007824,0.346628801039729,-1.79070578011611,-0.431920880040372
important_degree_top3,rolling5,exact_1_2,nevertreated,pc_score,problem_solving_routines_pc_score,high,downstream_outcomes,overall_new_release_count,TRUE,sa,11,-1.76819028784831,0.401668693325028,-2.55546092676536,-0.980919648931254
important_degree_top3,rolling5,exact_1_2,nevertreated,pc_score,collaboration_pc_score,low,downstream_outcomes,overall_new_release_count,FALSE,sa,-15,1.53882912976837,1.46020925963303,-1.32318101911237,4.40083927864912
important_degree_top3,rolling5,exact_1_2,nevertreated,pc_score,collaboration_pc_score,low,downstream_outcomes,overall_new_release_count,FALSE,sa,-14,1.45554203977983,1.03273308496856,-0.56861480675855,3.47969888631822
important_degree_top3,rolling5,exact_1_2,nevertreated,pc_score,collaboration_pc_score,low,downstream_outcomes,overall_new_release_count,FALSE,sa,-13,1.72434617986423,0.99100699949562,-0.218027539147187,3.66671989887564
important_degree_top3,rolling5,exact_1_2,nevertreated,pc_score,collaboration_pc_score,low,downstream_outcomes,overall_new_release_count,FALSE,sa,-12,1.37001255872063,0.971646131668998,-0.534413859350602,3.27443897679187
important_degree_top3,rolling5,exact_1_2,nevertreated,pc_score,collaboration_pc_score,low,downstream_outcomes,overall_new_release_count,FALSE,sa,-11,1.015210268197,0.923703414042581,-0.795248423326461,2.82566895972046
important_degree_top3,rolling5,exact_1_2,nevertreated,pc_score,collaboration_pc_score,low,downstream_outcomes,overall_new_release_count,FALSE,sa,-10,-0.0224815122274746,1.18152866543636,-2.33827769648274,2.29331467202779
important_degree_top3,rolling5,exact_1_2,nevertreated,pc_score,collaboration_pc_score,low,downstream_outcomes,overall_new_release_count,FALSE,sa,-9,-0.197382106692539,1.03405926163989,-2.22413825950673,1.82937404612165
important_degree_top3,rolling5,exact_1_2,nevertreated,pc_score,collaboration_pc_score,low,downstream_outcomes,overall_new_release_count,FALSE,sa,-8,-0.267962909740892,0.967460145287364,-2.16418479450413,1.62825897502234
important_degree_top3,rolling5,exact_1_2,nevertreated,pc_score,collaboration_pc_score,low,downstream_outcomes,overall_new_release_count,FALSE,sa,-7,-0.849831138598109,0.889069104640613,-2.59240658369371,0.892744306497492
important_degree_top3,rolling5,exact_1_2,nevertreated,pc_score,collaboration_pc_score,low,downstream_outcomes,overall_new_release_count,FALSE,sa,-6,-0.949703401337304,0.810458124198166,-2.53820132476571,0.638794522091102
important_degree_top3,rolling5,exact_1_2,nevertreated,pc_score,collaboration_pc_score,low,downstream_outcomes,overall_new_release_count,FALSE,sa,-5,-0.728316436882726,0.784892977405916,-2.26670667259832,0.810073798832869
important_degree_top3,rolling5,exact_1_2,nevertreated,pc_score,collaboration_pc_score,low,downstream_outcomes,overall_new_release_count,FALSE,sa,-4,0.323191757082553,0.737503432538573,-1.12231497069305,1.76869848485816
important_degree_top3,rolling5,exact_1_2,nevertreated,pc_score,collaboration_pc_score,low,downstream_outcomes,overall_new_release_count,FALSE,sa,-3,0.215300696561679,0.616981892581701,-0.993983812898455,1.42458520602181
important_degree_top3,rolling5,exact_1_2,nevertreated,pc_score,collaboration_pc_score,low,downstream_outcomes,overall_new_release_count,FALSE,sa,-2,0.727731938352867,0.564402637174875,-0.378497230509888,1.83396110721562
important_degree_top3,rolling5,exact_1_2,nevertreated,pc_score,collaboration_pc_score,low,downstream_outcomes,overall_new_release_count,FALSE,sa,-1,0,0,0,0
important_degree_top3,rolling5,exact_1_2,nevertreated,pc_score,collaboration_pc_score,low,downstream_outcomes,overall_new_release_count,FALSE,sa,0,-0.746162826612789,0.387724896629596,-1.5061036240068,0.013777970781219
important_degree_top3,rolling5,exact_1_2,nevertreated,pc_score,collaboration_pc_score,low,downstream_outcomes,overall_new_release_count,FALSE,sa,1,-1.4611699235552,0.513433946409623,-2.46750045851806,-0.454839388592339
important_degree_top3,rolling5,exact_1_2,nevertreated,pc_score,collaboration_pc_score,low,downstream_outcomes,overall_new_release_count,FALSE,sa,2,-1.21059362272849,0.644514357351504,-2.47384176313743,0.0526545176804616
important_degree_top3,rolling5,exact_1_2,nevertreated,pc_score,collaboration_pc_score,low,downstream_outcomes,overall_new_release_count,FALSE,sa,3,-1.0769783345079,0.888496649870307,-2.81843176825371,0.664475099237898
important_degree_top3,rolling5,exact_1_2,nevertreated,pc_score,collaboration_pc_score,low,downstream_outcomes,overall_new_release_count,FALSE,sa,4,-1.72407006102568,1.06454223775354,-3.81057284702263,0.362432724971259
important_degree_top3,rolling5,exact_1_2,nevertreated,pc_score,collaboration_pc_score,low,downstream_outcomes,overall_new_release_count,FALSE,sa,5,-1.8888769008865,1.17951461916309,-4.20072555444616,0.422971752673153
important_degree_top3,rolling5,exact_1_2,nevertreated,pc_score,collaboration_pc_score,low,downstream_outcomes,overall_new_release_count,FALSE,sa,6,-3.28383526055215,1.23606209144562,-5.70651695978556,-0.86115356131874
important_degree_top3,rolling5,exact_1_2,nevertreated,pc_score,collaboration_pc_score,low,downstream_outcomes,overall_new_release_count,FALSE,sa,7,-3.65995415843856,1.22657865370151,-6.06404831969351,-1.2558599971836
important_degree_top3,rolling5,exact_1_2,nevertreated,pc_score,collaboration_pc_score,low,downstream_outcomes,overall_new_release_count,FALSE,sa,8,-3.68910352350849,1.40930872804922,-6.45134863048496,-0.926858416532028
important_degree_top3,rolling5,exact_1_2,nevertreated,pc_score,collaboration_pc_score,low,downstream_outcomes,overall_new_release_count,FALSE,sa,9,-3.43854157937659,2.21161431633037,-7.77330563938412,0.896222480630944
important_degree_top3,rolling5,exact_1_2,nevertreated,pc_score,collaboration_pc_score,low,downstream_outcomes,overall_new_release_count,FALSE,sa,10,-3.52277725926606,2.04388763814714,-7.52879703003445,0.483242511502332
important_degree_top3,rolling5,exact_1_2,nevertreated,pc_score,collaboration_pc_score,low,downstream_outcomes,overall_new_release_count,FALSE,sa,11,-5.11628752018775,1.35420176839609,-7.77052298624408,-2.46205205413142
important_degree_top3,rolling5,exact_1_2,nevertreated,pc_score,collaboration_pc_score,high,downstream_outcomes,overall_new_release_count,FALSE,sa,-15,3.87061023285482,1.19476012711458,1.52888038371024,6.2123400819994
important_degree_top3,rolling5,exact_1_2,nevertreated,pc_score,collaboration_pc_score,high,downstream_outcomes,overall_new_release_count,FALSE,sa,-14,3.80857612658934,1.10925730890248,1.63443180114048,5.9827204520382
important_degree_top3,rolling5,exact_1_2,nevertreated,pc_score,collaboration_pc_score,high,downstream_outcomes,overall_new_release_count,FALSE,sa,-13,3.09621775840813,1.1948482577556,0.754315173207146,5.43812034360912
important_degree_top3,rolling5,exact_1_2,nevertreated,pc_score,collaboration_pc_score,high,downstream_outcomes,overall_new_release_count,FALSE,sa,-12,2.4951197319222,1.07953540702776,0.379230334147779,4.61100912969661
important_degree_top3,rolling5,exact_1_2,nevertreated,pc_score,collaboration_pc_score,high,downstream_outcomes,overall_new_release_count,FALSE,sa,-11,2.7782546762339,1.021971676083,0.775190191111229,4.78131916135658
important_degree_top3,rolling5,exact_1_2,nevertreated,pc_score,collaboration_pc_score,high,downstream_outcomes,overall_new_release_count,FALSE,sa,-10,2.4003546359444,1.12101537000482,0.203164510734946,4.59754476115385
important_degree_top3,rolling5,exact_1_2,nevertreated,pc_score,collaboration_pc_score,high,downstream_outcomes,overall_new_release_count,FALSE,sa,-9,2.07626963921883,1.16768923912304,-0.212401269462325,4.36494054789998
important_degree_top3,rolling5,exact_1_2,nevertreated,pc_score,collaboration_pc_score,high,downstream_outcomes,overall_new_release_count,FALSE,sa,-8,2.43535908774424,1.108088464378,0.263505697563366,4.60721247792512
important_degree_top3,rolling5,exact_1_2,nevertreated,pc_score,collaboration_pc_score,high,downstream_outcomes,overall_new_release_count,FALSE,sa,-7,1.9961352807857,1.14222327757156,-0.242622343254555,4.23489290482595
important_degree_top3,rolling5,exact_1_2,nevertreated,pc_score,collaboration_pc_score,high,downstream_outcomes,overall_new_release_count,FALSE,sa,-6,1.84559950377711,1.12471576582346,-0.358843397236867,4.05004240479109
important_degree_top3,rolling5,exact_1_2,nevertreated,pc_score,collaboration_pc_score,high,downstream_outcomes,overall_new_release_count,FALSE,sa,-5,0.687864222971129,1.18814066430977,-1.64089147907603,3.01661992501829
important_degree_top3,rolling5,exact_1_2,nevertreated,pc_score,collaboration_pc_score,high,downstream_outcomes,overall_new_release_count,FALSE,sa,-4,0.138138222758456,1.15867499155036,-2.13286476068025,2.40914120619716
important_degree_top3,rolling5,exact_1_2,nevertreated,pc_score,collaboration_pc_score,high,downstream_outcomes,overall_new_release_count,FALSE,sa,-3,-0.310069892010231,0.929607465199998,-2.13210052380223,1.51196073978177
important_degree_top3,rolling5,exact_1_2,nevertreated,pc_score,collaboration_pc_score,high,downstream_outcomes,overall_new_release_count,FALSE,sa,-2,0.435574916085345,0.606300479654706,-0.752774024037879,1.62392385620857
important_degree_top3,rolling5,exact_1_2,nevertreated,pc_score,collaboration_pc_score,high,downstream_outcomes,overall_new_release_count,FALSE,sa,-1,0,0,0,0
important_degree_top3,rolling5,exact_1_2,nevertreated,pc_score,collaboration_pc_score,high,downstream_outcomes,overall_new_release_count,FALSE,sa,0,-0.68474009881155,0.406283581977035,-1.48105591948654,0.111575721863439
important_degree_top3,rolling5,exact_1_2,nevertreated,pc_score,collaboration_pc_score,high,downstream_outcomes,overall_new_release_count,FALSE,sa,1,-1.29782717620086,0.583800113749767,-2.4420753991504,-0.153578953251317
important_degree_top3,rolling5,exact_1_2,nevertreated,pc_score,collaboration_pc_score,high,downstream_outcomes,overall_new_release_count,FALSE,sa,2,-1.58014977094991,0.825035166578545,-3.19721869744386,0.0369191555440351
important_degree_top3,rolling5,exact_1_2,nevertreated,pc_score,collaboration_pc_score,high,downstream_outcomes,overall_new_release_count,FALSE,sa,3,-2.27609270445239,1.13106009523475,-4.49297049111251,-0.059214917792271
important_degree_top3,rolling5,exact_1_2,nevertreated,pc_score,collaboration_pc_score,high,downstream_outcomes,overall_new_release_count,FALSE,sa,4,-2.13240007038429,1.21833951741738,-4.52034552452235,0.255545383753763
important_degree_top3,rolling5,exact_1_2,nevertreated,pc_score,collaboration_pc_score,high,downstream_outcomes,overall_new_release_count,FALSE,sa,5,-1.95385127258642,1.25108940578153,-4.40598650791822,0.498283962745372
important_degree_top3,rolling5,exact_1_2,nevertreated,pc_score,collaboration_pc_score,high,downstream_outcomes,overall_new_release_count,FALSE,sa,6,-2.25903148794076,1.57842395175378,-5.35274243337817,0.834679457496658
important_degree_top3,rolling5,exact_1_2,nevertreated,pc_score,collaboration_pc_score,high,downstream_outcomes,overall_new_release_count,FALSE,sa,7,-2.39325067290406,1.92594100500611,-6.16809504271603,1.38159369690792
important_degree_top3,rolling5,exact_1_2,nevertreated,pc_score,collaboration_pc_score,high,downstream_outcomes,overall_new_release_count,FALSE,sa,8,-0.860153587594081,1.39514908246203,-3.59464578921966,1.8743386140315
important_degree_top3,rolling5,exact_1_2,nevertreated,pc_score,collaboration_pc_score,high,downstream_outcomes,overall_new_release_count,FALSE,sa,9,-1.3282280622394,1.56981748862307,-4.40507033994063,1.74861421546182
important_degree_top3,rolling5,exact_1_2,nevertreated,pc_score,collaboration_pc_score,high,downstream_outcomes,overall_new_release_count,FALSE,sa,10,-1.69228756386739,2.00852736955162,-5.62900120818856,2.24442608045379
important_degree_top3,rolling5,exact_1_2,nevertreated,pc_score,collaboration_pc_score,high,downstream_outcomes,overall_new_release_count,FALSE,sa,11,-2.74616560445707,1.61154249504258,-5.90478889474053,0.412457685826396
important_degree_top3,rolling5,exact_1_2,nevertreated,pc_score,knowledge_level_pc_score,low,downstream_outcomes,overall_new_release_count,FALSE,sa,-15,2.77639615766237,1.31700112266127,0.195073957246289,5.35771835807845
important_degree_top3,rolling5,exact_1_2,nevertreated,pc_score,knowledge_level_pc_score,low,downstream_outcomes,overall_new_release_count,FALSE,sa,-14,3.13815163049487,1.27906368391764,0.631186810016292,5.64511645097344
important_degree_top3,rolling5,exact_1_2,nevertreated,pc_score,knowledge_level_pc_score,low,downstream_outcomes,overall_new_release_count,FALSE,sa,-13,2.85966144416261,1.33535331833132,0.242368940233213,5.476953948092
important_degree_top3,rolling5,exact_1_2,nevertreated,pc_score,knowledge_level_pc_score,low,downstream_outcomes,overall_new_release_count,FALSE,sa,-12,1.87385407849058,1.25938547309735,-0.594541448780227,4.34224960576139
important_degree_top3,rolling5,exact_1_2,nevertreated,pc_score,knowledge_level_pc_score,low,downstream_outcomes,overall_new_release_count,FALSE,sa,-11,1.95730620684551,1.24462082657667,-0.482150613244761,4.39676302693578
important_degree_top3,rolling5,exact_1_2,nevertreated,pc_score,knowledge_level_pc_score,low,downstream_outcomes,overall_new_release_count,FALSE,sa,-10,1.18969968608571,1.59830735440037,-1.94298272853902,4.32238210071044
important_degree_top3,rolling5,exact_1_2,nevertreated,pc_score,knowledge_level_pc_score,low,downstream_outcomes,overall_new_release_count,FALSE,sa,-9,0.827043059044318,1.40526272720467,-1.92727188627683,3.58135800436547
important_degree_top3,rolling5,exact_1_2,nevertreated,pc_score,knowledge_level_pc_score,low,downstream_outcomes,overall_new_release_count,FALSE,sa,-8,0.870596141237743,1.38154433484223,-1.83723075505303,3.57842303752852
important_degree_top3,rolling5,exact_1_2,nevertreated,pc_score,knowledge_level_pc_score,low,downstream_outcomes,overall_new_release_count,FALSE,sa,-7,0.535828476153192,1.36607652986051,-2.14168152237341,3.21333847467979
important_degree_top3,rolling5,exact_1_2,nevertreated,pc_score,knowledge_level_pc_score,low,downstream_outcomes,overall_new_release_count,FALSE,sa,-6,0.0525731312686424,1.36723615169359,-2.62720972605079,2.73235598858808
important_degree_top3,rolling5,exact_1_2,nevertreated,pc_score,knowledge_level_pc_score,low,downstream_outcomes,overall_new_release_count,FALSE,sa,-5,-0.59842468898263,1.31254901165302,-3.17102075182255,1.97417137385729
important_degree_top3,rolling5,exact_1_2,nevertreated,pc_score,knowledge_level_pc_score,low,downstream_outcomes,overall_new_release_count,FALSE,sa,-4,0.193169630987235,1.28914718940998,-2.33355886025632,2.71989812223079
important_degree_top3,rolling5,exact_1_2,nevertreated,pc_score,knowledge_level_pc_score,low,downstream_outcomes,overall_new_release_count,FALSE,sa,-3,-0.418033127626877,1.00986578909487,-2.39737007425283,1.56130381899907
important_degree_top3,rolling5,exact_1_2,nevertreated,pc_score,knowledge_level_pc_score,low,downstream_outcomes,overall_new_release_count,FALSE,sa,-2,0.263086237478733,0.72530111342704,-1.15850394483827,1.68467641979573
important_degree_top3,rolling5,exact_1_2,nevertreated,pc_score,knowledge_level_pc_score,low,downstream_outcomes,overall_new_release_count,FALSE,sa,-1,0,0,0,0
important_degree_top3,rolling5,exact_1_2,nevertreated,pc_score,knowledge_level_pc_score,low,downstream_outcomes,overall_new_release_count,FALSE,sa,0,-1.06942865559145,0.4992753486701,-2.04800833898484,-0.090848972198053
important_degree_top3,rolling5,exact_1_2,nevertreated,pc_score,knowledge_level_pc_score,low,downstream_outcomes,overall_new_release_count,FALSE,sa,1,-1.68497365695099,0.652620891894881,-2.96411060506495,-0.405836708837019
important_degree_top3,rolling5,exact_1_2,nevertreated,pc_score,knowledge_level_pc_score,low,downstream_outcomes,overall_new_release_count,FALSE,sa,2,-0.993107268935557,0.864099690243832,-2.68674266181347,0.700528123942354
important_degree_top3,rolling5,exact_1_2,nevertreated,pc_score,knowledge_level_pc_score,low,downstream_outcomes,overall_new_release_count,FALSE,sa,3,-1.19942070043597,1.16207937982225,-3.47709628488758,1.07825488401565
important_degree_top3,rolling5,exact_1_2,nevertreated,pc_score,knowledge_level_pc_score,low,downstream_outcomes,overall_new_release_count,FALSE,sa,4,-0.898122671446037,1.33730611627129,-3.51924265933777,1.72299731644569
important_degree_top3,rolling5,exact_1_2,nevertreated,pc_score,knowledge_level_pc_score,low,downstream_outcomes,overall_new_release_count,FALSE,sa,5,-0.672650370400478,1.41681267478377,-3.44960321297667,2.10430247217572
important_degree_top3,rolling5,exact_1_2,nevertreated,pc_score,knowledge_level_pc_score,low,downstream_outcomes,overall_new_release_count,FALSE,sa,6,-1.04071544560866,1.68356767990568,-4.34050809822379,2.25907720700647
important_degree_top3,rolling5,exact_1_2,nevertreated,pc_score,knowledge_level_pc_score,low,downstream_outcomes,overall_new_release_count,FALSE,sa,7,-1.30810174698807,1.83284121733464,-4.90047053296396,2.28426703898781
important_degree_top3,rolling5,exact_1_2,nevertreated,pc_score,knowledge_level_pc_score,low,downstream_outcomes,overall_new_release_count,FALSE,sa,8,-0.116825917860308,1.65045121415172,-3.35171029759768,3.11805846187706
important_degree_top3,rolling5,exact_1_2,nevertreated,pc_score,knowledge_level_pc_score,low,downstream_outcomes,overall_new_release_count,FALSE,sa,9,0.00320304840526503,2.24074673944174,-4.38866056090054,4.39506665771107
important_degree_top3,rolling5,exact_1_2,nevertreated,pc_score,knowledge_level_pc_score,low,downstream_outcomes,overall_new_release_count,FALSE,sa,10,-1.28528591646073,2.39822375446563,-5.98580447521338,3.41523264229191
important_degree_top3,rolling5,exact_1_2,nevertreated,pc_score,knowledge_level_pc_score,low,downstream_outcomes,overall_new_release_count,FALSE,sa,11,-2.92913318692982,1.97902656979728,-6.80802526373249,0.949758889872858
important_degree_top3,rolling5,exact_1_2,nevertreated,pc_score,knowledge_level_pc_score,high,downstream_outcomes,overall_new_release_count,FALSE,sa,-15,4.66302053088899,1.5354519144646,1.65353477853837,7.67250628323962
important_degree_top3,rolling5,exact_1_2,nevertreated,pc_score,knowledge_level_pc_score,high,downstream_outcomes,overall_new_release_count,FALSE,sa,-14,3.77088806251584,1.26936275876593,1.28293705533461,6.25883906969707
important_degree_top3,rolling5,exact_1_2,nevertreated,pc_score,knowledge_level_pc_score,high,downstream_outcomes,overall_new_release_count,FALSE,sa,-13,3.40548541499459,1.15070232962595,1.15010884892773,5.66086198106145
important_degree_top3,rolling5,exact_1_2,nevertreated,pc_score,knowledge_level_pc_score,high,downstream_outcomes,overall_new_release_count,FALSE,sa,-12,2.84328502728606,0.946120114517704,0.98888960283136,4.69768045174076
important_degree_top3,rolling5,exact_1_2,nevertreated,pc_score,knowledge_level_pc_score,high,downstream_outcomes,overall_new_release_count,FALSE,sa,-11,2.61081270411235,0.845112701862539,0.954391808461775,4.26723359976293
important_degree_top3,rolling5,exact_1_2,nevertreated,pc_score,knowledge_level_pc_score,high,downstream_outcomes,overall_new_release_count,FALSE,sa,-10,2.19593231916234,0.8125569892207,0.603320620289765,3.78854401803491
important_degree_top3,rolling5,exact_1_2,nevertreated,pc_score,knowledge_level_pc_score,high,downstream_outcomes,overall_new_release_count,FALSE,sa,-9,2.01767551633471,0.810614586086127,0.4288709276059,3.60648010506352
important_degree_top3,rolling5,exact_1_2,nevertreated,pc_score,knowledge_level_pc_score,high,downstream_outcomes,overall_new_release_count,FALSE,sa,-8,2.34578600501066,0.773576119971909,0.829576809865714,3.8619952001556
important_degree_top3,rolling5,exact_1_2,nevertreated,pc_score,knowledge_level_pc_score,high,downstream_outcomes,overall_new_release_count,FALSE,sa,-7,1.71065388265971,0.761172313784068,0.21875614764294,3.20255161767649
important_degree_top3,rolling5,exact_1_2,nevertreated,pc_score,knowledge_level_pc_score,high,downstream_outcomes,overall_new_release_count,FALSE,sa,-6,1.86594832574956,0.764601696889564,0.367328999846014,3.36456765165311
important_degree_top3,rolling5,exact_1_2,nevertreated,pc_score,knowledge_level_pc_score,high,downstream_outcomes,overall_new_release_count,FALSE,sa,-5,1.6771850508899,0.843697471695571,0.023538006366582,3.33083209541322
important_degree_top3,rolling5,exact_1_2,nevertreated,pc_score,knowledge_level_pc_score,high,downstream_outcomes,overall_new_release_count,FALSE,sa,-4,1.39497176648042,0.71220543386703,-0.000950883898955812,2.7908944168598
important_degree_top3,rolling5,exact_1_2,nevertreated,pc_score,knowledge_level_pc_score,high,downstream_outcomes,overall_new_release_count,FALSE,sa,-3,1.21541335116045,0.564461030514806,0.109069731351432,2.32175697096947
important_degree_top3,rolling5,exact_1_2,nevertreated,pc_score,knowledge_level_pc_score,high,downstream_outcomes,overall_new_release_count,FALSE,sa,-2,1.01663309835621,0.397536390903424,0.237461772185496,1.79580442452692
important_degree_top3,rolling5,exact_1_2,nevertreated,pc_score,knowledge_level_pc_score,high,downstream_outcomes,overall_new_release_count,FALSE,sa,-1,0,0,0,0
important_degree_top3,rolling5,exact_1_2,nevertreated,pc_score,knowledge_level_pc_score,high,downstream_outcomes,overall_new_release_count,FALSE,sa,0,-0.567142906128175,0.360303234085049,-1.27333724493487,0.13905143267852
important_degree_top3,rolling5,exact_1_2,nevertreated,pc_score,knowledge_level_pc_score,high,downstream_outcomes,overall_new_release_count,FALSE,sa,1,-1.23786305391002,0.593057031350184,-2.40025483535638,-0.0754712724636544
important_degree_top3,rolling5,exact_1_2,nevertreated,pc_score,knowledge_level_pc_score,high,downstream_outcomes,overall_new_release_count,FALSE,sa,2,-1.64977547331581,0.696487923081623,-3.01489180255579,-0.284659144075826
important_degree_top3,rolling5,exact_1_2,nevertreated,pc_score,knowledge_level_pc_score,high,downstream_outcomes,overall_new_release_count,FALSE,sa,3,-1.42124599098464,0.848408168532213,-3.08412600130778,0.241634019338499
important_degree_top3,rolling5,exact_1_2,nevertreated,pc_score,knowledge_level_pc_score,high,downstream_outcomes,overall_new_release_count,FALSE,sa,4,-1.87177601790965,0.927508972808793,-3.68969360461489,-0.0538584312044157
important_degree_top3,rolling5,exact_1_2,nevertreated,pc_score,knowledge_level_pc_score,high,downstream_outcomes,overall_new_release_count,FALSE,sa,5,-2.04799925949985,1.00635309415364,-4.02045132404098,-0.0755471949587234
important_degree_top3,rolling5,exact_1_2,nevertreated,pc_score,knowledge_level_pc_score,high,downstream_outcomes,overall_new_release_count,FALSE,sa,6,-3.27522379818295,0.989522136605498,-5.21468718592972,-1.33576041043617
important_degree_top3,rolling5,exact_1_2,nevertreated,pc_score,knowledge_level_pc_score,high,downstream_outcomes,overall_new_release_count,FALSE,sa,7,-3.65091963371934,1.21203851241594,-6.02651511805459,-1.2753241493841
important_degree_top3,rolling5,exact_1_2,nevertreated,pc_score,knowledge_level_pc_score,high,downstream_outcomes,overall_new_release_count,FALSE,sa,8,-4.07705961836722,1.353101335548,-6.72913823604131,-1.42498100069313
important_degree_top3,rolling5,exact_1_2,nevertreated,pc_score,knowledge_level_pc_score,high,downstream_outcomes,overall_new_release_count,FALSE,sa,9,-4.61579600670397,1.57536612268567,-7.70351360716788,-1.52807840624006
important_degree_top3,rolling5,exact_1_2,nevertreated,pc_score,knowledge_level_pc_score,high,downstream_outcomes,overall_new_release_count,FALSE,sa,10,-5.60040525570987,1.92588501737246,-9.3751398897599,-1.82567062165985
important_degree_top3,rolling5,exact_1_2,nevertreated,pc_score,knowledge_level_pc_score,high,downstream_outcomes,overall_new_release_count,FALSE,sa,11,-4.91815585682951,1.5005367958476,-7.85920797669081,-1.97710373696821
important_degree_top3,rolling5,exact_1_2,nevertreated,pc_score,discussion_quality_pc_score,low,downstream_outcomes,overall_new_release_count,FALSE,sa,-15,3.3919444455006,1.35053267501964,0.744900402462114,6.03898848853909
important_degree_top3,rolling5,exact_1_2,nevertreated,pc_score,discussion_quality_pc_score,low,downstream_outcomes,overall_new_release_count,FALSE,sa,-14,3.0828787131366,1.13318474560142,0.861836611757831,5.30392081451538
important_degree_top3,rolling5,exact_1_2,nevertreated,pc_score,discussion_quality_pc_score,low,downstream_outcomes,overall_new_release_count,FALSE,sa,-13,3.11283674610027,1.03785387161708,1.07864315773079,5.14703033446975
important_degree_top3,rolling5,exact_1_2,nevertreated,pc_score,discussion_quality_pc_score,low,downstream_outcomes,overall_new_release_count,FALSE,sa,-12,2.11662752882599,1.05884026431828,0.0413006107621641,4.19195444688982
important_degree_top3,rolling5,exact_1_2,nevertreated,pc_score,discussion_quality_pc_score,low,downstream_outcomes,overall_new_release_count,FALSE,sa,-11,2.13567733959009,0.999383217889918,0.176886232525854,4.09446844665433
important_degree_top3,rolling5,exact_1_2,nevertreated,pc_score,discussion_quality_pc_score,low,downstream_outcomes,overall_new_release_count,FALSE,sa,-10,1.30133221065755,1.33703205276556,-1.31925061276295,3.92191503407804
important_degree_top3,rolling5,exact_1_2,nevertreated,pc_score,discussion_quality_pc_score,low,downstream_outcomes,overall_new_release_count,FALSE,sa,-9,-0.0408106388970779,1.79133764797915,-3.55183242893621,3.47021115114206
important_degree_top3,rolling5,exact_1_2,nevertreated,pc_score,discussion_quality_pc_score,low,downstream_outcomes,overall_new_release_count,FALSE,sa,-8,0.0427683428382935,1.78256456302614,-3.45105820069294,3.53659488636953
important_degree_top3,rolling5,exact_1_2,nevertreated,pc_score,discussion_quality_pc_score,low,downstream_outcomes,overall_new_release_count,FALSE,sa,-7,-0.984765203192797,1.59133609012675,-4.10378393984123,2.13425353345564
important_degree_top3,rolling5,exact_1_2,nevertreated,pc_score,discussion_quality_pc_score,low,downstream_outcomes,overall_new_release_count,FALSE,sa,-6,-1.11881434449524,1.37826773812346,-3.82021911121723,1.58259042222674
important_degree_top3,rolling5,exact_1_2,nevertreated,pc_score,discussion_quality_pc_score,low,downstream_outcomes,overall_new_release_count,FALSE,sa,-5,-1.26296424236219,1.38878779698957,-3.98498832446175,1.45905983973736
important_degree_top3,rolling5,exact_1_2,nevertreated,pc_score,discussion_quality_pc_score,low,downstream_outcomes,overall_new_release_count,FALSE,sa,-4,-0.901064020223403,1.34606872396631,-3.53935871919736,1.73723067875056
important_degree_top3,rolling5,exact_1_2,nevertreated,pc_score,discussion_quality_pc_score,low,downstream_outcomes,overall_new_release_count,FALSE,sa,-3,-1.11660031791692,1.29196940011938,-3.64886034215091,1.41565970631708
important_degree_top3,rolling5,exact_1_2,nevertreated,pc_score,discussion_quality_pc_score,low,downstream_outcomes,overall_new_release_count,FALSE,sa,-2,-0.522491484852481,1.25945280805715,-2.9910189886445,1.94603601893953
important_degree_top3,rolling5,exact_1_2,nevertreated,pc_score,discussion_quality_pc_score,low,downstream_outcomes,overall_new_release_count,FALSE,sa,-1,0,0,0,0
important_degree_top3,rolling5,exact_1_2,nevertreated,pc_score,discussion_quality_pc_score,low,downstream_outcomes,overall_new_release_count,FALSE,sa,0,-1.07925191409827,0.545905366281998,-2.14922643201098,-0.00927739618554857
important_degree_top3,rolling5,exact_1_2,nevertreated,pc_score,discussion_quality_pc_score,low,downstream_outcomes,overall_new_release_count,FALSE,sa,1,-1.82940376087429,1.14368081088626,-4.07101815021136,0.412210628462774
important_degree_top3,rolling5,exact_1_2,nevertreated,pc_score,discussion_quality_pc_score,low,downstream_outcomes,overall_new_release_count,FALSE,sa,2,-1.64082622315308,1.33902328147374,-4.26531185484161,0.983659408535461
important_degree_top3,rolling5,exact_1_2,nevertreated,pc_score,discussion_quality_pc_score,low,downstream_outcomes,overall_new_release_count,FALSE,sa,3,-1.26574756151316,1.48288476388542,-4.17220169872859,1.64070657570226
important_degree_top3,rolling5,exact_1_2,nevertreated,pc_score,discussion_quality_pc_score,low,downstream_outcomes,overall_new_release_count,FALSE,sa,4,-1.52205506847945,1.5423392558406,-4.54504000992702,1.50092987296812
important_degree_top3,rolling5,exact_1_2,nevertreated,pc_score,discussion_quality_pc_score,low,downstream_outcomes,overall_new_release_count,FALSE,sa,5,-1.64608966122288,1.61560489382672,-4.81267525312326,1.5204959306775
important_degree_top3,rolling5,exact_1_2,nevertreated,pc_score,discussion_quality_pc_score,low,downstream_outcomes,overall_new_release_count,FALSE,sa,6,-2.9725873575625,1.84943941490659,-6.59748861077941,0.652313895654407
important_degree_top3,rolling5,exact_1_2,nevertreated,pc_score,discussion_quality_pc_score,low,downstream_outcomes,overall_new_release_count,FALSE,sa,7,-3.71061698488487,2.21973745464824,-8.06130239599543,0.640068426225682
important_degree_top3,rolling5,exact_1_2,nevertreated,pc_score,discussion_quality_pc_score,low,downstream_outcomes,overall_new_release_count,FALSE,sa,8,-4.0809314557333,2.60429149275488,-9.18534278153287,1.02347987006628
important_degree_top3,rolling5,exact_1_2,nevertreated,pc_score,discussion_quality_pc_score,low,downstream_outcomes,overall_new_release_count,FALSE,sa,9,-5.12883543273509,4.14804340099159,-13.2590004986786,3.00132963320842
important_degree_top3,rolling5,exact_1_2,nevertreated,pc_score,discussion_quality_pc_score,low,downstream_outcomes,overall_new_release_count,FALSE,sa,10,-7.8663098679766,6.98280922068288,-21.5526159405151,5.81999620456185
important_degree_top3,rolling5,exact_1_2,nevertreated,pc_score,discussion_quality_pc_score,low,downstream_outcomes,overall_new_release_count,FALSE,sa,11,-17.9287461606071,14.827366256215,-46.9903840227886,11.1328917015744
important_degree_top3,rolling5,exact_1_2,nevertreated,pc_score,discussion_quality_pc_score,high,downstream_outcomes,overall_new_release_count,FALSE,sa,-15,3.94242569313747,1.32421492999488,1.3469644303475,6.53788695592744
important_degree_top3,rolling5,exact_1_2,nevertreated,pc_score,discussion_quality_pc_score,high,downstream_outcomes,overall_new_release_count,FALSE,sa,-14,3.69471177932187,1.24482612956761,1.25485256536935,6.1345709932744
important_degree_top3,rolling5,exact_1_2,nevertreated,pc_score,discussion_quality_pc_score,high,downstream_outcomes,overall_new_release_count,FALSE,sa,-13,3.44650878989503,1.27514026752968,0.947233865536847,5.94578371425321
important_degree_top3,rolling5,exact_1_2,nevertreated,pc_score,discussion_quality_pc_score,high,downstream_outcomes,overall_new_release_count,FALSE,sa,-12,3.16336745380257,1.0897527295242,1.02745210393514,5.29928280366999
important_degree_top3,rolling5,exact_1_2,nevertreated,pc_score,discussion_quality_pc_score,high,downstream_outcomes,overall_new_release_count,FALSE,sa,-11,2.90273357568145,1.01764009677688,0.908158985998774,4.89730816536413
important_degree_top3,rolling5,exact_1_2,nevertreated,pc_score,discussion_quality_pc_score,high,downstream_outcomes,overall_new_release_count,FALSE,sa,-10,2.67391143543643,1.01726011757789,0.680081604983752,4.6677412658891
important_degree_top3,rolling5,exact_1_2,nevertreated,pc_score,discussion_quality_pc_score,high,downstream_outcomes,overall_new_release_count,FALSE,sa,-9,2.23676875675029,1.04353958334789,0.191431173388434,4.28210634011215
important_degree_top3,rolling5,exact_1_2,nevertreated,pc_score,discussion_quality_pc_score,high,downstream_outcomes,overall_new_release_count,FALSE,sa,-8,2.29434392868932,1.08814154132657,0.161586507689245,4.42710134968939
important_degree_top3,rolling5,exact_1_2,nevertreated,pc_score,discussion_quality_pc_score,high,downstream_outcomes,overall_new_release_count,FALSE,sa,-7,2.21708199165307,1.23921813939427,-0.211785561559695,4.64594954486583
important_degree_top3,rolling5,exact_1_2,nevertreated,pc_score,discussion_quality_pc_score,high,downstream_outcomes,overall_new_release_count,FALSE,sa,-6,2.30132483549777,1.22721255152483,-0.104011765490888,4.70666143648643
important_degree_top3,rolling5,exact_1_2,nevertreated,pc_score,discussion_quality_pc_score,high,downstream_outcomes,overall_new_release_count,FALSE,sa,-5,1.21015368846453,1.24580727681843,-1.23162857409959,3.65193595102864
important_degree_top3,rolling5,exact_1_2,nevertreated,pc_score,discussion_quality_pc_score,high,downstream_outcomes,overall_new_release_count,FALSE,sa,-4,1.29204569729052,1.19036272364063,-1.04106524104511,3.62515663562615
important_degree_top3,rolling5,exact_1_2,nevertreated,pc_score,discussion_quality_pc_score,high,downstream_outcomes,overall_new_release_count,FALSE,sa,-3,0.774648862615349,0.900549414653763,-0.990427990106027,2.53972571533672
important_degree_top3,rolling5,exact_1_2,nevertreated,pc_score,discussion_quality_pc_score,high,downstream_outcomes,overall_new_release_count,FALSE,sa,-2,0.752223810934015,0.549882389145919,-0.325545671791986,1.82999329366002
important_degree_top3,rolling5,exact_1_2,nevertreated,pc_score,discussion_quality_pc_score,high,downstream_outcomes,overall_new_release_count,FALSE,sa,-1,0,0,0,0
important_degree_top3,rolling5,exact_1_2,nevertreated,pc_score,discussion_quality_pc_score,high,downstream_outcomes,overall_new_release_count,FALSE,sa,0,-0.913125854266418,0.466117676787677,-1.82671650077026,0.000464792237428902
important_degree_top3,rolling5,exact_1_2,nevertreated,pc_score,discussion_quality_pc_score,high,downstream_outcomes,overall_new_release_count,FALSE,sa,1,-2.08433090306949,0.54794723696084,-3.15830748751273,-1.01035431862624
important_degree_top3,rolling5,exact_1_2,nevertreated,pc_score,discussion_quality_pc_score,high,downstream_outcomes,overall_new_release_count,FALSE,sa,2,-2.19333912797689,0.704774412172331,-3.57469697583466,-0.811981280119126
important_degree_top3,rolling5,exact_1_2,nevertreated,pc_score,discussion_quality_pc_score,high,downstream_outcomes,overall_new_release_count,FALSE,sa,3,-2.6472173522216,0.925308919488377,-4.46082283441882,-0.833611870024385
important_degree_top3,rolling5,exact_1_2,nevertreated,pc_score,discussion_quality_pc_score,high,downstream_outcomes,overall_new_release_count,FALSE,sa,4,-2.54390721356897,1.0544572221735,-4.61064336902902,-0.477171058108911
important_degree_top3,rolling5,exact_1_2,nevertreated,pc_score,discussion_quality_pc_score,high,downstream_outcomes,overall_new_release_count,FALSE,sa,5,-2.32830006518928,1.1480003116572,-4.57838067603741,-0.0782194543411614
important_degree_top3,rolling5,exact_1_2,nevertreated,pc_score,discussion_quality_pc_score,high,downstream_outcomes,overall_new_release_count,FALSE,sa,6,-2.7290858042881,1.4414393822981,-5.55430699359237,0.0961353850161752
important_degree_top3,rolling5,exact_1_2,nevertreated,pc_score,discussion_quality_pc_score,high,downstream_outcomes,overall_new_release_count,FALSE,sa,7,-2.9816192806279,1.72148517862764,-6.35573023073807,0.392491669482278
important_degree_top3,rolling5,exact_1_2,nevertreated,pc_score,discussion_quality_pc_score,high,downstream_outcomes,overall_new_release_count,FALSE,sa,8,-2.53243938086414,1.38176989739679,-5.24070837976184,0.175829618033569
important_degree_top3,rolling5,exact_1_2,nevertreated,pc_score,discussion_quality_pc_score,high,downstream_outcomes,overall_new_release_count,FALSE,sa,9,-3.38380055587901,1.65150705423292,-6.62075438217553,-0.146846729582498
important_degree_top3,rolling5,exact_1_2,nevertreated,pc_score,discussion_quality_pc_score,high,downstream_outcomes,overall_new_release_count,FALSE,sa,10,-4.9297644060565,1.85612012348701,-8.56775984809105,-1.29176896402196
important_degree_top3,rolling5,exact_1_2,nevertreated,pc_score,discussion_quality_pc_score,high,downstream_outcomes,overall_new_release_count,FALSE,sa,11,-4.79941034980196,1.60171395349493,-7.93876969865202,-1.66005100095189
important_degree_top3,rolling5,exact_1_2,nevertreated,pc_score,investment_in_new_talent_pc_score,low,downstream_outcomes,overall_new_release_count,FALSE,sa,-15,1.7432814325378,1.26908210552211,-0.744119494285538,4.23068235936114
important_degree_top3,rolling5,exact_1_2,nevertreated,pc_score,investment_in_new_talent_pc_score,low,downstream_outcomes,overall_new_release_count,FALSE,sa,-14,2.50530413145469,1.24842830680912,0.0583846501088141,4.95222361280056
important_degree_top3,rolling5,exact_1_2,nevertreated,pc_score,investment_in_new_talent_pc_score,low,downstream_outcomes,overall_new_release_count,FALSE,sa,-13,3.10031773552061,1.30026851333023,0.551791449393356,5.64884402164786
important_degree_top3,rolling5,exact_1_2,nevertreated,pc_score,investment_in_new_talent_pc_score,low,downstream_outcomes,overall_new_release_count,FALSE,sa,-12,2.90075453243804,1.10393340699934,0.737045054719336,5.06446401015674
important_degree_top3,rolling5,exact_1_2,nevertreated,pc_score,investment_in_new_talent_pc_score,low,downstream_outcomes,overall_new_release_count,FALSE,sa,-11,2.81799380264859,1.0589043000933,0.742541374465718,4.89344623083147
important_degree_top3,rolling5,exact_1_2,nevertreated,pc_score,investment_in_new_talent_pc_score,low,downstream_outcomes,overall_new_release_count,FALSE,sa,-10,2.35670581947758,0.934187484791947,0.525698349285364,4.18771328966979
important_degree_top3,rolling5,exact_1_2,nevertreated,pc_score,investment_in_new_talent_pc_score,low,downstream_outcomes,overall_new_release_count,FALSE,sa,-9,1.62316766007573,0.843648539412629,-0.0303834771730203,3.27671879732449
important_degree_top3,rolling5,exact_1_2,nevertreated,pc_score,investment_in_new_talent_pc_score,low,downstream_outcomes,overall_new_release_count,FALSE,sa,-8,1.61402093998733,0.809158168484141,0.028070929758417,3.19997095021625
important_degree_top3,rolling5,exact_1_2,nevertreated,pc_score,investment_in_new_talent_pc_score,low,downstream_outcomes,overall_new_release_count,FALSE,sa,-7,1.2327435013778,0.885452358344492,-0.502743120977402,2.96823012373301
important_degree_top3,rolling5,exact_1_2,nevertreated,pc_score,investment_in_new_talent_pc_score,low,downstream_outcomes,overall_new_release_count,FALSE,sa,-6,1.42365042165737,0.969560136184633,-0.476687445264513,3.32398828857925
important_degree_top3,rolling5,exact_1_2,nevertreated,pc_score,investment_in_new_talent_pc_score,low,downstream_outcomes,overall_new_release_count,FALSE,sa,-5,0.544346530808386,0.808694909915785,-1.04069549262655,2.12938855424332
important_degree_top3,rolling5,exact_1_2,nevertreated,pc_score,investment_in_new_talent_pc_score,low,downstream_outcomes,overall_new_release_count,FALSE,sa,-4,1.32364114376232,0.897545597473571,-0.435548227285883,3.08283051481051
important_degree_top3,rolling5,exact_1_2,nevertreated,pc_score,investment_in_new_talent_pc_score,low,downstream_outcomes,overall_new_release_count,FALSE,sa,-3,0.851221876652992,0.698675333735746,-0.518181777469071,2.22062553077505
important_degree_top3,rolling5,exact_1_2,nevertreated,pc_score,investment_in_new_talent_pc_score,low,downstream_outcomes,overall_new_release_count,FALSE,sa,-2,0.749734725921907,0.363469547798555,0.0373344122367389,1.46213503960708
important_degree_top3,rolling5,exact_1_2,nevertreated,pc_score,investment_in_new_talent_pc_score,low,downstream_outcomes,overall_new_release_count,FALSE,sa,-1,0,0,0,0
important_degree_top3,rolling5,exact_1_2,nevertreated,pc_score,investment_in_new_talent_pc_score,low,downstream_outcomes,overall_new_release_count,FALSE,sa,0,-0.791093010512146,0.396772647742446,-1.56876740008734,-0.0134186209369511
important_degree_top3,rolling5,exact_1_2,nevertreated,pc_score,investment_in_new_talent_pc_score,low,downstream_outcomes,overall_new_release_count,FALSE,sa,1,-1.6635740163362,0.510649681302668,-2.66444739168943,-0.662700640982972
important_degree_top3,rolling5,exact_1_2,nevertreated,pc_score,investment_in_new_talent_pc_score,low,downstream_outcomes,overall_new_release_count,FALSE,sa,2,-1.37434267793725,0.422682805516323,-2.20280097674925,-0.545884379125259
important_degree_top3,rolling5,exact_1_2,nevertreated,pc_score,investment_in_new_talent_pc_score,low,downstream_outcomes,overall_new_release_count,FALSE,sa,3,-1.23445647994894,0.421950916571214,-2.06148027642852,-0.407432683469362
important_degree_top3,rolling5,exact_1_2,nevertreated,pc_score,investment_in_new_talent_pc_score,low,downstream_outcomes,overall_new_release_count,FALSE,sa,4,-0.747505608647352,0.66965774585041,-2.06003479051416,0.565023573219452
important_degree_top3,rolling5,exact_1_2,nevertreated,pc_score,investment_in_new_talent_pc_score,low,downstream_outcomes,overall_new_release_count,FALSE,sa,5,-0.468043883625135,0.825361326108038,-2.08575208279689,1.14966431554662
important_degree_top3,rolling5,exact_1_2,nevertreated,pc_score,investment_in_new_talent_pc_score,low,downstream_outcomes,overall_new_release_count,FALSE,sa,6,-0.110345157253151,1.05832364003906,-2.18465949172971,1.9639691772234
important_degree_top3,rolling5,exact_1_2,nevertreated,pc_score,investment_in_new_talent_pc_score,low,downstream_outcomes,overall_new_release_count,FALSE,sa,7,0.207252402409835,1.13359893046501,-2.01460150130158,2.42910630612125
important_degree_top3,rolling5,exact_1_2,nevertreated,pc_score,investment_in_new_talent_pc_score,low,downstream_outcomes,overall_new_release_count,FALSE,sa,8,-0.0730274431650155,1.10107225759382,-2.2311290680489,2.08507418171887
important_degree_top3,rolling5,exact_1_2,nevertreated,pc_score,investment_in_new_talent_pc_score,low,downstream_outcomes,overall_new_release_count,FALSE,sa,9,-0.773949539091188,1.1107579732479,-2.95103516665708,1.4031360884747
important_degree_top3,rolling5,exact_1_2,nevertreated,pc_score,investment_in_new_talent_pc_score,low,downstream_outcomes,overall_new_release_count,FALSE,sa,10,-2.54559397075321,1.25373796899468,-5.00292038998279,-0.0882675515236269
important_degree_top3,rolling5,exact_1_2,nevertreated,pc_score,investment_in_new_talent_pc_score,low,downstream_outcomes,overall_new_release_count,FALSE,sa,11,-2.0829790336113,0.819883032009877,-3.68994977635066,-0.476008290871944
important_degree_top3,rolling5,exact_1_2,nevertreated,pc_score,investment_in_new_talent_pc_score,high,downstream_outcomes,overall_new_release_count,FALSE,sa,-15,5.30786680293348,1.55783351858999,2.2545131064971,8.36122049936987
important_degree_top3,rolling5,exact_1_2,nevertreated,pc_score,investment_in_new_talent_pc_score,high,downstream_outcomes,overall_new_release_count,FALSE,sa,-14,4.52081288907644,1.32528821364363,1.92324799033493,7.11837778781796
important_degree_top3,rolling5,exact_1_2,nevertreated,pc_score,investment_in_new_talent_pc_score,high,downstream_outcomes,overall_new_release_count,FALSE,sa,-13,3.04992664322624,1.2892724477349,0.522952645665835,5.57690064078665
important_degree_top3,rolling5,exact_1_2,nevertreated,pc_score,investment_in_new_talent_pc_score,high,downstream_outcomes,overall_new_release_count,FALSE,sa,-12,1.74855997371997,1.32433372128506,-0.847134119998757,4.34425406743869
important_degree_top3,rolling5,exact_1_2,nevertreated,pc_score,investment_in_new_talent_pc_score,high,downstream_outcomes,overall_new_release_count,FALSE,sa,-11,1.73570782736749,1.24321877869062,-0.701000978866132,4.1724166336011
important_degree_top3,rolling5,exact_1_2,nevertreated,pc_score,investment_in_new_talent_pc_score,high,downstream_outcomes,overall_new_release_count,FALSE,sa,-10,1.06439122890922,1.48692809126516,-1.8499878299705,3.97877028778893
important_degree_top3,rolling5,exact_1_2,nevertreated,pc_score,investment_in_new_talent_pc_score,high,downstream_outcomes,overall_new_release_count,FALSE,sa,-9,1.62482210254661,1.44413665294111,-1.20568573721796,4.45532994231119
important_degree_top3,rolling5,exact_1_2,nevertreated,pc_score,investment_in_new_talent_pc_score,high,downstream_outcomes,overall_new_release_count,FALSE,sa,-8,1.65470659658121,1.41585116609346,-1.12036168896197,4.4297748821244
important_degree_top3,rolling5,exact_1_2,nevertreated,pc_score,investment_in_new_talent_pc_score,high,downstream_outcomes,overall_new_release_count,FALSE,sa,-7,0.910928782493691,1.37594329772625,-1.78592008104975,3.60777764603713
important_degree_top3,rolling5,exact_1_2,nevertreated,pc_score,investment_in_new_talent_pc_score,high,downstream_outcomes,overall_new_release_count,FALSE,sa,-6,0.165687178491055,1.2934209520582,-2.36941788754302,2.70079224452513
important_degree_top3,rolling5,exact_1_2,nevertreated,pc_score,investment_in_new_talent_pc_score,high,downstream_outcomes,overall_new_release_count,FALSE,sa,-5,-0.106627476185164,1.41998133745802,-2.88979089760289,2.67653594523256
important_degree_top3,rolling5,exact_1_2,nevertreated,pc_score,investment_in_new_talent_pc_score,high,downstream_outcomes,overall_new_release_count,FALSE,sa,-4,-0.300867704947857,1.28312837990416,-2.81579932956001,2.21406391966429
important_degree_top3,rolling5,exact_1_2,nevertreated,pc_score,investment_in_new_talent_pc_score,high,downstream_outcomes,overall_new_release_count,FALSE,sa,-3,-0.372771947587735,1.10214795194044,-2.532981933391,1.78743803821553
important_degree_top3,rolling5,exact_1_2,nevertreated,pc_score,investment_in_new_talent_pc_score,high,downstream_outcomes,overall_new_release_count,FALSE,sa,-2,0.445703933642735,0.85891619758034,-1.23777181361473,2.1291796809002
important_degree_top3,rolling5,exact_1_2,nevertreated,pc_score,investment_in_new_talent_pc_score,high,downstream_outcomes,overall_new_release_count,FALSE,sa,-1,0,0,0,0
important_degree_top3,rolling5,exact_1_2,nevertreated,pc_score,investment_in_new_talent_pc_score,high,downstream_outcomes,overall_new_release_count,FALSE,sa,0,-0.930432645050652,0.519564360085349,-1.94877879081794,0.0879135007166315
important_degree_top3,rolling5,exact_1_2,nevertreated,pc_score,investment_in_new_talent_pc_score,high,downstream_outcomes,overall_new_release_count,FALSE,sa,1,-1.25358479310266,0.665011440773334,-2.55700721701839,0.0498376308130775
important_degree_top3,rolling5,exact_1_2,nevertreated,pc_score,investment_in_new_talent_pc_score,high,downstream_outcomes,overall_new_release_count,FALSE,sa,2,-1.10176564207763,0.990682249500901,-3.0435028510994,0.839971566944135
important_degree_top3,rolling5,exact_1_2,nevertreated,pc_score,investment_in_new_talent_pc_score,high,downstream_outcomes,overall_new_release_count,FALSE,sa,3,-1.18775766802815,1.41756081095597,-3.96617685750184,1.59066152144554
important_degree_top3,rolling5,exact_1_2,nevertreated,pc_score,investment_in_new_talent_pc_score,high,downstream_outcomes,overall_new_release_count,FALSE,sa,4,-1.77028242668901,1.54796643167162,-4.80429663276539,1.26373177938737
important_degree_top3,rolling5,exact_1_2,nevertreated,pc_score,investment_in_new_talent_pc_score,high,downstream_outcomes,overall_new_release_count,FALSE,sa,5,-1.79781707583245,1.60448232898043,-4.9426024406341,1.3469682889692
important_degree_top3,rolling5,exact_1_2,nevertreated,pc_score,investment_in_new_talent_pc_score,high,downstream_outcomes,overall_new_release_count,FALSE,sa,6,-3.70360069576958,1.77018162812198,-7.17315668688867,-0.234044704650496
important_degree_top3,rolling5,exact_1_2,nevertreated,pc_score,investment_in_new_talent_pc_score,high,downstream_outcomes,overall_new_release_count,FALSE,sa,7,-4.87671769588675,2.03338528644282,-8.86215285731467,-0.89128253445883
important_degree_top3,rolling5,exact_1_2,nevertreated,pc_score,investment_in_new_talent_pc_score,high,downstream_outcomes,overall_new_release_count,FALSE,sa,8,-3.2540950738775,1.94052918066553,-7.05753226798194,0.549342120226952
important_degree_top3,rolling5,exact_1_2,nevertreated,pc_score,investment_in_new_talent_pc_score,high,downstream_outcomes,overall_new_release_count,FALSE,sa,9,-2.28982567374852,2.94905386016498,-8.06997123967189,3.49031989217484
important_degree_top3,rolling5,exact_1_2,nevertreated,pc_score,investment_in_new_talent_pc_score,high,downstream_outcomes,overall_new_release_count,FALSE,sa,10,-1.38930318047392,2.65111012589943,-6.58547902723681,3.80687266628897
important_degree_top3,rolling5,exact_1_2,nevertreated,pc_score,investment_in_new_talent_pc_score,high,downstream_outcomes,overall_new_release_count,FALSE,sa,11,-4.61420178383406,1.80734807418151,-8.15660400922981,-1.0717995584383
important_degree_top3,rolling5,exact_1_2,nevertreated,pc_score,problem_solving_routines_pc_score,low,downstream_outcomes,overall_new_release_count,FALSE,sa,-15,0.0214395493377564,0.883823953907473,-1.71085540032089,1.7537344989964
important_degree_top3,rolling5,exact_1_2,nevertreated,pc_score,problem_solving_routines_pc_score,low,downstream_outcomes,overall_new_release_count,FALSE,sa,-14,0.442873453174959,0.606544214227401,-0.745953206710746,1.63170011306066
important_degree_top3,rolling5,exact_1_2,nevertreated,pc_score,problem_solving_routines_pc_score,low,downstream_outcomes,overall_new_release_count,FALSE,sa,-13,0.652001064973578,0.54743095297221,-0.420963602851953,1.72496573279911
important_degree_top3,rolling5,exact_1_2,nevertreated,pc_score,problem_solving_routines_pc_score,low,downstream_outcomes,overall_new_release_count,FALSE,sa,-12,0.670645093718877,0.456758625181397,-0.224601811636662,1.56589199907442
important_degree_top3,rolling5,exact_1_2,nevertreated,pc_score,problem_solving_routines_pc_score,low,downstream_outcomes,overall_new_release_count,FALSE,sa,-11,0.46304969237372,0.494729417622261,-0.506619966165912,1.43271935091335
important_degree_top3,rolling5,exact_1_2,nevertreated,pc_score,problem_solving_routines_pc_score,low,downstream_outcomes,overall_new_release_count,FALSE,sa,-10,0.272946752083276,0.502549430770525,-0.712050132226952,1.2579436363935
important_degree_top3,rolling5,exact_1_2,nevertreated,pc_score,problem_solving_routines_pc_score,low,downstream_outcomes,overall_new_release_count,FALSE,sa,-9,-1.02116328429007,1.12953901272409,-3.23505974922928,1.19273318064915
important_degree_top3,rolling5,exact_1_2,nevertreated,pc_score,problem_solving_routines_pc_score,low,downstream_outcomes,overall_new_release_count,FALSE,sa,-8,-1.07802162205318,1.17319181610993,-3.37747758162864,1.22143433752228
important_degree_top3,rolling5,exact_1_2,nevertreated,pc_score,problem_solving_routines_pc_score,low,downstream_outcomes,overall_new_release_count,FALSE,sa,-7,-1.23961607133767,1.04330326114851,-3.28449046318875,0.805258320513407
important_degree_top3,rolling5,exact_1_2,nevertreated,pc_score,problem_solving_routines_pc_score,low,downstream_outcomes,overall_new_release_count,FALSE,sa,-6,-0.967076100000659,1.01377366318483,-2.95407247984293,1.01992027984161
important_degree_top3,rolling5,exact_1_2,nevertreated,pc_score,problem_solving_routines_pc_score,low,downstream_outcomes,overall_new_release_count,FALSE,sa,-5,-1.73401044278276,1.15104538429207,-3.99005939599521,0.522038510429695
important_degree_top3,rolling5,exact_1_2,nevertreated,pc_score,problem_solving_routines_pc_score,low,downstream_outcomes,overall_new_release_count,FALSE,sa,-4,-0.918599718293861,1.19891865419776,-3.26848028052147,1.43128084393375
important_degree_top3,rolling5,exact_1_2,nevertreated,pc_score,problem_solving_routines_pc_score,low,downstream_outcomes,overall_new_release_count,FALSE,sa,-3,-1.0702899696403,1.15460861740336,-3.33332285975089,1.19274292047029
important_degree_top3,rolling5,exact_1_2,nevertreated,pc_score,problem_solving_routines_pc_score,low,downstream_outcomes,overall_new_release_count,FALSE,sa,-2,-0.461494143428275,1.12528997079723,-2.66706248619085,1.7440741993343
important_degree_top3,rolling5,exact_1_2,nevertreated,pc_score,problem_solving_routines_pc_score,low,downstream_outcomes,overall_new_release_count,FALSE,sa,-1,0,0,0,0
important_degree_top3,rolling5,exact_1_2,nevertreated,pc_score,problem_solving_routines_pc_score,low,downstream_outcomes,overall_new_release_count,FALSE,sa,0,-0.742953512470106,0.481319804025304,-1.6863403283597,0.20043330341949
important_degree_top3,rolling5,exact_1_2,nevertreated,pc_score,problem_solving_routines_pc_score,low,downstream_outcomes,overall_new_release_count,FALSE,sa,1,-2.08096157053054,1.02594675535036,-4.09181721101724,-0.0701059300438383
important_degree_top3,rolling5,exact_1_2,nevertreated,pc_score,problem_solving_routines_pc_score,low,downstream_outcomes,overall_new_release_count,FALSE,sa,2,-2.13255760310775,1.11683478781752,-4.32155378723008,0.0564385810145871
important_degree_top3,rolling5,exact_1_2,nevertreated,pc_score,problem_solving_routines_pc_score,low,downstream_outcomes,overall_new_release_count,FALSE,sa,3,-2.40875594862707,1.09781719283302,-4.56047764657979,-0.257034250674346
important_degree_top3,rolling5,exact_1_2,nevertreated,pc_score,problem_solving_routines_pc_score,low,downstream_outcomes,overall_new_release_count,FALSE,sa,4,-2.11042686945901,1.02930948520575,-4.12787346046228,-0.0929802784557396
important_degree_top3,rolling5,exact_1_2,nevertreated,pc_score,problem_solving_routines_pc_score,low,downstream_outcomes,overall_new_release_count,FALSE,sa,5,-2.13524959477942,1.06818444347142,-4.2288911039834,-0.0416080855754339
important_degree_top3,rolling5,exact_1_2,nevertreated,pc_score,problem_solving_routines_pc_score,low,downstream_outcomes,overall_new_release_count,FALSE,sa,6,-2.34571999836222,1.27690799558974,-4.8484596697181,0.157019672993661
important_degree_top3,rolling5,exact_1_2,nevertreated,pc_score,problem_solving_routines_pc_score,low,downstream_outcomes,overall_new_release_count,FALSE,sa,7,-2.61114862300713,1.58168985619657,-5.71126074115241,0.48896349513816
important_degree_top3,rolling5,exact_1_2,nevertreated,pc_score,problem_solving_routines_pc_score,low,downstream_outcomes,overall_new_release_count,FALSE,sa,8,-3.01673935669481,1.99836807660377,-6.9335407868382,0.90006207344859
important_degree_top3,rolling5,exact_1_2,nevertreated,pc_score,problem_solving_routines_pc_score,low,downstream_outcomes,overall_new_release_count,FALSE,sa,9,-4.47771930524589,3.23512880173943,-10.8185717566552,1.86313314616339
important_degree_top3,rolling5,exact_1_2,nevertreated,pc_score,problem_solving_routines_pc_score,low,downstream_outcomes,overall_new_release_count,FALSE,sa,10,-5.46678041780358,5.24440318526076,-15.7458106609147,4.81224982530751
important_degree_top3,rolling5,exact_1_2,nevertreated,pc_score,problem_solving_routines_pc_score,low,downstream_outcomes,overall_new_release_count,FALSE,sa,11,-11.9657663661205,11.227231758298,-33.9711406123845,10.0396078801435
important_degree_top3,rolling5,exact_1_2,nevertreated,pc_score,problem_solving_routines_pc_score,high,downstream_outcomes,overall_new_release_count,FALSE,sa,-15,6.40368511653113,1.64691834667168,3.17572515705464,9.63164507600763
important_degree_top3,rolling5,exact_1_2,nevertreated,pc_score,problem_solving_routines_pc_score,high,downstream_outcomes,overall_new_release_count,FALSE,sa,-14,5.94807815113435,1.49473607808668,3.01839543808445,8.87776086418425
important_degree_top3,rolling5,exact_1_2,nevertreated,pc_score,problem_solving_routines_pc_score,high,downstream_outcomes,overall_new_release_count,FALSE,sa,-13,4.5496493618048,1.49068964080812,1.62789766582088,7.47140105778872
important_degree_top3,rolling5,exact_1_2,nevertreated,pc_score,problem_solving_routines_pc_score,high,downstream_outcomes,overall_new_release_count,FALSE,sa,-12,3.17197370683956,1.46207724949442,0.306302297830507,6.03764511584862
important_degree_top3,rolling5,exact_1_2,nevertreated,pc_score,problem_solving_routines_pc_score,high,downstream_outcomes,overall_new_release_count,FALSE,sa,-11,3.45380831644194,1.2460316468279,1.01158628865925,5.89603034422463
important_degree_top3,rolling5,exact_1_2,nevertreated,pc_score,problem_solving_routines_pc_score,high,downstream_outcomes,overall_new_release_count,FALSE,sa,-10,2.25707938683604,1.58831172906127,-0.856011602124061,5.37017037579613
important_degree_top3,rolling5,exact_1_2,nevertreated,pc_score,problem_solving_routines_pc_score,high,downstream_outcomes,overall_new_release_count,FALSE,sa,-9,2.41017216440257,1.58191616627884,-0.690383521503955,5.5107278503091
important_degree_top3,rolling5,exact_1_2,nevertreated,pc_score,problem_solving_routines_pc_score,high,downstream_outcomes,overall_new_release_count,FALSE,sa,-8,2.55118979295016,1.48821261570591,-0.365706933833413,5.46808651973374
important_degree_top3,rolling5,exact_1_2,nevertreated,pc_score,problem_solving_routines_pc_score,high,downstream_outcomes,overall_new_release_count,FALSE,sa,-7,1.63044344831596,1.42056142695188,-1.15385694850972,4.41474384514165
important_degree_top3,rolling5,exact_1_2,nevertreated,pc_score,problem_solving_routines_pc_score,high,downstream_outcomes,overall_new_release_count,FALSE,sa,-6,0.930008029876568,1.39333819004092,-1.80093482260364,3.66095088235677
important_degree_top3,rolling5,exact_1_2,nevertreated,pc_score,problem_solving_routines_pc_score,high,downstream_outcomes,overall_new_release_count,FALSE,sa,-5,0.60984941719421,1.4486671678133,-2.22953823171985,3.44923706610828
important_degree_top3,rolling5,exact_1_2,nevertreated,pc_score,problem_solving_routines_pc_score,high,downstream_outcomes,overall_new_release_count,FALSE,sa,-4,0.397058531324469,1.30708691118521,-2.16483181459855,2.95894887724749
important_degree_top3,rolling5,exact_1_2,nevertreated,pc_score,problem_solving_routines_pc_score,high,downstream_outcomes,overall_new_release_count,FALSE,sa,-3,0.120751490099494,1.09905190267081,-2.03339023913529,2.27489321933428
important_degree_top3,rolling5,exact_1_2,nevertreated,pc_score,problem_solving_routines_pc_score,high,downstream_outcomes,overall_new_release_count,FALSE,sa,-2,0.374723753355791,0.834862339204708,-1.26160643148544,2.01105393819702
important_degree_top3,rolling5,exact_1_2,nevertreated,pc_score,problem_solving_routines_pc_score,high,downstream_outcomes,overall_new_release_count,FALSE,sa,-1,0,0,0,0
important_degree_top3,rolling5,exact_1_2,nevertreated,pc_score,problem_solving_routines_pc_score,high,downstream_outcomes,overall_new_release_count,FALSE,sa,0,-1.17531130069929,0.495242853630494,-2.14598729381506,-0.204635307583527
important_degree_top3,rolling5,exact_1_2,nevertreated,pc_score,problem_solving_routines_pc_score,high,downstream_outcomes,overall_new_release_count,FALSE,sa,1,-1.59882470833252,0.637311722573104,-2.8479556845758,-0.349693732089231
important_degree_top3,rolling5,exact_1_2,nevertreated,pc_score,problem_solving_routines_pc_score,high,downstream_outcomes,overall_new_release_count,FALSE,sa,2,-1.34173368416336,0.939197586492569,-3.1825609536888,0.499093585362072
important_degree_top3,rolling5,exact_1_2,nevertreated,pc_score,problem_solving_routines_pc_score,high,downstream_outcomes,overall_new_release_count,FALSE,sa,3,-0.938540699383131,1.36937597747314,-3.62251761523049,1.74543621646422
important_degree_top3,rolling5,exact_1_2,nevertreated,pc_score,problem_solving_routines_pc_score,high,downstream_outcomes,overall_new_release_count,FALSE,sa,4,-1.45378805726826,1.5436216143332,-4.47928642136133,1.57171030682481
important_degree_top3,rolling5,exact_1_2,nevertreated,pc_score,problem_solving_routines_pc_score,high,downstream_outcomes,overall_new_release_count,FALSE,sa,5,-1.26866706459848,1.62205882565937,-4.44790236289085,1.91056823369389
important_degree_top3,rolling5,exact_1_2,nevertreated,pc_score,problem_solving_routines_pc_score,high,downstream_outcomes,overall_new_release_count,FALSE,sa,6,-2.80595332961806,1.82667252475959,-6.38623147814685,0.774324818910734
important_degree_top3,rolling5,exact_1_2,nevertreated,pc_score,problem_solving_routines_pc_score,high,downstream_outcomes,overall_new_release_count,FALSE,sa,7,-3.57260539207178,2.04788185385319,-7.58645382562403,0.441243041480468
important_degree_top3,rolling5,exact_1_2,nevertreated,pc_score,problem_solving_routines_pc_score,high,downstream_outcomes,overall_new_release_count,FALSE,sa,8,-2.59718981541563,1.82449650686769,-6.1732029688763,0.978823338045037
important_degree_top3,rolling5,exact_1_2,nevertreated,pc_score,problem_solving_routines_pc_score,high,downstream_outcomes,overall_new_release_count,FALSE,sa,9,-1.25759728575911,2.76474531652514,-6.67649810614838,4.16130353463017
important_degree_top3,rolling5,exact_1_2,nevertreated,pc_score,problem_solving_routines_pc_score,high,downstream_outcomes,overall_new_release_count,FALSE,sa,10,-3.48252526039103,2.76712871008492,-8.90609753215748,1.94104701137541
important_degree_top3,rolling5,exact_1_2,nevertreated,pc_score,problem_solving_routines_pc_score,high,downstream_outcomes,overall_new_release_count,FALSE,sa,11,-6.92351719612066,2.05658282036404,-10.9544195240342,-2.89261486820713
