metric,n,n_na,mean,median,sd,p10,p25,p75,p90
error_open_pct,220,0,10765.327433233313,-22.78994322789945,158382.79930504397,-88.58354537743851,-69.34731934731936,36.75548589341692,218.76470588235296
error_review_rate_pp,210,10,-7.894683646996788,-3.4689840413152098,30.957563909098337,-48.63856392609572,-23.359017894441887,11.09736435332418,26.487079547512757
error_merge_rate_pp,190,30,-20.372949507684968,-19.725592652519946,225.87067901435222,-134.58280922431865,-61.495535714285715,12.53530832622904,69.5770676691729
