metric,n,n_na,mean,median,sd,p10,p25,p75,p90
error_open_pct,220,0,10765.327433233313,-22.78994322789945,158382.79930504397,-88.58354537743851,-69.34731934731936,36.75548589341692,218.76470588235296
error_review_rate_pp,210,10,-7.894683646996788,-3.4689840413152098,30.957563909098337,-48.63856392609572,-23.359017894441887,11.09736435332418,26.487079547512757
error_merge_rate_pp,190,30,-20.372949507684968,-19.725592652519946,225.87067901435222,-134.58280922431865,-61.495535714285715,12.53530832622904,69.5770676691729
error_review_rate_pct,208,12,-2.249033741806632,-5.454325369635591,72.27995738074759,-80.51307616834332,-34.80336660099373,14.886425492829751,39.65106317697174
error_merge_rate_pct,190,30,1.6883077208557373,-19.108533290958214,103.10822646966419,-87.2067057888624,-48.26935755622299,15.421378240227272,73.73049645390067
