metric,n,n_na,mean,median,sd,p10,p25,p75,p90
error_open_pct,220,0,32082.383934042824,-20.67124332570556,475171.08033365797,-83.35680751173709,-58.6489898989899,43.574655974416146,144.5454545454544
error_review_rate_pp,211,9,-1.556063699929626,1.157226153473223,28.09093690654879,-31.63530185725033,-15.166922788722257,13.716220611152814,27.534061944271258
error_merge_rate_pp,199,21,-33.273788255156504,-21.42857142857144,126.28939771381164,-91.22754359346482,-55.36597011571733,4.589371980676333,29.35483870967744
error_review_rate_pct,209,11,1.8134419922811351,1.0228739526609405,57.45102560325173,-48.64035427574317,-23.269437043003208,19.136163487404907,45.948796571630936
error_merge_rate_pct,197,23,-12.571696593380652,-19.582520617321975,71.49911951434363,-72.57511961722489,-44.46907625709621,4.975160198718401,35.05380774032462
