metric,n,n_na,mean,median,sd,p10,p25,p75,p90
error_open_pct,266,3,29.647531663961352,-54.54545454545455,498.409272827719,-100.0,-90.2421248684104,-4.440892098500625e-15,129.32131495227992
error_review_rate_pp,212,57,46.071085852272816,8.912561413559473,288.3634616202735,-61.285920284394614,-23.46679577182813,45.84135591022612,79.73589640375073
error_merge_rate_pp,179,90,-4.634621990500445,-4.285714285714293,377.2795118794944,-145.34609929078013,-50.0,44.2832909245123,113.35714285714289
