metric,n,n_na,mean,median,sd,p10,p25,p75,p90
error_open_pct,366,3,18.271514249135194,-56.5126050420168,429.5436834893218,-100.0,-92.1669407894737,8.108108108108086,115.09740259740263
error_review_rate_pp,286,83,2.7075774366302263,7.933255211382855,41.49445664245923,-58.13159809742538,-21.9855261875772,30.964883787590857,52.300523058908226
error_merge_rate_pp,238,131,12.946485448788088,0.0,204.70553212615124,-117.38095238095238,-44.04761904761905,38.0952380952381,100.0
