metric,n,n_na,mean,median,sd,p10,p25,p75,p90
error_open_pct,1810,0,58.6659870429594,-42.69701757851077,543.5279591821039,-100.0,-83.7121212121212,33.333333333333336,172.72727272727272
error_review_rate_pp,1461,349,19.156534190765917,9.13579963039014,93.82155660888711,-50.82936257265167,-17.381461132411967,33.614603678385414,78.71683777078321
error_merge_rate_pp,1350,460,-5.237091768236657,-18.4629924392868,285.579956188144,-138.884318296083,-66.66666666666666,16.982804232804238,89.22413793103493
error_review_rate_pct,1435,375,34.99185961778039,10.933967488973243,147.46714693097786,-92.7851671938955,-26.063266348049627,49.09753529419736,140.56445313630192
error_merge_rate_pct,1332,478,11.234772730511073,-22.22222222222223,179.19566346308375,-100.0,-60.0,16.584213026331415,111.39358108108114
