metric,n,n_na,mean,median,sd,p10,p25,p75,p90
error_open_pct,1330,15,3557.8800207156232,-61.53846153846153,91066.44810589265,-100.0,-99.99999999999999,-3.8461538461538494,125.57692307692386
error_review_rate_pp,994,351,-3.3215568066352383,-0.9151435726963697,39.28895833172131,-56.949869791666664,-28.02768166089966,24.313593106995878,47.434834997267984
error_merge_rate_pp,781,564,1.7436624089917339,0.0,274.7360294761743,-122.6027397260274,-50.0,40.816326530612244,115.38461538461537
