metric,n,n_na,mean,median,sd,p10,p25,p75,p90
error_open_pct,500,0,-15.530158479629321,-68.75,156.12713340650328,-100.0,-100.0,11.742424242424256,119.78319783197844
error_review_rate_pp,332,168,-0.4863039514520667,0.0,38.80471376383249,-53.61544183320973,-30.90182449985111,27.991304407952363,49.09545773181484
error_merge_rate_pp,232,268,33.56471605614529,13.752167752594463,121.73454615299178,-82.70818070818069,-24.789915966386552,60.0,141.66666666666669
error_review_rate_pct,329,171,35.57631498823152,0.0,260.6562941057098,-100.0,-100.0,59.17813707767981,121.54279806239225
error_merge_rate_pct,200,300,114.13926666533342,24.81884057971013,343.66953749675014,-100.0,-47.414115366094734,115.64171122994651,366.7391304347826
