metric,n,n_na,mean,median,sd,p10,p25,p75,p90
error_open_pct,220,0,10765.327433233313,-22.78994322789945,158382.79930504397,-88.58354537743851,-69.34731934731936,36.75548589341692,218.76470588235296
error_review_rate_pp,210,10,-6.649687463882671,-0.7833950596123185,30.94534576507683,-47.04227514608086,-22.933321415067503,11.8290884869014,25.502975258141202
error_merge_rate_pp,192,28,-19.857975806408906,-19.45083512649633,228.59295294431195,-139.22619047619048,-63.22753396029257,8.70096633595229,70.89157204993506
error_review_rate_pct,208,12,-0.6149900959840917,-1.2642106933315849,70.42972244543633,-74.79653592309127,-32.89042867817254,16.027281165821456,41.16358693441013
error_merge_rate_pct,192,28,0.7434620209123359,-18.736624386679203,97.18345662564823,-77.67746621194898,-46.471399675262134,9.435096153846153,66.40301318267421
