metric,n,n_na,mean,median,sd,p10,p25,p75,p90
error_open_pct,366,3,-5.466873661438454,-70.58823529411765,276.7695687467017,-100.0,-100.0,-12.084398976982095,108.98151944581144
error_review_rate_pp,245,124,28.303030843726564,14.260624370966735,95.75196608273583,-56.135336223002675,-20.138888888888886,49.91421868982179,102.56598303122225
error_merge_rate_pp,223,146,20.893681426341892,0.0,261.0903172920144,-119.61341222879683,-51.71734234234235,51.55187074829932,208.38882921589695
error_review_rate_pct,243,126,75.44179682891263,19.87518202621177,258.4512284283199,-100.0,-38.400085162321766,84.77219994039845,246.69247591578525
error_merge_rate_pct,210,159,107.08204721409953,-2.127659574468088,540.1827065319812,-100.0,-55.2406511737643,82.95454545454545,333.2444444444443
