metric,n,n_na,mean,median,sd,p10,p25,p75,p90
error_open_pct,1810,0,58.6659870429594,-42.69701757851077,543.5279591821039,-100.0,-83.7121212121212,33.333333333333336,172.72727272727272
error_review_rate_pp,1461,349,-6.802550342800861,-0.7181052458088755,34.22834934597196,-54.74022644095427,-27.040816326530614,14.685239175035091,30.99848645040375
error_merge_rate_pp,1249,561,-11.80788527061974,-19.999999999999996,245.91547689001516,-132.69230769230768,-63.42710997442455,12.5,74.78018875534403
error_review_rate_pct,1425,385,-4.724593006505576,-2.44840318047723,77.37531482614158,-100.0,-44.796799101767476,20.508503503847667,55.859488273966576
error_merge_rate_pct,1229,581,3.452455535491869,-22.097378277153556,143.7023479149336,-100.0,-53.58422939068101,12.500000000000007,93.7478230581679
