metric,n,n_na,mean,median,sd,p10,p25,p75,p90
error_open_pct,366,3,17.790136097407867,-69.0688775510204,400.16784642599487,-100.0,-100.0,1.9428902930940246e-14,137.63440860215053
error_review_rate_pp,245,124,-2.8515084239928226,-1.2960919126113302,37.815422469617815,-55.54008106689035,-27.827697598126665,24.778271604938272,47.062979121080446
error_merge_rate_pp,188,181,14.640904295910655,6.494252873563222,151.8210731855239,-113.49703813402445,-40.40771658352846,52.74182076813655,134.05844155844164
error_review_rate_pct,244,125,11.293515816832127,-3.3279224755389785,177.75230991201175,-100.0,-64.69479571819672,38.15628988141247,114.79348545047718
error_merge_rate_pct,183,186,85.21187822065932,7.1428571428571415,435.6125495167267,-100.0,-44.128787878787875,71.0,200.00000000000003
