sample,covar_type,outcome,normalize,split_value,event_time,p2.5,p50,p97.5,draw_kstar,actual
exact1,pc_score_binary,pull_request_opened,TRUE,high,-5,-0.101948208641679,0.284697663404243,0.670920450585892,0.629375751750238,0.244296462396419
exact1,pc_score_binary,pull_request_opened,TRUE,high,-4,-0.160450451648035,0.215805342129252,0.590410405084923,0.382300902150059,0.206315751791113
exact1,pc_score_binary,pull_request_opened,TRUE,high,-3,-0.192632886537559,0.132814584237392,0.471993443382035,0.263318744990526,0.267074007462368
exact1,pc_score_binary,pull_request_opened,TRUE,high,-2,-0.236368669192895,0.0811235210654637,0.417920947393268,0.199949636683886,0.368250634255402
exact1,pc_score_binary,pull_request_opened,TRUE,high,-1,0,0,0,0,0
exact1,pc_score_binary,pull_request_opened,TRUE,high,0,-0.292415330154981,0.15713316358488,0.798354709670107,0.457332843557006,0.155967678833233
exact1,pc_score_binary,pull_request_opened,TRUE,high,1,-0.766898839652461,-0.353464672562994,0.189282718180567,0.298796861686177,0.181465689551803
exact1,pc_score_binary,pull_request_opened,TRUE,high,2,-0.801378956278569,-0.364910429726785,0.194857219822804,-0.0216833997063199,0.0772932685439853
exact1,pc_score_binary,pull_request_opened,TRUE,high,3,-0.796301614271711,-0.39788666578184,0.122540959488963,-0.384887766879955,0.279051911513625
exact1,pc_score_binary,pull_request_opened,TRUE,high,4,-0.837399273041941,-0.390015032613776,0.122339851371202,-0.0474287714176004,0.157435705122459
exact1,pc_score_binary,pull_request_opened,TRUE,high,5,-0.910805066647165,-0.409556030880762,0.0600336339227402,-0.105948327884034,0.0421478550124635
exact1,pc_score_binary,pull_request_opened,TRUE,low,-5,-0.303386836166783,0.0342739741859956,0.403589107804305,-0.019180082814023,0.08148550991143
exact1,pc_score_binary,pull_request_opened,TRUE,low,-4,-0.312449253879869,0.0142959834807873,0.356672604224332,-0.118530130224281,-0.0664535310227105
exact1,pc_score_binary,pull_request_opened,TRUE,low,-3,-0.368627184284148,-0.00906212714840457,0.286599600249693,-0.135979895393613,-0.0395770793107765
exact1,pc_score_binary,pull_request_opened,TRUE,low,-2,-0.332852946800038,-0.00946619723767365,0.289084527160382,0.0506247247746763,0.0565365566648073
exact1,pc_score_binary,pull_request_opened,TRUE,low,-1,0,0,0,0,0
exact1,pc_score_binary,pull_request_opened,TRUE,low,0,-0.26459907080611,0.173443138833749,0.679617368473377,0.0845540822550059,-0.282469736424119
exact1,pc_score_binary,pull_request_opened,TRUE,low,1,-0.425845608559778,-0.0379949020733364,0.49295822340714,-0.330620502834711,-1.14231955787736
exact1,pc_score_binary,pull_request_opened,TRUE,low,2,-0.42061674298245,0.0205683630578677,0.500316667920466,-0.30370907872352,-1.19075551659541
exact1,pc_score_binary,pull_request_opened,TRUE,low,3,-0.395407992699449,0.0696812031791435,0.671179586790113,0.635178363181523,-1.36215638051556
exact1,pc_score_binary,pull_request_opened,TRUE,low,4,-0.308603347498831,0.167120782815493,0.637652116493798,-0.0834500698879566,-1.24214787499761
exact1,pc_score_binary,pull_request_opened,TRUE,low,5,-0.252899523913591,0.235192141232666,0.765586455649509,0.143892327881239,-1.36023290402823
exact2,pc_score_binary,pull_request_opened,TRUE,high,-5,0.417825816615279,0.748016925546307,1.16994341631588,0.698560420066676,0.232750448973817
exact2,pc_score_binary,pull_request_opened,TRUE,high,-4,0.301386802271682,0.584835857267422,0.958112749921571,0.419515075262956,0.280089859901204
exact2,pc_score_binary,pull_request_opened,TRUE,high,-3,0.16645603913559,0.431758182683404,0.73415584097287,0.327627763013126,0.250473416823779
exact2,pc_score_binary,pull_request_opened,TRUE,high,-2,-0.0154440621731019,0.224639493171529,0.464446868740739,0.155390300393547,0.513246595632425
exact2,pc_score_binary,pull_request_opened,TRUE,high,-1,0,0,0,0,0
exact2,pc_score_binary,pull_request_opened,TRUE,high,0,-0.34351488246692,-0.0290373406693461,0.377077712414545,-0.111246626781179,0.589468237524754
exact2,pc_score_binary,pull_request_opened,TRUE,high,1,0.465973059957695,0.941457588070804,1.41328570205509,1.06970847598888,0.262368541375462
exact2,pc_score_binary,pull_request_opened,TRUE,high,2,0.247057856167048,0.748515055165727,1.2989979486722,0.668417077008377,0.515539072577283
exact2,pc_score_binary,pull_request_opened,TRUE,high,3,0.156161242648015,0.637386534003008,1.22838535431978,0.234204711791417,0.679760504076217
exact2,pc_score_binary,pull_request_opened,TRUE,high,4,0.033055401902862,0.571309792658484,1.13504323008766,0.735752598737641,0.880242534213864
exact2,pc_score_binary,pull_request_opened,TRUE,high,5,-0.0673940115978331,0.541489540128884,1.13508774949101,0.531956452800618,0.888765755761807
exact2,pc_score_binary,pull_request_opened,TRUE,low,-5,0.0249269840776794,0.328544375177737,0.639258259784582,0.126690641201767,0.296039212578307
exact2,pc_score_binary,pull_request_opened,TRUE,low,-4,0.00806820509813997,0.298773126192566,0.571650871462951,0.139031360087133,0.183552396118984
exact2,pc_score_binary,pull_request_opened,TRUE,low,-3,-0.0264909540843262,0.221910669233171,0.479469918302353,0.24753751328945,0.0437354195504019
exact2,pc_score_binary,pull_request_opened,TRUE,low,-2,-0.111218912396103,0.11933187115727,0.353351696548344,0.153645009619381,0.284104494730165
exact2,pc_score_binary,pull_request_opened,TRUE,low,-1,0,0,0,0,0
exact2,pc_score_binary,pull_request_opened,TRUE,low,0,-0.277054656462634,0.0241731109610154,0.357943749937288,-0.154302496175206,-0.767141985613489
exact2,pc_score_binary,pull_request_opened,TRUE,low,1,0.965034593620847,1.40008417660481,1.99435267362044,0.97132936091363,-1.78301907019229
exact2,pc_score_binary,pull_request_opened,TRUE,low,2,0.774454580366787,1.25954329880184,1.87452802867314,1.17291081563424,-2.38337504844124
exact2,pc_score_binary,pull_request_opened,TRUE,low,3,0.612988910257711,1.10290266283244,1.70387774274565,0.663088901186109,-2.90983830483049
exact2,pc_score_binary,pull_request_opened,TRUE,low,4,0.487817162721357,0.991792666002782,1.56168821128021,0.691554418724797,-3.65896587415344
exact2,pc_score_binary,pull_request_opened,TRUE,low,5,0.277281222331546,0.912867314111012,1.52510675479563,0.743582729365722,-3.98541246727446
exact_1_2,pc_score_binary,pull_request_opened,TRUE,high,-5,0.336790085926956,0.612176577128161,0.912124679846486,0.67739433432603,0.236282790979818
exact_1_2,pc_score_binary,pull_request_opened,TRUE,high,-4,0.258903494308288,0.475463950065684,0.732808017600774,0.408129917278645,0.257519698972546
exact_1_2,pc_score_binary,pull_request_opened,TRUE,high,-3,0.123225849850011,0.339914151581695,0.560988401940483,0.307953314576988,0.255552136334215
exact_1_2,pc_score_binary,pull_request_opened,TRUE,high,-2,-0.030566327823197,0.185187908453013,0.367308234082886,0.169022608756345,0.468887100599272
exact_1_2,pc_score_binary,pull_request_opened,TRUE,high,-1,0,0,0,0,0
exact_1_2,pc_score_binary,pull_request_opened,TRUE,high,0,-0.229480918373151,0.0310237705629383,0.365524062511443,0.0627023435962564,0.456844778929631
exact_1_2,pc_score_binary,pull_request_opened,TRUE,high,1,0.212296492078279,0.538687214621059,0.930138512340102,0.833858804033262,0.237617440589228
exact_1_2,pc_score_binary,pull_request_opened,TRUE,high,2,0.060942676688963,0.407219734695738,0.796827370584008,0.45729044714589,0.381463872256594
exact_1_2,pc_score_binary,pull_request_opened,TRUE,high,3,-0.0155816751075163,0.341054180989991,0.791177516919391,0.0448019900061113,0.557169290826474
exact_1_2,pc_score_binary,pull_request_opened,TRUE,high,4,-0.124888476339636,0.288183563363661,0.70208401584508,0.496149165859097,0.659109851341151
exact_1_2,pc_score_binary,pull_request_opened,TRUE,high,5,-0.186193674015141,0.248107157182132,0.659374252895159,0.336798369212163,0.629754799824793
exact_1_2,pc_score_binary,pull_request_opened,TRUE,low,-5,0.0110928662392386,0.236343757663235,0.483141036471959,0.0817138346302314,0.22988515425602
exact_1_2,pc_score_binary,pull_request_opened,TRUE,low,-4,-0.0261194318475924,0.209364820830777,0.416449429117305,0.0596165672411137,0.106467235250295
exact_1_2,pc_score_binary,pull_request_opened,TRUE,low,-3,-0.0475590653598435,0.151706388859392,0.344936294915858,0.129286312278839,0.0180473990682052
exact_1_2,pc_score_binary,pull_request_opened,TRUE,low,-2,-0.113209426553805,0.0749383732019242,0.26547360103802,0.121880421792264,0.21393771382668
exact_1_2,pc_score_binary,pull_request_opened,TRUE,low,-1,0,0,0,0,0
exact_1_2,pc_score_binary,pull_request_opened,TRUE,low,0,-0.184035809313059,0.0614060825015168,0.350556974070873,-0.080655051159224,-0.617701375446767
exact_1_2,pc_score_binary,pull_request_opened,TRUE,low,1,0.621549483917454,0.966840988923371,1.38976414212056,0.569894819591225,-1.58547005389519
exact_1_2,pc_score_binary,pull_request_opened,TRUE,low,2,0.517094313253385,0.891897062455202,1.31134144808138,0.7176196815406,-2.01565069278877
exact_1_2,pc_score_binary,pull_request_opened,TRUE,low,3,0.424419228821055,0.79532545068159,1.23335587751144,0.654483151968028,-2.43263637816672
exact_1_2,pc_score_binary,pull_request_opened,TRUE,low,4,0.384228007745781,0.740674787579333,1.15764466871142,0.452594701402531,-2.91378032441373
exact_1_2,pc_score_binary,pull_request_opened,TRUE,low,5,0.265872832440075,0.70483237020602,1.13990145384083,0.558678188908007,-3.1759821019402
exact1,pc_score_binary,pull_request_reviewed,TRUE,high,-5,-0.175059549817757,0.239802099293713,0.623205992100394,0.546869284450007,0.0581245560902277
exact1,pc_score_binary,pull_request_reviewed,TRUE,high,-4,-0.180345328438811,0.167160181849676,0.518520248224193,0.380900203214574,0.0360457647038578
exact1,pc_score_binary,pull_request_reviewed,TRUE,high,-3,-0.250980533962178,0.0999095416497675,0.430809943806262,0.208816656110208,0.0844912120986868
exact1,pc_score_binary,pull_request_reviewed,TRUE,high,-2,-0.245860521378641,0.069025190638074,0.429805615705482,0.271880443531343,0.092662905573363
exact1,pc_score_binary,pull_request_reviewed,TRUE,high,-1,0,0,0,0,0
exact1,pc_score_binary,pull_request_reviewed,TRUE,high,0,-0.32285084583984,0.143064754084544,0.807832670955459,0.316842351161647,0.306382939802831
exact1,pc_score_binary,pull_request_reviewed,TRUE,high,1,-0.987490497611798,-0.633428495447615,-0.13484993058851,-0.503582219511697,0.0455122845940817
exact1,pc_score_binary,pull_request_reviewed,TRUE,high,2,-1.03139189744671,-0.65235248643767,-0.170757268323943,-0.477649878535884,-0.118135230161496
exact1,pc_score_binary,pull_request_reviewed,TRUE,high,3,-1.04864452818168,-0.64139413542475,-0.241618607833173,-0.434789136328608,0.161138232018407
exact1,pc_score_binary,pull_request_reviewed,TRUE,high,4,-1.09781303145404,-0.648186921063759,-0.215423200205345,-0.385905740825025,-0.0546418603469534
exact1,pc_score_binary,pull_request_reviewed,TRUE,high,5,-1.12450548830933,-0.681890212182337,-0.234950819256141,-0.277294144836816,-0.15328127002498
exact1,pc_score_binary,pull_request_reviewed,TRUE,low,-5,-0.312247852339769,0.0295934277778777,0.390121737371136,-0.190704424068693,-0.208612658735359
exact1,pc_score_binary,pull_request_reviewed,TRUE,low,-4,-0.306725017959118,0.0162826856711998,0.346726142503886,-0.245709600764258,-0.281463381679792
exact1,pc_score_binary,pull_request_reviewed,TRUE,low,-3,-0.36892253389526,-0.0196984872366679,0.327129661772064,-0.206491057006765,-0.0741042770163645
exact1,pc_score_binary,pull_request_reviewed,TRUE,low,-2,-0.352952664435682,-0.0180735060144177,0.315593325935914,0.0674772035356941,-0.0153144617284311
exact1,pc_score_binary,pull_request_reviewed,TRUE,low,-1,0,0,0,0,0
exact1,pc_score_binary,pull_request_reviewed,TRUE,low,0,-0.270611603523464,0.150827092595566,0.68679126318851,-0.0419897145975265,-0.294865975746947
exact1,pc_score_binary,pull_request_reviewed,TRUE,low,1,-0.908832227339288,-0.650173849297526,-0.265434010162221,-0.836333984258806,-1.03429846510738
exact1,pc_score_binary,pull_request_reviewed,TRUE,low,2,-0.950189806782965,-0.564711207662461,-0.198916127456129,-0.899955566379549,-0.961842079995732
exact1,pc_score_binary,pull_request_reviewed,TRUE,low,3,-0.924545092359604,-0.548925059575719,-0.195376118630106,-0.276957602549802,-1.12732389564224
exact1,pc_score_binary,pull_request_reviewed,TRUE,low,4,-0.811366976702078,-0.458673808828429,-0.0906264532853871,-0.534357761307474,-0.919320127706376
exact1,pc_score_binary,pull_request_reviewed,TRUE,low,5,-0.746312723872724,-0.375844198618916,-0.0025605453600027,-0.384961288989874,-1.13170858038646
exact2,pc_score_binary,pull_request_reviewed,TRUE,high,-5,0.315089871794769,0.671221553592844,1.13329933887304,0.608541961895036,0.17594969560328
exact2,pc_score_binary,pull_request_reviewed,TRUE,high,-4,0.231225006530693,0.529307634573121,0.868253285552645,0.429043000169344,0.222045824280861
exact2,pc_score_binary,pull_request_reviewed,TRUE,high,-3,0.108349965582578,0.381086622428327,0.674512761216293,0.378851899663058,0.211904702744774
exact2,pc_score_binary,pull_request_reviewed,TRUE,high,-2,-0.0647462108870483,0.192217253211281,0.442978177628006,0.259940358746709,0.498500087137452
exact2,pc_score_binary,pull_request_reviewed,TRUE,high,-1,0,0,0,0,0
exact2,pc_score_binary,pull_request_reviewed,TRUE,high,0,-0.331958469435381,-0.0372022753937656,0.338694591142128,0.0298343655573442,0.384074348326914
exact2,pc_score_binary,pull_request_reviewed,TRUE,high,1,-0.180781002261089,0.20816682677228,0.651650863324213,0.369889643924816,0.125587469681704
exact2,pc_score_binary,pull_request_reviewed,TRUE,high,2,-0.381400069984026,0.0432862390917048,0.505516463678223,0.118697267811296,0.37293777064411
exact2,pc_score_binary,pull_request_reviewed,TRUE,high,3,-0.51081742272961,-0.0489391562205681,0.41691182691907,-0.18805159363332,0.426215719884273
exact2,pc_score_binary,pull_request_reviewed,TRUE,high,4,-0.611144906250761,-0.122308703780994,0.361614364309666,0.0162976426610975,0.605734775971218
exact2,pc_score_binary,pull_request_reviewed,TRUE,high,5,-0.719812582943241,-0.153278840780783,0.363097221842779,-0.116126158485789,0.745231834523212
exact2,pc_score_binary,pull_request_reviewed,TRUE,low,-5,0.00231536660678747,0.301368327454795,0.642697792055424,0.237940336475232,0.296946616156591
exact2,pc_score_binary,pull_request_reviewed,TRUE,low,-4,0.0145668288655285,0.273463487746164,0.542718656294244,0.209855772449028,0.278423112367674
exact2,pc_score_binary,pull_request_reviewed,TRUE,low,-3,-0.0465255600242376,0.198765158010115,0.451740852367603,0.318012624617006,0.0653120552187769
exact2,pc_score_binary,pull_request_reviewed,TRUE,low,-2,-0.138978457823802,0.113104115068131,0.364795132808184,0.208441650257705,0.281240613445454
exact2,pc_score_binary,pull_request_reviewed,TRUE,low,-1,0,0,0,0,0
exact2,pc_score_binary,pull_request_reviewed,TRUE,low,0,-0.26425712287054,0.0522694302598485,0.415983027606875,-0.0819304001976583,-0.616994997547656
exact2,pc_score_binary,pull_request_reviewed,TRUE,low,1,0.213564434631118,0.604097428118542,1.03625123118541,0.047357685745837,-1.52031811741464
exact2,pc_score_binary,pull_request_reviewed,TRUE,low,2,0.0919818672354936,0.483928559166916,0.943877815380629,0.235496058125961,-2.0115213459324
exact2,pc_score_binary,pull_request_reviewed,TRUE,low,3,-0.0340245142533979,0.37920582614977,0.826879724464864,-0.224156254737327,-2.22646986202217
exact2,pc_score_binary,pull_request_reviewed,TRUE,low,4,-0.173233578522779,0.300926320840518,0.75894569690054,-0.0759436958797607,-2.30083069572713
exact2,pc_score_binary,pull_request_reviewed,TRUE,low,5,-0.291216520521955,0.229527799570484,0.746989780456833,0.00481435017021014,-2.62788111342433
exact_1_2,pc_score_binary,pull_request_reviewed,TRUE,high,-5,0.262332089265063,0.538089904472698,0.86675554758216,0.589674065142447,0.139902735112986
exact_1_2,pc_score_binary,pull_request_reviewed,TRUE,high,-4,0.192450934640631,0.414907246170023,0.681757188100995,0.414314381922907,0.165141696465065
exact_1_2,pc_score_binary,pull_request_reviewed,TRUE,high,-3,0.0907087859194076,0.301165652889265,0.528786344245843,0.326831984968807,0.172924319761724
exact_1_2,pc_score_binary,pull_request_reviewed,TRUE,high,-2,-0.0571040978116911,0.159903341641275,0.364402417188836,0.263593261397716,0.374339853508256
exact_1_2,pc_score_binary,pull_request_reviewed,TRUE,high,-1,0,0,0,0,0
exact_1_2,pc_score_binary,pull_request_reviewed,TRUE,high,0,-0.212868446777179,0.0305459957900055,0.325751954653952,0.117640461609802,0.360305743892606
exact_1_2,pc_score_binary,pull_request_reviewed,TRUE,high,1,-0.352056510688758,-0.0465485978463442,0.254828000022209,0.102663092097207,0.101089582006495
exact_1_2,pc_score_binary,pull_request_reviewed,TRUE,high,2,-0.476497776892455,-0.160609684617076,0.164882852761588,-0.0637468363223166,0.222700825192167
exact_1_2,pc_score_binary,pull_request_reviewed,TRUE,high,3,-0.564799941437845,-0.245348878888721,0.161839713511924,-0.263537508521833,0.345118954190149
exact_1_2,pc_score_binary,pull_request_reviewed,TRUE,high,4,-0.63084665283741,-0.283079527322415,0.103750898118094,-0.106750881053835,0.403701741115887
exact_1_2,pc_score_binary,pull_request_reviewed,TRUE,high,5,-0.699262017471159,-0.306984714863987,0.0622962750342782,-0.165433259332907,0.470344263725364
exact_1_2,pc_score_binary,pull_request_reviewed,TRUE,low,-5,-0.00550527213841111,0.211702388948748,0.471364606625552,0.105774868640855,0.141065839731573
exact_1_2,pc_score_binary,pull_request_reviewed,TRUE,low,-4,-0.035022311545933,0.195582905119873,0.396178446810725,0.0693897823749315,0.105791443369706
exact_1_2,pc_score_binary,pull_request_reviewed,TRUE,low,-3,-0.0744196121063981,0.133324169825197,0.346360565480317,0.156290656116343,0.0223253527796083
exact_1_2,pc_score_binary,pull_request_reviewed,TRUE,low,-2,-0.115321200093372,0.0710729422917991,0.258483808998464,0.164977612518418,0.189802798600173
exact_1_2,pc_score_binary,pull_request_reviewed,TRUE,low,-1,0,0,0,0,0
exact_1_2,pc_score_binary,pull_request_reviewed,TRUE,low,0,-0.170946716357781,0.0843541262308771,0.388294132990494,-0.069615355470951,-0.517671882492437
exact_1_2,pc_score_binary,pull_request_reviewed,TRUE,low,1,-0.0716860106024585,0.218926686004411,0.519793896043539,-0.225113912505595,-1.37046205795323
exact_1_2,pc_score_binary,pull_request_reviewed,TRUE,low,2,-0.121707802440019,0.164484002579549,0.490371150359087,-0.114601526096571,-1.68787023893526
exact_1_2,pc_score_binary,pull_request_reviewed,TRUE,low,3,-0.217449571757348,0.0910899127375536,0.421554857164383,-0.24043667031284,-1.88756652238835
exact_1_2,pc_score_binary,pull_request_reviewed,TRUE,low,4,-0.263296202288244,0.0677381935088256,0.417684458835432,-0.217288032719972,-1.87486493725406
exact_1_2,pc_score_binary,pull_request_reviewed,TRUE,low,5,-0.322973796180992,0.0377812127422102,0.416933036629404,-0.115366471904149,-2.16656124907099
exact1,pc_score_binary,pull_request_merged_direct,TRUE,high,-5,-0.293924030743622,0.160889045641404,0.595145435908426,0.0464152781678668,0.118071657401617
exact1,pc_score_binary,pull_request_merged_direct,TRUE,high,-4,-0.219553757661769,0.112179234784079,0.568146069577239,0.175527070112649,0.199612274629044
exact1,pc_score_binary,pull_request_merged_direct,TRUE,high,-3,-0.320162103478282,0.0671630773984124,0.412744344408898,0.0553483902282553,0.255975735660982
exact1,pc_score_binary,pull_request_merged_direct,TRUE,high,-2,-0.351657099816805,0.0291929722895637,0.39141555754017,-0.0464438250419509,0.453819708614533
exact1,pc_score_binary,pull_request_merged_direct,TRUE,high,-1,0,0,0,0,0
exact1,pc_score_binary,pull_request_merged_direct,TRUE,high,0,-0.370889994129778,0.131304917405947,0.736456083550538,0.257800554340296,0.258279107100105
exact1,pc_score_binary,pull_request_merged_direct,TRUE,high,1,-1.13515763955801,-0.696603599548359,-0.330154610312095,-0.587605615486593,0.209413129349191
exact1,pc_score_binary,pull_request_merged_direct,TRUE,high,2,-1.05252724042436,-0.677007000104866,-0.276474674004513,-0.687207684631064,-0.0699697477878683
exact1,pc_score_binary,pull_request_merged_direct,TRUE,high,3,-1.07819476002478,-0.650271585197143,-0.252113550920787,-0.597971277573438,0.143282808113821
exact1,pc_score_binary,pull_request_merged_direct,TRUE,high,4,-1.05029622972979,-0.630091976066182,-0.245307654605195,-0.570866501085354,0.356157092098517
exact1,pc_score_binary,pull_request_merged_direct,TRUE,high,5,-1.08772335312522,-0.634942447331557,-0.197697563124721,-0.855295813340512,0.467140498538597
exact2,pc_score_binary,pull_request_merged_direct,TRUE,high,-5,0.115889391987629,0.486306942727259,0.877953729268777,0.736416319404148,0.158112014761461
exact2,pc_score_binary,pull_request_merged_direct,TRUE,high,-4,0.0609973939839598,0.401504032452687,0.73394963763345,0.461121532726061,0.221812005308498
exact2,pc_score_binary,pull_request_merged_direct,TRUE,high,-3,0.00828761906654892,0.292332535275243,0.593245357542541,0.245820715444477,0.214985358469674
exact2,pc_score_binary,pull_request_merged_direct,TRUE,high,-2,-0.12437571378775,0.169542493863309,0.418431393519347,0.234690335166787,0.434976646325285
exact2,pc_score_binary,pull_request_merged_direct,TRUE,high,-1,0,0,0,0,0
exact2,pc_score_binary,pull_request_merged_direct,TRUE,high,0,-0.344901108258131,0.00275961206474873,0.350715215634207,0.0996395631776923,0.686322118479963
exact2,pc_score_binary,pull_request_merged_direct,TRUE,high,1,-0.222840679727894,0.182066579391234,0.60055649906375,0.628308001188037,0.749356257303491
exact2,pc_score_binary,pull_request_merged_direct,TRUE,high,2,-0.349155929812168,0.0516551196313959,0.506067593534684,0.00803751003269106,1.02953804083783
exact2,pc_score_binary,pull_request_merged_direct,TRUE,high,3,-0.376481241474745,0.0203519927292348,0.476583936225804,-0.257288208091015,0.661836068686702
exact2,pc_score_binary,pull_request_merged_direct,TRUE,high,4,-0.432400966513963,-0.000917443689073205,0.467946496786839,0.0870613347796593,0.690554093512956
exact2,pc_score_binary,pull_request_merged_direct,TRUE,high,5,-0.470161455914276,0.00439139349835692,0.507534493516357,-0.00814520820608947,0.528856045035555
exact_1_2,pc_score_binary,pull_request_merged_direct,TRUE,high,-5,0.112102581005413,0.381117911050879,0.677901389611214,0.52532011044145,0.145862225066897
exact_1_2,pc_score_binary,pull_request_merged_direct,TRUE,high,-4,0.0562946612481196,0.317012861320379,0.577308809853461,0.373747884346615,0.215020306881451
exact_1_2,pc_score_binary,pull_request_merged_direct,TRUE,high,-3,-0.0171692337163186,0.220108447282645,0.458985639552898,0.187548360241341,0.227525793500805
exact_1_2,pc_score_binary,pull_request_merged_direct,TRUE,high,-2,-0.106523691205112,0.126606279537521,0.354859064171128,0.148681254189685,0.440741418806471
exact_1_2,pc_score_binary,pull_request_merged_direct,TRUE,high,-1,0,0,0,0,0
exact_1_2,pc_score_binary,pull_request_merged_direct,TRUE,high,0,-0.238128625085049,0.0474709386238256,0.348523470320527,0.148026715725156,0.555368320477906
exact_1_2,pc_score_binary,pull_request_merged_direct,TRUE,high,1,-0.379499802613273,-0.0969939725500652,0.246036042372012,0.256316164123196,0.584168177061765
exact_1_2,pc_score_binary,pull_request_merged_direct,TRUE,high,2,-0.463295091426063,-0.16903264285428,0.176409416851002,-0.204663074636129,0.693158945687502
exact_1_2,pc_score_binary,pull_request_merged_direct,TRUE,high,3,-0.490596697794962,-0.181269596789532,0.129655586344654,-0.361515448526277,0.503191920474907
exact_1_2,pc_score_binary,pull_request_merged_direct,TRUE,high,4,-0.527160343518903,-0.19417689431173,0.127188751395132,-0.114222523681327,0.588249988057397
exact_1_2,pc_score_binary,pull_request_merged_direct,TRUE,high,5,-0.558439066096346,-0.191293219108816,0.191082986123162,-0.267319137630776,0.509975033093563
exact1,pc_score_binary,pull_request_merged_after_review,TRUE,high,-5,-0.213224922620455,0.176013233849372,0.567280278591257,0.556581717308666,0.245070036547029
exact1,pc_score_binary,pull_request_merged_after_review,TRUE,high,-4,-0.225318035145276,0.144417295833159,0.482997508388998,0.409720387899854,0.144709189584604
exact1,pc_score_binary,pull_request_merged_after_review,TRUE,high,-3,-0.302986737700942,0.0800002777977081,0.416150253147768,0.181197331804941,0.261305629814019
exact1,pc_score_binary,pull_request_merged_after_review,TRUE,high,-2,-0.280264570144377,0.0532172308393018,0.435814038623119,0.214213204131764,0.246835556267255
exact1,pc_score_binary,pull_request_merged_after_review,TRUE,high,-1,0,0,0,0,0
exact1,pc_score_binary,pull_request_merged_after_review,TRUE,high,0,-0.333632906144166,0.133074722081762,0.778608375215939,0.441224427591824,0.497899342101034
exact1,pc_score_binary,pull_request_merged_after_review,TRUE,high,1,-1.08515186467799,-0.713670030213683,-0.348975049546824,-0.431416144589156,0.338048744434853
exact1,pc_score_binary,pull_request_merged_after_review,TRUE,high,2,-1.0872095562907,-0.720971214837818,-0.289846119690559,-0.506401634841806,0.331529180904053
exact1,pc_score_binary,pull_request_merged_after_review,TRUE,high,3,-1.11050192958168,-0.708763981540331,-0.323472304510913,-0.404619440072973,0.675270883910245
exact1,pc_score_binary,pull_request_merged_after_review,TRUE,high,4,-1.14071559503963,-0.730548674120506,-0.314786962511704,-0.239192215688708,0.421037338342012
exact1,pc_score_binary,pull_request_merged_after_review,TRUE,high,5,-1.20802620882777,-0.745246001615646,-0.31761524359443,-0.285776137736076,0.232522940209301
exact2,pc_score_binary,pull_request_merged_after_review,TRUE,high,-5,0.289479866151552,0.631828502499928,1.03714208382956,0.57251553987198,0.275337015425764
exact2,pc_score_binary,pull_request_merged_after_review,TRUE,high,-4,0.19241639718388,0.498364896387844,0.814773770130494,0.377951196291672,0.247025166946815
exact2,pc_score_binary,pull_request_merged_after_review,TRUE,high,-3,0.083913479903223,0.362802293421697,0.657933051708023,0.306296139017743,0.273219338917935
exact2,pc_score_binary,pull_request_merged_after_review,TRUE,high,-2,-0.0847608911724155,0.183213685364562,0.442320530378299,0.211859939397628,0.593858668698718
exact2,pc_score_binary,pull_request_merged_after_review,TRUE,high,-1,0,0,0,0,0
exact2,pc_score_binary,pull_request_merged_after_review,TRUE,high,0,-0.355338715810054,-0.0375375062829962,0.319400477157509,0.0561180912891454,0.510927909294924
exact2,pc_score_binary,pull_request_merged_after_review,TRUE,high,1,-0.372907143901525,0.00868507138926209,0.441505451008376,0.176744383325685,0.222718830822383
exact2,pc_score_binary,pull_request_merged_after_review,TRUE,high,2,-0.532998912270494,-0.149405365297772,0.270778246669489,0.0753328637007901,0.592376099452104
exact2,pc_score_binary,pull_request_merged_after_review,TRUE,high,3,-0.633745496113758,-0.241778932944044,0.228985095210214,-0.247208675008799,0.609750973991316
exact2,pc_score_binary,pull_request_merged_after_review,TRUE,high,4,-0.756714643680256,-0.284093318414292,0.174104511077251,-0.12255801221235,0.767451683275036
exact2,pc_score_binary,pull_request_merged_after_review,TRUE,high,5,-0.804681940553931,-0.315250150667514,0.157699728376005,-0.167058638333181,0.909765890174742
exact_1_2,pc_score_binary,pull_request_merged_after_review,TRUE,high,-5,0.211211590528956,0.502052635781593,0.801581749800153,0.567640808768135,0.266077254764233
exact_1_2,pc_score_binary,pull_request_merged_after_review,TRUE,high,-4,0.145171420338881,0.387169057818938,0.613252622330345,0.38767053801655,0.21572301862139
exact_1_2,pc_score_binary,pull_request_merged_after_review,TRUE,high,-3,0.0485217549341558,0.276488282812252,0.512631246484128,0.268023901194648,0.269574505539111
exact_1_2,pc_score_binary,pull_request_merged_after_review,TRUE,high,-2,-0.0765715176353133,0.148607354830737,0.350824687880292,0.212579887969258,0.487691780420599
exact_1_2,pc_score_binary,pull_request_merged_after_review,TRUE,high,-1,0,0,0,0,0
exact_1_2,pc_score_binary,pull_request_merged_after_review,TRUE,high,0,-0.233178736078275,0.0239942117422329,0.33913942550802,0.173936011527864,0.506942000610035
exact_1_2,pc_score_binary,pull_request_merged_after_review,TRUE,high,1,-0.508082107412886,-0.21015254572016,0.0995680166011172,-0.00931386037428888,0.258002411699258
exact_1_2,pc_score_binary,pull_request_merged_after_review,TRUE,high,2,-0.620864154787248,-0.320287247416269,-0.000286945127436958,-0.102640704346488,0.512573617521878
exact_1_2,pc_score_binary,pull_request_merged_after_review,TRUE,high,3,-0.688746494736728,-0.383070367644626,-0.040545049572112,-0.295366306329802,0.629795877939116
exact_1_2,pc_score_binary,pull_request_merged_after_review,TRUE,high,4,-0.763964116228674,-0.42910629194967,-0.0753151800965661,-0.158240622408313,0.661471038934796
exact_1_2,pc_score_binary,pull_request_merged_after_review,TRUE,high,5,-0.805473161790914,-0.445462590694868,-0.0912588373451786,-0.20337860390393,0.702572841555178
exact1,pc_score_binary,pull_request_merged,TRUE,high,-5,-0.136115631228632,0.252651109366991,0.635424875922004,0.479783036838536,0.260031888515091
exact1,pc_score_binary,pull_request_merged,TRUE,high,-4,-0.15621482490269,0.184537948551175,0.560288515629104,0.450419049211917,0.246085497421356
exact1,pc_score_binary,pull_request_merged,TRUE,high,-3,-0.240523503937043,0.120833426510902,0.43298764679098,0.188552813155259,0.328331616378388
exact1,pc_score_binary,pull_request_merged,TRUE,high,-2,-0.266207079621181,0.083073989295087,0.417561874030798,0.0901436071693768,0.44262331148547
exact1,pc_score_binary,pull_request_merged,TRUE,high,-1,0,0,0,0,0
exact1,pc_score_binary,pull_request_merged,TRUE,high,0,-0.31206884612738,0.160570758149979,0.775875566668029,0.367033731594767,0.406330526975211
exact1,pc_score_binary,pull_request_merged,TRUE,high,1,-1.15380327905726,-0.80960647553463,-0.446308332554505,-0.597833833102324,0.392925097434744
exact1,pc_score_binary,pull_request_merged,TRUE,high,2,-1.16248249428333,-0.812274896792606,-0.41826653840107,-0.658526654930293,0.540181514481132
exact1,pc_score_binary,pull_request_merged,TRUE,high,3,-1.19596246420713,-0.805593398225892,-0.407577921004435,-0.629466208858996,0.685398362965082
exact1,pc_score_binary,pull_request_merged,TRUE,high,4,-1.20048465520407,-0.814575609648814,-0.417590335729365,-0.46410894399436,0.683365789666278
exact1,pc_score_binary,pull_request_merged,TRUE,high,5,-1.25071000887054,-0.834900432409137,-0.448136618825218,-0.616611304194192,0.507009831147176
exact1,pc_score_binary,pull_request_merged,TRUE,low,-5,-0.315467097471535,0.006806550624615,0.369189742263352,-0.0438175198193911,0.125043402659329
exact1,pc_score_binary,pull_request_merged,TRUE,low,-4,-0.355520821415504,-0.0178880409860014,0.326650941632942,-0.141183750717218,-0.0397805322501357
exact1,pc_score_binary,pull_request_merged,TRUE,low,-3,-0.369309913725528,-0.0180496468192116,0.283376669969722,-0.0995410226085777,-0.00569316575575107
exact1,pc_score_binary,pull_request_merged,TRUE,low,-2,-0.351810806987358,-0.019404113857276,0.292076454198652,0.0986646757981261,0.125119673456283
exact1,pc_score_binary,pull_request_merged,TRUE,low,-1,0,0,0,0,0
exact1,pc_score_binary,pull_request_merged,TRUE,low,0,-0.247715034633088,0.170740925175493,0.664968980572029,0.11171879331635,-0.506453908634305
exact1,pc_score_binary,pull_request_merged,TRUE,low,1,-1.22777695394215,-0.91847127705028,-0.540349503815353,-1.09247956117561,-1.20212303194589
exact1,pc_score_binary,pull_request_merged,TRUE,low,2,-1.16832301177853,-0.848126933649377,-0.491020596494422,-0.974903203978613,-1.41850476645461
exact1,pc_score_binary,pull_request_merged,TRUE,low,3,-1.13910455947502,-0.807478834429592,-0.464703786793418,-0.684510927480807,-1.50437922255199
exact1,pc_score_binary,pull_request_merged,TRUE,low,4,-1.05930489196533,-0.710693189178466,-0.357523645804069,-0.851835630325066,-1.32796700044905
exact1,pc_score_binary,pull_request_merged,TRUE,low,5,-0.999595303153497,-0.623552679738233,-0.228089723590376,-0.498359143403751,-1.43491122400376
exact2,pc_score_binary,pull_request_merged,TRUE,high,-5,0.376005427160663,0.699893774894653,1.08887548676083,0.699520850424817,0.343108932411783
exact2,pc_score_binary,pull_request_merged,TRUE,high,-4,0.269408440789139,0.553048750918279,0.883960539374926,0.401598070768687,0.348295571621034
exact2,pc_score_binary,pull_request_merged,TRUE,high,-3,0.149732135451181,0.403771167450576,0.720056543916308,0.298404696874085,0.261552760386679
exact2,pc_score_binary,pull_request_merged,TRUE,high,-2,-0.0457998278308631,0.21279589856993,0.458411620731499,0.222832625619482,0.589613278494172
exact2,pc_score_binary,pull_request_merged,TRUE,high,-1,0,0,0,0,0
exact2,pc_score_binary,pull_request_merged,TRUE,high,0,-0.348518413679329,-0.0180828802109431,0.355549855807564,0.048713449928853,0.733735431573404
exact2,pc_score_binary,pull_request_merged,TRUE,high,1,-0.139135157972925,0.271900330127661,0.728201648583586,0.504505542029156,0.325181574641957
exact2,pc_score_binary,pull_request_merged,TRUE,high,2,-0.325220644601493,0.0995408164864038,0.573272220849973,0.159313899400601,0.744741626860283
exact2,pc_score_binary,pull_request_merged,TRUE,high,3,-0.460489181901356,-0.0101846637806977,0.471310901450848,-0.269771734691607,0.804260722330415
exact2,pc_score_binary,pull_request_merged,TRUE,high,4,-0.596315630560727,-0.0647009235137465,0.441312648618898,0.103240305250389,1.0403107320524
exact2,pc_score_binary,pull_request_merged,TRUE,high,5,-0.600280799683328,-0.0973574583876477,0.463682089037614,-0.121318963059097,0.925322127129024
exact2,pc_score_binary,pull_request_merged,TRUE,low,-5,0.0177351872038523,0.323153497302392,0.64951046446029,0.135352931341772,0.144387938322054
exact2,pc_score_binary,pull_request_merged,TRUE,low,-4,0.00343579345047356,0.284528168127425,0.546121390671477,0.137005706855457,0.0278675515473276
exact2,pc_score_binary,pull_request_merged,TRUE,low,-3,-0.0110533265082997,0.206538885250893,0.484028868029154,0.254429688610823,-0.0356381985062091
exact2,pc_score_binary,pull_request_merged,TRUE,low,-2,-0.115208206425684,0.120877033866655,0.354687067198378,0.16934324291473,0.210399907939295
exact2,pc_score_binary,pull_request_merged,TRUE,low,-1,0,0,0,0,0
exact2,pc_score_binary,pull_request_merged,TRUE,low,0,-0.286616627816115,0.0228987489745682,0.358460436081949,-0.0722594252801212,-0.688623475881009
exact2,pc_score_binary,pull_request_merged,TRUE,low,1,0.330949324685978,0.727121296082667,1.27290912745104,0.320939715749654,-1.56186117415689
exact2,pc_score_binary,pull_request_merged,TRUE,low,2,0.159279181667073,0.614026603330798,1.0914281921018,0.560318607978019,-2.18817281541459
exact2,pc_score_binary,pull_request_merged,TRUE,low,3,0.0181288662854262,0.478812333136061,1.01991324114163,0.0359106475065193,-2.60145697733779
exact2,pc_score_binary,pull_request_merged,TRUE,low,4,-0.186951329718016,0.387347829121569,0.889055408735093,-0.00564114271003799,-3.30007450062624
exact2,pc_score_binary,pull_request_merged,TRUE,low,5,-0.33803422338389,0.310894665098314,0.83656007441994,0.242862593673451,-3.59305068289524
exact_1_2,pc_score_binary,pull_request_merged,TRUE,high,-5,0.297806190029598,0.568356166848582,0.850780232860283,0.632295126633581,0.317692667840649
exact_1_2,pc_score_binary,pull_request_merged,TRUE,high,-4,0.216006870567402,0.4429171586085,0.700524743041687,0.416534169196525,0.317025822893279
exact_1_2,pc_score_binary,pull_request_merged,TRUE,high,-3,0.0970004004694546,0.314413274199507,0.549115180309442,0.264797042950973,0.281982821352179
exact_1_2,pc_score_binary,pull_request_merged,TRUE,high,-2,-0.048666565504539,0.181457964271925,0.378867278170312,0.182238268376756,0.544643745208405
exact_1_2,pc_score_binary,pull_request_merged,TRUE,high,-1,0,0,0,0,0
exact_1_2,pc_score_binary,pull_request_merged,TRUE,high,0,-0.230036731641141,0.0418000120488567,0.354166933472596,0.146099106876872,0.633570460760259
exact_1_2,pc_score_binary,pull_request_merged,TRUE,high,1,-0.350207576861395,-0.0537587664206647,0.261426915848678,0.167260162422722,0.345906761980389
exact_1_2,pc_score_binary,pull_request_merged,TRUE,high,2,-0.477127090958111,-0.177273252610966,0.138046759767472,-0.0908930281800831,0.682159309374424
exact_1_2,pc_score_binary,pull_request_merged,TRUE,high,3,-0.580677543909575,-0.26421375084709,0.0951155557530147,-0.37981524961953,0.767896438871615
exact_1_2,pc_score_binary,pull_request_merged,TRUE,high,4,-0.679128994289213,-0.295792349610082,0.0822580516216224,-0.070332296116726,0.931108398080391
exact_1_2,pc_score_binary,pull_request_merged,TRUE,high,5,-0.695947315822799,-0.328474081658556,0.0886769013032311,-0.272846756922345,0.797345305983893
exact_1_2,pc_score_binary,pull_request_merged,TRUE,low,-5,0.00894029639307441,0.219636757058424,0.47535717072408,0.0801087089004134,0.138423373159381
exact_1_2,pc_score_binary,pull_request_merged,TRUE,low,-4,-0.0229969752647027,0.194696988867789,0.388262269601425,0.0512306241038824,0.00700939237644304
exact_1_2,pc_score_binary,pull_request_merged,TRUE,low,-3,-0.0671889402536416,0.142141763098467,0.356919371826013,0.145288719318175,-0.0264051467414845
exact_1_2,pc_score_binary,pull_request_merged,TRUE,low,-2,-0.117834990609356,0.0741760444916398,0.261113509860862,0.147550684720444,0.1841051689737
exact_1_2,pc_score_binary,pull_request_merged,TRUE,low,-1,0,0,0,0,0
exact_1_2,pc_score_binary,pull_request_merged,TRUE,low,0,-0.169805249599141,0.0717443219809063,0.327957635184986,-0.0155328078795425,-0.632454525979942
exact_1_2,pc_score_binary,pull_request_merged,TRUE,low,1,-0.0773507790173742,0.232230835483956,0.618926387348547,-0.114864561302303,-1.45094191364183
exact_1_2,pc_score_binary,pull_request_merged,TRUE,low,2,-0.167737188330834,0.156968695870883,0.528481154179829,0.0869585492913906,-1.95085850031859
exact_1_2,pc_score_binary,pull_request_merged,TRUE,low,3,-0.245641379283202,0.0688871640389562,0.469151038161964,-0.186219338114573,-2.26319133627884
exact_1_2,pc_score_binary,pull_request_merged,TRUE,low,4,-0.343782108826728,0.0436113933784799,0.420327192716145,-0.266551109724672,-2.69200802140494
exact_1_2,pc_score_binary,pull_request_merged,TRUE,low,5,-0.389025405374393,0.0196466049095449,0.407824520277762,0.0143192247413136,-2.92762434973703
exact1,pc_score_binary,merge_rate,TRUE,high,-5,-0.514146910917138,-0.0385457581817929,0.406695830788644,-0.682167687729825,0.0265587134162495
exact1,pc_score_binary,merge_rate,TRUE,high,-4,-0.488738396268431,-0.0117374287781306,0.511957376135294,-0.320222116225274,-0.0964815743473219
exact1,pc_score_binary,merge_rate,TRUE,high,-3,-0.502420053662962,-0.00643403528820735,0.482292173018282,-0.435464665136247,-0.157670680021351
exact1,pc_score_binary,merge_rate,TRUE,high,-2,-0.434734758798997,-0.0196282163907654,0.518063308351188,-0.525659848849345,-0.13694793623742
exact1,pc_score_binary,merge_rate,TRUE,high,-1,0,0,0,0,0
exact1,pc_score_binary,merge_rate,TRUE,high,0,-0.779723367479603,-0.0569744671134375,0.584567428476093,-0.00632065208140267,-0.224286573817782
exact1,pc_score_binary,merge_rate,TRUE,high,1,-4.80651975771471,-2.70605133049705,-1.43563196255663,-1.8343964602567,-0.214664670848842
exact1,pc_score_binary,merge_rate,TRUE,high,2,-4.6017024477648,-2.72680289232408,-1.45053214094762,-2.59264102798423,-1.0651541112242
exact1,pc_score_binary,merge_rate,TRUE,high,3,-4.67829485415651,-2.67874476948543,-1.50362733213297,-3.02289171903043,0.364153621169702
exact1,pc_score_binary,merge_rate,TRUE,high,4,-4.93844987169012,-2.65497313141929,-1.45554862646525,-1.97824218135321,0.269867414267814
exact1,pc_score_binary,merge_rate,TRUE,high,5,-4.41148266375932,-2.64137965227857,-1.45983429537231,-2.11638732595746,0.830218595716374
exact1,pc_score_binary,merge_rate,TRUE,low,-5,-0.495067348092684,-0.0566467553320022,0.432450698220261,0.0395464380034874,0.0310498067090007
exact1,pc_score_binary,merge_rate,TRUE,low,-4,-0.506827858493413,-0.0420046241210538,0.423551964968515,-0.0563835714092521,-0.085933778911464
exact1,pc_score_binary,merge_rate,TRUE,low,-3,-0.447693774905209,-0.00335725414379297,0.399299585598225,0.177658615067677,-0.0321007743039733
exact1,pc_score_binary,merge_rate,TRUE,low,-2,-0.460430524704694,-0.0132294878213432,0.402475723080196,0.29116019967185,-0.0339690422314311
exact1,pc_score_binary,merge_rate,TRUE,low,-1,0,0,0,0,0
exact1,pc_score_binary,merge_rate,TRUE,low,0,-0.636892574602164,-0.0720799804029187,0.51667705179722,0.286813247898859,-0.925966534559385
exact1,pc_score_binary,merge_rate,TRUE,low,1,-4.86461209622613,-3.62558912193859,-2.72999097233869,-2.61296445524546,-0.906745223244027
exact1,pc_score_binary,merge_rate,TRUE,low,2,-4.91441549425959,-3.61130714459791,-2.63152074628798,-2.99816353377711,-1.37206327656482
exact1,pc_score_binary,merge_rate,TRUE,low,3,-5.04357429255981,-3.60896700498838,-2.68040159277172,-3.0459348453759,-1.5202896037809
exact1,pc_score_binary,merge_rate,TRUE,low,4,-4.96706221972572,-3.6053696206505,-2.58286715835652,-2.99097638211735,-1.7478704541484
exact1,pc_score_binary,merge_rate,TRUE,low,5,-4.93303703808123,-3.58052246918582,-2.60496970925423,-2.91145081221307,-1.60459498500133
exact2,pc_score_binary,merge_rate,TRUE,high,-5,-0.416429379567512,-0.0475980269431329,0.296271801652702,-0.131900256702366,0.0164321567027409
exact2,pc_score_binary,merge_rate,TRUE,high,-4,-0.366153583294495,-0.0286944468716452,0.319419725170191,-0.236185327194934,0.0755458726565247
exact2,pc_score_binary,merge_rate,TRUE,high,-3,-0.336437856360158,-0.0196590673663949,0.331041548464421,0.00376941650201682,-0.0869985136355678
exact2,pc_score_binary,merge_rate,TRUE,high,-2,-0.347555740097975,-0.00617102900673369,0.292606718829873,0.158089540869275,0.115542153825329
exact2,pc_score_binary,merge_rate,TRUE,high,-1,0,0,0,0,0
exact2,pc_score_binary,merge_rate,TRUE,high,0,-0.507720181986891,-0.0314923614955845,0.319639315267052,0.158520250462176,0.0668265698154852
exact2,pc_score_binary,merge_rate,TRUE,high,1,-2.49901229897334,-1.72881878365196,-1.12442125199754,-1.92356161190878,-0.298731734679401
exact2,pc_score_binary,merge_rate,TRUE,high,2,-2.44950302671692,-1.72029753018469,-1.17054580720072,-1.68367068784527,0.462277113239381
exact2,pc_score_binary,merge_rate,TRUE,high,3,-2.50348254860578,-1.69040190849923,-1.08210784280704,-1.80529694579997,0.43798454415751
exact2,pc_score_binary,merge_rate,TRUE,high,4,-2.48135248921835,-1.68388539884881,-1.1212262397008,-1.76237305343999,1.22007567893445
exact2,pc_score_binary,merge_rate,TRUE,high,5,-2.49446934391655,-1.68829454776589,-1.08713526021334,-2.08696690939674,0.886134164549889
exact2,pc_score_binary,merge_rate,TRUE,low,-5,-0.351820234967854,-0.0740235928569736,0.24907659521636,0.0862356310315986,-0.157532253854281
exact2,pc_score_binary,merge_rate,TRUE,low,-4,-0.351012448370164,-0.0400816768784437,0.222116304537435,0.241520672072133,-0.193991854187622
exact2,pc_score_binary,merge_rate,TRUE,low,-3,-0.29999166033243,-0.0338322279041245,0.24013501616186,0.0398949451173668,-0.201446309542943
exact2,pc_score_binary,merge_rate,TRUE,low,-2,-0.275717366639188,-0.0265527563830286,0.234014434865612,0.186649746893247,-0.160592207238357
exact2,pc_score_binary,merge_rate,TRUE,low,-1,0,0,0,0,0
exact2,pc_score_binary,merge_rate,TRUE,low,0,-0.43444488240267,-0.0527200635207062,0.281097114504824,0.103737943625691,-0.0342830739897725
exact2,pc_score_binary,merge_rate,TRUE,low,1,-2.42978562987952,-1.79330520115113,-1.28246902941134,-1.47301624020944,-0.71611907120203
exact2,pc_score_binary,merge_rate,TRUE,low,2,-2.41606623557088,-1.78169830798109,-1.22153533217691,-1.73490083906302,-0.569956294321202
exact2,pc_score_binary,merge_rate,TRUE,low,3,-2.40536209099344,-1.79067353352241,-1.25287963013712,-1.48276764900798,-0.403783975426341
exact2,pc_score_binary,merge_rate,TRUE,low,4,-2.40360024167887,-1.78065414472578,-1.24975024872248,-1.96170570129613,-1.16383479749937
exact2,pc_score_binary,merge_rate,TRUE,low,5,-2.41795523516221,-1.74146592448156,-1.22590939531669,-1.68741338804074,-1.08106412497345
exact_1_2,pc_score_binary,merge_rate,TRUE,high,-5,-0.32569342853373,-0.0469153670411812,0.249753900567786,-0.300246913683369,0.0195302356972846
exact_1_2,pc_score_binary,merge_rate,TRUE,high,-4,-0.300995912866222,-0.0289169919735242,0.278550693258274,-0.261895212423394,0.0229164710617406
exact_1_2,pc_score_binary,merge_rate,TRUE,high,-3,-0.288239562282787,-0.0184274225502739,0.24479025115631,-0.130608133588228,-0.108619678694232
exact_1_2,pc_score_binary,merge_rate,TRUE,high,-2,-0.271794099438315,-0.00552523481659693,0.260292619490783,-0.0510940623779741,0.0382963271851269
exact_1_2,pc_score_binary,merge_rate,TRUE,high,-1,0,0,0,0,0
exact_1_2,pc_score_binary,merge_rate,TRUE,high,0,-0.408428869760078,-0.0465550365513917,0.296727236883162,0.108089472058433,-0.0222354421636423
exact_1_2,pc_score_binary,merge_rate,TRUE,high,1,-2.8570058965817,-2.06446046169435,-1.46442058711143,-1.8962827755586,-0.273012587297449
exact_1_2,pc_score_binary,merge_rate,TRUE,high,2,-2.7526691608787,-2.01699384045694,-1.48162742746271,-1.96175750423482,-0.00501919744125756
exact_1_2,pc_score_binary,merge_rate,TRUE,high,3,-2.84339133779444,-2.01491775410102,-1.4838894723714,-2.1778031092997,0.415397001508272
exact_1_2,pc_score_binary,merge_rate,TRUE,high,4,-2.82291048803387,-1.99863516186755,-1.434486002853,-1.82841520672851,0.92937269385379
exact_1_2,pc_score_binary,merge_rate,TRUE,high,5,-2.738092117988,-1.99782605204645,-1.40883985033686,-2.09596767610709,0.869027574998083
exact_1_2,pc_score_binary,merge_rate,TRUE,low,-5,-0.293944134939383,-0.0561637528526781,0.218285823879613,0.0718397965145976,-0.0993861185139358
exact_1_2,pc_score_binary,merge_rate,TRUE,low,-4,-0.286454798252732,-0.0406758475327576,0.176926146422981,0.149666863665372,-0.16067394764414
exact_1_2,pc_score_binary,merge_rate,TRUE,low,-3,-0.22841780606667,-0.0250813967794192,0.188093849295643,0.0823720766853791,-0.149231436177594
exact_1_2,pc_score_binary,merge_rate,TRUE,low,-2,-0.229960163080053,-0.0215262336709488,0.204811849647721,0.218873803166649,-0.121550064694555
exact_1_2,pc_score_binary,merge_rate,TRUE,low,-1,0,0,0,0,0
exact_1_2,pc_score_binary,merge_rate,TRUE,low,0,-0.385886617070068,-0.0646497566671778,0.228529163436999,0.160186162443251,-0.309218807665403
exact_1_2,pc_score_binary,merge_rate,TRUE,low,1,-2.92932920846848,-2.38167372003623,-1.87748109904142,-1.82450027317888,-0.774895468081646
exact_1_2,pc_score_binary,merge_rate,TRUE,low,2,-2.89439697549125,-2.36729741156024,-1.81457445867095,-2.12440683659986,-0.817272613846319
exact_1_2,pc_score_binary,merge_rate,TRUE,low,3,-2.95002147078429,-2.36212494803523,-1.85799767677175,-1.96474420122142,-0.748039877502329
exact_1_2,pc_score_binary,merge_rate,TRUE,low,4,-2.90730735997497,-2.36526843663902,-1.87221673971991,-2.279064161216,-1.34391245829949
exact_1_2,pc_score_binary,merge_rate,TRUE,low,5,-2.92698395273384,-2.32774011485358,-1.8843675169746,-2.06482492716054,-1.24248614014872
exact1,pc_score_binary,review_rate,TRUE,high,-5,-0.46937919260421,0.00468392665073122,0.469359374508926,0.00827767127184577,0.132598793819357
exact1,pc_score_binary,review_rate,TRUE,high,-4,-0.365782490446596,-0.000249547744990264,0.434463089615654,-0.177709092541889,-0.0570406352393662
exact1,pc_score_binary,review_rate,TRUE,high,-3,-0.45826326921326,-0.00378947991636825,0.470145715884107,-0.0611718528350281,0.0827385104282933
exact1,pc_score_binary,review_rate,TRUE,high,-2,-0.366715468850949,-0.000631037931402422,0.438485153691017,0.191855337263313,-0.510983696955393
exact1,pc_score_binary,review_rate,TRUE,high,-1,0,0,0,0,0
exact1,pc_score_binary,review_rate,TRUE,high,0,-0.565487941004977,-0.0154314129090962,0.585778014562191,-0.118469872231251,-0.00440638345031456
exact1,pc_score_binary,review_rate,TRUE,high,1,-2.29557089284927,-0.997911949178887,-0.127400267464481,-0.905903051553951,-0.546232420355822
exact1,pc_score_binary,review_rate,TRUE,high,2,-2.38917338903789,-0.98292304268635,-0.137928132988215,-0.938657514033564,0.347831397169274
exact1,pc_score_binary,review_rate,TRUE,high,3,-2.13221729694446,-0.963311142372731,-0.215016974802602,-0.736628578333631,-0.371018621294208
exact1,pc_score_binary,review_rate,TRUE,high,4,-2.32627633905499,-0.982880169182815,-0.112769232229309,-0.799212512523697,-0.2649327858048
exact1,pc_score_binary,review_rate,TRUE,high,5,-2.11531421629153,-0.990225884537458,-0.0963621734095784,-0.870124531626983,0.149542292015408
exact1,pc_score_binary,review_rate,TRUE,low,-5,-0.443586806757183,-0.0111606810478452,0.327291503643567,-0.243236859501551,-0.550205098386849
exact1,pc_score_binary,review_rate,TRUE,low,-4,-0.417433832101462,-0.0143030305873897,0.358781235835988,-0.188005247364559,-0.407597043455829
exact1,pc_score_binary,review_rate,TRUE,low,-3,-0.389646469145069,-0.0162689556345464,0.394902200591957,-0.0307476625064984,-0.122115684181082
exact1,pc_score_binary,review_rate,TRUE,low,-2,-0.37138560023115,-0.00609144133927885,0.395669129779816,0.0252116419396889,-0.00363739416423091
exact1,pc_score_binary,review_rate,TRUE,low,-1,0,0,0,0,0
exact1,pc_score_binary,review_rate,TRUE,low,0,-0.460530931914938,-0.00552237024707957,0.47850721551748,-0.110604320834262,0.0580551382134767
exact1,pc_score_binary,review_rate,TRUE,low,1,-2.11331209469344,-1.3873925607402,-0.72262311669944,-1.30378796146734,-0.390317326913773
exact1,pc_score_binary,review_rate,TRUE,low,2,-2.11342752875973,-1.36993996579151,-0.657794896746702,-1.29539228796962,0.0553068969023559
exact1,pc_score_binary,review_rate,TRUE,low,3,-2.0757873327053,-1.38819296599271,-0.663333409574166,-1.60949942302227,-0.452666937591391
exact1,pc_score_binary,review_rate,TRUE,low,4,-2.11819986180512,-1.37724908958378,-0.548143589093293,-0.71220178720954,-0.0694323991819539
exact1,pc_score_binary,review_rate,TRUE,low,5,-2.15740620082261,-1.39917198273848,-0.632414391226318,-1.11252321514905,0.0745177062268795
exact2,pc_score_binary,review_rate,TRUE,high,-5,-0.364473386575618,-0.0262660525811853,0.30562327902838,-0.177339799839162,0.0769158799128977
exact2,pc_score_binary,review_rate,TRUE,high,-4,-0.37365544527595,-0.0335807543142537,0.241062807693911,-0.000802561268048767,0.0636101451852627
exact2,pc_score_binary,review_rate,TRUE,high,-3,-0.334166517442616,-0.0262204499345577,0.272662727264205,0.19198119130188,0.0782408639771916
exact2,pc_score_binary,review_rate,TRUE,high,-2,-0.32484355491193,-0.0230103200833996,0.296651954496283,0.0907447593727794,-0.0141326314571062
exact2,pc_score_binary,review_rate,TRUE,high,-1,0,0,0,0,0
exact2,pc_score_binary,review_rate,TRUE,high,0,-0.416624662006542,-0.0181113192251282,0.360781378259344,-0.303865257574125,-0.559855755348826
exact2,pc_score_binary,review_rate,TRUE,high,1,-1.81984205439594,-1.23753295984936,-0.766391899041578,-1.18011046825083,-1.2232122768261
exact2,pc_score_binary,review_rate,TRUE,high,2,-1.83065499955675,-1.21803622016312,-0.818799441584035,-0.883845363920177,-1.21545602092468
exact2,pc_score_binary,review_rate,TRUE,high,3,-1.86520604414465,-1.22612012861991,-0.766206994321523,-1.34153831057664,-0.957749804066136
exact2,pc_score_binary,review_rate,TRUE,high,4,-1.73083305748119,-1.22880465392359,-0.735776424377963,-1.23833739210561,-0.883738379333842
exact2,pc_score_binary,review_rate,TRUE,high,5,-1.87712979180338,-1.23316079421287,-0.732767344411876,-1.19701577498831,-1.26960879016215
exact2,pc_score_binary,review_rate,TRUE,low,-5,-0.331693986870409,-0.020632314207668,0.253887400026243,0.138350644628361,0.290689429531767
exact2,pc_score_binary,review_rate,TRUE,low,-4,-0.276640432791585,-0.0137890633321688,0.278887832916627,-0.0542800161056057,0.424366848614489
exact2,pc_score_binary,review_rate,TRUE,low,-3,-0.256225262999758,-0.015057343750505,0.268479486223944,-0.00816557018627231,0.212350391631872
exact2,pc_score_binary,review_rate,TRUE,low,-2,-0.265513522260302,-0.00725416663449658,0.268832850570449,0.0785404209114115,0.287853739787356
exact2,pc_score_binary,review_rate,TRUE,low,-1,0,0,0,0,0
exact2,pc_score_binary,review_rate,TRUE,low,0,-0.378089015744079,0.00659785884149768,0.346160794588196,-0.019422702108372,0.0403832855640359
exact2,pc_score_binary,review_rate,TRUE,low,1,-1.65077161169493,-1.19248279725928,-0.798620786707037,-1.31681605459457,-0.928876817016739
exact2,pc_score_binary,review_rate,TRUE,low,2,-1.67993167617905,-1.19520268810079,-0.860933348712793,-1.3095503683627,-0.518260215829222
exact2,pc_score_binary,review_rate,TRUE,low,3,-1.67105608645622,-1.22324173839254,-0.828263078383364,-1.22617001181475,-0.642714236516313
exact2,pc_score_binary,review_rate,TRUE,low,4,-1.67579091220298,-1.20632330776109,-0.763725656241207,-1.10748293411655,-0.407825544493162
exact2,pc_score_binary,review_rate,TRUE,low,5,-1.68878247467323,-1.21544014785946,-0.728528291221971,-1.18952693662365,-1.03997341021763
exact_1_2,pc_score_binary,review_rate,TRUE,high,-5,-0.273138455680305,-0.0257824239573181,0.258055211882715,-0.120552719636251,0.0939512919299423
exact_1_2,pc_score_binary,review_rate,TRUE,high,-4,-0.267529069872351,-0.0248991677442886,0.208863902930351,-0.0549246507445204,0.0266987192106045
exact_1_2,pc_score_binary,review_rate,TRUE,high,-3,-0.262456973809203,-0.0203412595506825,0.238101772651199,0.114532543095611,0.079616856270451
exact_1_2,pc_score_binary,review_rate,TRUE,high,-2,-0.255618134869343,-0.0187376172222417,0.235076156791097,0.121678132517372,-0.166137295331011
exact_1_2,pc_score_binary,review_rate,TRUE,high,-1,0,0,0,0,0
exact_1_2,pc_score_binary,review_rate,TRUE,high,0,-0.35242438540526,-0.0203125611225459,0.299225767654888,-0.247146121419,-0.389923755726907
exact_1_2,pc_score_binary,review_rate,TRUE,high,1,-1.72997947277322,-1.16849204257007,-0.786404226860246,-1.09622052798284,-1.01609971799729
exact_1_2,pc_score_binary,review_rate,TRUE,high,2,-1.71131708062072,-1.16569848245423,-0.756590843580515,-0.900614377881807,-0.737190007169912
exact_1_2,pc_score_binary,review_rate,TRUE,high,3,-1.72497292967027,-1.16720221125654,-0.758386646348445,-1.15647460253882,-0.778247570067418
exact_1_2,pc_score_binary,review_rate,TRUE,high,4,-1.72953712908986,-1.16818138569818,-0.686483149915347,-1.10399325086365,-0.6944234260624
exact_1_2,pc_score_binary,review_rate,TRUE,high,5,-1.80394776601832,-1.15117333791401,-0.751655322500389,-1.09700795167686,-0.835439281002808
exact_1_2,pc_score_binary,review_rate,TRUE,low,-5,-0.259359011521705,-0.0241003150174774,0.200691733171982,0.0206944975216384,0.0314136167568604
exact_1_2,pc_score_binary,review_rate,TRUE,low,-4,-0.217587769487374,-0.012734492389377,0.209076237891851,-0.0955119624104496,0.167844648559475
exact_1_2,pc_score_binary,review_rate,TRUE,low,-3,-0.230963873847643,-0.00725929346897676,0.208286815873426,-0.0151283819850087,0.109223351589544
exact_1_2,pc_score_binary,review_rate,TRUE,low,-2,-0.222371991934777,-0.00489756775407735,0.1902875692592,0.0620973807284637,0.19797730681895
exact_1_2,pc_score_binary,review_rate,TRUE,low,-1,0,0,0,0,0
exact_1_2,pc_score_binary,review_rate,TRUE,low,0,-0.298212239243163,0.00288755832694192,0.284478209467052,-0.0475370345488547,0.0458321067976134
exact_1_2,pc_score_binary,review_rate,TRUE,low,1,-1.63993416624285,-1.26008912080502,-0.897855868433735,-1.31279905921368,-0.762820974234991
exact_1_2,pc_score_binary,review_rate,TRUE,low,2,-1.64509390331523,-1.26012036430754,-0.891963546790657,-1.3051849602415,-0.341410356070319
exact_1_2,pc_score_binary,review_rate,TRUE,low,3,-1.65770904703106,-1.26878115587096,-0.923216990864819,-1.34436324693706,-0.584116319347796
exact_1_2,pc_score_binary,review_rate,TRUE,low,4,-1.62804967221832,-1.25509835364288,-0.855676497837973,-0.985604580486891,-0.303487658022206
exact_1_2,pc_score_binary,review_rate,TRUE,low,5,-1.68028368521187,-1.26579787428452,-0.887517803023186,-1.16578412250231,-0.696338649313909
exact1,pc_score_binary,direct_merge_rate,TRUE,high,-5,-0.471501635144552,0.0418527983059253,0.524473025698828,-0.506199224657621,0.0685862206599941
exact1,pc_score_binary,direct_merge_rate,TRUE,high,-4,-0.425167501864287,0.0182014978022334,0.514161503651651,-0.190067263778865,0.150485356365552
exact1,pc_score_binary,direct_merge_rate,TRUE,high,-3,-0.458731777824405,0.0160521484661593,0.48549392332814,-0.196649113238546,0.0426548223690135
exact1,pc_score_binary,direct_merge_rate,TRUE,high,-2,-0.407454423421157,0.0177118532381656,0.51075984989617,-0.460914687998218,0.428409044524398
exact1,pc_score_binary,direct_merge_rate,TRUE,high,-1,0,0,0,0,0
exact1,pc_score_binary,direct_merge_rate,TRUE,high,0,-0.560773374485895,0.0210361645015067,0.720415227402125,-0.259533607967156,-0.0997479612002732
exact1,pc_score_binary,direct_merge_rate,TRUE,high,1,-2.02240251920276,-0.990701426377226,-0.189154810112212,-0.196961265025798,-0.010588518755579
exact1,pc_score_binary,direct_merge_rate,TRUE,high,2,-1.94872942693178,-1.00653128912572,-0.1694768282954,-1.12117720291893,-0.447743625731323
exact1,pc_score_binary,direct_merge_rate,TRUE,high,3,-2.11284112768105,-1.03094473144525,-0.205951981094407,-1.64953207916707,-0.107058789648606
exact1,pc_score_binary,direct_merge_rate,TRUE,high,4,-1.98111067855855,-1.0126029307074,-0.259243733392404,-0.938183800742726,0.0830424846721177
exact1,pc_score_binary,direct_merge_rate,TRUE,high,5,-1.99281858025462,-1.00569270433067,-0.267410654469189,-1.25998684924835,0.408377390739865
exact1,pc_score_binary,direct_merge_rate,TRUE,low,-5,-0.37765957721556,0.0283165699765561,0.494516035182251,0.187526204203757,0.327687536052391
exact1,pc_score_binary,direct_merge_rate,TRUE,low,-4,-0.399495034391699,0.00774018916537302,0.411672482347147,0.0164544132851428,0.519054862134793
exact1,pc_score_binary,direct_merge_rate,TRUE,low,-3,-0.375461840160188,0.014799299527627,0.387704113045036,-0.0112041288712609,0.105727549972442
exact1,pc_score_binary,direct_merge_rate,TRUE,low,-2,-0.395811178997348,-0.00545170477546501,0.397308671985538,0.0353448083465545,0.0282563399010777
exact1,pc_score_binary,direct_merge_rate,TRUE,low,-1,0,0,0,0,0
exact1,pc_score_binary,direct_merge_rate,TRUE,low,0,-0.463433865586461,0.0135484549786539,0.575897723272601,0.0634940146858292,-0.163723940010716
exact1,pc_score_binary,direct_merge_rate,TRUE,low,1,-2.16858057267946,-1.29996968520964,-0.668717339184649,-0.939686716147178,-0.278267984579726
exact1,pc_score_binary,direct_merge_rate,TRUE,low,2,-2.22454072141847,-1.33920799938612,-0.652423459897521,-1.45122182913381,-0.621813929709919
exact1,pc_score_binary,direct_merge_rate,TRUE,low,3,-2.12341407470333,-1.3302884800122,-0.65003416226794,-1.18908751805988,-0.642330383602575
exact1,pc_score_binary,direct_merge_rate,TRUE,low,4,-2.20301064419402,-1.34688196087331,-0.638090197680112,-1.33975257556482,-1.15903844459704
exact1,pc_score_binary,direct_merge_rate,TRUE,low,5,-2.18747203976256,-1.32619758449007,-0.574832583840908,-1.60051752308076,-1.12888361387519
exact2,pc_score_binary,direct_merge_rate,TRUE,high,-5,-0.297951153743488,0.0228068510397832,0.35333022764911,0.158879672357501,-0.194854952312591
exact2,pc_score_binary,direct_merge_rate,TRUE,high,-4,-0.254603818095852,0.0283823894114171,0.341946124818994,0.0207138869800071,-0.126623740436753
exact2,pc_score_binary,direct_merge_rate,TRUE,high,-3,-0.264574862913415,0.0205300747461362,0.291029347069692,-0.129111189430755,-0.177270689853916
exact2,pc_score_binary,direct_merge_rate,TRUE,high,-2,-0.260799233872223,0.0161088965005371,0.282125226876537,-0.0355593282251072,0.0607595564899666
exact2,pc_score_binary,direct_merge_rate,TRUE,high,-1,0,0,0,0,0
exact2,pc_score_binary,direct_merge_rate,TRUE,high,0,-0.333928806270967,0.0367032767936408,0.439756106854949,0.196365419204798,0.820751535778516
exact2,pc_score_binary,direct_merge_rate,TRUE,high,1,-0.673813936402539,-0.245487194952221,0.165430652860657,-0.263302198175265,1.28087426203996
exact2,pc_score_binary,direct_merge_rate,TRUE,high,2,-0.633673554426252,-0.252372040713466,0.117679474561291,-0.355124585339943,1.49143269762589
exact2,pc_score_binary,direct_merge_rate,TRUE,high,3,-0.642111405765969,-0.236668315617084,0.21068115095223,-0.330009249325868,0.881496090917067
exact2,pc_score_binary,direct_merge_rate,TRUE,high,4,-0.674155113438509,-0.256887470377631,0.143613735354152,-0.287986390025488,1.34391953128774
exact2,pc_score_binary,direct_merge_rate,TRUE,high,5,-0.688545301263384,-0.247097738797278,0.225291976860238,-0.347973264991553,1.41736633391
exact2,pc_score_binary,direct_merge_rate,TRUE,low,-5,-0.268661145915453,0.0260600954791467,0.321773073708249,-0.0536020966879051,-0.222812214864158
exact2,pc_score_binary,direct_merge_rate,TRUE,low,-4,-0.258753259053527,0.0196199048477928,0.299207620943653,0.089173132781917,-0.385861348799605
exact2,pc_score_binary,direct_merge_rate,TRUE,low,-3,-0.259508992115287,0.0184703427175024,0.301031487724655,-0.0151166411645722,-0.173191267412083
exact2,pc_score_binary,direct_merge_rate,TRUE,low,-2,-0.25363975114482,0.00546749093899524,0.248751338318932,-0.0655668070955619,-0.275712658417832
exact2,pc_score_binary,direct_merge_rate,TRUE,low,-1,0,0,0,0,0
exact2,pc_score_binary,direct_merge_rate,TRUE,low,0,-0.339691468508625,0.0135170557210408,0.336725891151787,0.104042402269,-0.190587776199813
exact2,pc_score_binary,direct_merge_rate,TRUE,low,1,-0.489057077227644,-0.149118714829364,0.215891726943888,-0.207522116507284,0.484242138460687
exact2,pc_score_binary,direct_merge_rate,TRUE,low,2,-0.482372093776404,-0.168700026067897,0.228633090090526,-0.353854975907581,-0.296485015437431
exact2,pc_score_binary,direct_merge_rate,TRUE,low,3,-0.536029249827075,-0.162762872463441,0.195557668450798,-0.454406150696457,-0.279383704366925
exact2,pc_score_binary,direct_merge_rate,TRUE,low,4,-0.498884919198312,-0.161597651802195,0.237936950223588,-0.309635040362373,-0.479922341008142
exact2,pc_score_binary,direct_merge_rate,TRUE,low,5,-0.61225907395809,-0.148275883953112,0.273448411051233,-0.193004722285623,-0.470447108276784
exact_1_2,pc_score_binary,direct_merge_rate,TRUE,high,-5,-0.240739588589893,0.0326200049508958,0.301233379077978,-0.0445919536699562,-0.114258794371206
exact_1_2,pc_score_binary,direct_merge_rate,TRUE,high,-4,-0.188706569916377,0.0251419315094359,0.282655842623323,-0.0437716705580955,-0.0418460715520297
exact_1_2,pc_score_binary,direct_merge_rate,TRUE,high,-3,-0.227438891170179,0.0220073170784126,0.259673203318367,-0.149773476623093,-0.109987542278865
exact_1_2,pc_score_binary,direct_merge_rate,TRUE,high,-2,-0.205508792559768,0.010362453328919,0.247774184931978,-0.165690876648844,0.173236797121505
exact_1_2,pc_score_binary,direct_merge_rate,TRUE,high,-1,0,0,0,0,0
exact_1_2,pc_score_binary,direct_merge_rate,TRUE,high,0,-0.271701298835361,0.043270312730356,0.380114839911007,0.0568894611202278,0.539137534419708
exact_1_2,pc_score_binary,direct_merge_rate,TRUE,high,1,-0.934503138413696,-0.482339826548981,-0.120099617650364,-0.243006113604423,0.885769210381053
exact_1_2,pc_score_binary,direct_merge_rate,TRUE,high,2,-0.876231709623506,-0.49531274788556,-0.130737023597322,-0.589487714918902,0.898168708288297
exact_1_2,pc_score_binary,direct_merge_rate,TRUE,high,3,-0.905481883736103,-0.480635718119995,-0.10971666268994,-0.733698882199661,0.579061492753139
exact_1_2,pc_score_binary,direct_merge_rate,TRUE,high,4,-0.909174636731608,-0.491229848161644,-0.10608650825265,-0.486905232573684,0.958171759035474
exact_1_2,pc_score_binary,direct_merge_rate,TRUE,high,5,-0.900296492555364,-0.489742940175688,-0.109546700991147,-0.62699111953587,1.10868021887622
exact_1_2,pc_score_binary,direct_merge_rate,TRUE,low,-5,-0.217553059684675,0.0176957256246223,0.276052101603999,0.020745796087024,-0.0530747916648888
exact_1_2,pc_score_binary,direct_merge_rate,TRUE,low,-4,-0.197163863018793,0.0186988011988499,0.236393999461423,0.0667515276037449,-0.106845517094832
exact_1_2,pc_score_binary,direct_merge_rate,TRUE,low,-3,-0.211720347772534,0.0173049868362934,0.241099192738861,-0.0139102832074679,-0.0871912987185213
exact_1_2,pc_score_binary,direct_merge_rate,TRUE,low,-2,-0.21367906930649,0.000385198809089408,0.199612518149472,-0.0344523923342427,-0.181988883936168
exact_1_2,pc_score_binary,direct_merge_rate,TRUE,low,-1,0,0,0,0,0
exact_1_2,pc_score_binary,direct_merge_rate,TRUE,low,0,-0.25063066428662,0.0206414554777163,0.295316956052787,0.0915399827641888,-0.182304760041508
exact_1_2,pc_score_binary,direct_merge_rate,TRUE,low,1,-0.839963376341118,-0.514522181406665,-0.204343696315069,-0.433272868062918,0.249134850523226
exact_1_2,pc_score_binary,direct_merge_rate,TRUE,low,2,-0.888930962358894,-0.532395076171279,-0.171835613992645,-0.692209755652334,-0.396794764004782
exact_1_2,pc_score_binary,direct_merge_rate,TRUE,low,3,-0.904763559144635,-0.524570824258258,-0.211578626067094,-0.680932905633514,-0.391292263797917
exact_1_2,pc_score_binary,direct_merge_rate,TRUE,low,4,-0.908133514895977,-0.52500648353072,-0.167622236578565,-0.62725461371646,-0.689316472948051
exact_1_2,pc_score_binary,direct_merge_rate,TRUE,low,5,-0.960834572258279,-0.518941336550363,-0.12703421276583,-0.626987835864122,-0.673465030836291
exact1,pc_score_binary,reviewed_merge_rate,TRUE,high,-5,-0.537893330507411,0.000418107600462023,0.457876789158668,-0.18543379592313,0.10610762648779
exact1,pc_score_binary,reviewed_merge_rate,TRUE,high,-4,-0.506899045150832,-0.0282298671465646,0.450775993738059,-0.0218686833306903,0.153781151292468
exact1,pc_score_binary,reviewed_merge_rate,TRUE,high,-3,-0.4781098464603,-0.0146574390711289,0.468626883710539,-0.169433315419601,0.0953066589685589
exact1,pc_score_binary,reviewed_merge_rate,TRUE,high,-2,-0.484051662869646,-0.00791391428124595,0.491185929507812,-0.161846060348555,0.00954605761535972
exact1,pc_score_binary,reviewed_merge_rate,TRUE,high,-1,0,0,0,0,0
exact1,pc_score_binary,reviewed_merge_rate,TRUE,high,0,-0.805653871227766,-0.0456178794261545,0.640295746155888,0.580903989641782,-0.531262346303095
exact1,pc_score_binary,reviewed_merge_rate,TRUE,high,1,-2.64517961435495,-0.87421559788512,0.112757105916437,-0.817819134329141,0.0432344773639692
exact1,pc_score_binary,reviewed_merge_rate,TRUE,high,2,-2.78173002043967,-0.872838161826439,0.11700802837757,-0.562562069496417,-1.18924626949995
exact1,pc_score_binary,reviewed_merge_rate,TRUE,high,3,-2.94218330331787,-0.989613666665956,0.121103645178622,-0.213111685122304,0.567468166924956
exact1,pc_score_binary,reviewed_merge_rate,TRUE,high,4,-2.59845681876317,-0.885513824610896,0.0678575630242168,-0.738397922067013,0.642018570208476
exact1,pc_score_binary,reviewed_merge_rate,TRUE,high,5,-2.57145967203825,-0.942338879578785,0.207968692266833,-0.540120477308562,0.616542473614424
exact1,pc_score_binary,reviewed_merge_rate,TRUE,low,-5,-0.544366191832681,-0.0256782716569654,0.45995989353288,0.0441195979711729,0.0974984586051023
exact1,pc_score_binary,reviewed_merge_rate,TRUE,low,-4,-0.496758531859514,-0.0499300622989185,0.469657939087481,0.0871729717138429,-0.226691539987151
exact1,pc_score_binary,reviewed_merge_rate,TRUE,low,-3,-0.489933937893404,-0.000542128520890726,0.439922995135943,0.30471114428396,-0.0335231992156331
exact1,pc_score_binary,reviewed_merge_rate,TRUE,low,-2,-0.43372147947257,-0.0112617993009318,0.432793964838993,0.281402877657489,0.0462817195070836
exact1,pc_score_binary,reviewed_merge_rate,TRUE,low,-1,0,0,0,0,0
exact1,pc_score_binary,reviewed_merge_rate,TRUE,low,0,-0.734982369267371,-0.0522665363450097,0.523574258545226,0.42285350933261,-0.805617023797464
exact1,pc_score_binary,reviewed_merge_rate,TRUE,low,1,-2.62536034737317,-1.57920265359671,-0.63646252842792,-1.15145925606532,-0.397931251626907
exact1,pc_score_binary,reviewed_merge_rate,TRUE,low,2,-2.56120150203532,-1.515590425398,-0.6257473312283,-0.979277503858292,-0.829062458114327
exact1,pc_score_binary,reviewed_merge_rate,TRUE,low,3,-2.59704082800969,-1.54580579291123,-0.69657004425013,-0.786075190912709,-0.49984004499003
exact1,pc_score_binary,reviewed_merge_rate,TRUE,low,4,-2.60926865963909,-1.50866116206886,-0.641762823486901,-0.897053586042732,-0.354052914318862
exact1,pc_score_binary,reviewed_merge_rate,TRUE,low,5,-2.67607804494697,-1.53865664566593,-0.559559672952044,-0.655837196830868,-0.591321463526849
exact2,pc_score_binary,reviewed_merge_rate,TRUE,high,-5,-0.448729510137513,-0.0432573215065762,0.318975508071251,-0.0127886418100178,0.335861448738685
exact2,pc_score_binary,reviewed_merge_rate,TRUE,high,-4,-0.367627584136984,-0.0234817409347137,0.321375643515956,-0.24276141437372,0.339543708620877
exact2,pc_score_binary,reviewed_merge_rate,TRUE,high,-3,-0.354598711975546,-0.0202128973956401,0.327201729307146,-0.0427666195142999,0.256369290880344
exact2,pc_score_binary,reviewed_merge_rate,TRUE,high,-2,-0.338798164661115,-0.0123200745894637,0.33132017833268,-0.0337548065555024,0.223347363008239
exact2,pc_score_binary,reviewed_merge_rate,TRUE,high,-1,0,0,0,0,0
exact2,pc_score_binary,reviewed_merge_rate,TRUE,high,0,-0.5161691263056,-0.0624613713313855,0.350959901758754,-0.0116768026348757,0.0803170401397295
exact2,pc_score_binary,reviewed_merge_rate,TRUE,high,1,-1.32789606267589,-0.741562328238245,-0.19385348597024,-1.25584024558079,-0.42001147635598
exact2,pc_score_binary,reviewed_merge_rate,TRUE,high,2,-1.34351971629108,-0.717944589333849,-0.164283162789666,-0.927986114879133,0.126678513705995
exact2,pc_score_binary,reviewed_merge_rate,TRUE,high,3,-1.44707772256222,-0.68357630792918,-0.136727648722914,-0.63411207537568,0.37610368797966
exact2,pc_score_binary,reviewed_merge_rate,TRUE,high,4,-1.36399712192122,-0.671576060573424,-0.133635011379934,-0.783172819203891,0.560488068419921
exact2,pc_score_binary,reviewed_merge_rate,TRUE,high,5,-1.38226337379534,-0.691733164795772,-0.118156102774494,-0.544688621648993,0.697069683057208
exact2,pc_score_binary,reviewed_merge_rate,TRUE,low,-5,-0.368461628832117,-0.0674215861181806,0.271893049260934,0.0340586446310253,0.0825254559163344
exact2,pc_score_binary,reviewed_merge_rate,TRUE,low,-4,-0.356435741626966,-0.0609725892424133,0.269093567355581,0.140182240408483,0.037611462421721
exact2,pc_score_binary,reviewed_merge_rate,TRUE,low,-3,-0.317910214446097,-0.0441117330881844,0.255400058939123,0.0701121826989485,-0.0749496981470586
exact2,pc_score_binary,reviewed_merge_rate,TRUE,low,-2,-0.274494847218481,-0.0154791828064053,0.239043201337649,0.190716566274643,0.118689191235678
exact2,pc_score_binary,reviewed_merge_rate,TRUE,low,-1,0,0,0,0,0
exact2,pc_score_binary,reviewed_merge_rate,TRUE,low,0,-0.437358938622788,-0.065544837849351,0.266886793801828,0.0678255075630604,0.164410567681928
exact2,pc_score_binary,reviewed_merge_rate,TRUE,low,1,-1.114130088304,-0.539132297595326,-0.122718734557588,-0.570787831798887,-0.436795765680355
exact2,pc_score_binary,reviewed_merge_rate,TRUE,low,2,-1.14132295510786,-0.518620153716298,-0.0407824652371456,-0.248545517290918,-0.521563547370487
exact2,pc_score_binary,reviewed_merge_rate,TRUE,low,3,-1.11001106706177,-0.528336706015388,-0.0114243943440149,0.0545903104780278,0.188889050288229
exact2,pc_score_binary,reviewed_merge_rate,TRUE,low,4,-1.04704163653723,-0.536009149553943,-0.079510767211396,-0.611203214337998,-0.598421781237467
exact2,pc_score_binary,reviewed_merge_rate,TRUE,low,5,-1.10901903972239,-0.520206005692414,-0.000984032991706922,-0.526875023817991,-0.331201089964518
exact_1_2,pc_score_binary,reviewed_merge_rate,TRUE,high,-5,-0.345236966515013,-0.0441568603474625,0.26411894456309,-0.0656070222921115,0.265571466588868
exact_1_2,pc_score_binary,reviewed_merge_rate,TRUE,high,-4,-0.323013811031883,-0.0302064045904194,0.296148700750778,-0.175182359671058,0.282712241310359
exact_1_2,pc_score_binary,reviewed_merge_rate,TRUE,high,-3,-0.297512778880128,-0.0153926294805969,0.263630912133984,-0.0815185310469719,0.207094421756647
exact_1_2,pc_score_binary,reviewed_merge_rate,TRUE,high,-2,-0.264675384849319,-0.0100092520135306,0.277375487707625,-0.0729425417341988,0.157937831221376
exact_1_2,pc_score_binary,reviewed_merge_rate,TRUE,high,-1,0,0,0,0,0
exact_1_2,pc_score_binary,reviewed_merge_rate,TRUE,high,0,-0.431469117872695,-0.0571390903266244,0.288723407748007,0.16961503792465,-0.106787155712641
exact_1_2,pc_score_binary,reviewed_merge_rate,TRUE,high,1,-1.45934211943969,-0.780171216164166,-0.282184085520481,-1.12183378688736,-0.27828782841426
exact_1_2,pc_score_binary,reviewed_merge_rate,TRUE,high,2,-1.41959311679284,-0.79333546100778,-0.262890265930232,-0.81618971743328,-0.275910346909523
exact_1_2,pc_score_binary,reviewed_merge_rate,TRUE,high,3,-1.58669788681555,-0.789241391121708,-0.278902843717827,-0.505312869225104,0.434648985191235
exact_1_2,pc_score_binary,reviewed_merge_rate,TRUE,high,4,-1.44916243710784,-0.785590862841431,-0.250471773150246,-0.769474563002198,0.585431189971671
exact_1_2,pc_score_binary,reviewed_merge_rate,TRUE,high,5,-1.42148786399861,-0.793042143890221,-0.260617348563479,-0.543291061508313,0.672433504825854
exact_1_2,pc_score_binary,reviewed_merge_rate,TRUE,low,-5,-0.324938279827475,-0.0565363674003565,0.244869270483653,0.0371607719109042,0.0871421317453712
exact_1_2,pc_score_binary,reviewed_merge_rate,TRUE,low,-4,-0.317067840327911,-0.0533517512294455,0.20284052565771,0.123837715894302,-0.0438819633210145
exact_1_2,pc_score_binary,reviewed_merge_rate,TRUE,low,-3,-0.25035691296874,-0.0268735732957563,0.224606582518476,0.142446862520994,-0.0621765276432024
exact_1_2,pc_score_binary,reviewed_merge_rate,TRUE,low,-2,-0.240826105387585,-0.0177502421117465,0.213451994273657,0.218678178951021,0.0963635541193615
exact_1_2,pc_score_binary,reviewed_merge_rate,TRUE,low,-1,0,0,0,0,0
exact_1_2,pc_score_binary,reviewed_merge_rate,TRUE,low,0,-0.388864377684246,-0.066649453305643,0.224347770050915,0.177292474775338,-0.134681273024218
exact_1_2,pc_score_binary,reviewed_merge_rate,TRUE,low,1,-1.39422127102258,-0.869452347554221,-0.442401444190378,-0.74982818761437,-0.424812540513875
exact_1_2,pc_score_binary,reviewed_merge_rate,TRUE,low,2,-1.39894199478166,-0.840770340543106,-0.428436138381553,-0.473854546482525,-0.616375711516504
exact_1_2,pc_score_binary,reviewed_merge_rate,TRUE,low,3,-1.35264428130236,-0.835545202922723,-0.386287830027031,-0.204614885784116,-0.0234690874225673
exact_1_2,pc_score_binary,reviewed_merge_rate,TRUE,low,4,-1.40850543921438,-0.854527039431056,-0.421847618232084,-0.699340412280291,-0.523074713937564
exact_1_2,pc_score_binary,reviewed_merge_rate,TRUE,low,5,-1.41337878248059,-0.824224521956191,-0.371266154855022,-0.566638360496961,-0.411404871812903
exact1,pc_score,pull_request_opened,TRUE,high,-5,-0.0689224273576384,0.336350288086889,0.746010765383122,0.665519822060812,0.310650399148626
exact1,pc_score,pull_request_opened,TRUE,high,-4,-0.0900158439584341,0.251815544706163,0.628553318638217,0.412791684414657,0.249618671380548
exact1,pc_score,pull_request_opened,TRUE,high,-3,-0.19767480526718,0.169429568790253,0.508991127639891,0.356636196097507,0.361025439898125
exact1,pc_score,pull_request_opened,TRUE,high,-2,-0.233459468533003,0.0976710630114946,0.429902216963711,0.26723166991632,0.450483174761027
exact1,pc_score,pull_request_opened,TRUE,high,-1,0,0,0,0,0
exact1,pc_score,pull_request_opened,TRUE,high,0,-0.287646687365334,0.124767070579114,0.752959778832148,0.618611719097048,0.447563098991225
exact1,pc_score,pull_request_opened,TRUE,high,1,-0.834517568938009,-0.400138012360086,0.246058126754504,0.158223965720962,0.339924573654874
exact1,pc_score,pull_request_opened,TRUE,high,2,-0.887028049413202,-0.424236250386959,0.162667902950037,-0.134785214918393,0.303890728577516
exact1,pc_score,pull_request_opened,TRUE,high,3,-0.820182083502162,-0.447688181079434,0.136486797238923,-0.0130758865569438,0.492303447572577
exact1,pc_score,pull_request_opened,TRUE,high,4,-0.889510045075642,-0.443780058721364,0.122405098408741,-0.300767388466868,0.584018049513139
exact1,pc_score,pull_request_opened,TRUE,high,5,-0.932983606601134,-0.450531041881372,0.171352555953622,-0.450849123102225,0.362853011171799
exact1,pc_score,pull_request_opened,TRUE,low,-5,-0.352919027232362,0.0037049759738027,0.385041488856761,-0.0327780028373517,0.0411228495533586
exact1,pc_score,pull_request_opened,TRUE,low,-4,-0.378924800063689,-0.0387991246810292,0.322066753771184,-0.172323212951927,-0.104949675298594
exact1,pc_score,pull_request_opened,TRUE,low,-3,-0.401066486395919,-0.0580493842678317,0.262612964767532,-0.219533615762262,-0.136596500067783
exact1,pc_score,pull_request_opened,TRUE,low,-2,-0.351853923479743,-0.0375299209967699,0.288430792664591,-0.0535484199240065,-0.0464986720628113
exact1,pc_score,pull_request_opened,TRUE,low,-1,0,0,0,0,0
exact1,pc_score,pull_request_opened,TRUE,low,0,-0.268891226738295,0.205172003191389,0.686067904162772,-0.0573836289489904,-0.506961137303684
exact1,pc_score,pull_request_opened,TRUE,low,1,-0.385906380059335,-0.0207907135240414,0.47959605703695,-0.203224853986422,-1.36930575870923
exact1,pc_score,pull_request_opened,TRUE,low,2,-0.358128510133343,0.0635759932579727,0.592476899117574,-0.243236681907454,-1.42141549617079
exact1,pc_score,pull_request_opened,TRUE,low,3,-0.309851465238264,0.131776010464563,0.596946773519088,0.345797121120732,-1.64144617894761
exact1,pc_score,pull_request_opened,TRUE,low,4,-0.303337794236816,0.197645353533376,0.726802779503569,0.131964927469523,-1.62861627284259
exact1,pc_score,pull_request_opened,TRUE,low,5,-0.232870177076201,0.262036142905649,0.739885631085589,0.486603302449365,-1.64983684333328
exact2,pc_score,pull_request_opened,TRUE,high,-5,0.391328464221068,0.738203732811035,1.13490420572449,0.580975602586469,0.211434904566153
exact2,pc_score,pull_request_opened,TRUE,high,-4,0.314267350538252,0.582052377337662,0.884586699446323,0.34633315171407,0.183348413204607
exact2,pc_score,pull_request_opened,TRUE,high,-3,0.171125365104116,0.423115015221629,0.679372887293253,0.324395399144556,0.0926394750102977
exact2,pc_score,pull_request_opened,TRUE,high,-2,-0.0181279759021464,0.235107019812434,0.480720658911801,0.152754560681664,0.545692561736918
exact2,pc_score,pull_request_opened,TRUE,high,-1,0,0,0,0,0
exact2,pc_score,pull_request_opened,TRUE,high,0,-0.321344094147257,-0.0245658935937534,0.310754556438116,-0.286097910062425,0.621947214358488
exact2,pc_score,pull_request_opened,TRUE,high,1,0.285041970211977,0.736245300647675,1.18320036937483,0.670863368347487,0.379507422766025
exact2,pc_score,pull_request_opened,TRUE,high,2,0.080373097285338,0.550197864925653,1.06208048814943,0.357014095165145,0.574997576085453
exact2,pc_score,pull_request_opened,TRUE,high,3,-0.0401964796312748,0.442093089376108,0.989517528930664,0.049841181702716,0.835883945939605
exact2,pc_score,pull_request_opened,TRUE,high,4,-0.191063709861391,0.370093073275199,0.965216111222587,0.474324797124588,0.998688523645442
exact2,pc_score,pull_request_opened,TRUE,high,5,-0.250409254760747,0.332403526469697,0.892013389425382,0.305963725405718,0.963342606793402
exact2,pc_score,pull_request_opened,TRUE,low,-5,0.0165026167081617,0.326453238527384,0.652273861268398,0.176324833204571,0.156845818864566
exact2,pc_score,pull_request_opened,TRUE,low,-4,0.0209584422043654,0.284868620756702,0.56969183818204,0.18910124157477,0.147769971334094
exact2,pc_score,pull_request_opened,TRUE,low,-3,-0.0204973863216418,0.230713922730182,0.497914455053992,0.248297295852402,0.0633263581767043
exact2,pc_score,pull_request_opened,TRUE,low,-2,-0.123922966730203,0.107242074720683,0.355759636827169,0.163682194442646,0.121158557585419
exact2,pc_score,pull_request_opened,TRUE,low,-1,0,0,0,0,0
exact2,pc_score,pull_request_opened,TRUE,low,0,-0.322151430766398,0.0250368682437811,0.403578801102052,0.0512658779968086,-0.79926509728785
exact2,pc_score,pull_request_opened,TRUE,low,1,1.19732755412979,1.6688088788563,2.22591046383601,1.38536191323872,-1.8231937380201
exact2,pc_score,pull_request_opened,TRUE,low,2,1.00608756383924,1.5421737168602,2.17183904714842,1.58615909959119,-2.30042766527397
exact2,pc_score,pull_request_opened,TRUE,low,3,0.935598626310626,1.41372920597343,2.00172627340516,1.044779488113,-2.98959688753747
exact2,pc_score,pull_request_opened,TRUE,low,4,0.744162686171721,1.33168736189932,1.9170799524874,1.1125931966838,-3.61551883128606
exact2,pc_score,pull_request_opened,TRUE,low,5,0.713457638715757,1.27545898074062,1.84890428954276,1.07215041443662,-3.9681223612713
exact_1_2,pc_score,pull_request_opened,TRUE,high,-5,0.33936656980444,0.616564617670824,0.911545338726233,0.60601230277415,0.240816317124911
exact_1_2,pc_score,pull_request_opened,TRUE,high,-4,0.282267205288923,0.488461815753476,0.729776240209166,0.366014004745574,0.202973511119371
exact_1_2,pc_score,pull_request_opened,TRUE,high,-3,0.140986730942178,0.351550824587525,0.575603325841831,0.333943102963241,0.172118580492101
exact_1_2,pc_score,pull_request_opened,TRUE,high,-2,-0.00272627104838065,0.191380563274786,0.396206677069184,0.186655507193214,0.517497507224744
exact_1_2,pc_score,pull_request_opened,TRUE,high,-1,0,0,0,0,0
exact_1_2,pc_score,pull_request_opened,TRUE,high,0,-0.210276643643445,0.0288721275817383,0.325191183513113,-0.0181796078649848,0.570305566460028
exact_1_2,pc_score,pull_request_opened,TRUE,high,1,0.084192419499388,0.402185725171305,0.751979891069933,0.519051699758516,0.367785463158002
exact_1_2,pc_score,pull_request_opened,TRUE,high,2,-0.0909695305250564,0.264796796167079,0.644266505216918,0.211373956127531,0.494712715664648
exact_1_2,pc_score,pull_request_opened,TRUE,high,3,-0.150615893394673,0.185994642326695,0.614702935701397,0.0312090885271086,0.734136931401729
exact_1_2,pc_score,pull_request_opened,TRUE,high,4,-0.274473732635249,0.136930776538713,0.540255441765724,0.244791059760594,0.875889112850898
exact_1_2,pc_score,pull_request_opened,TRUE,high,5,-0.342507092389784,0.102274503567664,0.489710389231635,0.0818431822853403,0.785515215815331
exact_1_2,pc_score,pull_request_opened,TRUE,low,-5,-0.0181553858927468,0.224550160223951,0.489774312005332,0.109708000483251,0.119978324216747
exact_1_2,pc_score,pull_request_opened,TRUE,low,-4,-0.0349301286735604,0.185806568961624,0.433234318513331,0.0739571675662649,0.0672575175396095
exact_1_2,pc_score,pull_request_opened,TRUE,low,-3,-0.0560779622431856,0.138091060483409,0.342710276924602,0.0992538195857831,-0.000365879848088259
exact_1_2,pc_score,pull_request_opened,TRUE,low,-2,-0.133043387577571,0.0620911832277011,0.254605837618185,0.0944759810161019,0.0677456348656286
exact_1_2,pc_score,pull_request_opened,TRUE,low,-1,0,0,0,0,0
exact_1_2,pc_score,pull_request_opened,TRUE,low,0,-0.192087276651147,0.0758658832293517,0.40646471933353,0.0166518757839877,-0.706141711806168
exact_1_2,pc_score,pull_request_opened,TRUE,low,1,0.785818504131774,1.13770245323905,1.5300981914002,0.879263474122742,-1.67859225788566
exact_1_2,pc_score,pull_request_opened,TRUE,low,2,0.691922462238708,1.07311008393074,1.54637517504713,1.00334274442348,-2.02038839016145
exact_1_2,pc_score,pull_request_opened,TRUE,low,3,0.623530925702881,1.01029680640446,1.438293274498,0.822094840221655,-2.56009754674778
exact_1_2,pc_score,pull_request_opened,TRUE,low,4,0.54947062336924,0.978821435521055,1.39963158566534,0.80018065073943,-2.98252332594124
exact_1_2,pc_score,pull_request_opened,TRUE,low,5,0.548476313688292,0.960963056368904,1.37964441889029,0.885604431856607,-3.22955352369812
exact1,pc_score,pull_request_reviewed,TRUE,high,-5,-0.152752468086826,0.265894433018474,0.648602619300162,0.551524212594963,0.0617597628320254
exact1,pc_score,pull_request_reviewed,TRUE,high,-4,-0.161263761223352,0.206375971997714,0.569782518187384,0.335323637781656,0.108140643430931
exact1,pc_score,pull_request_reviewed,TRUE,high,-3,-0.227905507849448,0.135973496785648,0.469801891096251,0.36322767738671,0.217441618550803
exact1,pc_score,pull_request_reviewed,TRUE,high,-2,-0.270583184066438,0.0740425280256594,0.38767431969722,0.363690406568052,0.272018177955915
exact1,pc_score,pull_request_reviewed,TRUE,high,-1,0,0,0,0,0
exact1,pc_score,pull_request_reviewed,TRUE,high,0,-0.313998815884659,0.116510897704197,0.79967487645261,0.359265952419824,0.569544348567641
exact1,pc_score,pull_request_reviewed,TRUE,high,1,-1.01215772719566,-0.681003041081283,-0.228275559636405,-0.532913905217453,0.275909662848227
exact1,pc_score,pull_request_reviewed,TRUE,high,2,-1.09279503755027,-0.686580818707023,-0.229265534519191,-0.729198498333067,0.147094588548953
exact1,pc_score,pull_request_reviewed,TRUE,high,3,-1.1126386889213,-0.693921671813068,-0.269700837289405,-0.445333681662693,0.355244732273064
exact1,pc_score,pull_request_reviewed,TRUE,high,4,-1.10583673683446,-0.717986430344833,-0.266859016033599,-0.627615699324337,0.499919687981739
exact1,pc_score,pull_request_reviewed,TRUE,high,5,-1.15222498019049,-0.697004184111823,-0.224304765754812,-0.582269818819648,0.144688846797742
exact2,pc_score,pull_request_reviewed,TRUE,high,-5,0.340225612299212,0.668614747007999,1.06766328790724,0.586297411101393,0.293582911607626
exact2,pc_score,pull_request_reviewed,TRUE,high,-4,0.239353369653261,0.516822169405423,0.837519768449697,0.37237211907389,0.258009887520036
exact2,pc_score,pull_request_reviewed,TRUE,high,-3,0.100782241373991,0.377055111417884,0.637934345582826,0.38281315623835,0.11317771377699
exact2,pc_score,pull_request_reviewed,TRUE,high,-2,-0.0385991319122722,0.207632536191962,0.466342864477246,0.246501888390619,0.475082146712685
exact2,pc_score,pull_request_reviewed,TRUE,high,-1,0,0,0,0,0
exact2,pc_score,pull_request_reviewed,TRUE,high,0,-0.315339021181849,-0.0118763203532927,0.34682028227499,-0.239911948420992,0.564496192110527
exact2,pc_score,pull_request_reviewed,TRUE,high,1,-0.164636332231404,0.205840726712009,0.569271437364373,0.00897355804790315,0.342435551588218
exact2,pc_score,pull_request_reviewed,TRUE,high,2,-0.363787935577157,0.0300344762694831,0.520797925850368,-0.0692463809020667,0.508808386853875
exact2,pc_score,pull_request_reviewed,TRUE,high,3,-0.495542334102094,-0.0665145161528807,0.425637936843594,-0.483147013264246,0.832167312876887
exact2,pc_score,pull_request_reviewed,TRUE,high,4,-0.640405340985329,-0.140873238912155,0.357790380035468,-0.144438189992121,1.05724853982683
exact2,pc_score,pull_request_reviewed,TRUE,high,5,-0.682587063493496,-0.202514393667558,0.314608208340049,-0.42838272846819,1.08561000904509
exact_1_2,pc_score,pull_request_reviewed,TRUE,high,-5,0.29907420865485,0.545934972757562,0.839676317498786,0.57599976862524,0.224931421197684
exact_1_2,pc_score,pull_request_reviewed,TRUE,high,-4,0.205605169810355,0.423879777271306,0.679140376851506,0.36140068040795,0.213628008369185
exact_1_2,pc_score,pull_request_reviewed,TRUE,high,-3,0.0904503855597964,0.29885423667781,0.516353935698459,0.377013164647091,0.144054149096274
exact_1_2,pc_score,pull_request_reviewed,TRUE,high,-2,-0.0471094924922413,0.168938504230474,0.366034865417664,0.281205784331576,0.414947323346946
exact_1_2,pc_score,pull_request_reviewed,TRUE,high,-1,0,0,0,0,0
exact_1_2,pc_score,pull_request_reviewed,TRUE,high,0,-0.217845386555494,0.0356907171040925,0.338263915517858,-0.0624729992449561,0.565991139730874
exact_1_2,pc_score,pull_request_reviewed,TRUE,high,1,-0.339281254240151,-0.0595692771905669,0.228534423768003,-0.151499553391194,0.322734751918435
exact_1_2,pc_score,pull_request_reviewed,TRUE,high,2,-0.476910132572007,-0.180323359647448,0.162905862372946,-0.26468284486232,0.401691425124091
exact_1_2,pc_score,pull_request_reviewed,TRUE,high,3,-0.57020710961208,-0.24609980986005,0.112201665281216,-0.471949073862927,0.690932728921248
exact_1_2,pc_score,pull_request_reviewed,TRUE,high,4,-0.662933145849869,-0.304886805170086,0.0710901924132758,-0.28752509189737,0.892202656662401
exact_1_2,pc_score,pull_request_reviewed,TRUE,high,5,-0.70445905083655,-0.349576389452618,0.0262985514544069,-0.473954441919909,0.806968119795877
exact1,pc_score,pull_request_merged_after_review,TRUE,high,-5,-0.186461555978652,0.208775141010487,0.610942917228977,0.63244658909316,0.240014757650095
exact1,pc_score,pull_request_merged_after_review,TRUE,high,-4,-0.193039086295071,0.171117957363019,0.550879610442622,0.463018147899421,0.238729937093298
exact1,pc_score,pull_request_merged_after_review,TRUE,high,-3,-0.25963455257834,0.100705031847898,0.439882558524871,0.489221689028289,0.445483937575908
exact1,pc_score,pull_request_merged_after_review,TRUE,high,-2,-0.289102132222198,0.0523760157729307,0.393150359177938,0.372781650520228,0.441025750613267
exact1,pc_score,pull_request_merged_after_review,TRUE,high,-1,0,0,0,0,0
exact1,pc_score,pull_request_merged_after_review,TRUE,high,0,-0.284311601422572,0.100677929341806,0.737971557412044,0.697805434824474,0.623800739622666
exact1,pc_score,pull_request_merged_after_review,TRUE,high,1,-1.06008510537547,-0.721737725377314,-0.315719079142102,-0.516503965993621,0.468503303412906
exact1,pc_score,pull_request_merged_after_review,TRUE,high,2,-1.0852732027089,-0.718409489047641,-0.332508328273295,-0.581263593155356,0.720446151194878
exact1,pc_score,pull_request_merged_after_review,TRUE,high,3,-1.07758623727788,-0.732513434839707,-0.317631294053852,-0.527025152330876,0.843613526291408
exact1,pc_score,pull_request_merged_after_review,TRUE,high,4,-1.11030740573178,-0.74639386770641,-0.330169615456906,-0.386317740256408,1.1683207418534
exact1,pc_score,pull_request_merged_after_review,TRUE,high,5,-1.10756699152639,-0.715772514830776,-0.29674156682287,-0.454093581770388,0.541782605627195
exact2,pc_score,pull_request_merged_after_review,TRUE,high,-5,0.312736844874172,0.621270102325799,1.00331046251618,0.577126734891717,0.335170667459022
exact2,pc_score,pull_request_merged_after_review,TRUE,high,-4,0.206776709766559,0.483348828621288,0.784300333117402,0.382843275478955,0.21965542886322
exact2,pc_score,pull_request_merged_after_review,TRUE,high,-3,0.0720178551722356,0.351480122264914,0.610121181257094,0.322558740920394,0.151452448371028
exact2,pc_score,pull_request_merged_after_review,TRUE,high,-2,-0.0582015591135847,0.195930096312457,0.432313558504008,0.259373029628186,0.577533006893246
exact2,pc_score,pull_request_merged_after_review,TRUE,high,-1,0,0,0,0,0
exact2,pc_score,pull_request_merged_after_review,TRUE,high,0,-0.299384758207464,-0.0203196668780264,0.321194105720167,-0.149739645141305,0.682663535903197
exact2,pc_score,pull_request_merged_after_review,TRUE,high,1,-0.26392508602234,0.0706903067186496,0.455985092641797,-0.132223517880474,0.556294668203647
exact2,pc_score,pull_request_merged_after_review,TRUE,high,2,-0.461081079227456,-0.0729348226942714,0.366838429599261,-0.0622240573795847,0.700520275475522
exact2,pc_score,pull_request_merged_after_review,TRUE,high,3,-0.600437393882199,-0.172535794162773,0.304879539350231,-0.479461261756894,1.02851953245377
exact2,pc_score,pull_request_merged_after_review,TRUE,high,4,-0.688602412127971,-0.233956262986051,0.24227477212441,-0.270554329495775,1.15582839318808
exact2,pc_score,pull_request_merged_after_review,TRUE,high,5,-0.779443881859065,-0.273654159752723,0.199634880399588,-0.416619911432742,1.17959475584142
exact_1_2,pc_score,pull_request_merged_after_review,TRUE,high,-5,0.242990879537996,0.501302253948483,0.782401389640137,0.593509009311887,0.306991449532773
exact_1_2,pc_score,pull_request_merged_after_review,TRUE,high,-4,0.166833718671646,0.393596711783206,0.639576186982471,0.406586048856689,0.225304102974273
exact_1_2,pc_score,pull_request_merged_after_review,TRUE,high,-3,0.0553150494843966,0.276394734909132,0.476777991361978,0.37191386289226,0.238526151182774
exact_1_2,pc_score,pull_request_merged_after_review,TRUE,high,-2,-0.0541454958453227,0.152839260956004,0.347646683234045,0.292957556845143,0.537108111256685
exact_1_2,pc_score,pull_request_merged_after_review,TRUE,high,-1,0,0,0,0,0
exact_1_2,pc_score,pull_request_merged_after_review,TRUE,high,0,-0.241527918246655,0.0323973878090158,0.364745868715943,0.101250099569591,0.665232064043297
exact_1_2,pc_score,pull_request_merged_after_review,TRUE,high,1,-0.414390989365554,-0.160194940739016,0.112947938142513,-0.246023307235869,0.530296367042441
exact_1_2,pc_score,pull_request_merged_after_review,TRUE,high,2,-0.545973537295913,-0.271505225941328,0.0964225100471283,-0.215931044368976,0.706421071289408
exact_1_2,pc_score,pull_request_merged_after_review,TRUE,high,3,-0.621373197186305,-0.334399784150234,0.0281180256363873,-0.493546705746614,0.973761959813415
exact_1_2,pc_score,pull_request_merged_after_review,TRUE,high,4,-0.727687979350143,-0.380859689255158,-0.0296987484679842,-0.304836197918452,1.15952784408038
exact_1_2,pc_score,pull_request_merged_after_review,TRUE,high,5,-0.767453978146105,-0.41350585663478,-0.0558518196441342,-0.427717264451186,0.990714762859527
exact1,pc_score,pull_request_merged,TRUE,high,-5,-0.109844017851727,0.276792040921345,0.721473538507887,0.56278730453283,0.36844940695479
exact1,pc_score,pull_request_merged,TRUE,high,-4,-0.105061730742479,0.224320653163982,0.594997638511913,0.426560725675615,0.386296030251081
exact1,pc_score,pull_request_merged,TRUE,high,-3,-0.219093515756754,0.147433361171196,0.4662270167798,0.331074131396468,0.492301117948248
exact1,pc_score,pull_request_merged,TRUE,high,-2,-0.238991293555273,0.0798360502742563,0.407462368090896,0.139603676405149,0.603886350663998
exact1,pc_score,pull_request_merged,TRUE,high,-1,0,0,0,0,0
exact1,pc_score,pull_request_merged,TRUE,high,0,-0.300941018010649,0.121179048951151,0.770464316797394,0.532094326341094,0.61637233311124
exact1,pc_score,pull_request_merged,TRUE,high,1,-1.21557485765889,-0.855813753690303,-0.498805228175692,-0.872440890300977,0.546460671680699
exact1,pc_score,pull_request_merged,TRUE,high,2,-1.25327181614639,-0.863790787928362,-0.479846415685788,-0.808102533831584,0.689991604769913
exact1,pc_score,pull_request_merged,TRUE,high,3,-1.25065166466982,-0.871202034859592,-0.43869875857781,-0.856865806329329,0.805964342683947
exact1,pc_score,pull_request_merged,TRUE,high,4,-1.24650986492419,-0.886140358702577,-0.40635946894337,-0.716082319522531,1.04112153124284
exact1,pc_score,pull_request_merged,TRUE,high,5,-1.25784663758353,-0.856156379963533,-0.414112720614064,-0.875150300022042,0.792862603648638
exact1,pc_score,pull_request_merged,TRUE,low,-5,-0.370355005361765,-0.0117307262562659,0.37586866438107,-0.109545302553749,0.0413733002419336
exact1,pc_score,pull_request_merged,TRUE,low,-4,-0.415376252399466,-0.0404419885425628,0.305382797410004,-0.146604617221666,-0.159950630039039
exact1,pc_score,pull_request_merged,TRUE,low,-3,-0.410975132380342,-0.0601821345581146,0.265614662575287,-0.217849758788892,-0.159413568819013
exact1,pc_score,pull_request_merged,TRUE,low,-2,-0.355147735564617,-0.0350332572090382,0.3021878141633,0.0146246151154581,-0.0553466211900969
exact1,pc_score,pull_request_merged,TRUE,low,-1,0,0,0,0,0
exact1,pc_score,pull_request_merged,TRUE,low,0,-0.255816144305051,0.187817211119589,0.6754313835623,-0.0293731266487814,-0.65334516068763
exact1,pc_score,pull_request_merged,TRUE,low,1,-1.20952168481419,-0.904618432570838,-0.544150543653995,-0.841435978017441,-1.447622134944
exact1,pc_score,pull_request_merged,TRUE,low,2,-1.1489238883423,-0.816374925301024,-0.481472835806819,-0.896170319627688,-1.5922970586755
exact1,pc_score,pull_request_merged,TRUE,low,3,-1.11415148911443,-0.748046781272329,-0.361541922102715,-0.4417185103083,-1.68738711821663
exact1,pc_score,pull_request_merged,TRUE,low,4,-1.08048561000425,-0.675209891673754,-0.347205972379316,-0.607615376217386,-1.65892192904414
exact1,pc_score,pull_request_merged,TRUE,low,5,-0.996630400738574,-0.621690147873804,-0.274740569076244,-0.286865734405025,-1.71686711523509
exact2,pc_score,pull_request_merged,TRUE,high,-5,0.373798290911981,0.693716955460085,1.05342686140832,0.634571122998755,0.28878619018219
exact2,pc_score,pull_request_merged,TRUE,high,-4,0.280280552731392,0.538939146152356,0.840489699348625,0.385138426715398,0.190569015893289
exact2,pc_score,pull_request_merged,TRUE,high,-3,0.13621031492854,0.396794358691635,0.677859178681902,0.306269799046531,0.100338363168783
exact2,pc_score,pull_request_merged,TRUE,high,-2,-0.0313918361297634,0.216839294943938,0.468377058707708,0.246634068544516,0.609431045661137
exact2,pc_score,pull_request_merged,TRUE,high,-1,0,0,0,0,0
exact2,pc_score,pull_request_merged,TRUE,high,0,-0.317404114365293,-0.013867376984929,0.339505056913442,-0.109377925151997,0.716815246279953
exact2,pc_score,pull_request_merged,TRUE,high,1,-0.166641086826099,0.227337539422443,0.651452734558866,0.192505093406347,0.51724651709562
exact2,pc_score,pull_request_merged,TRUE,high,2,-0.361936515490668,0.05535367928065,0.536558310380005,-0.0473321258858027,0.772544538538417
exact2,pc_score,pull_request_merged,TRUE,high,3,-0.491655157794926,-0.0376721750352218,0.470669078328264,-0.423537823918529,0.928365381642776
exact2,pc_score,pull_request_merged,TRUE,high,4,-0.609438542177572,-0.115287631116599,0.41850518575866,-0.141609151687864,1.08204755922739
exact2,pc_score,pull_request_merged,TRUE,high,5,-0.717337777505107,-0.183679303422534,0.360739804395803,-0.22709567021815,0.950756455513919
exact2,pc_score,pull_request_merged,TRUE,low,-5,-0.000702054474813048,0.309796163652454,0.627595848651495,0.126557525141182,0.0264817449329669
exact2,pc_score,pull_request_merged,TRUE,low,-4,-0.0156220254277155,0.271740416791513,0.581674068296801,0.120006958344824,0.0498170371681271
exact2,pc_score,pull_request_merged,TRUE,low,-3,-0.0133816099971198,0.21781510491033,0.486941377441394,0.230779895084163,0.000854896248073028
exact2,pc_score,pull_request_merged,TRUE,low,-2,-0.131219677869684,0.105495836486916,0.345588842175465,0.136090527383904,0.0677283463468791
exact2,pc_score,pull_request_merged,TRUE,low,-1,0,0,0,0,0
exact2,pc_score,pull_request_merged,TRUE,low,0,-0.295892375855239,0.0172162645050591,0.39069188939868,0.115247678581233,-0.721809931548517
exact2,pc_score,pull_request_merged,TRUE,low,1,0.427619382304305,0.831534541021625,1.3019602492275,0.624363635866123,-1.70492244040599
exact2,pc_score,pull_request_merged,TRUE,low,2,0.257274855150623,0.72255725699501,1.27643650257228,0.830516520541288,-2.13597718323163
exact2,pc_score,pull_request_merged,TRUE,low,3,0.120513988360212,0.592884127365374,1.17338279950921,0.348497504576484,-2.67906498169252
exact2,pc_score,pull_request_merged,TRUE,low,4,-0.0920943519441101,0.522301505159665,1.04347341259835,0.38122572347908,-3.199160064484
exact2,pc_score,pull_request_merged,TRUE,low,5,-0.0319348871008983,0.496641463315268,1.03776057114651,0.479930729777344,-3.57739376955873
exact_1_2,pc_score,pull_request_merged,TRUE,high,-5,0.308695381861136,0.576872682870276,0.862697848627395,0.613313254010992,0.312377443217853
exact_1_2,pc_score,pull_request_merged,TRUE,high,-4,0.249315762138412,0.447795063387886,0.695961350323423,0.39740511610705,0.248531093106541
exact_1_2,pc_score,pull_request_merged,TRUE,high,-3,0.114980261869027,0.319664304993228,0.538771947817333,0.313615288025697,0.216413170378153
exact_1_2,pc_score,pull_request_merged,TRUE,high,-2,-0.019074908754713,0.174587601829598,0.371646535217817,0.214938373018266,0.607789054438808
exact_1_2,pc_score,pull_request_merged,TRUE,high,-1,0,0,0,0,0
exact_1_2,pc_score,pull_request_merged,TRUE,high,0,-0.212015391530582,0.033002186524057,0.351817328410954,0.0805859604832959,0.687070349247158
exact_1_2,pc_score,pull_request_merged,TRUE,high,1,-0.36690067238134,-0.089440526195659,0.209564077142197,-0.122865176446895,0.52589791909721
exact_1_2,pc_score,pull_request_merged,TRUE,high,2,-0.536026565390296,-0.216108090279602,0.132492494428168,-0.272624650127257,0.748097532400963
exact_1_2,pc_score,pull_request_merged,TRUE,high,3,-0.623025007780404,-0.289854952769512,0.0992556622850856,-0.551862419568079,0.892117863667844
exact_1_2,pc_score,pull_request_merged,TRUE,high,4,-0.702343236742595,-0.345704164779458,0.043043171320637,-0.311732106969375,1.06992783420192
exact_1_2,pc_score,pull_request_merged,TRUE,high,5,-0.77979978187994,-0.367048874211651,0.0137625511206706,-0.419008843851062,0.903998190369265
exact_1_2,pc_score,pull_request_merged,TRUE,low,-5,-0.0366906063328869,0.216561380792895,0.459936443397433,0.0513389251675755,0.0312259572437881
exact_1_2,pc_score,pull_request_merged,TRUE,low,-4,-0.0585311106790962,0.168135160902669,0.423504684360042,0.035068757279394,-0.0170116001722089
exact_1_2,pc_score,pull_request_merged,TRUE,low,-3,-0.0612816767867957,0.134495430464192,0.318524365602969,0.0878536336732782,-0.0502040837732995
exact_1_2,pc_score,pull_request_merged,TRUE,low,-2,-0.131236272979114,0.0619402661228865,0.238630981381194,0.0973934225904171,0.0285186221758071
exact_1_2,pc_score,pull_request_merged,TRUE,low,-1,0,0,0,0,0
exact_1_2,pc_score,pull_request_merged,TRUE,low,0,-0.185216223368145,0.0757424823895292,0.360763455657288,0.0691737937291932,-0.699998146141509
exact_1_2,pc_score,pull_request_merged,TRUE,low,1,-0.0162825133241357,0.28195025983508,0.645570191283715,0.157383227903218,-1.62295066167474
exact_1_2,pc_score,pull_request_merged,TRUE,low,2,-0.089524541777539,0.235928395513214,0.624931744453279,0.280421598009579,-1.96276935593941
exact_1_2,pc_score,pull_request_merged,TRUE,low,3,-0.157628767188021,0.165715221272494,0.572232144790719,0.0967472697459335,-2.36313221102763
exact_1_2,pc_score,pull_request_merged,TRUE,low,4,-0.284230747780715,0.139240291171266,0.532293963153171,0.0661967005669313,-2.70846472929962
exact_1_2,pc_score,pull_request_merged,TRUE,low,5,-0.235299960797823,0.136603574284919,0.507084710523946,0.235641590745792,-2.98465961419898
exact1,pc_score,merge_rate,TRUE,high,-5,-0.528923558604543,-0.0412400174267624,0.480756985904506,-0.192420929698348,0.176561108790265
exact1,pc_score,merge_rate,TRUE,high,-4,-0.528236335146299,-0.0419714912370716,0.456471717681473,0.107388668105487,0.0734032130376501
exact1,pc_score,merge_rate,TRUE,high,-3,-0.463751343250861,-0.0199464486179905,0.436391240666761,0.266610925874284,0.0426853318860243
exact1,pc_score,merge_rate,TRUE,high,-2,-0.496272584021645,-0.0252895189191051,0.47264773563893,-0.0560930880422477,0.0557133461548243
exact1,pc_score,merge_rate,TRUE,high,-1,0,0,0,0,0
exact1,pc_score,merge_rate,TRUE,high,0,-0.672876295820687,-0.0644318472906686,0.558569274377149,0.618001893539092,-0.121924181109088
exact1,pc_score,merge_rate,TRUE,high,1,-4.65950460588949,-2.8308811137779,-1.67927412430667,-1.72811999376974,-0.105275710534855
exact1,pc_score,merge_rate,TRUE,high,2,-4.62605672768901,-2.87120737146803,-1.60085144145143,-2.27254329009651,-0.522317549268866
exact1,pc_score,merge_rate,TRUE,high,3,-5.0357255679895,-2.90035446809757,-1.57454817585706,-3.02157610140218,0.061043822914214
exact1,pc_score,merge_rate,TRUE,high,4,-4.83739824731172,-2.88723830660693,-1.59821105166481,-1.7706354626404,0.14615190378246
exact1,pc_score,merge_rate,TRUE,high,5,-4.47362902864971,-2.85786620230201,-1.62726558083456,-2.22081151317279,0.866401622401932
exact1,pc_score,merge_rate,TRUE,low,-5,-0.522813766561183,-0.059896209116094,0.456588733372855,-0.321239507131942,0.00158319408966673
exact1,pc_score,merge_rate,TRUE,low,-4,-0.513865337492678,-0.0266732634427337,0.452896628198087,-0.263676746154125,-0.17167331267436
exact1,pc_score,merge_rate,TRUE,low,-3,-0.491616559851372,-0.0279036391547009,0.420034573064542,-0.337632126076268,-0.076365761588059
exact1,pc_score,merge_rate,TRUE,low,-2,-0.458788655236668,-0.00874796737395764,0.445417881806497,0.0203082663959193,-0.135652025587536
exact1,pc_score,merge_rate,TRUE,low,-1,0,0,0,0,0
exact1,pc_score,merge_rate,TRUE,low,0,-0.708228573487409,-0.0768489743178663,0.512854377765882,-0.158199676800712,-0.896408776063001
exact1,pc_score,merge_rate,TRUE,low,1,-4.73297008570712,-3.48546996893348,-2.47030962269231,-2.54937394844585,-0.987145653186535
exact1,pc_score,merge_rate,TRUE,low,2,-4.7018675117493,-3.4461532369793,-2.51082795817079,-3.06921597182955,-1.97047083251329
exact1,pc_score,merge_rate,TRUE,low,3,-4.74067469302603,-3.46018382464458,-2.63065326640501,-2.94114300867996,-1.09755265731753
exact1,pc_score,merge_rate,TRUE,low,4,-4.72412483809611,-3.45630573348235,-2.38793076696152,-2.88751052923704,-1.75909519290503
exact1,pc_score,merge_rate,TRUE,low,5,-4.75678122652429,-3.454171832195,-2.41665121248322,-2.6790320282095,-1.57176204847889
exact2,pc_score,merge_rate,TRUE,high,-5,-0.37267908381209,-0.0626731781957683,0.275655743260185,0.182730918492052,-0.223741523237207
exact2,pc_score,merge_rate,TRUE,high,-4,-0.348600486365647,-0.0348703881839501,0.308704444738298,0.259078553014682,-0.123526457296362
exact2,pc_score,merge_rate,TRUE,high,-3,-0.314991307918907,-0.0337976438090097,0.279332060196341,0.224052280501015,-0.106659864898634
exact2,pc_score,merge_rate,TRUE,high,-2,-0.308452635319761,-0.0105656679202952,0.295717327127548,0.425837351678827,0.164898229065143
exact2,pc_score,merge_rate,TRUE,high,-1,0,0,0,0,0
exact2,pc_score,merge_rate,TRUE,high,0,-0.508363010162167,-0.0573024471528704,0.314087250889802,0.41749159715811,0.049862838492808
exact2,pc_score,merge_rate,TRUE,high,1,-2.60597185157156,-1.87068617804676,-1.24772917636785,-1.63700023011618,-0.190702362504751
exact2,pc_score,merge_rate,TRUE,high,2,-2.68084752761558,-1.82601308468798,-1.23226589593381,-1.58138841740759,0.616879866079699
exact2,pc_score,merge_rate,TRUE,high,3,-2.59876192813039,-1.83249865105276,-1.24642100473699,-1.27889228300926,0.575392895761281
exact2,pc_score,merge_rate,TRUE,high,4,-2.63786694688378,-1.81905816588646,-1.22410027675195,-1.58607995262866,0.755131604938851
exact2,pc_score,merge_rate,TRUE,high,5,-2.6580679339928,-1.80446041135285,-1.16382953122885,-1.66108377757287,0.37946160921111
exact2,pc_score,merge_rate,TRUE,low,-5,-0.370673867941682,-0.0437978505102815,0.27466022520411,-0.271534814204136,0.108631659671114
exact2,pc_score,merge_rate,TRUE,low,-4,-0.335686145184044,-0.0310444402972716,0.260682634148637,-0.296020268295533,-0.0536338652344648
exact2,pc_score,merge_rate,TRUE,low,-3,-0.293027654583024,-0.0208927340313274,0.264669836945702,-0.275827059590251,-0.164584067573222
exact2,pc_score,merge_rate,TRUE,low,-2,-0.29185209889568,-0.0202606197723793,0.240551556369225,-0.141761699815951,-0.174239970192408
exact2,pc_score,merge_rate,TRUE,low,-1,0,0,0,0,0
exact2,pc_score,merge_rate,TRUE,low,0,-0.458116641497693,-0.0601144421731213,0.320460440557602,-0.156899067979551,-0.00439818846144178
exact2,pc_score,merge_rate,TRUE,low,1,-2.32843490663994,-1.68802923318295,-1.22506153655116,-1.72771370605963,-0.793520487904816
exact2,pc_score,merge_rate,TRUE,low,2,-2.22684289453663,-1.65856039546917,-1.19648568323806,-1.87638551731498,-0.802165681021801
exact2,pc_score,merge_rate,TRUE,low,3,-2.24432732720262,-1.63661927771617,-1.1784478084895,-2.0100890994111,-0.52598097174797
exact2,pc_score,merge_rate,TRUE,low,4,-2.23388817018814,-1.66004303844708,-1.14568574317962,-1.98908871641952,-0.811015971525513
exact2,pc_score,merge_rate,TRUE,low,5,-2.25119672193136,-1.64142635456717,-1.13070065341288,-1.92141789430626,-0.676396449088839
exact_1_2,pc_score,merge_rate,TRUE,high,-5,-0.30880831882909,-0.0486968257040971,0.219691171832737,0.0716344484270837,-0.105196966971561
exact_1_2,pc_score,merge_rate,TRUE,high,-4,-0.296865471190393,-0.0346674718233057,0.224428011495304,0.214157514135993,-0.0652082287425127
exact_1_2,pc_score,merge_rate,TRUE,high,-3,-0.275923614728795,-0.0345933820802045,0.245811985356459,0.236655484495674,-0.0624331757220616
exact_1_2,pc_score,merge_rate,TRUE,high,-2,-0.282661542992128,-0.00993376280064377,0.234304813506547,0.283119753649839,0.132564508374963
exact_1_2,pc_score,merge_rate,TRUE,high,-1,0,0,0,0,0
exact_1_2,pc_score,merge_rate,TRUE,high,0,-0.397403007883941,-0.0534527528655752,0.271219351136701,0.476870182781662,-0.00100971237642299
exact_1_2,pc_score,merge_rate,TRUE,high,1,-2.85755523951625,-2.16987740838972,-1.57954280923388,-1.66398419445994,-0.165404341105941
exact_1_2,pc_score,merge_rate,TRUE,high,2,-2.913986115404,-2.13894147048257,-1.56981998388379,-1.78606518228114,0.279520974839136
exact_1_2,pc_score,merge_rate,TRUE,high,3,-2.97710017042553,-2.16464084079031,-1.52739779810196,-1.79496603180373,0.423074929982536
exact_1_2,pc_score,merge_rate,TRUE,high,4,-2.92785447291003,-2.15320362828749,-1.5679581029695,-1.64073373027162,0.574789976699405
exact_1_2,pc_score,merge_rate,TRUE,high,5,-2.8611834065547,-2.11626572550895,-1.52127967646609,-1.82684005978916,0.523662728997233
exact_1_2,pc_score,merge_rate,TRUE,low,-5,-0.318908196544347,-0.043969477708569,0.206173310615895,-0.287369937614764,0.0745277237336621
exact_1_2,pc_score,merge_rate,TRUE,low,-4,-0.30562155875073,-0.0329010007209366,0.196683651846713,-0.285716137347828,-0.0912393529144313
exact_1_2,pc_score,merge_rate,TRUE,low,-3,-0.258115454191489,-0.0220485245707395,0.227408814443047,-0.295517169267212,-0.136479120533701
exact_1_2,pc_score,merge_rate,TRUE,low,-2,-0.253531225741408,-0.0171837641631152,0.215759265884703,-0.0901287902263283,-0.161946465716519
exact_1_2,pc_score,merge_rate,TRUE,low,-1,0,0,0,0,0
exact_1_2,pc_score,merge_rate,TRUE,low,0,-0.371344908007174,-0.0760506242614028,0.275758053994344,-0.15731342123231,-0.288578552653089
exact_1_2,pc_score,merge_rate,TRUE,low,1,-2.84982060718366,-2.27193137330362,-1.83520023790258,-1.98948157089064,-0.855206381268904
exact_1_2,pc_score,merge_rate,TRUE,low,2,-2.79442640927647,-2.26704475295868,-1.80027965735728,-2.25640229928423,-1.17436909211644
exact_1_2,pc_score,merge_rate,TRUE,low,3,-2.79999724754096,-2.22537667985357,-1.83022471489404,-2.30670804395693,-0.708074606088715
exact_1_2,pc_score,merge_rate,TRUE,low,4,-2.82069140389556,-2.22858684968748,-1.78759944108537,-2.27531159483927,-1.11305890931014
exact_1_2,pc_score,merge_rate,TRUE,low,5,-2.72981919163102,-2.21850047184019,-1.74162764144042,-2.16278168917809,-0.961645666593633
exact1,pc_score,review_rate,TRUE,high,-5,-0.470103715367068,-0.0269852480643757,0.405477422817972,0.017072954731377,-0.260474269929578
exact1,pc_score,review_rate,TRUE,high,-4,-0.40336925666799,0.0063305029862006,0.41183181090694,-0.206471682547251,-0.169392342070078
exact1,pc_score,review_rate,TRUE,high,-3,-0.458991200716791,-0.00601298533140137,0.43840092701457,0.181169219440165,0.0956837400924125
exact1,pc_score,review_rate,TRUE,high,-2,-0.400107541092771,-0.00605680980242636,0.409813112340785,0.245350384786003,-0.285446975747722
exact1,pc_score,review_rate,TRUE,high,-1,0,0,0,0,0
exact1,pc_score,review_rate,TRUE,high,0,-0.564866872876576,-0.00818917739728653,0.55196672439956,-0.0417662523577904,0.289532617010793
exact1,pc_score,review_rate,TRUE,high,1,-1.86035455383573,-0.900722830937594,-0.00450945503906689,-0.335780967312796,-0.219940365128895
exact1,pc_score,review_rate,TRUE,high,2,-1.8537127515327,-0.892007091374988,-0.0227273237496368,-0.602356420882409,0.0468397965968013
exact1,pc_score,review_rate,TRUE,high,3,-1.71332835634987,-0.887843900658527,-0.0342742725910799,-0.857235550322102,-0.137132542215946
exact1,pc_score,review_rate,TRUE,high,4,-1.73097007509419,-0.894131706693726,0.127405266337219,-0.166178614347934,0.365031921406319
exact1,pc_score,review_rate,TRUE,high,5,-1.91455233215304,-0.877718793832835,0.0207082904176971,-0.906958090901633,-0.378505132475047
exact1,pc_score,review_rate,TRUE,low,-5,-0.435426074676048,-0.0191960488003205,0.412559431766229,-0.298847384262669,-0.223715062865332
exact1,pc_score,review_rate,TRUE,low,-4,-0.40698859285245,-0.00209425147662291,0.396673076941033,-0.210383289074671,-0.300773989411486
exact1,pc_score,review_rate,TRUE,low,-3,-0.396769210581298,0.00517597372109747,0.403399282653777,-0.23454117603309,-0.0818839440355571
exact1,pc_score,review_rate,TRUE,low,-2,-0.379724128426667,-0.0118167925022032,0.388576940096077,-0.0289830577795501,-0.264316722413551
exact1,pc_score,review_rate,TRUE,low,-1,0,0,0,0,0
exact1,pc_score,review_rate,TRUE,low,0,-0.542190499533298,0.00405274429468044,0.476830322227845,-0.177201547375997,-0.308228627367981
exact1,pc_score,review_rate,TRUE,low,1,-2.47311501001236,-1.49158676624011,-0.862702612931164,-1.80635472932797,-0.577001803992308
exact1,pc_score,review_rate,TRUE,low,2,-2.40559549481909,-1.47429916216711,-0.818806488875457,-1.62993142068658,0.452570532632289
exact1,pc_score,review_rate,TRUE,low,3,-2.33522888525287,-1.49278111487386,-0.842308186731657,-1.46017368322152,-0.828068387364096
exact1,pc_score,review_rate,TRUE,low,4,-2.39974917594954,-1.45811555056706,-0.796951999033023,-1.1997556647634,-0.593042972024867
exact1,pc_score,review_rate,TRUE,low,5,-2.4447307478103,-1.50733062581852,-0.720768991600767,-1.15513311890829,0.622868711458106
exact2,pc_score,review_rate,TRUE,high,-5,-0.346308038703257,-0.0227232383993321,0.287576234717249,-0.0803914395224394,0.137731119941219
exact2,pc_score,review_rate,TRUE,high,-4,-0.342256159303527,-0.0250790634984756,0.266518449865718,0.0128326392734051,0.159501456289184
exact2,pc_score,review_rate,TRUE,high,-3,-0.331201118345007,-0.0196408202778331,0.258664748542414,0.0902919827612346,0.0608002638573011
exact2,pc_score,review_rate,TRUE,high,-2,-0.280876480599506,-0.010909654052765,0.272456981918636,0.154633768660769,-0.0947385948541612
exact2,pc_score,review_rate,TRUE,high,-1,0,0,0,0,0
exact2,pc_score,review_rate,TRUE,high,0,-0.410968796225049,-0.0269109458235663,0.367368488081787,-0.353125008965401,-0.128091852988911
exact2,pc_score,review_rate,TRUE,high,1,-1.64823224498389,-1.16025204286935,-0.668874316696713,-1.17668100548441,-0.590318623838404
exact2,pc_score,review_rate,TRUE,high,2,-1.62367730762133,-1.13905442549557,-0.740224058992586,-0.976133510325216,-0.488824471626395
exact2,pc_score,review_rate,TRUE,high,3,-1.68244900853965,-1.15390864388878,-0.695276018597439,-1.1570887149824,-0.278310619964394
exact2,pc_score,review_rate,TRUE,high,4,-1.70976454741654,-1.16644942599031,-0.639976379944548,-1.12099147099753,-0.0837761648037053
exact2,pc_score,review_rate,TRUE,high,5,-1.69123017358508,-1.1377974767875,-0.670555198486978,-1.0821426845446,-0.163464282249849
exact2,pc_score,review_rate,TRUE,low,-5,-0.345004918306853,-0.0215412934719381,0.279610510684517,0.0379904319549026,0.275488849840411
exact2,pc_score,review_rate,TRUE,low,-4,-0.305416459529276,-0.01334659077725,0.26998484349162,-0.0569168495178149,0.293202854438288
exact2,pc_score,review_rate,TRUE,low,-3,-0.253277046734284,-0.00397182237421006,0.244383519221434,0.0672618343287751,0.207969966942083
exact2,pc_score,review_rate,TRUE,low,-2,-0.262894796125684,-0.0167477432484139,0.252608232657509,0.0247642027336781,0.406267308908548
exact2,pc_score,review_rate,TRUE,low,-1,0,0,0,0,0
exact2,pc_score,review_rate,TRUE,low,0,-0.360173149321229,0.0107059735992033,0.378712322735505,0.0426999827877727,-0.339402493655064
exact2,pc_score,review_rate,TRUE,low,1,-1.81411164535095,-1.28407009084187,-0.854865845389453,-1.35513626266899,-1.50196776269029
exact2,pc_score,review_rate,TRUE,low,2,-1.78886021857227,-1.28655004888488,-0.891236492947983,-1.29431814308131,-1.06093530355136
exact2,pc_score,review_rate,TRUE,low,3,-1.81605459549042,-1.29954048798476,-0.828112218684297,-1.36665762322801,-1.17065348958464
exact2,pc_score,review_rate,TRUE,low,4,-1.82758343969205,-1.26729768671743,-0.863661940681721,-1.24663403672736,-1.09132212288783
exact2,pc_score,review_rate,TRUE,low,5,-1.81076694329103,-1.27888636258629,-0.86277296950537,-1.34876843207201,-2.01272741053563
exact_1_2,pc_score,review_rate,TRUE,high,-5,-0.29248427771917,-0.0206859955444905,0.253628466824447,-0.0515285931554294,0.0198076353872062
exact_1_2,pc_score,review_rate,TRUE,high,-4,-0.262589703317159,-0.0142583156163255,0.226164646285094,-0.0521115590339996,0.0621037220111194
exact_1_2,pc_score,review_rate,TRUE,high,-3,-0.255333473953556,-0.0194745747889255,0.212228971746189,0.117204125812077,0.071130563686583
exact_1_2,pc_score,review_rate,TRUE,high,-2,-0.234023565355274,-0.0104108884776884,0.225000119415083,0.181498345968242,-0.151214467307619
exact_1_2,pc_score,review_rate,TRUE,high,-1,0,0,0,0,0
exact_1_2,pc_score,review_rate,TRUE,high,0,-0.301019363319396,-0.0168386335282468,0.295991052024804,-0.260920055291902,-0.00441765371861232
exact_1_2,pc_score,review_rate,TRUE,high,1,-1.52856292514894,-1.07775644678591,-0.690764449865996,-0.927659105768355,-0.480635791860052
exact_1_2,pc_score,review_rate,TRUE,high,2,-1.52253781838852,-1.07365273348898,-0.644258955911572,-0.865444157657603,-0.330194280607509
exact_1_2,pc_score,review_rate,TRUE,high,3,-1.49927747857894,-1.07358738493553,-0.661713753236307,-1.06829099669244,-0.236502519686957
exact_1_2,pc_score,review_rate,TRUE,high,4,-1.50591838864297,-1.09791535634466,-0.663546434169336,-0.838235732333056,0.0491326675932548
exact_1_2,pc_score,review_rate,TRUE,high,5,-1.55328075457335,-1.07662670939191,-0.669723098159241,-1.0302639851396,-0.227145907423835
exact_1_2,pc_score,review_rate,TRUE,low,-5,-0.278946409346705,-0.0203173225526013,0.234334320180076,-0.0693207307338813,0.116450435173095
exact_1_2,pc_score,review_rate,TRUE,low,-4,-0.232451362706143,-0.012440482568933,0.222445708470422,-0.105808812562477,0.103971293565794
exact_1_2,pc_score,review_rate,TRUE,low,-3,-0.233168062472142,-0.00163582025342235,0.20171862789763,-0.0288877972909341,0.115627128046552
exact_1_2,pc_score,review_rate,TRUE,low,-2,-0.231330009489979,-0.00750936516440005,0.206571904887388,0.00764118168521599,0.192629918398853
exact_1_2,pc_score,review_rate,TRUE,low,-1,0,0,0,0,0
exact_1_2,pc_score,review_rate,TRUE,low,0,-0.313640722638961,0.002876735242702,0.299044321466141,-0.0273571418661715,-0.329470996430861
exact_1_2,pc_score,review_rate,TRUE,low,1,-1.85423392077902,-1.3486507479644,-0.997428933116468,-1.49888727859575,-1.20728834222013
exact_1_2,pc_score,review_rate,TRUE,low,2,-1.80779625965013,-1.3602525470177,-1.00412237405161,-1.40123918727414,-0.578756453085771
exact_1_2,pc_score,review_rate,TRUE,low,3,-1.82731644936325,-1.35747182852749,-0.975317485761703,-1.39645035030559,-1.061511333125
exact_1_2,pc_score,review_rate,TRUE,low,4,-1.85556453499831,-1.32941805727711,-0.978086015345996,-1.23169933415477,-0.932578322612906
exact_1_2,pc_score,review_rate,TRUE,low,5,-1.82702117273007,-1.34872246918944,-0.973115067608901,-1.28707930575436,-1.1730684690155
exact1,pc_score,direct_merge_rate,TRUE,high,-5,-0.442357724731593,0.0338993651533055,0.550618380808427,-0.401590448986082,0.262656362210862
exact1,pc_score,direct_merge_rate,TRUE,high,-4,-0.427485392199356,0.012031190027241,0.442122641431604,0.0660881286541646,0.423403478397941
exact1,pc_score,direct_merge_rate,TRUE,high,-3,-0.442134024256221,0.0248797248138627,0.465782299021613,-0.226690428059163,0.0328564892432
exact1,pc_score,direct_merge_rate,TRUE,high,-2,-0.448405989665327,0.00687642506409101,0.428751011436349,-0.37118449944755,0.381233411165888
exact1,pc_score,direct_merge_rate,TRUE,high,-1,0,0,0,0,0
exact1,pc_score,direct_merge_rate,TRUE,high,0,-0.540925034978294,0.0254342605194024,0.687219722594887,-0.0595963735254284,-0.0918605436002313
exact1,pc_score,direct_merge_rate,TRUE,high,1,-2.68622879658922,-1.38319636155239,-0.507130614869549,-0.921122404626921,-0.0196732668945205
exact1,pc_score,direct_merge_rate,TRUE,high,2,-2.66173177618751,-1.38624747440381,-0.435863886665197,-1.49038729004181,-0.524478451048398
exact1,pc_score,direct_merge_rate,TRUE,high,3,-2.49464940765616,-1.41415147659229,-0.45374321279001,-2.00153963066218,-0.360354352325849
exact1,pc_score,direct_merge_rate,TRUE,high,4,-2.6373482446545,-1.42133550880084,-0.502095372434071,-1.70898854523071,-0.713371346284732
exact1,pc_score,direct_merge_rate,TRUE,high,5,-2.44693712363872,-1.39793404576241,-0.398635579947574,-2.07143315016146,0.18015842836617
exact1,pc_score,direct_merge_rate,TRUE,low,-5,-0.414003796564889,0.0272091253722928,0.467288581369807,0.171328278986252,0.200843134205198
exact1,pc_score,direct_merge_rate,TRUE,low,-4,-0.415390353273313,0.0179952518495692,0.453456219104728,-0.111309272846632,0.303069238830839
exact1,pc_score,direct_merge_rate,TRUE,low,-3,-0.400883365817993,0.0150218824083039,0.429931510129844,0.0103550585191751,0.096345343695479
exact1,pc_score,direct_merge_rate,TRUE,low,-2,-0.348274778408636,-0.00199152141077284,0.424353428868072,0.00824423069474504,0.121963342142505
exact1,pc_score,direct_merge_rate,TRUE,low,-1,0,0,0,0,0
exact1,pc_score,direct_merge_rate,TRUE,low,0,-0.481227583702525,0.0232652630666258,0.559479275615089,-0.106002827919601,-0.135901203530254
exact1,pc_score,direct_merge_rate,TRUE,low,1,-1.67155037261739,-1.01585850992043,-0.463700964581584,-0.27666670292124,-0.361445297777582
exact1,pc_score,direct_merge_rate,TRUE,low,2,-1.76068512101991,-0.999111496602505,-0.45140308970879,-1.07832340769922,-0.598152465894646
exact1,pc_score,direct_merge_rate,TRUE,low,3,-1.68469854761599,-1.00615975905867,-0.444747127043897,-0.917505307796378,-0.352852334146622
exact1,pc_score,direct_merge_rate,TRUE,low,4,-1.7049646856908,-1.03158421073951,-0.396141434001486,-0.644427056686874,-0.490108726679618
exact1,pc_score,direct_merge_rate,TRUE,low,5,-1.76165852558487,-1.03269153326236,-0.362797575091588,-0.684011622526153,-0.920256657740661
exact2,pc_score,direct_merge_rate,TRUE,high,-5,-0.258859902268812,0.0339758689733216,0.354952417882206,0.19794156764997,-0.310828880502556
exact2,pc_score,direct_merge_rate,TRUE,high,-4,-0.252745968471698,0.0198925764343826,0.322830309529847,0.157714721248319,-0.240909449599697
exact2,pc_score,direct_merge_rate,TRUE,high,-3,-0.22870176944656,0.0277196109978146,0.311188515929334,0.064232914119733,-0.148025807940051
exact2,pc_score,direct_merge_rate,TRUE,high,-2,-0.251501975078421,0.0123924547389479,0.263829169623164,0.0022542699516488,0.122862479924625
exact2,pc_score,direct_merge_rate,TRUE,high,-1,0,0,0,0,0
exact2,pc_score,direct_merge_rate,TRUE,high,0,-0.286007287041442,0.0496621397052293,0.411442425442952,0.347664536643492,0.337260221216854
exact2,pc_score,direct_merge_rate,TRUE,high,1,-0.677128793531014,-0.252972932414833,0.121089555172566,-0.289351188989648,0.520310775055128
exact2,pc_score,direct_merge_rate,TRUE,high,2,-0.660495355070204,-0.258237466891611,0.183252443170686,-0.412860460555585,0.507461712926385
exact2,pc_score,direct_merge_rate,TRUE,high,3,-0.728785137372821,-0.25991801718658,0.207735894216784,-0.362056105987141,0.233620775730095
exact2,pc_score,direct_merge_rate,TRUE,high,4,-0.659242619320242,-0.25071194191905,0.193141454151118,-0.32945239083638,0.454432954176841
exact2,pc_score,direct_merge_rate,TRUE,high,5,-0.700562889532276,-0.260714000755106,0.210314133450734,-0.302952453626186,0.283543636362671
exact2,pc_score,direct_merge_rate,TRUE,low,-5,-0.270258085088128,0.00544141031205566,0.326294673356874,-0.0544916564271749,-0.224115083833346
exact2,pc_score,direct_merge_rate,TRUE,low,-4,-0.266096312055121,0.0134633202337578,0.2768670964054,-0.0134641493088992,-0.272531705536102
exact2,pc_score,direct_merge_rate,TRUE,low,-3,-0.266353407456039,0.00886834822595441,0.268765618976511,-0.160234892182765,-0.153372947826202
exact2,pc_score,direct_merge_rate,TRUE,low,-2,-0.242524747301099,0.00137620663824722,0.268032713741309,-0.0921172605343593,-0.363135611486356
exact2,pc_score,direct_merge_rate,TRUE,low,-1,0,0,0,0,0
exact2,pc_score,direct_merge_rate,TRUE,low,0,-0.347640435990414,0.00255118310701861,0.348393600900614,-0.0287984752242881,0.202959438810605
exact2,pc_score,direct_merge_rate,TRUE,low,1,-0.497990267357548,-0.126693594179495,0.199707240030731,-0.151177383669665,1.1615566554602
exact2,pc_score,direct_merge_rate,TRUE,low,2,-0.469655359982359,-0.142035388981519,0.202042898194284,-0.21179950113962,0.455785640646666
exact2,pc_score,direct_merge_rate,TRUE,low,3,-0.482374812077031,-0.132328615409442,0.187681610200642,-0.44381156538818,0.19775814345006
exact2,pc_score,direct_merge_rate,TRUE,low,4,-0.522602171033272,-0.161817884885896,0.21320085160758,-0.218497209561294,0.284695359179711
exact2,pc_score,direct_merge_rate,TRUE,low,5,-0.539441737336216,-0.135115376764894,0.265824150320457,-0.119852530649184,0.447438939719975
exact_1_2,pc_score,direct_merge_rate,TRUE,high,-5,-0.199428054542207,0.0420767081499419,0.279108328758105,0.0203977515646157,-0.140998486737638
exact_1_2,pc_score,direct_merge_rate,TRUE,high,-4,-0.210131907554879,0.0278984438578548,0.255931290296377,0.130580665930737,-0.0441815868021133
exact_1_2,pc_score,direct_merge_rate,TRUE,high,-3,-0.195512929958536,0.0241509251390299,0.247807870004452,-0.0219203503023434,-0.0944598057699036
exact_1_2,pc_score,direct_merge_rate,TRUE,high,-2,-0.191021427109101,0.0071065297680967,0.254293985780725,-0.1083348935185,0.19937575999178
exact_1_2,pc_score,direct_merge_rate,TRUE,high,-1,0,0,0,0,0
exact_1_2,pc_score,direct_merge_rate,TRUE,high,0,-0.248040735766713,0.0400091126529597,0.369435729417438,0.227059374404627,0.210181539790335
exact_1_2,pc_score,direct_merge_rate,TRUE,high,1,-1.03792254874983,-0.595923533876002,-0.215950912515408,-0.476442235680515,0.360401337739567
exact_1_2,pc_score,direct_merge_rate,TRUE,high,2,-1.10721269986996,-0.611873573088091,-0.191485952782623,-0.731956388600862,0.201865698702093
exact_1_2,pc_score,direct_merge_rate,TRUE,high,3,-1.03002983395532,-0.609848196762784,-0.191029750215141,-0.847568394410222,0.0577225618422833
exact_1_2,pc_score,direct_merge_rate,TRUE,high,4,-1.06258642180827,-0.603702188371688,-0.185138557410835,-0.73798455672998,0.108602496100238
exact_1_2,pc_score,direct_merge_rate,TRUE,high,5,-1.03242961415531,-0.594544015552835,-0.160040544593047,-0.82666562126968,0.252927415968858
exact_1_2,pc_score,direct_merge_rate,TRUE,low,-5,-0.225772887192822,0.0154377141666655,0.305178052995225,0.0174509778638284,-0.0887301648122172
exact_1_2,pc_score,direct_merge_rate,TRUE,low,-4,-0.213645774190396,0.0142371383742873,0.241153668681841,-0.0446360470731326,-0.0891544135253952
exact_1_2,pc_score,direct_merge_rate,TRUE,low,-3,-0.21066967500028,0.0161919709358409,0.219428996622748,-0.105887651251174,-0.0738166779608877
exact_1_2,pc_score,direct_merge_rate,TRUE,low,-2,-0.206217483961983,0.00215148867357547,0.230681007966835,-0.060143688107388,-0.20859081210017
exact_1_2,pc_score,direct_merge_rate,TRUE,low,-1,0,0,0,0,0
exact_1_2,pc_score,direct_merge_rate,TRUE,low,0,-0.270903663817191,0.0100424114493355,0.310687343094952,-0.0533945521891665,0.0950038359409506
exact_1_2,pc_score,direct_merge_rate,TRUE,low,1,-0.754828765943735,-0.421995452994787,-0.114720954727418,-0.191156281838308,0.676352493366747
exact_1_2,pc_score,direct_merge_rate,TRUE,low,2,-0.727447966153576,-0.421626988073997,-0.113298992603096,-0.487860214733829,0.120017748297221
exact_1_2,pc_score,direct_merge_rate,TRUE,low,3,-0.762738635024868,-0.415870882492824,-0.139625803332511,-0.594722846155393,0.0223424160741261
exact_1_2,pc_score,direct_merge_rate,TRUE,low,4,-0.765786876655096,-0.445636847459747,-0.121780070318237,-0.354191674132275,0.0378551194369157
exact_1_2,pc_score,direct_merge_rate,TRUE,low,5,-0.739467098977466,-0.422799301511837,-0.100258803035144,-0.299584630716183,0.0117129086705689
exact1,pc_score,reviewed_merge_rate,TRUE,high,-5,-0.547715345164548,-0.0288849226159715,0.500173262652137,0.209838709978061,0.193064921241198
exact1,pc_score,reviewed_merge_rate,TRUE,high,-4,-0.50944101126968,-0.0212339390086199,0.460947223638481,0.344014175661814,0.0842151605013402
exact1,pc_score,reviewed_merge_rate,TRUE,high,-3,-0.488842909163874,-0.0346517487991289,0.441061878699096,0.419508770106847,0.195922202023584
exact1,pc_score,reviewed_merge_rate,TRUE,high,-2,-0.506340432755749,-0.0109574979486526,0.422934876462723,0.408483581591524,0.216834079449456
exact1,pc_score,reviewed_merge_rate,TRUE,high,-1,0,0,0,0,0
exact1,pc_score,reviewed_merge_rate,TRUE,high,0,-0.77677094628817,-0.0607096552640142,0.673040166503795,1.11079175413196,0.0829485223800701
exact1,pc_score,reviewed_merge_rate,TRUE,high,1,-2.42141974670135,-0.857379382214205,0.0964988979499,-1.06764149912802,0.208123068893884
exact1,pc_score,reviewed_merge_rate,TRUE,high,2,-2.47482436287438,-0.807931239830147,0.259324290974643,-0.174090010991377,-0.620731647181371
exact1,pc_score,reviewed_merge_rate,TRUE,high,3,-2.60480408311122,-0.831035665206699,0.177246207300224,-0.392052050492992,0.381381056817444
exact1,pc_score,reviewed_merge_rate,TRUE,high,4,-2.33031209700956,-0.821049884118981,0.189455687709196,0.0508307891231143,0.656580011024991
exact1,pc_score,reviewed_merge_rate,TRUE,high,5,-2.21203554926319,-0.828007848841718,0.154871127818848,-0.147584155303939,0.701049324688659
exact1,pc_score,reviewed_merge_rate,TRUE,low,-5,-0.515954215695669,-0.0273611134967587,0.442926084788677,-0.295562040194625,0.162762565066101
exact1,pc_score,reviewed_merge_rate,TRUE,low,-4,-0.504403826369472,-0.024652310639031,0.400084663308074,-0.157419440267461,-0.146644734852963
exact1,pc_score,reviewed_merge_rate,TRUE,low,-3,-0.438763698362523,-0.00700862141302169,0.408217226997617,-0.160491233497501,-0.0227812344171709
exact1,pc_score,reviewed_merge_rate,TRUE,low,-2,-0.459291223992511,0.00209136189183189,0.412126637390226,-0.0217333244733046,-0.0644465452870879
exact1,pc_score,reviewed_merge_rate,TRUE,low,-1,0,0,0,0,0
exact1,pc_score,reviewed_merge_rate,TRUE,low,0,-0.776744196984709,-0.0612781683819332,0.53315871069906,-0.0158675086298337,-1.38114083293691
exact1,pc_score,reviewed_merge_rate,TRUE,low,1,-2.78123878764428,-1.61658898414808,-0.721990704198021,-0.753115895875582,-0.590554191615367
exact1,pc_score,reviewed_merge_rate,TRUE,low,2,-2.72746361335258,-1.62720766096337,-0.725759695738298,-1.19037607705957,-1.51935312716372
exact1,pc_score,reviewed_merge_rate,TRUE,low,3,-2.78533017523966,-1.63027619417049,-0.709999420339782,-0.739877094604946,-0.364865685250198
exact1,pc_score,reviewed_merge_rate,TRUE,low,4,-2.79598332188167,-1.5831421559325,-0.721601726570785,-1.39973434188474,-0.727037328765458
exact1,pc_score,reviewed_merge_rate,TRUE,low,5,-2.86273742453068,-1.61871059996369,-0.616184930255698,-0.978011720774374,-0.879094042153245
exact2,pc_score,reviewed_merge_rate,TRUE,high,-5,-0.394383893313108,-0.0410450785165421,0.270902740192789,0.0809332997499805,0.205665229278527
exact2,pc_score,reviewed_merge_rate,TRUE,high,-4,-0.380341276039386,-0.0353507963456095,0.27132654668779,0.190096513941259,0.0681905062513526
exact2,pc_score,reviewed_merge_rate,TRUE,high,-3,-0.349856472677117,-0.0203863244799,0.262280737460671,0.178239293425092,0.129140656368957
exact2,pc_score,reviewed_merge_rate,TRUE,high,-2,-0.297948786206357,-0.0159552475010471,0.293726711026603,0.257541099742001,0.292854583194661
exact2,pc_score,reviewed_merge_rate,TRUE,high,-1,0,0,0,0,0
exact2,pc_score,reviewed_merge_rate,TRUE,high,0,-0.488643198572734,-0.067758513348212,0.332482167099282,0.187644200086308,0.151606001529999
exact2,pc_score,reviewed_merge_rate,TRUE,high,1,-1.30520416373747,-0.644332121303037,-0.10781467049042,-0.785639850976945,-0.00840583719862274
exact2,pc_score,reviewed_merge_rate,TRUE,high,2,-1.26786165425291,-0.642444299295921,-0.137024223872046,-0.205481453409177,0.404297266134927
exact2,pc_score,reviewed_merge_rate,TRUE,high,3,-1.29476913911967,-0.604522596241437,-0.0406553118620154,-0.127063820414913,0.900038240925271
exact2,pc_score,reviewed_merge_rate,TRUE,high,4,-1.22819199962282,-0.615369584889594,-0.0512954956472511,-0.453521258586696,0.655687245397096
exact2,pc_score,reviewed_merge_rate,TRUE,high,5,-1.23609020861632,-0.591517631746516,0.0276361249892359,-0.0275911289134,0.462301602034787
exact2,pc_score,reviewed_merge_rate,TRUE,low,-5,-0.442716909394134,-0.0568588833095279,0.309162910849071,-0.093511944233138,0.159063930516652
exact2,pc_score,reviewed_merge_rate,TRUE,low,-4,-0.354126892992182,-0.0487622186033677,0.310597341421352,-0.251138873105745,0.214404193894648
exact2,pc_score,reviewed_merge_rate,TRUE,low,-3,-0.330741686159228,-0.0294436785884171,0.296761968864946,-0.095216429111206,-0.0171098643536384
exact2,pc_score,reviewed_merge_rate,TRUE,low,-2,-0.294184052655791,-0.0215798839511293,0.267165565910584,-0.0928033972516465,0.0398397234440254
exact2,pc_score,reviewed_merge_rate,TRUE,low,-1,0,0,0,0,0
exact2,pc_score,reviewed_merge_rate,TRUE,low,0,-0.463258371497982,-0.0595412711246709,0.308818844586658,-0.149756612317036,0.127705815886471
exact2,pc_score,reviewed_merge_rate,TRUE,low,1,-1.13657119696276,-0.585197799876232,-0.146372021506806,-0.874452029865074,-0.83629833022541
exact2,pc_score,reviewed_merge_rate,TRUE,low,2,-1.19572507756421,-0.581300038851844,-0.114319212083352,-0.871354056465668,-0.822257124444128
exact2,pc_score,reviewed_merge_rate,TRUE,low,3,-1.12436808844638,-0.570145202062934,-0.136192948440431,-0.36336254760324,-0.383608522061193
exact2,pc_score,reviewed_merge_rate,TRUE,low,4,-1.16863992213486,-0.594827449238653,-0.0850805829876282,-0.713505490773734,-0.703579052489343
exact2,pc_score,reviewed_merge_rate,TRUE,low,5,-1.22684340509762,-0.596956232939908,-0.0668120918129378,-0.848457286719952,-0.258713169003094
exact_1_2,pc_score,reviewed_merge_rate,TRUE,high,-5,-0.331079376607728,-0.0486951966683651,0.208453329599406,0.11910700492482,0.20193380758507
exact_1_2,pc_score,reviewed_merge_rate,TRUE,high,-4,-0.307054805629116,-0.0367847242954749,0.229838921441382,0.235677280716874,0.0729360047202331
exact_1_2,pc_score,reviewed_merge_rate,TRUE,high,-3,-0.284638784404411,-0.0316433762362495,0.233910722556945,0.249688194245011,0.148917165597151
exact_1_2,pc_score,reviewed_merge_rate,TRUE,high,-2,-0.261145634843283,-0.0158840412253753,0.268005132215058,0.302240804667396,0.270342073501875
exact_1_2,pc_score,reviewed_merge_rate,TRUE,high,-1,0,0,0,0,0
exact_1_2,pc_score,reviewed_merge_rate,TRUE,high,0,-0.400005805915167,-0.0710579975109204,0.283663490240384,0.461022660297252,0.131273958348261
exact_1_2,pc_score,reviewed_merge_rate,TRUE,high,1,-1.33478573856832,-0.712934137120736,-0.197223240135935,-0.869151068669753,0.055716456880274
exact_1_2,pc_score,reviewed_merge_rate,TRUE,high,2,-1.37983477051669,-0.696535805592422,-0.200366738087162,-0.196185275182446,0.100747931290186
exact_1_2,pc_score,reviewed_merge_rate,TRUE,high,3,-1.36004008592006,-0.702897081104628,-0.166065394750764,-0.20553672975134,0.746444482541408
exact_1_2,pc_score,reviewed_merge_rate,TRUE,high,4,-1.3136399296158,-0.715240320340084,-0.163769173882933,-0.304163785230572,0.655951626634542
exact_1_2,pc_score,reviewed_merge_rate,TRUE,high,5,-1.31468588961263,-0.681084303345664,-0.150472863724636,-0.0631255444539459,0.533003717327135
exact_1_2,pc_score,reviewed_merge_rate,TRUE,low,-5,-0.334548746198823,-0.0428623915809496,0.264725023694369,-0.157881886309364,0.160242256567804
exact_1_2,pc_score,reviewed_merge_rate,TRUE,low,-4,-0.30138726269419,-0.0363384556386454,0.197553245944709,-0.221281354679389,0.0993797564175332
exact_1_2,pc_score,reviewed_merge_rate,TRUE,low,-3,-0.270900376183614,-0.0225821747090751,0.232567315569613,-0.116011942013035,-0.0189166725154718
exact_1_2,pc_score,reviewed_merge_rate,TRUE,low,-2,-0.251985000587416,-0.020374137977017,0.229352027178658,-0.0701616041541217,0.00661577942349376
exact_1_2,pc_score,reviewed_merge_rate,TRUE,low,-1,0,0,0,0,0
exact_1_2,pc_score,reviewed_merge_rate,TRUE,low,0,-0.384480116022488,-0.0638853305252498,0.262280630507909,-0.107101676629078,-0.352988691703278
exact_1_2,pc_score,reviewed_merge_rate,TRUE,low,1,-1.45882917783668,-0.935969607336176,-0.492851180224864,-0.835796270363997,-0.758008162172653
exact_1_2,pc_score,reviewed_merge_rate,TRUE,low,2,-1.43431720667913,-0.904305160331736,-0.486277115701432,-0.972989390460187,-1.04434080672647
exact_1_2,pc_score,reviewed_merge_rate,TRUE,low,3,-1.39273650206288,-0.929414129921491,-0.48405459290801,-0.483314084701128,-0.377637352811672
exact_1_2,pc_score,reviewed_merge_rate,TRUE,low,4,-1.44610189946321,-0.928297091924511,-0.510709141505886,-0.932127071658655,-0.711052485639256
exact_1_2,pc_score,reviewed_merge_rate,TRUE,low,5,-1.43206271091705,-0.916728135116745,-0.460065164569136,-0.889731265710742,-0.456356633015532
exact1,pc_score_binary,pull_request_opened,FALSE,high,-5,-4.43124095680918,-1.31377218934117,1.58257836593978,-4.22683269243516,0.412073242129836
exact1,pc_score_binary,pull_request_opened,FALSE,high,-4,-3.68624414808764,-1.32231997036875,1.35978529478649,-4.86751273034472,0.139317093264071
exact1,pc_score_binary,pull_request_opened,FALSE,high,-3,-3.4463039043693,-1.09785144248769,1.2614668059759,-3.3702239322948,0.255094762558273
exact1,pc_score_binary,pull_request_opened,FALSE,high,-2,-2.80010880545811,-0.691829121745947,1.40210516218959,-0.689486811627583,1.56453519657766
exact1,pc_score_binary,pull_request_opened,FALSE,high,-1,0,0,0,0,0
exact1,pc_score_binary,pull_request_opened,FALSE,high,0,-1.25071270010159,0.94799541655091,2.97309914358292,0.253162991018397,1.88295092069264
exact1,pc_score_binary,pull_request_opened,FALSE,high,1,-2.66307442846274,-0.39780588680454,1.44906391881923,-0.0662707713308512,3.08773802619743
exact1,pc_score_binary,pull_request_opened,FALSE,high,2,-1.34661685605125,0.874922391055076,3.04385224235045,-0.59117373544812,4.15332813784018
exact1,pc_score_binary,pull_request_opened,FALSE,high,3,-0.428126003824035,1.78235280100246,4.41053925306399,0.664178561344046,6.19266891402306
exact1,pc_score_binary,pull_request_opened,FALSE,high,4,0.40458230475938,3.08888696717628,5.62949662080107,1.24121228571626,6.54819788797313
exact1,pc_score_binary,pull_request_opened,FALSE,high,5,0.859723538570249,4.04176044776708,7.32597327266774,1.11969812439475,6.27939140206139
exact1,pc_score_binary,pull_request_opened,FALSE,low,-5,-7.3728520641541,-2.54963241307037,1.74799112210988,-5.26941172730872,3.41803345291006
exact1,pc_score_binary,pull_request_opened,FALSE,low,-4,-6.42919573259494,-1.856606261098,1.86436146353498,-2.54924996122969,2.33616706042617
exact1,pc_score_binary,pull_request_opened,FALSE,low,-3,-5.44936385929534,-1.57805341742496,2.24178733856863,-3.25269376911604,1.88192834638803
exact1,pc_score_binary,pull_request_opened,FALSE,low,-2,-4.33654579694926,-0.730059790251139,2.66426927895353,-1.03622835245803,0.622469086719486
exact1,pc_score_binary,pull_request_opened,FALSE,low,-1,0,0,0,0,0
exact1,pc_score_binary,pull_request_opened,FALSE,low,0,-2.68733982813494,1.15183274894696,4.93927206615526,2.26543372213319,-4.34985209603082
exact1,pc_score_binary,pull_request_opened,FALSE,low,1,-5.52346909503829,-2.52325866147486,0.00877139186219073,-1.66798651391728,-5.82632814254376
exact1,pc_score_binary,pull_request_opened,FALSE,low,2,-4.94324933046372,-1.73122348921184,1.16041183409143,-2.58810876962011,-5.54248893007446
exact1,pc_score_binary,pull_request_opened,FALSE,low,3,-3.85456575103372,-0.709288886333614,2.19222278520567,0.804809294034445,-6.2580344591967
exact1,pc_score_binary,pull_request_opened,FALSE,low,4,-3.33631125680339,-0.0512018111500978,2.79598341652099,0.742700278337359,-6.35415149501843
exact1,pc_score_binary,pull_request_opened,FALSE,low,5,-2.9751497601988,0.69881207642115,3.61750449384926,1.10174477660132,-5.28004703781309
exact2,pc_score_binary,pull_request_opened,FALSE,high,-5,-6.33279178071073,-0.545090199706867,6.4329830128924,1.77147490299919,5.76727849285806
exact2,pc_score_binary,pull_request_opened,FALSE,high,-4,-3.60552006372924,0.686291216898365,4.97246266375338,3.73850099084059,4.72764538841598
exact2,pc_score_binary,pull_request_opened,FALSE,high,-3,-2.99607329053929,0.786140552840517,5.03132651844798,2.04825804150067,2.79513421474611
exact2,pc_score_binary,pull_request_opened,FALSE,high,-2,-2.70862379559917,0.526885558599521,3.85020165195358,3.06951052122933,3.20151980648808
exact2,pc_score_binary,pull_request_opened,FALSE,high,-1,0,0,0,0,0
exact2,pc_score_binary,pull_request_opened,FALSE,high,0,-4.16239316229361,-0.821482916308273,1.99960798560412,1.54496949775934,0.467967473283882
exact2,pc_score_binary,pull_request_opened,FALSE,high,1,-4.18392624458319,-0.535213949667409,2.96490426412286,0.61904106443892,2.00300495041123
exact2,pc_score_binary,pull_request_opened,FALSE,high,2,-4.882777628594,-1.18602612244168,2.66198114036391,-1.21339659900435,3.60538699347074
exact2,pc_score_binary,pull_request_opened,FALSE,high,3,-6.3145956696655,-1.45606604785013,2.43987864694342,-3.00588292892003,5.66412369627504
exact2,pc_score_binary,pull_request_opened,FALSE,high,4,-6.24810042071187,-1.78606150400125,2.84846358704898,-0.466778934394511,8.38296117782409
exact2,pc_score_binary,pull_request_opened,FALSE,high,5,-6.73504158402808,-1.51150055419854,2.76036092061972,-2.53257546119188,11.723725671131
exact2,pc_score_binary,pull_request_opened,FALSE,low,-5,-1.58078481620453,2.45792481326319,7.01539807664178,3.22714323372125,-0.115592794531953
exact2,pc_score_binary,pull_request_opened,FALSE,low,-4,-1.70926036959255,2.0198915517678,6.7713264812603,0.492374092087312,2.38611664599452
exact2,pc_score_binary,pull_request_opened,FALSE,low,-3,-3.01806981016488,1.36754290365977,5.43555665120108,1.45341179198512,1.23172953924833
exact2,pc_score_binary,pull_request_opened,FALSE,low,-2,-3.33161388131304,0.62660817447299,4.9303644825584,4.22959249013017,4.02225831523146
exact2,pc_score_binary,pull_request_opened,FALSE,low,-1,0,0,0,0,0
exact2,pc_score_binary,pull_request_opened,FALSE,low,0,-3.96329527024962,0.0375647100714198,3.47944027802983,-1.55733228307973,-5.48294092949136
exact2,pc_score_binary,pull_request_opened,FALSE,low,1,-2.61738785614387,0.717691612785179,4.4536118136223,1.44487195192899,-11.6789267286021
exact2,pc_score_binary,pull_request_opened,FALSE,low,2,-2.23156822817902,1.44979844420559,5.36932963447945,2.8622779433687,-15.5633379255132
exact2,pc_score_binary,pull_request_opened,FALSE,low,3,-1.54522719705041,2.78512654600058,6.89868092965062,5.57859109940687,-17.8667163038915
exact2,pc_score_binary,pull_request_opened,FALSE,low,4,0.620067128800863,4.86784621672051,9.18085261070399,5.90653939797724,-19.4767549139301
exact2,pc_score_binary,pull_request_opened,FALSE,low,5,1.76499739717314,6.38153765890371,11.1783150031229,9.81634555223021,-20.8809537556288
exact_1_2,pc_score_binary,pull_request_opened,FALSE,high,-5,-5.08892362433986,-0.827356578141522,4.21087522420916,0.0370245139579339,4.21878540831014
exact_1_2,pc_score_binary,pull_request_opened,FALSE,high,-4,-2.86216471936424,0.198246075315204,3.50370207495759,1.25001509555809,3.40089985728772
exact_1_2,pc_score_binary,pull_request_opened,FALSE,high,-3,-2.58397145373558,0.278889926582933,3.2688886162855,0.481468073174267,2.06066497555927
exact_1_2,pc_score_binary,pull_request_opened,FALSE,high,-2,-1.93141469190603,0.121361468077636,2.64126243784119,1.98257153341528,2.72817485904411
exact_1_2,pc_score_binary,pull_request_opened,FALSE,high,-1,0,0,0,0,0
exact_1_2,pc_score_binary,pull_request_opened,FALSE,high,0,-2.76271470238946,-0.358532128766444,1.86005758327034,1.1714350861716,0.877119313498463
exact_1_2,pc_score_binary,pull_request_opened,FALSE,high,1,-2.9980149664781,-0.496014694738417,1.98976724479227,0.420878605903082,2.31666270726507
exact_1_2,pc_score_binary,pull_request_opened,FALSE,high,2,-3.43799844170922,-0.503689095137005,2.23354250377057,-1.03347673484351,3.76382780630046
exact_1_2,pc_score_binary,pull_request_opened,FALSE,high,3,-4.02104704163494,-0.525997025186087,2.25473234125905,-1.94466032932559,5.81695604839495
exact_1_2,pc_score_binary,pull_request_opened,FALSE,high,4,-3.83283619461784,-0.367551278731688,2.7944222069372,0.0270980449146269,7.85242721449369
exact_1_2,pc_score_binary,pull_request_opened,FALSE,high,5,-3.69267066156289,0.0374739148335896,3.33378908420335,-1.47649635210659,10.1494603403157
exact_1_2,pc_score_binary,pull_request_opened,FALSE,low,-5,-2.1854191561081,0.776883704837203,4.09225485893345,0.422060495390781,1.05101108620249
exact_1_2,pc_score_binary,pull_request_opened,FALSE,low,-4,-2.35213922347804,0.709476337351619,4.06368280478073,-0.511798442261363,2.36962611296
exact_1_2,pc_score_binary,pull_request_opened,FALSE,low,-3,-2.73821874994231,0.2139683963736,3.73565959227661,-0.100278560722922,1.44638847557675
exact_1_2,pc_score_binary,pull_request_opened,FALSE,low,-2,-2.76843865920023,0.112847627568839,3.06037047222958,2.49111575262497,2.89983986179928
exact_1_2,pc_score_binary,pull_request_opened,FALSE,low,-1,0,0,0,0,0
exact_1_2,pc_score_binary,pull_request_opened,FALSE,low,0,-2.37802053860226,0.322974179180836,3.08119464473724,-0.295270778966371,-5.10885897011922
exact_1_2,pc_score_binary,pull_request_opened,FALSE,low,1,-2.89088475761029,-0.290690518322736,2.45593689114906,0.417181836410368,-9.74672910928141
exact_1_2,pc_score_binary,pull_request_opened,FALSE,low,2,-2.23054594938736,0.343994959581558,3.16071684341017,1.06286797592263,-12.2550193576411
exact_1_2,pc_score_binary,pull_request_opened,FALSE,low,3,-1.55753780694733,1.56386797889858,4.48394659073793,4.00255787179588,-14.0341849771741
exact_1_2,pc_score_binary,pull_request_opened,FALSE,low,4,0.241719768934741,3.2564936334746,6.30587424089253,4.20173126756982,-15.1444121584042
exact_1_2,pc_score_binary,pull_request_opened,FALSE,low,5,1.12920565632352,4.44098831154436,7.98118757085435,6.93927639663981,-15.730415174149
exact1,pc_score_binary,pull_request_reviewed,FALSE,high,-5,-2.62555509275267,-0.785868683700142,0.89817470791481,-3.65334550550542,0.500430882826574
exact1,pc_score_binary,pull_request_reviewed,FALSE,high,-4,-2.27642574684354,-0.704124044256326,0.996014773735942,-2.83393777712554,0.405232682041176
exact1,pc_score_binary,pull_request_reviewed,FALSE,high,-3,-2.12932595672881,-0.609923857551122,0.834724835409728,-2.11109156152826,0.524707967340615
exact1,pc_score_binary,pull_request_reviewed,FALSE,high,-2,-1.80772096119245,-0.354262505954392,1.1125128208361,-0.470827838522796,1.12539003149695
exact1,pc_score_binary,pull_request_reviewed,FALSE,high,-1,0,0,0,0,0
exact1,pc_score_binary,pull_request_reviewed,FALSE,high,0,-0.85276782353717,0.510606913081219,1.87543188091757,0.196037148333589,0.613903591308508
exact1,pc_score_binary,pull_request_reviewed,FALSE,high,1,-2.08955143758054,-0.621142183457302,0.594806500037276,-0.255301693637341,0.840642275913037
exact1,pc_score_binary,pull_request_reviewed,FALSE,high,2,-1.32952596062636,0.0373414314826765,1.32082536490349,-0.672673354713925,1.85426534874665
exact1,pc_score_binary,pull_request_reviewed,FALSE,high,3,-0.962368656342029,0.596397117953796,2.01994632187013,0.134779114827332,3.37028076607787
exact1,pc_score_binary,pull_request_reviewed,FALSE,high,4,-0.418786068784246,1.31645262565874,2.79806386538124,0.692186455996673,4.15636529558349
exact1,pc_score_binary,pull_request_reviewed,FALSE,high,5,-0.142394779814689,1.92170769084982,3.96783059393718,0.549995279772262,4.10579379106461
exact1,pc_score_binary,pull_request_reviewed,FALSE,low,-5,-4.49326852474495,-1.74686444964107,0.904711768097917,-4.33050770526657,2.55756970176961
exact1,pc_score_binary,pull_request_reviewed,FALSE,low,-4,-3.85890696960236,-1.42532634992102,0.677463568040896,-2.42926472784425,1.69386811545884
exact1,pc_score_binary,pull_request_reviewed,FALSE,low,-3,-3.33109397644413,-1.08915147962153,0.968972561257483,-2.20122994874206,1.59508600504757
exact1,pc_score_binary,pull_request_reviewed,FALSE,low,-2,-2.50574119744626,-0.542413533185061,1.14395846339248,-0.9094727563821,-0.232660255165955
exact1,pc_score_binary,pull_request_reviewed,FALSE,low,-1,0,0,0,0,0
exact1,pc_score_binary,pull_request_reviewed,FALSE,low,0,-1.39414325580769,0.723225017180075,2.78951252368889,1.48145674193792,-3.04963490179386
exact1,pc_score_binary,pull_request_reviewed,FALSE,low,1,-3.44915794203873,-1.74335436548073,-0.274369146222207,-1.46594187154055,-4.06707654546602
exact1,pc_score_binary,pull_request_reviewed,FALSE,low,2,-2.93772324265797,-1.20983147646794,0.304049093569573,-1.76959861218088,-3.9754714046402
exact1,pc_score_binary,pull_request_reviewed,FALSE,low,3,-2.32282056690526,-0.481328631684965,1.1716201354186,-0.0255111437729838,-4.7561659630214
exact1,pc_score_binary,pull_request_reviewed,FALSE,low,4,-2.11352717265251,-0.150798938166767,1.61136884528037,-0.106259126910284,-4.54984931002714
exact1,pc_score_binary,pull_request_reviewed,FALSE,low,5,-1.71091237459951,0.200567816789562,1.93436212246212,0.404163650246832,-3.34599369066702
exact2,pc_score_binary,pull_request_reviewed,FALSE,high,-5,-4.54838230917744,-0.418992911318426,4.14510259914534,0.389870471393754,6.10201585933166
exact2,pc_score_binary,pull_request_reviewed,FALSE,high,-4,-2.59533448833211,0.382742487449431,3.24158758934778,1.67085069636649,5.84995463646192
exact2,pc_score_binary,pull_request_reviewed,FALSE,high,-3,-1.93159452446277,0.468627646256601,2.85050436307928,0.986440581550377,3.15937663944101
exact2,pc_score_binary,pull_request_reviewed,FALSE,high,-2,-1.62648690019302,0.360714005113583,2.31078656516908,1.65020795888565,3.76778904873317
exact2,pc_score_binary,pull_request_reviewed,FALSE,high,-1,0,0,0,0,0
exact2,pc_score_binary,pull_request_reviewed,FALSE,high,0,-2.58482090501132,-0.528458099572987,1.11640865530379,0.507002998494428,-0.0923780099625682
exact2,pc_score_binary,pull_request_reviewed,FALSE,high,1,-3.44415312333327,-1.51344442808401,0.388551497816711,-1.01600428155096,0.727496307086505
exact2,pc_score_binary,pull_request_reviewed,FALSE,high,2,-4.11033831826918,-1.9105844687205,0.180523871958129,-2.21493595247275,0.86823026137941
exact2,pc_score_binary,pull_request_reviewed,FALSE,high,3,-5.11537904459375,-2.20170196509337,0.0521436484829991,-2.4663101109197,2.67359494809991
exact2,pc_score_binary,pull_request_reviewed,FALSE,high,4,-5.11760383345617,-2.42280666740488,0.500182092178731,-2.01407084263492,5.74429276456021
exact2,pc_score_binary,pull_request_reviewed,FALSE,high,5,-5.37986741776863,-2.30463770274042,0.639059513594521,-3.01601946030837,8.63236727975338
exact2,pc_score_binary,pull_request_reviewed,FALSE,low,-5,-0.370457758874405,1.91136753011383,3.99737359586842,2.37745530784838,2.25895785520918
exact2,pc_score_binary,pull_request_reviewed,FALSE,low,-4,-0.489190590843796,1.39219398581363,3.73936726976612,1.08366429005578,2.77612859297328
exact2,pc_score_binary,pull_request_reviewed,FALSE,low,-3,-1.16135112222288,0.842534255209066,2.80804482835947,0.396070607057389,0.876699271608752
exact2,pc_score_binary,pull_request_reviewed,FALSE,low,-2,-1.50754732557362,0.468857403513453,2.2656822786648,1.89875882189999,2.40984495242127
exact2,pc_score_binary,pull_request_reviewed,FALSE,low,-1,0,0,0,0,0
exact2,pc_score_binary,pull_request_reviewed,FALSE,low,0,-1.98842068977637,0.0402530954145281,1.83274384413118,-0.24494311813644,-4.25868851328229
exact2,pc_score_binary,pull_request_reviewed,FALSE,low,1,-2.46391698796891,-0.607912940445008,1.11277471841608,-0.016351936103697,-8.45640993600365
exact2,pc_score_binary,pull_request_reviewed,FALSE,low,2,-1.97973702193317,-0.152138220627893,1.82067042327777,0.915397330869101,-10.8274041444978
exact2,pc_score_binary,pull_request_reviewed,FALSE,low,3,-1.56019276733202,0.82341872647757,2.98622459904225,2.06384590675283,-11.7444408240344
exact2,pc_score_binary,pull_request_reviewed,FALSE,low,4,-0.212705418403837,2.20780184516616,4.60775740953216,2.42465642462189,-12.2200682371618
exact2,pc_score_binary,pull_request_reviewed,FALSE,low,5,0.27779947492274,3.2897137801193,6.22582694258019,5.13205579565605,-12.7097883143819
exact_1_2,pc_score_binary,pull_request_reviewed,FALSE,high,-5,-3.52637593130503,-0.614611888296049,2.58543573794148,-0.779252220721669,4.48228044443862
exact_1_2,pc_score_binary,pull_request_reviewed,FALSE,high,-4,-1.90973777984898,0.0964752645625558,2.16646532715533,0.368261258248314,4.27557720385833
exact_1_2,pc_score_binary,pull_request_reviewed,FALSE,high,-3,-1.47232018952314,0.166781047572433,1.91888683339281,0.0907686365637841,2.39754473425535
exact_1_2,pc_score_binary,pull_request_reviewed,FALSE,high,-2,-1.25691274919182,0.142964246587079,1.57505799208442,1.03689640300851,3.00372186302631
exact_1_2,pc_score_binary,pull_request_reviewed,FALSE,high,-1,0,0,0,0,0
exact_1_2,pc_score_binary,pull_request_reviewed,FALSE,high,0,-1.71632678568259,-0.244442506873666,0.986938951922528,0.417085162303342,0.111847995224249
exact_1_2,pc_score_binary,pull_request_reviewed,FALSE,high,1,-2.63731406086162,-1.25925403622618,0.136789124260698,-0.796042087455456,0.76021321373514
exact_1_2,pc_score_binary,pull_request_reviewed,FALSE,high,2,-2.96908999045611,-1.35976183634304,0.168100946621863,-1.76898050251839,1.15334884085909
exact_1_2,pc_score_binary,pull_request_reviewed,FALSE,high,3,-3.48073750117708,-1.4064486058938,0.422821104847151,-1.71418792516152,2.87504626896101
exact_1_2,pc_score_binary,pull_request_reviewed,FALSE,high,4,-3.53277268723207,-1.33317035718365,0.567624902783011,-1.2315386117053,5.28513301449465
exact_1_2,pc_score_binary,pull_request_reviewed,FALSE,high,5,-3.36091664030641,-1.06773682207982,1.10568197834634,-1.9848826679959,7.32347856013253
exact_1_2,pc_score_binary,pull_request_reviewed,FALSE,low,-5,-1.10303508959378,0.618033744313983,2.36792217731492,0.162864648016168,2.3575426275186
exact_1_2,pc_score_binary,pull_request_reviewed,FALSE,low,-4,-1.14370649016445,0.454138946612433,2.1217934663215,-0.0761065340356196,2.41882728699961
exact_1_2,pc_score_binary,pull_request_reviewed,FALSE,low,-3,-1.27086592707574,0.259480225947046,1.870991114328,-0.461411394618027,1.11387001135649
exact_1_2,pc_score_binary,pull_request_reviewed,FALSE,low,-2,-1.31844714330759,0.0717787912102328,1.45636404172034,0.971639305625043,1.53743892694989
exact_1_2,pc_score_binary,pull_request_reviewed,FALSE,low,-1,0,0,0,0,0
exact_1_2,pc_score_binary,pull_request_reviewed,FALSE,low,0,-1.10772809272951,0.233300320484983,1.71706036097012,0.325016644280453,-3.85952727312583
exact_1_2,pc_score_binary,pull_request_reviewed,FALSE,low,1,-2.35299040075183,-1.03583259129807,0.377797196873014,-0.494924689908209,-7.00729986927113
exact_1_2,pc_score_binary,pull_request_reviewed,FALSE,low,2,-1.83667332705592,-0.506079254090369,1.03065420156447,0.0289632635463813,-8.56528280932949
exact_1_2,pc_score_binary,pull_request_reviewed,FALSE,low,3,-1.23598860010374,0.360944096118933,1.95202774287048,1.37405817236871,-9.43730701824543
exact_1_2,pc_score_binary,pull_request_reviewed,FALSE,low,4,-0.367516357267622,1.43852825394649,3.15351914604103,1.58909100330266,-9.68779500284465
exact_1_2,pc_score_binary,pull_request_reviewed,FALSE,low,5,0.171843919419359,2.259573464702,4.35102359221073,3.57117274286545,-9.61839200320329
exact1,pc_score_binary,pull_request_merged_direct,FALSE,high,-5,-1.66859354110236,-0.359744380528115,1.00206055283817,-0.333961998786351,0.0122987464392501
exact1,pc_score_binary,pull_request_merged_direct,FALSE,high,-4,-1.48290163767188,-0.377202317660262,0.804095691236295,-1.61691445781875,-0.287763409742077
exact1,pc_score_binary,pull_request_merged_direct,FALSE,high,-3,-1.52407993618842,-0.340354861437835,0.748944445462105,-0.996837304656973,-0.335802541595953
exact1,pc_score_binary,pull_request_merged_direct,FALSE,high,-2,-1.19535420463604,-0.207236344822381,0.765226549057049,-0.0644138318986325,0.235516139034835
exact1,pc_score_binary,pull_request_merged_direct,FALSE,high,-1,0,0,0,0,0
exact1,pc_score_binary,pull_request_merged_direct,FALSE,high,0,-0.784791650138321,0.32297956262492,1.44272634026437,-0.0291760733869487,1.13935734851862
exact1,pc_score_binary,pull_request_merged_direct,FALSE,high,1,-1.74236567027491,-0.832994632213235,-0.0229080499007525,-1.11839616517044,1.86267926116572
exact1,pc_score_binary,pull_request_merged_direct,FALSE,high,2,-1.27931088768935,-0.405503791023223,0.507392369649099,-1.14514467463569,1.89517527392488
exact1,pc_score_binary,pull_request_merged_direct,FALSE,high,3,-1.01027854844753,-0.0739599679900692,0.990045422825858,-0.55712315648178,2.38121993102217
exact1,pc_score_binary,pull_request_merged_direct,FALSE,high,4,-0.753349117522034,0.302469911642145,1.39990939559858,-0.281274035283528,2.01638739513701
exact1,pc_score_binary,pull_request_merged_direct,FALSE,high,5,-0.639255743279145,0.613135992715127,1.92326290362303,-0.668702755230643,2.12045438078295
exact1,pc_score_binary,pull_request_merged_direct,FALSE,low,-5,-2.57603377669239,-0.550220450662954,1.39049240488048,-1.27053312925059,0.526179682487523
exact1,pc_score_binary,pull_request_merged_direct,FALSE,low,-4,-2.67541730942742,-0.381659334209568,1.63936046721809,-0.804824391591003,0.507098683855017
exact1,pc_score_binary,pull_request_merged_direct,FALSE,low,-3,-2.28917926645686,-0.394675075244739,1.51943891071245,-1.12345258982413,0.202690447813782
exact1,pc_score_binary,pull_request_merged_direct,FALSE,low,-2,-1.95522682527999,-0.14835079961416,1.61333202187182,-0.193991938528514,0.86525718997147
exact1,pc_score_binary,pull_request_merged_direct,FALSE,low,-1,0,0,0,0,0
exact1,pc_score_binary,pull_request_merged_direct,FALSE,low,0,-1.72023874338533,0.290500863894023,2.04726017052726,0.253121833137596,-1.19618397166405
exact1,pc_score_binary,pull_request_merged_direct,FALSE,low,1,-3.79287234180402,-2.10019363574876,-0.963544273557729,-1.82749675121203,-1.22619682181635
exact1,pc_score_binary,pull_request_merged_direct,FALSE,low,2,-3.66386408924303,-1.88893476600201,-0.756124365766863,-1.83192306722036,-1.28327912971895
exact1,pc_score_binary,pull_request_merged_direct,FALSE,low,3,-3.2620478624673,-1.59361658082914,-0.453075804959743,-1.16687417535208,-1.18593157708017
exact1,pc_score_binary,pull_request_merged_direct,FALSE,low,4,-3.16854619186658,-1.40179091973582,-0.215104205075238,-1.26772150286366,-1.24773086611491
exact1,pc_score_binary,pull_request_merged_direct,FALSE,low,5,-2.92954964658318,-1.1055040309584,0.0487974748639232,-1.03091942964779,-1.18941804139521
exact2,pc_score_binary,pull_request_merged_direct,FALSE,high,-5,-2.32458306315039,-0.0695624303332622,2.33262522621531,0.908760550522177,-0.454413416010011
exact2,pc_score_binary,pull_request_merged_direct,FALSE,high,-4,-1.63737559216851,0.289877753843946,2.211548649009,1.6417033271943,-1.47842466552738
exact2,pc_score_binary,pull_request_merged_direct,FALSE,high,-3,-1.53794314358534,0.281058545659929,2.07818058019086,0.63993259730181,-0.625824633121195
exact2,pc_score_binary,pull_request_merged_direct,FALSE,high,-2,-1.42407998820003,0.0793346916132334,1.87104843292673,0.937510976671595,-0.718633269556438
exact2,pc_score_binary,pull_request_merged_direct,FALSE,high,-1,0,0,0,0,0
exact2,pc_score_binary,pull_request_merged_direct,FALSE,high,0,-1.78482708662131,-0.302558560070352,1.34065993122433,0.977495430390102,0.783576854266474
exact2,pc_score_binary,pull_request_merged_direct,FALSE,high,1,-2.2451480598908,-0.628102137943573,0.936698433136445,-0.350230600649815,1.54806412016602
exact2,pc_score_binary,pull_request_merged_direct,FALSE,high,2,-2.59907579734718,-0.783214122886313,0.799240589295361,-0.470209341280624,3.0474787890721
exact2,pc_score_binary,pull_request_merged_direct,FALSE,high,3,-2.84779095693207,-0.839745053435527,1.01170306260901,-1.77586972625867,3.26074290064124
exact2,pc_score_binary,pull_request_merged_direct,FALSE,high,4,-2.98249091386281,-0.977716104641478,0.814957565104322,-0.257033396280025,3.3582641507048
exact2,pc_score_binary,pull_request_merged_direct,FALSE,high,5,-2.80163531342045,-0.767010276056195,0.993295944329975,-0.625190137908678,3.24287757769111
exact2,pc_score_binary,pull_request_merged_direct,FALSE,low,-5,-1.60151352629025,0.540106185147202,2.79901024839815,0.943480654689203,-2.505725703314
exact2,pc_score_binary,pull_request_merged_direct,FALSE,low,-4,-1.8048543711845,0.566627916921655,2.88476401607312,-0.471106975004535,-0.681138255149187
exact2,pc_score_binary,pull_request_merged_direct,FALSE,low,-3,-1.96305283945972,0.397575389364893,2.73890036926378,1.06029567257649,-0.0910552338211689
exact2,pc_score_binary,pull_request_merged_direct,FALSE,low,-2,-1.91149023976547,0.190874861469461,2.68341202599834,2.18594491143804,1.03317721257299
exact2,pc_score_binary,pull_request_merged_direct,FALSE,low,-1,0,0,0,0,0
exact2,pc_score_binary,pull_request_merged_direct,FALSE,low,0,-2.0458088275284,0.0427516861088658,2.04258343177322,-1.00751677678034,-0.676933292511596
exact2,pc_score_binary,pull_request_merged_direct,FALSE,low,1,-2.51248209743942,-0.535119231137356,1.44239705554483,-0.247815510034553,-2.16658426653758
exact2,pc_score_binary,pull_request_merged_direct,FALSE,low,2,-2.42941226337405,-0.397068163196807,1.46593423876886,-0.446258110214349,-3.19607268352598
exact2,pc_score_binary,pull_request_merged_direct,FALSE,low,3,-2.31735338121567,-0.0991821583862794,1.79561724822851,1.47064340566858,-4.18627538622867
exact2,pc_score_binary,pull_request_merged_direct,FALSE,low,4,-1.7034883427656,0.515901198001864,2.69547532999826,1.21975658871922,-4.99081206576535
exact2,pc_score_binary,pull_request_merged_direct,FALSE,low,5,-1.4792119636342,0.947028369257886,3.02697342835878,2.48689564790065,-5.29197036692361
exact_1_2,pc_score_binary,pull_request_merged_direct,FALSE,high,-5,-1.77185735604094,-0.140796239524104,1.68592791797764,0.549419090481156,-0.319460501566851
exact_1_2,pc_score_binary,pull_request_merged_direct,FALSE,high,-4,-1.36160249837091,0.0967842867544186,1.46708222722138,0.699452401407395,-1.13413707349307
exact_1_2,pc_score_binary,pull_request_merged_direct,FALSE,high,-3,-1.31554877736579,0.102742963680902,1.4049472969665,0.166649734084813,-0.541962823523534
exact_1_2,pc_score_binary,pull_request_merged_direct,FALSE,high,-2,-1.13023946441747,0.0332091708289074,1.27902890442301,0.647797779012734,-0.442734645385468
exact_1_2,pc_score_binary,pull_request_merged_direct,FALSE,high,-1,0,0,0,0,0
exact_1_2,pc_score_binary,pull_request_merged_direct,FALSE,high,0,-1.31267897761794,-0.11041003566085,1.04695969611034,0.686409694358184,0.88645314176107
exact_1_2,pc_score_binary,pull_request_merged_direct,FALSE,high,1,-1.97492349367531,-0.701048851102134,0.356476676657107,-0.572350763884696,1.63903717298521
exact_1_2,pc_score_binary,pull_request_merged_direct,FALSE,high,2,-2.0338743626011,-0.656734484930617,0.458794013987617,-0.665371365383295,2.7142825919211
exact_1_2,pc_score_binary,pull_request_merged_direct,FALSE,high,3,-2.15528327008685,-0.612012698647742,0.726271770654136,-1.4234610795762,3.00642300581163
exact_1_2,pc_score_binary,pull_request_merged_direct,FALSE,high,4,-2.05560596412389,-0.605067356246937,0.688614865418282,-0.264042737678628,2.97025159487797
exact_1_2,pc_score_binary,pull_request_merged_direct,FALSE,high,5,-1.83537267655919,-0.392280765613201,0.9391678909674,-0.637772099543945,2.91832147256104
exact_1_2,pc_score_binary,pull_request_merged_direct,FALSE,low,-5,-1.4513781839367,0.171857539316511,1.86801242220127,0.212538304967454,-1.50476172426948
exact_1_2,pc_score_binary,pull_request_merged_direct,FALSE,low,-4,-1.5632572285356,0.241114930142166,1.8938281727837,-0.581281624499589,-0.288849504951627
exact_1_2,pc_score_binary,pull_request_merged_direct,FALSE,low,-3,-1.60158382878371,0.112646591929596,1.93804230372186,0.339345289295901,0.00592300557027409
exact_1_2,pc_score_binary,pull_request_merged_direct,FALSE,low,-2,-1.52508142471472,0.107042110177198,1.80998249470062,1.40022413321942,0.977739501761964
exact_1_2,pc_score_binary,pull_request_merged_direct,FALSE,low,-1,0,0,0,0,0
exact_1_2,pc_score_binary,pull_request_merged_direct,FALSE,low,0,-1.42957464996317,0.0940519667292939,1.68599640817236,-0.591325082596909,-0.848360550222215
exact_1_2,pc_score_binary,pull_request_merged_direct,FALSE,low,1,-2.45118548006194,-1.067255017851,0.264221433273306,-0.769337068126639,-1.85612142593583
exact_1_2,pc_score_binary,pull_request_merged_direct,FALSE,low,2,-2.35555103252686,-0.895109987593471,0.452561466129448,-0.903726445302457,-2.56457624710165
exact_1_2,pc_score_binary,pull_request_merged_direct,FALSE,low,3,-2.18978924880679,-0.625676605750979,0.86388722069262,0.599884012891427,-3.1957312578495
exact_1_2,pc_score_binary,pull_request_merged_direct,FALSE,low,4,-1.73284349299465,-0.153825370240984,1.31974081105075,0.398531764225355,-3.75505798549798
exact_1_2,pc_score_binary,pull_request_merged_direct,FALSE,low,5,-1.43695057299624,0.259050845250987,1.74050402202827,1.325511722777,-3.93753921639031
exact1,pc_score_binary,pull_request_merged_after_review,FALSE,high,-5,-2.16990762405274,-0.64327734035093,0.786080190321853,-2.79539946767196,0.772233565216282
exact1,pc_score_binary,pull_request_merged_after_review,FALSE,high,-4,-1.83168501733027,-0.552272945615985,0.79516808857686,-2.02033504362797,0.0608755720110112
exact1,pc_score_binary,pull_request_merged_after_review,FALSE,high,-3,-1.647164409578,-0.466913579182885,0.751370944160416,-1.33989946965609,0.417107036871898
exact1,pc_score_binary,pull_request_merged_after_review,FALSE,high,-2,-1.45959434949446,-0.2597519223987,0.961237431901353,-0.239529455069884,0.771289904064443
exact1,pc_score_binary,pull_request_merged_after_review,FALSE,high,-1,0,0,0,0,0
exact1,pc_score_binary,pull_request_merged_after_review,FALSE,high,0,-0.823133113745793,0.399650091031012,1.59471962318149,0.436504507558811,0.392790302957576
exact1,pc_score_binary,pull_request_merged_after_review,FALSE,high,1,-1.80135286361768,-0.623612539391209,0.395708941918347,-0.278437986025463,0.545197628624245
exact1,pc_score_binary,pull_request_merged_after_review,FALSE,high,2,-1.30131341910929,-0.0897865020013771,0.976902210708234,-0.571166525810112,1.46864260470081
exact1,pc_score_binary,pull_request_merged_after_review,FALSE,high,3,-1.00929392798767,0.282241144341775,1.49008644572566,0.149719129169232,2.76256870783745
exact1,pc_score_binary,pull_request_merged_after_review,FALSE,high,4,-0.675099757058247,0.914280102876809,2.15375211141873,0.506347529389476,3.38710352974072
exact1,pc_score_binary,pull_request_merged_after_review,FALSE,high,5,-0.454857574320504,1.29602294558749,2.9574323188705,0.040718737788061,3.35965802203205
exact1,pc_score_binary,pull_request_merged_after_review,FALSE,low,-5,-3.56450514180745,-1.33548311288998,0.769895806201401,-3.56314997233135,1.75466611699183
exact1,pc_score_binary,pull_request_merged_after_review,FALSE,low,-4,-3.07966344399636,-1.11188796570082,0.819759610905544,-2.10327240530942,1.2951868961838
exact1,pc_score_binary,pull_request_merged_after_review,FALSE,low,-3,-2.85602355353822,-0.851871144473873,1.11815525643367,-1.85210587297964,0.97237227405129
exact1,pc_score_binary,pull_request_merged_after_review,FALSE,low,-2,-2.30066216763837,-0.43427391966522,1.12535602722492,-0.823273635585551,-0.373744687017682
exact1,pc_score_binary,pull_request_merged_after_review,FALSE,low,-1,0,0,0,0,0
exact1,pc_score_binary,pull_request_merged_after_review,FALSE,low,0,-1.21978106609463,0.527299024017283,2.42540549326727,1.36771859556736,-2.89467487243118
exact1,pc_score_binary,pull_request_merged_after_review,FALSE,low,1,-3.50855086962311,-2.04185162060254,-0.854808717213402,-1.60690817400125,-3.48854432673951
exact1,pc_score_binary,pull_request_merged_after_review,FALSE,low,2,-3.08432206165299,-1.64086625726006,-0.374798680437177,-1.77965160573306,-3.78297965624455
exact1,pc_score_binary,pull_request_merged_after_review,FALSE,low,3,-2.68144634939571,-1.10951947886446,0.190544867369502,-0.536391897450518,-4.34156592914583
exact1,pc_score_binary,pull_request_merged_after_review,FALSE,low,4,-2.4705358707569,-0.930404881732088,0.456458159628233,-0.694054537588773,-4.37478988320654
exact1,pc_score_binary,pull_request_merged_after_review,FALSE,low,5,-2.1835784812826,-0.586254699064968,0.727320080422416,-0.257948016052975,-3.46331873198971
exact2,pc_score_binary,pull_request_merged_after_review,FALSE,high,-5,-3.92991452713195,-0.492497056441045,3.27078487845556,-0.415187432514892,4.18108304658107
exact2,pc_score_binary,pull_request_merged_after_review,FALSE,high,-4,-2.2379689886135,0.306887729753109,2.70757862704174,1.06408419926658,3.70254269734865
exact2,pc_score_binary,pull_request_merged_after_review,FALSE,high,-3,-1.64810263920386,0.380323771749416,2.43924395288863,0.401952727614939,1.6350151843067
exact2,pc_score_binary,pull_request_merged_after_review,FALSE,high,-2,-1.40185402868177,0.289689241646214,1.88883799082826,1.43107592839621,2.52926670187976
exact2,pc_score_binary,pull_request_merged_after_review,FALSE,high,-1,0,0,0,0,0
exact2,pc_score_binary,pull_request_merged_after_review,FALSE,high,0,-2.15474262013431,-0.460602557715717,0.865953798329671,0.177091115197423,0.637552853107748
exact2,pc_score_binary,pull_request_merged_after_review,FALSE,high,1,-3.13889767162114,-1.47113253167343,0.0583268305849069,-1.23415464088249,2.09687568389912
exact2,pc_score_binary,pull_request_merged_after_review,FALSE,high,2,-3.70717372331171,-1.85051519367165,0.0657149783028796,-1.80545545375895,2.95649801809735
exact2,pc_score_binary,pull_request_merged_after_review,FALSE,high,3,-4.44890865466681,-2.03951033451686,-0.273423051922921,-2.29037821215187,4.44843062867389
exact2,pc_score_binary,pull_request_merged_after_review,FALSE,high,4,-4.31988015236718,-2.20429684921211,0.0879900529842942,-2.43006524990917,6.7892460203365
exact2,pc_score_binary,pull_request_merged_after_review,FALSE,high,5,-4.24722731468972,-2.1019311956512,0.350949965874806,-2.8062628300099,8.77448549710142
exact2,pc_score_binary,pull_request_merged_after_review,FALSE,low,-5,-0.28056054861748,1.56717647204096,3.27381385585476,2.18259364417015,2.2969160792337
exact2,pc_score_binary,pull_request_merged_after_review,FALSE,low,-4,-0.500769180005216,1.12493996185896,3.05926389752846,1.06521201024268,2.51202172245901
exact2,pc_score_binary,pull_request_merged_after_review,FALSE,low,-3,-1.07516709182126,0.69877977357086,2.36421343099726,0.360578975456437,0.603715532925114
exact2,pc_score_binary,pull_request_merged_after_review,FALSE,low,-2,-1.44829954933436,0.383272426064366,1.97126564266807,1.49313636768196,1.97210547375902
exact2,pc_score_binary,pull_request_merged_after_review,FALSE,low,-1,0,0,0,0,0
exact2,pc_score_binary,pull_request_merged_after_review,FALSE,low,0,-1.59796996810594,0.0500484063819279,1.6674384865768,-0.0735306170035385,-3.49217872200264
exact2,pc_score_binary,pull_request_merged_after_review,FALSE,low,1,-2.52190055648002,-0.834436211185965,0.704622653054489,-0.19467853336934,-6.53770627065515
exact2,pc_score_binary,pull_request_merged_after_review,FALSE,low,2,-1.96463349100549,-0.369609311126387,1.29655886735577,0.670318949790904,-8.40165414710294
exact2,pc_score_binary,pull_request_merged_after_review,FALSE,low,3,-1.5307180982291,0.406984922516271,2.22077456576326,1.63526789964381,-9.03099777644654
exact2,pc_score_binary,pull_request_merged_after_review,FALSE,low,4,-0.501487671479386,1.59375474597299,3.63261264805654,1.71876704247516,-9.38321785366664
exact2,pc_score_binary,pull_request_merged_after_review,FALSE,low,5,-0.0845874211785993,2.48369523123988,4.97488145196846,4.23603895226707,-9.5086039540527
exact_1_2,pc_score_binary,pull_request_merged_after_review,FALSE,high,-5,-3.06714305371215,-0.572634421794642,2.11830423409083,-1.10344151496995,3.19539163028282
exact_1_2,pc_score_binary,pull_request_merged_after_review,FALSE,high,-4,-1.64613259753266,0.0193026813985676,1.7568625136018,0.172203936260927,2.64953051652813
exact_1_2,pc_score_binary,pull_request_merged_after_review,FALSE,high,-3,-1.26101736378015,0.155447823244993,1.59333700876601,-0.101715377620057,1.28284897300025
exact_1_2,pc_score_binary,pull_request_merged_after_review,FALSE,high,-2,-1.02377619049023,0.131345452192529,1.33311392707062,0.948009311490349,2.02093606154762
exact_1_2,pc_score_binary,pull_request_merged_after_review,FALSE,high,-1,0,0,0,0,0
exact_1_2,pc_score_binary,pull_request_merged_after_review,FALSE,high,0,-1.44444660020247,-0.229854363003007,0.852062987427275,0.252102216603125,0.566778139811313
exact_1_2,pc_score_binary,pull_request_merged_after_review,FALSE,high,1,-2.44444789093164,-1.245433366189,-0.0826898499050805,-0.957802837068411,1.64819769201241
exact_1_2,pc_score_binary,pull_request_merged_after_review,FALSE,high,2,-2.67374632280832,-1.34915508584572,0.0100748205990663,-1.44855263121953,2.52627476603089
exact_1_2,pc_score_binary,pull_request_merged_after_review,FALSE,high,3,-3.11510969397682,-1.35635875236079,0.0806366481523099,-1.58480789658914,3.96095248288986
exact_1_2,pc_score_binary,pull_request_merged_after_review,FALSE,high,4,-2.83595428885094,-1.30620019263078,0.325872501207449,-1.58098203661799,5.80549397486302
exact_1_2,pc_score_binary,pull_request_merged_after_review,FALSE,high,5,-2.8579560885062,-1.10887984802456,0.614105554704329,-1.98303924414061,7.20875225129823
exact_1_2,pc_score_binary,pull_request_merged_after_review,FALSE,low,-5,-0.9075508684411,0.563599349549805,2.06345674110179,0.285673502837117,2.11789575677107
exact_1_2,pc_score_binary,pull_request_merged_after_review,FALSE,low,-4,-0.915402755141008,0.396228070392494,1.77849983493572,0.0191573467350455,2.11029156450213
exact_1_2,pc_score_binary,pull_request_merged_after_review,FALSE,low,-3,-1.06081909287169,0.207254489178962,1.61187210855995,-0.369924634792794,0.725425174732321
exact_1_2,pc_score_binary,pull_request_merged_after_review,FALSE,low,-2,-1.17127729378796,0.0603769552238107,1.2664709043245,0.728388567560148,1.19763819579925
exact_1_2,pc_score_binary,pull_request_merged_after_review,FALSE,low,-1,0,0,0,0,0
exact_1_2,pc_score_binary,pull_request_merged_after_review,FALSE,low,0,-0.949939842850529,0.192476028001585,1.38950871841703,0.402288501022262,-3.29491668554125
exact_1_2,pc_score_binary,pull_request_merged_after_review,FALSE,low,1,-2.39685584449101,-1.26107753826669,-0.0573867682750438,-0.660917027166479,-5.53104515041505
exact_1_2,pc_score_binary,pull_request_merged_after_review,FALSE,low,2,-1.90349918461195,-0.81464431497679,0.496576343790528,-0.138523003946674,-6.87682859748941
exact_1_2,pc_score_binary,pull_request_merged_after_review,FALSE,low,3,-1.43132126603358,-0.119559144936725,1.263990574623,0.918308445100706,-7.4828121426487
exact_1_2,pc_score_binary,pull_request_merged_after_review,FALSE,low,4,-0.691140937683661,0.768391716293999,2.29839748171947,0.922189583028218,-7.729717710309
exact_1_2,pc_score_binary,pull_request_merged_after_review,FALSE,low,5,-0.247518330947187,1.43504842446428,3.22949622985538,2.75237818282169,-7.51279208648167
exact1,pc_score_binary,pull_request_merged,FALSE,high,-5,-3.51859689567913,-1.01847826437476,1.40435466341479,-3.12936146645831,0.784532311655553
exact1,pc_score_binary,pull_request_merged,FALSE,high,-4,-2.99955737152911,-1.00604339168276,1.25336114232071,-3.63724950144671,-0.226887837731054
exact1,pc_score_binary,pull_request_merged,FALSE,high,-3,-2.7578015931523,-0.858325817316911,1.05839940567492,-2.33673677431306,0.0813044952759587
exact1,pc_score_binary,pull_request_merged,FALSE,high,-2,-2.23228565177951,-0.51450501998087,1.24918737312307,-0.303943286968504,1.0068060430993
exact1,pc_score_binary,pull_request_merged,FALSE,high,-1,0,0,0,0,0
exact1,pc_score_binary,pull_request_merged,FALSE,high,0,-1.02495688694075,0.695369620003051,2.52019494304549,0.40732843417187,1.53214765147621
exact1,pc_score_binary,pull_request_merged,FALSE,high,1,-3.18783970416792,-1.45965580682815,-0.0199943369576336,-1.3968341511959,2.40787688978999
exact1,pc_score_binary,pull_request_merged,FALSE,high,2,-2.24410390403093,-0.524954163499892,1.16302460700318,-1.7163112004458,3.36381787862572
exact1,pc_score_binary,pull_request_merged,FALSE,high,3,-1.49900902201225,0.212320823023933,2.39399852568897,-0.407404027312542,5.14378863885964
exact1,pc_score_binary,pull_request_merged,FALSE,high,4,-0.903871675024305,1.24005298772239,3.35424931719377,0.225073494105956,5.40349092487775
exact1,pc_score_binary,pull_request_merged,FALSE,high,5,-0.662441716659165,1.91405038499089,4.66851126808118,-0.627984017442573,5.48011240281502
exact1,pc_score_binary,pull_request_merged,FALSE,low,-5,-5.6819911133375,-1.93399999334146,1.73932860344549,-4.83368310158211,2.28084579947942
exact1,pc_score_binary,pull_request_merged,FALSE,low,-4,-5.46627458934668,-1.50497503822849,2.06726295502922,-2.9080967969004,1.80228558003887
exact1,pc_score_binary,pull_request_merged,FALSE,low,-3,-4.45360162440029,-1.25387355634331,2.00769637273758,-2.97555846280374,1.17506272186514
exact1,pc_score_binary,pull_request_merged,FALSE,low,-2,-3.74752504912916,-0.571788761979107,2.36908578750518,-1.01726557411409,0.491512502953843
exact1,pc_score_binary,pull_request_merged,FALSE,low,-1,0,0,0,0,0
exact1,pc_score_binary,pull_request_merged,FALSE,low,0,-2.59253729301905,0.813764805988262,4.05466134133207,1.62084042870494,-4.09085884409516
exact1,pc_score_binary,pull_request_merged,FALSE,low,1,-6.66581366562723,-4.20445017461891,-1.99235168217675,-3.43440492521329,-4.71474114855579
exact1,pc_score_binary,pull_request_merged,FALSE,low,2,-6.3288521198646,-3.55306307835404,-1.23421038383561,-3.61157467295344,-5.06625878596344
exact1,pc_score_binary,pull_request_merged,FALSE,low,3,-5.31301336038749,-2.72433061383228,-0.493325817372155,-1.7032660728026,-5.52749750622594
exact1,pc_score_binary,pull_request_merged,FALSE,low,4,-5.10712607798134,-2.32942702305385,-0.0123082096274775,-1.96177604045244,-5.6225207493214
exact1,pc_score_binary,pull_request_merged,FALSE,low,5,-4.6696342385859,-1.69327620634611,0.649363324686835,-1.28886744570077,-4.65273677338486
exact2,pc_score_binary,pull_request_merged,FALSE,high,-5,-5.46148080760549,-0.629531461000528,5.20058758538395,0.493573118007282,3.72666963057113
exact2,pc_score_binary,pull_request_merged,FALSE,high,-4,-3.20111059484246,0.489050747140513,4.12727050255884,2.70578752646087,2.22411803182134
exact2,pc_score_binary,pull_request_merged,FALSE,high,-3,-2.72876619325365,0.692401646543426,4.17691369226153,1.04188532491676,1.00919055118556
exact2,pc_score_binary,pull_request_merged,FALSE,high,-2,-2.28555059311902,0.348410826140443,3.31093455072644,2.36858690506783,1.81063343232338
exact2,pc_score_binary,pull_request_merged,FALSE,high,-1,0,0,0,0,0
exact2,pc_score_binary,pull_request_merged,FALSE,high,0,-3.45446797979828,-0.737147310460689,1.66755009594682,1.15458654558758,1.42112970737429
exact2,pc_score_binary,pull_request_merged,FALSE,high,1,-5.17976064292337,-2.15166545475981,0.719199684690411,-1.58438524153225,3.64493980406521
exact2,pc_score_binary,pull_request_merged,FALSE,high,2,-5.75097152780249,-2.62126530077031,0.643723260856658,-2.27566479503952,6.00397680716953
exact2,pc_score_binary,pull_request_merged,FALSE,high,3,-6.91457361867932,-2.93309581105656,0.219737359485536,-4.06624793841048,7.70917352931521
exact2,pc_score_binary,pull_request_merged,FALSE,high,4,-6.57058266818139,-3.07794551635487,0.48698725251339,-2.68709864618913,10.1475101710414
exact2,pc_score_binary,pull_request_merged,FALSE,high,5,-6.71644105647459,-2.79633529556858,0.641724376949543,-3.43145296791851,12.0173630747926
exact2,pc_score_binary,pull_request_merged,FALSE,low,-5,-1.25953201599634,1.99070083833928,5.72090532461977,3.12607429885934,-0.208809624080394
exact2,pc_score_binary,pull_request_merged,FALSE,low,-4,-1.69049581336623,1.61220685260484,5.48622923497284,0.594105035238125,1.83088346730976
exact2,pc_score_binary,pull_request_merged,FALSE,low,-3,-2.69635718955433,1.13058490056095,4.68700874437684,1.42087464803292,0.512660299103885
exact2,pc_score_binary,pull_request_merged,FALSE,low,-2,-2.93269437273071,0.542059803451798,4.34209562315345,3.67908127911999,3.00528268633193
exact2,pc_score_binary,pull_request_merged,FALSE,low,-1,0,0,0,0,0
exact2,pc_score_binary,pull_request_merged,FALSE,low,0,-3.35763045932082,0.105467520226566,3.22923990864252,-1.08104739378389,-4.16911201451432
exact2,pc_score_binary,pull_request_merged,FALSE,low,1,-4.58868696983736,-1.41491713946602,1.72241068800182,-0.442494043403902,-8.70429053719281
exact2,pc_score_binary,pull_request_merged,FALSE,low,2,-3.93738213854701,-0.793367851555775,2.41431756871179,0.224060839576537,-11.597726830629
exact2,pc_score_binary,pull_request_merged,FALSE,low,3,-3.42607226355792,0.325622413977304,3.64940772776656,3.10591130531238,-13.2172731626753
exact2,pc_score_binary,pull_request_merged,FALSE,low,4,-1.5967477549659,2.15795571765019,5.89569716812659,2.93852363119437,-14.3740299194321
exact2,pc_score_binary,pull_request_merged,FALSE,low,5,-0.853771149215634,3.3845505292557,7.35671982078822,6.72293460016771,-14.8005743209764
exact_1_2,pc_score_binary,pull_request_merged,FALSE,high,-5,-4.44029272230469,-0.700352988114702,3.48599681942105,-0.554022424488792,2.87593112871602
exact_1_2,pc_score_binary,pull_request_merged,FALSE,high,-4,-2.54533353258178,0.0841049233180344,2.75867114877524,0.871656337668315,1.5153934430351
exact_1_2,pc_score_binary,pull_request_merged,FALSE,high,-3,-2.17521694236688,0.234471694105465,2.77085952222048,0.0649343564647636,0.74088614947676
exact_1_2,pc_score_binary,pull_request_merged,FALSE,high,-2,-1.73184885388703,0.103502697889452,2.2930278959664,1.59580709050311,1.5782014161622
exact_1_2,pc_score_binary,pull_request_merged,FALSE,high,-1,0,0,0,0,0
exact_1_2,pc_score_binary,pull_request_merged,FALSE,high,0,-2.42420276494773,-0.364549390985822,1.54513016183186,0.938511910961348,1.45323128157243
exact_1_2,pc_score_binary,pull_request_merged,FALSE,high,1,-3.98967853550483,-1.90389961605084,0.0639766613992074,-1.53015360095307,3.28723486499767
exact_1_2,pc_score_binary,pull_request_merged,FALSE,high,2,-4.31048967643462,-2.01955434344389,0.441722723499773,-2.11392399660278,5.24055735795204
exact_1_2,pc_score_binary,pull_request_merged,FALSE,high,3,-4.86011513813079,-2.03971264361641,0.305832648868156,-3.00826897616529,6.96737548870155
exact_1_2,pc_score_binary,pull_request_merged,FALSE,high,4,-4.51640978248587,-1.87543643630202,0.714883148934442,-1.84502477429658,8.77574556974105
exact_1_2,pc_score_binary,pull_request_merged,FALSE,high,5,-4.45621442474032,-1.44159563489646,1.08286585943245,-2.62081134368451,10.1270737238593
exact_1_2,pc_score_binary,pull_request_merged,FALSE,low,-5,-1.97584198343982,0.621416740885248,3.54076537701924,0.49821180780451,0.613134032501553
exact_1_2,pc_score_binary,pull_request_merged,FALSE,low,-4,-2.01058762473416,0.620592878063124,3.46312336657139,-0.562124277764547,1.82144205955047
exact_1_2,pc_score_binary,pull_request_merged,FALSE,low,-3,-2.34266429495895,0.256291577229469,3.27513275810933,-0.0305793454968852,0.731348180302576
exact_1_2,pc_score_binary,pull_request_merged,FALSE,low,-2,-2.36671952303731,0.146310343398025,2.83237974114007,2.12861270077955,2.17537769756117
exact_1_2,pc_score_binary,pull_request_merged,FALSE,low,-1,0,0,0,0,0
exact_1_2,pc_score_binary,pull_request_merged,FALSE,low,0,-2.1462699076042,0.285839054527317,2.77276318226253,-0.189036581574664,-4.1432772357635
exact_1_2,pc_score_binary,pull_request_merged,FALSE,low,1,-4.6126750724815,-2.31946489620649,-0.0783811428351192,-1.43025409529313,-7.38716657635092
exact_1_2,pc_score_binary,pull_request_merged,FALSE,low,2,-4.02815792187532,-1.742225392365,0.5509613934992,-1.04224944924915,-9.44140484459109
exact_1_2,pc_score_binary,pull_request_merged,FALSE,low,3,-3.3868017214489,-0.75043524230749,1.66868675066708,1.51819245799212,-10.6785434004982
exact_1_2,pc_score_binary,pull_request_merged,FALSE,low,4,-1.97783331343636,0.68992216340794,3.17557563599447,1.32072134725356,-11.484775695807
exact_1_2,pc_score_binary,pull_request_merged,FALSE,low,5,-1.37652389084539,1.65147971951012,4.62216109689849,4.07788990559869,-11.450331302872
exact1,pc_score_binary,merge_rate,FALSE,high,-5,-0.0907713977180024,-0.000359877869058875,0.0887921536513137,-0.0602453145880253,0.153217290897862
exact1,pc_score_binary,merge_rate,FALSE,high,-4,-0.0975900570089405,0.000490572564268731,0.0878437452795845,-0.0276480891423591,0.0749708900946237
exact1,pc_score_binary,merge_rate,FALSE,high,-3,-0.0933703957595218,-0.00194839638177526,0.0914025410481295,0.00975407902695663,0.0811621032761671
exact1,pc_score_binary,merge_rate,FALSE,high,-2,-0.100320790876904,-0.00199081998839537,0.0855643701552125,-0.0213795027801334,0.0762962522324205
exact1,pc_score_binary,merge_rate,FALSE,high,-1,0,0,0,0,0
exact1,pc_score_binary,merge_rate,FALSE,high,0,-0.088969860979703,-0.000271443101223511,0.0801526588427332,-0.0209652037189753,0.0386273019724464
exact1,pc_score_binary,merge_rate,FALSE,high,1,-0.418078011668376,-0.324896453208405,-0.226969309148087,-0.345164391137421,-0.0436664445111987
exact1,pc_score_binary,merge_rate,FALSE,high,2,-0.423558811431032,-0.324366173429387,-0.232085140646243,-0.342786806141047,-0.0687103951181893
exact1,pc_score_binary,merge_rate,FALSE,high,3,-0.426199562267698,-0.329722214338171,-0.216558644299304,-0.357578835449722,-0.0869923931291006
exact1,pc_score_binary,merge_rate,FALSE,high,4,-0.430837396307495,-0.326852694804628,-0.218280298507424,-0.327323057328417,-0.071686650642362
exact1,pc_score_binary,merge_rate,FALSE,high,5,-0.423019945555008,-0.323630744555328,-0.229484953520598,-0.331142466655632,-0.0417201080290925
exact1,pc_score_binary,merge_rate,FALSE,low,-5,-0.0867335102935277,0.0013165383636315,0.0840183517302207,0.00396977907624152,-0.0642301651988403
exact1,pc_score_binary,merge_rate,FALSE,low,-4,-0.0792134627260039,-0.000569281506729354,0.0829197540224635,0.010856221948524,-0.00397524073923
exact1,pc_score_binary,merge_rate,FALSE,low,-3,-0.0785332667164926,0.00395603640657738,0.0844861752502822,-0.0375476744255249,-0.0227060818152591
exact1,pc_score_binary,merge_rate,FALSE,low,-2,-0.0850248438532376,0.0029621922414663,0.073766790035778,0.00905609470791012,0.025371646573841
exact1,pc_score_binary,merge_rate,FALSE,low,-1,0,0,0,0,0
exact1,pc_score_binary,merge_rate,FALSE,low,0,-0.0841662038744672,-0.00143513144344424,0.0769363048530829,0.0217639094546724,-0.128555283800323
exact1,pc_score_binary,merge_rate,FALSE,low,1,-0.487482722939603,-0.413100425408322,-0.326942571194917,-0.371970947212322,-0.15093365855455
exact1,pc_score_binary,merge_rate,FALSE,low,2,-0.488130549492876,-0.408468534201364,-0.320705759746215,-0.39282174249977,-0.324421466872249
exact1,pc_score_binary,merge_rate,FALSE,low,3,-0.491593461565213,-0.410524916441532,-0.326008929288555,-0.424428090901182,-0.216128618424838
exact1,pc_score_binary,merge_rate,FALSE,low,4,-0.489687631450584,-0.410104572122097,-0.315935450473352,-0.406658150780773,-0.113382407843737
exact1,pc_score_binary,merge_rate,FALSE,low,5,-0.498524954193863,-0.409005297404307,-0.315393904942527,-0.430784688171579,-0.165295317486723
exact2,pc_score_binary,merge_rate,FALSE,high,-5,-0.0498513446381326,-0.00204501011536706,0.0443120122724107,0.0269031175511425,0.00222619941859714
exact2,pc_score_binary,merge_rate,FALSE,high,-4,-0.0471661557578211,-0.000162395245068277,0.0497940359232858,0.00204371601281451,0.00948967858376606
exact2,pc_score_binary,merge_rate,FALSE,high,-3,-0.0454069515220892,-0.000606976865230981,0.0491410925647991,0.0224319155085991,-0.00483013792588943
exact2,pc_score_binary,merge_rate,FALSE,high,-2,-0.0450097746497294,-0.00159081337883213,0.0463866746011037,0.0405577734305529,-0.0103808469819489
exact2,pc_score_binary,merge_rate,FALSE,high,-1,0,0,0,0,0
exact2,pc_score_binary,merge_rate,FALSE,high,0,-0.0486695952328589,9.92240798759992e-05,0.048780560433086,0.050569717481902,0.0350903507356447
exact2,pc_score_binary,merge_rate,FALSE,high,1,-0.190351156582976,-0.144440454007959,-0.098060426370489,-0.130108402194121,-0.0629642212207363
exact2,pc_score_binary,merge_rate,FALSE,high,2,-0.191152991577205,-0.146485411244153,-0.099142950282832,-0.138769245514255,-0.00200618760734689
exact2,pc_score_binary,merge_rate,FALSE,high,3,-0.191341517475765,-0.146771591342432,-0.0989234791108015,-0.13530753985719,0.0147442133253409
exact2,pc_score_binary,merge_rate,FALSE,high,4,-0.189605908835156,-0.147384002510593,-0.101902449799389,-0.134194686845875,0.0589838678869524
exact2,pc_score_binary,merge_rate,FALSE,high,5,-0.190508020715753,-0.146182901484795,-0.095019977756068,-0.141253090666125,-0.0316203289060642
exact2,pc_score_binary,merge_rate,FALSE,low,-5,-0.0542463918265785,-0.00288129885156696,0.050127284578692,0.0397872046892108,0.0177776649284965
exact2,pc_score_binary,merge_rate,FALSE,low,-4,-0.0461498287533971,0.00176186032654849,0.0486911966710871,0.0350477280277425,0.0105379205525247
exact2,pc_score_binary,merge_rate,FALSE,low,-3,-0.0520689850897298,-0.000425288853462006,0.0502381433620145,0.0267147706049987,-0.0215121493403274
exact2,pc_score_binary,merge_rate,FALSE,low,-2,-0.0501628091156406,-0.00201338488910424,0.0470898367774922,0.0225976660604797,0.03719616639828
exact2,pc_score_binary,merge_rate,FALSE,low,-1,0,0,0,0,0
exact2,pc_score_binary,merge_rate,FALSE,low,0,-0.0472752031735572,0.000891649345176005,0.0484232219987798,0.0342927748524966,0.00956703454984706
exact2,pc_score_binary,merge_rate,FALSE,low,1,-0.187209348628563,-0.138524727472965,-0.092831035858955,-0.118357781224392,-0.0217966098278302
exact2,pc_score_binary,merge_rate,FALSE,low,2,-0.183610591576755,-0.137907951851761,-0.0937216229743955,-0.117247752180335,-0.0251847933896842
exact2,pc_score_binary,merge_rate,FALSE,low,3,-0.184338097146907,-0.136697516570788,-0.0962973469804524,-0.112195618361816,-0.044281616723275
exact2,pc_score_binary,merge_rate,FALSE,low,4,-0.185438699727285,-0.136707715281163,-0.0870513619831778,-0.125597516240841,0.0211034705086879
exact2,pc_score_binary,merge_rate,FALSE,low,5,-0.188432898278816,-0.13853706487771,-0.0881660209780912,-0.0928652687460009,-0.00254255412752362
exact_1_2,pc_score_binary,merge_rate,FALSE,high,-5,-0.0501046329217046,-0.00131536585971507,0.0405173710219951,0.00170357090849159,0.0458862740632038
exact_1_2,pc_score_binary,merge_rate,FALSE,high,-4,-0.0457392989562657,-0.00221047906819924,0.0420068513296656,-0.00654186620072965,0.0284240048037731
exact_1_2,pc_score_binary,merge_rate,FALSE,high,-3,-0.0430964661495842,-0.000884186626104907,0.0432901050264953,0.0187660350801724,0.0200350884457896
exact_1_2,pc_score_binary,merge_rate,FALSE,high,-2,-0.0418728675181854,0.000299556945965034,0.0400832265805082,0.022648199586499,0.0146824106222061
exact_1_2,pc_score_binary,merge_rate,FALSE,high,-1,0,0,0,0,0
exact_1_2,pc_score_binary,merge_rate,FALSE,high,0,-0.0437645062461806,-0.00077477551440523,0.0410253414557505,0.0298849209900821,0.0361130836233946
exact_1_2,pc_score_binary,merge_rate,FALSE,high,1,-0.246037124085424,-0.197476553987057,-0.155246125199796,-0.192293266466882,-0.0573841412083399
exact_1_2,pc_score_binary,merge_rate,FALSE,high,2,-0.237248189233488,-0.197138111107829,-0.153920547875741,-0.197762275093087,-0.0212941512249399
exact_1_2,pc_score_binary,merge_rate,FALSE,high,3,-0.238936011955503,-0.198177241399443,-0.152035326579194,-0.19957875785985,-0.0146736005891964
exact_1_2,pc_score_binary,merge_rate,FALSE,high,4,-0.243357587329563,-0.198122346106046,-0.153987463237609,-0.190039034937213,0.0211996215652229
exact_1_2,pc_score_binary,merge_rate,FALSE,high,5,-0.241488174000457,-0.197248896175469,-0.150533900663514,-0.196160862036585,-0.034540746965735
exact_1_2,pc_score_binary,merge_rate,FALSE,low,-5,-0.0481627256047328,-0.00178342142632948,0.0432743510449136,0.0279623129796659,-0.00929669047239458
exact_1_2,pc_score_binary,merge_rate,FALSE,low,-4,-0.0394064068980056,-5.91686032051413e-05,0.0442053198243872,0.0270610585566129,0.00574649409735207
exact_1_2,pc_score_binary,merge_rate,FALSE,low,-3,-0.0401142316581504,0.00141866630360965,0.0432212752529439,0.00549893947051959,-0.0219063184349221
exact_1_2,pc_score_binary,merge_rate,FALSE,low,-2,-0.0417876588821514,-0.000128063021109934,0.0405822578934546,0.0181270037479089,0.0332923775567188
exact_1_2,pc_score_binary,merge_rate,FALSE,low,-1,0,0,0,0,0
exact_1_2,pc_score_binary,merge_rate,FALSE,low,0,-0.0463233880023311,0.00179196176475411,0.0423148300510625,0.0301564508694829,-0.0360331566758071
exact_1_2,pc_score_binary,merge_rate,FALSE,low,1,-0.270548412683205,-0.229270844324868,-0.185585350845247,-0.202086529804139,-0.0644303723261254
exact_1_2,pc_score_binary,merge_rate,FALSE,low,2,-0.268372037383016,-0.228248643704766,-0.183222910323576,-0.208226725060914,-0.123975848271488
exact_1_2,pc_score_binary,merge_rate,FALSE,low,3,-0.26926314956834,-0.22643812061842,-0.18878576403675,-0.215277152358066,-0.101015794318528
exact_1_2,pc_score_binary,merge_rate,FALSE,low,4,-0.267604036626175,-0.226484758108959,-0.183277810702186,-0.21838786927077,-0.0232961735406771
exact_1_2,pc_score_binary,merge_rate,FALSE,low,5,-0.270433288601717,-0.227451642043702,-0.184508061532158,-0.204427182336263,-0.0562743276767329
exact1,pc_score_binary,review_rate,FALSE,high,-5,-0.0918765673709655,-0.000544373904277982,0.0970306482532561,-0.0410954136888745,-0.162947808904026
exact1,pc_score_binary,review_rate,FALSE,high,-4,-0.0967038286268078,0.00039018274589706,0.0941167573904619,-0.0517384819683715,-0.0820156395544059
exact1,pc_score_binary,review_rate,FALSE,high,-3,-0.0942107154886922,0.00185592843821803,0.089861528576413,-0.0214307654940991,-0.035206835301117
exact1,pc_score_binary,review_rate,FALSE,high,-2,-0.0901054691501435,-0.00527009725571672,0.0856598176033598,0.0271205112461798,-0.0425609241277747
exact1,pc_score_binary,review_rate,FALSE,high,-1,0,0,0,0,0
exact1,pc_score_binary,review_rate,FALSE,high,0,-0.0936459778820684,0.000154345669540512,0.0956816791489222,-0.029273446801402,-0.0237245848523853
exact1,pc_score_binary,review_rate,FALSE,high,1,-0.300486441273041,-0.206726795469577,-0.103412780278821,-0.23571462542771,-0.138659694983668
exact1,pc_score_binary,review_rate,FALSE,high,2,-0.30187222809462,-0.204618553744423,-0.0947004657837737,-0.257206966757319,-0.0288406059225599
exact1,pc_score_binary,review_rate,FALSE,high,3,-0.312109469989596,-0.205280794043349,-0.103618664148014,-0.281628111034092,-0.119885822481492
exact1,pc_score_binary,review_rate,FALSE,high,4,-0.312135220026251,-0.205016458045331,-0.111537450374497,-0.19079207047229,-0.0724462536626024
exact1,pc_score_binary,review_rate,FALSE,high,5,-0.308099760630839,-0.206374719063598,-0.100454524640958,-0.167687113271036,-0.0140238536320794
exact1,pc_score_binary,review_rate,FALSE,low,-5,-0.0853002921883019,3.2371257914378e-05,0.0964910108629023,-0.0852565068103978,0.00220589785802398
exact1,pc_score_binary,review_rate,FALSE,low,-4,-0.0873593006889098,0.000495053025421674,0.0968547698989829,-0.0026424729034813,-0.0521889447793257
exact1,pc_score_binary,review_rate,FALSE,low,-3,-0.0852356423051003,0.00135654215357583,0.0921109949161835,-0.0563733852844703,-0.00390942266723039
exact1,pc_score_binary,review_rate,FALSE,low,-2,-0.0893778308934076,0.00245615977013892,0.091215694399327,-0.0383191287280931,-0.0583448648552498
exact1,pc_score_binary,review_rate,FALSE,low,-1,0,0,0,0,0
exact1,pc_score_binary,review_rate,FALSE,low,0,-0.0963761874119332,0.0034338113576971,0.0955498905955076,-0.0304281298226721,-0.0197503037641663
exact1,pc_score_binary,review_rate,FALSE,low,1,-0.295344081276089,-0.204741573175018,-0.116720918095887,-0.237236064866675,-0.115389282657429
exact1,pc_score_binary,review_rate,FALSE,low,2,-0.284980037359303,-0.20458770681829,-0.112939694811535,-0.234367424268201,-0.0683899566771764
exact1,pc_score_binary,review_rate,FALSE,low,3,-0.290420009996134,-0.205218646957062,-0.11593858027581,-0.233798647186597,-0.128889613004053
exact1,pc_score_binary,review_rate,FALSE,low,4,-0.29258224989974,-0.201211601738073,-0.11504421177064,-0.25364862746744,-0.152471306558823
exact1,pc_score_binary,review_rate,FALSE,low,5,-0.302488752429938,-0.203656482531158,-0.104311884660091,-0.236912224446147,-0.115883669550247
exact2,pc_score_binary,review_rate,FALSE,high,-5,-0.0491559796701449,0.00199000528647328,0.0534914647244837,-0.00228471036863673,-0.0394337680965414
exact2,pc_score_binary,review_rate,FALSE,high,-4,-0.0512484964022311,-0.000272711654085927,0.0549722029661223,0.00274071294994455,-0.0367220550603368
exact2,pc_score_binary,review_rate,FALSE,high,-3,-0.0513756662734967,0.000485293827216486,0.0523486578861981,0.0219183292911245,-0.0482226398251108
exact2,pc_score_binary,review_rate,FALSE,high,-2,-0.0500944747357189,-0.000528188456730298,0.0512082686813136,0.00881176584709119,-0.0125796187215804
exact2,pc_score_binary,review_rate,FALSE,high,-1,0,0,0,0,0
exact2,pc_score_binary,review_rate,FALSE,high,0,-0.0451316124792765,-0.00128341264121636,0.0513220755126283,0.0360671085543203,-0.0351984847556286
exact2,pc_score_binary,review_rate,FALSE,high,1,-0.180664150181801,-0.130301785391222,-0.0875159585884652,-0.112357411282837,-0.117050343105227
exact2,pc_score_binary,review_rate,FALSE,high,2,-0.17714806139702,-0.130392461640985,-0.0849035089103528,-0.109819759571972,-0.11798203718516
exact2,pc_score_binary,review_rate,FALSE,high,3,-0.180834697146019,-0.131107016552524,-0.079636844844079,-0.104666855871532,-0.11499026112096
exact2,pc_score_binary,review_rate,FALSE,high,4,-0.177759105093521,-0.129425780385777,-0.0847697855986828,-0.138758325086009,-0.0973235218802761
exact2,pc_score_binary,review_rate,FALSE,high,5,-0.176633292046896,-0.129733524332015,-0.0842094981273822,-0.114121583068633,-0.131827995282781
exact2,pc_score_binary,review_rate,FALSE,low,-5,-0.0569588064516098,-0.00219670454482881,0.0500936774916578,-0.0189503287369798,0.0395217924457837
exact2,pc_score_binary,review_rate,FALSE,low,-4,-0.0523535298583412,-0.00094390368969965,0.0502180346610428,-0.0369401451084256,0.0322405466327693
exact2,pc_score_binary,review_rate,FALSE,low,-3,-0.0579327402054591,0.0013149769714908,0.0490451857341805,-0.0137003363272922,0.0188538589178691
exact2,pc_score_binary,review_rate,FALSE,low,-2,-0.0513314902553937,-0.000570238890126024,0.0526357435095229,-0.0177658070662375,0.0548648197717514
exact2,pc_score_binary,review_rate,FALSE,low,-1,0,0,0,0,0
exact2,pc_score_binary,review_rate,FALSE,low,0,-0.0505558552863928,-0.00114894691266799,0.0583556833583246,-0.013348321646527,0.00576309118487712
exact2,pc_score_binary,review_rate,FALSE,low,1,-0.170871066370988,-0.123153109347712,-0.0750065796585897,-0.151765121073548,-0.112365159936721
exact2,pc_score_binary,review_rate,FALSE,low,2,-0.172435965192132,-0.122471552594148,-0.0749898655918257,-0.165024198223318,-0.0282806785145202
exact2,pc_score_binary,review_rate,FALSE,low,3,-0.171824575774149,-0.123699030960501,-0.0788569512627563,-0.131766582758533,-0.0668033235463646
exact2,pc_score_binary,review_rate,FALSE,low,4,-0.174492036053384,-0.123969265006988,-0.0752832922874768,-0.158641871639093,-0.0311786397861882
exact2,pc_score_binary,review_rate,FALSE,low,5,-0.178846710068721,-0.125928135001814,-0.0688439843320307,-0.171310486056254,-0.0396909793170879
exact_1_2,pc_score_binary,review_rate,FALSE,high,-5,-0.0480503593957326,0.000998753960325257,0.0473948910818528,-0.0135070824130428,-0.0751486714625609
exact_1_2,pc_score_binary,review_rate,FALSE,high,-4,-0.0474023173076172,-0.000343608238823272,0.0448855093726607,-0.0130123072673998,-0.0498189951550074
exact_1_2,pc_score_binary,review_rate,FALSE,high,-3,-0.0444336297929921,-0.00118788923735824,0.0430670114117793,0.00938365128093934,-0.0444590336976909
exact_1_2,pc_score_binary,review_rate,FALSE,high,-2,-0.0434223464723354,-0.000164655846305697,0.0462991512329419,0.0141058609022493,-0.0212489118510824
exact_1_2,pc_score_binary,review_rate,FALSE,high,-1,0,0,0,0,0
exact_1_2,pc_score_binary,review_rate,FALSE,high,0,-0.0449955286411166,0.000477043694439603,0.0482750867821063,0.0171734539936295,-0.031880730566739
exact_1_2,pc_score_binary,review_rate,FALSE,high,1,-0.196221285701188,-0.153022466617144,-0.107786051558624,-0.148026967180149,-0.123298830395379
exact_1_2,pc_score_binary,review_rate,FALSE,high,2,-0.194166895040665,-0.151632325624323,-0.106206474703002,-0.152437747191832,-0.0922062016393482
exact_1_2,pc_score_binary,review_rate,FALSE,high,3,-0.195883930147232,-0.152472275022521,-0.108880583466656,-0.15583637543661,-0.116405845128825
exact_1_2,pc_score_binary,review_rate,FALSE,high,4,-0.19600199679638,-0.152345772689444,-0.109231035657699,-0.15380422736638,-0.0901300949257681
exact_1_2,pc_score_binary,review_rate,FALSE,high,5,-0.193440624675743,-0.153267299775812,-0.106304123459088,-0.129610411078966,-0.0977641470946264
exact_1_2,pc_score_binary,review_rate,FALSE,low,-5,-0.0431273091118313,-0.00187051673801185,0.0462064057772318,-0.040840885134424,0.0272021908833176
exact_1_2,pc_score_binary,review_rate,FALSE,low,-4,-0.044178180600639,-0.000119643145819596,0.0450184160270597,-0.0256169901699512,0.00436669540102499
exact_1_2,pc_score_binary,review_rate,FALSE,low,-3,-0.047450197443556,-0.000269684729265344,0.0433089996642389,-0.0277885678011931,0.0113387085380994
exact_1_2,pc_score_binary,review_rate,FALSE,low,-2,-0.0424981959307624,0.000665874348217759,0.0449587171917478,-0.024551353452209,0.0174893736508754
exact_1_2,pc_score_binary,review_rate,FALSE,low,-1,0,0,0,0,0
exact_1_2,pc_score_binary,review_rate,FALSE,low,0,-0.0441794803043267,-0.000147105190036381,0.0501105562714557,-0.0189871099917615,-0.0026599913581085
exact_1_2,pc_score_binary,review_rate,FALSE,low,1,-0.193326670150185,-0.149494092917787,-0.106041061473669,-0.179982801081805,-0.113363554519156
exact_1_2,pc_score_binary,review_rate,FALSE,low,2,-0.195074563056399,-0.149204306670793,-0.108378621445058,-0.187917416391246,-0.0415224976208517
exact_1_2,pc_score_binary,review_rate,FALSE,low,3,-0.194086949801581,-0.151036949772851,-0.10946832405521,-0.165451809770669,-0.0873007109749795
exact_1_2,pc_score_binary,review_rate,FALSE,low,4,-0.190238011129474,-0.150672953850145,-0.107015102875854,-0.19000773839582,-0.071222630251795
exact_1_2,pc_score_binary,review_rate,FALSE,low,5,-0.194197612347164,-0.152431866066914,-0.105579675599031,-0.19296847624239,-0.0648455038438247
exact1,pc_score_binary,direct_merge_rate,FALSE,high,-5,-0.0859183574412807,1.60981305986807e-05,0.0886087040213496,-0.00104765702704548,0.195175087049192
exact1,pc_score_binary,direct_merge_rate,FALSE,high,-4,-0.0827453471848504,-0.000220120010783222,0.0851212053004101,0.0220117372907186,0.117516484268344
exact1,pc_score_binary,direct_merge_rate,FALSE,high,-3,-0.0831017543451736,0.00259633971280441,0.0795335648452132,0.0294441970423194,0.0565910974130738
exact1,pc_score_binary,direct_merge_rate,FALSE,high,-2,-0.0810728269956376,0.00313999658306355,0.0869035037445399,-0.0441420376002968,0.0558022442920119
exact1,pc_score_binary,direct_merge_rate,FALSE,high,-1,0,0,0,0,0
exact1,pc_score_binary,direct_merge_rate,FALSE,high,0,-0.093366627419126,0.00131528749688363,0.0872013622471188,0.00585914205005619,0.0139340259443147
exact1,pc_score_binary,direct_merge_rate,FALSE,high,1,-0.211271366370206,-0.127544929623675,-0.0450471042461763,-0.136169034838443,-0.00180821434098626
exact1,pc_score_binary,direct_merge_rate,FALSE,high,2,-0.214635677811658,-0.126267979966942,-0.0425817936436775,-0.134706380022995,-0.0604958348104497
exact1,pc_score_binary,direct_merge_rate,FALSE,high,3,-0.208919823630494,-0.131498201931912,-0.0501278950896125,-0.124510611500465,-0.00818143108726361
exact1,pc_score_binary,direct_merge_rate,FALSE,high,4,-0.20825288879821,-0.131190933908103,-0.044340291354216,-0.130679724307811,-0.0926207766132679
exact1,pc_score_binary,direct_merge_rate,FALSE,high,5,-0.212191174753111,-0.128232029518734,-0.0325990051658911,-0.184896016098632,-0.0149668219843642
exact1,pc_score_binary,direct_merge_rate,FALSE,low,-5,-0.0876569431767349,0.000292275972639454,0.0840085306871536,0.0411634879246632,-0.0395239571624855
exact1,pc_score_binary,direct_merge_rate,FALSE,low,-4,-0.0785796398435748,-0.000751555582166176,0.0793144763033984,-0.0153378171071025,0.0668291908980442
exact1,pc_score_binary,direct_merge_rate,FALSE,low,-3,-0.0872300431610969,0.00125149829920121,0.0736142842878346,0.0302654609379791,-0.00549588148219136
exact1,pc_score_binary,direct_merge_rate,FALSE,low,-2,-0.0856222340454658,-0.00302410112454186,0.0737184362584827,0.0376900495746314,0.0567057714473266
exact1,pc_score_binary,direct_merge_rate,FALSE,low,-1,0,0,0,0,0
exact1,pc_score_binary,direct_merge_rate,FALSE,low,0,-0.0905818396723082,-0.00031409373991661,0.0844910960071646,-0.00300569610092203,-0.0409492902257143
exact1,pc_score_binary,direct_merge_rate,FALSE,low,1,-0.240033873652263,-0.168220224619743,-0.092073268985324,-0.0912468381723301,-0.0172222138436796
exact1,pc_score_binary,direct_merge_rate,FALSE,low,2,-0.250299184556375,-0.166420081500819,-0.0957557682694836,-0.121968695606097,-0.124109742191052
exact1,pc_score_binary,direct_merge_rate,FALSE,low,3,-0.244199913598917,-0.166633118139912,-0.0942049721265292,-0.168205584608337,-0.086218854564383
exact1,pc_score_binary,direct_merge_rate,FALSE,low,4,-0.243798720879839,-0.163960182414156,-0.0925042671002207,-0.142660248694503,-0.00124017245877628
exact1,pc_score_binary,direct_merge_rate,FALSE,low,5,-0.246839221991706,-0.166933567007237,-0.0869756657687735,-0.181974224871961,-0.0733895871984517
exact2,pc_score_binary,direct_merge_rate,FALSE,high,-5,-0.048306350665904,-0.000484392217071472,0.0461433148172805,0.019957939839994,0.05157823219082
exact2,pc_score_binary,direct_merge_rate,FALSE,high,-4,-0.0490746149329466,0.000189995106281085,0.0489331398137084,-0.00209894858102161,0.0325117802938406
exact2,pc_score_binary,direct_merge_rate,FALSE,high,-3,-0.0488794305486823,0.00160016292100732,0.0509484838767758,-0.0150200601709515,0.0407171031470784
exact2,pc_score_binary,direct_merge_rate,FALSE,high,-2,-0.0494579987121033,0.00137489411910817,0.0477533563911448,0.00718638716873033,0.00324995523119788
exact2,pc_score_binary,direct_merge_rate,FALSE,high,-1,0,0,0,0,0
exact2,pc_score_binary,direct_merge_rate,FALSE,high,0,-0.0457139892963715,0.00181770292003673,0.0464458853659658,-0.00114998530727323,0.052935811655043
exact2,pc_score_binary,direct_merge_rate,FALSE,high,1,-0.0696657359033125,-0.0239956270349098,0.0184274284172434,-0.0237378416324039,0.0737050076034604
exact2,pc_score_binary,direct_merge_rate,FALSE,high,2,-0.067827681712386,-0.0242987136930657,0.0193169576264004,-0.0536841885385625,0.0791494067902186
exact2,pc_score_binary,direct_merge_rate,FALSE,high,3,-0.0671521262767878,-0.0245180679132494,0.0258878665941659,-0.0458559923532395,0.0823793634721917
exact2,pc_score_binary,direct_merge_rate,FALSE,high,4,-0.0682558601049277,-0.0254681532977864,0.0183357417137173,-0.0170644688921255,0.109014790927786
exact2,pc_score_binary,direct_merge_rate,FALSE,high,5,-0.0648613076151468,-0.0238013959229922,0.0241177784444307,-0.0278458245196319,0.068664706084591
exact2,pc_score_binary,direct_merge_rate,FALSE,low,-5,-0.0487327811806623,0.00152088247359725,0.0519237278702473,0.0265077938081828,-0.0452829831513077
exact2,pc_score_binary,direct_merge_rate,FALSE,low,-4,-0.052333330659135,0.00048199789516327,0.0497116385555017,0.0376152219366697,-0.0298674620227548
exact2,pc_score_binary,direct_merge_rate,FALSE,low,-3,-0.049065122611958,0.000814264106198604,0.0496625350446089,0.0165818667143831,-0.0331565014024452
exact2,pc_score_binary,direct_merge_rate,FALSE,low,-2,-0.051012946078859,-0.000737998969542841,0.0482712572590627,0.010086712998107,-0.0486010032465363
exact2,pc_score_binary,direct_merge_rate,FALSE,low,-1,0,0,0,0,0
exact2,pc_score_binary,direct_merge_rate,FALSE,low,0,-0.0498565257457386,0.000643333446754095,0.049203897114885,0.0194974484113819,0.00378813568835029
exact2,pc_score_binary,direct_merge_rate,FALSE,low,1,-0.0567417965135611,-0.0127336804523006,0.0315671875443015,0.00639195199997447,0.0581429922056189
exact2,pc_score_binary,direct_merge_rate,FALSE,low,2,-0.0579378105784344,-0.0127266320730762,0.0314596537120935,0.0124093807472448,0.0118364291946879
exact2,pc_score_binary,direct_merge_rate,FALSE,low,3,-0.0609899282986525,-0.0104087671767064,0.0378268931537852,-0.0133249150007809,-0.00484699659692641
exact2,pc_score_binary,direct_merge_rate,FALSE,low,4,-0.0545158923416789,-0.00967503746078414,0.0324656045730156,0.0107983186177911,0.00349041690708422
exact2,pc_score_binary,direct_merge_rate,FALSE,low,5,-0.0607813058158201,-0.0104335005747067,0.0414836381177691,0.0358247310034724,0.013933121289909
exact_1_2,pc_score_binary,direct_merge_rate,FALSE,high,-5,-0.0425403254125183,-0.000665028350363743,0.0441020477762857,0.0138840323121753,0.0931002143185421
exact_1_2,pc_score_binary,direct_merge_rate,FALSE,high,-4,-0.0415219270646374,0.000550805599173431,0.0387290152451778,0.00487281600839725,0.0570914537322512
exact_1_2,pc_score_binary,direct_merge_rate,FALSE,high,-3,-0.0390990426379915,-6.98288801351922e-05,0.0425863593627527,-0.00216292555506596,0.0453071737782096
exact_1_2,pc_score_binary,direct_merge_rate,FALSE,high,-2,-0.0398597576617423,0.00131569247097357,0.04358720328029,-0.00765556698134981,0.0184457978511923
exact_1_2,pc_score_binary,direct_merge_rate,FALSE,high,-1,0,0,0,0,0
exact_1_2,pc_score_binary,direct_merge_rate,FALSE,high,0,-0.0408540318581839,0.000439700299253954,0.041381848903536,0.000876750314123231,0.041658186871218
exact_1_2,pc_score_binary,direct_merge_rate,FALSE,high,1,-0.0924954203913425,-0.0542884964956457,-0.0164574606682061,-0.0562480661739093,0.0518698590894035
exact_1_2,pc_score_binary,direct_merge_rate,FALSE,high,2,-0.0952270588183468,-0.0541874327136615,-0.0157437345399318,-0.0771122921003262,0.0387700598213507
exact_1_2,pc_score_binary,direct_merge_rate,FALSE,high,3,-0.094654692982885,-0.0552555862433513,-0.0160494246164936,-0.0685994966849673,0.0561931096236745
exact_1_2,pc_score_binary,direct_merge_rate,FALSE,high,4,-0.0931638594049381,-0.0547381172097414,-0.0160000849962107,-0.0499170728677455,0.0507105304339876
exact_1_2,pc_score_binary,direct_merge_rate,FALSE,high,5,-0.0912947264968498,-0.0553851242506642,-0.0111683984299301,-0.0732579281087403,0.044482095558628
exact_1_2,pc_score_binary,direct_merge_rate,FALSE,low,-5,-0.0466092889654849,0.000980015836663469,0.0446629139117825,0.031346276554772,-0.0433816779205482
exact_1_2,pc_score_binary,direct_merge_rate,FALSE,low,-4,-0.0411523701884075,0.000945063017662331,0.0467614848966763,0.0201331181375296,0.00205631334344196
exact_1_2,pc_score_binary,direct_merge_rate,FALSE,low,-3,-0.0402859468793056,-0.000186344284299817,0.0406134500504385,0.0210994169604507,-0.0240245264048494
exact_1_2,pc_score_binary,direct_merge_rate,FALSE,low,-2,-0.0457869068222898,-0.00129322216984221,0.0382554947758894,0.0191997762697825,-0.0138346517925815
exact_1_2,pc_score_binary,direct_merge_rate,FALSE,low,-1,0,0,0,0,0
exact_1_2,pc_score_binary,direct_merge_rate,FALSE,low,0,-0.0456185392022352,-0.00074800116492191,0.0455577403910766,0.0120681806058845,-0.0109816365033744
exact_1_2,pc_score_binary,direct_merge_rate,FALSE,low,1,-0.103685232307381,-0.0641792692021438,-0.0231607659696686,-0.0258428638942313,0.0332616562371902
exact_1_2,pc_score_binary,direct_merge_rate,FALSE,low,2,-0.102640458551074,-0.0632579901140379,-0.0239451404251873,-0.0319546731684518,-0.0330453211671113
exact_1_2,pc_score_binary,direct_merge_rate,FALSE,low,3,-0.102438099602542,-0.0619713976737761,-0.0213701888858139,-0.0644577676463375,-0.0317113898971872
exact_1_2,pc_score_binary,direct_merge_rate,FALSE,low,4,-0.102545012050594,-0.0619943814273041,-0.0259500605881556,-0.0398650361408132,0.00192864338438387
exact_1_2,pc_score_binary,direct_merge_rate,FALSE,low,5,-0.101098948549351,-0.0623525708450938,-0.0223692179579606,-0.0360801874434412,-0.0148959068713201
exact1,pc_score_binary,reviewed_merge_rate,FALSE,high,-5,-0.100241531890757,-0.00356087451288333,0.103074346320304,-0.0754635551331049,0.142853505569447
exact1,pc_score_binary,reviewed_merge_rate,FALSE,high,-4,-0.114486514959107,-0.00367895237596353,0.0922642728105108,-0.0188102159098025,0.00905094266628598
exact1,pc_score_binary,reviewed_merge_rate,FALSE,high,-3,-0.108211438061765,-0.00088535986394325,0.110384172075472,-0.00566199781431759,0.0665935603287997
exact1,pc_score_binary,reviewed_merge_rate,FALSE,high,-2,-0.0968369920150606,0.0006477534968901,0.0989771995497856,-0.00884271757667635,0.0857538351450997
exact1,pc_score_binary,reviewed_merge_rate,FALSE,high,-1,0,0,0,0,0
exact1,pc_score_binary,reviewed_merge_rate,FALSE,high,0,-0.10408466539493,-0.00329182167042621,0.0988045961691991,0.00837732847943328,0.0359179227610312
exact1,pc_score_binary,reviewed_merge_rate,FALSE,high,1,-0.26174956238565,-0.131729732001668,-0.0232916129099501,-0.0951068680820042,0.0477662208999376
exact1,pc_score_binary,reviewed_merge_rate,FALSE,high,2,-0.263995310159911,-0.139239702860472,-0.00147773592458657,-0.0956634693339154,0.00947591839017172
exact1,pc_score_binary,reviewed_merge_rate,FALSE,high,3,-0.258256306664431,-0.137114935014783,-0.0081317637320493,-0.1484691021407,-0.0240815569508678
exact1,pc_score_binary,reviewed_merge_rate,FALSE,high,4,-0.270493364642974,-0.137776162377897,-0.0122717808702907,-0.0818405959180692,0.103485344917795
exact1,pc_score_binary,reviewed_merge_rate,FALSE,high,5,-0.266875143677723,-0.137521344290741,-0.00405984457107443,-0.0882435935752856,0.011291779920259
exact1,pc_score_binary,reviewed_merge_rate,FALSE,low,-5,-0.102127416805695,0.000370838706896364,0.100739505583539,0.0241288866962992,-0.0248487098450161
exact1,pc_score_binary,reviewed_merge_rate,FALSE,low,-4,-0.110908665550817,-0.00137029618530494,0.10565172678014,0.0229779579984037,-0.0293095278817059
exact1,pc_score_binary,reviewed_merge_rate,FALSE,low,-3,-0.0909730531888251,0.00387643215821298,0.105187765908109,-0.00836179026147979,0.0040650438294049
exact1,pc_score_binary,reviewed_merge_rate,FALSE,low,-2,-0.0990385252506378,0.000610914744255287,0.102494378770853,-0.0196198792527136,0.0208166237927858
exact1,pc_score_binary,reviewed_merge_rate,FALSE,low,-1,0,0,0,0,0
exact1,pc_score_binary,reviewed_merge_rate,FALSE,low,0,-0.0994160607900515,-0.000472106630841216,0.106135745418194,0.0859646405264351,-0.106010056330809
exact1,pc_score_binary,reviewed_merge_rate,FALSE,low,1,-0.373404807966868,-0.242028470647798,-0.119918796739858,-0.235921243474345,-0.0927585951278626
exact1,pc_score_binary,reviewed_merge_rate,FALSE,low,2,-0.360035953516307,-0.233948944556672,-0.107470615075874,-0.298395785085225,-0.28008248207348
exact1,pc_score_binary,reviewed_merge_rate,FALSE,low,3,-0.361522417652187,-0.237264890050019,-0.111727674902916,-0.17740776737965,-0.0535841064517336
exact1,pc_score_binary,reviewed_merge_rate,FALSE,low,4,-0.370816998669851,-0.240017653061046,-0.113450078822387,-0.262997977011673,0.00816085607423324
exact1,pc_score_binary,reviewed_merge_rate,FALSE,low,5,-0.365850364526097,-0.237657138584065,-0.107721169243867,-0.21693685939759,-0.0294156328966809
exact2,pc_score_binary,reviewed_merge_rate,FALSE,high,-5,-0.0642336156499658,-0.000918568763060033,0.0594538640972657,0.00949361810449086,-0.0206102589870533
exact2,pc_score_binary,reviewed_merge_rate,FALSE,high,-4,-0.0603363786332592,0.0014789578126015,0.0570891173787825,0.00552305642704741,0.0141205065679119
exact2,pc_score_binary,reviewed_merge_rate,FALSE,high,-3,-0.0561961291490584,0.00141916280832427,0.0599803353912046,0.0535226818615327,0.0170050268250861
exact2,pc_score_binary,reviewed_merge_rate,FALSE,high,-2,-0.0576449656492208,0.00259828200326878,0.0584346115992708,0.0485274824107505,0.00632497663738462
exact2,pc_score_binary,reviewed_merge_rate,FALSE,high,-1,0,0,0,0,0
exact2,pc_score_binary,reviewed_merge_rate,FALSE,high,0,-0.0608443197849956,-0.000920893604373045,0.0496943080695735,0.0345093146142166,0.0403545828994864
exact2,pc_score_binary,reviewed_merge_rate,FALSE,high,1,-0.122076031296119,-0.0572837859885718,0.000765887518398271,-0.0513074400643929,-0.0543801638472591
exact2,pc_score_binary,reviewed_merge_rate,FALSE,high,2,-0.117052398474046,-0.0604422975431919,0.0021794904175127,-0.0348885949344986,0.0175433954878843
exact2,pc_score_binary,reviewed_merge_rate,FALSE,high,3,-0.119477886291376,-0.0605657926645532,-0.00530359374539876,-0.0130557588387819,0.0466762141751679
exact2,pc_score_binary,reviewed_merge_rate,FALSE,high,4,-0.116661613144856,-0.0615565371008196,-0.00233824210433044,-0.0509133524145922,0.040753564042725
exact2,pc_score_binary,reviewed_merge_rate,FALSE,high,5,-0.118150648196693,-0.0621982492145491,0.00752025215101356,-0.0688825474834807,-0.00672576994037442
exact2,pc_score_binary,reviewed_merge_rate,FALSE,low,-5,-0.0611632028604905,-0.00281200652452806,0.0569223822736569,0.0434668551114733,0.0323157021915726
exact2,pc_score_binary,reviewed_merge_rate,FALSE,low,-4,-0.0670638884285957,0.00021524692421318,0.0593790897955852,0.00345913239804194,0.02476450345134
exact2,pc_score_binary,reviewed_merge_rate,FALSE,low,-3,-0.0627510774174991,0.000867638845855037,0.061993842827239,0.0280248005147927,-0.00617812262131106
exact2,pc_score_binary,reviewed_merge_rate,FALSE,low,-2,-0.0564680257498932,-0.000254047004871595,0.0591035119189863,0.0282810245701947,0.0663528032357209
exact2,pc_score_binary,reviewed_merge_rate,FALSE,low,-1,0,0,0,0,0
exact2,pc_score_binary,reviewed_merge_rate,FALSE,low,0,-0.0635515556060739,0.000262449835079178,0.0552393779983015,0.0454451709377165,0.0140343786101607
exact2,pc_score_binary,reviewed_merge_rate,FALSE,low,1,-0.121953994910185,-0.0641630790651319,-0.00473329462880899,-0.0247560158808494,-0.0152708958486947
exact2,pc_score_binary,reviewed_merge_rate,FALSE,low,2,-0.128439695851276,-0.062268718996542,-0.000779799038850411,-0.00492256048259748,-0.0657038777695475
exact2,pc_score_binary,reviewed_merge_rate,FALSE,low,3,-0.125754023661848,-0.0632714627400794,-0.00829985019116596,-0.00845949604009473,0.018830298581099
exact2,pc_score_binary,reviewed_merge_rate,FALSE,low,4,-0.125085367576448,-0.0644796201950418,-0.00221458142672225,-0.0315744760983249,0.0585076716282311
exact2,pc_score_binary,reviewed_merge_rate,FALSE,low,5,-0.126234339398813,-0.0665866833758057,-0.00294499902726776,-0.00788962687340924,0.0191766536908139
exact_1_2,pc_score_binary,reviewed_merge_rate,FALSE,high,-5,-0.0559319803502612,-0.0018416174687534,0.0514596367385792,-0.0150723115063802,0.0266563717280793
exact_1_2,pc_score_binary,reviewed_merge_rate,FALSE,high,-4,-0.0566517038359341,-0.000681450368356305,0.0506101561026762,-0.00151307051372848,0.012654608572261
exact_1_2,pc_score_binary,reviewed_merge_rate,FALSE,high,-3,-0.0544087293915822,0.000658531838493355,0.0475771974488518,0.0364090395456241,0.0313438798864009
exact_1_2,pc_score_binary,reviewed_merge_rate,FALSE,high,-2,-0.0536136758323786,0.0015470858599402,0.0505764744428962,0.0319385089204102,0.0292923574106998
exact_1_2,pc_score_binary,reviewed_merge_rate,FALSE,high,-1,0,0,0,0,0
exact_1_2,pc_score_binary,reviewed_merge_rate,FALSE,high,0,-0.057959573677958,-0.00162603321944847,0.0463832273966984,0.0269530776595804,0.0390716932208969
exact_1_2,pc_score_binary,reviewed_merge_rate,FALSE,high,1,-0.137894457264988,-0.0794218384981275,-0.0309532233843739,-0.0639723349128588,-0.0248438598239734
exact_1_2,pc_score_binary,reviewed_merge_rate,FALSE,high,2,-0.139219337663054,-0.0823587841322986,-0.0203995805639797,-0.0524620525921613,0.0152106310258951
exact_1_2,pc_score_binary,reviewed_merge_rate,FALSE,high,3,-0.142740998696375,-0.0817031010500669,-0.0271480732176111,-0.0522114243718665,0.026216135777278
exact_1_2,pc_score_binary,reviewed_merge_rate,FALSE,high,4,-0.139271875154528,-0.0826325823936262,-0.0253362661379111,-0.0598561698131879,0.0588928741752754
exact_1_2,pc_score_binary,reviewed_merge_rate,FALSE,high,5,-0.139661907972721,-0.0807380874909511,-0.0218758248800368,-0.0744809222570146,-0.00151587600476959
exact_1_2,pc_score_binary,reviewed_merge_rate,FALSE,low,-5,-0.0562840595501144,-0.00014782570655481,0.0526010225688771,0.0370825497495259,0.0134432408015026
exact_1_2,pc_score_binary,reviewed_merge_rate,FALSE,low,-4,-0.0535688903433876,2.56744594845447e-05,0.0504744337219714,0.00990314659146279,0.00691231128875545
exact_1_2,pc_score_binary,reviewed_merge_rate,FALSE,low,-3,-0.051185141462065,0.00226458586998473,0.0514647690207141,0.016012002603009,-0.00279640738160101
exact_1_2,pc_score_binary,reviewed_merge_rate,FALSE,low,-2,-0.0488068607683892,0.000125378437111754,0.0494956752786479,0.0124668505808135,0.0513193277258524
exact_1_2,pc_score_binary,reviewed_merge_rate,FALSE,low,-1,0,0,0,0,0
exact_1_2,pc_score_binary,reviewed_merge_rate,FALSE,low,0,-0.0510314078520829,-3.74985139276652e-05,0.050013283680073,0.0588224120938006,-0.0255975161789632
exact_1_2,pc_score_binary,reviewed_merge_rate,FALSE,low,1,-0.183001367796932,-0.122743729733203,-0.0659449201049087,-0.0944708517849221,-0.0408529592470803
exact_1_2,pc_score_binary,reviewed_merge_rate,FALSE,low,2,-0.181588010427222,-0.119502525697113,-0.0639581955480057,-0.101810849944709,-0.13647958923831
exact_1_2,pc_score_binary,reviewed_merge_rate,FALSE,low,3,-0.176518726900578,-0.120834332636314,-0.0645155084399738,-0.0642366765301871,-0.00507684949194144
exact_1_2,pc_score_binary,reviewed_merge_rate,FALSE,low,4,-0.18148670284497,-0.122869947873687,-0.0664479455028074,-0.107977450084071,0.0418859956797821
exact_1_2,pc_score_binary,reviewed_merge_rate,FALSE,low,5,-0.17995575045207,-0.121748682478518,-0.0659645960871116,-0.0769052203861772,0.00313422414757402
exact1,pc_score,pull_request_opened,FALSE,high,-5,-3.61894851549916,-1.1166527975672,2.03345062120764,-3.8203813673001,1.86055193261008
exact1,pc_score,pull_request_opened,FALSE,high,-4,-3.57063982501798,-1.15559322751467,1.35245505729431,-4.68837482996037,1.30598865223953
exact1,pc_score,pull_request_opened,FALSE,high,-3,-3.26790887456827,-1.10569414383715,1.24947960957783,-2.61272075707003,1.66091295074431
exact1,pc_score,pull_request_opened,FALSE,high,-2,-2.55485553937206,-0.604972794041986,1.41646955100162,-0.193784097169711,1.66601640485079
exact1,pc_score,pull_request_opened,FALSE,high,-1,0,0,0,0,0
exact1,pc_score,pull_request_opened,FALSE,high,0,-1.29381884597905,0.850377072417587,2.94954858227991,1.17376097917955,2.39736982776644
exact1,pc_score,pull_request_opened,FALSE,high,1,-1.96099685122606,0.00934228458548006,1.80718626803869,0.739304562246593,3.44199427212766
exact1,pc_score,pull_request_opened,FALSE,high,2,-0.843397311464059,1.32439664368595,3.50274908436838,0.342184447740743,4.85501595404271
exact1,pc_score,pull_request_opened,FALSE,high,3,-0.0979395965126588,2.33846187455999,4.67229083260941,1.97988000898448,6.84724555674984
exact1,pc_score,pull_request_opened,FALSE,high,4,0.844038339787524,3.54147634721294,5.94489626683404,3.00585192320343,7.36523026661327
exact1,pc_score,pull_request_opened,FALSE,high,5,1.44405873689632,4.58924005889357,7.67962523935415,2.32584601035587,7.76408977281707
exact1,pc_score,pull_request_opened,FALSE,low,-5,-7.27531694485264,-2.73639446345712,1.87189983947798,-5.41370797136396,2.40806848268183
exact1,pc_score,pull_request_opened,FALSE,low,-4,-7.1629481794927,-2.05716563553805,2.45830602995069,-3.50856697002164,1.5375380366587
exact1,pc_score,pull_request_opened,FALSE,low,-3,-5.61674320511236,-1.60698606029252,2.32687827430335,-4.51669829275782,0.341918027074043
exact1,pc_score,pull_request_opened,FALSE,low,-2,-5.05327148786675,-0.73358863173902,3.14580879849867,-2.02066014131402,0.454125475073356
exact1,pc_score,pull_request_opened,FALSE,low,-1,0,0,0,0,0
exact1,pc_score,pull_request_opened,FALSE,low,0,-3.13653798966262,1.14331545333934,5.27483159751982,1.31236448775533,-5.36223218845385
exact1,pc_score,pull_request_opened,FALSE,low,1,-6.79706951094158,-3.34545160598239,-0.248234764501998,-3.03077951457332,-6.89696876799083
exact1,pc_score,pull_request_opened,FALSE,low,2,-6.15013362211652,-2.67686653906793,0.40171103819961,-4.33142230454679,-6.81440874442334
exact1,pc_score,pull_request_opened,FALSE,low,3,-5.2940918334107,-1.64720102737142,1.37372356058195,-1.29066893450259,-7.4204626551612
exact1,pc_score,pull_request_opened,FALSE,low,4,-5.03207284160545,-1.03824138769935,2.22288979958826,-1.8440589959237,-7.56083678979083
exact1,pc_score,pull_request_opened,FALSE,low,5,-4.35355534074886,-0.351656263267476,3.03327672254495,-0.405114138821708,-7.0053794323008
exact2,pc_score,pull_request_opened,FALSE,high,-5,-4.97921707699186,0.580744301178131,5.96870590231504,1.27934317221023,1.80298101626557
exact2,pc_score,pull_request_opened,FALSE,high,-4,-2.77582139742941,1.28031907358264,5.51830521312434,3.86651319982788,1.14546444579239
exact2,pc_score,pull_request_opened,FALSE,high,-3,-2.74362928161248,1.11584179280349,5.37134340104235,1.44349161334124,0.759401695471876
exact2,pc_score,pull_request_opened,FALSE,high,-2,-2.88426662793305,0.763153610540817,4.2638180796422,4.6634989815106,1.96143842298088
exact2,pc_score,pull_request_opened,FALSE,high,-1,0,0,0,0,0
exact2,pc_score,pull_request_opened,FALSE,high,0,-4.27010113351752,-0.603501474679655,2.95716616210756,1.22725679092369,2.42847997852437
exact2,pc_score,pull_request_opened,FALSE,high,1,-4.50321758111508,-0.857788364187491,3.04477318947172,-0.563421175229866,3.92692919147641
exact2,pc_score,pull_request_opened,FALSE,high,2,-4.74978225066896,-0.848620453482057,3.09614624317454,-0.375188471752625,6.16561211830562
exact2,pc_score,pull_request_opened,FALSE,high,3,-5.46220168147711,-0.483461392873345,3.34910500612832,-3.25492223863262,8.93463650854964
exact2,pc_score,pull_request_opened,FALSE,high,4,-4.80872455271089,0.0716429655930609,4.43620133646747,-2.08212935869073,11.5182462646473
exact2,pc_score,pull_request_opened,FALSE,high,5,-4.05337744934911,1.00448029370051,4.87042928383816,-1.27761325153322,14.5029291914766
exact2,pc_score,pull_request_opened,FALSE,low,-5,-1.83928432087863,2.60084895395802,6.90837406486784,5.6076517547347,4.28096016437357
exact2,pc_score,pull_request_opened,FALSE,low,-4,-1.71842571758621,1.95597389864261,6.30622387303135,1.3809821257907,5.95153177333214
exact2,pc_score,pull_request_opened,FALSE,low,-3,-2.17769252686202,1.39931114298957,4.87123522323868,2.93258255650802,2.89326145108504
exact2,pc_score,pull_request_opened,FALSE,low,-2,-3.00002354856995,0.717631796885463,4.3152304415734,3.11762319359247,5.32739501384994
exact2,pc_score,pull_request_opened,FALSE,low,-1,0,0,0,0,0
exact2,pc_score,pull_request_opened,FALSE,low,0,-3.25144749253494,0.00448166292520696,3.12932787322512,0.542006548972031,-7.15570114577245
exact2,pc_score,pull_request_opened,FALSE,low,1,-1.89398541456132,1.52607167946558,4.87336880065681,3.51515783305399,-12.5841891928778
exact2,pc_score,pull_request_opened,FALSE,low,2,-1.50426169428746,1.51279881756726,4.81830832686133,3.53101068323901,-16.7592975221989
exact2,pc_score,pull_request_opened,FALSE,low,3,-1.27171201450212,2.44848813219148,5.81786596119496,6.04603457275685,-19.9327688751118
exact2,pc_score,pull_request_opened,FALSE,low,4,-0.671030125048718,3.91841774292463,7.81168907096218,9.19885830138408,-22.7605011813227
exact2,pc_score,pull_request_opened,FALSE,low,5,-1.17052132316458,4.46442958510656,9.62553926397937,9.79174487969596,-23.3362835597531
exact_1_2,pc_score,pull_request_opened,FALSE,high,-5,-3.8520488871827,0.0456962737067173,3.96781024719052,-0.378591966149094,1.82169748701131
exact_1_2,pc_score,pull_request_opened,FALSE,high,-4,-2.51235180578112,0.50266160747738,3.47748258149379,1.08529445763335,1.19765132772377
exact_1_2,pc_score,pull_request_opened,FALSE,high,-3,-2.3275364558851,0.362737340076629,3.33129816342599,0.124805287158152,1.05248560150695
exact_1_2,pc_score,pull_request_opened,FALSE,high,-2,-2.22510245560632,0.299599406372691,2.70492954740359,3.08438226045815,1.86539587387686
exact_1_2,pc_score,pull_request_opened,FALSE,high,-1,0,0,0,0,0
exact_1_2,pc_score,pull_request_opened,FALSE,high,0,-2.66512938799639,-0.127206504063576,2.22814252647048,1.20986514842251,2.41836597889525
exact_1_2,pc_score,pull_request_opened,FALSE,high,1,-2.97227624415816,-0.610044585853178,2.09415858942305,-0.139901285268384,3.76927545226426
exact_1_2,pc_score,pull_request_opened,FALSE,high,2,-2.92295591923251,-0.123493716545747,2.63738695859832,-0.141968469118979,5.73953352992385
exact_1_2,pc_score,pull_request_opened,FALSE,high,3,-2.90310484929478,0.347143740196626,3.16606958131387,-1.55307294825505,8.25601969705917
exact_1_2,pc_score,pull_request_opened,FALSE,high,4,-2.3461127536426,1.24027099012872,4.32632438891486,-0.428011987210735,10.1680888002659
exact_1_2,pc_score,pull_request_opened,FALSE,high,5,-1.36646842287886,2.10900013440502,4.95552767884859,-0.106118265157753,12.3121130841758
exact_1_2,pc_score,pull_request_opened,FALSE,low,-5,-2.47574517053841,1.03613287011199,4.44510362542153,2.45869183299223,3.74584825531879
exact_1_2,pc_score,pull_request_opened,FALSE,low,-4,-2.20712947378302,0.792119300193404,4.00942939182625,-0.0160319015842529,4.69039070571116
exact_1_2,pc_score,pull_request_opened,FALSE,low,-3,-2.28759892877728,0.508438594620826,3.58613683063059,0.804216599574926,2.1643061870819
exact_1_2,pc_score,pull_request_opened,FALSE,low,-2,-2.39606947079572,0.197080806079287,2.89162559848587,1.64954224076204,3.93503228848521
exact_1_2,pc_score,pull_request_opened,FALSE,low,-1,0,0,0,0,0
exact_1_2,pc_score,pull_request_opened,FALSE,low,0,-2.35637233472106,0.401900651906086,3.00048168716846,0.762108817195831,-6.64328144368142
exact_1_2,pc_score,pull_request_opened,FALSE,low,1,-2.3911475179106,0.0916042713914549,2.69233032579689,1.64489001944619,-10.9592690714815
exact_1_2,pc_score,pull_request_opened,FALSE,low,2,-2.03761474733199,0.35763030973932,2.89589561847744,1.28460125815735,-13.9179007285488
exact_1_2,pc_score,pull_request_opened,FALSE,low,3,-1.70861223250078,1.29729793626711,3.85914905161387,3.94983357068272,-16.3578242408402
exact_1_2,pc_score,pull_request_opened,FALSE,low,4,-0.707683141495134,2.40167483869698,5.29080985613529,6.04373907358186,-18.4177399265993
exact_1_2,pc_score,pull_request_opened,FALSE,low,5,-0.984898284850327,2.99203084923469,6.8209050016275,6.87835658869091,-18.6703109519096
exact1,pc_score,pull_request_reviewed,FALSE,high,-5,-2.33674606009277,-0.755739069229361,0.874620679058437,-3.18465936170727,1.59993741011736
exact1,pc_score,pull_request_reviewed,FALSE,high,-4,-2.07680858960664,-0.71583646360414,0.588678039823606,-3.09692116533686,1.07025499925521
exact1,pc_score,pull_request_reviewed,FALSE,high,-3,-1.78889317188508,-0.647978306489961,0.617645673262068,-1.75726122420531,1.64268667123369
exact1,pc_score,pull_request_reviewed,FALSE,high,-2,-1.48498415522179,-0.35394854689453,0.800398626316724,-0.0508426490248358,1.60636091146039
exact1,pc_score,pull_request_reviewed,FALSE,high,-1,0,0,0,0,0
exact1,pc_score,pull_request_reviewed,FALSE,high,0,-0.611071621992656,0.459403388374879,1.5709298753896,0.811041341177229,1.02046372420808
exact1,pc_score,pull_request_reviewed,FALSE,high,1,-1.42703353601983,-0.229144352430817,0.795329241648632,0.470952694474182,1.07806349736025
exact1,pc_score,pull_request_reviewed,FALSE,high,2,-0.768677836680691,0.484420300620221,1.54939919037171,0.223289770215345,2.02078814957232
exact1,pc_score,pull_request_reviewed,FALSE,high,3,-0.408884111387407,1.04963560988161,2.26522989065512,1.2023422583797,3.5294358497854
exact1,pc_score,pull_request_reviewed,FALSE,high,4,0.17256469065975,1.7529148523407,3.08042362321528,1.78115295289077,4.45467710808847
exact1,pc_score,pull_request_reviewed,FALSE,high,5,0.437644703933307,2.37689486739486,4.02006369940451,1.4969384305358,4.92328219644542
exact1,pc_score,pull_request_reviewed,FALSE,low,-5,-4.782834841841,-1.92630553937821,1.04304521950168,-4.6065871449347,1.22028095775757
exact1,pc_score,pull_request_reviewed,FALSE,low,-4,-4.48408214001035,-1.40065421706595,1.29393537989452,-2.62927307339588,0.888136120385108
exact1,pc_score,pull_request_reviewed,FALSE,low,-3,-3.4478120512292,-1.09850856939236,1.34736216643799,-2.83296980121838,0.18136041255575
exact1,pc_score,pull_request_reviewed,FALSE,low,-2,-2.89700241186954,-0.641291380366598,1.53470972403087,-1.70992836485219,-0.994630526483024
exact1,pc_score,pull_request_reviewed,FALSE,low,-1,0,0,0,0,0
exact1,pc_score,pull_request_reviewed,FALSE,low,0,-1.72764159460921,0.713792531052676,3.22561889059524,0.825555796574371,-3.92882052874437
exact1,pc_score,pull_request_reviewed,FALSE,low,1,-4.65260019317371,-2.45420283054234,-0.724587007368166,-2.6371671839581,-4.92401394104515
exact1,pc_score,pull_request_reviewed,FALSE,low,2,-4.20413337410967,-1.93046505474567,-0.120849945948574,-3.23761159675441,-4.71183247102009
exact1,pc_score,pull_request_reviewed,FALSE,low,3,-3.47489962051535,-1.30881101469043,0.441973585581174,-1.66303900217298,-5.48683615344754
exact1,pc_score,pull_request_reviewed,FALSE,low,4,-3.40047463524455,-0.98760924400623,1.05314344063368,-1.76298278642149,-5.33195325464064
exact1,pc_score,pull_request_reviewed,FALSE,low,5,-3.0699112110161,-0.597012260330355,1.43584157309649,-0.814077079701569,-4.456124708463
exact2,pc_score,pull_request_reviewed,FALSE,high,-5,-2.69732635546036,0.573160227226453,3.96781346678666,0.768460438960545,3.6677258292771
exact2,pc_score,pull_request_reviewed,FALSE,high,-4,-1.50386295319777,0.962533718297327,3.32865330190401,2.00278988301578,3.4725647720444
exact2,pc_score,pull_request_reviewed,FALSE,high,-3,-0.97181276339695,0.816775911641958,2.93128544276635,0.593721613471973,1.1922883712957
exact2,pc_score,pull_request_reviewed,FALSE,high,-2,-1.31319677392086,0.457167934775767,2.23058528992832,2.65041045400364,2.28239829171222
exact2,pc_score,pull_request_reviewed,FALSE,high,-1,0,0,0,0,0
exact2,pc_score,pull_request_reviewed,FALSE,high,0,-2.14145479056009,-0.45770679801428,1.20026226718044,0.970816315390582,1.93511095576349
exact2,pc_score,pull_request_reviewed,FALSE,high,1,-3.16923276547796,-1.34915889422405,0.3491050094344,-1.32489575669369,2.87493709052378
exact2,pc_score,pull_request_reviewed,FALSE,high,2,-3.3241538680305,-1.23282788889806,0.649760664366054,-1.07464969519509,3.54922977345061
exact2,pc_score,pull_request_reviewed,FALSE,high,3,-3.72096236057908,-1.05711044863788,1.0946160269965,-1.86763360280711,6.06986391979217
exact2,pc_score,pull_request_reviewed,FALSE,high,4,-2.99161672721278,-0.570864191683809,1.8157019770746,-2.43568313876399,8.72230294418248
exact2,pc_score,pull_request_reviewed,FALSE,high,5,-2.78233975272363,0.0831715067393746,2.42059788108155,-2.11945312415884,11.1736200173533
exact2,pc_score,pull_request_reviewed,FALSE,low,-5,-1.0324841212603,1.64220494074763,3.94139721000991,3.1067768369732,4.7934497597769
exact2,pc_score,pull_request_reviewed,FALSE,low,-4,-0.923771940721532,1.21965914955033,3.34347140306819,1.19405855148445,4.99984880951782
exact2,pc_score,pull_request_reviewed,FALSE,low,-3,-1.1517911143713,0.808673645066913,2.66995588644053,1.13893626018817,2.77997296683062
exact2,pc_score,pull_request_reviewed,FALSE,low,-2,-1.76977399642379,0.406888478694889,2.25190265722086,1.12939046777509,4.03266705618049
exact2,pc_score,pull_request_reviewed,FALSE,low,-1,0,0,0,0,0
exact2,pc_score,pull_request_reviewed,FALSE,low,0,-1.92512161681025,0.047933554418218,2.03063744571467,0.0760300751440433,-6.14367995614
exact2,pc_score,pull_request_reviewed,FALSE,low,1,-2.65935343981884,-0.623105365790691,1.24267739873273,0.343619774005759,-10.0543587263329
exact2,pc_score,pull_request_reviewed,FALSE,low,2,-2.40077886812676,-0.552727657968442,1.34773520135853,0.423200159410012,-12.5221969545466
exact2,pc_score,pull_request_reviewed,FALSE,low,3,-2.3315141259585,0.0619326849387038,1.94985394924999,1.52145106219653,-14.292394354643
exact2,pc_score,pull_request_reviewed,FALSE,low,4,-1.67212266410528,0.772772378503382,3.14247355690069,3.84083751654941,-15.3948016728904
exact2,pc_score,pull_request_reviewed,FALSE,low,5,-2.85410991873448,1.19315796564004,4.8836315041213,5.00701282825291,-15.4517588226256
exact_1_2,pc_score,pull_request_reviewed,FALSE,high,-5,-2.22030573829206,0.0978871227342612,2.51079875221693,-0.516710195824464,2.99548185761612
exact_1_2,pc_score,pull_request_reviewed,FALSE,high,-4,-1.21011103287069,0.401825923757811,2.04065250654725,0.344859130670685,2.69156694467672
exact_1_2,pc_score,pull_request_reviewed,FALSE,high,-3,-0.939236848649724,0.35026336553701,1.79516433022652,-0.170589679435456,1.3387141560492
exact_1_2,pc_score,pull_request_reviewed,FALSE,high,-2,-1.0303823718145,0.192146159667889,1.46036656432958,1.77222528882154,2.06261659195957
exact_1_2,pc_score,pull_request_reviewed,FALSE,high,-1,0,0,0,0,0
exact_1_2,pc_score,pull_request_reviewed,FALSE,high,0,-1.3393789008441,-0.170845226444218,0.974254695260799,0.918873011016693,1.63775650599856
exact_1_2,pc_score,pull_request_reviewed,FALSE,high,1,-2.27075920421162,-0.989595461866866,0.257743769096687,-0.741060251993026,2.29076830920724
exact_1_2,pc_score,pull_request_reviewed,FALSE,high,2,-2.18349891706779,-0.714029188321667,0.646349718958819,-0.65268583606989,3.05232899860952
exact_1_2,pc_score,pull_request_reviewed,FALSE,high,3,-2.19421419260432,-0.399969924414027,1.13564768405872,-0.86957560678341,5.24396343612742
exact_1_2,pc_score,pull_request_reviewed,FALSE,high,4,-1.61788863133323,0.171548794154298,1.88115866389794,-1.06477757810256,7.33488549129595
exact_1_2,pc_score,pull_request_reviewed,FALSE,high,5,-1.18882802111279,0.766102421388411,2.45637926953711,-0.943753812138777,9.14161718668776
exact_1_2,pc_score,pull_request_reviewed,FALSE,low,-5,-1.48690860747005,0.581216041729437,2.34702084454688,0.902958556428089,3.77254438777138
exact_1_2,pc_score,pull_request_reviewed,FALSE,low,-4,-1.3024108056952,0.470669413748941,2.12983281440223,0.101678087232927,3.8250737554799
exact_1_2,pc_score,pull_request_reviewed,FALSE,low,-3,-1.3738564831211,0.31544549659807,1.96811010298298,0.00410595692915405,2.0375122370378
exact_1_2,pc_score,pull_request_reviewed,FALSE,low,-2,-1.56198300475824,0.153735264640993,1.64926258338047,0.318156515595872,2.59629631827663
exact_1_2,pc_score,pull_request_reviewed,FALSE,low,-1,0,0,0,0,0
exact_1_2,pc_score,pull_request_reviewed,FALSE,low,0,-1.2768374668242,0.263973568234961,1.83241070343094,0.290180281266994,-5.51086297688411
exact_1_2,pc_score,pull_request_reviewed,FALSE,low,1,-2.62051572478412,-1.16142098825525,0.356773451532017,-0.508033642555342,-8.58854593053638
exact_1_2,pc_score,pull_request_reviewed,FALSE,low,2,-2.36005780451625,-0.936403636888118,0.589424677498151,-0.622746056636966,-10.2906642449676
exact_1_2,pc_score,pull_request_reviewed,FALSE,low,3,-2.08594707716143,-0.333256952484873,1.16291809761725,0.611596758090956,-11.7765205828728
exact_1_2,pc_score,pull_request_reviewed,FALSE,low,4,-1.55725247375241,0.263732293519051,2.0384941212967,2.23974600141487,-12.519702124819
exact_1_2,pc_score,pull_request_reviewed,FALSE,low,5,-2.06874054612736,0.70857313520264,3.32422599720607,3.34384428312306,-12.310149075722
exact1,pc_score,pull_request_merged_direct,FALSE,high,-5,-1.44314759539639,-0.254944153700777,1.15619987087949,-0.801113565307955,0.372719939925609
exact1,pc_score,pull_request_merged_direct,FALSE,high,-4,-1.54606444809553,-0.31261578060723,0.964333669112742,-1.53316089806347,0.234822322796123
exact1,pc_score,pull_request_merged_direct,FALSE,high,-3,-1.50404717385825,-0.300152430823831,0.892471988045347,-0.636305787109578,-0.00312018176266038
exact1,pc_score,pull_request_merged_direct,FALSE,high,-2,-1.29954774863611,-0.170735027904739,0.943969798972611,-0.197327446953179,0.0567038293709603
exact1,pc_score,pull_request_merged_direct,FALSE,high,-1,0,0,0,0,0
exact1,pc_score,pull_request_merged_direct,FALSE,high,0,-0.84095086129244,0.284999244019732,1.42772659424958,0.0663033523338407,1.40813580448699
exact1,pc_score,pull_request_merged_direct,FALSE,high,1,-1.63448578818539,-0.664736542201648,0.130393306622402,-0.894071522158671,2.34999303593475
exact1,pc_score,pull_request_merged_direct,FALSE,high,2,-1.23306808803497,-0.195758248986368,0.725205363899205,-0.93399363027099,2.56374162598363
exact1,pc_score,pull_request_merged_direct,FALSE,high,3,-1.01664052653869,0.144255157340331,1.1243180947228,-0.276802928619517,3.11218128007563
exact1,pc_score,pull_request_merged_direct,FALSE,high,4,-0.589413847712232,0.527323690978248,1.63911916296568,-0.0213527086291562,2.88965966082511
exact1,pc_score,pull_request_merged_direct,FALSE,high,5,-0.497423344887383,0.888674516970724,2.22437009479611,-0.458674251305364,3.01655526177762
exact1,pc_score,pull_request_merged_direct,FALSE,low,-5,-2.87486319412536,-0.599856244664601,1.25466272027567,-0.712954173662241,0.841988332145792
exact1,pc_score,pull_request_merged_direct,FALSE,low,-4,-2.6150389767408,-0.516106976339125,1.7203364927619,-1.11247494147714,0.49388945090697
exact1,pc_score,pull_request_merged_direct,FALSE,low,-3,-2.22903159196978,-0.44338587047572,1.53448234077992,-1.68390311838804,0.0290049254681884
exact1,pc_score,pull_request_merged_direct,FALSE,low,-2,-1.98815146379824,-0.126158514484649,1.46714148985157,-0.122302298820818,1.21797368982499
exact1,pc_score,pull_request_merged_direct,FALSE,low,-1,0,0,0,0,0
exact1,pc_score,pull_request_merged_direct,FALSE,low,0,-1.78439907569037,0.293983221684571,2.10496512754452,0.154520136477705,-1.53905050792207
exact1,pc_score,pull_request_merged_direct,FALSE,low,1,-4.10045486997367,-2.5222284894712,-1.35883988554105,-2.26344477287709,-1.80919815068566
exact1,pc_score,pull_request_merged_direct,FALSE,low,2,-4.03467836323255,-2.36051393033316,-1.09358178388953,-2.33134666093513,-1.94353310428713
exact1,pc_score,pull_request_merged_direct,FALSE,low,3,-3.70742060767017,-2.03019578192703,-0.892628123440826,-1.77102425025767,-1.88667642436364
exact1,pc_score,pull_request_merged_direct,FALSE,low,4,-3.49676985771388,-1.83454729171398,-0.59128024107024,-1.80587689882578,-2.06291740241644
exact1,pc_score,pull_request_merged_direct,FALSE,low,5,-3.14159490884394,-1.53820378344265,-0.341464618735006,-1.33639325444448,-2.05901402931292
exact2,pc_score,pull_request_merged_direct,FALSE,high,-5,-2.54489562950769,-0.0677036911372038,2.35531966797351,0.419239071655103,-1.71464067306968
exact2,pc_score,pull_request_merged_direct,FALSE,high,-4,-2.00707319606062,0.253969983520275,2.26410677295106,1.66131398633067,-2.12484756745008
exact2,pc_score,pull_request_merged_direct,FALSE,high,-3,-1.73455796855076,0.227512005722717,2.46462134305369,0.755474994513841,-0.356464341041277
exact2,pc_score,pull_request_merged_direct,FALSE,high,-2,-1.8227211436951,0.199002292429276,2.11363098623836,1.83415795887776,-0.334737135736807
exact2,pc_score,pull_request_merged_direct,FALSE,high,-1,0,0,0,0,0
exact2,pc_score,pull_request_merged_direct,FALSE,high,0,-2.32437183441177,-0.113544870453826,1.77077136853713,0.361037068088393,0.668397693966806
exact2,pc_score,pull_request_merged_direct,FALSE,high,1,-3.01868946797158,-1.07755159995202,0.916767668082365,-0.942900075925515,1.0227456076939
exact2,pc_score,pull_request_merged_direct,FALSE,high,2,-3.1719939491728,-1.08962916790828,0.84750822101607,-0.909551316956057,2.33357487598651
exact2,pc_score,pull_request_merged_direct,FALSE,high,3,-3.48178844787445,-1.09901702830746,0.659475918171886,-2.42039025477079,2.39098951013288
exact2,pc_score,pull_request_merged_direct,FALSE,high,4,-3.40076762307989,-1.01181369218615,0.92389887132291,-0.97003603385142,2.42489194915728
exact2,pc_score,pull_request_merged_direct,FALSE,high,5,-3.33553193399952,-0.825330720193272,1.09710002397552,-0.394800442694264,2.30445292476704
exact2,pc_score,pull_request_merged_direct,FALSE,low,-5,-1.29885895012149,0.788146124156861,2.73281837144349,2.21804217485012,-0.961451086372979
exact2,pc_score,pull_request_merged_direct,FALSE,low,-4,-1.13620199113317,0.64680363339324,2.76623370261644,0.0665101501997937,0.101924780398354
exact2,pc_score,pull_request_merged_direct,FALSE,low,-3,-1.25587198951109,0.461933433200741,2.19947388291104,1.45770620787799,-0.671759972301052
exact2,pc_score,pull_request_merged_direct,FALSE,low,-2,-1.46567097514953,0.250028714408661,2.17169661822788,1.53740265576648,0.586480221386129
exact2,pc_score,pull_request_merged_direct,FALSE,low,-1,0,0,0,0,0
exact2,pc_score,pull_request_merged_direct,FALSE,low,0,-1.49643705921596,0.0559382821609984,1.61633222104951,0.548387328735216,-0.421005852952077
exact2,pc_score,pull_request_merged_direct,FALSE,low,1,-1.55039991519859,0.0680615549694849,1.81700659084762,0.93653714242855,-1.32866222756757
exact2,pc_score,pull_request_merged_direct,FALSE,low,2,-1.54109692498257,0.0662292213205833,1.59979174942517,0.74236110792456,-2.21104065799606
exact2,pc_score,pull_request_merged_direct,FALSE,low,3,-1.42418838978477,0.337134337562488,1.97994215729757,2.18062141401905,-3.08523420638314
exact2,pc_score,pull_request_merged_direct,FALSE,low,4,-1.08682002796479,0.844108788741146,2.67065737078388,2.47812523626039,-4.14666896805864
exact2,pc_score,pull_request_merged_direct,FALSE,low,5,-1.01155787187416,1.15685687780676,2.98730817897844,2.64012185209293,-3.88826742737495
exact_1_2,pc_score,pull_request_merged_direct,FALSE,high,-5,-1.8375252647959,-0.154677136814868,1.54044415085319,0.022498913959294,-1.03603372481196
exact_1_2,pc_score,pull_request_merged_direct,FALSE,high,-4,-1.61340892800117,0.0804617420678538,1.554428797022,0.622780999223114,-1.35771208872807
exact_1_2,pc_score,pull_request_merged_direct,FALSE,high,-3,-1.45124739787183,0.0710512859777575,1.56607734869801,0.303003053163017,-0.241591136995965
exact_1_2,pc_score,pull_request_merged_direct,FALSE,high,-2,-1.34531815693369,0.0623877262692877,1.38116341944489,1.17371620142655,-0.207478550372553
exact_1_2,pc_score,pull_request_merged_direct,FALSE,high,-1,0,0,0,0,0
exact_1_2,pc_score,pull_request_merged_direct,FALSE,high,0,-1.55817229506755,-0.00330588341353107,1.34965414242167,0.265218288069423,0.908888684629746
exact_1_2,pc_score,pull_request_merged_direct,FALSE,high,1,-2.35950034314472,-0.928230674788692,0.370007620006368,-0.927025772437529,1.4542375699615
exact_1_2,pc_score,pull_request_merged_direct,FALSE,high,2,-2.21018291922002,-0.807242561383642,0.557959964516152,-0.917497583424698,2.40840274944237
exact_1_2,pc_score,pull_request_merged_direct,FALSE,high,3,-2.33959197901885,-0.715167242667297,0.642417808723242,-1.7235038400961,2.62545103204843
exact_1_2,pc_score,pull_request_merged_direct,FALSE,high,4,-2.33923247633243,-0.531087601429445,0.858624048947029,-0.661616351989038,2.57598927105752
exact_1_2,pc_score,pull_request_merged_direct,FALSE,high,5,-2.10603049467704,-0.251733001900013,1.16535379358057,-0.415566001872358,2.53595944585279
exact_1_2,pc_score,pull_request_merged_direct,FALSE,low,-5,-1.23343340655665,0.365571119024376,1.93387575051753,1.38061464670373,-0.446182681081902
exact_1_2,pc_score,pull_request_merged_direct,FALSE,low,-4,-1.12314474673849,0.328021086231673,1.85154407053372,-0.270342733136472,0.213914686257959
exact_1_2,pc_score,pull_request_merged_direct,FALSE,low,-3,-1.16038630915456,0.20788483616294,1.66940847944615,0.560103543230553,-0.471541430081269
exact_1_2,pc_score,pull_request_merged_direct,FALSE,low,-2,-1.08681065875889,0.121582535099187,1.51110926521225,1.06320124017011,0.766906926654375
exact_1_2,pc_score,pull_request_merged_direct,FALSE,low,-1,0,0,0,0,0
exact_1_2,pc_score,pull_request_merged_direct,FALSE,low,0,-1.16410547318789,0.0969843992857308,1.41512454971582,0.43585384523307,-0.740447182943505
exact_1_2,pc_score,pull_request_merged_direct,FALSE,low,1,-1.92456524356345,-0.686442342127461,0.593901543675252,0.0222565951983666,-1.46595820560131
exact_1_2,pc_score,pull_request_merged_direct,FALSE,low,2,-1.84633144212963,-0.603408351826795,0.491347040556124,-0.135841111749638,-2.13460992836494
exact_1_2,pc_score,pull_request_merged_direct,FALSE,low,3,-1.67163748583019,-0.363101632183958,0.867746737315158,1.05157979565427,-2.74278912580614
exact_1_2,pc_score,pull_request_merged_direct,FALSE,low,4,-1.21434185800436,0.0486261209393256,1.30373102720628,1.25412462623577,-3.55131137787515
exact_1_2,pc_score,pull_request_merged_direct,FALSE,low,5,-1.19465490590859,0.344474380429628,1.72007260414968,1.50397467879653,-3.36562359935723
exact1,pc_score,pull_request_merged_after_review,FALSE,high,-5,-1.92632888256182,-0.604446426883234,0.683167280474399,-2.66462150608826,1.37183981452431
exact1,pc_score,pull_request_merged_after_review,FALSE,high,-4,-1.71014387424164,-0.555852928682862,0.487323579182503,-2.41616182152912,0.719467478777343
exact1,pc_score,pull_request_merged_after_review,FALSE,high,-3,-1.47011581857511,-0.520199515995658,0.462861554133506,-1.17701937782232,1.20630138495112
exact1,pc_score,pull_request_merged_after_review,FALSE,high,-2,-1.2138315967949,-0.305176925740749,0.674428527120045,0.0541601687135157,1.363635290993
exact1,pc_score,pull_request_merged_after_review,FALSE,high,-1,0,0,0,0,0
exact1,pc_score,pull_request_merged_after_review,FALSE,high,0,-0.517289645069278,0.360595968154681,1.3123702828564,0.791447274289345,0.757111714159869
exact1,pc_score,pull_request_merged_after_review,FALSE,high,1,-1.19826082539434,-0.247286854035539,0.489162190010109,0.215037685722908,0.847407762622878
exact1,pc_score,pull_request_merged_after_review,FALSE,high,2,-0.721296753605222,0.289946406858483,1.17941246211169,0.24092702482856,1.74513930792931
exact1,pc_score,pull_request_merged_after_review,FALSE,high,3,-0.492843899037912,0.734907490013114,1.81503693210433,0.898202354878988,2.99473198871639
exact1,pc_score,pull_request_merged_after_review,FALSE,high,4,-0.116524700852482,1.30282448008951,2.41246108687166,1.4436202592764,3.75936414813487
exact1,pc_score,pull_request_merged_after_review,FALSE,high,5,0.176460927067862,1.76392052802439,3.22485584434481,0.87317830580812,4.23523831783032
exact1,pc_score,pull_request_merged_after_review,FALSE,low,-5,-3.77982859630862,-1.42784996928562,1.04643567598059,-3.54868312435549,1.06330260903498
exact1,pc_score,pull_request_merged_after_review,FALSE,low,-4,-3.68964260336758,-1.07239248129057,1.44509107711579,-2.08297887444354,0.626702470843088
exact1,pc_score,pull_request_merged_after_review,FALSE,low,-3,-2.97663399205421,-0.7930839431776,1.41671290237429,-2.28281000280849,0.0125147220115148
exact1,pc_score,pull_request_merged_after_review,FALSE,low,-2,-2.53248018734671,-0.489607201422975,1.44464393967337,-1.44412593017079,-1.21250725292581
exact1,pc_score,pull_request_merged_after_review,FALSE,low,-1,0,0,0,0,0
exact1,pc_score,pull_request_merged_after_review,FALSE,low,0,-1.68716950228399,0.529059624720951,2.67887638211307,0.970958250661881,-3.6839914364538
exact1,pc_score,pull_request_merged_after_review,FALSE,low,1,-4.57516816179832,-2.68232494010779,-1.22162188444062,-2.4603664470583,-4.29287342033701
exact1,pc_score,pull_request_merged_after_review,FALSE,low,2,-4.29383288827635,-2.35397707226488,-0.744890584723715,-3.10138252554356,-4.63033107242126
exact1,pc_score,pull_request_merged_after_review,FALSE,low,3,-3.79816712570741,-1.8746569916929,-0.390308974423259,-1.79775682849631,-5.16236819128998
exact1,pc_score,pull_request_merged_after_review,FALSE,low,4,-3.81007568825061,-1.72909628664567,-0.0634642289000182,-2.14068290577871,-5.22408567545557
exact1,pc_score,pull_request_merged_after_review,FALSE,low,5,-3.39739943655164,-1.33113540270474,0.204384850082577,-1.31054073519617,-4.66207359709353
exact2,pc_score,pull_request_merged_after_review,FALSE,high,-5,-2.50675106689275,0.352397274026061,3.23744389386286,0.354177938187372,3.21824665846639
exact2,pc_score,pull_request_merged_after_review,FALSE,high,-4,-1.37553032684365,0.709227933336148,2.66777047395464,1.50846159900999,2.92301630285481
exact2,pc_score,pull_request_merged_after_review,FALSE,high,-3,-0.948357569436855,0.627163545404965,2.39565004279946,0.360747103694185,0.937753647991376
exact2,pc_score,pull_request_merged_after_review,FALSE,high,-2,-1.14163621236925,0.410550662048839,1.82913593631192,2.12650978168523,1.87796222984019
exact2,pc_score,pull_request_merged_after_review,FALSE,high,-1,0,0,0,0,0
exact2,pc_score,pull_request_merged_after_review,FALSE,high,0,-1.87301578851719,-0.384173694671377,0.971715897220458,0.743209055976788,1.91390068182325
exact2,pc_score,pull_request_merged_after_review,FALSE,high,1,-2.867176671637,-1.28961334661142,0.10582623347259,-1.18388587860617,2.79146946377709
exact2,pc_score,pull_request_merged_after_review,FALSE,high,2,-3.02286096003985,-1.2076463423471,0.362214619299876,-0.881782447826729,3.64624995158197
exact2,pc_score,pull_request_merged_after_review,FALSE,high,3,-3.41311752980735,-1.07422448328678,0.706600236378365,-1.59853256278882,5.8386401954845
exact2,pc_score,pull_request_merged_after_review,FALSE,high,4,-2.7122501920417,-0.655193510994071,1.26139580055519,-2.26443904437557,7.91390848816749
exact2,pc_score,pull_request_merged_after_review,FALSE,high,5,-2.57856424411211,-0.171708879455451,1.85682187736983,-1.67933830990373,9.82883531743583
exact2,pc_score,pull_request_merged_after_review,FALSE,low,-5,-0.849493234641948,1.36215535812373,3.38285840610211,2.51232584211633,3.45152689996324
exact2,pc_score,pull_request_merged_after_review,FALSE,low,-4,-0.783760573234628,0.975381624829456,2.9704858145377,1.06374823864431,3.35220993727136
exact2,pc_score,pull_request_merged_after_review,FALSE,low,-3,-1.09831609958942,0.631820062002038,2.31633280115645,0.751560085951683,1.33143428444637
exact2,pc_score,pull_request_merged_after_review,FALSE,low,-2,-1.44763597173039,0.345738560147927,1.86145684435945,1.03937636216541,2.87891400523266
exact2,pc_score,pull_request_merged_after_review,FALSE,low,-1,0,0,0,0,0
exact2,pc_score,pull_request_merged_after_review,FALSE,low,0,-1.56451451390124,0.0257984250894212,1.69253821511838,-0.0150322223766945,-4.61771061194675
exact2,pc_score,pull_request_merged_after_review,FALSE,low,1,-2.52430072840053,-0.841872698061543,0.67210712533586,-0.294337638868896,-7.09542522662386
exact2,pc_score,pull_request_merged_after_review,FALSE,low,2,-2.21831708765846,-0.730582331480193,0.8662133097138,0.308000690149705,-8.77891102344622
exact2,pc_score,pull_request_merged_after_review,FALSE,low,3,-2.14257636274861,-0.215350693413671,1.35492459532946,1.0690704212234,-10.1702446777553
exact2,pc_score,pull_request_merged_after_review,FALSE,low,4,-1.7626410662662,0.421396284641892,2.46374201576521,2.18666542063634,-11.0374088568598
exact2,pc_score,pull_request_merged_after_review,FALSE,low,5,-1.98275389812688,0.937874217930982,3.52690159211227,3.24811554543633,-11.0829553181019
exact_1_2,pc_score,pull_request_merged_after_review,FALSE,high,-5,-1.97782755995004,0.0548052618367738,2.00817847596231,-0.627242457276722,2.61797447463337
exact_1_2,pc_score,pull_request_merged_after_review,FALSE,high,-4,-1.16056581727117,0.296856145154252,1.67670538225697,0.232555219493159,2.20663623247572
exact_1_2,pc_score,pull_request_merged_after_review,FALSE,high,-3,-0.858236300369756,0.24697169798401,1.52271567685947,-0.139185209226817,1.02505929087129
exact_1_2,pc_score,pull_request_merged_after_review,FALSE,high,-2,-0.885537414049036,0.176064311775045,1.22504037383544,1.45278295277673,1.71075306042073
exact_1_2,pc_score,pull_request_merged_after_review,FALSE,high,-1,0,0,0,0,0
exact_1_2,pc_score,pull_request_merged_after_review,FALSE,high,0,-1.16169507840198,-0.155234460495169,0.846679581545532,0.758891439708031,1.53782525612199
exact_1_2,pc_score,pull_request_merged_after_review,FALSE,high,1,-2.07195156897972,-0.95587768128701,0.0419411466758971,-0.729091798021817,2.15944940455411
exact_1_2,pc_score,pull_request_merged_after_review,FALSE,high,2,-1.99317999862318,-0.778137693378809,0.334417316222565,-0.516786364123981,3.02819340488008
exact_1_2,pc_score,pull_request_merged_after_review,FALSE,high,3,-1.99158009207141,-0.507850290250589,0.772663948536377,-0.786836848814511,4.91407744513602
exact_1_2,pc_score,pull_request_merged_after_review,FALSE,high,4,-1.61828657249863,-0.0283349470592814,1.34377984288806,-1.058938283106,6.56325415539968
exact_1_2,pc_score,pull_request_merged_after_review,FALSE,high,5,-1.22627683568955,0.411988638672668,1.89872826323763,-0.849507805207283,8.0103408196217
exact_1_2,pc_score,pull_request_merged_after_review,FALSE,low,-5,-1.21285699777963,0.55300536535731,2.11932472270501,0.780608994552957,2.76917710255516
exact_1_2,pc_score,pull_request_merged_after_review,FALSE,low,-4,-1.02642222931064,0.406705736629421,1.82835374194967,0.164683349190635,2.57349351829185
exact_1_2,pc_score,pull_request_merged_after_review,FALSE,low,-3,-1.13562080315442,0.265912064401551,1.58561583142707,-0.115402796551223,0.954600123750699
exact_1_2,pc_score,pull_request_merged_after_review,FALSE,low,-2,-1.25253334076258,0.110278716929118,1.37607510981664,0.329804278640781,1.70993650290167
exact_1_2,pc_score,pull_request_merged_after_review,FALSE,low,-1,0,0,0,0,0
exact_1_2,pc_score,pull_request_merged_after_review,FALSE,low,0,-1.20343682131479,0.218321409071733,1.59340557576393,0.266679341348613,-4.35093370466305
exact_1_2,pc_score,pull_request_merged_after_review,FALSE,low,1,-2.69082643815514,-1.40256405011869,-0.210780319422197,-0.913203012637296,-6.29469613911333
exact_1_2,pc_score,pull_request_merged_after_review,FALSE,low,2,-2.37942314992773,-1.21112473535135,0.082308387869288,-0.666108800048372,-7.59360246601052
exact_1_2,pc_score,pull_request_merged_after_review,FALSE,low,3,-2.24974929257223,-0.693425016874009,0.568394902158451,0.249976921303484,-8.7394228244795
exact_1_2,pc_score,pull_request_merged_after_review,FALSE,low,4,-1.87130442142677,-0.219602265890986,1.31924495531547,0.95028018451775,-9.37645937645856
exact_1_2,pc_score,pull_request_merged_after_review,FALSE,low,5,-1.91034459665247,0.234430733212645,2.23972649825598,1.94564232239848,-9.24841768352809
exact1,pc_score,pull_request_merged,FALSE,high,-5,-2.97356780004236,-0.883337267328011,1.52331709818127,-3.46573507139622,1.74455975444994
exact1,pc_score,pull_request_merged,FALSE,high,-4,-2.85286303746057,-0.943854724025759,1.11065729657582,-3.94932271959259,0.95428980157348
exact1,pc_score,pull_request_merged,FALSE,high,-3,-2.47708173651471,-0.801099591790971,1.04085076316977,-1.8133251649319,1.20318120318848
exact1,pc_score,pull_request_merged,FALSE,high,-2,-2.06837383199702,-0.488098556980961,1.09513007615193,-0.143167278239668,1.42033912036397
exact1,pc_score,pull_request_merged,FALSE,high,-1,0,0,0,0,0
exact1,pc_score,pull_request_merged,FALSE,high,0,-1.16853560437374,0.651083937685277,2.2746203372154,0.857750626623181,2.16524751864686
exact1,pc_score,pull_request_merged,FALSE,high,1,-2.57463420789202,-0.927165789466061,0.413354084832333,-0.679033836435769,3.19740079855763
exact1,pc_score,pull_request_merged,FALSE,high,2,-1.59720889870563,0.0784189131188528,1.64561627310209,-0.693066605442438,4.30888093391295
exact1,pc_score,pull_request_merged,FALSE,high,3,-0.922890314293926,0.884319663999489,2.76355521536953,0.621399426259464,6.10691326879203
exact1,pc_score,pull_request_merged,FALSE,high,4,-0.135340061554305,1.77731006950535,3.84864488563159,1.42226755064724,6.64902380895999
exact1,pc_score,pull_request_merged,FALSE,high,5,0.205353867640487,2.62167570343223,5.21969778115206,0.414504054502747,7.25179357960796
exact1,pc_score,pull_request_merged,FALSE,low,-5,-5.8230320983661,-2.11980252007309,1.80860378399019,-4.26163729801772,1.90529094118079
exact1,pc_score,pull_request_merged,FALSE,low,-4,-6.00154936356636,-1.60758635785674,2.41736888760827,-3.19545381592067,1.12059192175008
exact1,pc_score,pull_request_merged,FALSE,low,-3,-4.62818248827353,-1.2806832587369,2.15779309666091,-3.96671312119651,0.0415196474797189
exact1,pc_score,pull_request_merged,FALSE,low,-2,-4.17462147281509,-0.592979026690761,2.73575690069905,-1.5664282289916,0.00546643689920401
exact1,pc_score,pull_request_merged,FALSE,low,-1,0,0,0,0,0
exact1,pc_score,pull_request_merged,FALSE,low,0,-2.93119486728071,0.855952229297855,4.4210436410853,1.12547838713959,-5.22304194437586
exact1,pc_score,pull_request_merged,FALSE,low,1,-8.09648016027209,-5.20771105916214,-2.8331615038889,-4.72381121993539,-6.10207157102266
exact1,pc_score,pull_request_merged,FALSE,low,2,-7.69893815366035,-4.6735030246617,-2.20372496527275,-5.43272918647868,-6.57386417670837
exact1,pc_score,pull_request_merged,FALSE,low,3,-6.91715027721939,-3.9098692088253,-1.55892970533046,-3.56878107875397,-7.0490446156536
exact1,pc_score,pull_request_merged,FALSE,low,4,-6.73607639912044,-3.57470159753018,-0.883093685976214,-3.9465598046045,-7.28700307787199
exact1,pc_score,pull_request_merged,FALSE,low,5,-6.1303744660407,-2.86300161363936,-0.361486463845171,-2.64693398964064,-6.72108762640644
exact2,pc_score,pull_request_merged,FALSE,high,-5,-4.38526913793472,0.279725713256849,5.05528410053134,0.773417009842504,1.50360598539669
exact2,pc_score,pull_request_merged,FALSE,high,-4,-2.66869855398339,0.971200354241256,4.69145984395397,3.16977558534072,0.798168735404725
exact2,pc_score,pull_request_merged,FALSE,high,-3,-2.48586936393056,0.904728777390829,4.6014782732609,1.11622209820808,0.581289306950082
exact2,pc_score,pull_request_merged,FALSE,high,-2,-2.61090218971577,0.580128276029366,3.56744044530439,3.96066774056305,1.54322509410337
exact2,pc_score,pull_request_merged,FALSE,high,-1,0,0,0,0,0
exact2,pc_score,pull_request_merged,FALSE,high,0,-3.68406286411015,-0.471253794256558,2.59356415222816,1.10424612406527,2.58229837579005
exact2,pc_score,pull_request_merged,FALSE,high,1,-5.46880905726952,-2.31720597455744,0.906909572317836,-2.1267859545316,3.81421507147097
exact2,pc_score,pull_request_merged,FALSE,high,2,-5.86735841168739,-2.36870145491503,0.935174054934923,-1.7913337647827,5.97982482756846
exact2,pc_score,pull_request_merged,FALSE,high,3,-6.25285239378699,-2.20313644711012,1.12266214452754,-4.0189228175595,8.22962970561737
exact2,pc_score,pull_request_merged,FALSE,high,4,-5.91971939696925,-1.71365692804044,1.92487944009761,-3.23447507822688,10.3388004373248
exact2,pc_score,pull_request_merged,FALSE,high,5,-5.31454720433882,-0.923477433459701,2.25787678451786,-2.07413875259788,12.1332882422028
exact2,pc_score,pull_request_merged,FALSE,low,-5,-1.49313703702877,2.19382084704117,5.74001499723384,4.73036801696627,2.49007581359023
exact2,pc_score,pull_request_merged,FALSE,low,-4,-1.54805957072304,1.59892831859668,5.34620083505891,1.13025838884393,3.4541347176697
exact2,pc_score,pull_request_merged,FALSE,low,-3,-1.91932741007356,1.13155714377746,4.11654614518946,2.2092662938295,0.659674312145307
exact2,pc_score,pull_request_merged,FALSE,low,-2,-2.50703769494536,0.56044059576816,3.69820097617045,2.57677901793176,3.46539422661876
exact2,pc_score,pull_request_merged,FALSE,low,-1,0,0,0,0,0
exact2,pc_score,pull_request_merged,FALSE,low,0,-2.81288417157713,0.0488635770690908,2.85417360724821,0.533355106358383,-5.03871646489885
exact2,pc_score,pull_request_merged,FALSE,low,1,-3.68016236242523,-0.776091222429865,2.04060402708655,0.642199503559485,-8.42408745419146
exact2,pc_score,pull_request_merged,FALSE,low,2,-3.25173547482915,-0.693286311158979,2.06414892964506,1.05036179807408,-10.9899516814423
exact2,pc_score,pull_request_merged,FALSE,low,3,-3.1304008283863,0.135035055099611,2.97366039679863,3.24969183524227,-13.2554788841385
exact2,pc_score,pull_request_merged,FALSE,low,4,-2.37307967014129,1.30809616972231,4.51492623830565,4.66479065689654,-15.1840778249184
exact2,pc_score,pull_request_merged,FALSE,low,5,-2.35782925342271,1.96591174470336,6.10396291569361,5.88823739752906,-14.9712227454769
exact_1_2,pc_score,pull_request_merged,FALSE,high,-5,-3.30337098675897,-0.101848939945952,3.15951048506039,-0.604743543317411,1.58194074982141
exact_1_2,pc_score,pull_request_merged,FALSE,high,-4,-2.16504114635032,0.372031426559718,2.96292105401794,0.855336218716312,0.848924143747654
exact_1_2,pc_score,pull_request_merged,FALSE,high,-3,-2.00090321947311,0.268064820524474,2.84549490125703,0.163817843936233,0.783468153875322
exact_1_2,pc_score,pull_request_merged,FALSE,high,-2,-1.93389500648243,0.222038685641419,2.21374236571498,2.62649915420332,1.50327451004818
exact_1_2,pc_score,pull_request_merged,FALSE,high,-1,0,0,0,0,0
exact_1_2,pc_score,pull_request_merged,FALSE,high,0,-2.39771015746375,-0.0801579645835107,1.95487429213891,1.02410972777751,2.44671394075173
exact_1_2,pc_score,pull_request_merged,FALSE,high,1,-4.00751597624726,-1.90987594659907,0.307243377512364,-1.65611757045929,3.6136869745156
exact_1_2,pc_score,pull_request_merged,FALSE,high,2,-3.90454928753097,-1.5950830117591,0.784946538785619,-1.43428394754862,5.43659615432243
exact_1_2,pc_score,pull_request_merged,FALSE,high,3,-4.03396056266573,-1.22829105471575,1.00473189122204,-2.51034068891054,7.53952847718444
exact_1_2,pc_score,pull_request_merged,FALSE,high,4,-3.56641216964692,-0.509340918016853,1.98352172140983,-1.72055463509496,9.1392434264572
exact_1_2,pc_score,pull_request_merged,FALSE,high,5,-2.96010389709175,0.163417082376637,2.50694400824522,-1.26507380707957,10.5463002654745
exact_1_2,pc_score,pull_request_merged,FALSE,low,-5,-1.89373531249293,0.888789241899885,3.68600778223995,2.16122364125656,2.32299442147325
exact_1_2,pc_score,pull_request_merged,FALSE,low,-4,-1.86580289742591,0.735623434987838,3.48085525546669,-0.105659383945959,2.78740820454981
exact_1_2,pc_score,pull_request_merged,FALSE,low,-3,-1.97476979916238,0.413405325983021,3.00587998296041,0.444700746679212,0.483058693669425
exact_1_2,pc_score,pull_request_merged,FALSE,low,-2,-2.08657537407857,0.234464512583079,2.45606977982139,1.3930055188108,2.47684342955603
exact_1_2,pc_score,pull_request_merged,FALSE,low,-1,0,0,0,0,0
exact_1_2,pc_score,pull_request_merged,FALSE,low,0,-2.12068597283697,0.329859533407705,2.57697979736748,0.702533186581584,-5.09138088760657
exact_1_2,pc_score,pull_request_merged,FALSE,low,1,-4.21094642882814,-2.07597955251212,0.0828150894743768,-0.89094641743905,-7.76065434471466
exact_1_2,pc_score,pull_request_merged,FALSE,low,2,-3.97581938060012,-1.84451800980372,0.117446119250051,-0.801949911798135,-9.72821239437546
exact_1_2,pc_score,pull_request_merged,FALSE,low,3,-3.39548021498578,-1.07248207621131,1.14617447525057,1.30155671695763,-11.4822119502856
exact_1_2,pc_score,pull_request_merged,FALSE,low,4,-2.66474365967823,-0.0927525594061986,2.27252209639198,2.20440481075339,-12.9277707543337
exact_1_2,pc_score,pull_request_merged,FALSE,low,5,-2.40398173839108,0.548765279431474,3.46683819532474,3.44961700119486,-12.6140412828853
exact1,pc_score,merge_rate,FALSE,high,-5,-0.0882535388096997,0.000524712371622072,0.090542971570577,-0.0719729251035368,0.080055095670183
exact1,pc_score,merge_rate,FALSE,high,-4,-0.0819804551180594,0.00132697689580283,0.0934082521604819,-0.0331603474939253,0.0822980619413849
exact1,pc_score,merge_rate,FALSE,high,-3,-0.0955662608116262,0.00106917024961845,0.0863560630302078,0.0220322056625103,0.0489009552086458
exact1,pc_score,merge_rate,FALSE,high,-2,-0.101326082193527,0.00192669118040606,0.0807866753458899,-0.0102585194842204,0.106246453055887
exact1,pc_score,merge_rate,FALSE,high,-1,0,0,0,0,0
exact1,pc_score,merge_rate,FALSE,high,0,-0.0852400874242148,0.00140870564869807,0.0782756312971846,0.0129950352433932,0.028649929869585
exact1,pc_score,merge_rate,FALSE,high,1,-0.44131936002005,-0.346563770473284,-0.252332795113443,-0.38557835310543,-0.0596536235682213
exact1,pc_score,merge_rate,FALSE,high,2,-0.448204300656137,-0.347266134598813,-0.257536349941427,-0.330925654224869,-0.124797892237367
exact1,pc_score,merge_rate,FALSE,high,3,-0.445175036885573,-0.347948589631033,-0.256108830978332,-0.38203197436495,-0.0981778279607486
exact1,pc_score,merge_rate,FALSE,high,4,-0.448280668500492,-0.347490507090299,-0.247413976512256,-0.319084964620677,0.0172959188446698
exact1,pc_score,merge_rate,FALSE,high,5,-0.434708128829266,-0.347919627179121,-0.258424168830756,-0.36894863156773,0.00856527887040216
exact1,pc_score,merge_rate,FALSE,low,-5,-0.0814724826500961,-0.000845120441848709,0.0732171159179445,0.0179057158360165,0.0131151311208198
exact1,pc_score,merge_rate,FALSE,low,-4,-0.0857472257077256,0.00182166279342163,0.0727152735634384,0.0214143654910535,-0.00939373515610902
exact1,pc_score,merge_rate,FALSE,low,-3,-0.0768144456096076,0.00155354600249462,0.0770373195035042,-0.0542283098577784,0.0233730833064799
exact1,pc_score,merge_rate,FALSE,low,-2,-0.0821867688619074,0.000340452579176727,0.0724548285246467,-0.00223500175482462,-0.0146451353357238
exact1,pc_score,merge_rate,FALSE,low,-1,0,0,0,0,0
exact1,pc_score,merge_rate,FALSE,low,0,-0.0760626083646409,-0.00216358492976367,0.0773299522945459,0.00290209307092298,-0.125142891079476
exact1,pc_score,merge_rate,FALSE,low,1,-0.478941483479642,-0.397528742447614,-0.312927730029367,-0.319849681764996,-0.134240788420716
exact1,pc_score,merge_rate,FALSE,low,2,-0.476636709178245,-0.391908975329278,-0.312332320877393,-0.411843314389312,-0.252704503369133
exact1,pc_score,merge_rate,FALSE,low,3,-0.474965568064873,-0.398232751779853,-0.310485939679879,-0.38253966035269,-0.218807479714571
exact1,pc_score,merge_rate,FALSE,low,4,-0.477571063482521,-0.397418503898706,-0.305099231416509,-0.404434823850244,-0.224870002427586
exact1,pc_score,merge_rate,FALSE,low,5,-0.484436367785128,-0.394889940445078,-0.297751876976321,-0.385387925077338,-0.225013780587109
exact2,pc_score,merge_rate,FALSE,high,-5,-0.0515368118482389,-0.00138277655311285,0.0494606383988895,0.0308109458053118,-0.0115981279690011
exact2,pc_score,merge_rate,FALSE,high,-4,-0.0486109518890211,0.00157578013632294,0.04637759743007,0.00756835467816389,0.0409882252812603
exact2,pc_score,merge_rate,FALSE,high,-3,-0.0484530961077275,-0.00227763382105872,0.0529497918442764,0.0217617288270813,-0.00679367861157221
exact2,pc_score,merge_rate,FALSE,high,-2,-0.049112722535025,-0.00192660266387558,0.0490481263927087,0.012670356591903,-0.00500556307583946
exact2,pc_score,merge_rate,FALSE,high,-1,0,0,0,0,0
exact2,pc_score,merge_rate,FALSE,high,0,-0.0451252949067932,-0.00129592043399338,0.0446473386138205,0.0516650230087987,0.0137866964249879
exact2,pc_score,merge_rate,FALSE,high,1,-0.175594718152659,-0.132189453865087,-0.0845000367989897,-0.132784483735463,-0.0480926652260029
exact2,pc_score,merge_rate,FALSE,high,2,-0.173335416990887,-0.131997588203275,-0.0833264159480807,-0.119478094725069,-0.00698444365876718
exact2,pc_score,merge_rate,FALSE,high,3,-0.177952747885923,-0.133145801444501,-0.0797986385739662,-0.106189926233359,-0.0120493312862535
exact2,pc_score,merge_rate,FALSE,high,4,-0.178218179935073,-0.132401604294087,-0.0899693556281491,-0.120240869297402,0.0107222481495759
exact2,pc_score,merge_rate,FALSE,high,5,-0.177831242182389,-0.132660625101375,-0.0838968489628596,-0.129705722863153,-0.0630396158571636
exact2,pc_score,merge_rate,FALSE,low,-5,-0.0579043521767713,-0.00191627896235014,0.0559244568606648,0.0309803454695085,0.0443275235479468
exact2,pc_score,merge_rate,FALSE,low,-4,-0.0495088918159676,-0.00234468860487557,0.0504364040544727,0.0271849002692412,-0.0119953519393974
exact2,pc_score,merge_rate,FALSE,low,-3,-0.0449388241420211,9.21505776715829e-05,0.0485149564360042,0.0242724800704162,-0.00733382549826015
exact2,pc_score,merge_rate,FALSE,low,-2,-0.0467049823881709,-0.000982310111193141,0.0488062879107889,0.0533758524087784,0.0383688393715351
exact2,pc_score,merge_rate,FALSE,low,-1,0,0,0,0,0
exact2,pc_score,merge_rate,FALSE,low,0,-0.0457670731303469,0.000564686900262997,0.0535697636749536,0.0343267593440429,0.0408258804777763
exact2,pc_score,merge_rate,FALSE,low,1,-0.198662772764225,-0.156210754879758,-0.114380715880857,-0.128307749566082,-0.0365666712698673
exact2,pc_score,merge_rate,FALSE,low,2,-0.201458304680357,-0.158421396105293,-0.114362667953879,-0.149827285747597,-0.0096690234312617
exact2,pc_score,merge_rate,FALSE,low,3,-0.201238158782645,-0.156721238911089,-0.111074574300623,-0.160174318374835,-0.0114762099254454
exact2,pc_score,merge_rate,FALSE,low,4,-0.200286043373209,-0.156152349018247,-0.107693044471013,-0.151541699248957,0.0707270672185841
exact2,pc_score,merge_rate,FALSE,low,5,-0.203992987827071,-0.157261130190554,-0.109183443611074,-0.114412127635619,0.0360162067942952
exact_1_2,pc_score,merge_rate,FALSE,high,-5,-0.0447184737506009,-0.00118905036914556,0.0462528652282398,-0.00260438671237973,0.0181985990577295
exact_1_2,pc_score,merge_rate,FALSE,high,-4,-0.0455261006306865,-0.000820104460540711,0.0445144819029586,-0.0056726637234618,0.0544181721789963
exact_1_2,pc_score,merge_rate,FALSE,high,-3,-0.0437124868184043,-0.000761937618517562,0.0473575704211805,0.0218496616254306,0.0113128072805974
exact_1_2,pc_score,merge_rate,FALSE,high,-2,-0.044964771215263,-0.000931449524698158,0.0413468349615708,0.00521611292929497,0.0311627878476436
exact_1_2,pc_score,merge_rate,FALSE,high,-1,0,0,0,0,0
exact_1_2,pc_score,merge_rate,FALSE,high,0,-0.0395349797336979,-0.00203896159672164,0.0414724711239199,0.0390932985912389,0.0186187764337253
exact_1_2,pc_score,merge_rate,FALSE,high,1,-0.248322950397188,-0.202935528266573,-0.152730051874927,-0.214968498880432,-0.0518511660862303
exact_1_2,pc_score,merge_rate,FALSE,high,2,-0.246275332010014,-0.20145659958483,-0.157477507629499,-0.18822030542665,-0.0452859351719745
exact_1_2,pc_score,merge_rate,FALSE,high,3,-0.244914736594614,-0.202721985677921,-0.155543011650073,-0.195866970687662,-0.0400499536619124
exact_1_2,pc_score,merge_rate,FALSE,high,4,-0.24728058579736,-0.202668940929504,-0.156394782669937,-0.18488565748892,0.0128593674290509
exact_1_2,pc_score,merge_rate,FALSE,high,5,-0.244197772423224,-0.202102821328648,-0.160452545396304,-0.207484281660114,-0.0397606583119879
exact_1_2,pc_score,merge_rate,FALSE,low,-5,-0.0471875449271419,-0.000832219033709658,0.0437017291024518,0.0272447370027965,0.0354096971401962
exact_1_2,pc_score,merge_rate,FALSE,low,-4,-0.0426984400466675,-0.000217489347773328,0.0425568377327086,0.0255361760469018,-0.0112520328584578
exact_1_2,pc_score,merge_rate,FALSE,low,-3,-0.0376546089776357,0.000623827174234146,0.0416044188750075,0.00184368294807488,0.00143957701737987
exact_1_2,pc_score,merge_rate,FALSE,low,-2,-0.041078006316553,-0.000353294915941637,0.040605611577443,0.0374870369334633,0.0232219894551754
exact_1_2,pc_score,merge_rate,FALSE,low,-1,0,0,0,0,0
exact_1_2,pc_score,merge_rate,FALSE,low,0,-0.0377501762168266,-0.000531629594336325,0.0445903740794842,0.0253482832660086,-0.00659376853858155
exact_1_2,pc_score,merge_rate,FALSE,low,1,-0.26641462895974,-0.22417237539191,-0.18619153973778,-0.183034015908629,-0.0644735618843955
exact_1_2,pc_score,merge_rate,FALSE,low,2,-0.262187937150034,-0.223925124859376,-0.18719194823076,-0.224689008216659,-0.0791077319849391
exact_1_2,pc_score,merge_rate,FALSE,low,3,-0.261728767473697,-0.224909789111621,-0.186904109751358,-0.22370727322565,-0.0707137155794812
exact_1_2,pc_score,merge_rate,FALSE,low,4,-0.262649055326468,-0.22373275094792,-0.185591851370375,-0.223796877706468,-0.0137292383946073
exact_1_2,pc_score,merge_rate,FALSE,low,5,-0.26725778922983,-0.224946681184173,-0.182135108144649,-0.191833784047539,-0.0385637896003916
exact1,pc_score,review_rate,FALSE,high,-5,-0.0868536353728965,-0.000137632416203519,0.0930915203886991,-0.0468601148718172,-0.059419811592027
exact1,pc_score,review_rate,FALSE,high,-4,-0.0826470322545586,0.00119623337019985,0.0963965477138215,-0.0427223957153805,-0.0756378738176732
exact1,pc_score,review_rate,FALSE,high,-3,-0.0950554389116222,0.00256592286974666,0.0933124675242181,-0.0365255443968262,-0.011257634842041
exact1,pc_score,review_rate,FALSE,high,-2,-0.0953407803672252,0.00318672844830593,0.0877210688651994,0.0281122679977869,-0.0317467560059311
exact1,pc_score,review_rate,FALSE,high,-1,0,0,0,0,0
exact1,pc_score,review_rate,FALSE,high,0,-0.0856209789960417,0.00292126765308218,0.0946799127927991,-0.0256504754100527,-0.0249938816167702
exact1,pc_score,review_rate,FALSE,high,1,-0.327004417056355,-0.22932091860457,-0.130632699429588,-0.246018745417131,-0.222339809307856
exact1,pc_score,review_rate,FALSE,high,2,-0.336683842943281,-0.228115173310177,-0.11679422832007,-0.263327022275329,-0.112400413235438
exact1,pc_score,review_rate,FALSE,high,3,-0.33912664538192,-0.231070522452859,-0.132237349501119,-0.302143707412312,-0.14086394573898
exact1,pc_score,review_rate,FALSE,high,4,-0.341363250981267,-0.226936130789749,-0.132760171335971,-0.276820848265405,-0.120385339283791
exact1,pc_score,review_rate,FALSE,high,5,-0.328510980244017,-0.231737875556766,-0.115994467611882,-0.24420705757243,-0.116519263135613
exact1,pc_score,review_rate,FALSE,low,-5,-0.0917731606903607,-0.00418847866624225,0.0854521417057752,-0.0760230621295268,-0.11923636781964
exact1,pc_score,review_rate,FALSE,low,-4,-0.0911679729564734,0.00282783310566215,0.08136599291224,-0.0192458170130454,-0.0667647581092751
exact1,pc_score,review_rate,FALSE,low,-3,-0.085277940244472,-0.00263832820144697,0.0849608124363707,-0.0379339923085297,-0.0402013688443675
exact1,pc_score,review_rate,FALSE,low,-2,-0.0894813013922942,-0.00525476246448836,0.0773312851499045,-0.0524422289257841,-0.0851567456185737
exact1,pc_score,review_rate,FALSE,low,-1,0,0,0,0,0
exact1,pc_score,review_rate,FALSE,low,0,-0.0843845574375948,-0.00206545404742344,0.0860709389279239,-0.049270768099746,-0.0227112735595999
exact1,pc_score,review_rate,FALSE,low,1,-0.262122681576013,-0.178667629663642,-0.101388463856326,-0.228359552704868,-0.0308643143867378
exact1,pc_score,review_rate,FALSE,low,2,-0.26710285299072,-0.18010408552643,-0.0893313639305474,-0.228280274487875,0.0234787534680759
exact1,pc_score,review_rate,FALSE,low,3,-0.265761382140175,-0.180357592402406,-0.0957801437154311,-0.210013834189512,-0.113361716758056
exact1,pc_score,review_rate,FALSE,low,4,-0.267877325185915,-0.175954564893563,-0.0890686410611126,-0.162332568164287,-0.100664076450043
exact1,pc_score,review_rate,FALSE,low,5,-0.276803502858389,-0.17828094695288,-0.0796114284294853,-0.147333459267345,0.0168424877180708
exact2,pc_score,review_rate,FALSE,high,-5,-0.0577389523888552,-0.000409330144016232,0.0533972673391712,-0.0188439908121207,-0.0176822818751069
exact2,pc_score,review_rate,FALSE,high,-4,-0.0557758355884541,-0.00311419645539862,0.0522692985447315,0.0115408397696878,-0.0245668150919676
exact2,pc_score,review_rate,FALSE,high,-3,-0.0532898550877064,-0.00293870942060831,0.050377152408204,0.0120661228017227,-0.0245531908748047
exact2,pc_score,review_rate,FALSE,high,-2,-0.0519365987130433,-0.00122156392149358,0.0464395893847075,0.0296311695720561,-0.000475330567295021
exact2,pc_score,review_rate,FALSE,high,-1,0,0,0,0,0
exact2,pc_score,review_rate,FALSE,high,0,-0.0493371808954731,-0.00163777270582881,0.049227420358821,0.00497280889948411,-0.0336029195031823
exact2,pc_score,review_rate,FALSE,high,1,-0.165325734297294,-0.117906256223648,-0.0705773646985526,-0.107939026769255,-0.109102981617975
exact2,pc_score,review_rate,FALSE,high,2,-0.170945172122964,-0.116711534946031,-0.0718178049690674,-0.126151071315152,-0.108233121142101
exact2,pc_score,review_rate,FALSE,high,3,-0.17179396909507,-0.118296729803958,-0.0721093734198892,-0.094662795640086,-0.127873097054041
exact2,pc_score,review_rate,FALSE,high,4,-0.165440845176081,-0.116270907807187,-0.0709653394879743,-0.133764251352406,-0.0891241973806347
exact2,pc_score,review_rate,FALSE,high,5,-0.167471536510013,-0.117478315148557,-0.0706597131604403,-0.130111673527024,-0.112891106342332
exact2,pc_score,review_rate,FALSE,low,-5,-0.0593874715478119,-0.00040229647538924,0.0562641757451134,-0.0170554453582215,0.012347677006455
exact2,pc_score,review_rate,FALSE,low,-4,-0.0481721450230484,-0.000109882076775794,0.0556379741266861,-0.0514620098791592,0.0142126392793148
exact2,pc_score,review_rate,FALSE,low,-3,-0.0492303565832433,0.00272641241696466,0.0490292722087462,-0.00795103283213475,-0.00208187811699884
exact2,pc_score,review_rate,FALSE,low,-2,-0.0489648840873637,0.0011421125068583,0.0538452923882637,-0.0431351859763069,0.0467370413070888
exact2,pc_score,review_rate,FALSE,low,-1,0,0,0,0,0
exact2,pc_score,review_rate,FALSE,low,0,-0.0451746756714593,0.00164079458697169,0.0522220014768197,0.0187663358604012,0.00374843423647371
exact2,pc_score,review_rate,FALSE,low,1,-0.187317251812192,-0.141815344439814,-0.0965745517442398,-0.15958188088105,-0.119682285784573
exact2,pc_score,review_rate,FALSE,low,2,-0.185815487442159,-0.139627185004098,-0.0972742843418988,-0.153990010368697,-0.0412511349741686
exact2,pc_score,review_rate,FALSE,low,3,-0.190657913747011,-0.141569759960757,-0.095963126080298,-0.148699186412649,-0.0564388161877484
exact2,pc_score,review_rate,FALSE,low,4,-0.189272267529075,-0.141089032206311,-0.090936781395013,-0.168174914424077,-0.0587262523401396
exact2,pc_score,review_rate,FALSE,low,5,-0.193031316808247,-0.142156115820699,-0.0859878845518962,-0.165383759063005,-0.0811921740621668
exact_1_2,pc_score,review_rate,FALSE,high,-5,-0.0446986712060682,-0.000594380392253036,0.0515870823633663,-0.0279521134488121,-0.0312512730176447
exact_1_2,pc_score,review_rate,FALSE,high,-4,-0.0443414612963469,-0.000388606081750076,0.045590247590586,-0.00610029440035497,-0.0411701634019707
exact_1_2,pc_score,review_rate,FALSE,high,-3,-0.0488720055205448,-0.00135639074963267,0.04850124479085,-0.0037311681805216,-0.0202307673085976
exact_1_2,pc_score,review_rate,FALSE,high,-2,-0.0467709250229818,0.000203482886563943,0.0384464053195771,0.0291373702948245,-0.0106417610596911
exact_1_2,pc_score,review_rate,FALSE,high,-1,0,0,0,0,0
exact_1_2,pc_score,review_rate,FALSE,high,0,-0.0472367399146231,-0.0012184158199421,0.0441431468745013,-0.0049829090447686,-0.0308040964866121
exact_1_2,pc_score,review_rate,FALSE,high,1,-0.199199771355498,-0.153734524087336,-0.109126896060857,-0.152829141062186,-0.145916600496578
exact_1_2,pc_score,review_rate,FALSE,high,2,-0.199996522508554,-0.15295874818266,-0.106427681273175,-0.170747368129366,-0.10958791980619
exact_1_2,pc_score,review_rate,FALSE,high,3,-0.19993991643694,-0.155156516433041,-0.111487669113227,-0.162115437738875,-0.132096459383713
exact_1_2,pc_score,review_rate,FALSE,high,4,-0.200090395052551,-0.153582858682981,-0.111694032513745,-0.180272363106015,-0.0992872846660231
exact_1_2,pc_score,review_rate,FALSE,high,5,-0.201815602847472,-0.15403179248972,-0.109786030291204,-0.167204411550016,-0.114070630567308
exact_1_2,pc_score,review_rate,FALSE,low,-5,-0.0518033323335023,-0.00108878662105219,0.0444810345439804,-0.0339033358643088,-0.0252477643724294
exact_1_2,pc_score,review_rate,FALSE,low,-4,-0.0437133208570831,0.000334072627944279,0.0503836055296832,-0.0422573833459838,-0.00892375997456806
exact_1_2,pc_score,review_rate,FALSE,low,-3,-0.043155388193003,3.13495887941818e-05,0.042760487275489,-0.0165175926825333,-0.0129731611819613
exact_1_2,pc_score,review_rate,FALSE,low,-2,-0.0456464314229985,-0.000414803848720427,0.0435917205731187,-0.045794341104729,0.00905310218547093
exact_1_2,pc_score,review_rate,FALSE,low,-1,0,0,0,0,0
exact_1_2,pc_score,review_rate,FALSE,low,0,-0.0416015685671001,0.00158182819077054,0.043605952344275,-0.00067283669964081,-0.00381148227669018
exact_1_2,pc_score,review_rate,FALSE,low,1,-0.194582435054739,-0.151864745572334,-0.112483768589368,-0.179232644259284,-0.094305722528049
exact_1_2,pc_score,review_rate,FALSE,low,2,-0.195349400208928,-0.151784159400516,-0.106951525687359,-0.175215800117034,-0.0227568811335273
exact_1_2,pc_score,review_rate,FALSE,low,3,-0.194127015055077,-0.152700830206971,-0.114068521962288,-0.166217657206039,-0.072702502064979
exact_1_2,pc_score,review_rate,FALSE,low,4,-0.196050599108002,-0.150419881092676,-0.108931669097893,-0.166505672635565,-0.0707084878001119
exact_1_2,pc_score,review_rate,FALSE,low,5,-0.196195483351842,-0.152108923334059,-0.105450629343988,-0.160226530549959,-0.0531822706963846
exact1,pc_score,direct_merge_rate,FALSE,high,-5,-0.083215494582215,-0.000513110593805637,0.0800035489752482,-0.028792353869323,0.118056745410821
exact1,pc_score,direct_merge_rate,FALSE,high,-4,-0.078058092903667,-0.000813981717530392,0.0815462360305932,0.00706278755812613,0.131184330983627
exact1,pc_score,direct_merge_rate,FALSE,high,-3,-0.078396917461312,0.000702143289706537,0.0901027608835081,0.0368997536501394,0.0479029177949263
exact1,pc_score,direct_merge_rate,FALSE,high,-2,-0.0752450026467151,-0.00328352857140692,0.0775318398590466,-0.0530809712352521,0.0698758569329219
exact1,pc_score,direct_merge_rate,FALSE,high,-1,0,0,0,0,0
exact1,pc_score,direct_merge_rate,FALSE,high,0,-0.0900504249573672,-0.00307831706599124,0.0865428805475402,0.00735551762212791,0.0396341975095124
exact1,pc_score,direct_merge_rate,FALSE,high,1,-0.192316581592484,-0.12136119267919,-0.0382966681374892,-0.129349470648113,0.0951084326829465
exact1,pc_score,direct_merge_rate,FALSE,high,2,-0.207356709183618,-0.119370536205234,-0.0427436297276177,-0.115962217028307,-0.0380936198192648
exact1,pc_score,direct_merge_rate,FALSE,high,3,-0.205169723837853,-0.118217857404124,-0.0421035121443268,-0.116951647633905,0.0258077870667827
exact1,pc_score,direct_merge_rate,FALSE,high,4,-0.197675525859263,-0.117604769131674,-0.0395115352078928,-0.103417801924784,0.0652503021873394
exact1,pc_score,direct_merge_rate,FALSE,high,5,-0.2044585866662,-0.11856908901444,-0.0351143852989716,-0.176460171674824,0.0854240821235517
exact1,pc_score,direct_merge_rate,FALSE,low,-5,-0.086544257920266,0.00313999672281489,0.0901132260559841,0.0816290733233661,0.0480169675089705
exact1,pc_score,direct_merge_rate,FALSE,low,-4,-0.0797884439430771,-0.00154634812337312,0.085071714915123,0.0129941148412799,0.0618461938521823
exact1,pc_score,direct_merge_rate,FALSE,low,-3,-0.072861782411502,-0.00119548185700777,0.0784916723759759,0.0230909500076205,0.0180724249587614
exact1,pc_score,direct_merge_rate,FALSE,low,-2,-0.0834955636208582,0.00333141457436469,0.0917549264348054,0.0664927209715492,0.047468231508455
exact1,pc_score,direct_merge_rate,FALSE,low,-1,0,0,0,0,0
exact1,pc_score,direct_merge_rate,FALSE,low,0,-0.0847514704854906,0.000798310606188953,0.0789401245733383,0.0170112427563817,-0.073905343499999
exact1,pc_score,direct_merge_rate,FALSE,low,1,-0.258530614289741,-0.183018821343876,-0.0975902667918887,-0.0963139016820239,-0.117913089825045
exact1,pc_score,direct_merge_rate,FALSE,low,2,-0.25551752702766,-0.180446673397342,-0.0972800007396232,-0.144809724154229,-0.14832080633124
exact1,pc_score,direct_merge_rate,FALSE,low,3,-0.253873191839697,-0.183608393801631,-0.103538322346924,-0.162162830332632,-0.129773545860631
exact1,pc_score,direct_merge_rate,FALSE,low,4,-0.257724576753415,-0.183554273697423,-0.103043726170101,-0.161265592925461,-0.184031921952897
exact1,pc_score,direct_merge_rate,FALSE,low,5,-0.258569572720848,-0.182256513681591,-0.0954411004068966,-0.192070961967794,-0.182158410901454
exact2,pc_score,direct_merge_rate,FALSE,high,-5,-0.0491123186019616,0.000137344108226032,0.0546126998137474,0.0323116802144561,0.0281590489260312
exact2,pc_score,direct_merge_rate,FALSE,high,-4,-0.0490984910513278,0.00191805453149043,0.0518741228008534,-0.00733642704005264,0.0415200874478254
exact2,pc_score,direct_merge_rate,FALSE,high,-3,-0.048335270362336,0.00371312931803131,0.0498955784366843,-0.000334377494271507,0.0328360984650931
exact2,pc_score,direct_merge_rate,FALSE,high,-2,-0.0479308585978572,-0.000756299393677753,0.0475475171936189,-0.00840217216505883,-0.000672343546010286
exact2,pc_score,direct_merge_rate,FALSE,high,-1,0,0,0,0,0
exact2,pc_score,direct_merge_rate,FALSE,high,0,-0.0469980716416822,0.0020217467532761,0.0476949378828047,0.0286990725249568,0.0546411194898587
exact2,pc_score,direct_merge_rate,FALSE,high,1,-0.0661685328786986,-0.0188200461559404,0.0244713003852065,-0.0319197018250866,0.0791599866835741
exact2,pc_score,direct_merge_rate,FALSE,high,2,-0.0627880212831838,-0.0196693070847927,0.027124656598254,-0.0129889698133604,0.0658330858975339
exact2,pc_score,direct_merge_rate,FALSE,high,3,-0.0630509637631553,-0.0185436881427589,0.0285076406080593,-0.0239308628509315,0.0863422686010658
exact2,pc_score,direct_merge_rate,FALSE,high,4,-0.0667548216062405,-0.0176550581502411,0.0245527276645622,0.0016580841666977,0.0854738118534296
exact2,pc_score,direct_merge_rate,FALSE,high,5,-0.0666341332627723,-0.0180399881018479,0.0282328705606635,-0.0155136390496648,0.0496299009446665
exact2,pc_score,direct_merge_rate,FALSE,low,-5,-0.0500627834054752,0.000100007839989968,0.0483752470773647,0.0208887333833642,-0.0101390608301588
exact2,pc_score,direct_merge_rate,FALSE,low,-4,-0.0468942867065588,0.000142706852560498,0.0459595100222594,0.043260447354432,-0.0325277103710365
exact2,pc_score,direct_merge_rate,FALSE,low,-3,-0.0498139303624527,-0.000543820278235098,0.0468919780307096,0.00105034680526879,-0.0258220895903188
exact2,pc_score,direct_merge_rate,FALSE,low,-2,-0.0463561145022317,-0.000827793421550538,0.0419172197090808,0.027474666827576,-0.0463153842350643
exact2,pc_score,direct_merge_rate,FALSE,low,-1,0,0,0,0,0
exact2,pc_score,direct_merge_rate,FALSE,low,0,-0.0441836816925107,-0.000357879496296269,0.0464913451843117,-0.0122923635408818,0.00275703698234571
exact2,pc_score,direct_merge_rate,FALSE,low,1,-0.0579349761693437,-0.0191355628060762,0.023724026420892,0.00813969745515553,0.0554149986497056
exact2,pc_score,direct_merge_rate,FALSE,low,2,-0.0626851995452533,-0.0197781102193216,0.0217346189303631,-0.037617036758733,0.026079951875664
exact2,pc_score,direct_merge_rate,FALSE,low,3,-0.0591524891118334,-0.0181205830022493,0.0192227251718901,-0.0425996894128599,-0.00559843183102228
exact2,pc_score,direct_merge_rate,FALSE,low,4,-0.0585459527553999,-0.0193282613788292,0.0269049056587363,-0.0161101598117075,0.0408410127789508
exact2,pc_score,direct_merge_rate,FALSE,low,5,-0.0669267851095515,-0.0195473370251449,0.0303949788563877,0.0241180507299786,0.0515247041725841
exact_1_2,pc_score,direct_merge_rate,FALSE,high,-5,-0.045984882397139,0.00125128472993062,0.0419620284279416,0.0124465827139682,0.0573850490177942
exact_1_2,pc_score,direct_merge_rate,FALSE,high,-4,-0.0382827556617973,0.00206546825550091,0.0406957112161834,-0.00265520089496572,0.070670191313374
exact_1_2,pc_score,direct_merge_rate,FALSE,high,-3,-0.0402782357405031,0.00309017419022193,0.0434693390862565,0.0117705457995905,0.037734364831582
exact_1_2,pc_score,direct_merge_rate,FALSE,high,-2,-0.0397870528268904,-0.00157944346492978,0.0403321744815697,-0.0229273784471381,0.0222630796549595
exact_1_2,pc_score,direct_merge_rate,FALSE,high,-1,0,0,0,0,0
exact_1_2,pc_score,direct_merge_rate,FALSE,high,0,-0.0409409498563488,-0.000788718545610314,0.0451645088122156,0.0217602213425556,0.0497623259242317
exact_1_2,pc_score,direct_merge_rate,FALSE,high,1,-0.0917237081953975,-0.0506375465618217,-0.0127586184490515,-0.0635944003313379,0.0843448724199956
exact_1_2,pc_score,direct_merge_rate,FALSE,high,2,-0.0890088828167081,-0.0530230347144589,-0.0128830058404407,-0.046465869113693,0.0320462144916611
exact_1_2,pc_score,direct_merge_rate,FALSE,high,3,-0.0906880089170514,-0.0515204902241027,-0.0124737377776859,-0.0541721879449847,0.0666623342751054
exact_1_2,pc_score,direct_merge_rate,FALSE,high,4,-0.0879791750668101,-0.0502986432911175,-0.0126526863225741,-0.0325023890893807,0.07889909060396
exact_1_2,pc_score,direct_merge_rate,FALSE,high,5,-0.0884123276662108,-0.0506891509948361,-0.0103994619523961,-0.0678378204380912,0.0612666923567321
exact_1_2,pc_score,direct_merge_rate,FALSE,low,-5,-0.0445999106318546,0.000358443941482823,0.0483608001602197,0.0382431162233648,0.00647694726673525
exact_1_2,pc_score,direct_merge_rate,FALSE,low,-4,-0.0402688276246908,-0.000930591154854501,0.0409436494938812,0.0346129237792457,-0.00556373773583116
exact_1_2,pc_score,direct_merge_rate,FALSE,low,-3,-0.0390847215778316,-0.000393351456610114,0.0412364687909389,0.00734766200594071,-0.013280799719153
exact_1_2,pc_score,direct_merge_rate,FALSE,low,-2,-0.0381955907365707,0.000705885865904935,0.0383530075695208,0.0386226822972826,-0.0195200654512017
exact_1_2,pc_score,direct_merge_rate,FALSE,low,-1,0,0,0,0,0
exact_1_2,pc_score,direct_merge_rate,FALSE,low,0,-0.0405468847733891,0.00110984776637113,0.0387262453633007,-0.00391990459880647,-0.0191465002983242
exact_1_2,pc_score,direct_merge_rate,FALSE,low,1,-0.105544090143948,-0.0659247834508687,-0.0255449729556938,-0.02170418801261,0.00589268765691954
exact_1_2,pc_score,direct_merge_rate,FALSE,low,2,-0.102755578509642,-0.0653502632203707,-0.0271961250521855,-0.0682435188717317,-0.0237488361834515
exact_1_2,pc_score,direct_merge_rate,FALSE,low,3,-0.102515106205364,-0.0657924226815765,-0.0263849782435543,-0.076760586818509,-0.0410770358394818
exact_1_2,pc_score,direct_merge_rate,FALSE,low,4,-0.102994985198504,-0.0658005586629793,-0.0262447571412195,-0.0575831407013514,-0.0234083971444342
exact_1_2,pc_score,direct_merge_rate,FALSE,low,5,-0.105898300711559,-0.0643024429051532,-0.0223330287868948,-0.037650238612242,-0.015241900134284
exact1,pc_score,reviewed_merge_rate,FALSE,high,-5,-0.119423641324708,-0.00413118008354917,0.101668042116873,-0.0464619723718154,0.0150674029419898
exact1,pc_score,reviewed_merge_rate,FALSE,high,-4,-0.117876490592898,-0.00117790230446382,0.106349528298478,-0.0243148491010502,-0.0224705244186084
exact1,pc_score,reviewed_merge_rate,FALSE,high,-3,-0.107350783858037,-0.0010126826891822,0.09490001804078,0.0155238449471982,0.0321182797196235
exact1,pc_score,reviewed_merge_rate,FALSE,high,-2,-0.109807299833824,-0.00509774701791397,0.0916393338172664,0.00411996029813879,0.0810453021366047
exact1,pc_score,reviewed_merge_rate,FALSE,high,-1,0,0,0,0,0
exact1,pc_score,reviewed_merge_rate,FALSE,high,0,-0.110791647628076,-0.00208750890205502,0.0977225308712886,0.0437165703428292,-0.0171559187724991
exact1,pc_score,reviewed_merge_rate,FALSE,high,1,-0.296248016782629,-0.161884633714488,-0.0255585963980895,-0.186173240503259,-0.0418712408670458
exact1,pc_score,reviewed_merge_rate,FALSE,high,2,-0.293952855740996,-0.15806264544345,-0.0177639330671428,-0.128480730621342,-0.0571211111521567
exact1,pc_score,reviewed_merge_rate,FALSE,high,3,-0.305465865251969,-0.151275202810264,-0.0265196982522736,-0.128364879252982,-0.0706038428386246
exact1,pc_score,reviewed_merge_rate,FALSE,high,4,-0.296052691241103,-0.160030241509483,-0.0053838857582112,-0.0810391154820107,0.082965214354082
exact1,pc_score,reviewed_merge_rate,FALSE,high,5,-0.290465547719083,-0.159205145971631,-0.0241640538465279,-0.126751610382824,0.08530250669299
exact1,pc_score,reviewed_merge_rate,FALSE,low,-5,-0.095411490646254,-0.000104217531974318,0.0921676071161671,-0.0173768090652744,0.134554027585741
exact1,pc_score,reviewed_merge_rate,FALSE,low,-4,-0.0944223819054871,-0.00254539632792069,0.100286128447161,0.0224536903253007,0.0124505917983425
exact1,pc_score,reviewed_merge_rate,FALSE,low,-3,-0.0891337187800703,0.00236509427372608,0.0944277295221013,-0.0565058087881049,0.0580688743819348
exact1,pc_score,reviewed_merge_rate,FALSE,low,-2,-0.0990262969385112,0.00393942710961527,0.0967412619016967,-0.0420961857084704,0.0248754710940079
exact1,pc_score,reviewed_merge_rate,FALSE,low,-1,0,0,0,0,0
exact1,pc_score,reviewed_merge_rate,FALSE,low,0,-0.0953970879480076,0.00150164951390167,0.089575456672517,0.0560583092073224,-0.0539241560884411
exact1,pc_score,reviewed_merge_rate,FALSE,low,1,-0.335907832977396,-0.222067898704722,-0.106312447619056,-0.118777749387556,-0.0153525797165509
exact1,pc_score,reviewed_merge_rate,FALSE,low,2,-0.336758455863423,-0.217978796407047,-0.102745139326301,-0.248614452291845,-0.193062747833999
exact1,pc_score,reviewed_merge_rate,FALSE,low,3,-0.317250641146333,-0.220707451966266,-0.0967263962212561,-0.168096452271454,0.00762488924766874
exact1,pc_score,reviewed_merge_rate,FALSE,low,4,-0.331388051838498,-0.214735943617911,-0.102090064922812,-0.252908773878128,0.0254903694407738
exact1,pc_score,reviewed_merge_rate,FALSE,low,5,-0.342599004299946,-0.213155050876343,-0.104116640990318,-0.149056121450112,-0.127825953141674
exact2,pc_score,reviewed_merge_rate,FALSE,high,-5,-0.0616763038270405,-0.00152580012653728,0.0559550367833448,0.0179308466473226,-0.018577099636771
exact2,pc_score,reviewed_merge_rate,FALSE,high,-4,-0.0575549086408226,0.00277389908961208,0.0602115776506912,0.0251632227450193,0.0401582779538644
exact2,pc_score,reviewed_merge_rate,FALSE,high,-3,-0.0539612763143728,0.000656906330677125,0.0680567946239126,0.0331862415185577,-0.00911016916565636
exact2,pc_score,reviewed_merge_rate,FALSE,high,-2,-0.0557779978935236,0.00100985014249673,0.0591665232188102,0.0185616089840057,0.00940563645207442
exact2,pc_score,reviewed_merge_rate,FALSE,high,-1,0,0,0,0,0
exact2,pc_score,reviewed_merge_rate,FALSE,high,0,-0.0641807846456862,0.00136648358942322,0.0544672942405322,0.0382417669352342,0.0207223625232132
exact2,pc_score,reviewed_merge_rate,FALSE,high,1,-0.106859911878048,-0.0463930143805481,0.00985049674809969,-0.00570901630701568,-0.0645117615118773
exact2,pc_score,reviewed_merge_rate,FALSE,high,2,-0.104308632366699,-0.0463057592916133,0.0105398045645193,-0.00623682054463707,0.0125311462652974
exact2,pc_score,reviewed_merge_rate,FALSE,high,3,-0.114156695238289,-0.0478874822635328,0.00830306220825409,-0.0071893109876981,0.0118493035228806
exact2,pc_score,reviewed_merge_rate,FALSE,high,4,-0.112344322835128,-0.0493712624684724,0.0149308706192514,-0.0374842198520125,-0.0130206667395984
exact2,pc_score,reviewed_merge_rate,FALSE,high,5,-0.111071845842476,-0.0503191233791845,0.0173266187785023,-0.00178647779103011,-0.0150079648899416
exact2,pc_score,reviewed_merge_rate,FALSE,low,-5,-0.0704871265348321,-0.000991536970470543,0.0682471786994059,0.0304741539152125,0.0509966268922832
exact2,pc_score,reviewed_merge_rate,FALSE,low,-4,-0.0655517348213728,-0.000826506146312588,0.0702514463229749,-0.0142490333235782,0.0107395908981128
exact2,pc_score,reviewed_merge_rate,FALSE,low,-3,-0.0655357524938372,0.000603910095739495,0.0630787562522446,0.0469905410947814,0.0364083264832209
exact2,pc_score,reviewed_merge_rate,FALSE,low,-2,-0.0615356907589548,-0.000883299114157292,0.0690358871334019,0.0646473196774181,0.0771752352853954
exact2,pc_score,reviewed_merge_rate,FALSE,low,-1,0,0,0,0,0
exact2,pc_score,reviewed_merge_rate,FALSE,low,0,-0.0597198767361322,-0.00182021603337792,0.0622000766479977,0.0371024333813472,0.0509693376496814
exact2,pc_score,reviewed_merge_rate,FALSE,low,1,-0.135943182223447,-0.0775905314858932,-0.0162813995250915,-0.077951049769678,-0.016439007553791
exact2,pc_score,reviewed_merge_rate,FALSE,low,2,-0.138137841609726,-0.0758640161127288,-0.0085014858703534,-0.0369659484076346,-0.0372242852160589
exact2,pc_score,reviewed_merge_rate,FALSE,low,3,-0.132013366858265,-0.0762418720303198,-0.0186295864104054,-0.0229784284491611,0.070582831950292
exact2,pc_score,reviewed_merge_rate,FALSE,low,4,-0.134533325313948,-0.0775969392377969,-0.00826367960540915,-0.0518406954299636,0.126208946701027
exact2,pc_score,reviewed_merge_rate,FALSE,low,5,-0.14221361883468,-0.0769282381837427,-0.00409303940843856,-0.0825884313769794,0.032705294767228
exact_1_2,pc_score,reviewed_merge_rate,FALSE,high,-5,-0.0613611130552348,-0.00300843003890744,0.0566101541392929,-0.00300344430951651,-0.00763917493009569
exact_1_2,pc_score,reviewed_merge_rate,FALSE,high,-4,-0.0593781993012212,0.000605729888889785,0.0493342839858222,0.00907775905843703,0.0197974738903856
exact_1_2,pc_score,reviewed_merge_rate,FALSE,high,-3,-0.0539737140975681,-0.000306593383835754,0.0613620058556049,0.027444145513877,0.00429331833202721
exact_1_2,pc_score,reviewed_merge_rate,FALSE,high,-2,-0.0525393796215617,-0.00150738326522479,0.0545020391790128,0.0138665873947733,0.0326958981355225
exact_1_2,pc_score,reviewed_merge_rate,FALSE,high,-1,0,0,0,0,0
exact_1_2,pc_score,reviewed_merge_rate,FALSE,high,0,-0.0581116151047368,-6.38857648357161e-05,0.0523268299923072,0.040021641294082,0.00840802415958659
exact_1_2,pc_score,reviewed_merge_rate,FALSE,high,1,-0.143656039870704,-0.0834439866597386,-0.0266181061549763,-0.0643784554490041,-0.0571512630306358
exact_1_2,pc_score,reviewed_merge_rate,FALSE,high,2,-0.138369659031009,-0.0837778194165829,-0.0229388639676355,-0.0459786678535247,-0.0101130032654799
exact_1_2,pc_score,reviewed_merge_rate,FALSE,high,3,-0.150600226125826,-0.0810065170878558,-0.0269326151764468,-0.0465838372961649,-0.0149564518785964
exact_1_2,pc_score,reviewed_merge_rate,FALSE,high,4,-0.145073941666428,-0.0882164366862448,-0.0207961615912778,-0.0516440418881025,0.0181846197064953
exact_1_2,pc_score,reviewed_merge_rate,FALSE,high,5,-0.146028252696819,-0.0845293825666036,-0.0234678767892381,-0.0424130023784858,0.0176032583818757
exact_1_2,pc_score,reviewed_merge_rate,FALSE,low,-5,-0.0589642007800066,-0.00144702835231329,0.0493158294870086,0.0168024502065019,0.0748701699475567
exact_1_2,pc_score,reviewed_merge_rate,FALSE,low,-4,-0.0550119384382298,-0.00129403659829471,0.0542618548890234,-0.00376254085246996,0.0112284482981784
exact_1_2,pc_score,reviewed_merge_rate,FALSE,low,-3,-0.0562280020425676,0.000747570962872405,0.0505767133697221,0.0174201554139567,0.042597054454282
exact_1_2,pc_score,reviewed_merge_rate,FALSE,low,-2,-0.0494911618304801,0.000353338007165792,0.0514930230953992,0.03414917528145,0.0622324455164275
exact_1_2,pc_score,reviewed_merge_rate,FALSE,low,-1,0,0,0,0,0
exact_1_2,pc_score,reviewed_merge_rate,FALSE,low,0,-0.0507992851196489,0.00072184681942701,0.0493322879906199,0.0425183979030544,0.0209997680102178
exact_1_2,pc_score,reviewed_merge_rate,FALSE,low,1,-0.174638988024781,-0.11908707378216,-0.0634272688219998,-0.0896158210890716,-0.0161285996002938
exact_1_2,pc_score,reviewed_merge_rate,FALSE,low,2,-0.178110930492768,-0.114431994153037,-0.0597878227222538,-0.0974369495174091,-0.0817495602497561
exact_1_2,pc_score,reviewed_merge_rate,FALSE,low,3,-0.16657802274179,-0.115723483143151,-0.0637989448843391,-0.0644407209698161,0.0525948483209711
exact_1_2,pc_score,reviewed_merge_rate,FALSE,low,4,-0.167722794447838,-0.118792995967916,-0.057776301664993,-0.109288717843725,0.097432210340955
exact_1_2,pc_score,reviewed_merge_rate,FALSE,low,5,-0.170683017637335,-0.118103992964926,-0.059599854547885,-0.101579199969303,-0.0131607760638868
