metric,n,n_na,mean,median,sd,p10,p25,p75,p90
error_open_pct,220,0,32082.383934042824,-20.67124332570556,475171.08033365797,-83.35680751173709,-58.6489898989899,43.574655974416146,144.5454545454544
error_review_rate_pp,211,9,19.772724574436914,10.742831007424602,100.86690613265799,-26.48507393578649,-4.484946897407482,32.47254627840733,63.84005136122022
error_merge_rate_pp,203,17,-15.105107260389609,-17.5171557891663,123.20448029715087,-86.97984180873019,-48.665333502961076,9.006742231776432,49.89356555394299
