metric,n,n_na,mean,median,sd,p10,p25,p75,p90
error_open_pct,1830,15,2581.538441700527,-61.53846153846153,77643.6025152204,-100.0,-100.0,-2.2204460492503124e-14,123.39285714285734
error_review_rate_pp,1326,519,-2.3163115844514874,1.199203897821477,40.13716704783944,-60.5999218251343,-27.085696256689797,25.36021950280678,48.115241234449854
error_merge_rate_pp,1063,782,9.307457340707444,0.0,255.05726060408617,-108.68065967016491,-45.17913827714763,42.08407871198569,125.89473684210552
error_review_rate_pct,1317,528,17.568548432995865,1.7549248571610725,158.50042516916906,-100.0,-53.62318840579711,43.039525337342354,109.2930016423115
error_merge_rate_pct,1020,825,73.53321007491225,0.0,417.24552534305246,-100.0,-42.519685039370074,54.776785714285715,184.21568627450998
