metric,n,n_na,mean,median,sd,p10,p25,p75,p90
error_open_pct,266,3,7.600529300882776,-67.56661991584852,318.19324116048944,-100.0,-100.0,-9.090909090909099,112.91208791208791
error_review_rate_pp,183,86,27.820833034660094,12.041594331987039,95.62637588271939,-55.77058222018978,-22.92225458618089,49.99518082476081,99.85730086640822
error_merge_rate_pp,167,102,19.911837907774558,-6.703240975519787,294.00677310674115,-130.81379310344826,-50.67567567567568,54.11054765892729,231.7948717948718
