metric,n,n_na,mean,median,sd,p10,p25,p75,p90
error_open_pct,266,3,7.600529300882776,-67.56661991584852,318.19324116048944,-100.0,-100.0,-9.090909090909099,112.91208791208791
error_review_rate_pp,183,86,27.820833034660094,12.041594331987039,95.62637588271939,-55.77058222018978,-22.92225458618089,49.99518082476081,99.85730086640822
error_merge_rate_pp,167,102,19.911837907774558,-6.703240975519787,294.00677310674115,-130.81379310344826,-50.67567567567568,54.11054765892729,231.7948717948718
error_review_rate_pct,182,87,68.72316569075807,18.936422972757214,223.6500188165586,-100.0,-40.04484287824514,85.08332254302005,267.8906166645277
error_merge_rate_pct,165,104,106.26726642216765,-9.523809523809515,581.2239787764412,-100.0,-44.736842105263165,69.99999999999999,264.1250930752047
