metric,n,n_na,mean,median,sd,p10,p25,p75,p90
error_open_pct,362,0,71.18790220811611,-48.27586206896551,634.5781110697675,-100.0,-89.74277210884354,29.688832054560983,181.0820158102769
error_review_rate_pp,283,79,-8.950368733200031,-3.236992727725585,34.95840926663372,-58.15958565617191,-31.97413633403577,13.745431210576974,29.076317312775636
error_merge_rate_pp,242,120,-19.13576449013946,-16.66666666666667,184.11305882175498,-132.9569892473118,-65.18780647270351,19.999999999999996,94.83522067363532
