metric,n,n_na,mean,median,sd,p10,p25,p75,p90
error_open_pct,582,0,12161.357556846327,-36.13550071191267,292146.0158142133,-100.0,-73.36869951075207,25.000000000000014,150.0
error_review_rate_pp,504,78,24.7177899881483,10.290262338842016,133.12722548220012,-49.33581326518379,-11.961572824650643,32.077402093349995,71.44521002121911
error_merge_rate_pp,464,118,11.899643747028946,-16.636904761904766,567.9079318176932,-136.66256157635468,-57.18406593406593,10.508241758241756,78.89473684210522
error_review_rate_pct,498,84,42.754324179772276,12.71986689172233,178.6754480695015,-80.12007494604391,-18.953837681582957,46.34626611162689,123.24804984203318
error_merge_rate_pct,461,121,6.917931260282489,-19.915254237288135,161.5198047256902,-95.15689981096409,-53.33333333333333,9.845593337959746,78.24463118580763
