metric,n,n_na,mean,median,sd,p10,p25,p75,p90
error_open_pct,582,0,12161.357556846327,-36.13550071191267,292146.0158142133,-100.0,-73.36869951075207,25.000000000000014,150.0
error_review_rate_pp,504,78,24.7177899881483,10.290262338842016,133.12722548220012,-49.33581326518379,-11.961572824650643,32.077402093349995,71.44521002121911
error_merge_rate_pp,464,118,11.899643747028946,-16.636904761904766,567.9079318176932,-136.66256157635468,-57.18406593406593,10.508241758241756,78.89473684210522
