metric,n,n_na,mean,median,sd,p10,p25,p75,p90
error_open_pct,1330,15,3557.8800207156232,-61.53846153846153,91066.44810589265,-100.0,-99.99999999999999,-3.8461538461538494,125.57692307692386
error_review_rate_pp,994,351,25.519332217842837,7.204198436239901,160.1879548773473,-56.40163362980829,-23.69127301256139,42.19907540950154,82.64462809917354
error_merge_rate_pp,873,472,14.588130032348262,-3.3333333333333326,286.88585299675213,-121.08904575706197,-50.0,45.71428571428573,148.70098039215765
