metric,n,n_na,mean,median,sd,p10,p25,p75,p90
error_open_pct,1330,15,3557.8800207156232,-61.53846153846153,91066.44810589265,-100.0,-99.99999999999999,-3.8461538461538494,125.57692307692386
error_review_rate_pp,994,351,25.519332217842837,7.204198436239901,160.1879548773473,-56.40163362980829,-23.69127301256139,42.19907540950154,82.64462809917354
error_merge_rate_pp,873,472,14.588130032348262,-3.3333333333333326,286.88585299675213,-121.08904575706197,-50.0,45.71428571428573,148.70098039215765
error_review_rate_pct,988,357,61.98324833103264,9.253319623636859,348.06829696848047,-100.0,-43.19649010944242,73.19637950808985,198.43015159261174
error_merge_rate_pct,868,477,60.94929205708389,-3.5714285714285685,345.12524358298543,-100.0,-47.322375397667024,52.92760180995475,191.01176470588302
