metric,n,n_na,mean,median,sd,p10,p25,p75,p90
error_open_pct,366,3,18.271514249135194,-56.5126050420168,429.5436834893218,-100.0,-92.1669407894737,8.108108108108105,115.09740259740263
error_review_rate_pp,286,83,-1.0509587123282007,0.9294938089913385,41.057143404214465,-55.25134410223339,-30.053452055234484,28.60719793461658,50.40320158004761
error_merge_rate_pp,215,154,6.457928043766526,-3.703703703703698,203.61960685809123,-129.79797979797976,-50.0,38.16526610644258,100.70588235294117
