metric,n,n_na,mean,median,sd,p10,p25,p75,p90
error_open_pct,366,3,-5.466873661438454,-70.58823529411765,276.7695687467017,-100.0,-100.0,-12.084398976982095,108.98151944581144
error_review_rate_pp,245,124,-7.3084414963678626,-3.8728857224563598,42.28055718821843,-72.16019838983173,-36.609580220804276,20.833333333333332,45.14204110439782
error_merge_rate_pp,188,181,-4.519378005660535,0.0,335.69753980056527,-122.33333333333334,-66.45245352856327,39.546748932130996,154.63343108504404
error_review_rate_pct,243,126,13.926981316980807,-6.610232698747473,195.6829029137814,-100.0,-80.2864996170717,36.03415616951415,96.3890158015124
error_merge_rate_pct,182,187,61.77373520212759,-7.492668621700881,264.90042168141576,-100.0,-49.519230769230774,49.206349206349216,258.00000000000006
