metric,n,n_na,mean,median,sd,p10,p25,p75,p90
error_open_pct,582,0,8150.05529623411,-41.38608305274972,194761.66838477564,-100.0,-80.95180136319377,31.534039877851626,200.00000000000003
error_review_rate_pp,484,98,-12.722740235705125,-8.183201195333176,33.61063770233028,-61.79251059072225,-34.32730574559777,9.316352787166002,24.324868510991685
error_merge_rate_pp,421,161,-29.313301164568763,-23.4375,245.11185378289312,-141.02564102564102,-64.82517482517484,6.765498652291102,75.0
