metric,n,n_na,mean,median,sd,p10,p25,p75,p90
error_open_pct,582,0,8150.05529623411,-41.38608305274972,194761.66838477564,-100.0,-80.95180136319377,31.534039877851626,200.00000000000003
error_review_rate_pp,484,98,-12.722740235705125,-8.183201195333176,33.61063770233028,-61.79251059072225,-34.32730574559777,9.316352787166002,24.324868510991685
error_merge_rate_pp,421,161,-29.313301164568763,-23.4375,245.11185378289312,-141.02564102564102,-64.82517482517484,6.765498652291102,75.0
error_review_rate_pct,477,105,-10.743219976935134,-11.068416889737229,81.19045868710535,-100.0,-46.574711519257185,12.319209196120113,41.09911560299241
error_merge_rate_pct,417,165,0.08079733065076923,-22.900763358778633,117.31957340360229,-100.0,-50.310880829015545,5.168269230769227,93.04761904761905
