metric,n,n_na,mean,median,sd,p10,p25,p75,p90
error_open_pct,220,0,10765.327433233313,-22.78994322789945,158382.79930504397,-88.58354537743851,-69.34731934731936,36.75548589341692,218.76470588235296
error_review_rate_pp,210,10,30.486860331557658,12.75642180024864,188.7250268816599,-36.74043443764236,-7.820207157777764,33.16468766750423,63.512238147712004
error_merge_rate_pp,200,20,-27.711684244990334,-18.524951314508275,376.7942381141476,-133.93617021276594,-62.82327586206896,15.911599854686717,80.8423645320197
