metric,n,n_na,mean,median,sd,p10,p25,p75,p90
error_open_pct,100,0,-11.988692074302387,-58.33333333333333,118.50151592927635,-100.0,-99.99999999999999,32.775119617224874,105.44871794871797
error_review_rate_pp,74,26,2.1028976500488423,6.906977451252877,40.911850520824466,-54.79704994668395,-32.44917438332683,27.566240307620664,47.506175381520784
error_merge_rate_pp,60,40,20.455251341558423,15.812657317511686,83.8238294591245,-73.43552465233881,-17.420814479638,43.80952380952381,100.0
error_review_rate_pct,73,27,37.89970637793443,8.45832526617605,185.02818719100867,-100.0,-56.15466039410971,47.075235075318496,155.21520746249948
error_merge_rate_pct,48,52,162.26601156298088,35.26315789473685,543.063709714228,-100.0,-37.666847041847035,78.12500000000001,332.46153846153936
