metric,n,n_na,mean,median,sd,p10,p25,p75,p90
error_open_pct,362,0,43.32736156657352,-33.33333333333335,417.63287641216283,-100.0,-79.79166666666666,34.49812382739213,156.08108108108138
error_review_rate_pp,299,63,16.387816810444452,9.876543209876543,60.36504119657413,-39.45746799806625,-10.479170993273291,30.343409824329818,78.06974557145995
error_merge_rate_pp,278,84,5.185619574815319,-21.78782308970677,385.6752021138719,-124.31447963800903,-60.528074866310156,12.508714010428475,70.23809523809537
error_review_rate_pct,293,69,30.151975452386424,11.311835942531236,120.06427867745312,-72.58081836944109,-15.225564536527887,45.92379362417172,114.81311401618815
error_merge_rate_pct,274,88,5.9392275722979635,-22.91777188328912,177.70314863692738,-100.0,-56.81818181818182,12.007110536522301,99.27312775330401
