metric,n,n_na,mean,median,sd,p10,p25,p75,p90
error_open_pct,220,0,43.84106508379471,-26.19825708061002,444.04447804696514,-81.99701937406856,-60.0,39.841778626474806,150.6802721088435
error_review_rate_pp,211,9,-5.257605296543004,-0.12194249671818591,28.754569778029357,-41.29341751410532,-18.29490648020859,11.921721399779006,25.826866379776312
error_merge_rate_pp,190,30,-14.547283429022723,-20.69543676268448,114.30716182581665,-100.26987647389106,-53.627339761769704,5.400207900207893,67.58333333333321
error_review_rate_pct,211,9,-4.067510681839617,-0.17042854066081722,59.48969237536564,-81.34615041534249,-28.146378033295765,15.356698872992387,44.25774994085563
error_merge_rate_pct,190,30,-4.074818414037584,-20.682421809626796,77.24500595094212,-64.60624078015381,-43.363304525086825,5.422077922077915,60.398351648351635
