metric,n,n_na,mean,median,sd,p10,p25,p75,p90
error_open_pct,220,0,43.84106508379471,-26.19825708061002,444.04447804696514,-81.99701937406856,-60.0,39.841778626474806,150.6802721088435
error_review_rate_pp,211,9,-5.257605296543004,-0.12194249671818591,28.754569778029357,-41.29341751410532,-18.29490648020859,11.921721399779006,25.826866379776312
error_merge_rate_pp,190,30,-14.547283429022723,-20.69543676268448,114.30716182581665,-100.26987647389106,-53.627339761769704,5.400207900207893,67.58333333333321
