metric,n,n_na,mean,median,sd,p10,p25,p75,p90
error_open_pct,582,0,8150.05529623411,-41.38608305274972,194761.66838477564,-100.0,-80.95180136319377,31.534039877851626,200.00000000000003
error_review_rate_pp,484,98,21.40626762143247,8.50016910389957,149.675012449288,-52.313555709096896,-20.202425528159406,33.406710903371945,72.5206921333516
error_merge_rate_pp,455,127,-17.791756571754682,-18.333333333333336,174.0147932728822,-126.91746031746031,-62.977632805219,19.999999999999996,97.7777777777779
error_review_rate_pct,478,104,40.75479542731797,9.791041144412475,195.1467095128554,-75.5618011946919,-28.219981643436093,49.82884803514283,141.8298166303709
error_merge_rate_pct,451,131,11.178921739972003,-19.80150678762795,159.5434559583383,-100.0,-51.19695700725852,20.00000000000001,103.12500000000001
