metric,n,n_na,mean,median,sd,p10,p25,p75,p90
error_open_pct,220,0,32082.383934042824,-20.67124332570556,475171.08033365797,-83.35680751173709,-58.6489898989899,43.574655974416146,144.5454545454544
error_review_rate_pp,211,9,-0.37781895257432374,2.2704901013432313,27.482898201325902,-28.972721099853516,-11.727969968394468,14.047571034795759,24.328299772069084
error_merge_rate_pp,201,19,-33.41162710264463,-19.05660846022007,122.31250721532167,-93.75,-52.247376410797976,5.263157894736848,29.487179487179493
