metric,n,n_na,mean,median,sd,p10,p25,p75,p90
error_open_pct,220,0,32082.383934042824,-20.67124332570556,475171.08033365797,-83.35680751173709,-58.6489898989899,43.574655974416146,144.5454545454544
error_review_rate_pp,211,9,-0.37781895257432374,2.2704901013432313,27.482898201325902,-28.972721099853516,-11.727969968394468,14.047571034795759,24.328299772069084
error_merge_rate_pp,201,19,-33.41162710264463,-19.05660846022007,122.31250721532167,-93.75,-52.247376410797976,5.263157894736848,29.487179487179493
error_review_rate_pct,209,11,4.816608813036035,2.166142125415239,62.11611688519965,-47.008514498047234,-17.592709430170622,18.845225763676552,38.86198079033517
error_merge_rate_pct,199,21,-12.79099130335512,-18.750000000000004,61.926766796021305,-70.93875729353311,-40.03010399562123,4.8034973102942224,32.156540777230454
