repo_name,quasi_event_time,is_treated,pull_request_opened
0rpc/zerorpc-python,-12,FALSE,3
0rpc/zerorpc-python,-11,FALSE,4
0rpc/zerorpc-python,-10,FALSE,4
0rpc/zerorpc-python,-9,FALSE,2
0rpc/zerorpc-python,-8,FALSE,3
0rpc/zerorpc-python,-7,FALSE,2
0rpc/zerorpc-python,-6,FALSE,1
0rpc/zerorpc-python,-5,FALSE,2
0rpc/zerorpc-python,-4,FALSE,3
0rpc/zerorpc-python,-3,FALSE,1
0rpc/zerorpc-python,-2,FALSE,2
0rpc/zerorpc-python,-1,FALSE,0
0rpc/zerorpc-python,0,FALSE,1
0rpc/zerorpc-python,1,FALSE,0
0rpc/zerorpc-python,2,FALSE,6
0rpc/zerorpc-python,3,FALSE,0
0rpc/zerorpc-python,4,FALSE,0
0rpc/zerorpc-python,5,FALSE,1
0rpc/zerorpc-python,6,FALSE,0
0rpc/zerorpc-python,7,FALSE,0
0rpc/zerorpc-python,8,FALSE,0
0xproject/0x-monorepo,-6,FALSE,9
0xproject/0x-monorepo,-5,FALSE,155
0xproject/0x-monorepo,-4,FALSE,379
0xproject/0x-monorepo,-3,FALSE,485
0xproject/0x-monorepo,-2,FALSE,311
0xproject/0x-monorepo,-1,FALSE,396
0xproject/0x-monorepo,0,FALSE,173
0xproject/0x-monorepo,1,FALSE,113
0xproject/0x-monorepo,2,FALSE,3
0xproject/0x-monorepo,3,FALSE,0
0xproject/0x-monorepo,4,FALSE,0
0xproject/0x-monorepo,5,FALSE,0
0xproject/0x-monorepo,6,FALSE,0
0xproject/0x-monorepo,7,FALSE,0
0xproject/0x-monorepo,8,FALSE,0
0xproject/0x-monorepo,9,FALSE,0
0xproject/0x-monorepo,10,FALSE,0
8080labs/ppscore,-5,FALSE,0
8080labs/ppscore,-4,FALSE,0
8080labs/ppscore,-3,FALSE,4
8080labs/ppscore,-2,FALSE,2
8080labs/ppscore,-1,FALSE,1
8080labs/ppscore,0,FALSE,4
8080labs/ppscore,1,FALSE,0
8080labs/ppscore,2,FALSE,2
8080labs/ppscore,3,FALSE,0
8080labs/ppscore,4,FALSE,0
8080labs/ppscore,5,FALSE,1
8080labs/ppscore,6,FALSE,0
8080labs/ppscore,7,FALSE,1
aboutcode-org/scancode-toolkit,-10,FALSE,27
aboutcode-org/scancode-toolkit,-9,FALSE,35
aboutcode-org/scancode-toolkit,-8,FALSE,47
aboutcode-org/scancode-toolkit,-7,FALSE,86
aboutcode-org/scancode-toolkit,-6,FALSE,67
aboutcode-org/scancode-toolkit,-5,FALSE,85
aboutcode-org/scancode-toolkit,-4,FALSE,87
aboutcode-org/scancode-toolkit,-3,FALSE,127
aboutcode-org/scancode-toolkit,-2,FALSE,103
aboutcode-org/scancode-toolkit,-1,FALSE,62
aboutcode-org/scancode-toolkit,0,FALSE,83
aboutcode-org/scancode-toolkit,1,FALSE,80
aboutcode-org/scancode-toolkit,2,FALSE,49
aboutcode-org/scancode-toolkit,3,FALSE,69
aboutcode-org/scancode-toolkit,4,FALSE,51
aboutcode-org/scancode-toolkit,5,FALSE,61
aboutcode-org/scancode-toolkit,6,FALSE,42
aboutcode-org/scancode-toolkit,7,FALSE,42
aboutcode-org/scancode-toolkit,8,FALSE,58
aboutcode-org/scancode-toolkit,9,FALSE,67
abseil/abseil-py,-8,FALSE,25
abseil/abseil-py,-7,FALSE,22
abseil/abseil-py,-6,FALSE,14
abseil/abseil-py,-5,FALSE,7
abseil/abseil-py,-4,FALSE,6
abseil/abseil-py,-3,FALSE,2
abseil/abseil-py,-2,FALSE,6
abseil/abseil-py,-1,FALSE,1
abseil/abseil-py,0,FALSE,5
abseil/abseil-py,1,FALSE,5
abseil/abseil-py,2,FALSE,8
abseil/abseil-py,3,FALSE,11
abseil/abseil-py,4,FALSE,0
abseil/abseil-py,5,FALSE,0
abseil/abseil-py,6,FALSE,0
abseil/abseil-py,7,FALSE,0
adamalton/django-csp-reports,-14,FALSE,4
adamalton/django-csp-reports,-13,FALSE,2
adamalton/django-csp-reports,-12,FALSE,1
adamalton/django-csp-reports,-11,FALSE,1
adamalton/django-csp-reports,-10,FALSE,1
adamalton/django-csp-reports,-9,FALSE,8
adamalton/django-csp-reports,-8,FALSE,5
adamalton/django-csp-reports,-7,FALSE,0
adamalton/django-csp-reports,-6,FALSE,1
adamalton/django-csp-reports,-5,FALSE,1
adamalton/django-csp-reports,-4,FALSE,2
adamalton/django-csp-reports,-3,FALSE,0
adamalton/django-csp-reports,-2,FALSE,2
adamalton/django-csp-reports,-1,FALSE,0
adamalton/django-csp-reports,0,FALSE,4
adamalton/django-csp-reports,1,FALSE,0
adamalton/django-csp-reports,2,FALSE,0
adamalton/django-csp-reports,3,FALSE,1
adamalton/django-csp-reports,4,FALSE,0
adamalton/django-csp-reports,5,FALSE,3
adamalton/django-csp-reports,6,FALSE,0
adamchainz/django-mysql,-12,FALSE,63
adamchainz/django-mysql,-11,FALSE,42
adamchainz/django-mysql,-10,FALSE,70
adamchainz/django-mysql,-9,FALSE,24
adamchainz/django-mysql,-8,FALSE,20
adamchainz/django-mysql,-7,FALSE,37
adamchainz/django-mysql,-6,FALSE,45
adamchainz/django-mysql,-5,FALSE,22
adamchainz/django-mysql,-4,FALSE,34
adamchainz/django-mysql,-3,FALSE,30
adamchainz/django-mysql,-2,FALSE,60
adamchainz/django-mysql,-1,FALSE,53
adamchainz/django-mysql,0,FALSE,27
adamchainz/django-mysql,1,FALSE,57
adamchainz/django-mysql,2,FALSE,37
adamchainz/django-mysql,3,FALSE,35
adamchainz/django-mysql,4,FALSE,22
adamchainz/django-mysql,5,FALSE,11
adamchainz/django-mysql,6,FALSE,15
adamchainz/django-mysql,7,FALSE,16
adamchainz/django-mysql,8,FALSE,16
addisonlynch/iexfinance,-6,FALSE,4
addisonlynch/iexfinance,-5,FALSE,21
addisonlynch/iexfinance,-4,FALSE,11
addisonlynch/iexfinance,-3,FALSE,29
addisonlynch/iexfinance,-2,FALSE,13
addisonlynch/iexfinance,-1,FALSE,4
addisonlynch/iexfinance,0,FALSE,14
addisonlynch/iexfinance,1,FALSE,1
addisonlynch/iexfinance,2,FALSE,0
addisonlynch/iexfinance,3,FALSE,2
addisonlynch/iexfinance,4,FALSE,0
addisonlynch/iexfinance,5,FALSE,0
addisonlynch/iexfinance,6,FALSE,0
addisonlynch/iexfinance,7,FALSE,0
addisonlynch/iexfinance,8,FALSE,0
addisonlynch/iexfinance,9,FALSE,0
afonasev/flake8-return,-7,TRUE,0
afonasev/flake8-return,-6,TRUE,1
afonasev/flake8-return,-5,TRUE,0
afonasev/flake8-return,-4,TRUE,2
afonasev/flake8-return,-3,TRUE,3
afonasev/flake8-return,-2,TRUE,2
afonasev/flake8-return,-1,TRUE,0
afonasev/flake8-return,0,TRUE,8
afonasev/flake8-return,1,TRUE,0
afonasev/flake8-return,2,TRUE,1
afonasev/flake8-return,3,TRUE,1
afonasev/flake8-return,4,TRUE,0
afonasev/flake8-return,5,TRUE,0
agronholm/sqlacodegen,-9,FALSE,6
agronholm/sqlacodegen,-8,FALSE,1
agronholm/sqlacodegen,-7,FALSE,1
agronholm/sqlacodegen,-6,FALSE,6
agronholm/sqlacodegen,-5,FALSE,2
agronholm/sqlacodegen,-4,FALSE,4
agronholm/sqlacodegen,-3,FALSE,4
agronholm/sqlacodegen,-2,FALSE,3
agronholm/sqlacodegen,-1,FALSE,5
agronholm/sqlacodegen,0,FALSE,2
agronholm/sqlacodegen,1,FALSE,13
agronholm/sqlacodegen,2,FALSE,2
agronholm/sqlacodegen,3,FALSE,3
agronholm/sqlacodegen,4,FALSE,8
agronholm/sqlacodegen,5,FALSE,3
agronholm/sqlacodegen,6,FALSE,6
agronholm/sqlacodegen,7,FALSE,12
ahopkins/sanic-jwt,-7,FALSE,8
ahopkins/sanic-jwt,-6,FALSE,27
ahopkins/sanic-jwt,-5,FALSE,10
ahopkins/sanic-jwt,-4,FALSE,13
ahopkins/sanic-jwt,-3,FALSE,2
ahopkins/sanic-jwt,-2,FALSE,6
ahopkins/sanic-jwt,-1,FALSE,2
ahopkins/sanic-jwt,0,FALSE,3
ahopkins/sanic-jwt,1,FALSE,1
ahopkins/sanic-jwt,2,FALSE,2
ahopkins/sanic-jwt,3,FALSE,3
ahopkins/sanic-jwt,4,FALSE,0
ahopkins/sanic-jwt,5,FALSE,0
ahopkins/sanic-jwt,6,FALSE,2
ahopkins/sanic-jwt,7,FALSE,0
ahopkins/sanic-jwt,8,FALSE,0
aiguofer/gspread-pandas,-12,FALSE,0
aiguofer/gspread-pandas,-11,FALSE,0
aiguofer/gspread-pandas,-10,FALSE,0
aiguofer/gspread-pandas,-9,FALSE,3
aiguofer/gspread-pandas,-8,FALSE,0
aiguofer/gspread-pandas,-7,FALSE,1
aiguofer/gspread-pandas,-6,FALSE,3
aiguofer/gspread-pandas,-5,FALSE,2
aiguofer/gspread-pandas,-4,FALSE,1
aiguofer/gspread-pandas,-3,FALSE,3
aiguofer/gspread-pandas,-2,FALSE,1
aiguofer/gspread-pandas,-1,FALSE,2
aiguofer/gspread-pandas,0,FALSE,1
aiguofer/gspread-pandas,1,FALSE,0
aiguofer/gspread-pandas,2,FALSE,0
aiguofer/gspread-pandas,3,FALSE,1
aiguofer/gspread-pandas,4,FALSE,0
aiguofer/gspread-pandas,5,FALSE,1
aio-libs/aioftp,-12,FALSE,12
aio-libs/aioftp,-11,FALSE,4
aio-libs/aioftp,-10,FALSE,0
aio-libs/aioftp,-9,FALSE,6
aio-libs/aioftp,-8,FALSE,3
aio-libs/aioftp,-7,FALSE,3
aio-libs/aioftp,-6,FALSE,5
aio-libs/aioftp,-5,FALSE,3
aio-libs/aioftp,-4,FALSE,3
aio-libs/aioftp,-3,FALSE,5
aio-libs/aioftp,-2,FALSE,8
aio-libs/aioftp,-1,FALSE,1
aio-libs/aioftp,0,FALSE,0
aio-libs/aioftp,1,FALSE,2
aio-libs/aioftp,2,FALSE,0
aio-libs/aioftp,3,FALSE,1
aio-libs/aioftp,4,FALSE,2
aio-libs/aioftp,5,FALSE,3
aio-libs/aioftp,6,FALSE,0
aio-libs/aioftp,7,FALSE,7
aio-libs/sockjs,-11,TRUE,0
aio-libs/sockjs,-10,TRUE,6
aio-libs/sockjs,-9,TRUE,1
aio-libs/sockjs,-8,TRUE,4
aio-libs/sockjs,-7,TRUE,5
aio-libs/sockjs,-6,TRUE,4
aio-libs/sockjs,-5,TRUE,10
aio-libs/sockjs,-4,TRUE,2
aio-libs/sockjs,-3,TRUE,1
aio-libs/sockjs,-2,TRUE,1
aio-libs/sockjs,-1,TRUE,2
aio-libs/sockjs,0,TRUE,9
aio-libs/sockjs,1,TRUE,1
aio-libs/sockjs,2,TRUE,0
aio-libs/sockjs,3,TRUE,2
aio-libs/sockjs,4,TRUE,0
aio-libs/sockjs,5,TRUE,1
aio-libs/sockjs,6,TRUE,0
aio-libs/sockjs,7,TRUE,0
aio-libs/sockjs,8,TRUE,0
aio-libs/sockjs,9,TRUE,0
aiortc/aiortc,-8,FALSE,0
aiortc/aiortc,-7,FALSE,10
aiortc/aiortc,-6,FALSE,8
aiortc/aiortc,-5,FALSE,47
aiortc/aiortc,-4,FALSE,11
aiortc/aiortc,-3,FALSE,22
aiortc/aiortc,-2,FALSE,12
aiortc/aiortc,-1,FALSE,35
aiortc/aiortc,0,FALSE,8
aiortc/aiortc,1,FALSE,19
aiortc/aiortc,2,FALSE,15
aiortc/aiortc,3,FALSE,26
aiortc/aiortc,4,FALSE,7
aiortc/aiortc,5,FALSE,56
aiortc/pylibsrtp,-7,FALSE,0
aiortc/pylibsrtp,-6,FALSE,0
aiortc/pylibsrtp,-5,FALSE,0
aiortc/pylibsrtp,-4,FALSE,6
aiortc/pylibsrtp,-3,FALSE,1
aiortc/pylibsrtp,-2,FALSE,2
aiortc/pylibsrtp,-1,FALSE,2
aiortc/pylibsrtp,0,FALSE,1
aiortc/pylibsrtp,1,FALSE,1
aiortc/pylibsrtp,2,FALSE,3
aiortc/pylibsrtp,3,FALSE,5
aiortc/pylibsrtp,4,FALSE,4
aiortc/pylibsrtp,5,FALSE,0
aiortc/pylibsrtp,6,FALSE,14
aiven/aiven-client,-9,FALSE,10
aiven/aiven-client,-8,FALSE,7
aiven/aiven-client,-7,FALSE,9
aiven/aiven-client,-6,FALSE,11
aiven/aiven-client,-5,FALSE,16
aiven/aiven-client,-4,FALSE,10
aiven/aiven-client,-3,FALSE,25
aiven/aiven-client,-2,FALSE,17
aiven/aiven-client,-1,FALSE,10
aiven/aiven-client,0,FALSE,29
aiven/aiven-client,1,FALSE,34
aiven/aiven-client,2,FALSE,25
aiven/aiven-client,3,FALSE,34
aiven/aiven-client,4,FALSE,16
aiven/aiven-client,5,FALSE,24
aiven/aiven-client,6,FALSE,27
aiven/aiven-client,7,FALSE,7
aiven/aiven-client,8,FALSE,7
aiven/aiven-client,9,FALSE,17
alanhamlett/pip-update-requirements,-12,FALSE,1
alanhamlett/pip-update-requirements,-11,FALSE,0
alanhamlett/pip-update-requirements,-10,FALSE,0
alanhamlett/pip-update-requirements,-9,FALSE,0
alanhamlett/pip-update-requirements,-8,FALSE,0
alanhamlett/pip-update-requirements,-7,FALSE,0
alanhamlett/pip-update-requirements,-6,FALSE,0
alanhamlett/pip-update-requirements,-5,FALSE,1
alanhamlett/pip-update-requirements,-4,FALSE,0
alanhamlett/pip-update-requirements,-3,FALSE,0
alanhamlett/pip-update-requirements,-2,FALSE,2
alanhamlett/pip-update-requirements,-1,FALSE,1
alanhamlett/pip-update-requirements,0,FALSE,1
alanhamlett/pip-update-requirements,1,FALSE,0
alanhamlett/pip-update-requirements,2,FALSE,1
alanhamlett/pip-update-requirements,3,FALSE,2
alanhamlett/pip-update-requirements,4,FALSE,0
alanhamlett/pip-update-requirements,5,FALSE,1
alanhamlett/pip-update-requirements,6,FALSE,0
alecthomas/voluptuous,-12,TRUE,7
alecthomas/voluptuous,-11,TRUE,9
alecthomas/voluptuous,-10,TRUE,24
alecthomas/voluptuous,-9,TRUE,33
alecthomas/voluptuous,-8,TRUE,17
alecthomas/voluptuous,-7,TRUE,9
alecthomas/voluptuous,-6,TRUE,14
alecthomas/voluptuous,-5,TRUE,11
alecthomas/voluptuous,-4,TRUE,6
alecthomas/voluptuous,-3,TRUE,5
alecthomas/voluptuous,-2,TRUE,3
alecthomas/voluptuous,-1,TRUE,14
alecthomas/voluptuous,0,TRUE,2
alecthomas/voluptuous,1,TRUE,2
alecthomas/voluptuous,2,TRUE,16
alecthomas/voluptuous,3,TRUE,2
alecthomas/voluptuous,4,TRUE,7
alecthomas/voluptuous,5,TRUE,12
alecthomas/voluptuous,6,TRUE,15
alecthomas/voluptuous,7,TRUE,2
alecthomas/voluptuous,8,TRUE,1
alerta/alerta,-15,FALSE,18
alerta/alerta,-14,FALSE,25
alerta/alerta,-13,FALSE,59
alerta/alerta,-12,FALSE,55
alerta/alerta,-11,FALSE,22
alerta/alerta,-10,FALSE,57
alerta/alerta,-9,FALSE,67
alerta/alerta,-8,FALSE,144
alerta/alerta,-7,FALSE,143
alerta/alerta,-6,FALSE,47
alerta/alerta,-5,FALSE,76
alerta/alerta,-4,FALSE,58
alerta/alerta,-3,FALSE,34
alerta/alerta,-2,FALSE,26
alerta/alerta,-1,FALSE,11
alerta/alerta,0,FALSE,9
alerta/alerta,1,FALSE,20
alerta/alerta,2,FALSE,12
alerta/alerta,3,FALSE,3
alerta/alerta,4,FALSE,3
alerta/alerta,5,FALSE,1
alessandromaggio/pythonping,-5,FALSE,3
alessandromaggio/pythonping,-4,FALSE,0
alessandromaggio/pythonping,-3,FALSE,6
alessandromaggio/pythonping,-2,FALSE,4
alessandromaggio/pythonping,-1,FALSE,1
alessandromaggio/pythonping,0,FALSE,17
alessandromaggio/pythonping,1,FALSE,7
alessandromaggio/pythonping,2,FALSE,0
alessandromaggio/pythonping,3,FALSE,2
alessandromaggio/pythonping,4,FALSE,9
alessandromaggio/pythonping,5,FALSE,3
alessandromaggio/pythonping,6,FALSE,3
alessandromaggio/pythonping,7,FALSE,1
alessandromaggio/pythonping,8,FALSE,2
alessandromaggio/pythonping,9,FALSE,0
alisaifee/flask-limiter,-10,TRUE,5
alisaifee/flask-limiter,-9,TRUE,7
alisaifee/flask-limiter,-8,TRUE,6
alisaifee/flask-limiter,-7,TRUE,1
alisaifee/flask-limiter,-6,TRUE,2
alisaifee/flask-limiter,-5,TRUE,5
alisaifee/flask-limiter,-4,TRUE,3
alisaifee/flask-limiter,-3,TRUE,4
alisaifee/flask-limiter,-2,TRUE,1
alisaifee/flask-limiter,-1,TRUE,3
alisaifee/flask-limiter,0,TRUE,10
alisaifee/flask-limiter,1,TRUE,3
alisaifee/flask-limiter,2,TRUE,0
alisaifee/flask-limiter,3,TRUE,4
alisaifee/flask-limiter,4,TRUE,4
alisaifee/flask-limiter,5,TRUE,8
alisaifee/flask-limiter,6,TRUE,3
alisaifee/flask-limiter,7,TRUE,2
alisaifee/flask-limiter,8,TRUE,3
alisaifee/flask-limiter,9,TRUE,1
alisaifee/flask-limiter,10,TRUE,2
alpacahq/alpaca-backtrader-api,-5,TRUE,5
alpacahq/alpaca-backtrader-api,-4,TRUE,3
alpacahq/alpaca-backtrader-api,-3,TRUE,4
alpacahq/alpaca-backtrader-api,-2,TRUE,24
alpacahq/alpaca-backtrader-api,-1,TRUE,12
alpacahq/alpaca-backtrader-api,0,TRUE,3
alpacahq/alpaca-backtrader-api,1,TRUE,4
alpacahq/alpaca-backtrader-api,2,TRUE,5
alpacahq/alpaca-backtrader-api,3,TRUE,1
alpacahq/alpaca-backtrader-api,4,TRUE,0
alpacahq/alpaca-backtrader-api,5,TRUE,0
alpacahq/alpaca-backtrader-api,6,TRUE,1
alpacahq/alpaca-backtrader-api,7,TRUE,1
alpacahq/alpaca-backtrader-api,8,TRUE,0
alpha-xone/xbbg,-8,FALSE,0
alpha-xone/xbbg,-7,FALSE,2
alpha-xone/xbbg,-6,FALSE,1
alpha-xone/xbbg,-5,FALSE,0
alpha-xone/xbbg,-4,FALSE,0
alpha-xone/xbbg,-3,FALSE,2
alpha-xone/xbbg,-2,FALSE,3
alpha-xone/xbbg,-1,FALSE,1
alpha-xone/xbbg,0,FALSE,1
alpha-xone/xbbg,1,FALSE,0
alpha-xone/xbbg,2,FALSE,0
alpha-xone/xbbg,3,FALSE,2
alpha-xone/xbbg,4,FALSE,1
alpha-xone/xbbg,5,FALSE,0
alteryx/featuretools-tsfresh-primitives,-7,TRUE,6
alteryx/featuretools-tsfresh-primitives,-6,TRUE,15
alteryx/featuretools-tsfresh-primitives,-5,TRUE,18
alteryx/featuretools-tsfresh-primitives,-4,TRUE,3
alteryx/featuretools-tsfresh-primitives,-3,TRUE,4
alteryx/featuretools-tsfresh-primitives,-2,TRUE,5
alteryx/featuretools-tsfresh-primitives,-1,TRUE,6
alteryx/featuretools-tsfresh-primitives,0,TRUE,3
alteryx/featuretools-tsfresh-primitives,1,TRUE,0
alteryx/featuretools-tsfresh-primitives,2,TRUE,0
alteryx/featuretools-tsfresh-primitives,3,TRUE,0
alteryx/featuretools-tsfresh-primitives,4,TRUE,0
alteryx/featuretools-tsfresh-primitives,5,TRUE,0
althonos/instalooter,-8,FALSE,4
althonos/instalooter,-7,FALSE,7
althonos/instalooter,-6,FALSE,9
althonos/instalooter,-5,FALSE,11
althonos/instalooter,-4,FALSE,4
althonos/instalooter,-3,FALSE,3
althonos/instalooter,-2,FALSE,7
althonos/instalooter,-1,FALSE,1
althonos/instalooter,0,FALSE,2
althonos/instalooter,1,FALSE,0
althonos/instalooter,2,FALSE,2
althonos/instalooter,3,FALSE,1
althonos/instalooter,4,FALSE,0
althonos/instalooter,5,FALSE,0
althonos/instalooter,6,FALSE,0
althonos/instalooter,7,FALSE,0
althonos/instalooter,8,FALSE,0
althonos/instalooter,9,FALSE,0
alvarobartt/investpy,-7,FALSE,3
alvarobartt/investpy,-6,FALSE,0
alvarobartt/investpy,-5,FALSE,7
alvarobartt/investpy,-4,FALSE,6
alvarobartt/investpy,-3,FALSE,12
alvarobartt/investpy,-2,FALSE,19
alvarobartt/investpy,-1,FALSE,5
alvarobartt/investpy,0,FALSE,12
alvarobartt/investpy,1,FALSE,2
alvarobartt/investpy,2,FALSE,0
alvarobartt/investpy,3,FALSE,2
alvarobartt/investpy,4,FALSE,1
alvarobartt/investpy,5,FALSE,0
alvarobartt/investpy,6,FALSE,0
amaiya/ktrain,-5,FALSE,0
amaiya/ktrain,-4,FALSE,3
amaiya/ktrain,-3,FALSE,14
amaiya/ktrain,-2,FALSE,6
amaiya/ktrain,-1,FALSE,4
amaiya/ktrain,0,FALSE,1
amaiya/ktrain,1,FALSE,5
amaiya/ktrain,2,FALSE,1
amaiya/ktrain,3,FALSE,1
amaiya/ktrain,4,FALSE,0
amaiya/ktrain,5,FALSE,1
amaiya/ktrain,6,FALSE,0
amaiya/ktrain,7,FALSE,0
amirziai/flatten,-10,TRUE,3
amirziai/flatten,-9,TRUE,7
amirziai/flatten,-8,TRUE,7
amirziai/flatten,-7,TRUE,1
amirziai/flatten,-6,TRUE,2
amirziai/flatten,-5,TRUE,5
amirziai/flatten,-4,TRUE,7
amirziai/flatten,-3,TRUE,1
amirziai/flatten,-2,TRUE,0
amirziai/flatten,-1,TRUE,2
amirziai/flatten,0,TRUE,2
amirziai/flatten,1,TRUE,0
amirziai/flatten,2,TRUE,0
amirziai/flatten,3,TRUE,0
amirziai/flatten,4,TRUE,2
amirziai/flatten,5,TRUE,0
amirziai/flatten,6,TRUE,0
amirziai/flatten,7,TRUE,0
analogdevicesinc/pytrinamic,-7,TRUE,0
analogdevicesinc/pytrinamic,-6,TRUE,0
analogdevicesinc/pytrinamic,-5,TRUE,0
analogdevicesinc/pytrinamic,-4,TRUE,2
analogdevicesinc/pytrinamic,-3,TRUE,3
analogdevicesinc/pytrinamic,-2,TRUE,1
analogdevicesinc/pytrinamic,-1,TRUE,3
analogdevicesinc/pytrinamic,0,TRUE,1
analogdevicesinc/pytrinamic,1,TRUE,10
analogdevicesinc/pytrinamic,2,TRUE,4
analogdevicesinc/pytrinamic,3,TRUE,1
analogdevicesinc/pytrinamic,4,TRUE,5
analogdevicesinc/pytrinamic,5,TRUE,0
analogdevicesinc/pytrinamic,6,TRUE,6
ansible-community/ansible-bender,-7,FALSE,0
ansible-community/ansible-bender,-6,FALSE,25
ansible-community/ansible-bender,-5,FALSE,44
ansible-community/ansible-bender,-4,FALSE,7
ansible-community/ansible-bender,-3,FALSE,3
ansible-community/ansible-bender,-2,FALSE,9
ansible-community/ansible-bender,-1,FALSE,2
ansible-community/ansible-bender,0,FALSE,4
ansible-community/ansible-bender,1,FALSE,4
ansible-community/ansible-bender,2,FALSE,10
ansible-community/ansible-bender,3,FALSE,0
ansible-community/ansible-bender,4,FALSE,0
ansible-community/ansible-bender,5,FALSE,0
ansible-community/ansible-bender,6,FALSE,1
ansible/molecule,-11,FALSE,63
ansible/molecule,-10,FALSE,88
ansible/molecule,-9,FALSE,311
ansible/molecule,-8,FALSE,86
ansible/molecule,-7,FALSE,69
ansible/molecule,-6,FALSE,108
ansible/molecule,-5,FALSE,103
ansible/molecule,-4,FALSE,248
ansible/molecule,-3,FALSE,186
ansible/molecule,-2,FALSE,160
ansible/molecule,-1,FALSE,168
ansible/molecule,0,FALSE,46
ansible/molecule,1,FALSE,57
ansible/molecule,2,FALSE,73
ansible/molecule,3,FALSE,31
ansible/molecule,4,FALSE,48
ansible/molecule,5,FALSE,61
ansible/molecule,6,FALSE,71
ansible/molecule,7,FALSE,43
ansible/molecule,8,FALSE,34
antonagestam/collectfast,-11,FALSE,12
antonagestam/collectfast,-10,FALSE,3
antonagestam/collectfast,-9,FALSE,6
antonagestam/collectfast,-8,FALSE,6
antonagestam/collectfast,-7,FALSE,11
antonagestam/collectfast,-6,FALSE,14
antonagestam/collectfast,-5,FALSE,4
antonagestam/collectfast,-4,FALSE,0
antonagestam/collectfast,-3,FALSE,2
antonagestam/collectfast,-2,FALSE,19
antonagestam/collectfast,-1,FALSE,26
antonagestam/collectfast,0,FALSE,1
antonagestam/collectfast,1,FALSE,0
antonagestam/collectfast,2,FALSE,5
antonagestam/collectfast,3,FALSE,3
antonagestam/collectfast,4,FALSE,0
antonagestam/collectfast,5,FALSE,0
antonagestam/collectfast,6,FALSE,0
antonagestam/collectfast,7,FALSE,0
antonagestam/collectfast,8,FALSE,0
antonagestam/collectfast,9,FALSE,0
anvil-works/anvil-runtime,-5,TRUE,1
anvil-works/anvil-runtime,-4,TRUE,1
anvil-works/anvil-runtime,-3,TRUE,3
anvil-works/anvil-runtime,-2,TRUE,2
anvil-works/anvil-runtime,-1,TRUE,2
anvil-works/anvil-runtime,0,TRUE,0
anvil-works/anvil-runtime,1,TRUE,1
anvil-works/anvil-runtime,2,TRUE,3
anvil-works/anvil-runtime,3,TRUE,0
anvil-works/anvil-runtime,4,TRUE,0
anvil-works/anvil-runtime,5,TRUE,1
apache/cassandra-python-driver,-11,FALSE,123
apache/cassandra-python-driver,-10,FALSE,90
apache/cassandra-python-driver,-9,FALSE,149
apache/cassandra-python-driver,-8,FALSE,78
apache/cassandra-python-driver,-7,FALSE,107
apache/cassandra-python-driver,-6,FALSE,106
apache/cassandra-python-driver,-5,FALSE,61
apache/cassandra-python-driver,-4,FALSE,31
apache/cassandra-python-driver,-3,FALSE,21
apache/cassandra-python-driver,-2,FALSE,36
apache/cassandra-python-driver,-1,FALSE,27
apache/cassandra-python-driver,0,FALSE,8
apache/cassandra-python-driver,1,FALSE,12
apache/cassandra-python-driver,2,FALSE,6
apache/cassandra-python-driver,3,FALSE,10
apache/cassandra-python-driver,4,FALSE,4
apache/cassandra-python-driver,5,FALSE,34
apache/cassandra-python-driver,6,FALSE,23
apache/cassandra-python-driver,7,FALSE,18
apache/cassandra-python-driver,8,FALSE,24
apache/cassandra-python-driver,9,FALSE,3
appsembler/figures,-5,FALSE,17
appsembler/figures,-4,FALSE,25
appsembler/figures,-3,FALSE,23
appsembler/figures,-2,FALSE,47
appsembler/figures,-1,FALSE,64
appsembler/figures,0,FALSE,72
appsembler/figures,1,FALSE,42
appsembler/figures,2,FALSE,9
appsembler/figures,3,FALSE,24
appsembler/figures,4,FALSE,8
appsembler/figures,5,FALSE,0
appsembler/figures,6,FALSE,3
appsembler/figures,7,FALSE,0
appsembler/figures,8,FALSE,0
appsembler/figures,9,FALSE,0
appwrite/sdk-for-python,-6,TRUE,8
appwrite/sdk-for-python,-5,TRUE,0
appwrite/sdk-for-python,-4,TRUE,13
appwrite/sdk-for-python,-3,TRUE,1
appwrite/sdk-for-python,-2,TRUE,7
appwrite/sdk-for-python,-1,TRUE,1
appwrite/sdk-for-python,0,TRUE,5
appwrite/sdk-for-python,1,TRUE,2
appwrite/sdk-for-python,2,TRUE,12
appwrite/sdk-for-python,3,TRUE,5
appwrite/sdk-for-python,4,TRUE,10
appwrite/sdk-for-python,5,TRUE,7
arenadata/adcm,-6,FALSE,66
arenadata/adcm,-5,FALSE,298
arenadata/adcm,-4,FALSE,114
arenadata/adcm,-3,FALSE,170
arenadata/adcm,-2,FALSE,461
arenadata/adcm,-1,FALSE,340
arenadata/adcm,0,FALSE,284
arenadata/adcm,1,FALSE,0
arenadata/adcm,2,FALSE,0
arenadata/adcm,3,FALSE,2
arenadata/adcm,4,FALSE,0
arenadata/adcm,5,FALSE,0
arkq/flake8-requirements,-5,FALSE,0
arkq/flake8-requirements,-4,FALSE,0
arkq/flake8-requirements,-3,FALSE,3
arkq/flake8-requirements,-2,FALSE,9
arkq/flake8-requirements,-1,FALSE,3
arkq/flake8-requirements,0,FALSE,6
arkq/flake8-requirements,1,FALSE,0
arkq/flake8-requirements,2,FALSE,2
arkq/flake8-requirements,3,FALSE,7
arkq/flake8-requirements,4,FALSE,1
arkq/flake8-requirements,5,FALSE,2
arkq/flake8-requirements,6,FALSE,6
arkq/flake8-requirements,7,FALSE,0
arkq/flake8-requirements,8,FALSE,1
arthurdejong/python-stdnum,-12,FALSE,6
arthurdejong/python-stdnum,-11,FALSE,4
arthurdejong/python-stdnum,-10,FALSE,3
arthurdejong/python-stdnum,-9,FALSE,8
arthurdejong/python-stdnum,-8,FALSE,0
arthurdejong/python-stdnum,-7,FALSE,7
arthurdejong/python-stdnum,-6,FALSE,6
arthurdejong/python-stdnum,-5,FALSE,7
arthurdejong/python-stdnum,-4,FALSE,12
arthurdejong/python-stdnum,-3,FALSE,21
arthurdejong/python-stdnum,-2,FALSE,23
arthurdejong/python-stdnum,-1,FALSE,5
arthurdejong/python-stdnum,0,FALSE,8
arthurdejong/python-stdnum,1,FALSE,9
arthurdejong/python-stdnum,2,FALSE,6
arthurdejong/python-stdnum,3,FALSE,33
arthurdejong/python-stdnum,4,FALSE,34
arthurdejong/python-stdnum,5,FALSE,4
arthurdejong/python-stdnum,6,FALSE,6
arthurdejong/python-stdnum,7,FALSE,5
arthurdejong/python-stdnum,8,FALSE,8
ashleysommer/sanic-cors,-6,FALSE,4
ashleysommer/sanic-cors,-5,FALSE,2
ashleysommer/sanic-cors,-4,FALSE,2
ashleysommer/sanic-cors,-3,FALSE,3
ashleysommer/sanic-cors,-2,FALSE,1
ashleysommer/sanic-cors,-1,FALSE,1
ashleysommer/sanic-cors,0,FALSE,0
ashleysommer/sanic-cors,1,FALSE,1
ashleysommer/sanic-cors,2,FALSE,0
ashleysommer/sanic-cors,3,FALSE,0
ashleysommer/sanic-cors,4,FALSE,1
ashleysommer/sanic-cors,5,FALSE,0
ashleysommer/sanic-cors,6,FALSE,1
ashleysommer/sanic-cors,7,FALSE,0
ashleysommer/sanic-cors,8,FALSE,0
ashleysommer/sanic-cors,9,FALSE,0
ashleysommer/sanic-cors,10,FALSE,0
ask/mode,-5,TRUE,3
ask/mode,-4,TRUE,2
ask/mode,-3,TRUE,3
ask/mode,-2,TRUE,2
ask/mode,-1,TRUE,3
ask/mode,0,TRUE,3
ask/mode,1,TRUE,2
ask/mode,2,TRUE,0
ask/mode,3,TRUE,0
ask/mode,4,TRUE,1
ask/mode,5,TRUE,3
ask/mode,6,TRUE,0
ask/mode,7,TRUE,0
ask/mode,8,TRUE,1
ask/mode,9,TRUE,0
ask/mode,10,TRUE,0
assimp/assimp,-11,FALSE,92
assimp/assimp,-10,FALSE,62
assimp/assimp,-9,FALSE,67
assimp/assimp,-8,FALSE,103
assimp/assimp,-7,FALSE,89
assimp/assimp,-6,FALSE,177
assimp/assimp,-5,FALSE,188
assimp/assimp,-4,FALSE,102
assimp/assimp,-3,FALSE,115
assimp/assimp,-2,FALSE,157
assimp/assimp,-1,FALSE,208
assimp/assimp,0,FALSE,112
assimp/assimp,1,FALSE,188
assimp/assimp,2,FALSE,118
assimp/assimp,3,FALSE,104
assimp/assimp,4,FALSE,88
assimp/assimp,5,FALSE,137
assimp/assimp,6,FALSE,99
assimp/assimp,7,FALSE,95
assimp/assimp,8,FALSE,130
assimp/assimp,9,FALSE,106
astropy/sphinx-astropy,-9,FALSE,5
astropy/sphinx-astropy,-8,FALSE,1
astropy/sphinx-astropy,-7,FALSE,3
astropy/sphinx-astropy,-6,FALSE,4
astropy/sphinx-astropy,-5,FALSE,2
astropy/sphinx-astropy,-4,FALSE,3
astropy/sphinx-astropy,-3,FALSE,4
astropy/sphinx-astropy,-2,FALSE,5
astropy/sphinx-astropy,-1,FALSE,3
astropy/sphinx-astropy,0,FALSE,0
astropy/sphinx-astropy,1,FALSE,4
astropy/sphinx-astropy,2,FALSE,1
astropy/sphinx-astropy,3,FALSE,0
astropy/sphinx-astropy,4,FALSE,4
astropy/sphinx-astropy,5,FALSE,3
astropy/sphinx-automodapi,-8,FALSE,6
astropy/sphinx-automodapi,-7,FALSE,10
astropy/sphinx-automodapi,-6,FALSE,3
astropy/sphinx-automodapi,-5,FALSE,2
astropy/sphinx-automodapi,-4,FALSE,2
astropy/sphinx-automodapi,-3,FALSE,9
astropy/sphinx-automodapi,-2,FALSE,5
astropy/sphinx-automodapi,-1,FALSE,4
astropy/sphinx-automodapi,0,FALSE,5
astropy/sphinx-automodapi,1,FALSE,5
astropy/sphinx-automodapi,2,FALSE,5
astropy/sphinx-automodapi,3,FALSE,2
astropy/sphinx-automodapi,4,FALSE,1
astropy/sphinx-automodapi,5,FALSE,9
astropy/sphinx-automodapi,6,FALSE,6
astropy/sphinx-automodapi,7,FALSE,2
astropy/sphinx-automodapi,8,FALSE,4
astropy/sphinx-automodapi,9,FALSE,8
asweigart/pyautogui,-14,FALSE,13
asweigart/pyautogui,-13,FALSE,7
asweigart/pyautogui,-12,FALSE,9
asweigart/pyautogui,-11,FALSE,4
asweigart/pyautogui,-10,FALSE,4
asweigart/pyautogui,-9,FALSE,13
asweigart/pyautogui,-8,FALSE,6
asweigart/pyautogui,-7,FALSE,3
asweigart/pyautogui,-6,FALSE,9
asweigart/pyautogui,-5,FALSE,12
asweigart/pyautogui,-4,FALSE,7
asweigart/pyautogui,-3,FALSE,15
asweigart/pyautogui,-2,FALSE,12
asweigart/pyautogui,-1,FALSE,7
asweigart/pyautogui,0,FALSE,11
asweigart/pyautogui,1,FALSE,4
asweigart/pyautogui,2,FALSE,7
asweigart/pyautogui,3,FALSE,6
asweigart/pyautogui,4,FALSE,7
asweigart/pyautogui,5,FALSE,8
asweigart/pyautogui,6,FALSE,4
avast/pytest-docker,-8,FALSE,8
avast/pytest-docker,-7,FALSE,5
avast/pytest-docker,-6,FALSE,1
avast/pytest-docker,-5,FALSE,6
avast/pytest-docker,-4,FALSE,1
avast/pytest-docker,-3,FALSE,2
avast/pytest-docker,-2,FALSE,2
avast/pytest-docker,-1,FALSE,5
avast/pytest-docker,0,FALSE,3
avast/pytest-docker,1,FALSE,2
avast/pytest-docker,2,FALSE,5
avast/pytest-docker,3,FALSE,5
avast/pytest-docker,4,FALSE,1
avast/pytest-docker,5,FALSE,5
avast/pytest-docker,6,FALSE,4
avast/pytest-docker,7,FALSE,1
avast/pytest-docker,8,FALSE,6
aws/aws-dynamodb-encryption-python,-8,TRUE,12
aws/aws-dynamodb-encryption-python,-7,TRUE,12
aws/aws-dynamodb-encryption-python,-6,TRUE,11
aws/aws-dynamodb-encryption-python,-5,TRUE,7
aws/aws-dynamodb-encryption-python,-4,TRUE,4
aws/aws-dynamodb-encryption-python,-3,TRUE,4
aws/aws-dynamodb-encryption-python,-2,TRUE,12
aws/aws-dynamodb-encryption-python,-1,TRUE,17
aws/aws-dynamodb-encryption-python,0,TRUE,3
aws/aws-dynamodb-encryption-python,1,TRUE,10
aws/aws-dynamodb-encryption-python,2,TRUE,11
aws/aws-dynamodb-encryption-python,3,TRUE,4
aws/aws-dynamodb-encryption-python,4,TRUE,7
aws/aws-dynamodb-encryption-python,5,TRUE,3
aws/aws-dynamodb-encryption-python,6,TRUE,2
aws/aws-lambda-python-runtime-interface-client,-6,TRUE,0
aws/aws-lambda-python-runtime-interface-client,-5,TRUE,0
aws/aws-lambda-python-runtime-interface-client,-4,TRUE,0
aws/aws-lambda-python-runtime-interface-client,-3,TRUE,6
aws/aws-lambda-python-runtime-interface-client,-2,TRUE,20
aws/aws-lambda-python-runtime-interface-client,-1,TRUE,5
aws/aws-lambda-python-runtime-interface-client,0,TRUE,13
aws/aws-lambda-python-runtime-interface-client,1,TRUE,3
aws/aws-lambda-python-runtime-interface-client,2,TRUE,5
aws/aws-lambda-python-runtime-interface-client,3,TRUE,17
aws/aws-lambda-python-runtime-interface-client,4,TRUE,15
aws/aws-lambda-python-runtime-interface-client,5,TRUE,16
aws/aws-lambda-python-runtime-interface-client,6,TRUE,9
aws/chalice,-8,FALSE,0
aws/chalice,-7,FALSE,88
aws/chalice,-6,FALSE,95
aws/chalice,-5,FALSE,119
aws/chalice,-4,FALSE,90
aws/chalice,-3,FALSE,38
aws/chalice,-2,FALSE,55
aws/chalice,-1,FALSE,60
aws/chalice,0,FALSE,40
aws/chalice,1,FALSE,63
aws/chalice,2,FALSE,47
aws/chalice,3,FALSE,23
aws/chalice,4,FALSE,27
aws/chalice,5,FALSE,14
aws/chalice,6,FALSE,11
aws/chalice,7,FALSE,10
aws/chalice,8,FALSE,8
aws/chalice,9,FALSE,2
aws/chalice,10,FALSE,9
aws/sagemaker-spark,-7,FALSE,8
aws/sagemaker-spark,-6,FALSE,29
aws/sagemaker-spark,-5,FALSE,12
aws/sagemaker-spark,-4,FALSE,6
aws/sagemaker-spark,-3,FALSE,6
aws/sagemaker-spark,-2,FALSE,9
aws/sagemaker-spark,-1,FALSE,6
aws/sagemaker-spark,0,FALSE,2
aws/sagemaker-spark,1,FALSE,0
aws/sagemaker-spark,2,FALSE,0
aws/sagemaker-spark,3,FALSE,3
aws/sagemaker-spark,4,FALSE,3
aws/sagemaker-spark,5,FALSE,1
aws/sagemaker-spark,6,FALSE,1
aws/sagemaker-spark,7,FALSE,0
aws/sagemaker-spark,8,FALSE,1
awslabs/aws-config-rdk,-7,FALSE,7
awslabs/aws-config-rdk,-6,FALSE,17
awslabs/aws-config-rdk,-5,FALSE,39
awslabs/aws-config-rdk,-4,FALSE,30
awslabs/aws-config-rdk,-3,FALSE,20
awslabs/aws-config-rdk,-2,FALSE,26
awslabs/aws-config-rdk,-1,FALSE,11
awslabs/aws-config-rdk,0,FALSE,18
awslabs/aws-config-rdk,1,FALSE,12
awslabs/aws-config-rdk,2,FALSE,10
awslabs/aws-config-rdk,3,FALSE,9
awslabs/aws-config-rdk,4,FALSE,22
awslabs/aws-config-rdk,5,FALSE,12
awslabs/aws-config-rdk,6,FALSE,7
awslabs/aws-config-rdk,7,FALSE,6
awslabs/aws-config-rdk,8,FALSE,1
azavea/django-amazon-ses,-9,TRUE,2
azavea/django-amazon-ses,-8,TRUE,0
azavea/django-amazon-ses,-7,TRUE,4
azavea/django-amazon-ses,-6,TRUE,21
azavea/django-amazon-ses,-5,TRUE,4
azavea/django-amazon-ses,-4,TRUE,4
azavea/django-amazon-ses,-3,TRUE,3
azavea/django-amazon-ses,-2,TRUE,2
azavea/django-amazon-ses,-1,TRUE,14
azavea/django-amazon-ses,0,TRUE,4
azavea/django-amazon-ses,1,TRUE,0
azavea/django-amazon-ses,2,TRUE,0
azavea/django-amazon-ses,3,TRUE,7
azavea/django-amazon-ses,4,TRUE,0
azavea/django-amazon-ses,5,TRUE,0
azavea/django-amazon-ses,6,TRUE,0
azavea/django-amazon-ses,7,TRUE,0
azavea/django-amazon-ses,8,TRUE,0
azavea/django-amazon-ses,9,TRUE,0
backstage/mkdocs-monorepo-plugin,-6,TRUE,5
backstage/mkdocs-monorepo-plugin,-5,TRUE,6
backstage/mkdocs-monorepo-plugin,-4,TRUE,6
backstage/mkdocs-monorepo-plugin,-3,TRUE,3
backstage/mkdocs-monorepo-plugin,-2,TRUE,6
backstage/mkdocs-monorepo-plugin,-1,TRUE,8
backstage/mkdocs-monorepo-plugin,0,TRUE,3
backstage/mkdocs-monorepo-plugin,1,TRUE,6
backstage/mkdocs-monorepo-plugin,2,TRUE,7
backstage/mkdocs-monorepo-plugin,3,TRUE,5
backstage/mkdocs-monorepo-plugin,4,TRUE,0
backstage/mkdocs-monorepo-plugin,5,TRUE,1
bastibe/python-soundfile,-13,FALSE,0
bastibe/python-soundfile,-12,FALSE,0
bastibe/python-soundfile,-11,FALSE,0
bastibe/python-soundfile,-10,FALSE,0
bastibe/python-soundfile,-9,FALSE,0
bastibe/python-soundfile,-8,FALSE,3
bastibe/python-soundfile,-7,FALSE,3
bastibe/python-soundfile,-6,FALSE,2
bastibe/python-soundfile,-5,FALSE,0
bastibe/python-soundfile,-4,FALSE,1
bastibe/python-soundfile,-3,FALSE,0
bastibe/python-soundfile,-2,FALSE,7
bastibe/python-soundfile,-1,FALSE,1
bastibe/python-soundfile,0,FALSE,4
bastibe/python-soundfile,1,FALSE,8
bastibe/python-soundfile,2,FALSE,4
bastibe/python-soundfile,3,FALSE,7
bastibe/python-soundfile,4,FALSE,10
bastibe/python-soundfile,5,FALSE,0
bastibe/python-soundfile,6,FALSE,7
bastibe/python-soundfile,7,FALSE,5
bavovanachte/sphinx-wavedrom,-9,FALSE,2
bavovanachte/sphinx-wavedrom,-8,FALSE,0
bavovanachte/sphinx-wavedrom,-7,FALSE,0
bavovanachte/sphinx-wavedrom,-6,FALSE,1
bavovanachte/sphinx-wavedrom,-5,FALSE,1
bavovanachte/sphinx-wavedrom,-4,FALSE,4
bavovanachte/sphinx-wavedrom,-3,FALSE,0
bavovanachte/sphinx-wavedrom,-2,FALSE,0
bavovanachte/sphinx-wavedrom,-1,FALSE,5
bavovanachte/sphinx-wavedrom,0,FALSE,1
bavovanachte/sphinx-wavedrom,1,FALSE,1
bavovanachte/sphinx-wavedrom,2,FALSE,3
bavovanachte/sphinx-wavedrom,3,FALSE,1
bavovanachte/sphinx-wavedrom,4,FALSE,1
bavovanachte/sphinx-wavedrom,5,FALSE,1
bavovanachte/sphinx-wavedrom,6,FALSE,1
bavovanachte/sphinx-wavedrom,7,FALSE,1
bavovanachte/sphinx-wavedrom,8,FALSE,0
beelit94/python-terraform,-10,TRUE,1
beelit94/python-terraform,-9,TRUE,4
beelit94/python-terraform,-8,TRUE,9
beelit94/python-terraform,-7,TRUE,2
beelit94/python-terraform,-6,TRUE,0
beelit94/python-terraform,-5,TRUE,6
beelit94/python-terraform,-4,TRUE,7
beelit94/python-terraform,-3,TRUE,2
beelit94/python-terraform,-2,TRUE,1
beelit94/python-terraform,-1,TRUE,8
beelit94/python-terraform,0,TRUE,0
beelit94/python-terraform,1,TRUE,3
beelit94/python-terraform,2,TRUE,1
beelit94/python-terraform,3,TRUE,1
beelit94/python-terraform,4,TRUE,0
beelit94/python-terraform,5,TRUE,0
beelit94/python-terraform,6,TRUE,1
beelit94/python-terraform,7,TRUE,0
beeware/briefcase,-10,FALSE,0
beeware/briefcase,-9,FALSE,7
beeware/briefcase,-8,FALSE,5
beeware/briefcase,-7,FALSE,11
beeware/briefcase,-6,FALSE,23
beeware/briefcase,-5,FALSE,25
beeware/briefcase,-4,FALSE,15
beeware/briefcase,-3,FALSE,41
beeware/briefcase,-2,FALSE,24
beeware/briefcase,-1,FALSE,64
beeware/briefcase,0,FALSE,33
beeware/briefcase,1,FALSE,8
beeware/briefcase,2,FALSE,11
beeware/briefcase,3,FALSE,50
beeware/briefcase,4,FALSE,109
beeware/briefcase,5,FALSE,110
beeware/briefcase,6,FALSE,103
beeware/briefcase,7,FALSE,121
beeware/briefcase,8,FALSE,65
beeware/briefcase,9,FALSE,82
berkerpeksag/astor,-12,FALSE,20
berkerpeksag/astor,-11,FALSE,3
berkerpeksag/astor,-10,FALSE,1
berkerpeksag/astor,-9,FALSE,0
berkerpeksag/astor,-8,FALSE,19
berkerpeksag/astor,-7,FALSE,3
berkerpeksag/astor,-6,FALSE,11
berkerpeksag/astor,-5,FALSE,3
berkerpeksag/astor,-4,FALSE,12
berkerpeksag/astor,-3,FALSE,14
berkerpeksag/astor,-2,FALSE,5
berkerpeksag/astor,-1,FALSE,2
berkerpeksag/astor,0,FALSE,2
berkerpeksag/astor,1,FALSE,1
berkerpeksag/astor,2,FALSE,3
berkerpeksag/astor,3,FALSE,2
berkerpeksag/astor,4,FALSE,0
berkerpeksag/astor,5,FALSE,1
berkerpeksag/astor,6,FALSE,2
berkerpeksag/astor,7,FALSE,0
berkerpeksag/astor,8,FALSE,4
biotite-dev/biotite,-8,FALSE,13
biotite-dev/biotite,-7,FALSE,15
biotite-dev/biotite,-6,FALSE,31
biotite-dev/biotite,-5,FALSE,34
biotite-dev/biotite,-4,FALSE,50
biotite-dev/biotite,-3,FALSE,39
biotite-dev/biotite,-2,FALSE,39
biotite-dev/biotite,-1,FALSE,34
biotite-dev/biotite,0,FALSE,14
biotite-dev/biotite,1,FALSE,22
biotite-dev/biotite,2,FALSE,25
biotite-dev/biotite,3,FALSE,19
biotite-dev/biotite,4,FALSE,22
biotite-dev/biotite,5,FALSE,54
biotite-dev/biotite,6,FALSE,64
biotite-dev/biotite,7,FALSE,50
blockchain-etl/ethereum-etl,-8,FALSE,23
blockchain-etl/ethereum-etl,-7,FALSE,56
blockchain-etl/ethereum-etl,-6,FALSE,15
blockchain-etl/ethereum-etl,-5,FALSE,5
blockchain-etl/ethereum-etl,-4,FALSE,13
blockchain-etl/ethereum-etl,-3,FALSE,1
blockchain-etl/ethereum-etl,-2,FALSE,4
blockchain-etl/ethereum-etl,-1,FALSE,20
blockchain-etl/ethereum-etl,0,FALSE,21
blockchain-etl/ethereum-etl,1,FALSE,33
blockchain-etl/ethereum-etl,2,FALSE,21
blockchain-etl/ethereum-etl,3,FALSE,7
blockchain-etl/ethereum-etl,4,FALSE,13
blockchain-etl/ethereum-etl,5,FALSE,8
blockchain-etl/ethereum-etl,6,FALSE,8
blosc/python-blosc,-15,FALSE,20
blosc/python-blosc,-14,FALSE,3
blosc/python-blosc,-13,FALSE,4
blosc/python-blosc,-12,FALSE,6
blosc/python-blosc,-11,FALSE,0
blosc/python-blosc,-10,FALSE,4
blosc/python-blosc,-9,FALSE,6
blosc/python-blosc,-8,FALSE,17
blosc/python-blosc,-7,FALSE,17
blosc/python-blosc,-6,FALSE,7
blosc/python-blosc,-5,FALSE,4
blosc/python-blosc,-4,FALSE,8
blosc/python-blosc,-3,FALSE,3
blosc/python-blosc,-2,FALSE,11
blosc/python-blosc,-1,FALSE,2
blosc/python-blosc,0,FALSE,32
blosc/python-blosc,1,FALSE,3
blosc/python-blosc,2,FALSE,0
blosc/python-blosc,3,FALSE,5
blosc/python-blosc,4,FALSE,1
blosc/python-blosc,5,FALSE,1
bmoscon/cryptofeed,-6,FALSE,11
bmoscon/cryptofeed,-5,FALSE,9
bmoscon/cryptofeed,-4,FALSE,22
bmoscon/cryptofeed,-3,FALSE,37
bmoscon/cryptofeed,-2,FALSE,27
bmoscon/cryptofeed,-1,FALSE,45
bmoscon/cryptofeed,0,FALSE,65
bmoscon/cryptofeed,1,FALSE,85
bmoscon/cryptofeed,2,FALSE,29
bmoscon/cryptofeed,3,FALSE,15
bmoscon/cryptofeed,4,FALSE,10
bmoscon/cryptofeed,5,FALSE,3
bmoscon/cryptofeed,6,FALSE,9
bmoscon/cryptofeed,7,FALSE,5
bmoscon/cryptofeed,8,FALSE,7
bndr/pipreqs,-12,FALSE,11
bndr/pipreqs,-11,FALSE,7
bndr/pipreqs,-10,FALSE,4
bndr/pipreqs,-9,FALSE,4
bndr/pipreqs,-8,FALSE,6
bndr/pipreqs,-7,FALSE,18
bndr/pipreqs,-6,FALSE,5
bndr/pipreqs,-5,FALSE,4
bndr/pipreqs,-4,FALSE,3
bndr/pipreqs,-3,FALSE,9
bndr/pipreqs,-2,FALSE,7
bndr/pipreqs,-1,FALSE,8
bndr/pipreqs,0,FALSE,15
bndr/pipreqs,1,FALSE,9
bndr/pipreqs,2,FALSE,7
bndr/pipreqs,3,FALSE,10
bndr/pipreqs,4,FALSE,12
bndr/pipreqs,5,FALSE,28
bndr/pipreqs,6,FALSE,6
bndr/pipreqs,7,FALSE,2
bndr/pipreqs,8,FALSE,11
bootphon/phonemizer,-9,FALSE,0
bootphon/phonemizer,-8,FALSE,1
bootphon/phonemizer,-7,FALSE,1
bootphon/phonemizer,-6,FALSE,0
bootphon/phonemizer,-5,FALSE,1
bootphon/phonemizer,-4,FALSE,5
bootphon/phonemizer,-3,FALSE,1
bootphon/phonemizer,-2,FALSE,2
bootphon/phonemizer,-1,FALSE,6
bootphon/phonemizer,0,FALSE,8
bootphon/phonemizer,1,FALSE,0
bootphon/phonemizer,2,FALSE,1
bootphon/phonemizer,3,FALSE,0
bootphon/phonemizer,4,FALSE,1
bootphon/phonemizer,5,FALSE,4
bootphon/phonemizer,6,FALSE,4
boschmitt/tweedledum,-8,TRUE,4
boschmitt/tweedledum,-7,TRUE,41
boschmitt/tweedledum,-6,TRUE,10
boschmitt/tweedledum,-5,TRUE,14
boschmitt/tweedledum,-4,TRUE,2
boschmitt/tweedledum,-3,TRUE,61
boschmitt/tweedledum,-2,TRUE,4
boschmitt/tweedledum,-1,TRUE,3
boschmitt/tweedledum,0,TRUE,1
boschmitt/tweedledum,1,TRUE,0
boschmitt/tweedledum,2,TRUE,2
boschmitt/tweedledum,3,TRUE,0
boschmitt/tweedledum,4,TRUE,0
boschmitt/tweedledum,5,TRUE,0
boto/s3transfer,-13,FALSE,15
boto/s3transfer,-12,FALSE,50
boto/s3transfer,-11,FALSE,4
boto/s3transfer,-10,FALSE,9
boto/s3transfer,-9,FALSE,5
boto/s3transfer,-8,FALSE,5
boto/s3transfer,-7,FALSE,14
boto/s3transfer,-6,FALSE,11
boto/s3transfer,-5,FALSE,14
boto/s3transfer,-4,FALSE,2
boto/s3transfer,-3,FALSE,21
boto/s3transfer,-2,FALSE,15
boto/s3transfer,-1,FALSE,13
boto/s3transfer,0,FALSE,11
boto/s3transfer,1,FALSE,4
boto/s3transfer,2,FALSE,22
boto/s3transfer,3,FALSE,8
boto/s3transfer,4,FALSE,5
boto/s3transfer,5,FALSE,14
braindecode/braindecode,-5,FALSE,0
braindecode/braindecode,-4,FALSE,0
braindecode/braindecode,-3,FALSE,0
braindecode/braindecode,-2,FALSE,80
braindecode/braindecode,-1,FALSE,26
braindecode/braindecode,0,FALSE,58
braindecode/braindecode,1,FALSE,30
braindecode/braindecode,2,FALSE,7
braindecode/braindecode,3,FALSE,23
braindecode/braindecode,4,FALSE,9
braindecode/braindecode,5,FALSE,60
braindecode/braindecode,6,FALSE,37
braindecode/braindecode,7,FALSE,36
braindecode/braindecode,8,FALSE,36
brandon-rhodes/logging_tree,-12,FALSE,0
brandon-rhodes/logging_tree,-11,FALSE,0
brandon-rhodes/logging_tree,-10,FALSE,1
brandon-rhodes/logging_tree,-9,FALSE,0
brandon-rhodes/logging_tree,-8,FALSE,0
brandon-rhodes/logging_tree,-7,FALSE,1
brandon-rhodes/logging_tree,-6,FALSE,1
brandon-rhodes/logging_tree,-5,FALSE,2
brandon-rhodes/logging_tree,-4,FALSE,2
brandon-rhodes/logging_tree,-3,FALSE,0
brandon-rhodes/logging_tree,-2,FALSE,1
brandon-rhodes/logging_tree,-1,FALSE,2
brandon-rhodes/logging_tree,0,FALSE,3
brandon-rhodes/logging_tree,1,FALSE,0
brandon-rhodes/logging_tree,2,FALSE,0
brandon-rhodes/logging_tree,3,FALSE,0
brandon-rhodes/logging_tree,4,FALSE,0
brandon-rhodes/logging_tree,5,FALSE,0
brandon-rhodes/logging_tree,6,FALSE,0
brandon-rhodes/logging_tree,7,FALSE,0
brandon-rhodes/logging_tree,8,FALSE,1
brianhie/scanorama,-5,FALSE,11
brianhie/scanorama,-4,FALSE,5
brianhie/scanorama,-3,FALSE,3
brianhie/scanorama,-2,FALSE,4
brianhie/scanorama,-1,FALSE,2
brianhie/scanorama,0,FALSE,0
brianhie/scanorama,1,FALSE,0
brianhie/scanorama,2,FALSE,1
brianhie/scanorama,3,FALSE,1
brianhie/scanorama,4,FALSE,0
brianhie/scanorama,5,FALSE,1
brianhie/scanorama,6,FALSE,0
brianhie/scanorama,7,FALSE,0
brianhie/scanorama,8,FALSE,0
brython-dev/brython,-10,FALSE,29
brython-dev/brython,-9,FALSE,28
brython-dev/brython,-8,FALSE,14
brython-dev/brython,-7,FALSE,32
brython-dev/brython,-6,FALSE,8
brython-dev/brython,-5,FALSE,47
brython-dev/brython,-4,FALSE,44
brython-dev/brython,-3,FALSE,20
brython-dev/brython,-2,FALSE,22
brython-dev/brython,-1,FALSE,14
brython-dev/brython,0,FALSE,15
brython-dev/brython,1,FALSE,21
brython-dev/brython,2,FALSE,19
brython-dev/brython,3,FALSE,11
brython-dev/brython,4,FALSE,8
brython-dev/brython,5,FALSE,18
brython-dev/brython,6,FALSE,4
brython-dev/brython,7,FALSE,23
brython-dev/brython,8,FALSE,10
brython-dev/brython,9,FALSE,3
brython-dev/brython,10,FALSE,6
bstoilov/py3-pinterest,-5,FALSE,9
bstoilov/py3-pinterest,-4,FALSE,5
bstoilov/py3-pinterest,-3,FALSE,8
bstoilov/py3-pinterest,-2,FALSE,7
bstoilov/py3-pinterest,-1,FALSE,5
bstoilov/py3-pinterest,0,FALSE,1
bstoilov/py3-pinterest,1,FALSE,2
bstoilov/py3-pinterest,2,FALSE,1
bstoilov/py3-pinterest,3,FALSE,2
bstoilov/py3-pinterest,4,FALSE,3
bstoilov/py3-pinterest,5,FALSE,3
bstoilov/py3-pinterest,6,FALSE,0
btcpayserver/btcpay-python,-5,TRUE,1
btcpayserver/btcpay-python,-4,TRUE,0
btcpayserver/btcpay-python,-3,TRUE,3
btcpayserver/btcpay-python,-2,TRUE,2
btcpayserver/btcpay-python,-1,TRUE,1
btcpayserver/btcpay-python,0,TRUE,2
btcpayserver/btcpay-python,1,TRUE,0
btcpayserver/btcpay-python,2,TRUE,0
btcpayserver/btcpay-python,3,TRUE,0
btcpayserver/btcpay-python,4,TRUE,1
btcpayserver/btcpay-python,5,TRUE,1
btcpayserver/btcpay-python,6,TRUE,0
btcpayserver/btcpay-python,7,TRUE,0
btcpayserver/btcpay-python,8,TRUE,0
btcpayserver/btcpay-python,9,TRUE,0
cackharot/suds-py3,-13,FALSE,0
cackharot/suds-py3,-12,FALSE,1
cackharot/suds-py3,-11,FALSE,6
cackharot/suds-py3,-10,FALSE,4
cackharot/suds-py3,-9,FALSE,0
cackharot/suds-py3,-8,FALSE,0
cackharot/suds-py3,-7,FALSE,2
cackharot/suds-py3,-6,FALSE,2
cackharot/suds-py3,-5,FALSE,2
cackharot/suds-py3,-4,FALSE,2
cackharot/suds-py3,-3,FALSE,6
cackharot/suds-py3,-2,FALSE,3
cackharot/suds-py3,-1,FALSE,2
cackharot/suds-py3,0,FALSE,1
cackharot/suds-py3,1,FALSE,1
cackharot/suds-py3,2,FALSE,0
cackharot/suds-py3,3,FALSE,0
cackharot/suds-py3,4,FALSE,0
cackharot/suds-py3,5,FALSE,1
cackharot/suds-py3,6,FALSE,1
cackharot/suds-py3,7,FALSE,0
camelot-dev/camelot,-5,FALSE,0
camelot-dev/camelot,-4,FALSE,0
camelot-dev/camelot,-3,FALSE,28
camelot-dev/camelot,-2,FALSE,11
camelot-dev/camelot,-1,FALSE,16
camelot-dev/camelot,0,FALSE,6
camelot-dev/camelot,1,FALSE,10
camelot-dev/camelot,2,FALSE,9
camelot-dev/camelot,3,FALSE,5
camelot-dev/camelot,4,FALSE,14
camelot-dev/camelot,5,FALSE,6
camelot-dev/camelot,6,FALSE,10
camelot-dev/camelot,7,FALSE,15
camelot-dev/camelot,8,FALSE,12
castle/castle-python,-9,FALSE,7
castle/castle-python,-8,FALSE,14
castle/castle-python,-7,FALSE,4
castle/castle-python,-6,FALSE,5
castle/castle-python,-5,FALSE,4
castle/castle-python,-4,FALSE,14
castle/castle-python,-3,FALSE,25
castle/castle-python,-2,FALSE,11
castle/castle-python,-1,FALSE,2
castle/castle-python,0,FALSE,3
castle/castle-python,1,FALSE,0
castle/castle-python,2,FALSE,0
castle/castle-python,3,FALSE,0
castle/castle-python,4,FALSE,0
castle/castle-python,5,FALSE,0
castle/castle-python,6,FALSE,0
casuallycalm/discord-pretty-help,-5,FALSE,0
casuallycalm/discord-pretty-help,-4,FALSE,4
casuallycalm/discord-pretty-help,-3,FALSE,4
casuallycalm/discord-pretty-help,-2,FALSE,2
casuallycalm/discord-pretty-help,-1,FALSE,4
casuallycalm/discord-pretty-help,0,FALSE,2
casuallycalm/discord-pretty-help,1,FALSE,4
casuallycalm/discord-pretty-help,2,FALSE,0
casuallycalm/discord-pretty-help,3,FALSE,0
casuallycalm/discord-pretty-help,4,FALSE,0
casuallycalm/discord-pretty-help,5,FALSE,0
celiao/tmdbsimple,-14,TRUE,1
celiao/tmdbsimple,-13,TRUE,1
celiao/tmdbsimple,-12,TRUE,0
celiao/tmdbsimple,-11,TRUE,4
celiao/tmdbsimple,-10,TRUE,4
celiao/tmdbsimple,-9,TRUE,8
celiao/tmdbsimple,-8,TRUE,6
celiao/tmdbsimple,-7,TRUE,0
celiao/tmdbsimple,-6,TRUE,2
celiao/tmdbsimple,-5,TRUE,2
celiao/tmdbsimple,-4,TRUE,1
celiao/tmdbsimple,-3,TRUE,2
celiao/tmdbsimple,-2,TRUE,2
celiao/tmdbsimple,-1,TRUE,1
celiao/tmdbsimple,0,TRUE,0
celiao/tmdbsimple,1,TRUE,1
celiao/tmdbsimple,2,TRUE,0
celiao/tmdbsimple,3,TRUE,1
celiao/tmdbsimple,4,TRUE,0
celiao/tmdbsimple,5,TRUE,1
celiao/tmdbsimple,6,TRUE,1
chaoss/grimoirelab-toolkit,-7,FALSE,2
chaoss/grimoirelab-toolkit,-6,FALSE,6
chaoss/grimoirelab-toolkit,-5,FALSE,1
chaoss/grimoirelab-toolkit,-4,FALSE,2
chaoss/grimoirelab-toolkit,-3,FALSE,4
chaoss/grimoirelab-toolkit,-2,FALSE,2
chaoss/grimoirelab-toolkit,-1,FALSE,2
chaoss/grimoirelab-toolkit,0,FALSE,12
chaoss/grimoirelab-toolkit,1,FALSE,1
chaoss/grimoirelab-toolkit,2,FALSE,4
chaoss/grimoirelab-toolkit,3,FALSE,5
chaoss/grimoirelab-toolkit,4,FALSE,1
chaoss/grimoirelab-toolkit,5,FALSE,0
chaoss/grimoirelab-toolkit,6,FALSE,2
chaoss/grimoirelab-toolkit,7,FALSE,1
chaoss/grimoirelab-toolkit,8,FALSE,1
chardet/chardet,-13,FALSE,7
chardet/chardet,-12,FALSE,8
chardet/chardet,-11,FALSE,2
chardet/chardet,-10,FALSE,2
chardet/chardet,-9,FALSE,21
chardet/chardet,-8,FALSE,4
chardet/chardet,-7,FALSE,5
chardet/chardet,-6,FALSE,5
chardet/chardet,-5,FALSE,5
chardet/chardet,-4,FALSE,2
chardet/chardet,-3,FALSE,6
chardet/chardet,-2,FALSE,10
chardet/chardet,-1,FALSE,9
chardet/chardet,0,FALSE,13
chardet/chardet,1,FALSE,12
chardet/chardet,2,FALSE,4
chardet/chardet,3,FALSE,1
chardet/chardet,4,FALSE,2
chardet/chardet,5,FALSE,0
chardet/chardet,6,FALSE,1
chardet/chardet,7,FALSE,3
cinemagoer/cinemagoer,-14,FALSE,1
cinemagoer/cinemagoer,-13,FALSE,1
cinemagoer/cinemagoer,-12,FALSE,0
cinemagoer/cinemagoer,-11,FALSE,0
cinemagoer/cinemagoer,-10,FALSE,3
cinemagoer/cinemagoer,-9,FALSE,24
cinemagoer/cinemagoer,-8,FALSE,17
cinemagoer/cinemagoer,-7,FALSE,6
cinemagoer/cinemagoer,-6,FALSE,7
cinemagoer/cinemagoer,-5,FALSE,10
cinemagoer/cinemagoer,-4,FALSE,7
cinemagoer/cinemagoer,-3,FALSE,10
cinemagoer/cinemagoer,-2,FALSE,4
cinemagoer/cinemagoer,-1,FALSE,9
cinemagoer/cinemagoer,0,FALSE,7
cinemagoer/cinemagoer,1,FALSE,8
cinemagoer/cinemagoer,2,FALSE,3
cinemagoer/cinemagoer,3,FALSE,6
cinemagoer/cinemagoer,4,FALSE,2
cinemagoer/cinemagoer,5,FALSE,2
cinemagoer/cinemagoer,6,FALSE,5
cisco/mindmeld,-6,TRUE,16
cisco/mindmeld,-5,TRUE,48
cisco/mindmeld,-4,TRUE,55
cisco/mindmeld,-3,TRUE,63
cisco/mindmeld,-2,TRUE,39
cisco/mindmeld,-1,TRUE,26
cisco/mindmeld,0,TRUE,18
cisco/mindmeld,1,TRUE,13
cisco/mindmeld,2,TRUE,2
cisco/mindmeld,3,TRUE,0
cisco/mindmeld,4,TRUE,0
cisco/mindmeld,5,TRUE,0
cisco/mindmeld,6,TRUE,0
cjekel/piecewise_linear_fit_py,-5,FALSE,0
cjekel/piecewise_linear_fit_py,-4,FALSE,2
cjekel/piecewise_linear_fit_py,-3,FALSE,0
cjekel/piecewise_linear_fit_py,-2,FALSE,6
cjekel/piecewise_linear_fit_py,-1,FALSE,3
cjekel/piecewise_linear_fit_py,0,FALSE,11
cjekel/piecewise_linear_fit_py,1,FALSE,2
cjekel/piecewise_linear_fit_py,2,FALSE,1
cjekel/piecewise_linear_fit_py,3,FALSE,1
cjekel/piecewise_linear_fit_py,4,FALSE,4
cjekel/piecewise_linear_fit_py,5,FALSE,0
cjekel/piecewise_linear_fit_py,6,FALSE,0
cjekel/piecewise_linear_fit_py,7,FALSE,0
cjekel/piecewise_linear_fit_py,8,FALSE,0
cjekel/piecewise_linear_fit_py,9,FALSE,2
cjekel/piecewise_linear_fit_py,10,FALSE,3
clarete/forbiddenfruit,-9,FALSE,1
clarete/forbiddenfruit,-8,FALSE,2
clarete/forbiddenfruit,-7,FALSE,0
clarete/forbiddenfruit,-6,FALSE,0
clarete/forbiddenfruit,-5,FALSE,0
clarete/forbiddenfruit,-4,FALSE,0
clarete/forbiddenfruit,-3,FALSE,1
clarete/forbiddenfruit,-2,FALSE,3
clarete/forbiddenfruit,-1,FALSE,3
clarete/forbiddenfruit,0,FALSE,6
clarete/forbiddenfruit,1,FALSE,2
clarete/forbiddenfruit,2,FALSE,1
clarete/forbiddenfruit,3,FALSE,4
clarete/forbiddenfruit,4,FALSE,0
clarete/forbiddenfruit,5,FALSE,1
clarete/forbiddenfruit,6,FALSE,0
clarete/forbiddenfruit,7,FALSE,1
clarete/forbiddenfruit,8,FALSE,0
clarete/forbiddenfruit,9,FALSE,0
clarete/forbiddenfruit,10,FALSE,1
click-contrib/click-option-group,-5,FALSE,0
click-contrib/click-option-group,-4,FALSE,11
click-contrib/click-option-group,-3,FALSE,1
click-contrib/click-option-group,-2,FALSE,2
click-contrib/click-option-group,-1,FALSE,1
click-contrib/click-option-group,0,FALSE,0
click-contrib/click-option-group,1,FALSE,2
click-contrib/click-option-group,2,FALSE,3
click-contrib/click-option-group,3,FALSE,2
click-contrib/click-option-group,4,FALSE,0
click-contrib/click-option-group,5,FALSE,6
click-contrib/click-option-group,6,FALSE,4
cloud-utils/sqlalchemy-aurora-data-api,-6,TRUE,1
cloud-utils/sqlalchemy-aurora-data-api,-5,TRUE,3
cloud-utils/sqlalchemy-aurora-data-api,-4,TRUE,1
cloud-utils/sqlalchemy-aurora-data-api,-3,TRUE,1
cloud-utils/sqlalchemy-aurora-data-api,-2,TRUE,2
cloud-utils/sqlalchemy-aurora-data-api,-1,TRUE,1
cloud-utils/sqlalchemy-aurora-data-api,0,TRUE,0
cloud-utils/sqlalchemy-aurora-data-api,1,TRUE,0
cloud-utils/sqlalchemy-aurora-data-api,2,TRUE,0
cloud-utils/sqlalchemy-aurora-data-api,3,TRUE,0
cloud-utils/sqlalchemy-aurora-data-api,4,TRUE,0
cloud-utils/sqlalchemy-aurora-data-api,5,TRUE,0
cloudevents/sdk-python,-8,TRUE,4
cloudevents/sdk-python,-7,TRUE,7
cloudevents/sdk-python,-6,TRUE,0
cloudevents/sdk-python,-5,TRUE,15
cloudevents/sdk-python,-4,TRUE,46
cloudevents/sdk-python,-3,TRUE,4
cloudevents/sdk-python,-2,TRUE,9
cloudevents/sdk-python,-1,TRUE,5
cloudevents/sdk-python,0,TRUE,23
cloudevents/sdk-python,1,TRUE,0
cloudevents/sdk-python,2,TRUE,7
cloudevents/sdk-python,3,TRUE,6
cloudevents/sdk-python,4,TRUE,5
cloudevents/sdk-python,5,TRUE,2
clstoulouse/motu-client-python,-8,FALSE,1
clstoulouse/motu-client-python,-7,FALSE,0
clstoulouse/motu-client-python,-6,FALSE,0
clstoulouse/motu-client-python,-5,FALSE,2
clstoulouse/motu-client-python,-4,FALSE,2
clstoulouse/motu-client-python,-3,FALSE,1
clstoulouse/motu-client-python,-2,FALSE,0
clstoulouse/motu-client-python,-1,FALSE,0
clstoulouse/motu-client-python,0,FALSE,1
clstoulouse/motu-client-python,1,FALSE,0
clstoulouse/motu-client-python,2,FALSE,0
clstoulouse/motu-client-python,3,FALSE,0
clstoulouse/motu-client-python,4,FALSE,1
clstoulouse/motu-client-python,5,FALSE,0
clstoulouse/motu-client-python,6,FALSE,0
clstoulouse/motu-client-python,7,FALSE,0
clstoulouse/motu-client-python,8,FALSE,0
cockroachdb/sqlalchemy-cockroachdb,-11,FALSE,4
cockroachdb/sqlalchemy-cockroachdb,-10,FALSE,2
cockroachdb/sqlalchemy-cockroachdb,-9,FALSE,7
cockroachdb/sqlalchemy-cockroachdb,-8,FALSE,0
cockroachdb/sqlalchemy-cockroachdb,-7,FALSE,3
cockroachdb/sqlalchemy-cockroachdb,-6,FALSE,9
cockroachdb/sqlalchemy-cockroachdb,-5,FALSE,6
cockroachdb/sqlalchemy-cockroachdb,-4,FALSE,6
cockroachdb/sqlalchemy-cockroachdb,-3,FALSE,10
cockroachdb/sqlalchemy-cockroachdb,-2,FALSE,6
cockroachdb/sqlalchemy-cockroachdb,-1,FALSE,15
cockroachdb/sqlalchemy-cockroachdb,0,FALSE,5
cockroachdb/sqlalchemy-cockroachdb,1,FALSE,16
cockroachdb/sqlalchemy-cockroachdb,2,FALSE,9
cockroachdb/sqlalchemy-cockroachdb,3,FALSE,5
cockroachdb/sqlalchemy-cockroachdb,4,FALSE,3
cockroachdb/sqlalchemy-cockroachdb,5,FALSE,10
cockroachdb/sqlalchemy-cockroachdb,6,FALSE,8
cockroachdb/sqlalchemy-cockroachdb,7,FALSE,4
cockroachdb/sqlalchemy-cockroachdb,8,FALSE,11
cockroachdb/sqlalchemy-cockroachdb,9,FALSE,2
codypiersall/pynng,-5,FALSE,5
codypiersall/pynng,-4,FALSE,4
codypiersall/pynng,-3,FALSE,2
codypiersall/pynng,-2,FALSE,5
codypiersall/pynng,-1,FALSE,5
codypiersall/pynng,0,FALSE,2
codypiersall/pynng,1,FALSE,0
codypiersall/pynng,2,FALSE,4
codypiersall/pynng,3,FALSE,1
codypiersall/pynng,4,FALSE,1
codypiersall/pynng,5,FALSE,1
codypiersall/pynng,6,FALSE,5
codypiersall/pynng,7,FALSE,1
codypiersall/pynng,8,FALSE,1
coin-or/python-mip,-5,FALSE,0
coin-or/python-mip,-4,FALSE,1
coin-or/python-mip,-3,FALSE,13
coin-or/python-mip,-2,FALSE,24
coin-or/python-mip,-1,FALSE,9
coin-or/python-mip,0,FALSE,2
coin-or/python-mip,1,FALSE,2
coin-or/python-mip,2,FALSE,16
coin-or/python-mip,3,FALSE,13
coin-or/python-mip,4,FALSE,8
coin-or/python-mip,5,FALSE,1
coin-or/python-mip,6,FALSE,4
coin-or/python-mip,7,FALSE,3
coin-or/python-mip,8,FALSE,1
colcon/colcon-bundle,-6,TRUE,13
colcon/colcon-bundle,-5,TRUE,38
colcon/colcon-bundle,-4,TRUE,21
colcon/colcon-bundle,-3,TRUE,37
colcon/colcon-bundle,-2,TRUE,31
colcon/colcon-bundle,-1,TRUE,15
colcon/colcon-bundle,0,TRUE,1
colcon/colcon-bundle,1,TRUE,2
colcon/colcon-bundle,2,TRUE,2
colcon/colcon-bundle,3,TRUE,0
colcon/colcon-bundle,4,TRUE,0
colcon/colcon-bundle,5,TRUE,0
colcon/colcon-bundle,6,TRUE,0
colcon/colcon-bundle,7,TRUE,0
colcon/colcon-output,-5,TRUE,7
colcon/colcon-output,-4,TRUE,6
colcon/colcon-output,-3,TRUE,2
colcon/colcon-output,-2,TRUE,7
colcon/colcon-output,-1,TRUE,6
colcon/colcon-output,0,TRUE,4
colcon/colcon-output,1,TRUE,0
colcon/colcon-output,2,TRUE,4
colcon/colcon-output,3,TRUE,0
colcon/colcon-output,4,TRUE,1
colcon/colcon-output,5,TRUE,2
colcon/colcon-output,6,TRUE,0
colcon/colcon-output,7,TRUE,1
colcon/colcon-output,8,TRUE,0
colcon/colcon-output,9,TRUE,0
cole/aiosmtplib,-11,FALSE,0
cole/aiosmtplib,-10,FALSE,2
cole/aiosmtplib,-9,FALSE,0
cole/aiosmtplib,-8,FALSE,6
cole/aiosmtplib,-7,FALSE,0
cole/aiosmtplib,-6,FALSE,0
cole/aiosmtplib,-5,FALSE,1
cole/aiosmtplib,-4,FALSE,0
cole/aiosmtplib,-3,FALSE,2
cole/aiosmtplib,-2,FALSE,3
cole/aiosmtplib,-1,FALSE,4
cole/aiosmtplib,0,FALSE,5
cole/aiosmtplib,1,FALSE,1
cole/aiosmtplib,2,FALSE,2
cole/aiosmtplib,3,FALSE,1
cole/aiosmtplib,4,FALSE,2
cole/aiosmtplib,5,FALSE,2
cole/aiosmtplib,6,FALSE,2
cole/aiosmtplib,7,FALSE,1
cole/aiosmtplib,8,FALSE,2
cole/aiosmtplib,9,FALSE,9
coleifer/sqlcipher3,-6,FALSE,0
coleifer/sqlcipher3,-5,FALSE,2
coleifer/sqlcipher3,-4,FALSE,0
coleifer/sqlcipher3,-3,FALSE,0
coleifer/sqlcipher3,-2,FALSE,0
coleifer/sqlcipher3,-1,FALSE,1
coleifer/sqlcipher3,0,FALSE,0
coleifer/sqlcipher3,1,FALSE,0
coleifer/sqlcipher3,2,FALSE,0
coleifer/sqlcipher3,3,FALSE,1
coleifer/sqlcipher3,4,FALSE,0
coleifer/sqlcipher3,5,FALSE,0
coleifer/sqlcipher3,6,FALSE,0
collective/collective.solr,-12,FALSE,12
collective/collective.solr,-11,FALSE,30
collective/collective.solr,-10,FALSE,12
collective/collective.solr,-9,FALSE,25
collective/collective.solr,-8,FALSE,5
collective/collective.solr,-7,FALSE,1
collective/collective.solr,-6,FALSE,6
collective/collective.solr,-5,FALSE,7
collective/collective.solr,-4,FALSE,18
collective/collective.solr,-3,FALSE,15
collective/collective.solr,-2,FALSE,14
collective/collective.solr,-1,FALSE,11
collective/collective.solr,0,FALSE,6
collective/collective.solr,1,FALSE,21
collective/collective.solr,2,FALSE,15
collective/collective.solr,3,FALSE,7
collective/collective.solr,4,FALSE,9
collective/collective.solr,5,FALSE,4
collective/collective.solr,6,FALSE,5
collective/collective.solr,7,FALSE,5
collective/collective.solr,8,FALSE,0
commx/python-rrdtool,-10,FALSE,0
commx/python-rrdtool,-9,FALSE,1
commx/python-rrdtool,-8,FALSE,0
commx/python-rrdtool,-7,FALSE,3
commx/python-rrdtool,-6,FALSE,0
commx/python-rrdtool,-5,FALSE,0
commx/python-rrdtool,-4,FALSE,0
commx/python-rrdtool,-3,FALSE,1
commx/python-rrdtool,-2,FALSE,1
commx/python-rrdtool,-1,FALSE,1
commx/python-rrdtool,0,FALSE,0
commx/python-rrdtool,1,FALSE,1
commx/python-rrdtool,2,FALSE,0
commx/python-rrdtool,3,FALSE,0
commx/python-rrdtool,4,FALSE,0
commx/python-rrdtool,5,FALSE,0
commx/python-rrdtool,6,FALSE,0
commx/python-rrdtool,7,FALSE,0
commx/python-rrdtool,8,FALSE,0
commx/python-rrdtool,9,FALSE,0
commx/python-rrdtool,10,FALSE,0
computationalmodelling/nbval,-11,FALSE,1
computationalmodelling/nbval,-10,FALSE,2
computationalmodelling/nbval,-9,FALSE,0
computationalmodelling/nbval,-8,FALSE,2
computationalmodelling/nbval,-7,FALSE,27
computationalmodelling/nbval,-6,FALSE,8
computationalmodelling/nbval,-5,FALSE,8
computationalmodelling/nbval,-4,FALSE,4
computationalmodelling/nbval,-3,FALSE,1
computationalmodelling/nbval,-2,FALSE,6
computationalmodelling/nbval,-1,FALSE,6
computationalmodelling/nbval,0,FALSE,8
computationalmodelling/nbval,1,FALSE,4
computationalmodelling/nbval,2,FALSE,4
computationalmodelling/nbval,3,FALSE,1
computationalmodelling/nbval,4,FALSE,7
computationalmodelling/nbval,5,FALSE,2
computationalmodelling/nbval,6,FALSE,2
computationalmodelling/nbval,7,FALSE,0
computationalmodelling/nbval,8,FALSE,3
computationalmodelling/nbval,9,FALSE,8
connorferster/forallpeople,-5,FALSE,0
connorferster/forallpeople,-4,FALSE,0
connorferster/forallpeople,-3,FALSE,1
connorferster/forallpeople,-2,FALSE,1
connorferster/forallpeople,-1,FALSE,1
connorferster/forallpeople,0,FALSE,3
connorferster/forallpeople,1,FALSE,4
connorferster/forallpeople,2,FALSE,7
connorferster/forallpeople,3,FALSE,2
connorferster/forallpeople,4,FALSE,2
connorferster/forallpeople,5,FALSE,5
connorferster/forallpeople,6,FALSE,5
connorferster/forallpeople,7,FALSE,0
contentful/contentful.py,-15,FALSE,1
contentful/contentful.py,-14,FALSE,2
contentful/contentful.py,-13,FALSE,0
contentful/contentful.py,-12,FALSE,2
contentful/contentful.py,-11,FALSE,8
contentful/contentful.py,-10,FALSE,5
contentful/contentful.py,-9,FALSE,6
contentful/contentful.py,-8,FALSE,7
contentful/contentful.py,-7,FALSE,3
contentful/contentful.py,-6,FALSE,3
contentful/contentful.py,-5,FALSE,2
contentful/contentful.py,-4,FALSE,2
contentful/contentful.py,-3,FALSE,2
contentful/contentful.py,-2,FALSE,1
contentful/contentful.py,-1,FALSE,0
contentful/contentful.py,0,FALSE,4
contentful/contentful.py,1,FALSE,1
contentful/contentful.py,2,FALSE,0
contentful/contentful.py,3,FALSE,3
contentful/contentful.py,4,FALSE,1
contentful/contentful.py,5,FALSE,8
coreruleset/ftw,-7,FALSE,0
coreruleset/ftw,-6,FALSE,10
coreruleset/ftw,-5,FALSE,1
coreruleset/ftw,-4,FALSE,0
coreruleset/ftw,-3,FALSE,2
coreruleset/ftw,-2,FALSE,12
coreruleset/ftw,-1,FALSE,5
coreruleset/ftw,0,FALSE,12
coreruleset/ftw,1,FALSE,3
coreruleset/ftw,2,FALSE,2
coreruleset/ftw,3,FALSE,4
coreruleset/ftw,4,FALSE,1
coreruleset/ftw,5,FALSE,0
coreruleset/ftw,6,FALSE,0
coreruleset/ftw,7,FALSE,1
coreruleset/ftw,8,FALSE,0
coreruleset/ftw,9,FALSE,0
cphyc/matplotlib-label-lines,-7,FALSE,0
cphyc/matplotlib-label-lines,-6,FALSE,2
cphyc/matplotlib-label-lines,-5,FALSE,1
cphyc/matplotlib-label-lines,-4,FALSE,2
cphyc/matplotlib-label-lines,-3,FALSE,0
cphyc/matplotlib-label-lines,-2,FALSE,3
cphyc/matplotlib-label-lines,-1,FALSE,0
cphyc/matplotlib-label-lines,0,FALSE,7
cphyc/matplotlib-label-lines,1,FALSE,6
cphyc/matplotlib-label-lines,2,FALSE,4
cphyc/matplotlib-label-lines,3,FALSE,2
cphyc/matplotlib-label-lines,4,FALSE,3
cphyc/matplotlib-label-lines,5,FALSE,6
cphyc/matplotlib-label-lines,6,FALSE,0
cphyc/matplotlib-label-lines,7,FALSE,1
cphyc/matplotlib-label-lines,8,FALSE,11
crdoconnor/strictyaml,-12,FALSE,3
crdoconnor/strictyaml,-11,FALSE,1
crdoconnor/strictyaml,-10,FALSE,4
crdoconnor/strictyaml,-9,FALSE,1
crdoconnor/strictyaml,-8,FALSE,2
crdoconnor/strictyaml,-7,FALSE,2
crdoconnor/strictyaml,-6,FALSE,5
crdoconnor/strictyaml,-5,FALSE,6
crdoconnor/strictyaml,-4,FALSE,3
crdoconnor/strictyaml,-3,FALSE,4
crdoconnor/strictyaml,-2,FALSE,2
crdoconnor/strictyaml,-1,FALSE,2
crdoconnor/strictyaml,0,FALSE,1
crdoconnor/strictyaml,1,FALSE,1
crdoconnor/strictyaml,2,FALSE,0
crdoconnor/strictyaml,3,FALSE,0
crdoconnor/strictyaml,4,FALSE,1
crdoconnor/strictyaml,5,FALSE,1
cronofy/pycronofy,-9,TRUE,1
cronofy/pycronofy,-8,TRUE,3
cronofy/pycronofy,-7,TRUE,14
cronofy/pycronofy,-6,TRUE,3
cronofy/pycronofy,-5,TRUE,7
cronofy/pycronofy,-4,TRUE,2
cronofy/pycronofy,-3,TRUE,1
cronofy/pycronofy,-2,TRUE,1
cronofy/pycronofy,-1,TRUE,7
cronofy/pycronofy,0,TRUE,6
cronofy/pycronofy,1,TRUE,7
cronofy/pycronofy,2,TRUE,0
cronofy/pycronofy,3,TRUE,0
cronofy/pycronofy,4,TRUE,16
cronofy/pycronofy,5,TRUE,4
cronofy/pycronofy,6,TRUE,2
cronofy/pycronofy,7,TRUE,1
crytic/crytic-compile,-7,FALSE,12
crytic/crytic-compile,-6,FALSE,21
crytic/crytic-compile,-5,FALSE,25
crytic/crytic-compile,-4,FALSE,28
crytic/crytic-compile,-3,FALSE,27
crytic/crytic-compile,-2,FALSE,23
crytic/crytic-compile,-1,FALSE,13
crytic/crytic-compile,0,FALSE,21
crytic/crytic-compile,1,FALSE,70
crytic/crytic-compile,2,FALSE,24
crytic/crytic-compile,3,FALSE,13
crytic/crytic-compile,4,FALSE,2
crytic/crytic-compile,5,FALSE,12
csingley/ofxtools,-15,FALSE,1
csingley/ofxtools,-14,FALSE,1
csingley/ofxtools,-13,FALSE,1
csingley/ofxtools,-12,FALSE,0
csingley/ofxtools,-11,FALSE,4
csingley/ofxtools,-10,FALSE,2
csingley/ofxtools,-9,FALSE,8
csingley/ofxtools,-8,FALSE,0
csingley/ofxtools,-7,FALSE,1
csingley/ofxtools,-6,FALSE,3
csingley/ofxtools,-5,FALSE,2
csingley/ofxtools,-4,FALSE,8
csingley/ofxtools,-3,FALSE,7
csingley/ofxtools,-2,FALSE,4
csingley/ofxtools,-1,FALSE,0
csingley/ofxtools,0,FALSE,0
csingley/ofxtools,1,FALSE,5
csingley/ofxtools,2,FALSE,1
csingley/ofxtools,3,FALSE,1
csingley/ofxtools,4,FALSE,0
csingley/ofxtools,5,FALSE,2
cvangysel/pytrec_eval,-8,FALSE,0
cvangysel/pytrec_eval,-7,FALSE,2
cvangysel/pytrec_eval,-6,FALSE,2
cvangysel/pytrec_eval,-5,FALSE,0
cvangysel/pytrec_eval,-4,FALSE,5
cvangysel/pytrec_eval,-3,FALSE,2
cvangysel/pytrec_eval,-2,FALSE,2
cvangysel/pytrec_eval,-1,FALSE,0
cvangysel/pytrec_eval,0,FALSE,0
cvangysel/pytrec_eval,1,FALSE,1
cvangysel/pytrec_eval,2,FALSE,0
cvangysel/pytrec_eval,3,FALSE,0
cvangysel/pytrec_eval,4,FALSE,0
cvangysel/pytrec_eval,5,FALSE,0
cvangysel/pytrec_eval,6,FALSE,0
da4089/simplefix,-11,FALSE,0
da4089/simplefix,-10,FALSE,0
da4089/simplefix,-9,FALSE,2
da4089/simplefix,-8,FALSE,0
da4089/simplefix,-7,FALSE,1
da4089/simplefix,-6,FALSE,1
da4089/simplefix,-5,FALSE,0
da4089/simplefix,-4,FALSE,4
da4089/simplefix,-3,FALSE,0
da4089/simplefix,-2,FALSE,0
da4089/simplefix,-1,FALSE,2
da4089/simplefix,0,FALSE,3
da4089/simplefix,1,FALSE,2
da4089/simplefix,2,FALSE,3
da4089/simplefix,3,FALSE,1
da4089/simplefix,4,FALSE,0
da4089/simplefix,5,FALSE,0
da4089/simplefix,6,FALSE,2
daler/gffutils,-10,FALSE,0
daler/gffutils,-9,FALSE,0
daler/gffutils,-8,FALSE,6
daler/gffutils,-7,FALSE,1
daler/gffutils,-6,FALSE,1
daler/gffutils,-5,FALSE,4
daler/gffutils,-4,FALSE,1
daler/gffutils,-3,FALSE,1
daler/gffutils,-2,FALSE,10
daler/gffutils,-1,FALSE,12
daler/gffutils,0,FALSE,3
daler/gffutils,1,FALSE,2
daler/gffutils,2,FALSE,1
daler/gffutils,3,FALSE,3
daler/gffutils,4,FALSE,15
daler/gffutils,5,FALSE,3
daler/gffutils,6,FALSE,5
daler/gffutils,7,FALSE,2
daler/gffutils,8,FALSE,4
daler/gffutils,9,FALSE,1
daler/gffutils,10,FALSE,1
dalibo/pg_activity,-12,FALSE,1
dalibo/pg_activity,-11,FALSE,4
dalibo/pg_activity,-10,FALSE,0
dalibo/pg_activity,-9,FALSE,5
dalibo/pg_activity,-8,FALSE,2
dalibo/pg_activity,-7,FALSE,4
dalibo/pg_activity,-6,FALSE,0
dalibo/pg_activity,-5,FALSE,16
dalibo/pg_activity,-4,FALSE,9
dalibo/pg_activity,-3,FALSE,5
dalibo/pg_activity,-2,FALSE,14
dalibo/pg_activity,-1,FALSE,13
dalibo/pg_activity,0,FALSE,37
dalibo/pg_activity,1,FALSE,15
dalibo/pg_activity,2,FALSE,26
dalibo/pg_activity,3,FALSE,18
dalibo/pg_activity,4,FALSE,35
dalibo/pg_activity,5,FALSE,10
dalibo/pg_activity,6,FALSE,12
dalibo/pg_activity,7,FALSE,2
dalibo/pg_activity,8,FALSE,3
danieliu/play-scraper,-7,TRUE,1
danieliu/play-scraper,-6,TRUE,0
danieliu/play-scraper,-5,TRUE,0
danieliu/play-scraper,-4,TRUE,0
danieliu/play-scraper,-3,TRUE,1
danieliu/play-scraper,-2,TRUE,3
danieliu/play-scraper,-1,TRUE,8
danieliu/play-scraper,0,TRUE,2
danieliu/play-scraper,1,TRUE,0
danieliu/play-scraper,2,TRUE,1
danieliu/play-scraper,3,TRUE,0
danieliu/play-scraper,4,TRUE,0
danieliu/play-scraper,5,TRUE,0
danieliu/play-scraper,6,TRUE,0
danieliu/play-scraper,7,TRUE,0
danieliu/play-scraper,8,TRUE,0
danieliu/play-scraper,9,TRUE,0
danieliu/play-scraper,10,TRUE,1
danieliu/play-scraper,11,TRUE,1
danielplohmann/smda,-6,FALSE,2
danielplohmann/smda,-5,FALSE,0
danielplohmann/smda,-4,FALSE,0
danielplohmann/smda,-3,FALSE,0
danielplohmann/smda,-2,FALSE,4
danielplohmann/smda,-1,FALSE,2
danielplohmann/smda,0,FALSE,2
danielplohmann/smda,1,FALSE,0
danielplohmann/smda,2,FALSE,2
danielplohmann/smda,3,FALSE,2
danielplohmann/smda,4,FALSE,0
danielplohmann/smda,5,FALSE,2
danielplohmann/smda,6,FALSE,0
danielplohmann/smda,7,FALSE,8
dashingsoft/pyarmor,-7,FALSE,0
dashingsoft/pyarmor,-6,FALSE,0
dashingsoft/pyarmor,-5,FALSE,0
dashingsoft/pyarmor,-4,FALSE,2
dashingsoft/pyarmor,-3,FALSE,0
dashingsoft/pyarmor,-2,FALSE,1
dashingsoft/pyarmor,-1,FALSE,4
dashingsoft/pyarmor,0,FALSE,4
dashingsoft/pyarmor,1,FALSE,5
dashingsoft/pyarmor,2,FALSE,4
dashingsoft/pyarmor,3,FALSE,1
dashingsoft/pyarmor,4,FALSE,5
dashingsoft/pyarmor,5,FALSE,5
dashingsoft/pyarmor,6,FALSE,5
dashingsoft/pyarmor,7,FALSE,3
dashingsoft/pyarmor,8,FALSE,3
dashingsoft/pyarmor,9,FALSE,3
dashingsoft/pyarmor,10,FALSE,0
dask/dask-kubernetes,-8,FALSE,0
dask/dask-kubernetes,-7,FALSE,6
dask/dask-kubernetes,-6,FALSE,44
dask/dask-kubernetes,-5,FALSE,14
dask/dask-kubernetes,-4,FALSE,22
dask/dask-kubernetes,-3,FALSE,18
dask/dask-kubernetes,-2,FALSE,11
dask/dask-kubernetes,-1,FALSE,15
dask/dask-kubernetes,0,FALSE,25
dask/dask-kubernetes,1,FALSE,9
dask/dask-kubernetes,2,FALSE,89
dask/dask-kubernetes,3,FALSE,59
dask/dask-kubernetes,4,FALSE,63
dask/dask-kubernetes,5,FALSE,55
dask/dask-kubernetes,6,FALSE,23
dask/dask-kubernetes,7,FALSE,11
dask/dask-kubernetes,8,FALSE,12
dask/dask-ml,-8,FALSE,70
dask/dask-ml,-7,FALSE,54
dask/dask-ml,-6,FALSE,88
dask/dask-ml,-5,FALSE,49
dask/dask-ml,-4,FALSE,32
dask/dask-ml,-3,FALSE,50
dask/dask-ml,-2,FALSE,37
dask/dask-ml,-1,FALSE,37
dask/dask-ml,0,FALSE,17
dask/dask-ml,1,FALSE,19
dask/dask-ml,2,FALSE,1
dask/dask-ml,3,FALSE,7
dask/dask-ml,4,FALSE,0
dask/dask-ml,5,FALSE,7
dask/dask-ml,6,FALSE,3
dask/dask-ml,7,FALSE,5
datacamp/protowhat,-10,TRUE,11
datacamp/protowhat,-9,TRUE,2
datacamp/protowhat,-8,TRUE,4
datacamp/protowhat,-7,TRUE,8
datacamp/protowhat,-6,TRUE,12
datacamp/protowhat,-5,TRUE,1
datacamp/protowhat,-4,TRUE,0
datacamp/protowhat,-3,TRUE,1
datacamp/protowhat,-2,TRUE,1
datacamp/protowhat,-1,TRUE,3
datacamp/protowhat,0,TRUE,2
datacamp/protowhat,1,TRUE,0
datacamp/protowhat,2,TRUE,0
datacamp/protowhat,3,TRUE,1
datacamp/protowhat,4,TRUE,1
datacamp/protowhat,5,TRUE,2
datadriventests/ddt,-9,FALSE,5
datadriventests/ddt,-8,FALSE,4
datadriventests/ddt,-7,FALSE,4
datadriventests/ddt,-6,FALSE,1
datadriventests/ddt,-5,FALSE,0
datadriventests/ddt,-4,FALSE,4
datadriventests/ddt,-3,FALSE,4
datadriventests/ddt,-2,FALSE,0
datadriventests/ddt,-1,FALSE,1
datadriventests/ddt,0,FALSE,3
datadriventests/ddt,1,FALSE,9
datadriventests/ddt,2,FALSE,3
datadriventests/ddt,3,FALSE,1
datadriventests/ddt,4,FALSE,0
datadriventests/ddt,5,FALSE,6
datadriventests/ddt,6,FALSE,1
datadriventests/ddt,7,FALSE,0
datadriventests/ddt,8,FALSE,1
datadriventests/ddt,9,FALSE,1
datadriventests/ddt,10,FALSE,2
datadriventests/ddt,11,FALSE,1
davidban77/gns3fy,-6,FALSE,35
davidban77/gns3fy,-5,FALSE,12
davidban77/gns3fy,-4,FALSE,6
davidban77/gns3fy,-3,FALSE,1
davidban77/gns3fy,-2,FALSE,3
davidban77/gns3fy,-1,FALSE,6
davidban77/gns3fy,0,FALSE,0
davidban77/gns3fy,1,FALSE,3
davidban77/gns3fy,2,FALSE,1
davidban77/gns3fy,3,FALSE,0
davidban77/gns3fy,4,FALSE,1
davidban77/gns3fy,5,FALSE,0
davidhalter/jedi,-10,FALSE,22
davidhalter/jedi,-9,FALSE,22
davidhalter/jedi,-8,FALSE,27
davidhalter/jedi,-7,FALSE,24
davidhalter/jedi,-6,FALSE,30
davidhalter/jedi,-5,FALSE,21
davidhalter/jedi,-4,FALSE,40
davidhalter/jedi,-3,FALSE,28
davidhalter/jedi,-2,FALSE,22
davidhalter/jedi,-1,FALSE,24
davidhalter/jedi,0,FALSE,50
davidhalter/jedi,1,FALSE,19
davidhalter/jedi,2,FALSE,6
davidhalter/jedi,3,FALSE,11
davidhalter/jedi,4,FALSE,4
davidhalter/jedi,5,FALSE,7
davidhalter/jedi,6,FALSE,17
davidhalter/jedi,7,FALSE,10
davidhalter/jedi,8,FALSE,8
davidhalter/jedi,9,FALSE,6
davidhalter/jedi,10,FALSE,6
davidmuller/aws-requests-auth,-12,TRUE,7
davidmuller/aws-requests-auth,-11,TRUE,8
davidmuller/aws-requests-auth,-10,TRUE,0
davidmuller/aws-requests-auth,-9,TRUE,4
davidmuller/aws-requests-auth,-8,TRUE,4
davidmuller/aws-requests-auth,-7,TRUE,0
davidmuller/aws-requests-auth,-6,TRUE,1
davidmuller/aws-requests-auth,-5,TRUE,1
davidmuller/aws-requests-auth,-4,TRUE,3
davidmuller/aws-requests-auth,-3,TRUE,4
davidmuller/aws-requests-auth,-2,TRUE,0
davidmuller/aws-requests-auth,-1,TRUE,1
davidmuller/aws-requests-auth,0,TRUE,1
davidmuller/aws-requests-auth,1,TRUE,3
davidmuller/aws-requests-auth,2,TRUE,0
davidmuller/aws-requests-auth,3,TRUE,0
davidmuller/aws-requests-auth,4,TRUE,0
davidmuller/aws-requests-auth,5,TRUE,0
davidmuller/aws-requests-auth,6,TRUE,0
davidmuller/aws-requests-auth,7,TRUE,0
dbcli/cli_helpers,-8,TRUE,16
dbcli/cli_helpers,-7,TRUE,16
dbcli/cli_helpers,-6,TRUE,5
dbcli/cli_helpers,-5,TRUE,6
dbcli/cli_helpers,-4,TRUE,7
dbcli/cli_helpers,-3,TRUE,0
dbcli/cli_helpers,-2,TRUE,9
dbcli/cli_helpers,-1,TRUE,1
dbcli/cli_helpers,0,TRUE,7
dbcli/cli_helpers,1,TRUE,0
dbcli/cli_helpers,2,TRUE,1
dbcli/cli_helpers,3,TRUE,3
dbcli/cli_helpers,4,TRUE,0
dbcli/cli_helpers,5,TRUE,1
dbcli/cli_helpers,6,TRUE,2
dbcli/cli_helpers,7,TRUE,1
dbcli/cli_helpers,8,TRUE,0
devopshq/artifactory,-7,FALSE,0
devopshq/artifactory,-6,FALSE,0
devopshq/artifactory,-5,FALSE,2
devopshq/artifactory,-4,FALSE,5
devopshq/artifactory,-3,FALSE,14
devopshq/artifactory,-2,FALSE,16
devopshq/artifactory,-1,FALSE,31
devopshq/artifactory,0,FALSE,19
devopshq/artifactory,1,FALSE,23
devopshq/artifactory,2,FALSE,23
devopshq/artifactory,3,FALSE,40
devopshq/artifactory,4,FALSE,10
devopshq/artifactory,5,FALSE,18
devopshq/artifactory,6,FALSE,5
devopshq/artifactory,7,FALSE,8
devopshq/artifactory,8,FALSE,4
devopshq/artifactory,9,FALSE,6
devopshq/artifactory,10,FALSE,8
dfurtado/dataclass-csv,-8,TRUE,5
dfurtado/dataclass-csv,-7,TRUE,5
dfurtado/dataclass-csv,-6,TRUE,0
dfurtado/dataclass-csv,-5,TRUE,4
dfurtado/dataclass-csv,-4,TRUE,1
dfurtado/dataclass-csv,-3,TRUE,7
dfurtado/dataclass-csv,-2,TRUE,4
dfurtado/dataclass-csv,-1,TRUE,0
dfurtado/dataclass-csv,0,TRUE,0
dfurtado/dataclass-csv,1,TRUE,0
dfurtado/dataclass-csv,2,TRUE,1
dfurtado/dataclass-csv,3,TRUE,1
dfurtado/dataclass-csv,4,TRUE,1
dfurtado/dataclass-csv,5,TRUE,0
dimagi/django-cte,-8,FALSE,2
dimagi/django-cte,-7,FALSE,1
dimagi/django-cte,-6,FALSE,0
dimagi/django-cte,-5,FALSE,0
dimagi/django-cte,-4,FALSE,6
dimagi/django-cte,-3,FALSE,0
dimagi/django-cte,-2,FALSE,0
dimagi/django-cte,-1,FALSE,7
dimagi/django-cte,0,FALSE,9
dimagi/django-cte,1,FALSE,5
dimagi/django-cte,2,FALSE,2
dimagi/django-cte,3,FALSE,7
dimagi/django-cte,4,FALSE,3
dimagi/django-cte,5,FALSE,0
dimagi/django-cte,6,FALSE,10
dirkjanm/bloodhound.py,-8,FALSE,2
dirkjanm/bloodhound.py,-7,FALSE,0
dirkjanm/bloodhound.py,-6,FALSE,3
dirkjanm/bloodhound.py,-5,FALSE,5
dirkjanm/bloodhound.py,-4,FALSE,9
dirkjanm/bloodhound.py,-3,FALSE,0
dirkjanm/bloodhound.py,-2,FALSE,8
dirkjanm/bloodhound.py,-1,FALSE,3
dirkjanm/bloodhound.py,0,FALSE,4
dirkjanm/bloodhound.py,1,FALSE,19
dirkjanm/bloodhound.py,2,FALSE,6
dirkjanm/bloodhound.py,3,FALSE,12
dirkjanm/bloodhound.py,4,FALSE,12
dirkjanm/bloodhound.py,5,FALSE,4
dirkjanm/bloodhound.py,6,FALSE,11
dirkjanm/ldapdomaindump,-9,FALSE,0
dirkjanm/ldapdomaindump,-8,FALSE,0
dirkjanm/ldapdomaindump,-7,FALSE,0
dirkjanm/ldapdomaindump,-6,FALSE,0
dirkjanm/ldapdomaindump,-5,FALSE,2
dirkjanm/ldapdomaindump,-4,FALSE,1
dirkjanm/ldapdomaindump,-3,FALSE,0
dirkjanm/ldapdomaindump,-2,FALSE,4
dirkjanm/ldapdomaindump,-1,FALSE,0
dirkjanm/ldapdomaindump,0,FALSE,0
dirkjanm/ldapdomaindump,1,FALSE,1
dirkjanm/ldapdomaindump,2,FALSE,2
dirkjanm/ldapdomaindump,3,FALSE,3
dirkjanm/ldapdomaindump,4,FALSE,1
dirkjanm/ldapdomaindump,5,FALSE,5
dirkjanm/ldapdomaindump,6,FALSE,2
dirkjanm/ldapdomaindump,7,FALSE,3
dirkjanm/ldapdomaindump,8,FALSE,2
disqus/django-bitfield,-10,FALSE,4
disqus/django-bitfield,-9,FALSE,4
disqus/django-bitfield,-8,FALSE,1
disqus/django-bitfield,-7,FALSE,6
disqus/django-bitfield,-6,FALSE,2
disqus/django-bitfield,-5,FALSE,0
disqus/django-bitfield,-4,FALSE,1
disqus/django-bitfield,-3,FALSE,2
disqus/django-bitfield,-2,FALSE,0
disqus/django-bitfield,-1,FALSE,4
disqus/django-bitfield,0,FALSE,12
disqus/django-bitfield,1,FALSE,1
disqus/django-bitfield,2,FALSE,4
disqus/django-bitfield,3,FALSE,2
disqus/django-bitfield,4,FALSE,0
disqus/django-bitfield,5,FALSE,2
disqus/django-bitfield,6,FALSE,3
disqus/django-bitfield,7,FALSE,0
disqus/django-bitfield,8,FALSE,1
disqus/django-bitfield,9,FALSE,1
disqus/django-bitfield,10,FALSE,0
divio/aldryn-forms,-11,TRUE,17
divio/aldryn-forms,-10,TRUE,24
divio/aldryn-forms,-9,TRUE,15
divio/aldryn-forms,-8,TRUE,5
divio/aldryn-forms,-7,TRUE,5
divio/aldryn-forms,-6,TRUE,18
divio/aldryn-forms,-5,TRUE,11
divio/aldryn-forms,-4,TRUE,3
divio/aldryn-forms,-3,TRUE,7
divio/aldryn-forms,-2,TRUE,3
divio/aldryn-forms,-1,TRUE,7
divio/aldryn-forms,0,TRUE,1
divio/aldryn-forms,1,TRUE,1
divio/aldryn-forms,2,TRUE,1
divio/aldryn-forms,3,TRUE,0
divio/aldryn-forms,4,TRUE,0
divio/aldryn-forms,5,TRUE,0
divio/aldryn-forms,6,TRUE,0
divio/aldryn-forms,7,TRUE,0
divio/aldryn-forms,8,TRUE,0
divio/aldryn-forms,9,TRUE,0
django-auth-ldap/django-auth-ldap,-9,FALSE,46
django-auth-ldap/django-auth-ldap,-8,FALSE,29
django-auth-ldap/django-auth-ldap,-7,FALSE,13
django-auth-ldap/django-auth-ldap,-6,FALSE,19
django-auth-ldap/django-auth-ldap,-5,FALSE,10
django-auth-ldap/django-auth-ldap,-4,FALSE,8
django-auth-ldap/django-auth-ldap,-3,FALSE,32
django-auth-ldap/django-auth-ldap,-2,FALSE,9
django-auth-ldap/django-auth-ldap,-1,FALSE,14
django-auth-ldap/django-auth-ldap,0,FALSE,5
django-auth-ldap/django-auth-ldap,1,FALSE,7
django-auth-ldap/django-auth-ldap,2,FALSE,7
django-auth-ldap/django-auth-ldap,3,FALSE,3
django-auth-ldap/django-auth-ldap,4,FALSE,12
django-auth-ldap/django-auth-ldap,5,FALSE,7
django-cas-ng/django-cas-ng,-14,FALSE,18
django-cas-ng/django-cas-ng,-13,FALSE,16
django-cas-ng/django-cas-ng,-12,FALSE,6
django-cas-ng/django-cas-ng,-11,FALSE,11
django-cas-ng/django-cas-ng,-10,FALSE,8
django-cas-ng/django-cas-ng,-9,FALSE,8
django-cas-ng/django-cas-ng,-8,FALSE,5
django-cas-ng/django-cas-ng,-7,FALSE,17
django-cas-ng/django-cas-ng,-6,FALSE,11
django-cas-ng/django-cas-ng,-5,FALSE,17
django-cas-ng/django-cas-ng,-4,FALSE,6
django-cas-ng/django-cas-ng,-3,FALSE,10
django-cas-ng/django-cas-ng,-2,FALSE,8
django-cas-ng/django-cas-ng,-1,FALSE,7
django-cas-ng/django-cas-ng,0,FALSE,2
django-cas-ng/django-cas-ng,1,FALSE,10
django-cas-ng/django-cas-ng,2,FALSE,2
django-cas-ng/django-cas-ng,3,FALSE,3
django-cas-ng/django-cas-ng,4,FALSE,1
django-cas-ng/django-cas-ng,5,FALSE,8
django-cas-ng/django-cas-ng,6,FALSE,7
django-cms/django-classy-tags,-10,TRUE,2
django-cms/django-classy-tags,-9,TRUE,0
django-cms/django-classy-tags,-8,TRUE,5
django-cms/django-classy-tags,-7,TRUE,1
django-cms/django-classy-tags,-6,TRUE,1
django-cms/django-classy-tags,-5,TRUE,0
django-cms/django-classy-tags,-4,TRUE,1
django-cms/django-classy-tags,-3,TRUE,0
django-cms/django-classy-tags,-2,TRUE,2
django-cms/django-classy-tags,-1,TRUE,4
django-cms/django-classy-tags,0,TRUE,2
django-cms/django-classy-tags,1,TRUE,4
django-cms/django-classy-tags,2,TRUE,1
django-cms/django-classy-tags,3,TRUE,3
django-cms/django-classy-tags,4,TRUE,6
django-cms/django-classy-tags,5,TRUE,4
django-cms/django-classy-tags,6,TRUE,1
django-cms/django-classy-tags,7,TRUE,1
django-cms/django-classy-tags,8,TRUE,0
django-cms/django-classy-tags,9,TRUE,1
django-cms/django-classy-tags,10,TRUE,1
django-crispy-forms/django-crispy-forms,-13,FALSE,18
django-crispy-forms/django-crispy-forms,-12,FALSE,65
django-crispy-forms/django-crispy-forms,-11,FALSE,23
django-crispy-forms/django-crispy-forms,-10,FALSE,37
django-crispy-forms/django-crispy-forms,-9,FALSE,28
django-crispy-forms/django-crispy-forms,-8,FALSE,17
django-crispy-forms/django-crispy-forms,-7,FALSE,26
django-crispy-forms/django-crispy-forms,-6,FALSE,7
django-crispy-forms/django-crispy-forms,-5,FALSE,17
django-crispy-forms/django-crispy-forms,-4,FALSE,50
django-crispy-forms/django-crispy-forms,-3,FALSE,46
django-crispy-forms/django-crispy-forms,-2,FALSE,30
django-crispy-forms/django-crispy-forms,-1,FALSE,35
django-crispy-forms/django-crispy-forms,0,FALSE,12
django-crispy-forms/django-crispy-forms,1,FALSE,61
django-crispy-forms/django-crispy-forms,2,FALSE,29
django-crispy-forms/django-crispy-forms,3,FALSE,16
django-crispy-forms/django-crispy-forms,4,FALSE,10
django-crispy-forms/django-crispy-forms,5,FALSE,9
django-crispy-forms/django-crispy-forms,6,FALSE,7
django-crispy-forms/django-crispy-forms,7,FALSE,8
django-ses/django-ses,-9,FALSE,3
django-ses/django-ses,-8,FALSE,2
django-ses/django-ses,-7,FALSE,10
django-ses/django-ses,-6,FALSE,6
django-ses/django-ses,-5,FALSE,4
django-ses/django-ses,-4,FALSE,12
django-ses/django-ses,-3,FALSE,5
django-ses/django-ses,-2,FALSE,3
django-ses/django-ses,-1,FALSE,3
django-ses/django-ses,0,FALSE,5
django-ses/django-ses,1,FALSE,5
django-ses/django-ses,2,FALSE,3
django-ses/django-ses,3,FALSE,8
django-ses/django-ses,4,FALSE,9
django-ses/django-ses,5,FALSE,11
django-ses/django-ses,6,FALSE,9
django-ses/django-ses,7,FALSE,5
django-ses/django-ses,8,FALSE,6
django-ses/django-ses,9,FALSE,6
django-ses/django-ses,10,FALSE,6
django-ses/django-ses,11,FALSE,2
dkriegner/xrayutilities,-8,FALSE,0
dkriegner/xrayutilities,-7,FALSE,0
dkriegner/xrayutilities,-6,FALSE,1
dkriegner/xrayutilities,-5,FALSE,0
dkriegner/xrayutilities,-4,FALSE,0
dkriegner/xrayutilities,-3,FALSE,1
dkriegner/xrayutilities,-2,FALSE,0
dkriegner/xrayutilities,-1,FALSE,3
dkriegner/xrayutilities,0,FALSE,0
dkriegner/xrayutilities,1,FALSE,4
dkriegner/xrayutilities,2,FALSE,2
dkriegner/xrayutilities,3,FALSE,3
dkriegner/xrayutilities,4,FALSE,1
dkriegner/xrayutilities,5,FALSE,3
dkriegner/xrayutilities,6,FALSE,15
dkriegner/xrayutilities,7,FALSE,6
dkriegner/xrayutilities,8,FALSE,6
dkriegner/xrayutilities,9,FALSE,3
dkriegner/xrayutilities,10,FALSE,12
dmlc/decord,-6,FALSE,0
dmlc/decord,-5,FALSE,6
dmlc/decord,-4,FALSE,24
dmlc/decord,-3,FALSE,8
dmlc/decord,-2,FALSE,11
dmlc/decord,-1,FALSE,4
dmlc/decord,0,FALSE,1
dmlc/decord,1,FALSE,3
dmlc/decord,2,FALSE,3
dmlc/decord,3,FALSE,2
dmlc/decord,4,FALSE,1
dmlc/decord,5,FALSE,2
dmlc/decord,6,FALSE,5
dnanexus/dx-toolkit,-9,TRUE,16
dnanexus/dx-toolkit,-8,TRUE,11
dnanexus/dx-toolkit,-7,TRUE,35
dnanexus/dx-toolkit,-6,TRUE,27
dnanexus/dx-toolkit,-5,TRUE,24
dnanexus/dx-toolkit,-4,TRUE,51
dnanexus/dx-toolkit,-3,TRUE,71
dnanexus/dx-toolkit,-2,TRUE,70
dnanexus/dx-toolkit,-1,TRUE,67
dnanexus/dx-toolkit,0,TRUE,29
dnanexus/dx-toolkit,1,TRUE,37
dnanexus/dx-toolkit,2,TRUE,20
dnanexus/dx-toolkit,3,TRUE,26
dnanexus/dx-toolkit,4,TRUE,26
dnanexus/dx-toolkit,5,TRUE,38
dnanexus/dx-toolkit,6,TRUE,92
dnanexus/dx-toolkit,7,TRUE,151
dnanexus/dx-toolkit,8,TRUE,157
dnanexus/dx-toolkit,9,TRUE,62
dnanexus/dx-toolkit,10,TRUE,30
dnanexus/dx-toolkit,11,TRUE,47
dominiktraxl/pykrakenapi,-7,FALSE,2
dominiktraxl/pykrakenapi,-6,FALSE,3
dominiktraxl/pykrakenapi,-5,FALSE,0
dominiktraxl/pykrakenapi,-4,FALSE,0
dominiktraxl/pykrakenapi,-3,FALSE,1
dominiktraxl/pykrakenapi,-2,FALSE,2
dominiktraxl/pykrakenapi,-1,FALSE,1
dominiktraxl/pykrakenapi,0,FALSE,2
dominiktraxl/pykrakenapi,1,FALSE,2
dominiktraxl/pykrakenapi,2,FALSE,3
dominiktraxl/pykrakenapi,3,FALSE,1
dominiktraxl/pykrakenapi,4,FALSE,0
dominiktraxl/pykrakenapi,5,FALSE,1
dominiktraxl/pykrakenapi,6,FALSE,1
dominiktraxl/pykrakenapi,7,FALSE,1
dominiktraxl/pykrakenapi,8,FALSE,0
dranjan/python-plyfile,-12,FALSE,1
dranjan/python-plyfile,-11,FALSE,0
dranjan/python-plyfile,-10,FALSE,0
dranjan/python-plyfile,-9,FALSE,1
dranjan/python-plyfile,-8,FALSE,0
dranjan/python-plyfile,-7,FALSE,1
dranjan/python-plyfile,-6,FALSE,1
dranjan/python-plyfile,-5,FALSE,2
dranjan/python-plyfile,-4,FALSE,0
dranjan/python-plyfile,-3,FALSE,0
dranjan/python-plyfile,-2,FALSE,1
dranjan/python-plyfile,-1,FALSE,2
dranjan/python-plyfile,0,FALSE,1
dranjan/python-plyfile,1,FALSE,0
dranjan/python-plyfile,2,FALSE,0
dranjan/python-plyfile,3,FALSE,0
dranjan/python-plyfile,4,FALSE,9
dranjan/python-plyfile,5,FALSE,5
dranjan/python-plyfile,6,FALSE,2
dranjan/python-plyfile,7,FALSE,2
dranjan/python-plyfile,8,FALSE,0
dreal/dreal4,-9,TRUE,2
dreal/dreal4,-8,TRUE,16
dreal/dreal4,-7,TRUE,5
dreal/dreal4,-6,TRUE,6
dreal/dreal4,-5,TRUE,3
dreal/dreal4,-4,TRUE,3
dreal/dreal4,-3,TRUE,12
dreal/dreal4,-2,TRUE,6
dreal/dreal4,-1,TRUE,1
dreal/dreal4,0,TRUE,0
dreal/dreal4,1,TRUE,11
dreal/dreal4,2,TRUE,5
dreal/dreal4,3,TRUE,1
dreal/dreal4,4,TRUE,1
dreal/dreal4,5,TRUE,0
dreal/dreal4,6,TRUE,0
drhagen/parsita,-8,FALSE,2
drhagen/parsita,-7,FALSE,5
drhagen/parsita,-6,FALSE,0
drhagen/parsita,-5,FALSE,0
drhagen/parsita,-4,FALSE,0
drhagen/parsita,-3,FALSE,0
drhagen/parsita,-2,FALSE,0
drhagen/parsita,-1,FALSE,2
drhagen/parsita,0,FALSE,0
drhagen/parsita,1,FALSE,0
drhagen/parsita,2,FALSE,0
drhagen/parsita,3,FALSE,1
drhagen/parsita,4,FALSE,8
drhagen/parsita,5,FALSE,44
drhagen/parsita,6,FALSE,4
drhagen/parsita,7,FALSE,4
drhagen/parsita,8,FALSE,8
drhagen/parsita,9,FALSE,2
druid-io/pydruid,-11,FALSE,6
druid-io/pydruid,-10,FALSE,6
druid-io/pydruid,-9,FALSE,18
druid-io/pydruid,-8,FALSE,8
druid-io/pydruid,-7,FALSE,10
druid-io/pydruid,-6,FALSE,10
druid-io/pydruid,-5,FALSE,16
druid-io/pydruid,-4,FALSE,6
druid-io/pydruid,-3,FALSE,19
druid-io/pydruid,-2,FALSE,13
druid-io/pydruid,-1,FALSE,24
druid-io/pydruid,0,FALSE,11
druid-io/pydruid,1,FALSE,9
druid-io/pydruid,2,FALSE,9
druid-io/pydruid,3,FALSE,5
druid-io/pydruid,4,FALSE,5
druid-io/pydruid,5,FALSE,3
druid-io/pydruid,6,FALSE,2
druid-io/pydruid,7,FALSE,7
druid-io/pydruid,8,FALSE,3
druid-io/pydruid,9,FALSE,2
duburcqa/jiminy,-6,FALSE,22
duburcqa/jiminy,-5,FALSE,102
duburcqa/jiminy,-4,FALSE,97
duburcqa/jiminy,-3,FALSE,80
duburcqa/jiminy,-2,FALSE,79
duburcqa/jiminy,-1,FALSE,55
duburcqa/jiminy,0,FALSE,32
duburcqa/jiminy,1,FALSE,22
duburcqa/jiminy,2,FALSE,47
duburcqa/jiminy,3,FALSE,102
duburcqa/jiminy,4,FALSE,28
duburcqa/jiminy,5,FALSE,33
dusktreader/flask-praetorian,-11,FALSE,16
dusktreader/flask-praetorian,-10,FALSE,8
dusktreader/flask-praetorian,-9,FALSE,16
dusktreader/flask-praetorian,-8,FALSE,23
dusktreader/flask-praetorian,-7,FALSE,5
dusktreader/flask-praetorian,-6,FALSE,5
dusktreader/flask-praetorian,-5,FALSE,13
dusktreader/flask-praetorian,-4,FALSE,9
dusktreader/flask-praetorian,-3,FALSE,5
dusktreader/flask-praetorian,-2,FALSE,17
dusktreader/flask-praetorian,-1,FALSE,7
dusktreader/flask-praetorian,0,FALSE,1
dusktreader/flask-praetorian,1,FALSE,7
dusktreader/flask-praetorian,2,FALSE,0
dusktreader/flask-praetorian,3,FALSE,2
dusktreader/flask-praetorian,4,FALSE,7
dusktreader/flask-praetorian,5,FALSE,1
dusktreader/flask-praetorian,6,FALSE,0
dwavesystems/dwave-system,-9,FALSE,32
dwavesystems/dwave-system,-8,FALSE,35
dwavesystems/dwave-system,-7,FALSE,36
dwavesystems/dwave-system,-6,FALSE,20
dwavesystems/dwave-system,-5,FALSE,33
dwavesystems/dwave-system,-4,FALSE,41
dwavesystems/dwave-system,-3,FALSE,13
dwavesystems/dwave-system,-2,FALSE,19
dwavesystems/dwave-system,-1,FALSE,11
dwavesystems/dwave-system,0,FALSE,11
dwavesystems/dwave-system,1,FALSE,3
dwavesystems/dwave-system,2,FALSE,7
dwavesystems/dwave-system,3,FALSE,13
dwavesystems/dwave-system,4,FALSE,13
dwavesystems/dwave-system,5,FALSE,19
dylanaraps/pywal,-8,FALSE,11
dylanaraps/pywal,-7,FALSE,45
dylanaraps/pywal,-6,FALSE,22
dylanaraps/pywal,-5,FALSE,23
dylanaraps/pywal,-4,FALSE,10
dylanaraps/pywal,-3,FALSE,9
dylanaraps/pywal,-2,FALSE,15
dylanaraps/pywal,-1,FALSE,17
dylanaraps/pywal,0,FALSE,5
dylanaraps/pywal,1,FALSE,6
dylanaraps/pywal,2,FALSE,4
dylanaraps/pywal,3,FALSE,1
dylanaraps/pywal,4,FALSE,3
dylanaraps/pywal,5,FALSE,3
dylanaraps/pywal,6,FALSE,1
dylanaraps/pywal,7,FALSE,0
dylanaraps/pywal,8,FALSE,0
eamigo86/graphene-django-extras,-5,FALSE,4
eamigo86/graphene-django-extras,-4,FALSE,9
eamigo86/graphene-django-extras,-3,FALSE,16
eamigo86/graphene-django-extras,-2,FALSE,5
eamigo86/graphene-django-extras,-1,FALSE,3
eamigo86/graphene-django-extras,0,FALSE,5
eamigo86/graphene-django-extras,1,FALSE,9
eamigo86/graphene-django-extras,2,FALSE,5
eamigo86/graphene-django-extras,3,FALSE,1
eamigo86/graphene-django-extras,4,FALSE,2
eamigo86/graphene-django-extras,5,FALSE,3
eamigo86/graphene-django-extras,6,FALSE,4
eamigo86/graphene-django-extras,7,FALSE,0
eamigo86/graphene-django-extras,8,FALSE,0
eamigo86/graphene-django-extras,9,FALSE,3
eamigo86/graphene-django-extras,10,FALSE,0
eavanvalkenburg/pysiaalarm,-5,FALSE,1
eavanvalkenburg/pysiaalarm,-4,FALSE,6
eavanvalkenburg/pysiaalarm,-3,FALSE,1
eavanvalkenburg/pysiaalarm,-2,FALSE,5
eavanvalkenburg/pysiaalarm,-1,FALSE,2
eavanvalkenburg/pysiaalarm,0,FALSE,4
eavanvalkenburg/pysiaalarm,1,FALSE,3
eavanvalkenburg/pysiaalarm,2,FALSE,2
eavanvalkenburg/pysiaalarm,3,FALSE,0
eavanvalkenburg/pysiaalarm,4,FALSE,0
eavanvalkenburg/pysiaalarm,5,FALSE,1
edoburu/django-private-storage,-8,TRUE,1
edoburu/django-private-storage,-7,TRUE,5
edoburu/django-private-storage,-6,TRUE,3
edoburu/django-private-storage,-5,TRUE,1
edoburu/django-private-storage,-4,TRUE,2
edoburu/django-private-storage,-3,TRUE,9
edoburu/django-private-storage,-2,TRUE,2
edoburu/django-private-storage,-1,TRUE,1
edoburu/django-private-storage,0,TRUE,2
edoburu/django-private-storage,1,TRUE,1
edoburu/django-private-storage,2,TRUE,1
edoburu/django-private-storage,3,TRUE,2
edoburu/django-private-storage,4,TRUE,7
edoburu/django-private-storage,5,TRUE,2
edoburu/django-private-storage,6,TRUE,0
edoburu/django-private-storage,7,TRUE,0
edoburu/django-private-storage,8,TRUE,1
eigenein/protobuf,-7,FALSE,1
eigenein/protobuf,-6,FALSE,0
eigenein/protobuf,-5,FALSE,0
eigenein/protobuf,-4,FALSE,0
eigenein/protobuf,-3,FALSE,3
eigenein/protobuf,-2,FALSE,40
eigenein/protobuf,-1,FALSE,14
eigenein/protobuf,0,FALSE,1
eigenein/protobuf,1,FALSE,0
eigenein/protobuf,2,FALSE,0
eigenein/protobuf,3,FALSE,0
eigenein/protobuf,4,FALSE,3
eigenein/protobuf,5,FALSE,0
eigenein/protobuf,6,FALSE,3
eigenein/protobuf,7,FALSE,0
eigenein/protobuf,8,FALSE,2
eigenein/protobuf,9,FALSE,5
eigenein/protobuf,10,FALSE,2
ej2/python-quickbooks,-10,FALSE,2
ej2/python-quickbooks,-9,FALSE,18
ej2/python-quickbooks,-8,FALSE,7
ej2/python-quickbooks,-7,FALSE,11
ej2/python-quickbooks,-6,FALSE,6
ej2/python-quickbooks,-5,FALSE,3
ej2/python-quickbooks,-4,FALSE,9
ej2/python-quickbooks,-3,FALSE,6
ej2/python-quickbooks,-2,FALSE,3
ej2/python-quickbooks,-1,FALSE,7
ej2/python-quickbooks,0,FALSE,11
ej2/python-quickbooks,1,FALSE,3
ej2/python-quickbooks,2,FALSE,8
ej2/python-quickbooks,3,FALSE,4
ej2/python-quickbooks,4,FALSE,5
ej2/python-quickbooks,5,FALSE,2
ej2/python-quickbooks,6,FALSE,4
ej2/python-quickbooks,7,FALSE,11
ej2/python-quickbooks,8,FALSE,5
ej2/python-quickbooks,9,FALSE,9
elijahr/python-autopxd2,-9,TRUE,2
elijahr/python-autopxd2,-8,TRUE,0
elijahr/python-autopxd2,-7,TRUE,11
elijahr/python-autopxd2,-6,TRUE,1
elijahr/python-autopxd2,-5,TRUE,3
elijahr/python-autopxd2,-4,TRUE,1
elijahr/python-autopxd2,-3,TRUE,0
elijahr/python-autopxd2,-2,TRUE,4
elijahr/python-autopxd2,-1,TRUE,1
elijahr/python-autopxd2,0,TRUE,1
elijahr/python-autopxd2,1,TRUE,1
elijahr/python-autopxd2,2,TRUE,1
elijahr/python-autopxd2,3,TRUE,1
elijahr/python-autopxd2,4,TRUE,6
elijahr/python-autopxd2,5,TRUE,0
eliorc/node2vec,-5,FALSE,0
eliorc/node2vec,-4,FALSE,1
eliorc/node2vec,-3,FALSE,1
eliorc/node2vec,-2,FALSE,1
eliorc/node2vec,-1,FALSE,3
eliorc/node2vec,0,FALSE,1
eliorc/node2vec,1,FALSE,3
eliorc/node2vec,2,FALSE,2
eliorc/node2vec,3,FALSE,1
eliorc/node2vec,4,FALSE,0
eliorc/node2vec,5,FALSE,0
eliorc/node2vec,6,FALSE,1
eliorc/node2vec,7,FALSE,4
eliorc/node2vec,8,FALSE,1
eliorc/node2vec,9,FALSE,0
emehrkay/pypher,-6,FALSE,1
emehrkay/pypher,-5,FALSE,1
emehrkay/pypher,-4,FALSE,0
emehrkay/pypher,-3,FALSE,1
emehrkay/pypher,-2,FALSE,2
emehrkay/pypher,-1,FALSE,1
emehrkay/pypher,0,FALSE,0
emehrkay/pypher,1,FALSE,0
emehrkay/pypher,2,FALSE,1
emehrkay/pypher,3,FALSE,1
emehrkay/pypher,4,FALSE,1
emehrkay/pypher,5,FALSE,0
emehrkay/pypher,6,FALSE,0
emehrkay/pypher,7,FALSE,0
emehrkay/pypher,8,FALSE,0
encode/django-rest-framework,-15,FALSE,344
encode/django-rest-framework,-14,FALSE,299
encode/django-rest-framework,-13,FALSE,244
encode/django-rest-framework,-12,FALSE,303
encode/django-rest-framework,-11,FALSE,254
encode/django-rest-framework,-10,FALSE,260
encode/django-rest-framework,-9,FALSE,167
encode/django-rest-framework,-8,FALSE,149
encode/django-rest-framework,-7,FALSE,225
encode/django-rest-framework,-6,FALSE,196
encode/django-rest-framework,-5,FALSE,147
encode/django-rest-framework,-4,FALSE,146
encode/django-rest-framework,-3,FALSE,115
encode/django-rest-framework,-2,FALSE,59
encode/django-rest-framework,-1,FALSE,77
encode/django-rest-framework,0,FALSE,107
encode/django-rest-framework,1,FALSE,80
encode/django-rest-framework,2,FALSE,66
encode/django-rest-framework,3,FALSE,92
encode/django-rest-framework,4,FALSE,53
encode/django-rest-framework,5,FALSE,56
enriquegh/spotify-webplayer-token,-5,TRUE,0
enriquegh/spotify-webplayer-token,-4,TRUE,0
enriquegh/spotify-webplayer-token,-3,TRUE,0
enriquegh/spotify-webplayer-token,-2,TRUE,2
enriquegh/spotify-webplayer-token,-1,TRUE,1
enriquegh/spotify-webplayer-token,0,TRUE,0
enriquegh/spotify-webplayer-token,1,TRUE,0
enriquegh/spotify-webplayer-token,2,TRUE,0
enriquegh/spotify-webplayer-token,3,TRUE,0
enriquegh/spotify-webplayer-token,4,TRUE,1
enriquegh/spotify-webplayer-token,5,TRUE,0
enriquegh/spotify-webplayer-token,6,TRUE,0
enriquegh/spotify-webplayer-token,7,TRUE,0
enriquegh/spotify-webplayer-token,8,TRUE,0
enriquegh/spotify-webplayer-token,9,TRUE,0
equinor/segyio,-9,FALSE,61
equinor/segyio,-8,FALSE,61
equinor/segyio,-7,FALSE,47
equinor/segyio,-6,FALSE,35
equinor/segyio,-5,FALSE,41
equinor/segyio,-4,FALSE,26
equinor/segyio,-3,FALSE,13
equinor/segyio,-2,FALSE,14
equinor/segyio,-1,FALSE,10
equinor/segyio,0,FALSE,1
equinor/segyio,1,FALSE,4
equinor/segyio,2,FALSE,2
equinor/segyio,3,FALSE,3
equinor/segyio,4,FALSE,2
equinor/segyio,5,FALSE,6
equinor/segyio,6,FALSE,0
equinor/segyio,7,FALSE,3
equinor/segyio,8,FALSE,35
ericvsmith/dataclasses,-9,FALSE,0
ericvsmith/dataclasses,-8,FALSE,35
ericvsmith/dataclasses,-7,FALSE,5
ericvsmith/dataclasses,-6,FALSE,3
ericvsmith/dataclasses,-5,FALSE,2
ericvsmith/dataclasses,-4,FALSE,1
ericvsmith/dataclasses,-3,FALSE,1
ericvsmith/dataclasses,-2,FALSE,1
ericvsmith/dataclasses,-1,FALSE,0
ericvsmith/dataclasses,0,FALSE,0
ericvsmith/dataclasses,1,FALSE,0
ericvsmith/dataclasses,2,FALSE,0
ericvsmith/dataclasses,3,FALSE,0
ericvsmith/dataclasses,4,FALSE,0
ericvsmith/dataclasses,5,FALSE,0
ericvsmith/dataclasses,6,FALSE,2
ericvsmith/dataclasses,7,FALSE,0
escaped/django-inline-actions,-9,TRUE,2
escaped/django-inline-actions,-8,TRUE,1
escaped/django-inline-actions,-7,TRUE,1
escaped/django-inline-actions,-6,TRUE,3
escaped/django-inline-actions,-5,TRUE,1
escaped/django-inline-actions,-4,TRUE,3
escaped/django-inline-actions,-3,TRUE,2
escaped/django-inline-actions,-2,TRUE,1
escaped/django-inline-actions,-1,TRUE,0
escaped/django-inline-actions,0,TRUE,7
escaped/django-inline-actions,1,TRUE,1
escaped/django-inline-actions,2,TRUE,0
escaped/django-inline-actions,3,TRUE,3
escaped/django-inline-actions,4,TRUE,0
escaped/django-inline-actions,5,TRUE,0
escaped/django-inline-actions,6,TRUE,0
escaped/django-inline-actions,7,TRUE,0
escaped/django-inline-actions,8,TRUE,0
ethereum/eth-tester,-7,TRUE,31
ethereum/eth-tester,-6,TRUE,39
ethereum/eth-tester,-5,TRUE,16
ethereum/eth-tester,-4,TRUE,8
ethereum/eth-tester,-3,TRUE,4
ethereum/eth-tester,-2,TRUE,13
ethereum/eth-tester,-1,TRUE,5
ethereum/eth-tester,0,TRUE,2
ethereum/eth-tester,1,TRUE,11
ethereum/eth-tester,2,TRUE,4
ethereum/eth-tester,3,TRUE,10
ethereum/eth-tester,4,TRUE,6
ethereum/eth-tester,5,TRUE,7
ethereum/eth-tester,6,TRUE,14
ethereum/eth-tester,7,TRUE,7
ethereum/eth-tester,8,TRUE,14
etsy/boundary-layer,-5,TRUE,10
etsy/boundary-layer,-4,TRUE,14
etsy/boundary-layer,-3,TRUE,7
etsy/boundary-layer,-2,TRUE,17
etsy/boundary-layer,-1,TRUE,28
etsy/boundary-layer,0,TRUE,12
etsy/boundary-layer,1,TRUE,6
etsy/boundary-layer,2,TRUE,5
etsy/boundary-layer,3,TRUE,1
etsy/boundary-layer,4,TRUE,5
etsy/boundary-layer,5,TRUE,1
etsy/boundary-layer,6,TRUE,0
etsy/boundary-layer,7,TRUE,0
etsy/boundary-layer,8,TRUE,0
evoluxbr/greenswitch,-10,FALSE,0
evoluxbr/greenswitch,-9,FALSE,5
evoluxbr/greenswitch,-8,FALSE,0
evoluxbr/greenswitch,-7,FALSE,4
evoluxbr/greenswitch,-6,FALSE,8
evoluxbr/greenswitch,-5,FALSE,5
evoluxbr/greenswitch,-4,FALSE,3
evoluxbr/greenswitch,-3,FALSE,1
evoluxbr/greenswitch,-2,FALSE,1
evoluxbr/greenswitch,-1,FALSE,3
evoluxbr/greenswitch,0,FALSE,3
evoluxbr/greenswitch,1,FALSE,1
evoluxbr/greenswitch,2,FALSE,5
evoluxbr/greenswitch,3,FALSE,0
evoluxbr/greenswitch,4,FALSE,2
evoluxbr/greenswitch,5,FALSE,1
evoluxbr/greenswitch,6,FALSE,0
evoluxbr/greenswitch,7,FALSE,1
evoluxbr/greenswitch,8,FALSE,3
explosion/cython-blis,-8,TRUE,3
explosion/cython-blis,-7,TRUE,2
explosion/cython-blis,-6,TRUE,4
explosion/cython-blis,-5,TRUE,6
explosion/cython-blis,-4,TRUE,14
explosion/cython-blis,-3,TRUE,1
explosion/cython-blis,-2,TRUE,2
explosion/cython-blis,-1,TRUE,6
explosion/cython-blis,0,TRUE,10
explosion/cython-blis,1,TRUE,3
explosion/cython-blis,2,TRUE,11
explosion/cython-blis,3,TRUE,3
explosion/cython-blis,4,TRUE,2
explosion/cython-blis,5,TRUE,3
ezyang/ghstack,-5,FALSE,3
ezyang/ghstack,-4,FALSE,2
ezyang/ghstack,-3,FALSE,3
ezyang/ghstack,-2,FALSE,6
ezyang/ghstack,-1,FALSE,26
ezyang/ghstack,0,FALSE,7
ezyang/ghstack,1,FALSE,4
ezyang/ghstack,2,FALSE,16
ezyang/ghstack,3,FALSE,12
ezyang/ghstack,4,FALSE,44
ezyang/ghstack,5,FALSE,7
ezyang/ghstack,6,FALSE,8
ezyang/ghstack,7,FALSE,21
facebookresearch/esm,-7,FALSE,0
facebookresearch/esm,-6,FALSE,0
facebookresearch/esm,-5,FALSE,0
facebookresearch/esm,-4,FALSE,2
facebookresearch/esm,-3,FALSE,2
facebookresearch/esm,-2,FALSE,4
facebookresearch/esm,-1,FALSE,14
facebookresearch/esm,0,FALSE,33
facebookresearch/esm,1,FALSE,18
facebookresearch/esm,2,FALSE,5
facebookresearch/esm,3,FALSE,2
facebookresearch/esm,4,FALSE,0
facebookresearch/esm,5,FALSE,0
facebookresearch/fairseq,-7,FALSE,5
facebookresearch/fairseq,-6,FALSE,1
facebookresearch/fairseq,-5,FALSE,21
facebookresearch/fairseq,-4,FALSE,63
facebookresearch/fairseq,-3,FALSE,195
facebookresearch/fairseq,-2,FALSE,146
facebookresearch/fairseq,-1,FALSE,191
facebookresearch/fairseq,0,FALSE,136
facebookresearch/fairseq,1,FALSE,92
facebookresearch/fairseq,2,FALSE,62
facebookresearch/fairseq,3,FALSE,89
facebookresearch/fairseq,4,FALSE,134
facebookresearch/fairseq,5,FALSE,51
facebookresearch/fairseq,6,FALSE,35
facebookresearch/fairseq,7,FALSE,15
facebookresearch/fairseq,8,FALSE,10
facebookresearch/fairseq,9,FALSE,17
facebookresearch/hiplot,-6,FALSE,0
facebookresearch/hiplot,-5,FALSE,0
facebookresearch/hiplot,-4,FALSE,60
facebookresearch/hiplot,-3,FALSE,25
facebookresearch/hiplot,-2,FALSE,18
facebookresearch/hiplot,-1,FALSE,11
facebookresearch/hiplot,0,FALSE,7
facebookresearch/hiplot,1,FALSE,2
facebookresearch/hiplot,2,FALSE,1
facebookresearch/hiplot,3,FALSE,1
facebookresearch/hiplot,4,FALSE,0
facebookresearch/hiplot,5,FALSE,0
facebookresearch/hiplot,6,FALSE,0
facelessuser/wcmatch,-8,FALSE,3
facelessuser/wcmatch,-7,FALSE,10
facelessuser/wcmatch,-6,FALSE,20
facelessuser/wcmatch,-5,FALSE,23
facelessuser/wcmatch,-4,FALSE,22
facelessuser/wcmatch,-3,FALSE,12
facelessuser/wcmatch,-2,FALSE,23
facelessuser/wcmatch,-1,FALSE,3
facelessuser/wcmatch,0,FALSE,4
facelessuser/wcmatch,1,FALSE,3
facelessuser/wcmatch,2,FALSE,2
facelessuser/wcmatch,3,FALSE,3
facelessuser/wcmatch,4,FALSE,5
facelessuser/wcmatch,5,FALSE,3
facelessuser/wcmatch,6,FALSE,2
facetoe/zenpy,-13,FALSE,1
facetoe/zenpy,-12,FALSE,6
facetoe/zenpy,-11,FALSE,5
facetoe/zenpy,-10,FALSE,13
facetoe/zenpy,-9,FALSE,11
facetoe/zenpy,-8,FALSE,6
facetoe/zenpy,-7,FALSE,6
facetoe/zenpy,-6,FALSE,19
facetoe/zenpy,-5,FALSE,11
facetoe/zenpy,-4,FALSE,20
facetoe/zenpy,-3,FALSE,6
facetoe/zenpy,-2,FALSE,3
facetoe/zenpy,-1,FALSE,7
facetoe/zenpy,0,FALSE,7
facetoe/zenpy,1,FALSE,5
facetoe/zenpy,2,FALSE,5
facetoe/zenpy,3,FALSE,41
facetoe/zenpy,4,FALSE,8
facetoe/zenpy,5,FALSE,17
facetoe/zenpy,6,FALSE,2
faiss-wheels/faiss-wheels,-5,FALSE,4
faiss-wheels/faiss-wheels,-4,FALSE,3
faiss-wheels/faiss-wheels,-3,FALSE,8
faiss-wheels/faiss-wheels,-2,FALSE,7
faiss-wheels/faiss-wheels,-1,FALSE,2
faiss-wheels/faiss-wheels,0,FALSE,5
faiss-wheels/faiss-wheels,1,FALSE,5
faiss-wheels/faiss-wheels,2,FALSE,1
faiss-wheels/faiss-wheels,3,FALSE,2
faiss-wheels/faiss-wheels,4,FALSE,9
faiss-wheels/faiss-wheels,5,FALSE,6
faiss-wheels/faiss-wheels,6,FALSE,4
fastai/fastai,-6,FALSE,59
fastai/fastai,-5,FALSE,312
fastai/fastai,-4,FALSE,399
fastai/fastai,-3,FALSE,467
fastai/fastai,-2,FALSE,127
fastai/fastai,-1,FALSE,71
fastai/fastai,0,FALSE,228
fastai/fastai,1,FALSE,135
fastai/fastai,2,FALSE,45
fastai/fastai,3,FALSE,79
fastai/fastai,4,FALSE,53
fastai/fastai,5,FALSE,26
fastai/fastai,6,FALSE,31
fastai/fastai,7,FALSE,11
fastai/fastai,8,FALSE,10
fastai/fastai,9,FALSE,18
fastai/fastbook,-5,FALSE,149
fastai/fastbook,-4,FALSE,101
fastai/fastbook,-3,FALSE,39
fastai/fastbook,-2,FALSE,15
fastai/fastbook,-1,FALSE,18
fastai/fastbook,0,FALSE,21
fastai/fastbook,1,FALSE,12
fastai/fastbook,2,FALSE,26
fastai/fastbook,3,FALSE,14
fastai/fastbook,4,FALSE,8
fastai/fastbook,5,FALSE,5
fbchat-dev/fbchat,-11,TRUE,1
fbchat-dev/fbchat,-10,TRUE,9
fbchat-dev/fbchat,-9,TRUE,8
fbchat-dev/fbchat,-8,TRUE,15
fbchat-dev/fbchat,-7,TRUE,30
fbchat-dev/fbchat,-6,TRUE,23
fbchat-dev/fbchat,-5,TRUE,23
fbchat-dev/fbchat,-4,TRUE,21
fbchat-dev/fbchat,-3,TRUE,27
fbchat-dev/fbchat,-2,TRUE,22
fbchat-dev/fbchat,-1,TRUE,21
fbchat-dev/fbchat,0,TRUE,2
fbchat-dev/fbchat,1,TRUE,2
fbchat-dev/fbchat,2,TRUE,0
fbchat-dev/fbchat,3,TRUE,0
fbchat-dev/fbchat,4,TRUE,0
fbchat-dev/fbchat,5,TRUE,3
fbchat-dev/fbchat,6,TRUE,1
fbchat-dev/fbchat,7,TRUE,1
fbchat-dev/fbchat,8,TRUE,0
fbchat-dev/fbchat,9,TRUE,0
feast-dev/feast,-7,FALSE,11
feast-dev/feast,-6,FALSE,95
feast-dev/feast,-5,FALSE,120
feast-dev/feast,-4,FALSE,318
feast-dev/feast,-3,FALSE,314
feast-dev/feast,-2,FALSE,276
feast-dev/feast,-1,FALSE,276
feast-dev/feast,0,FALSE,455
feast-dev/feast,1,FALSE,307
feast-dev/feast,2,FALSE,107
feast-dev/feast,3,FALSE,81
feast-dev/feast,4,FALSE,246
feast-dev/feast,5,FALSE,331
feast-dev/feast,6,FALSE,360
fedora-infra/anitya,-11,FALSE,51
fedora-infra/anitya,-10,FALSE,24
fedora-infra/anitya,-9,FALSE,33
fedora-infra/anitya,-8,FALSE,39
fedora-infra/anitya,-7,FALSE,54
fedora-infra/anitya,-6,FALSE,12
fedora-infra/anitya,-5,FALSE,28
fedora-infra/anitya,-4,FALSE,60
fedora-infra/anitya,-3,FALSE,47
fedora-infra/anitya,-2,FALSE,40
fedora-infra/anitya,-1,FALSE,20
fedora-infra/anitya,0,FALSE,17
fedora-infra/anitya,1,FALSE,26
fedora-infra/anitya,2,FALSE,17
fedora-infra/anitya,3,FALSE,21
fedora-infra/anitya,4,FALSE,42
fedora-infra/anitya,5,FALSE,45
fedora-infra/anitya,6,FALSE,3
fedora-infra/anitya,7,FALSE,31
fedora-infra/anitya,8,FALSE,13
fedora-infra/anitya,9,FALSE,2
fhamborg/news-please,-8,FALSE,3
fhamborg/news-please,-7,FALSE,4
fhamborg/news-please,-6,FALSE,3
fhamborg/news-please,-5,FALSE,3
fhamborg/news-please,-4,FALSE,7
fhamborg/news-please,-3,FALSE,5
fhamborg/news-please,-2,FALSE,14
fhamborg/news-please,-1,FALSE,8
fhamborg/news-please,0,FALSE,14
fhamborg/news-please,1,FALSE,1
fhamborg/news-please,2,FALSE,2
fhamborg/news-please,3,FALSE,0
fhamborg/news-please,4,FALSE,6
fhamborg/news-please,5,FALSE,2
fhamborg/news-please,6,FALSE,9
fhamborg/news-please,7,FALSE,15
fhamborg/news-please,8,FALSE,2
fidelity/jurity,-5,FALSE,0
fidelity/jurity,-4,FALSE,0
fidelity/jurity,-3,FALSE,6
fidelity/jurity,-2,FALSE,7
fidelity/jurity,-1,FALSE,3
fidelity/jurity,0,FALSE,3
fidelity/jurity,1,FALSE,2
fidelity/jurity,2,FALSE,5
fidelity/jurity,3,FALSE,3
fidelity/jurity,4,FALSE,3
fidelity/jurity,5,FALSE,0
financedata/financedatareader,-8,FALSE,0
financedata/financedatareader,-7,FALSE,0
financedata/financedatareader,-6,FALSE,0
financedata/financedatareader,-5,FALSE,0
financedata/financedatareader,-4,FALSE,2
financedata/financedatareader,-3,FALSE,2
financedata/financedatareader,-2,FALSE,1
financedata/financedatareader,-1,FALSE,3
financedata/financedatareader,0,FALSE,1
financedata/financedatareader,1,FALSE,17
financedata/financedatareader,2,FALSE,3
financedata/financedatareader,3,FALSE,2
financedata/financedatareader,4,FALSE,2
financedata/financedatareader,5,FALSE,5
financedata/financedatareader,6,FALSE,1
fitnr/convertdate,-12,FALSE,0
fitnr/convertdate,-11,FALSE,0
fitnr/convertdate,-10,FALSE,2
fitnr/convertdate,-9,FALSE,1
fitnr/convertdate,-8,FALSE,1
fitnr/convertdate,-7,FALSE,0
fitnr/convertdate,-6,FALSE,0
fitnr/convertdate,-5,FALSE,2
fitnr/convertdate,-4,FALSE,5
fitnr/convertdate,-3,FALSE,1
fitnr/convertdate,-2,FALSE,5
fitnr/convertdate,-1,FALSE,2
fitnr/convertdate,0,FALSE,1
fitnr/convertdate,1,FALSE,4
fitnr/convertdate,2,FALSE,0
fitnr/convertdate,3,FALSE,1
fitnr/convertdate,4,FALSE,0
fitnr/convertdate,5,FALSE,0
fitnr/convertdate,6,FALSE,0
fitnr/convertdate,7,FALSE,0
flavors/django-graphql-jwt,-7,FALSE,0
flavors/django-graphql-jwt,-6,FALSE,9
flavors/django-graphql-jwt,-5,FALSE,12
flavors/django-graphql-jwt,-4,FALSE,16
flavors/django-graphql-jwt,-3,FALSE,20
flavors/django-graphql-jwt,-2,FALSE,9
flavors/django-graphql-jwt,-1,FALSE,7
flavors/django-graphql-jwt,0,FALSE,5
flavors/django-graphql-jwt,1,FALSE,5
flavors/django-graphql-jwt,2,FALSE,2
flavors/django-graphql-jwt,3,FALSE,1
flavors/django-graphql-jwt,4,FALSE,1
flavors/django-graphql-jwt,5,FALSE,1
flavors/django-graphql-jwt,6,FALSE,0
flavors/django-graphql-jwt,7,FALSE,1
flavors/django-graphql-jwt,8,FALSE,0
florimondmanca/asgi-lifespan,-6,FALSE,14
florimondmanca/asgi-lifespan,-5,FALSE,15
florimondmanca/asgi-lifespan,-4,FALSE,3
florimondmanca/asgi-lifespan,-3,FALSE,0
florimondmanca/asgi-lifespan,-2,FALSE,1
florimondmanca/asgi-lifespan,-1,FALSE,0
florimondmanca/asgi-lifespan,0,FALSE,7
florimondmanca/asgi-lifespan,1,FALSE,4
florimondmanca/asgi-lifespan,2,FALSE,1
florimondmanca/asgi-lifespan,3,FALSE,0
florimondmanca/asgi-lifespan,4,FALSE,0
florimondmanca/asgi-lifespan,5,FALSE,0
flyte/upnpclient,-7,TRUE,3
flyte/upnpclient,-6,TRUE,1
flyte/upnpclient,-5,TRUE,0
flyte/upnpclient,-4,TRUE,0
flyte/upnpclient,-3,TRUE,5
flyte/upnpclient,-2,TRUE,0
flyte/upnpclient,-1,TRUE,3
flyte/upnpclient,0,TRUE,0
flyte/upnpclient,1,TRUE,0
flyte/upnpclient,2,TRUE,1
flyte/upnpclient,3,TRUE,0
flyte/upnpclient,4,TRUE,0
flyte/upnpclient,5,TRUE,0
flyte/upnpclient,6,TRUE,0
flyte/upnpclient,7,TRUE,1
flyte/upnpclient,8,TRUE,0
fmaussion/salem,-10,FALSE,3
fmaussion/salem,-9,FALSE,5
fmaussion/salem,-8,FALSE,28
fmaussion/salem,-7,FALSE,24
fmaussion/salem,-6,FALSE,2
fmaussion/salem,-5,FALSE,11
fmaussion/salem,-4,FALSE,19
fmaussion/salem,-3,FALSE,7
fmaussion/salem,-2,FALSE,8
fmaussion/salem,-1,FALSE,8
fmaussion/salem,0,FALSE,7
fmaussion/salem,1,FALSE,3
fmaussion/salem,2,FALSE,5
fmaussion/salem,3,FALSE,3
fmaussion/salem,4,FALSE,2
fmaussion/salem,5,FALSE,2
fmaussion/salem,6,FALSE,0
fmaussion/salem,7,FALSE,6
fmaussion/salem,8,FALSE,8
fmaussion/salem,9,FALSE,1
fooof-tools/fooof,-10,FALSE,12
fooof-tools/fooof,-9,FALSE,3
fooof-tools/fooof,-8,FALSE,7
fooof-tools/fooof,-7,FALSE,9
fooof-tools/fooof,-6,FALSE,4
fooof-tools/fooof,-5,FALSE,7
fooof-tools/fooof,-4,FALSE,6
fooof-tools/fooof,-3,FALSE,17
fooof-tools/fooof,-2,FALSE,0
fooof-tools/fooof,-1,FALSE,3
fooof-tools/fooof,0,FALSE,6
fooof-tools/fooof,1,FALSE,15
fooof-tools/fooof,2,FALSE,28
fooof-tools/fooof,3,FALSE,3
fooof-tools/fooof,4,FALSE,3
fooof-tools/fooof,5,FALSE,15
freqtrade/technical,-7,FALSE,4
freqtrade/technical,-6,FALSE,6
freqtrade/technical,-5,FALSE,13
freqtrade/technical,-4,FALSE,5
freqtrade/technical,-3,FALSE,16
freqtrade/technical,-2,FALSE,1
freqtrade/technical,-1,FALSE,4
freqtrade/technical,0,FALSE,4
freqtrade/technical,1,FALSE,4
freqtrade/technical,2,FALSE,5
freqtrade/technical,3,FALSE,2
freqtrade/technical,4,FALSE,10
freqtrade/technical,5,FALSE,2
frictionlessdata/datapackage-py,-10,TRUE,1
frictionlessdata/datapackage-py,-9,TRUE,20
frictionlessdata/datapackage-py,-8,TRUE,10
frictionlessdata/datapackage-py,-7,TRUE,16
frictionlessdata/datapackage-py,-6,TRUE,19
frictionlessdata/datapackage-py,-5,TRUE,7
frictionlessdata/datapackage-py,-4,TRUE,10
frictionlessdata/datapackage-py,-3,TRUE,0
frictionlessdata/datapackage-py,-2,TRUE,9
frictionlessdata/datapackage-py,-1,TRUE,6
frictionlessdata/datapackage-py,0,TRUE,2
frictionlessdata/datapackage-py,1,TRUE,0
frictionlessdata/datapackage-py,2,TRUE,0
frictionlessdata/datapackage-py,3,TRUE,0
frictionlessdata/datapackage-py,4,TRUE,0
frictionlessdata/datapackage-py,5,TRUE,0
frictionlessdata/datapackage-py,6,TRUE,0
frictionlessdata/datapackage-py,7,TRUE,0
frictionlessdata/datapackage-py,8,TRUE,1
frictionlessdata/datapackage-py,9,TRUE,0
funkyfuture/deck-chores,-10,FALSE,2
funkyfuture/deck-chores,-9,FALSE,4
funkyfuture/deck-chores,-8,FALSE,1
funkyfuture/deck-chores,-7,FALSE,0
funkyfuture/deck-chores,-6,FALSE,0
funkyfuture/deck-chores,-5,FALSE,0
funkyfuture/deck-chores,-4,FALSE,0
funkyfuture/deck-chores,-3,FALSE,2
funkyfuture/deck-chores,-2,FALSE,1
funkyfuture/deck-chores,-1,FALSE,3
funkyfuture/deck-chores,0,FALSE,1
funkyfuture/deck-chores,1,FALSE,3
funkyfuture/deck-chores,2,FALSE,1
funkyfuture/deck-chores,3,FALSE,0
funkyfuture/deck-chores,4,FALSE,0
funkyfuture/deck-chores,5,FALSE,1
funkyfuture/deck-chores,6,FALSE,5
funkyfuture/deck-chores,7,FALSE,0
fxsjy/jieba,-13,TRUE,24
fxsjy/jieba,-12,TRUE,8
fxsjy/jieba,-11,TRUE,4
fxsjy/jieba,-10,TRUE,2
fxsjy/jieba,-9,TRUE,7
fxsjy/jieba,-8,TRUE,7
fxsjy/jieba,-7,TRUE,3
fxsjy/jieba,-6,TRUE,6
fxsjy/jieba,-5,TRUE,3
fxsjy/jieba,-4,TRUE,10
fxsjy/jieba,-3,TRUE,15
fxsjy/jieba,-2,TRUE,3
fxsjy/jieba,-1,TRUE,1
fxsjy/jieba,0,TRUE,1
fxsjy/jieba,1,TRUE,1
fxsjy/jieba,2,TRUE,1
fxsjy/jieba,3,TRUE,0
fxsjy/jieba,4,TRUE,0
fxsjy/jieba,5,TRUE,2
fxsjy/jieba,6,TRUE,1
fxsjy/jieba,7,TRUE,0
galaxyproject/gxformat2,-12,FALSE,0
galaxyproject/gxformat2,-11,FALSE,0
galaxyproject/gxformat2,-10,FALSE,0
galaxyproject/gxformat2,-9,FALSE,0
galaxyproject/gxformat2,-8,FALSE,1
galaxyproject/gxformat2,-7,FALSE,2
galaxyproject/gxformat2,-6,FALSE,3
galaxyproject/gxformat2,-5,FALSE,15
galaxyproject/gxformat2,-4,FALSE,2
galaxyproject/gxformat2,-3,FALSE,18
galaxyproject/gxformat2,-2,FALSE,6
galaxyproject/gxformat2,-1,FALSE,10
galaxyproject/gxformat2,0,FALSE,3
galaxyproject/gxformat2,1,FALSE,3
galaxyproject/gxformat2,2,FALSE,2
galaxyproject/gxformat2,3,FALSE,3
galaxyproject/gxformat2,4,FALSE,1
galaxyproject/gxformat2,5,FALSE,10
galaxyproject/gxformat2,6,FALSE,2
gawel/aiocron,-14,FALSE,1
gawel/aiocron,-13,FALSE,0
gawel/aiocron,-12,FALSE,3
gawel/aiocron,-11,FALSE,0
gawel/aiocron,-10,FALSE,1
gawel/aiocron,-9,FALSE,0
gawel/aiocron,-8,FALSE,3
gawel/aiocron,-7,FALSE,1
gawel/aiocron,-6,FALSE,0
gawel/aiocron,-5,FALSE,0
gawel/aiocron,-4,FALSE,0
gawel/aiocron,-3,FALSE,0
gawel/aiocron,-2,FALSE,2
gawel/aiocron,-1,FALSE,1
gawel/aiocron,0,FALSE,1
gawel/aiocron,1,FALSE,1
gawel/aiocron,2,FALSE,0
gawel/aiocron,3,FALSE,0
gawel/aiocron,4,FALSE,3
gawel/aiocron,5,FALSE,1
gee-community/geemap,-5,FALSE,7
gee-community/geemap,-4,FALSE,8
gee-community/geemap,-3,FALSE,12
gee-community/geemap,-2,FALSE,28
gee-community/geemap,-1,FALSE,65
gee-community/geemap,0,FALSE,54
gee-community/geemap,1,FALSE,57
gee-community/geemap,2,FALSE,128
gee-community/geemap,3,FALSE,54
gee-community/geemap,4,FALSE,63
gee-community/geemap,5,FALSE,27
gforcada/flake8-builtins,-9,FALSE,0
gforcada/flake8-builtins,-8,FALSE,0
gforcada/flake8-builtins,-7,FALSE,3
gforcada/flake8-builtins,-6,FALSE,4
gforcada/flake8-builtins,-5,FALSE,10
gforcada/flake8-builtins,-4,FALSE,1
gforcada/flake8-builtins,-3,FALSE,0
gforcada/flake8-builtins,-2,FALSE,2
gforcada/flake8-builtins,-1,FALSE,7
gforcada/flake8-builtins,0,FALSE,1
gforcada/flake8-builtins,1,FALSE,1
gforcada/flake8-builtins,2,FALSE,2
gforcada/flake8-builtins,3,FALSE,0
gforcada/flake8-builtins,4,FALSE,17
gforcada/flake8-builtins,5,FALSE,0
gforcada/flake8-builtins,6,FALSE,8
gforcada/flake8-builtins,7,FALSE,4
gforcada/flake8-builtins,8,FALSE,0
gforcada/flake8-builtins,9,FALSE,0
gigalixir/gigalixir-cli,-6,FALSE,1
gigalixir/gigalixir-cli,-5,FALSE,1
gigalixir/gigalixir-cli,-4,FALSE,3
gigalixir/gigalixir-cli,-3,FALSE,6
gigalixir/gigalixir-cli,-2,FALSE,5
gigalixir/gigalixir-cli,-1,FALSE,9
gigalixir/gigalixir-cli,0,FALSE,4
gigalixir/gigalixir-cli,1,FALSE,9
gigalixir/gigalixir-cli,2,FALSE,4
gigalixir/gigalixir-cli,3,FALSE,3
gigalixir/gigalixir-cli,4,FALSE,6
gigalixir/gigalixir-cli,5,FALSE,1
gigalixir/gigalixir-cli,6,FALSE,0
gigalixir/gigalixir-cli,7,FALSE,5
gigalixir/gigalixir-cli,8,FALSE,6
gigalixir/gigalixir-cli,9,FALSE,3
gigalixir/gigalixir-cli,10,FALSE,2
giotto-ai/giotto-tda,-6,FALSE,73
giotto-ai/giotto-tda,-5,FALSE,182
giotto-ai/giotto-tda,-4,FALSE,92
giotto-ai/giotto-tda,-3,FALSE,17
giotto-ai/giotto-tda,-2,FALSE,16
giotto-ai/giotto-tda,-1,FALSE,2
giotto-ai/giotto-tda,0,FALSE,9
giotto-ai/giotto-tda,1,FALSE,1
giotto-ai/giotto-tda,2,FALSE,0
giotto-ai/giotto-tda,3,FALSE,6
giotto-ai/giotto-tda,4,FALSE,0
giotto-ai/giotto-tda,5,FALSE,1
girder/large_image,-14,FALSE,4
girder/large_image,-13,FALSE,40
girder/large_image,-12,FALSE,44
girder/large_image,-11,FALSE,45
girder/large_image,-10,FALSE,39
girder/large_image,-9,FALSE,41
girder/large_image,-8,FALSE,26
girder/large_image,-7,FALSE,30
girder/large_image,-6,FALSE,36
girder/large_image,-5,FALSE,46
girder/large_image,-4,FALSE,37
girder/large_image,-3,FALSE,98
girder/large_image,-2,FALSE,89
girder/large_image,-1,FALSE,96
girder/large_image,0,FALSE,105
girder/large_image,1,FALSE,147
girder/large_image,2,FALSE,138
girder/large_image,3,FALSE,111
girder/large_image,4,FALSE,152
girder/large_image,5,FALSE,139
globality-corp/microcosm,-9,TRUE,8
globality-corp/microcosm,-8,TRUE,5
globality-corp/microcosm,-7,TRUE,5
globality-corp/microcosm,-6,TRUE,1
globality-corp/microcosm,-5,TRUE,11
globality-corp/microcosm,-4,TRUE,2
globality-corp/microcosm,-3,TRUE,16
globality-corp/microcosm,-2,TRUE,18
globality-corp/microcosm,-1,TRUE,4
globality-corp/microcosm,0,TRUE,8
globality-corp/microcosm,1,TRUE,0
globality-corp/microcosm,2,TRUE,0
globality-corp/microcosm,3,TRUE,1
globality-corp/microcosm,4,TRUE,4
globality-corp/microcosm,5,TRUE,2
globality-corp/microcosm,6,TRUE,5
globality-corp/microcosm,7,TRUE,2
globality-corp/microcosm,8,TRUE,1
globality-corp/microcosm,9,TRUE,0
globus/globus-compute,-5,FALSE,3
globus/globus-compute,-4,FALSE,35
globus/globus-compute,-3,FALSE,46
globus/globus-compute,-2,FALSE,57
globus/globus-compute,-1,FALSE,112
globus/globus-compute,0,FALSE,68
globus/globus-compute,1,FALSE,139
globus/globus-compute,2,FALSE,140
globus/globus-compute,3,FALSE,168
globus/globus-compute,4,FALSE,157
globus/globus-compute,5,FALSE,173
globus/globus-compute,6,FALSE,132
globus/globus-compute,7,FALSE,130
godaddy/tartufo,-5,TRUE,20
godaddy/tartufo,-4,TRUE,12
godaddy/tartufo,-3,TRUE,52
godaddy/tartufo,-2,TRUE,23
godaddy/tartufo,-1,TRUE,48
godaddy/tartufo,0,TRUE,22
godaddy/tartufo,1,TRUE,15
godaddy/tartufo,2,TRUE,19
godaddy/tartufo,3,TRUE,2
godaddy/tartufo,4,TRUE,5
godaddy/tartufo,5,TRUE,4
godaddy/tartufo,6,TRUE,0
google-deepmind/dm_control,-5,FALSE,6
google-deepmind/dm_control,-4,FALSE,1
google-deepmind/dm_control,-3,FALSE,3
google-deepmind/dm_control,-2,FALSE,4
google-deepmind/dm_control,-1,FALSE,1
google-deepmind/dm_control,0,FALSE,2
google-deepmind/dm_control,1,FALSE,2
google-deepmind/dm_control,2,FALSE,4
google-deepmind/dm_control,3,FALSE,8
google-deepmind/dm_control,4,FALSE,7
google-deepmind/dm_control,5,FALSE,6
google-deepmind/dm_control,6,FALSE,7
google-deepmind/dm_control,7,FALSE,6
google-deepmind/dm_control,8,FALSE,4
google-deepmind/dm_control,9,FALSE,0
google-deepmind/tree,-6,FALSE,0
google-deepmind/tree,-5,FALSE,0
google-deepmind/tree,-4,FALSE,0
google-deepmind/tree,-3,FALSE,1
google-deepmind/tree,-2,FALSE,0
google-deepmind/tree,-1,FALSE,1
google-deepmind/tree,0,FALSE,3
google-deepmind/tree,1,FALSE,0
google-deepmind/tree,2,FALSE,2
google-deepmind/tree,3,FALSE,0
google-deepmind/tree,4,FALSE,2
google-deepmind/tree,5,FALSE,4
google/atheris,-7,TRUE,0
google/atheris,-6,TRUE,0
google/atheris,-5,TRUE,0
google/atheris,-4,TRUE,5
google/atheris,-3,TRUE,1
google/atheris,-2,TRUE,4
google/atheris,-1,TRUE,2
google/atheris,0,TRUE,3
google/atheris,1,TRUE,5
google/atheris,2,TRUE,5
google/atheris,3,TRUE,5
google/atheris,4,TRUE,1
google/atheris,5,TRUE,0
google/openhtf,-11,FALSE,41
google/openhtf,-10,FALSE,132
google/openhtf,-9,FALSE,86
google/openhtf,-8,FALSE,94
google/openhtf,-7,FALSE,45
google/openhtf,-6,FALSE,79
google/openhtf,-5,FALSE,21
google/openhtf,-4,FALSE,29
google/openhtf,-3,FALSE,8
google/openhtf,-2,FALSE,21
google/openhtf,-1,FALSE,21
google/openhtf,0,FALSE,2
google/openhtf,1,FALSE,4
google/openhtf,2,FALSE,11
google/openhtf,3,FALSE,30
google/openhtf,4,FALSE,7
google/openhtf,5,FALSE,4
google/openhtf,6,FALSE,5
google/openhtf,7,FALSE,17
google/openhtf,8,FALSE,5
google/python-fire,-7,FALSE,36
google/python-fire,-6,FALSE,8
google/python-fire,-5,FALSE,5
google/python-fire,-4,FALSE,10
google/python-fire,-3,FALSE,6
google/python-fire,-2,FALSE,8
google/python-fire,-1,FALSE,16
google/python-fire,0,FALSE,7
google/python-fire,1,FALSE,11
google/python-fire,2,FALSE,7
google/python-fire,3,FALSE,13
google/python-fire,4,FALSE,12
google/python-fire,5,FALSE,13
google/python-fire,6,FALSE,5
google/python-fire,7,FALSE,7
google/python-fire,8,FALSE,19
google/python-fire,9,FALSE,6
google/textfsm,-10,TRUE,0
google/textfsm,-9,TRUE,0
google/textfsm,-8,TRUE,0
google/textfsm,-7,TRUE,2
google/textfsm,-6,TRUE,3
google/textfsm,-5,TRUE,3
google/textfsm,-4,TRUE,5
google/textfsm,-3,TRUE,2
google/textfsm,-2,TRUE,4
google/textfsm,-1,TRUE,4
google/textfsm,0,TRUE,0
google/textfsm,1,TRUE,0
google/textfsm,2,TRUE,1
google/textfsm,3,TRUE,0
google/textfsm,4,TRUE,0
google/textfsm,5,TRUE,1
google/textfsm,6,TRUE,1
google/textfsm,7,TRUE,1
google/textfsm,8,TRUE,1
google/textfsm,9,TRUE,4
googleapis/python-crc32c,-6,TRUE,2
googleapis/python-crc32c,-5,TRUE,1
googleapis/python-crc32c,-4,TRUE,3
googleapis/python-crc32c,-3,TRUE,8
googleapis/python-crc32c,-2,TRUE,8
googleapis/python-crc32c,-1,TRUE,10
googleapis/python-crc32c,0,TRUE,23
googleapis/python-crc32c,1,TRUE,2
googleapis/python-crc32c,2,TRUE,4
googleapis/python-crc32c,3,TRUE,0
googleapis/python-crc32c,4,TRUE,4
googleapis/python-crc32c,5,TRUE,3
googleapis/python-crc32c,6,TRUE,15
googleapis/python-crc32c,7,TRUE,5
googleapis/python-error-reporting,-8,FALSE,0
googleapis/python-error-reporting,-7,FALSE,0
googleapis/python-error-reporting,-6,FALSE,0
googleapis/python-error-reporting,-5,FALSE,9
googleapis/python-error-reporting,-4,FALSE,29
googleapis/python-error-reporting,-3,FALSE,33
googleapis/python-error-reporting,-2,FALSE,15
googleapis/python-error-reporting,-1,FALSE,12
googleapis/python-error-reporting,0,FALSE,5
googleapis/python-error-reporting,1,FALSE,0
googleapis/python-error-reporting,2,FALSE,2
googleapis/python-error-reporting,3,FALSE,1
googleapis/python-error-reporting,4,FALSE,1
googleapis/python-error-reporting,5,FALSE,5
gorakhargosh/watchdog,-14,FALSE,9
gorakhargosh/watchdog,-13,FALSE,5
gorakhargosh/watchdog,-12,FALSE,7
gorakhargosh/watchdog,-11,FALSE,10
gorakhargosh/watchdog,-10,FALSE,3
gorakhargosh/watchdog,-9,FALSE,3
gorakhargosh/watchdog,-8,FALSE,2
gorakhargosh/watchdog,-7,FALSE,22
gorakhargosh/watchdog,-6,FALSE,35
gorakhargosh/watchdog,-5,FALSE,12
gorakhargosh/watchdog,-4,FALSE,26
gorakhargosh/watchdog,-3,FALSE,31
gorakhargosh/watchdog,-2,FALSE,24
gorakhargosh/watchdog,-1,FALSE,19
gorakhargosh/watchdog,0,FALSE,16
gorakhargosh/watchdog,1,FALSE,14
gorakhargosh/watchdog,2,FALSE,26
gorakhargosh/watchdog,3,FALSE,12
gorakhargosh/watchdog,4,FALSE,2
gorakhargosh/watchdog,5,FALSE,27
gorakhargosh/watchdog,6,FALSE,6
grantmcconnaughey/lintly,-6,FALSE,5
grantmcconnaughey/lintly,-5,FALSE,1
grantmcconnaughey/lintly,-4,FALSE,3
grantmcconnaughey/lintly,-3,FALSE,0
grantmcconnaughey/lintly,-2,FALSE,9
grantmcconnaughey/lintly,-1,FALSE,4
grantmcconnaughey/lintly,0,FALSE,6
grantmcconnaughey/lintly,1,FALSE,1
grantmcconnaughey/lintly,2,FALSE,1
grantmcconnaughey/lintly,3,FALSE,3
grantmcconnaughey/lintly,4,FALSE,0
grantmcconnaughey/lintly,5,FALSE,0
grantmcconnaughey/lintly,6,FALSE,0
grantmcconnaughey/lintly,7,FALSE,0
grantmcconnaughey/lintly,8,FALSE,0
graphql-python/graphene-sqlalchemy,-9,FALSE,17
graphql-python/graphene-sqlalchemy,-8,FALSE,10
graphql-python/graphene-sqlalchemy,-7,FALSE,21
graphql-python/graphene-sqlalchemy,-6,FALSE,1
graphql-python/graphene-sqlalchemy,-5,FALSE,16
graphql-python/graphene-sqlalchemy,-4,FALSE,20
graphql-python/graphene-sqlalchemy,-3,FALSE,11
graphql-python/graphene-sqlalchemy,-2,FALSE,12
graphql-python/graphene-sqlalchemy,-1,FALSE,4
graphql-python/graphene-sqlalchemy,0,FALSE,5
graphql-python/graphene-sqlalchemy,1,FALSE,4
graphql-python/graphene-sqlalchemy,2,FALSE,8
graphql-python/graphene-sqlalchemy,3,FALSE,13
graphql-python/graphene-sqlalchemy,4,FALSE,11
graphql-python/graphene-sqlalchemy,5,FALSE,2
graphql-python/graphene-sqlalchemy,6,FALSE,3
graphql-python/graphene-sqlalchemy,7,FALSE,1
graphql-python/graphene-sqlalchemy,8,FALSE,2
gtalarico/pyairtable,-8,FALSE,1
gtalarico/pyairtable,-7,FALSE,3
gtalarico/pyairtable,-6,FALSE,0
gtalarico/pyairtable,-5,FALSE,10
gtalarico/pyairtable,-4,FALSE,4
gtalarico/pyairtable,-3,FALSE,10
gtalarico/pyairtable,-2,FALSE,10
gtalarico/pyairtable,-1,FALSE,2
gtalarico/pyairtable,0,FALSE,9
gtalarico/pyairtable,1,FALSE,14
gtalarico/pyairtable,2,FALSE,16
gtalarico/pyairtable,3,FALSE,44
gtalarico/pyairtable,4,FALSE,28
gtalarico/pyairtable,5,FALSE,39
gtalarico/pyairtable,6,FALSE,28
gtalarico/pyairtable,7,FALSE,9
gvalkov/python-evdev,-10,FALSE,0
gvalkov/python-evdev,-9,FALSE,2
gvalkov/python-evdev,-8,FALSE,11
gvalkov/python-evdev,-7,FALSE,0
gvalkov/python-evdev,-6,FALSE,0
gvalkov/python-evdev,-5,FALSE,2
gvalkov/python-evdev,-4,FALSE,8
gvalkov/python-evdev,-3,FALSE,3
gvalkov/python-evdev,-2,FALSE,3
gvalkov/python-evdev,-1,FALSE,3
gvalkov/python-evdev,0,FALSE,2
gvalkov/python-evdev,1,FALSE,8
gvalkov/python-evdev,2,FALSE,6
gvalkov/python-evdev,3,FALSE,3
gvalkov/python-evdev,4,FALSE,3
gvalkov/python-evdev,5,FALSE,0
gvalkov/python-evdev,6,FALSE,3
gvalkov/python-evdev,7,FALSE,4
gvalkov/python-evdev,8,FALSE,5
gvalkov/python-evdev,9,FALSE,1
gvalkov/python-evdev,10,FALSE,9
gweis/isodate,-14,TRUE,8
gweis/isodate,-13,TRUE,8
gweis/isodate,-12,TRUE,0
gweis/isodate,-11,TRUE,2
gweis/isodate,-10,TRUE,0
gweis/isodate,-9,TRUE,2
gweis/isodate,-8,TRUE,3
gweis/isodate,-7,TRUE,0
gweis/isodate,-6,TRUE,1
gweis/isodate,-5,TRUE,3
gweis/isodate,-4,TRUE,0
gweis/isodate,-3,TRUE,0
gweis/isodate,-2,TRUE,2
gweis/isodate,-1,TRUE,1
gweis/isodate,0,TRUE,2
gweis/isodate,1,TRUE,2
gweis/isodate,2,TRUE,0
gweis/isodate,3,TRUE,2
gweis/isodate,4,TRUE,0
gweis/isodate,5,TRUE,1
gweis/isodate,6,TRUE,1
harfbuzz/uharfbuzz,-5,FALSE,2
harfbuzz/uharfbuzz,-4,FALSE,5
harfbuzz/uharfbuzz,-3,FALSE,0
harfbuzz/uharfbuzz,-2,FALSE,0
harfbuzz/uharfbuzz,-1,FALSE,21
harfbuzz/uharfbuzz,0,FALSE,7
harfbuzz/uharfbuzz,1,FALSE,8
harfbuzz/uharfbuzz,2,FALSE,13
harfbuzz/uharfbuzz,3,FALSE,15
harfbuzz/uharfbuzz,4,FALSE,12
harfbuzz/uharfbuzz,5,FALSE,15
harfbuzz/uharfbuzz,6,FALSE,16
harfbuzz/uharfbuzz,7,FALSE,11
harfbuzz/uharfbuzz,8,FALSE,16
harfbuzz/uharfbuzz,9,FALSE,12
helloflask/flask-dropzone,-6,FALSE,2
helloflask/flask-dropzone,-5,FALSE,4
helloflask/flask-dropzone,-4,FALSE,1
helloflask/flask-dropzone,-3,FALSE,1
helloflask/flask-dropzone,-2,FALSE,1
helloflask/flask-dropzone,-1,FALSE,1
helloflask/flask-dropzone,0,FALSE,1
helloflask/flask-dropzone,1,FALSE,8
helloflask/flask-dropzone,2,FALSE,0
helloflask/flask-dropzone,3,FALSE,1
helloflask/flask-dropzone,4,FALSE,1
helloflask/flask-dropzone,5,FALSE,0
helloflask/flask-dropzone,6,FALSE,1
helloflask/flask-dropzone,7,FALSE,3
helloflask/flask-dropzone,8,FALSE,0
helloflask/flask-dropzone,9,FALSE,0
hfaran/slack-export-viewer,-12,FALSE,6
hfaran/slack-export-viewer,-11,FALSE,1
hfaran/slack-export-viewer,-10,FALSE,6
hfaran/slack-export-viewer,-9,FALSE,1
hfaran/slack-export-viewer,-8,FALSE,10
hfaran/slack-export-viewer,-7,FALSE,6
hfaran/slack-export-viewer,-6,FALSE,5
hfaran/slack-export-viewer,-5,FALSE,5
hfaran/slack-export-viewer,-4,FALSE,4
hfaran/slack-export-viewer,-3,FALSE,2
hfaran/slack-export-viewer,-2,FALSE,1
hfaran/slack-export-viewer,-1,FALSE,1
hfaran/slack-export-viewer,0,FALSE,2
hfaran/slack-export-viewer,1,FALSE,4
hfaran/slack-export-viewer,2,FALSE,1
hfaran/slack-export-viewer,3,FALSE,8
hfaran/slack-export-viewer,4,FALSE,4
hfaran/slack-export-viewer,5,FALSE,11
hfaran/slack-export-viewer,6,FALSE,15
hgrecco/pint,-10,FALSE,19
hgrecco/pint,-9,FALSE,12
hgrecco/pint,-8,FALSE,23
hgrecco/pint,-7,FALSE,28
hgrecco/pint,-6,FALSE,17
hgrecco/pint,-5,FALSE,22
hgrecco/pint,-4,FALSE,8
hgrecco/pint,-3,FALSE,30
hgrecco/pint,-2,FALSE,27
hgrecco/pint,-1,FALSE,64
hgrecco/pint,0,FALSE,63
hgrecco/pint,1,FALSE,26
hgrecco/pint,2,FALSE,39
hgrecco/pint,3,FALSE,33
hgrecco/pint,4,FALSE,37
hgrecco/pint,5,FALSE,38
hgrecco/pint,6,FALSE,22
hgrecco/pint,7,FALSE,26
hgrecco/pint,8,FALSE,50
hgrecco/pint,9,FALSE,20
hgrecco/pint,10,FALSE,25
hhursev/recipe-scrapers,-9,FALSE,1
hhursev/recipe-scrapers,-8,FALSE,0
hhursev/recipe-scrapers,-7,FALSE,5
hhursev/recipe-scrapers,-6,FALSE,3
hhursev/recipe-scrapers,-5,FALSE,6
hhursev/recipe-scrapers,-4,FALSE,2
hhursev/recipe-scrapers,-3,FALSE,6
hhursev/recipe-scrapers,-2,FALSE,12
hhursev/recipe-scrapers,-1,FALSE,43
hhursev/recipe-scrapers,0,FALSE,69
hhursev/recipe-scrapers,1,FALSE,74
hhursev/recipe-scrapers,2,FALSE,36
hhursev/recipe-scrapers,3,FALSE,45
hhursev/recipe-scrapers,4,FALSE,92
hhursev/recipe-scrapers,5,FALSE,35
hhursev/recipe-scrapers,6,FALSE,127
hhursev/recipe-scrapers,7,FALSE,106
hhursev/recipe-scrapers,8,FALSE,176
hhursev/recipe-scrapers,9,FALSE,116
hibtc/cpymad,-10,FALSE,0
hibtc/cpymad,-9,FALSE,0
hibtc/cpymad,-8,FALSE,0
hibtc/cpymad,-7,FALSE,0
hibtc/cpymad,-6,FALSE,0
hibtc/cpymad,-5,FALSE,0
hibtc/cpymad,-4,FALSE,0
hibtc/cpymad,-3,FALSE,0
hibtc/cpymad,-2,FALSE,4
hibtc/cpymad,-1,FALSE,0
hibtc/cpymad,0,FALSE,2
hibtc/cpymad,1,FALSE,10
hibtc/cpymad,2,FALSE,5
hibtc/cpymad,3,FALSE,4
hibtc/cpymad,4,FALSE,4
hibtc/cpymad,5,FALSE,2
hibtc/cpymad,6,FALSE,2
hibtc/cpymad,7,FALSE,0
hibtc/cpymad,8,FALSE,1
hibtc/cpymad,9,FALSE,0
hibtc/cpymad,10,FALSE,0
home-assistant-libs/pychromecast,-9,FALSE,5
home-assistant-libs/pychromecast,-8,FALSE,8
home-assistant-libs/pychromecast,-7,FALSE,10
home-assistant-libs/pychromecast,-6,FALSE,24
home-assistant-libs/pychromecast,-5,FALSE,8
home-assistant-libs/pychromecast,-4,FALSE,11
home-assistant-libs/pychromecast,-3,FALSE,16
home-assistant-libs/pychromecast,-2,FALSE,1
home-assistant-libs/pychromecast,-1,FALSE,20
home-assistant-libs/pychromecast,0,FALSE,9
home-assistant-libs/pychromecast,1,FALSE,27
home-assistant-libs/pychromecast,2,FALSE,28
home-assistant-libs/pychromecast,3,FALSE,31
home-assistant-libs/pychromecast,4,FALSE,24
home-assistant-libs/pychromecast,5,FALSE,23
home-assistant-libs/pychromecast,6,FALSE,16
home-assistant-libs/pychromecast,7,FALSE,7
home-assistant-libs/pychromecast,8,FALSE,9
home-assistant-libs/pychromecast,9,FALSE,81
home-assistant-libs/pychromecast,10,FALSE,14
home-assistant-libs/pychromecast,11,FALSE,5
horejsek/python-fastjsonschema,-7,FALSE,1
horejsek/python-fastjsonschema,-6,FALSE,8
horejsek/python-fastjsonschema,-5,FALSE,7
horejsek/python-fastjsonschema,-4,FALSE,2
horejsek/python-fastjsonschema,-3,FALSE,8
horejsek/python-fastjsonschema,-2,FALSE,5
horejsek/python-fastjsonschema,-1,FALSE,0
horejsek/python-fastjsonschema,0,FALSE,5
horejsek/python-fastjsonschema,1,FALSE,2
horejsek/python-fastjsonschema,2,FALSE,5
horejsek/python-fastjsonschema,3,FALSE,2
horejsek/python-fastjsonschema,4,FALSE,4
horejsek/python-fastjsonschema,5,FALSE,4
horejsek/python-fastjsonschema,6,FALSE,2
horejsek/python-fastjsonschema,7,FALSE,1
horejsek/python-fastjsonschema,8,FALSE,0
howie6879/ruia,-5,FALSE,5
howie6879/ruia,-4,FALSE,29
howie6879/ruia,-3,FALSE,2
howie6879/ruia,-2,FALSE,12
howie6879/ruia,-1,FALSE,0
howie6879/ruia,0,FALSE,1
howie6879/ruia,1,FALSE,4
howie6879/ruia,2,FALSE,1
howie6879/ruia,3,FALSE,0
howie6879/ruia,4,FALSE,1
howie6879/ruia,5,FALSE,0
howie6879/ruia,6,FALSE,0
howie6879/ruia,7,FALSE,0
howie6879/ruia,8,FALSE,0
hyriver/pygeohydro,-5,FALSE,4
hyriver/pygeohydro,-4,FALSE,2
hyriver/pygeohydro,-3,FALSE,0
hyriver/pygeohydro,-2,FALSE,0
hyriver/pygeohydro,-1,FALSE,0
hyriver/pygeohydro,0,FALSE,0
hyriver/pygeohydro,1,FALSE,0
hyriver/pygeohydro,2,FALSE,1
hyriver/pygeohydro,3,FALSE,0
hyriver/pygeohydro,4,FALSE,0
hyriver/pygeohydro,5,FALSE,0
ijl/orjson,-6,FALSE,0
ijl/orjson,-5,FALSE,2
ijl/orjson,-4,FALSE,2
ijl/orjson,-3,FALSE,7
ijl/orjson,-2,FALSE,9
ijl/orjson,-1,FALSE,9
ijl/orjson,0,FALSE,8
ijl/orjson,1,FALSE,6
ijl/orjson,2,FALSE,10
ijl/orjson,3,FALSE,15
ijl/orjson,4,FALSE,11
ijl/orjson,5,FALSE,13
ijl/orjson,6,FALSE,4
ijl/orjson,7,FALSE,10
ikvk/imap_tools,-6,FALSE,0
ikvk/imap_tools,-5,FALSE,0
ikvk/imap_tools,-4,FALSE,0
ikvk/imap_tools,-3,FALSE,2
ikvk/imap_tools,-2,FALSE,5
ikvk/imap_tools,-1,FALSE,4
ikvk/imap_tools,0,FALSE,7
ikvk/imap_tools,1,FALSE,1
ikvk/imap_tools,2,FALSE,0
ikvk/imap_tools,3,FALSE,1
ikvk/imap_tools,4,FALSE,1
ikvk/imap_tools,5,FALSE,0
ikvk/imap_tools,6,FALSE,4
ikvk/imap_tools,7,FALSE,3
ikvk/imap_tools,8,FALSE,2
ikvk/imap_tools,9,FALSE,1
ilevkivskyi/typing_inspect,-7,FALSE,0
ilevkivskyi/typing_inspect,-6,FALSE,2
ilevkivskyi/typing_inspect,-5,FALSE,4
ilevkivskyi/typing_inspect,-4,FALSE,2
ilevkivskyi/typing_inspect,-3,FALSE,3
ilevkivskyi/typing_inspect,-2,FALSE,6
ilevkivskyi/typing_inspect,-1,FALSE,8
ilevkivskyi/typing_inspect,0,FALSE,2
ilevkivskyi/typing_inspect,1,FALSE,8
ilevkivskyi/typing_inspect,2,FALSE,4
ilevkivskyi/typing_inspect,3,FALSE,1
ilevkivskyi/typing_inspect,4,FALSE,4
ilevkivskyi/typing_inspect,5,FALSE,4
ilevkivskyi/typing_inspect,6,FALSE,1
ilevkivskyi/typing_inspect,7,FALSE,0
ilevkivskyi/typing_inspect,8,FALSE,1
ilevkivskyi/typing_inspect,9,FALSE,4
imgix/imgix-python,-10,FALSE,9
imgix/imgix-python,-9,FALSE,0
imgix/imgix-python,-8,FALSE,4
imgix/imgix-python,-7,FALSE,1
imgix/imgix-python,-6,FALSE,0
imgix/imgix-python,-5,FALSE,0
imgix/imgix-python,-4,FALSE,10
imgix/imgix-python,-3,FALSE,1
imgix/imgix-python,-2,FALSE,10
imgix/imgix-python,-1,FALSE,8
imgix/imgix-python,0,FALSE,25
imgix/imgix-python,1,FALSE,3
imgix/imgix-python,2,FALSE,1
imgix/imgix-python,3,FALSE,0
imgix/imgix-python,4,FALSE,0
imgix/imgix-python,5,FALSE,15
imgix/imgix-python,6,FALSE,0
imgix/imgix-python,7,FALSE,0
imgix/imgix-python,8,FALSE,0
imgix/imgix-python,9,FALSE,1
imgix/imgix-python,10,FALSE,0
influxdata/influxdb-python,-11,TRUE,65
influxdata/influxdb-python,-10,TRUE,33
influxdata/influxdb-python,-9,TRUE,31
influxdata/influxdb-python,-8,TRUE,25
influxdata/influxdb-python,-7,TRUE,29
influxdata/influxdb-python,-6,TRUE,30
influxdata/influxdb-python,-5,TRUE,13
influxdata/influxdb-python,-4,TRUE,12
influxdata/influxdb-python,-3,TRUE,22
influxdata/influxdb-python,-2,TRUE,15
influxdata/influxdb-python,-1,TRUE,23
influxdata/influxdb-python,0,TRUE,15
influxdata/influxdb-python,1,TRUE,3
influxdata/influxdb-python,2,TRUE,4
influxdata/influxdb-python,3,TRUE,0
influxdata/influxdb-python,4,TRUE,2
influxdata/influxdb-python,5,TRUE,0
influxdata/influxdb-python,6,TRUE,1
influxdata/influxdb-python,7,TRUE,2
influxdata/influxdb-python,8,TRUE,1
influxdata/influxdb-python,9,TRUE,0
intake/intake-esm,-7,FALSE,1
intake/intake-esm,-6,FALSE,60
intake/intake-esm,-5,FALSE,44
intake/intake-esm,-4,FALSE,43
intake/intake-esm,-3,FALSE,40
intake/intake-esm,-2,FALSE,10
intake/intake-esm,-1,FALSE,31
intake/intake-esm,0,FALSE,20
intake/intake-esm,1,FALSE,23
intake/intake-esm,2,FALSE,14
intake/intake-esm,3,FALSE,8
intake/intake-esm,4,FALSE,7
intake/intake-esm,5,FALSE,8
intake/intake-esm,6,FALSE,11
inveniosoftware/invenio-app,-7,TRUE,4
inveniosoftware/invenio-app,-6,TRUE,7
inveniosoftware/invenio-app,-5,TRUE,3
inveniosoftware/invenio-app,-4,TRUE,7
inveniosoftware/invenio-app,-3,TRUE,1
inveniosoftware/invenio-app,-2,TRUE,9
inveniosoftware/invenio-app,-1,TRUE,4
inveniosoftware/invenio-app,0,TRUE,6
inveniosoftware/invenio-app,1,TRUE,0
inveniosoftware/invenio-app,2,TRUE,1
inveniosoftware/invenio-app,3,TRUE,4
inveniosoftware/invenio-app,4,TRUE,1
inveniosoftware/invenio-app,5,TRUE,1
inveniosoftware/invenio-app,6,TRUE,0
inveniosoftware/invenio-app,7,TRUE,2
inveniosoftware/invenio-app,8,TRUE,4
inveniosoftware/invenio-app,9,TRUE,5
inveniosoftware/invenio-oauth2server,-11,TRUE,17
inveniosoftware/invenio-oauth2server,-10,TRUE,26
inveniosoftware/invenio-oauth2server,-9,TRUE,33
inveniosoftware/invenio-oauth2server,-8,TRUE,15
inveniosoftware/invenio-oauth2server,-7,TRUE,24
inveniosoftware/invenio-oauth2server,-6,TRUE,10
inveniosoftware/invenio-oauth2server,-5,TRUE,1
inveniosoftware/invenio-oauth2server,-4,TRUE,2
inveniosoftware/invenio-oauth2server,-3,TRUE,2
inveniosoftware/invenio-oauth2server,-2,TRUE,9
inveniosoftware/invenio-oauth2server,-1,TRUE,8
inveniosoftware/invenio-oauth2server,0,TRUE,3
inveniosoftware/invenio-oauth2server,1,TRUE,2
inveniosoftware/invenio-oauth2server,2,TRUE,6
inveniosoftware/invenio-oauth2server,3,TRUE,3
inveniosoftware/invenio-oauth2server,4,TRUE,4
inveniosoftware/invenio-oauth2server,5,TRUE,5
inveniosoftware/invenio-oauth2server,6,TRUE,4
inveniosoftware/invenio-oauth2server,7,TRUE,5
inveniosoftware/invenio-oauth2server,8,TRUE,9
invoice-x/invoice2data,-11,FALSE,2
invoice-x/invoice2data,-10,FALSE,1
invoice-x/invoice2data,-9,FALSE,0
invoice-x/invoice2data,-8,FALSE,0
invoice-x/invoice2data,-7,FALSE,0
invoice-x/invoice2data,-6,FALSE,10
invoice-x/invoice2data,-5,FALSE,15
invoice-x/invoice2data,-4,FALSE,17
invoice-x/invoice2data,-3,FALSE,19
invoice-x/invoice2data,-2,FALSE,11
invoice-x/invoice2data,-1,FALSE,11
invoice-x/invoice2data,0,FALSE,11
invoice-x/invoice2data,1,FALSE,8
invoice-x/invoice2data,2,FALSE,5
invoice-x/invoice2data,3,FALSE,46
invoice-x/invoice2data,4,FALSE,46
invoice-x/invoice2data,5,FALSE,14
invoice-x/invoice2data,6,FALSE,6
invoice-x/invoice2data,7,FALSE,13
invoice-x/invoice2data,8,FALSE,3
ionelmc/pytest-benchmark,-11,FALSE,1
ionelmc/pytest-benchmark,-10,FALSE,5
ionelmc/pytest-benchmark,-9,FALSE,2
ionelmc/pytest-benchmark,-8,FALSE,4
ionelmc/pytest-benchmark,-7,FALSE,7
ionelmc/pytest-benchmark,-6,FALSE,4
ionelmc/pytest-benchmark,-5,FALSE,8
ionelmc/pytest-benchmark,-4,FALSE,7
ionelmc/pytest-benchmark,-3,FALSE,3
ionelmc/pytest-benchmark,-2,FALSE,0
ionelmc/pytest-benchmark,-1,FALSE,4
ionelmc/pytest-benchmark,0,FALSE,1
ionelmc/pytest-benchmark,1,FALSE,7
ionelmc/pytest-benchmark,2,FALSE,2
ionelmc/pytest-benchmark,3,FALSE,0
ionelmc/pytest-benchmark,4,FALSE,1
ionelmc/pytest-benchmark,5,FALSE,3
ionelmc/pytest-benchmark,6,FALSE,8
ionelmc/pytest-benchmark,7,FALSE,2
ionelmc/pytest-benchmark,8,FALSE,3
ionelmc/pytest-benchmark,9,FALSE,4
ivadomed/ivadomed,-5,FALSE,1
ivadomed/ivadomed,-4,FALSE,4
ivadomed/ivadomed,-3,FALSE,99
ivadomed/ivadomed,-2,FALSE,162
ivadomed/ivadomed,-1,FALSE,115
ivadomed/ivadomed,0,FALSE,91
ivadomed/ivadomed,1,FALSE,73
ivadomed/ivadomed,2,FALSE,30
ivadomed/ivadomed,3,FALSE,17
ivadomed/ivadomed,4,FALSE,3
ivadomed/ivadomed,5,FALSE,3
ivadomed/ivadomed,6,FALSE,3
ivadomed/ivadomed,7,FALSE,0
ivelum/djangoql,-7,FALSE,5
ivelum/djangoql,-6,FALSE,2
ivelum/djangoql,-5,FALSE,2
ivelum/djangoql,-4,FALSE,10
ivelum/djangoql,-3,FALSE,4
ivelum/djangoql,-2,FALSE,2
ivelum/djangoql,-1,FALSE,0
ivelum/djangoql,0,FALSE,3
ivelum/djangoql,1,FALSE,3
ivelum/djangoql,2,FALSE,2
ivelum/djangoql,3,FALSE,2
ivelum/djangoql,4,FALSE,0
ivelum/djangoql,5,FALSE,0
ivelum/djangoql,6,FALSE,1
ivelum/djangoql,7,FALSE,2
ivelum/djangoql,8,FALSE,1
ivelum/djangoql,9,FALSE,0
izimobil/django-rest-framework-datatables,-6,FALSE,5
izimobil/django-rest-framework-datatables,-5,FALSE,4
izimobil/django-rest-framework-datatables,-4,FALSE,4
izimobil/django-rest-framework-datatables,-3,FALSE,8
izimobil/django-rest-framework-datatables,-2,FALSE,6
izimobil/django-rest-framework-datatables,-1,FALSE,2
izimobil/django-rest-framework-datatables,0,FALSE,5
izimobil/django-rest-framework-datatables,1,FALSE,8
izimobil/django-rest-framework-datatables,2,FALSE,1
izimobil/django-rest-framework-datatables,3,FALSE,2
izimobil/django-rest-framework-datatables,4,FALSE,1
izimobil/django-rest-framework-datatables,5,FALSE,1
izimobil/django-rest-framework-datatables,6,FALSE,4
izimobil/django-rest-framework-datatables,7,FALSE,2
izimobil/django-rest-framework-datatables,8,FALSE,0
jadchaar/sec-edgar-downloader,-7,FALSE,0
jadchaar/sec-edgar-downloader,-6,FALSE,12
jadchaar/sec-edgar-downloader,-5,FALSE,2
jadchaar/sec-edgar-downloader,-4,FALSE,7
jadchaar/sec-edgar-downloader,-3,FALSE,3
jadchaar/sec-edgar-downloader,-2,FALSE,9
jadchaar/sec-edgar-downloader,-1,FALSE,6
jadchaar/sec-edgar-downloader,0,FALSE,0
jadchaar/sec-edgar-downloader,1,FALSE,0
jadchaar/sec-edgar-downloader,2,FALSE,2
jadchaar/sec-edgar-downloader,3,FALSE,11
jadchaar/sec-edgar-downloader,4,FALSE,1
jadchaar/sec-edgar-downloader,5,FALSE,1
jadchaar/sec-edgar-downloader,6,FALSE,1
jamalex/notion-py,-5,FALSE,1
jamalex/notion-py,-4,FALSE,10
jamalex/notion-py,-3,FALSE,10
jamalex/notion-py,-2,FALSE,32
jamalex/notion-py,-1,FALSE,28
jamalex/notion-py,0,FALSE,17
jamalex/notion-py,1,FALSE,6
jamalex/notion-py,2,FALSE,4
jamalex/notion-py,3,FALSE,0
jamalex/notion-py,4,FALSE,1
jamalex/notion-py,5,FALSE,1
jamalex/notion-py,6,FALSE,3
jamalex/notion-py,7,FALSE,0
jamalex/notion-py,8,FALSE,1
jamdottech/py-scale-codec,-5,FALSE,4
jamdottech/py-scale-codec,-4,FALSE,3
jamdottech/py-scale-codec,-3,FALSE,3
jamdottech/py-scale-codec,-2,FALSE,4
jamdottech/py-scale-codec,-1,FALSE,3
jamdottech/py-scale-codec,0,FALSE,2
jamdottech/py-scale-codec,1,FALSE,12
jamdottech/py-scale-codec,2,FALSE,7
jamdottech/py-scale-codec,3,FALSE,2
jamdottech/py-scale-codec,4,FALSE,4
jamdottech/py-scale-codec,5,FALSE,5
jamdottech/py-scale-codec,6,FALSE,0
jamesscottbrown/pyyed,-6,FALSE,5
jamesscottbrown/pyyed,-5,FALSE,0
jamesscottbrown/pyyed,-4,FALSE,4
jamesscottbrown/pyyed,-3,FALSE,2
jamesscottbrown/pyyed,-2,FALSE,5
jamesscottbrown/pyyed,-1,FALSE,2
jamesscottbrown/pyyed,0,FALSE,7
jamesscottbrown/pyyed,1,FALSE,0
jamesscottbrown/pyyed,2,FALSE,1
jamesscottbrown/pyyed,3,FALSE,0
jamesscottbrown/pyyed,4,FALSE,0
jamesscottbrown/pyyed,5,FALSE,0
jamesscottbrown/pyyed,6,FALSE,1
jamesscottbrown/pyyed,7,FALSE,0
jamesscottbrown/pyyed,8,FALSE,1
jamesscottbrown/pyyed,9,FALSE,0
jaraco/irc,-12,FALSE,0
jaraco/irc,-11,FALSE,1
jaraco/irc,-10,FALSE,10
jaraco/irc,-9,FALSE,8
jaraco/irc,-8,FALSE,1
jaraco/irc,-7,FALSE,2
jaraco/irc,-6,FALSE,3
jaraco/irc,-5,FALSE,3
jaraco/irc,-4,FALSE,2
jaraco/irc,-3,FALSE,2
jaraco/irc,-2,FALSE,3
jaraco/irc,-1,FALSE,3
jaraco/irc,0,FALSE,1
jaraco/irc,1,FALSE,1
jaraco/irc,2,FALSE,0
jaraco/irc,3,FALSE,2
jaraco/irc,4,FALSE,2
jaraco/irc,5,FALSE,2
jaraco/irc,6,FALSE,2
jaraco/irc,7,FALSE,3
jaraco/irc,8,FALSE,1
jasonrbriggs/stomp.py,-12,FALSE,5
jasonrbriggs/stomp.py,-11,FALSE,19
jasonrbriggs/stomp.py,-10,FALSE,28
jasonrbriggs/stomp.py,-9,FALSE,23
jasonrbriggs/stomp.py,-8,FALSE,4
jasonrbriggs/stomp.py,-7,FALSE,13
jasonrbriggs/stomp.py,-6,FALSE,12
jasonrbriggs/stomp.py,-5,FALSE,7
jasonrbriggs/stomp.py,-4,FALSE,4
jasonrbriggs/stomp.py,-3,FALSE,17
jasonrbriggs/stomp.py,-2,FALSE,21
jasonrbriggs/stomp.py,-1,FALSE,2
jasonrbriggs/stomp.py,0,FALSE,4
jasonrbriggs/stomp.py,1,FALSE,2
jasonrbriggs/stomp.py,2,FALSE,6
jasonrbriggs/stomp.py,3,FALSE,8
jasonrbriggs/stomp.py,4,FALSE,4
jasonrbriggs/stomp.py,5,FALSE,0
jasonrbriggs/stomp.py,6,FALSE,3
jasonrbriggs/stomp.py,7,FALSE,5
jasonrbriggs/stomp.py,8,FALSE,0
jazzband/django-avatar,-11,TRUE,6
jazzband/django-avatar,-10,TRUE,5
jazzband/django-avatar,-9,TRUE,9
jazzband/django-avatar,-8,TRUE,5
jazzband/django-avatar,-7,TRUE,2
jazzband/django-avatar,-6,TRUE,8
jazzband/django-avatar,-5,TRUE,1
jazzband/django-avatar,-4,TRUE,1
jazzband/django-avatar,-3,TRUE,5
jazzband/django-avatar,-2,TRUE,1
jazzband/django-avatar,-1,TRUE,2
jazzband/django-avatar,0,TRUE,4
jazzband/django-avatar,1,TRUE,3
jazzband/django-avatar,2,TRUE,1
jazzband/django-avatar,3,TRUE,5
jazzband/django-avatar,4,TRUE,6
jazzband/django-avatar,5,TRUE,5
jazzband/django-avatar,6,TRUE,5
jazzband/django-avatar,7,TRUE,0
jazzband/django-avatar,8,TRUE,1
jazzband/django-avatar,9,TRUE,0
jazzband/django-recurrence,-10,FALSE,5
jazzband/django-recurrence,-9,FALSE,6
jazzband/django-recurrence,-8,FALSE,5
jazzband/django-recurrence,-7,FALSE,6
jazzband/django-recurrence,-6,FALSE,4
jazzband/django-recurrence,-5,FALSE,9
jazzband/django-recurrence,-4,FALSE,2
jazzband/django-recurrence,-3,FALSE,9
jazzband/django-recurrence,-2,FALSE,3
jazzband/django-recurrence,-1,FALSE,6
jazzband/django-recurrence,0,FALSE,3
jazzband/django-recurrence,1,FALSE,3
jazzband/django-recurrence,2,FALSE,1
jazzband/django-recurrence,3,FALSE,3
jazzband/django-recurrence,4,FALSE,8
jazzband/django-recurrence,5,FALSE,5
jazzband/django-recurrence,6,FALSE,2
jazzband/django-recurrence,7,FALSE,0
jazzband/django-recurrence,8,FALSE,2
jazzband/django-recurrence,9,FALSE,1
jazzband/django-recurrence,10,FALSE,0
jazzband/django-rest-knox,-14,TRUE,2
jazzband/django-rest-knox,-13,TRUE,5
jazzband/django-rest-knox,-12,TRUE,12
jazzband/django-rest-knox,-11,TRUE,13
jazzband/django-rest-knox,-10,TRUE,10
jazzband/django-rest-knox,-9,TRUE,13
jazzband/django-rest-knox,-8,TRUE,34
jazzband/django-rest-knox,-7,TRUE,16
jazzband/django-rest-knox,-6,TRUE,7
jazzband/django-rest-knox,-5,TRUE,8
jazzband/django-rest-knox,-4,TRUE,10
jazzband/django-rest-knox,-3,TRUE,5
jazzband/django-rest-knox,-2,TRUE,1
jazzband/django-rest-knox,-1,TRUE,5
jazzband/django-rest-knox,0,TRUE,10
jazzband/django-rest-knox,1,TRUE,7
jazzband/django-rest-knox,2,TRUE,9
jazzband/django-rest-knox,3,TRUE,14
jazzband/django-rest-knox,4,TRUE,7
jazzband/django-rest-knox,5,TRUE,3
jazzband/sorl-thumbnail,-11,FALSE,11
jazzband/sorl-thumbnail,-10,FALSE,19
jazzband/sorl-thumbnail,-9,FALSE,10
jazzband/sorl-thumbnail,-8,FALSE,8
jazzband/sorl-thumbnail,-7,FALSE,4
jazzband/sorl-thumbnail,-6,FALSE,9
jazzband/sorl-thumbnail,-5,FALSE,7
jazzband/sorl-thumbnail,-4,FALSE,13
jazzband/sorl-thumbnail,-3,FALSE,9
jazzband/sorl-thumbnail,-2,FALSE,9
jazzband/sorl-thumbnail,-1,FALSE,21
jazzband/sorl-thumbnail,0,FALSE,8
jazzband/sorl-thumbnail,1,FALSE,5
jazzband/sorl-thumbnail,2,FALSE,3
jazzband/sorl-thumbnail,3,FALSE,6
jazzband/sorl-thumbnail,4,FALSE,9
jazzband/sorl-thumbnail,5,FALSE,8
jazzband/sorl-thumbnail,6,FALSE,9
jazzband/sorl-thumbnail,7,FALSE,1
jazzband/sorl-thumbnail,8,FALSE,16
jazzband/sorl-thumbnail,9,FALSE,4
jd/tenacity,-9,FALSE,27
jd/tenacity,-8,FALSE,10
jd/tenacity,-7,FALSE,8
jd/tenacity,-6,FALSE,11
jd/tenacity,-5,FALSE,11
jd/tenacity,-4,FALSE,8
jd/tenacity,-3,FALSE,12
jd/tenacity,-2,FALSE,12
jd/tenacity,-1,FALSE,11
jd/tenacity,0,FALSE,27
jd/tenacity,1,FALSE,4
jd/tenacity,2,FALSE,6
jd/tenacity,3,FALSE,8
jd/tenacity,4,FALSE,17
jd/tenacity,5,FALSE,9
jd/tenacity,6,FALSE,21
jd/tenacity,7,FALSE,6
jd/tenacity,8,FALSE,6
jedie/django-reversion-compare,-9,FALSE,7
jedie/django-reversion-compare,-8,FALSE,6
jedie/django-reversion-compare,-7,FALSE,11
jedie/django-reversion-compare,-6,FALSE,7
jedie/django-reversion-compare,-5,FALSE,4
jedie/django-reversion-compare,-4,FALSE,3
jedie/django-reversion-compare,-3,FALSE,1
jedie/django-reversion-compare,-2,FALSE,1
jedie/django-reversion-compare,-1,FALSE,1
jedie/django-reversion-compare,0,FALSE,4
jedie/django-reversion-compare,1,FALSE,12
jedie/django-reversion-compare,2,FALSE,6
jedie/django-reversion-compare,3,FALSE,11
jedie/django-reversion-compare,4,FALSE,1
jedie/django-reversion-compare,5,FALSE,6
jedie/django-reversion-compare,6,FALSE,8
jedie/django-reversion-compare,7,FALSE,12
jedie/django-reversion-compare,8,FALSE,9
jedie/django-reversion-compare,9,FALSE,8
jedie/django-reversion-compare,10,FALSE,5
jedie/django-reversion-compare,11,FALSE,0
jeffreydwalter/arlo,-12,TRUE,2
jeffreydwalter/arlo,-11,TRUE,0
jeffreydwalter/arlo,-10,TRUE,3
jeffreydwalter/arlo,-9,TRUE,6
jeffreydwalter/arlo,-8,TRUE,3
jeffreydwalter/arlo,-7,TRUE,3
jeffreydwalter/arlo,-6,TRUE,5
jeffreydwalter/arlo,-5,TRUE,3
jeffreydwalter/arlo,-4,TRUE,1
jeffreydwalter/arlo,-3,TRUE,4
jeffreydwalter/arlo,-2,TRUE,5
jeffreydwalter/arlo,-1,TRUE,1
jeffreydwalter/arlo,0,TRUE,3
jeffreydwalter/arlo,1,TRUE,1
jeffreydwalter/arlo,2,TRUE,1
jeffreydwalter/arlo,3,TRUE,0
jeffreydwalter/arlo,4,TRUE,0
jeffreydwalter/arlo,5,TRUE,0
jelmerk/hnswlib,-6,FALSE,9
jelmerk/hnswlib,-5,FALSE,0
jelmerk/hnswlib,-4,FALSE,0
jelmerk/hnswlib,-3,FALSE,1
jelmerk/hnswlib,-2,FALSE,2
jelmerk/hnswlib,-1,FALSE,0
jelmerk/hnswlib,0,FALSE,1
jelmerk/hnswlib,1,FALSE,0
jelmerk/hnswlib,2,FALSE,1
jelmerk/hnswlib,3,FALSE,0
jelmerk/hnswlib,4,FALSE,0
jelmerk/hnswlib,5,FALSE,3
jepcastelein/marketo-rest-python,-12,FALSE,0
jepcastelein/marketo-rest-python,-11,FALSE,5
jepcastelein/marketo-rest-python,-10,FALSE,1
jepcastelein/marketo-rest-python,-9,FALSE,2
jepcastelein/marketo-rest-python,-8,FALSE,5
jepcastelein/marketo-rest-python,-7,FALSE,1
jepcastelein/marketo-rest-python,-6,FALSE,3
jepcastelein/marketo-rest-python,-5,FALSE,1
jepcastelein/marketo-rest-python,-4,FALSE,1
jepcastelein/marketo-rest-python,-3,FALSE,2
jepcastelein/marketo-rest-python,-2,FALSE,1
jepcastelein/marketo-rest-python,-1,FALSE,2
jepcastelein/marketo-rest-python,0,FALSE,2
jepcastelein/marketo-rest-python,1,FALSE,2
jepcastelein/marketo-rest-python,2,FALSE,0
jepcastelein/marketo-rest-python,3,FALSE,0
jepcastelein/marketo-rest-python,4,FALSE,0
jepcastelein/marketo-rest-python,5,FALSE,0
jepcastelein/marketo-rest-python,6,FALSE,0
jeremymcrae/liftover,-7,FALSE,0
jeremymcrae/liftover,-6,FALSE,0
jeremymcrae/liftover,-5,FALSE,0
jeremymcrae/liftover,-4,FALSE,0
jeremymcrae/liftover,-3,FALSE,1
jeremymcrae/liftover,-2,FALSE,1
jeremymcrae/liftover,-1,FALSE,0
jeremymcrae/liftover,0,FALSE,0
jeremymcrae/liftover,1,FALSE,0
jeremymcrae/liftover,2,FALSE,0
jeremymcrae/liftover,3,FALSE,1
jeremymcrae/liftover,4,FALSE,0
jeremymcrae/liftover,5,FALSE,0
jmcarpenter2/swifter,-6,FALSE,0
jmcarpenter2/swifter,-5,FALSE,4
jmcarpenter2/swifter,-4,FALSE,11
jmcarpenter2/swifter,-3,FALSE,16
jmcarpenter2/swifter,-2,FALSE,11
jmcarpenter2/swifter,-1,FALSE,11
jmcarpenter2/swifter,0,FALSE,3
jmcarpenter2/swifter,1,FALSE,1
jmcarpenter2/swifter,2,FALSE,4
jmcarpenter2/swifter,3,FALSE,9
jmcarpenter2/swifter,4,FALSE,3
jmcarpenter2/swifter,5,FALSE,1
jmcarpenter2/swifter,6,FALSE,0
jmcarpenter2/swifter,7,FALSE,0
jmcarpenter2/swifter,8,FALSE,0
jmfernandes/robin_stocks,-5,FALSE,1
jmfernandes/robin_stocks,-4,FALSE,2
jmfernandes/robin_stocks,-3,FALSE,10
jmfernandes/robin_stocks,-2,FALSE,20
jmfernandes/robin_stocks,-1,FALSE,14
jmfernandes/robin_stocks,0,FALSE,14
jmfernandes/robin_stocks,1,FALSE,9
jmfernandes/robin_stocks,2,FALSE,2
jmfernandes/robin_stocks,3,FALSE,2
jmfernandes/robin_stocks,4,FALSE,9
jmfernandes/robin_stocks,5,FALSE,8
jmfernandes/robin_stocks,6,FALSE,3
jmfernandes/robin_stocks,7,FALSE,12
jmfernandes/robin_stocks,8,FALSE,6
joanvila/aioredlock,-7,TRUE,3
joanvila/aioredlock,-6,TRUE,1
joanvila/aioredlock,-5,TRUE,12
joanvila/aioredlock,-4,TRUE,4
joanvila/aioredlock,-3,TRUE,2
joanvila/aioredlock,-2,TRUE,2
joanvila/aioredlock,-1,TRUE,15
joanvila/aioredlock,0,TRUE,7
joanvila/aioredlock,1,TRUE,5
joanvila/aioredlock,2,TRUE,2
joanvila/aioredlock,3,TRUE,2
joanvila/aioredlock,4,TRUE,0
joanvila/aioredlock,5,TRUE,0
joanvila/aioredlock,6,TRUE,1
joanvila/aioredlock,7,TRUE,0
joanvila/aioredlock,8,TRUE,0
joanvila/aioredlock,9,TRUE,1
joerick/pyinstrument,-9,FALSE,2
joerick/pyinstrument,-8,FALSE,0
joerick/pyinstrument,-7,FALSE,1
joerick/pyinstrument,-6,FALSE,0
joerick/pyinstrument,-5,FALSE,1
joerick/pyinstrument,-4,FALSE,2
joerick/pyinstrument,-3,FALSE,2
joerick/pyinstrument,-2,FALSE,4
joerick/pyinstrument,-1,FALSE,5
joerick/pyinstrument,0,FALSE,3
joerick/pyinstrument,1,FALSE,2
joerick/pyinstrument,2,FALSE,3
joerick/pyinstrument,3,FALSE,9
joerick/pyinstrument,4,FALSE,15
joerick/pyinstrument,5,FALSE,13
joerick/pyinstrument,6,FALSE,10
joerick/pyinstrument,7,FALSE,6
joerick/pyinstrument,8,FALSE,14
joerick/pyinstrument,9,FALSE,6
joerick/pyinstrument,10,FALSE,16
joerick/pyinstrument,11,FALSE,7
joeyism/linkedin_scraper,-7,FALSE,0
joeyism/linkedin_scraper,-6,FALSE,1
joeyism/linkedin_scraper,-5,FALSE,2
joeyism/linkedin_scraper,-4,FALSE,0
joeyism/linkedin_scraper,-3,FALSE,2
joeyism/linkedin_scraper,-2,FALSE,3
joeyism/linkedin_scraper,-1,FALSE,11
joeyism/linkedin_scraper,0,FALSE,5
joeyism/linkedin_scraper,1,FALSE,4
joeyism/linkedin_scraper,2,FALSE,1
joeyism/linkedin_scraper,3,FALSE,5
joeyism/linkedin_scraper,4,FALSE,11
joeyism/linkedin_scraper,5,FALSE,14
joeyism/linkedin_scraper,6,FALSE,6
joeyism/linkedin_scraper,7,FALSE,6
joeyism/linkedin_scraper,8,FALSE,1
joeyism/py-edgar,-7,TRUE,1
joeyism/py-edgar,-6,TRUE,0
joeyism/py-edgar,-5,TRUE,0
joeyism/py-edgar,-4,TRUE,2
joeyism/py-edgar,-3,TRUE,1
joeyism/py-edgar,-2,TRUE,0
joeyism/py-edgar,-1,TRUE,1
joeyism/py-edgar,0,TRUE,1
joeyism/py-edgar,1,TRUE,1
joeyism/py-edgar,2,TRUE,0
joeyism/py-edgar,3,TRUE,0
joeyism/py-edgar,4,TRUE,0
joeyism/py-edgar,5,TRUE,0
joeyism/py-edgar,6,TRUE,0
joeyism/py-edgar,7,TRUE,0
joke2k/django-environ,-14,FALSE,5
joke2k/django-environ,-13,FALSE,22
joke2k/django-environ,-12,FALSE,6
joke2k/django-environ,-11,FALSE,1
joke2k/django-environ,-10,FALSE,17
joke2k/django-environ,-9,FALSE,11
joke2k/django-environ,-8,FALSE,11
joke2k/django-environ,-7,FALSE,5
joke2k/django-environ,-6,FALSE,8
joke2k/django-environ,-5,FALSE,8
joke2k/django-environ,-4,FALSE,9
joke2k/django-environ,-3,FALSE,6
joke2k/django-environ,-2,FALSE,7
joke2k/django-environ,-1,FALSE,32
joke2k/django-environ,0,FALSE,16
joke2k/django-environ,1,FALSE,4
joke2k/django-environ,2,FALSE,26
joke2k/django-environ,3,FALSE,16
joke2k/django-environ,4,FALSE,2
joke2k/django-environ,5,FALSE,9
joke2k/django-environ,6,FALSE,8
jonasundderwolf/django-image-cropping,-12,TRUE,2
jonasundderwolf/django-image-cropping,-11,TRUE,6
jonasundderwolf/django-image-cropping,-10,TRUE,4
jonasundderwolf/django-image-cropping,-9,TRUE,4
jonasundderwolf/django-image-cropping,-8,TRUE,1
jonasundderwolf/django-image-cropping,-7,TRUE,0
jonasundderwolf/django-image-cropping,-6,TRUE,1
jonasundderwolf/django-image-cropping,-5,TRUE,3
jonasundderwolf/django-image-cropping,-4,TRUE,0
jonasundderwolf/django-image-cropping,-3,TRUE,4
jonasundderwolf/django-image-cropping,-2,TRUE,8
jonasundderwolf/django-image-cropping,-1,TRUE,6
jonasundderwolf/django-image-cropping,0,TRUE,0
jonasundderwolf/django-image-cropping,1,TRUE,1
jonasundderwolf/django-image-cropping,2,TRUE,3
jonasundderwolf/django-image-cropping,3,TRUE,0
jonasundderwolf/django-image-cropping,4,TRUE,0
jonasundderwolf/django-image-cropping,5,TRUE,0
jonasundderwolf/django-image-cropping,6,TRUE,0
jonasundderwolf/django-image-cropping,7,TRUE,1
jonasundderwolf/django-image-cropping,8,TRUE,0
jquast/wcwidth,-13,FALSE,2
jquast/wcwidth,-12,FALSE,3
jquast/wcwidth,-11,FALSE,2
jquast/wcwidth,-10,FALSE,1
jquast/wcwidth,-9,FALSE,1
jquast/wcwidth,-8,FALSE,0
jquast/wcwidth,-7,FALSE,0
jquast/wcwidth,-6,FALSE,0
jquast/wcwidth,-5,FALSE,0
jquast/wcwidth,-4,FALSE,0
jquast/wcwidth,-3,FALSE,6
jquast/wcwidth,-2,FALSE,1
jquast/wcwidth,-1,FALSE,4
jquast/wcwidth,0,FALSE,1
jquast/wcwidth,1,FALSE,4
jquast/wcwidth,2,FALSE,1
jquast/wcwidth,3,FALSE,0
jquast/wcwidth,4,FALSE,21
jquast/wcwidth,5,FALSE,7
jquast/wcwidth,6,FALSE,2
jquast/wcwidth,7,FALSE,5
jrief/django-entangled,-7,TRUE,0
jrief/django-entangled,-6,TRUE,1
jrief/django-entangled,-5,TRUE,2
jrief/django-entangled,-4,TRUE,1
jrief/django-entangled,-3,TRUE,1
jrief/django-entangled,-2,TRUE,0
jrief/django-entangled,-1,TRUE,4
jrief/django-entangled,0,TRUE,0
jrief/django-entangled,1,TRUE,2
jrief/django-entangled,2,TRUE,0
jrief/django-entangled,3,TRUE,0
jrief/django-entangled,4,TRUE,4
jrief/django-entangled,5,TRUE,0
jruizgit/rules,-12,TRUE,0
jruizgit/rules,-11,TRUE,0
jruizgit/rules,-10,TRUE,3
jruizgit/rules,-9,TRUE,1
jruizgit/rules,-8,TRUE,3
jruizgit/rules,-7,TRUE,2
jruizgit/rules,-6,TRUE,0
jruizgit/rules,-5,TRUE,5
jruizgit/rules,-4,TRUE,2
jruizgit/rules,-3,TRUE,13
jruizgit/rules,-2,TRUE,5
jruizgit/rules,-1,TRUE,2
jruizgit/rules,0,TRUE,0
jruizgit/rules,1,TRUE,1
jruizgit/rules,2,TRUE,1
jruizgit/rules,3,TRUE,1
jruizgit/rules,4,TRUE,0
jruizgit/rules,5,TRUE,0
jruizgit/rules,6,TRUE,2
jruizgit/rules,7,TRUE,0
jruizgit/rules,8,TRUE,0
jswhit/pygrib,-11,FALSE,2
jswhit/pygrib,-10,FALSE,3
jswhit/pygrib,-9,FALSE,5
jswhit/pygrib,-8,FALSE,3
jswhit/pygrib,-7,FALSE,3
jswhit/pygrib,-6,FALSE,3
jswhit/pygrib,-5,FALSE,3
jswhit/pygrib,-4,FALSE,8
jswhit/pygrib,-3,FALSE,6
jswhit/pygrib,-2,FALSE,1
jswhit/pygrib,-1,FALSE,5
jswhit/pygrib,0,FALSE,19
jswhit/pygrib,1,FALSE,2
jswhit/pygrib,2,FALSE,3
jswhit/pygrib,3,FALSE,3
jswhit/pygrib,4,FALSE,4
jswhit/pygrib,5,FALSE,0
jswhit/pygrib,6,FALSE,6
jswhit/pygrib,7,FALSE,8
jswhit/pygrib,8,FALSE,4
jswhit/pygrib,9,FALSE,2
jundymek/free-proxy,-7,FALSE,0
jundymek/free-proxy,-6,FALSE,1
jundymek/free-proxy,-5,FALSE,0
jundymek/free-proxy,-4,FALSE,3
jundymek/free-proxy,-3,FALSE,1
jundymek/free-proxy,-2,FALSE,2
jundymek/free-proxy,-1,FALSE,4
jundymek/free-proxy,0,FALSE,1
jundymek/free-proxy,1,FALSE,3
jundymek/free-proxy,2,FALSE,0
jundymek/free-proxy,3,FALSE,0
jundymek/free-proxy,4,FALSE,5
jundymek/free-proxy,5,FALSE,0
jupyter-server/jupyter-resource-usage,-8,FALSE,4
jupyter-server/jupyter-resource-usage,-7,FALSE,1
jupyter-server/jupyter-resource-usage,-6,FALSE,0
jupyter-server/jupyter-resource-usage,-5,FALSE,0
jupyter-server/jupyter-resource-usage,-4,FALSE,1
jupyter-server/jupyter-resource-usage,-3,FALSE,3
jupyter-server/jupyter-resource-usage,-2,FALSE,3
jupyter-server/jupyter-resource-usage,-1,FALSE,14
jupyter-server/jupyter-resource-usage,0,FALSE,12
jupyter-server/jupyter-resource-usage,1,FALSE,8
jupyter-server/jupyter-resource-usage,2,FALSE,6
jupyter-server/jupyter-resource-usage,3,FALSE,1
jupyter-server/jupyter-resource-usage,4,FALSE,10
jupyter-server/jupyter-resource-usage,5,FALSE,10
jupyter-server/jupyter-resource-usage,6,FALSE,7
jupyter-server/jupyter-resource-usage,7,FALSE,4
jupyter-server/jupyter-resource-usage,8,FALSE,0
jupyter-server/jupyter-resource-usage,9,FALSE,5
jupyter-widgets/ipywidgets,-12,FALSE,48
jupyter-widgets/ipywidgets,-11,FALSE,130
jupyter-widgets/ipywidgets,-10,FALSE,243
jupyter-widgets/ipywidgets,-9,FALSE,208
jupyter-widgets/ipywidgets,-8,FALSE,247
jupyter-widgets/ipywidgets,-7,FALSE,203
jupyter-widgets/ipywidgets,-6,FALSE,77
jupyter-widgets/ipywidgets,-5,FALSE,65
jupyter-widgets/ipywidgets,-4,FALSE,54
jupyter-widgets/ipywidgets,-3,FALSE,46
jupyter-widgets/ipywidgets,-2,FALSE,112
jupyter-widgets/ipywidgets,-1,FALSE,33
jupyter-widgets/ipywidgets,0,FALSE,71
jupyter-widgets/ipywidgets,1,FALSE,36
jupyter-widgets/ipywidgets,2,FALSE,65
jupyter-widgets/ipywidgets,3,FALSE,62
jupyter-widgets/ipywidgets,4,FALSE,50
jupyter-widgets/ipywidgets,5,FALSE,18
jupyter-widgets/ipywidgets,6,FALSE,14
jupyter-widgets/ipywidgets,7,FALSE,10
jupyter-widgets/ipywidgets,8,FALSE,9
jupyterhub/jupyterhub,-12,FALSE,93
jupyterhub/jupyterhub,-11,FALSE,35
jupyterhub/jupyterhub,-10,FALSE,126
jupyterhub/jupyterhub,-9,FALSE,125
jupyterhub/jupyterhub,-8,FALSE,111
jupyterhub/jupyterhub,-7,FALSE,183
jupyterhub/jupyterhub,-6,FALSE,145
jupyterhub/jupyterhub,-5,FALSE,111
jupyterhub/jupyterhub,-4,FALSE,77
jupyterhub/jupyterhub,-3,FALSE,92
jupyterhub/jupyterhub,-2,FALSE,90
jupyterhub/jupyterhub,-1,FALSE,102
jupyterhub/jupyterhub,0,FALSE,110
jupyterhub/jupyterhub,1,FALSE,80
jupyterhub/jupyterhub,2,FALSE,98
jupyterhub/jupyterhub,3,FALSE,185
jupyterhub/jupyterhub,4,FALSE,108
jupyterhub/jupyterhub,5,FALSE,74
jupyterhub/jupyterhub,6,FALSE,93
jupyterhub/jupyterhub,7,FALSE,42
jupyterhub/jupyterhub,8,FALSE,49
kapi2289/vulcan-api,-5,FALSE,1
kapi2289/vulcan-api,-4,FALSE,9
kapi2289/vulcan-api,-3,FALSE,6
kapi2289/vulcan-api,-2,FALSE,6
kapi2289/vulcan-api,-1,FALSE,11
kapi2289/vulcan-api,0,FALSE,23
kapi2289/vulcan-api,1,FALSE,1
kapi2289/vulcan-api,2,FALSE,3
kapi2289/vulcan-api,3,FALSE,3
kapi2289/vulcan-api,4,FALSE,3
kapi2289/vulcan-api,5,FALSE,1
kapi2289/vulcan-api,6,FALSE,2
kapi2289/vulcan-api,7,FALSE,2
kapi2289/vulcan-api,8,FALSE,1
kapicorp/kapitan,-7,FALSE,10
kapicorp/kapitan,-6,FALSE,77
kapicorp/kapitan,-5,FALSE,34
kapicorp/kapitan,-4,FALSE,73
kapicorp/kapitan,-3,FALSE,82
kapicorp/kapitan,-2,FALSE,67
kapicorp/kapitan,-1,FALSE,61
kapicorp/kapitan,0,FALSE,19
kapicorp/kapitan,1,FALSE,27
kapicorp/kapitan,2,FALSE,19
kapicorp/kapitan,3,FALSE,41
kapicorp/kapitan,4,FALSE,60
kapicorp/kapitan,5,FALSE,37
kapicorp/kapitan,6,FALSE,49
kapicorp/kapitan,7,FALSE,50
kapicorp/kapitan,8,FALSE,14
kbytesys/django-recaptcha3,-5,TRUE,1
kbytesys/django-recaptcha3,-4,TRUE,2
kbytesys/django-recaptcha3,-3,TRUE,0
kbytesys/django-recaptcha3,-2,TRUE,2
kbytesys/django-recaptcha3,-1,TRUE,0
kbytesys/django-recaptcha3,0,TRUE,4
kbytesys/django-recaptcha3,1,TRUE,0
kbytesys/django-recaptcha3,2,TRUE,2
kbytesys/django-recaptcha3,3,TRUE,0
kbytesys/django-recaptcha3,4,TRUE,0
kbytesys/django-recaptcha3,5,TRUE,0
kbytesys/django-recaptcha3,6,TRUE,0
kbytesys/django-recaptcha3,7,TRUE,0
kbytesys/django-recaptcha3,8,TRUE,0
kedro-org/kedro,-5,FALSE,18
kedro-org/kedro,-4,FALSE,44
kedro-org/kedro,-3,FALSE,82
kedro-org/kedro,-2,FALSE,99
kedro-org/kedro,-1,FALSE,50
kedro-org/kedro,0,FALSE,118
kedro-org/kedro,1,FALSE,217
kedro-org/kedro,2,FALSE,172
kedro-org/kedro,3,FALSE,205
kedro-org/kedro,4,FALSE,331
kedro-org/kedro,5,FALSE,189
kedro-org/kedro,6,FALSE,133
kedro-org/kedro,7,FALSE,182
kennethreitz/maya,-7,FALSE,32
kennethreitz/maya,-6,FALSE,22
kennethreitz/maya,-5,FALSE,12
kennethreitz/maya,-4,FALSE,21
kennethreitz/maya,-3,FALSE,3
kennethreitz/maya,-2,FALSE,3
kennethreitz/maya,-1,FALSE,2
kennethreitz/maya,0,FALSE,5
kennethreitz/maya,1,FALSE,0
kennethreitz/maya,2,FALSE,1
kennethreitz/maya,3,FALSE,1
kennethreitz/maya,4,FALSE,0
kennethreitz/maya,5,FALSE,2
kennethreitz/maya,6,FALSE,0
kennethreitz/maya,7,FALSE,0
kennethreitz/maya,8,FALSE,0
kennethreitz/maya,9,FALSE,0
kennethreitz/maya,10,FALSE,0
keras-team/keras-applications,-7,TRUE,7
keras-team/keras-applications,-6,TRUE,8
keras-team/keras-applications,-5,TRUE,13
keras-team/keras-applications,-4,TRUE,4
keras-team/keras-applications,-3,TRUE,10
keras-team/keras-applications,-2,TRUE,0
keras-team/keras-applications,-1,TRUE,0
keras-team/keras-applications,0,TRUE,1
keras-team/keras-applications,1,TRUE,0
keras-team/keras-applications,2,TRUE,0
keras-team/keras-applications,3,TRUE,0
keras-team/keras-applications,4,TRUE,0
keras-team/keras-applications,5,TRUE,0
keras-team/keras-applications,6,TRUE,0
keras-team/keras-applications,7,TRUE,0
keras-team/keras-preprocessing,-8,TRUE,15
keras-team/keras-preprocessing,-7,TRUE,55
keras-team/keras-preprocessing,-6,TRUE,42
keras-team/keras-preprocessing,-5,TRUE,20
keras-team/keras-preprocessing,-4,TRUE,11
keras-team/keras-preprocessing,-3,TRUE,13
keras-team/keras-preprocessing,-2,TRUE,9
keras-team/keras-preprocessing,-1,TRUE,3
keras-team/keras-preprocessing,0,TRUE,2
keras-team/keras-preprocessing,1,TRUE,0
keras-team/keras-preprocessing,2,TRUE,0
keras-team/keras-preprocessing,3,TRUE,0
keras-team/keras-preprocessing,4,TRUE,0
keras-team/keras-preprocessing,5,TRUE,0
keras-team/keras-preprocessing,6,TRUE,0
kevlened/pytest-parallel,-6,FALSE,1
kevlened/pytest-parallel,-5,FALSE,11
kevlened/pytest-parallel,-4,FALSE,0
kevlened/pytest-parallel,-3,FALSE,12
kevlened/pytest-parallel,-2,FALSE,4
kevlened/pytest-parallel,-1,FALSE,4
kevlened/pytest-parallel,0,FALSE,4
kevlened/pytest-parallel,1,FALSE,3
kevlened/pytest-parallel,2,FALSE,1
kevlened/pytest-parallel,3,FALSE,1
kevlened/pytest-parallel,4,FALSE,0
kevlened/pytest-parallel,5,FALSE,0
kevlened/pytest-parallel,6,FALSE,0
kevlened/pytest-parallel,7,FALSE,0
kevlened/pytest-parallel,8,FALSE,0
khast3x/h8mail,-9,TRUE,1
khast3x/h8mail,-8,TRUE,2
khast3x/h8mail,-7,TRUE,4
khast3x/h8mail,-6,TRUE,3
khast3x/h8mail,-5,TRUE,3
khast3x/h8mail,-4,TRUE,7
khast3x/h8mail,-3,TRUE,1
khast3x/h8mail,-2,TRUE,1
khast3x/h8mail,-1,TRUE,3
khast3x/h8mail,0,TRUE,1
khast3x/h8mail,1,TRUE,2
khast3x/h8mail,2,TRUE,3
khast3x/h8mail,3,TRUE,0
khast3x/h8mail,4,TRUE,2
khast3x/h8mail,5,TRUE,0
kislyuk/yq,-7,FALSE,1
kislyuk/yq,-6,FALSE,3
kislyuk/yq,-5,FALSE,4
kislyuk/yq,-4,FALSE,1
kislyuk/yq,-3,FALSE,3
kislyuk/yq,-2,FALSE,5
kislyuk/yq,-1,FALSE,5
kislyuk/yq,0,FALSE,1
kislyuk/yq,1,FALSE,1
kislyuk/yq,2,FALSE,2
kislyuk/yq,3,FALSE,0
kislyuk/yq,4,FALSE,1
kislyuk/yq,5,FALSE,1
kislyuk/yq,6,FALSE,4
kislyuk/yq,7,FALSE,2
kislyuk/yq,8,FALSE,2
kislyuk/yq,9,FALSE,0
kiwiz/gkeepapi,-10,FALSE,2
kiwiz/gkeepapi,-9,FALSE,3
kiwiz/gkeepapi,-8,FALSE,4
kiwiz/gkeepapi,-7,FALSE,1
kiwiz/gkeepapi,-6,FALSE,1
kiwiz/gkeepapi,-5,FALSE,1
kiwiz/gkeepapi,-4,FALSE,4
kiwiz/gkeepapi,-3,FALSE,1
kiwiz/gkeepapi,-2,FALSE,2
kiwiz/gkeepapi,-1,FALSE,1
kiwiz/gkeepapi,0,FALSE,2
kiwiz/gkeepapi,1,FALSE,3
kiwiz/gkeepapi,2,FALSE,2
kiwiz/gkeepapi,3,FALSE,2
kiwiz/gkeepapi,4,FALSE,0
kiwiz/gkeepapi,5,FALSE,0
klen/pylama,-13,TRUE,6
klen/pylama,-12,TRUE,7
klen/pylama,-11,TRUE,6
klen/pylama,-10,TRUE,11
klen/pylama,-9,TRUE,8
klen/pylama,-8,TRUE,4
klen/pylama,-7,TRUE,6
klen/pylama,-6,TRUE,8
klen/pylama,-5,TRUE,8
klen/pylama,-4,TRUE,1
klen/pylama,-3,TRUE,4
klen/pylama,-2,TRUE,2
klen/pylama,-1,TRUE,3
klen/pylama,0,TRUE,2
klen/pylama,1,TRUE,4
klen/pylama,2,TRUE,5
klen/pylama,3,TRUE,5
klen/pylama,4,TRUE,1
klen/pylama,5,TRUE,1
klen/pylama,6,TRUE,0
klen/pylama,7,TRUE,0
kmkurn/pytorch-crf,-7,FALSE,2
kmkurn/pytorch-crf,-6,FALSE,6
kmkurn/pytorch-crf,-5,FALSE,2
kmkurn/pytorch-crf,-4,FALSE,1
kmkurn/pytorch-crf,-3,FALSE,0
kmkurn/pytorch-crf,-2,FALSE,3
kmkurn/pytorch-crf,-1,FALSE,1
kmkurn/pytorch-crf,0,FALSE,0
kmkurn/pytorch-crf,1,FALSE,0
kmkurn/pytorch-crf,2,FALSE,4
kmkurn/pytorch-crf,3,FALSE,1
kmkurn/pytorch-crf,4,FALSE,2
kmkurn/pytorch-crf,5,FALSE,0
kmkurn/pytorch-crf,6,FALSE,2
kmkurn/pytorch-crf,7,FALSE,1
kmkurn/pytorch-crf,8,FALSE,0
knipknap/exscript,-12,TRUE,10
knipknap/exscript,-11,TRUE,10
knipknap/exscript,-10,TRUE,2
knipknap/exscript,-9,TRUE,0
knipknap/exscript,-8,TRUE,5
knipknap/exscript,-7,TRUE,2
knipknap/exscript,-6,TRUE,0
knipknap/exscript,-5,TRUE,7
knipknap/exscript,-4,TRUE,4
knipknap/exscript,-3,TRUE,1
knipknap/exscript,-2,TRUE,1
knipknap/exscript,-1,TRUE,2
knipknap/exscript,0,TRUE,1
knipknap/exscript,1,TRUE,1
knipknap/exscript,2,TRUE,0
knipknap/exscript,3,TRUE,0
knipknap/exscript,4,TRUE,3
knipknap/exscript,5,TRUE,3
knipknap/exscript,6,TRUE,1
knipknap/exscript,7,TRUE,0
knipknap/exscript,8,TRUE,1
kodemore/kink,-5,FALSE,0
kodemore/kink,-4,FALSE,2
kodemore/kink,-3,FALSE,1
kodemore/kink,-2,FALSE,7
kodemore/kink,-1,FALSE,2
kodemore/kink,0,FALSE,2
kodemore/kink,1,FALSE,2
kodemore/kink,2,FALSE,1
kodemore/kink,3,FALSE,4
kodemore/kink,4,FALSE,3
kodemore/kink,5,FALSE,3
kodemore/kink,6,FALSE,1
konradhalas/dacite,-5,FALSE,0
konradhalas/dacite,-4,FALSE,7
konradhalas/dacite,-3,FALSE,11
konradhalas/dacite,-2,FALSE,4
konradhalas/dacite,-1,FALSE,7
konradhalas/dacite,0,FALSE,5
konradhalas/dacite,1,FALSE,2
konradhalas/dacite,2,FALSE,3
konradhalas/dacite,3,FALSE,8
konradhalas/dacite,4,FALSE,6
konradhalas/dacite,5,FALSE,14
konradhalas/dacite,6,FALSE,3
konradhalas/dacite,7,FALSE,1
konradhalas/dacite,8,FALSE,5
konradhalas/dacite,9,FALSE,10
kontron/python-ipmi,-15,FALSE,1
kontron/python-ipmi,-14,FALSE,2
kontron/python-ipmi,-13,FALSE,2
kontron/python-ipmi,-12,FALSE,0
kontron/python-ipmi,-11,FALSE,1
kontron/python-ipmi,-10,FALSE,0
kontron/python-ipmi,-9,FALSE,0
kontron/python-ipmi,-8,FALSE,21
kontron/python-ipmi,-7,FALSE,4
kontron/python-ipmi,-6,FALSE,3
kontron/python-ipmi,-5,FALSE,1
kontron/python-ipmi,-4,FALSE,7
kontron/python-ipmi,-3,FALSE,3
kontron/python-ipmi,-2,FALSE,8
kontron/python-ipmi,-1,FALSE,2
kontron/python-ipmi,0,FALSE,14
kontron/python-ipmi,1,FALSE,12
kontron/python-ipmi,2,FALSE,6
kontron/python-ipmi,3,FALSE,7
kontron/python-ipmi,4,FALSE,4
kontron/python-ipmi,5,FALSE,4
krishnavelu/alice_blue,-7,FALSE,1
krishnavelu/alice_blue,-6,FALSE,4
krishnavelu/alice_blue,-5,FALSE,6
krishnavelu/alice_blue,-4,FALSE,2
krishnavelu/alice_blue,-3,FALSE,1
krishnavelu/alice_blue,-2,FALSE,4
krishnavelu/alice_blue,-1,FALSE,5
krishnavelu/alice_blue,0,FALSE,8
krishnavelu/alice_blue,1,FALSE,1
krishnavelu/alice_blue,2,FALSE,1
krishnavelu/alice_blue,3,FALSE,0
krishnavelu/alice_blue,4,FALSE,0
krishnavelu/alice_blue,5,FALSE,0
ktbyers/netmiko,-9,FALSE,29
ktbyers/netmiko,-8,FALSE,19
ktbyers/netmiko,-7,FALSE,20
ktbyers/netmiko,-6,FALSE,32
ktbyers/netmiko,-5,FALSE,57
ktbyers/netmiko,-4,FALSE,41
ktbyers/netmiko,-3,FALSE,67
ktbyers/netmiko,-2,FALSE,60
ktbyers/netmiko,-1,FALSE,86
ktbyers/netmiko,0,FALSE,98
ktbyers/netmiko,1,FALSE,109
ktbyers/netmiko,2,FALSE,92
ktbyers/netmiko,3,FALSE,96
ktbyers/netmiko,4,FALSE,92
ktbyers/netmiko,5,FALSE,88
ktbyers/netmiko,6,FALSE,62
ktbyers/netmiko,7,FALSE,81
ktbyers/netmiko,8,FALSE,40
ktbyers/netmiko,9,FALSE,26
ktbyers/netmiko,10,FALSE,46
ktbyers/netmiko,11,FALSE,81
ktosiek/pytest-freezegun,-7,TRUE,1
ktosiek/pytest-freezegun,-6,TRUE,1
ktosiek/pytest-freezegun,-5,TRUE,1
ktosiek/pytest-freezegun,-4,TRUE,4
ktosiek/pytest-freezegun,-3,TRUE,4
ktosiek/pytest-freezegun,-2,TRUE,1
ktosiek/pytest-freezegun,-1,TRUE,2
ktosiek/pytest-freezegun,0,TRUE,3
ktosiek/pytest-freezegun,1,TRUE,0
ktosiek/pytest-freezegun,2,TRUE,4
ktosiek/pytest-freezegun,3,TRUE,1
ktosiek/pytest-freezegun,4,TRUE,3
ktosiek/pytest-freezegun,5,TRUE,1
ktosiek/pytest-freezegun,6,TRUE,0
ktosiek/pytest-freezegun,7,TRUE,0
ktosiek/pytest-freezegun,8,TRUE,0
ktosiek/pytest-freezegun,9,TRUE,2
ladybug-tools/ladybug-comfort,-6,TRUE,0
ladybug-tools/ladybug-comfort,-5,TRUE,0
ladybug-tools/ladybug-comfort,-4,TRUE,0
ladybug-tools/ladybug-comfort,-3,TRUE,9
ladybug-tools/ladybug-comfort,-2,TRUE,25
ladybug-tools/ladybug-comfort,-1,TRUE,7
ladybug-tools/ladybug-comfort,0,TRUE,9
ladybug-tools/ladybug-comfort,1,TRUE,13
ladybug-tools/ladybug-comfort,2,TRUE,8
ladybug-tools/ladybug-comfort,3,TRUE,18
ladybug-tools/ladybug-comfort,4,TRUE,4
ladybug-tools/ladybug-comfort,5,TRUE,2
ladybug-tools/ladybug-comfort,6,TRUE,3
ladybug-tools/ladybug-comfort,7,TRUE,6
ladybug-tools/ladybug-comfort,8,TRUE,9
ladybug-tools/ladybug-comfort,9,TRUE,1
ladybug-tools/ladybug-geometry,-5,FALSE,0
ladybug-tools/ladybug-geometry,-4,FALSE,20
ladybug-tools/ladybug-geometry,-3,FALSE,41
ladybug-tools/ladybug-geometry,-2,FALSE,26
ladybug-tools/ladybug-geometry,-1,FALSE,17
ladybug-tools/ladybug-geometry,0,FALSE,13
ladybug-tools/ladybug-geometry,1,FALSE,22
ladybug-tools/ladybug-geometry,2,FALSE,11
ladybug-tools/ladybug-geometry,3,FALSE,13
ladybug-tools/ladybug-geometry,4,FALSE,14
ladybug-tools/ladybug-geometry,5,FALSE,12
ladybug-tools/ladybug-geometry,6,FALSE,18
ladybug-tools/ladybug-geometry,7,FALSE,18
ladybug-tools/ladybug-geometry,8,FALSE,12
ladybug-tools/lbt-honeybee,-5,FALSE,0
ladybug-tools/lbt-honeybee,-4,FALSE,0
ladybug-tools/lbt-honeybee,-3,FALSE,0
ladybug-tools/lbt-honeybee,-2,FALSE,4
ladybug-tools/lbt-honeybee,-1,FALSE,4
ladybug-tools/lbt-honeybee,0,FALSE,3
ladybug-tools/lbt-honeybee,1,FALSE,7
ladybug-tools/lbt-honeybee,2,FALSE,7
ladybug-tools/lbt-honeybee,3,FALSE,4
ladybug-tools/lbt-honeybee,4,FALSE,7
ladybug-tools/lbt-honeybee,5,FALSE,4
ladybug-tools/lbt-honeybee,6,FALSE,7
ladybug-tools/lbt-honeybee,7,FALSE,3
ladybug-tools/lbt-honeybee,8,FALSE,3
ladybug-tools/lbt-ladybug,-5,FALSE,0
ladybug-tools/lbt-ladybug,-4,FALSE,0
ladybug-tools/lbt-ladybug,-3,FALSE,0
ladybug-tools/lbt-ladybug,-2,FALSE,1
ladybug-tools/lbt-ladybug,-1,FALSE,5
ladybug-tools/lbt-ladybug,0,FALSE,0
ladybug-tools/lbt-ladybug,1,FALSE,3
ladybug-tools/lbt-ladybug,2,FALSE,0
ladybug-tools/lbt-ladybug,3,FALSE,1
ladybug-tools/lbt-ladybug,4,FALSE,3
ladybug-tools/lbt-ladybug,5,FALSE,0
ladybug-tools/lbt-ladybug,6,FALSE,1
ladybug-tools/lbt-ladybug,7,FALSE,2
ladybug-tools/lbt-ladybug,8,FALSE,0
laserson/squarify,-11,FALSE,1
laserson/squarify,-10,FALSE,3
laserson/squarify,-9,FALSE,1
laserson/squarify,-8,FALSE,0
laserson/squarify,-7,FALSE,0
laserson/squarify,-6,FALSE,0
laserson/squarify,-5,FALSE,2
laserson/squarify,-4,FALSE,1
laserson/squarify,-3,FALSE,0
laserson/squarify,-2,FALSE,1
laserson/squarify,-1,FALSE,0
laserson/squarify,0,FALSE,1
laserson/squarify,1,FALSE,0
laserson/squarify,2,FALSE,4
laserson/squarify,3,FALSE,1
laserson/squarify,4,FALSE,0
laserson/squarify,5,FALSE,0
laserson/squarify,6,FALSE,2
laserson/squarify,7,FALSE,1
laurent-laporte-pro/deprecated,-7,FALSE,0
laurent-laporte-pro/deprecated,-6,FALSE,1
laurent-laporte-pro/deprecated,-5,FALSE,0
laurent-laporte-pro/deprecated,-4,FALSE,0
laurent-laporte-pro/deprecated,-3,FALSE,2
laurent-laporte-pro/deprecated,-2,FALSE,7
laurent-laporte-pro/deprecated,-1,FALSE,2
laurent-laporte-pro/deprecated,0,FALSE,6
laurent-laporte-pro/deprecated,1,FALSE,1
laurent-laporte-pro/deprecated,2,FALSE,0
laurent-laporte-pro/deprecated,3,FALSE,2
laurent-laporte-pro/deprecated,4,FALSE,2
laurent-laporte-pro/deprecated,5,FALSE,1
laurent-laporte-pro/deprecated,6,FALSE,2
laurent-laporte-pro/deprecated,7,FALSE,2
laurent-laporte-pro/deprecated,8,FALSE,5
lebedov/python-pdfbox,-6,FALSE,0
lebedov/python-pdfbox,-5,FALSE,0
lebedov/python-pdfbox,-4,FALSE,2
lebedov/python-pdfbox,-3,FALSE,2
lebedov/python-pdfbox,-2,FALSE,0
lebedov/python-pdfbox,-1,FALSE,0
lebedov/python-pdfbox,0,FALSE,1
lebedov/python-pdfbox,1,FALSE,0
lebedov/python-pdfbox,2,FALSE,0
lebedov/python-pdfbox,3,FALSE,0
lebedov/python-pdfbox,4,FALSE,1
lebedov/python-pdfbox,5,FALSE,0
lebedov/python-pdfbox,6,FALSE,0
lebedov/python-pdfbox,7,FALSE,0
lebedov/python-pdfbox,8,FALSE,0
level12/webgrid,-8,FALSE,3
level12/webgrid,-7,FALSE,5
level12/webgrid,-6,FALSE,0
level12/webgrid,-5,FALSE,3
level12/webgrid,-4,FALSE,1
level12/webgrid,-3,FALSE,3
level12/webgrid,-2,FALSE,6
level12/webgrid,-1,FALSE,14
level12/webgrid,0,FALSE,13
level12/webgrid,1,FALSE,9
level12/webgrid,2,FALSE,4
level12/webgrid,3,FALSE,0
level12/webgrid,4,FALSE,0
level12/webgrid,5,FALSE,2
level12/webgrid,6,FALSE,6
level12/webgrid,7,FALSE,2
level12/webgrid,8,FALSE,0
level12/webgrid,9,FALSE,0
level12/webgrid,10,FALSE,0
linkchecker/linkchecker,-11,TRUE,22
linkchecker/linkchecker,-10,TRUE,11
linkchecker/linkchecker,-9,TRUE,22
linkchecker/linkchecker,-8,TRUE,13
linkchecker/linkchecker,-7,TRUE,46
linkchecker/linkchecker,-6,TRUE,61
linkchecker/linkchecker,-5,TRUE,77
linkchecker/linkchecker,-4,TRUE,45
linkchecker/linkchecker,-3,TRUE,8
linkchecker/linkchecker,-2,TRUE,37
linkchecker/linkchecker,-1,TRUE,9
linkchecker/linkchecker,0,TRUE,17
linkchecker/linkchecker,1,TRUE,1
linkchecker/linkchecker,2,TRUE,2
linkchecker/linkchecker,3,TRUE,8
linkchecker/linkchecker,4,TRUE,5
linkchecker/linkchecker,5,TRUE,3
linnarsson-lab/loompy,-8,TRUE,0
linnarsson-lab/loompy,-7,TRUE,4
linnarsson-lab/loompy,-6,TRUE,4
linnarsson-lab/loompy,-5,TRUE,3
linnarsson-lab/loompy,-4,TRUE,3
linnarsson-lab/loompy,-3,TRUE,1
linnarsson-lab/loompy,-2,TRUE,2
linnarsson-lab/loompy,-1,TRUE,0
linnarsson-lab/loompy,0,TRUE,1
linnarsson-lab/loompy,1,TRUE,0
linnarsson-lab/loompy,2,TRUE,0
linnarsson-lab/loompy,3,TRUE,0
linnarsson-lab/loompy,4,TRUE,0
linnarsson-lab/loompy,5,TRUE,0
linnarsson-lab/loompy,6,TRUE,1
linnarsson-lab/loompy,7,TRUE,0
lutzroeder/netron,-10,FALSE,0
lutzroeder/netron,-9,FALSE,0
lutzroeder/netron,-8,FALSE,0
lutzroeder/netron,-7,FALSE,0
lutzroeder/netron,-6,FALSE,0
lutzroeder/netron,-5,FALSE,2
lutzroeder/netron,-4,FALSE,4
lutzroeder/netron,-3,FALSE,9
lutzroeder/netron,-2,FALSE,4
lutzroeder/netron,-1,FALSE,13
lutzroeder/netron,0,FALSE,19
lutzroeder/netron,1,FALSE,26
lutzroeder/netron,2,FALSE,15
lutzroeder/netron,3,FALSE,12
lutzroeder/netron,4,FALSE,7
lutzroeder/netron,5,FALSE,19
lutzroeder/netron,6,FALSE,24
lutzroeder/netron,7,FALSE,12
lutzroeder/netron,8,FALSE,18
lutzroeder/netron,9,FALSE,35
lutzroeder/netron,10,FALSE,16
m-click/requests_pkcs12,-7,FALSE,1
m-click/requests_pkcs12,-6,FALSE,1
m-click/requests_pkcs12,-5,FALSE,1
m-click/requests_pkcs12,-4,FALSE,2
m-click/requests_pkcs12,-3,FALSE,0
m-click/requests_pkcs12,-2,FALSE,1
m-click/requests_pkcs12,-1,FALSE,0
m-click/requests_pkcs12,0,FALSE,2
m-click/requests_pkcs12,1,FALSE,0
m-click/requests_pkcs12,2,FALSE,0
m-click/requests_pkcs12,3,FALSE,0
m-click/requests_pkcs12,4,FALSE,6
m-click/requests_pkcs12,5,FALSE,1
m-click/requests_pkcs12,6,FALSE,0
m-click/requests_pkcs12,7,FALSE,0
m-click/requests_pkcs12,8,FALSE,0
mahmoud/boltons,-12,FALSE,28
mahmoud/boltons,-11,FALSE,7
mahmoud/boltons,-10,FALSE,18
mahmoud/boltons,-9,FALSE,15
mahmoud/boltons,-8,FALSE,11
mahmoud/boltons,-7,FALSE,10
mahmoud/boltons,-6,FALSE,8
mahmoud/boltons,-5,FALSE,16
mahmoud/boltons,-4,FALSE,11
mahmoud/boltons,-3,FALSE,10
mahmoud/boltons,-2,FALSE,11
mahmoud/boltons,-1,FALSE,7
mahmoud/boltons,0,FALSE,9
mahmoud/boltons,1,FALSE,0
mahmoud/boltons,2,FALSE,8
mahmoud/boltons,3,FALSE,6
mahmoud/boltons,4,FALSE,7
mahmoud/boltons,5,FALSE,11
mahmoud/boltons,6,FALSE,7
mahmoud/boltons,7,FALSE,4
mahmoud/boltons,8,FALSE,4
mahmoud/glom,-9,FALSE,12
mahmoud/glom,-8,FALSE,13
mahmoud/glom,-7,FALSE,6
mahmoud/glom,-6,FALSE,16
mahmoud/glom,-5,FALSE,12
mahmoud/glom,-4,FALSE,17
mahmoud/glom,-3,FALSE,1
mahmoud/glom,-2,FALSE,0
mahmoud/glom,-1,FALSE,5
mahmoud/glom,0,FALSE,0
mahmoud/glom,1,FALSE,5
mahmoud/glom,2,FALSE,10
mahmoud/glom,3,FALSE,2
mahmoud/glom,4,FALSE,2
mahmoud/glom,5,FALSE,1
maltegotech/maltego-trx,-6,TRUE,0
maltegotech/maltego-trx,-5,TRUE,0
maltegotech/maltego-trx,-4,TRUE,1
maltegotech/maltego-trx,-3,TRUE,1
maltegotech/maltego-trx,-2,TRUE,1
maltegotech/maltego-trx,-1,TRUE,7
maltegotech/maltego-trx,0,TRUE,7
maltegotech/maltego-trx,1,TRUE,9
maltegotech/maltego-trx,2,TRUE,2
maltegotech/maltego-trx,3,TRUE,2
maltegotech/maltego-trx,4,TRUE,1
maltegotech/maltego-trx,5,TRUE,0
maltegotech/maltego-trx,6,TRUE,7
maltegotech/maltego-trx,7,TRUE,0
man-group/dtale,-5,FALSE,31
man-group/dtale,-4,FALSE,40
man-group/dtale,-3,FALSE,34
man-group/dtale,-2,FALSE,36
man-group/dtale,-1,FALSE,19
man-group/dtale,0,FALSE,25
man-group/dtale,1,FALSE,13
man-group/dtale,2,FALSE,16
man-group/dtale,3,FALSE,14
man-group/dtale,4,FALSE,6
man-group/dtale,5,FALSE,7
man-group/dtale,6,FALSE,2
mapillary/inplace_abn,-8,TRUE,0
mapillary/inplace_abn,-7,TRUE,1
mapillary/inplace_abn,-6,TRUE,0
mapillary/inplace_abn,-5,TRUE,0
mapillary/inplace_abn,-4,TRUE,2
mapillary/inplace_abn,-3,TRUE,0
mapillary/inplace_abn,-2,TRUE,1
mapillary/inplace_abn,-1,TRUE,0
mapillary/inplace_abn,0,TRUE,1
mapillary/inplace_abn,1,TRUE,0
mapillary/inplace_abn,2,TRUE,1
mapillary/inplace_abn,3,TRUE,0
mapillary/inplace_abn,4,TRUE,1
mapillary/inplace_abn,5,TRUE,0
mapillary/inplace_abn,6,TRUE,0
mapillary/inplace_abn,7,TRUE,0
mar10/wsgidav,-11,FALSE,2
mar10/wsgidav,-10,FALSE,3
mar10/wsgidav,-9,FALSE,2
mar10/wsgidav,-8,FALSE,20
mar10/wsgidav,-7,FALSE,1
mar10/wsgidav,-6,FALSE,8
mar10/wsgidav,-5,FALSE,11
mar10/wsgidav,-4,FALSE,15
mar10/wsgidav,-3,FALSE,7
mar10/wsgidav,-2,FALSE,4
mar10/wsgidav,-1,FALSE,3
mar10/wsgidav,0,FALSE,4
mar10/wsgidav,1,FALSE,5
mar10/wsgidav,2,FALSE,3
mar10/wsgidav,3,FALSE,2
mar10/wsgidav,4,FALSE,1
mar10/wsgidav,5,FALSE,2
mar10/wsgidav,6,FALSE,8
mar10/wsgidav,7,FALSE,1
mar10/wsgidav,8,FALSE,3
mar10/wsgidav,9,FALSE,2
marazt/object-mapper,-9,TRUE,3
marazt/object-mapper,-8,TRUE,0
marazt/object-mapper,-7,TRUE,1
marazt/object-mapper,-6,TRUE,0
marazt/object-mapper,-5,TRUE,0
marazt/object-mapper,-4,TRUE,0
marazt/object-mapper,-3,TRUE,1
marazt/object-mapper,-2,TRUE,2
marazt/object-mapper,-1,TRUE,2
marazt/object-mapper,0,TRUE,1
marazt/object-mapper,1,TRUE,1
marazt/object-mapper,2,TRUE,1
marazt/object-mapper,3,TRUE,1
marazt/object-mapper,4,TRUE,2
marazt/object-mapper,5,TRUE,1
marazt/object-mapper,6,TRUE,0
marazt/object-mapper,7,TRUE,0
marazt/object-mapper,8,TRUE,0
marazt/object-mapper,9,TRUE,0
marazt/object-mapper,10,TRUE,1
marazt/object-mapper,11,TRUE,0
mariostoev/finviz,-6,TRUE,1
mariostoev/finviz,-5,TRUE,0
mariostoev/finviz,-4,TRUE,2
mariostoev/finviz,-3,TRUE,6
mariostoev/finviz,-2,TRUE,2
mariostoev/finviz,-1,TRUE,9
mariostoev/finviz,0,TRUE,7
mariostoev/finviz,1,TRUE,9
mariostoev/finviz,2,TRUE,2
mariostoev/finviz,3,TRUE,2
mariostoev/finviz,4,TRUE,0
mariostoev/finviz,5,TRUE,9
mariostoev/finviz,6,TRUE,13
mariostoev/finviz,7,TRUE,3
mariostoev/finviz,8,TRUE,0
mariostoev/finviz,9,TRUE,0
matrix-org/matrix-synapse-ldap3,-12,TRUE,5
matrix-org/matrix-synapse-ldap3,-11,TRUE,5
matrix-org/matrix-synapse-ldap3,-10,TRUE,3
matrix-org/matrix-synapse-ldap3,-9,TRUE,2
matrix-org/matrix-synapse-ldap3,-8,TRUE,0
matrix-org/matrix-synapse-ldap3,-7,TRUE,6
matrix-org/matrix-synapse-ldap3,-6,TRUE,6
matrix-org/matrix-synapse-ldap3,-5,TRUE,5
matrix-org/matrix-synapse-ldap3,-4,TRUE,4
matrix-org/matrix-synapse-ldap3,-3,TRUE,3
matrix-org/matrix-synapse-ldap3,-2,TRUE,19
matrix-org/matrix-synapse-ldap3,-1,TRUE,3
matrix-org/matrix-synapse-ldap3,0,TRUE,6
matrix-org/matrix-synapse-ldap3,1,TRUE,0
matrix-org/matrix-synapse-ldap3,2,TRUE,2
matrix-org/matrix-synapse-ldap3,3,TRUE,1
matrix-org/matrix-synapse-ldap3,4,TRUE,0
matrix-org/matrix-synapse-ldap3,5,TRUE,0
mattijn/topojson,-6,FALSE,11
mattijn/topojson,-5,FALSE,29
mattijn/topojson,-4,FALSE,20
mattijn/topojson,-3,FALSE,10
mattijn/topojson,-2,FALSE,1
mattijn/topojson,-1,FALSE,12
mattijn/topojson,0,FALSE,10
mattijn/topojson,1,FALSE,25
mattijn/topojson,2,FALSE,0
mattijn/topojson,3,FALSE,9
mattijn/topojson,4,FALSE,4
mattijn/topojson,5,FALSE,1
mattijn/topojson,6,FALSE,0
maxhumber/gif,-5,FALSE,0
maxhumber/gif,-4,FALSE,0
maxhumber/gif,-3,FALSE,0
maxhumber/gif,-2,FALSE,1
maxhumber/gif,-1,FALSE,3
maxhumber/gif,0,FALSE,1
maxhumber/gif,1,FALSE,0
maxhumber/gif,2,FALSE,0
maxhumber/gif,3,FALSE,1
maxhumber/gif,4,FALSE,1
maxhumber/gif,5,FALSE,1
maxhumber/gif,6,FALSE,0
maxhumber/gif,7,FALSE,0
maxhumber/gif,8,FALSE,0
maxpumperla/hyperas,-8,TRUE,0
maxpumperla/hyperas,-7,TRUE,9
maxpumperla/hyperas,-6,TRUE,10
maxpumperla/hyperas,-5,TRUE,3
maxpumperla/hyperas,-4,TRUE,6
maxpumperla/hyperas,-3,TRUE,5
maxpumperla/hyperas,-2,TRUE,0
maxpumperla/hyperas,-1,TRUE,3
maxpumperla/hyperas,0,TRUE,1
maxpumperla/hyperas,1,TRUE,0
maxpumperla/hyperas,2,TRUE,0
maxpumperla/hyperas,3,TRUE,0
maxpumperla/hyperas,4,TRUE,1
maxpumperla/hyperas,5,TRUE,0
maxpumperla/hyperas,6,TRUE,0
maxpumperla/hyperas,7,TRUE,0
maxpumperla/hyperas,8,TRUE,0
maxpumperla/hyperas,9,TRUE,0
maxpumperla/hyperas,10,TRUE,0
mcmtroffaes/sphinxcontrib-bibtex,-11,FALSE,3
mcmtroffaes/sphinxcontrib-bibtex,-10,FALSE,5
mcmtroffaes/sphinxcontrib-bibtex,-9,FALSE,2
mcmtroffaes/sphinxcontrib-bibtex,-8,FALSE,2
mcmtroffaes/sphinxcontrib-bibtex,-7,FALSE,2
mcmtroffaes/sphinxcontrib-bibtex,-6,FALSE,8
mcmtroffaes/sphinxcontrib-bibtex,-5,FALSE,3
mcmtroffaes/sphinxcontrib-bibtex,-4,FALSE,4
mcmtroffaes/sphinxcontrib-bibtex,-3,FALSE,11
mcmtroffaes/sphinxcontrib-bibtex,-2,FALSE,12
mcmtroffaes/sphinxcontrib-bibtex,-1,FALSE,0
mcmtroffaes/sphinxcontrib-bibtex,0,FALSE,16
mcmtroffaes/sphinxcontrib-bibtex,1,FALSE,14
mcmtroffaes/sphinxcontrib-bibtex,2,FALSE,9
mcmtroffaes/sphinxcontrib-bibtex,3,FALSE,12
mcmtroffaes/sphinxcontrib-bibtex,4,FALSE,7
mcmtroffaes/sphinxcontrib-bibtex,5,FALSE,3
mcmtroffaes/sphinxcontrib-bibtex,6,FALSE,5
mcmtroffaes/sphinxcontrib-bibtex,7,FALSE,2
mcmtroffaes/sphinxcontrib-bibtex,8,FALSE,1
mcmtroffaes/sphinxcontrib-bibtex,9,FALSE,7
meerk40t/svgelements,-5,FALSE,19
meerk40t/svgelements,-4,FALSE,8
meerk40t/svgelements,-3,FALSE,19
meerk40t/svgelements,-2,FALSE,12
meerk40t/svgelements,-1,FALSE,20
meerk40t/svgelements,0,FALSE,13
meerk40t/svgelements,1,FALSE,15
meerk40t/svgelements,2,FALSE,13
meerk40t/svgelements,3,FALSE,3
meerk40t/svgelements,4,FALSE,5
meerk40t/svgelements,5,FALSE,2
meerk40t/svgelements,6,FALSE,1
mercadopago/sdk-python,-14,TRUE,1
mercadopago/sdk-python,-13,TRUE,1
mercadopago/sdk-python,-12,TRUE,0
mercadopago/sdk-python,-11,TRUE,0
mercadopago/sdk-python,-10,TRUE,1
mercadopago/sdk-python,-9,TRUE,0
mercadopago/sdk-python,-8,TRUE,1
mercadopago/sdk-python,-7,TRUE,1
mercadopago/sdk-python,-6,TRUE,0
mercadopago/sdk-python,-5,TRUE,0
mercadopago/sdk-python,-4,TRUE,4
mercadopago/sdk-python,-3,TRUE,4
mercadopago/sdk-python,-2,TRUE,8
mercadopago/sdk-python,-1,TRUE,5
mercadopago/sdk-python,0,TRUE,3
mercadopago/sdk-python,1,TRUE,3
mercadopago/sdk-python,2,TRUE,1
mercadopago/sdk-python,3,TRUE,2
mercadopago/sdk-python,4,TRUE,10
mercadopago/sdk-python,5,TRUE,0
mercadopago/sdk-python,6,TRUE,3
mesa/mesa,-10,FALSE,25
mesa/mesa,-9,FALSE,23
mesa/mesa,-8,FALSE,61
mesa/mesa,-7,FALSE,38
mesa/mesa,-6,FALSE,19
mesa/mesa,-5,FALSE,28
mesa/mesa,-4,FALSE,41
mesa/mesa,-3,FALSE,20
mesa/mesa,-2,FALSE,46
mesa/mesa,-1,FALSE,31
mesa/mesa,0,FALSE,43
mesa/mesa,1,FALSE,46
mesa/mesa,2,FALSE,23
mesa/mesa,3,FALSE,23
mesa/mesa,4,FALSE,118
mesa/mesa,5,FALSE,105
mesa/mesa,6,FALSE,78
mesa/mesa,7,FALSE,107
mesa/mesa,8,FALSE,115
mesa/mesa,9,FALSE,252
mesa/mesa,10,FALSE,111
meshcat-dev/meshcat-python,-7,FALSE,10
meshcat-dev/meshcat-python,-6,FALSE,9
meshcat-dev/meshcat-python,-5,FALSE,8
meshcat-dev/meshcat-python,-4,FALSE,1
meshcat-dev/meshcat-python,-3,FALSE,11
meshcat-dev/meshcat-python,-2,FALSE,17
meshcat-dev/meshcat-python,-1,FALSE,1
meshcat-dev/meshcat-python,0,FALSE,8
meshcat-dev/meshcat-python,1,FALSE,4
meshcat-dev/meshcat-python,2,FALSE,1
meshcat-dev/meshcat-python,3,FALSE,5
meshcat-dev/meshcat-python,4,FALSE,2
meshcat-dev/meshcat-python,5,FALSE,0
meshcat-dev/meshcat-python,6,FALSE,3
meshcat-dev/meshcat-python,7,FALSE,0
mgedmin/check-manifest,-14,FALSE,2
mgedmin/check-manifest,-13,FALSE,3
mgedmin/check-manifest,-12,FALSE,0
mgedmin/check-manifest,-11,FALSE,7
mgedmin/check-manifest,-10,FALSE,3
mgedmin/check-manifest,-9,FALSE,0
mgedmin/check-manifest,-8,FALSE,0
mgedmin/check-manifest,-7,FALSE,10
mgedmin/check-manifest,-6,FALSE,2
mgedmin/check-manifest,-5,FALSE,4
mgedmin/check-manifest,-4,FALSE,1
mgedmin/check-manifest,-3,FALSE,14
mgedmin/check-manifest,-2,FALSE,1
mgedmin/check-manifest,-1,FALSE,2
mgedmin/check-manifest,0,FALSE,7
mgedmin/check-manifest,1,FALSE,3
mgedmin/check-manifest,2,FALSE,1
mgedmin/check-manifest,3,FALSE,1
mgedmin/check-manifest,4,FALSE,0
mgedmin/check-manifest,5,FALSE,2
mgedmin/check-manifest,6,FALSE,0
mhinz/neovim-remote,-14,TRUE,1
mhinz/neovim-remote,-13,TRUE,5
mhinz/neovim-remote,-12,TRUE,3
mhinz/neovim-remote,-11,TRUE,1
mhinz/neovim-remote,-10,TRUE,2
mhinz/neovim-remote,-9,TRUE,3
mhinz/neovim-remote,-8,TRUE,1
mhinz/neovim-remote,-7,TRUE,2
mhinz/neovim-remote,-6,TRUE,12
mhinz/neovim-remote,-5,TRUE,7
mhinz/neovim-remote,-4,TRUE,4
mhinz/neovim-remote,-3,TRUE,0
mhinz/neovim-remote,-2,TRUE,1
mhinz/neovim-remote,-1,TRUE,3
mhinz/neovim-remote,0,TRUE,2
mhinz/neovim-remote,1,TRUE,1
mhinz/neovim-remote,2,TRUE,1
mhinz/neovim-remote,3,TRUE,0
mhinz/neovim-remote,4,TRUE,0
mhinz/neovim-remote,5,TRUE,1
micktwomey/pyiso8601,-6,FALSE,0
micktwomey/pyiso8601,-5,FALSE,0
micktwomey/pyiso8601,-4,FALSE,0
micktwomey/pyiso8601,-3,FALSE,0
micktwomey/pyiso8601,-2,FALSE,5
micktwomey/pyiso8601,-1,FALSE,3
micktwomey/pyiso8601,0,FALSE,3
micktwomey/pyiso8601,1,FALSE,1
micktwomey/pyiso8601,2,FALSE,3
micktwomey/pyiso8601,3,FALSE,2
micktwomey/pyiso8601,4,FALSE,2
micktwomey/pyiso8601,5,FALSE,0
micktwomey/pyiso8601,6,FALSE,2
micktwomey/pyiso8601,7,FALSE,1
microsoft/blingfire,-7,TRUE,3
microsoft/blingfire,-6,TRUE,13
microsoft/blingfire,-5,TRUE,33
microsoft/blingfire,-4,TRUE,4
microsoft/blingfire,-3,TRUE,20
microsoft/blingfire,-2,TRUE,5
microsoft/blingfire,-1,TRUE,4
microsoft/blingfire,0,TRUE,5
microsoft/blingfire,1,TRUE,4
microsoft/blingfire,2,TRUE,1
microsoft/blingfire,3,TRUE,0
microsoft/blingfire,4,TRUE,0
microsoft/blingfire,5,TRUE,4
microsoft/iqsharp,-6,TRUE,33
microsoft/iqsharp,-5,TRUE,82
microsoft/iqsharp,-4,TRUE,138
microsoft/iqsharp,-3,TRUE,40
microsoft/iqsharp,-2,TRUE,49
microsoft/iqsharp,-1,TRUE,77
microsoft/iqsharp,0,TRUE,39
microsoft/iqsharp,1,TRUE,36
microsoft/iqsharp,2,TRUE,12
microsoft/iqsharp,3,TRUE,1
microsoft/iqsharp,4,TRUE,0
microsoft/iqsharp,5,TRUE,0
microsoft/knack,-8,FALSE,4
microsoft/knack,-7,FALSE,30
microsoft/knack,-6,FALSE,10
microsoft/knack,-5,FALSE,34
microsoft/knack,-4,FALSE,18
microsoft/knack,-3,FALSE,3
microsoft/knack,-2,FALSE,36
microsoft/knack,-1,FALSE,11
microsoft/knack,0,FALSE,14
microsoft/knack,1,FALSE,6
microsoft/knack,2,FALSE,1
microsoft/knack,3,FALSE,8
microsoft/knack,4,FALSE,1
microsoft/knack,5,FALSE,5
microsoft/knack,6,FALSE,1
microsoft/knack,7,FALSE,2
microsoft/knack,8,FALSE,2
microsoft/msticpy,-6,FALSE,15
microsoft/msticpy,-5,FALSE,27
microsoft/msticpy,-4,FALSE,34
microsoft/msticpy,-3,FALSE,46
microsoft/msticpy,-2,FALSE,29
microsoft/msticpy,-1,FALSE,27
microsoft/msticpy,0,FALSE,106
microsoft/msticpy,1,FALSE,61
microsoft/msticpy,2,FALSE,42
microsoft/msticpy,3,FALSE,32
microsoft/msticpy,4,FALSE,26
microsoft/msticpy,5,FALSE,23
microsoft/msticpy,6,FALSE,24
miguelgrinberg/flask-httpauth,-13,FALSE,5
miguelgrinberg/flask-httpauth,-12,FALSE,2
miguelgrinberg/flask-httpauth,-11,FALSE,5
miguelgrinberg/flask-httpauth,-10,FALSE,1
miguelgrinberg/flask-httpauth,-9,FALSE,2
miguelgrinberg/flask-httpauth,-8,FALSE,1
miguelgrinberg/flask-httpauth,-7,FALSE,8
miguelgrinberg/flask-httpauth,-6,FALSE,0
miguelgrinberg/flask-httpauth,-5,FALSE,4
miguelgrinberg/flask-httpauth,-4,FALSE,1
miguelgrinberg/flask-httpauth,-3,FALSE,4
miguelgrinberg/flask-httpauth,-2,FALSE,3
miguelgrinberg/flask-httpauth,-1,FALSE,6
miguelgrinberg/flask-httpauth,0,FALSE,2
miguelgrinberg/flask-httpauth,1,FALSE,3
miguelgrinberg/flask-httpauth,2,FALSE,0
miguelgrinberg/flask-httpauth,3,FALSE,1
miguelgrinberg/flask-httpauth,4,FALSE,1
miguelgrinberg/flask-httpauth,5,FALSE,0
miguelgrinberg/flask-httpauth,6,FALSE,2
miguelgrinberg/flask-httpauth,7,FALSE,0
miguelgrinberg/flask-socketio,-13,FALSE,10
miguelgrinberg/flask-socketio,-12,FALSE,5
miguelgrinberg/flask-socketio,-11,FALSE,10
miguelgrinberg/flask-socketio,-10,FALSE,6
miguelgrinberg/flask-socketio,-9,FALSE,7
miguelgrinberg/flask-socketio,-8,FALSE,13
miguelgrinberg/flask-socketio,-7,FALSE,7
miguelgrinberg/flask-socketio,-6,FALSE,2
miguelgrinberg/flask-socketio,-5,FALSE,10
miguelgrinberg/flask-socketio,-4,FALSE,3
miguelgrinberg/flask-socketio,-3,FALSE,5
miguelgrinberg/flask-socketio,-2,FALSE,4
miguelgrinberg/flask-socketio,-1,FALSE,5
miguelgrinberg/flask-socketio,0,FALSE,5
miguelgrinberg/flask-socketio,1,FALSE,4
miguelgrinberg/flask-socketio,2,FALSE,4
miguelgrinberg/flask-socketio,3,FALSE,2
miguelgrinberg/flask-socketio,4,FALSE,0
miguelgrinberg/flask-socketio,5,FALSE,0
miguelgrinberg/flask-socketio,6,FALSE,4
miguelgrinberg/flask-socketio,7,FALSE,1
miguelgrinberg/python-socketio,-10,FALSE,3
miguelgrinberg/python-socketio,-9,FALSE,5
miguelgrinberg/python-socketio,-8,FALSE,9
miguelgrinberg/python-socketio,-7,FALSE,5
miguelgrinberg/python-socketio,-6,FALSE,7
miguelgrinberg/python-socketio,-5,FALSE,7
miguelgrinberg/python-socketio,-4,FALSE,5
miguelgrinberg/python-socketio,-3,FALSE,9
miguelgrinberg/python-socketio,-2,FALSE,6
miguelgrinberg/python-socketio,-1,FALSE,10
miguelgrinberg/python-socketio,0,FALSE,4
miguelgrinberg/python-socketio,1,FALSE,6
miguelgrinberg/python-socketio,2,FALSE,2
miguelgrinberg/python-socketio,3,FALSE,9
miguelgrinberg/python-socketio,4,FALSE,9
miguelgrinberg/python-socketio,5,FALSE,7
miguelgrinberg/python-socketio,6,FALSE,8
miguelgrinberg/python-socketio,7,FALSE,7
miguelgrinberg/python-socketio,8,FALSE,13
miguelgrinberg/python-socketio,9,FALSE,4
miki725/django-url-filter,-8,FALSE,4
miki725/django-url-filter,-7,FALSE,1
miki725/django-url-filter,-6,FALSE,0
miki725/django-url-filter,-5,FALSE,7
miki725/django-url-filter,-4,FALSE,7
miki725/django-url-filter,-3,FALSE,2
miki725/django-url-filter,-2,FALSE,6
miki725/django-url-filter,-1,FALSE,5
miki725/django-url-filter,0,FALSE,4
miki725/django-url-filter,1,FALSE,3
miki725/django-url-filter,2,FALSE,1
miki725/django-url-filter,3,FALSE,1
miki725/django-url-filter,4,FALSE,2
miki725/django-url-filter,5,FALSE,2
miki725/django-url-filter,6,FALSE,3
miki725/django-url-filter,7,FALSE,1
miki725/django-url-filter,8,FALSE,2
miki725/django-url-filter,9,FALSE,0
miki725/django-url-filter,10,FALSE,0
miki725/django-url-filter,11,FALSE,0
mindspore-ai/mindspore,-5,FALSE,8
mindspore-ai/mindspore,-4,FALSE,11
mindspore-ai/mindspore,-3,FALSE,8
mindspore-ai/mindspore,-2,FALSE,1
mindspore-ai/mindspore,-1,FALSE,3
mindspore-ai/mindspore,0,FALSE,3
mindspore-ai/mindspore,1,FALSE,0
mindspore-ai/mindspore,2,FALSE,0
mindspore-ai/mindspore,3,FALSE,1
mindspore-ai/mindspore,4,FALSE,1
mindspore-ai/mindspore,5,FALSE,2
minimaxir/textgenrnn,-10,FALSE,1
minimaxir/textgenrnn,-9,FALSE,3
minimaxir/textgenrnn,-8,FALSE,7
minimaxir/textgenrnn,-7,FALSE,6
minimaxir/textgenrnn,-6,FALSE,2
minimaxir/textgenrnn,-5,FALSE,8
minimaxir/textgenrnn,-4,FALSE,8
minimaxir/textgenrnn,-3,FALSE,2
minimaxir/textgenrnn,-2,FALSE,1
minimaxir/textgenrnn,-1,FALSE,1
minimaxir/textgenrnn,0,FALSE,1
minimaxir/textgenrnn,1,FALSE,0
minimaxir/textgenrnn,2,FALSE,0
minimaxir/textgenrnn,3,FALSE,0
minimaxir/textgenrnn,4,FALSE,0
minimaxir/textgenrnn,5,FALSE,0
missinglinkelectronics/sphinxcontrib-svg2pdfconverter,-6,TRUE,0
missinglinkelectronics/sphinxcontrib-svg2pdfconverter,-5,TRUE,0
missinglinkelectronics/sphinxcontrib-svg2pdfconverter,-4,TRUE,0
missinglinkelectronics/sphinxcontrib-svg2pdfconverter,-3,TRUE,0
missinglinkelectronics/sphinxcontrib-svg2pdfconverter,-2,TRUE,2
missinglinkelectronics/sphinxcontrib-svg2pdfconverter,-1,TRUE,0
missinglinkelectronics/sphinxcontrib-svg2pdfconverter,0,TRUE,0
missinglinkelectronics/sphinxcontrib-svg2pdfconverter,1,TRUE,1
missinglinkelectronics/sphinxcontrib-svg2pdfconverter,2,TRUE,1
missinglinkelectronics/sphinxcontrib-svg2pdfconverter,3,TRUE,1
missinglinkelectronics/sphinxcontrib-svg2pdfconverter,4,TRUE,0
missinglinkelectronics/sphinxcontrib-svg2pdfconverter,5,TRUE,0
missinglinkelectronics/sphinxcontrib-svg2pdfconverter,6,TRUE,0
missinglinkelectronics/sphinxcontrib-svg2pdfconverter,7,TRUE,5
missinglinkelectronics/sphinxcontrib-svg2pdfconverter,8,TRUE,1
mkorman90/regipy,-7,TRUE,16
mkorman90/regipy,-6,TRUE,5
mkorman90/regipy,-5,TRUE,14
mkorman90/regipy,-4,TRUE,6
mkorman90/regipy,-3,TRUE,4
mkorman90/regipy,-2,TRUE,14
mkorman90/regipy,-1,TRUE,16
mkorman90/regipy,0,TRUE,6
mkorman90/regipy,1,TRUE,5
mkorman90/regipy,2,TRUE,3
mkorman90/regipy,3,TRUE,10
mkorman90/regipy,4,TRUE,9
mkorman90/regipy,5,TRUE,5
mocnik-science/osm-python-tools,-11,FALSE,0
mocnik-science/osm-python-tools,-10,FALSE,2
mocnik-science/osm-python-tools,-9,FALSE,0
mocnik-science/osm-python-tools,-8,FALSE,2
mocnik-science/osm-python-tools,-7,FALSE,1
mocnik-science/osm-python-tools,-6,FALSE,0
mocnik-science/osm-python-tools,-5,FALSE,1
mocnik-science/osm-python-tools,-4,FALSE,4
mocnik-science/osm-python-tools,-3,FALSE,2
mocnik-science/osm-python-tools,-2,FALSE,0
mocnik-science/osm-python-tools,-1,FALSE,2
mocnik-science/osm-python-tools,0,FALSE,2
mocnik-science/osm-python-tools,1,FALSE,1
mocnik-science/osm-python-tools,2,FALSE,0
mocnik-science/osm-python-tools,3,FALSE,0
mocnik-science/osm-python-tools,4,FALSE,0
mocnik-science/osm-python-tools,5,FALSE,0
mongodb-labs/flask-pymongo,-11,FALSE,6
mongodb-labs/flask-pymongo,-10,FALSE,5
mongodb-labs/flask-pymongo,-9,FALSE,5
mongodb-labs/flask-pymongo,-8,FALSE,4
mongodb-labs/flask-pymongo,-7,FALSE,6
mongodb-labs/flask-pymongo,-6,FALSE,4
mongodb-labs/flask-pymongo,-5,FALSE,3
mongodb-labs/flask-pymongo,-4,FALSE,2
mongodb-labs/flask-pymongo,-3,FALSE,6
mongodb-labs/flask-pymongo,-2,FALSE,4
mongodb-labs/flask-pymongo,-1,FALSE,1
mongodb-labs/flask-pymongo,0,FALSE,2
mongodb-labs/flask-pymongo,1,FALSE,1
mongodb-labs/flask-pymongo,2,FALSE,2
mongodb-labs/flask-pymongo,3,FALSE,1
mongodb-labs/flask-pymongo,4,FALSE,0
mongodb-labs/flask-pymongo,5,FALSE,2
mongodb-labs/flask-pymongo,6,FALSE,0
mongodb-labs/flask-pymongo,7,FALSE,1
mongodb-labs/flask-pymongo,8,FALSE,1
mongodb-labs/flask-pymongo,9,FALSE,17
morgan-at-keysight/pyarbtools,-6,FALSE,0
morgan-at-keysight/pyarbtools,-5,FALSE,0
morgan-at-keysight/pyarbtools,-4,FALSE,0
morgan-at-keysight/pyarbtools,-3,FALSE,6
morgan-at-keysight/pyarbtools,-2,FALSE,8
morgan-at-keysight/pyarbtools,-1,FALSE,8
morgan-at-keysight/pyarbtools,0,FALSE,3
morgan-at-keysight/pyarbtools,1,FALSE,3
morgan-at-keysight/pyarbtools,2,FALSE,0
morgan-at-keysight/pyarbtools,3,FALSE,1
morgan-at-keysight/pyarbtools,4,FALSE,1
morgan-at-keysight/pyarbtools,5,FALSE,0
morgan-at-keysight/pyarbtools,6,FALSE,0
morgan-at-keysight/pyarbtools,7,FALSE,1
moses-palmer/pynput,-12,FALSE,0
moses-palmer/pynput,-11,FALSE,1
moses-palmer/pynput,-10,FALSE,3
moses-palmer/pynput,-9,FALSE,3
moses-palmer/pynput,-8,FALSE,2
moses-palmer/pynput,-7,FALSE,0
moses-palmer/pynput,-6,FALSE,4
moses-palmer/pynput,-5,FALSE,6
moses-palmer/pynput,-4,FALSE,6
moses-palmer/pynput,-3,FALSE,5
moses-palmer/pynput,-2,FALSE,5
moses-palmer/pynput,-1,FALSE,3
moses-palmer/pynput,0,FALSE,10
moses-palmer/pynput,1,FALSE,4
moses-palmer/pynput,2,FALSE,4
moses-palmer/pynput,3,FALSE,5
moses-palmer/pynput,4,FALSE,0
moses-palmer/pynput,5,FALSE,5
mosquito/aiormq,-5,FALSE,0
mosquito/aiormq,-4,FALSE,30
mosquito/aiormq,-3,FALSE,15
mosquito/aiormq,-2,FALSE,9
mosquito/aiormq,-1,FALSE,8
mosquito/aiormq,0,FALSE,5
mosquito/aiormq,1,FALSE,6
mosquito/aiormq,2,FALSE,8
mosquito/aiormq,3,FALSE,7
mosquito/aiormq,4,FALSE,11
mosquito/aiormq,5,FALSE,1
mosquito/aiormq,6,FALSE,5
mosquito/aiormq,7,FALSE,5
mosquito/aiormq,8,FALSE,1
mozilla/bleach,-12,FALSE,3
mozilla/bleach,-11,FALSE,9
mozilla/bleach,-10,FALSE,11
mozilla/bleach,-9,FALSE,19
mozilla/bleach,-8,FALSE,22
mozilla/bleach,-7,FALSE,29
mozilla/bleach,-6,FALSE,14
mozilla/bleach,-5,FALSE,27
mozilla/bleach,-4,FALSE,19
mozilla/bleach,-3,FALSE,30
mozilla/bleach,-2,FALSE,17
mozilla/bleach,-1,FALSE,12
mozilla/bleach,0,FALSE,11
mozilla/bleach,1,FALSE,12
mozilla/bleach,2,FALSE,19
mozilla/bleach,3,FALSE,7
mozilla/bleach,4,FALSE,10
mozilla/bleach,5,FALSE,11
mozilla/bleach,6,FALSE,3
mozilla/bleach,7,FALSE,8
mozilla/bleach,8,FALSE,5
mozillazg/python-pinyin,-13,FALSE,2
mozillazg/python-pinyin,-12,FALSE,4
mozillazg/python-pinyin,-11,FALSE,4
mozillazg/python-pinyin,-10,FALSE,2
mozillazg/python-pinyin,-9,FALSE,8
mozillazg/python-pinyin,-8,FALSE,8
mozillazg/python-pinyin,-7,FALSE,8
mozillazg/python-pinyin,-6,FALSE,2
mozillazg/python-pinyin,-5,FALSE,3
mozillazg/python-pinyin,-4,FALSE,1
mozillazg/python-pinyin,-3,FALSE,4
mozillazg/python-pinyin,-2,FALSE,0
mozillazg/python-pinyin,-1,FALSE,1
mozillazg/python-pinyin,0,FALSE,1
mozillazg/python-pinyin,1,FALSE,1
mozillazg/python-pinyin,2,FALSE,2
mozillazg/python-pinyin,3,FALSE,0
mozillazg/python-pinyin,4,FALSE,1
mozillazg/python-pinyin,5,FALSE,2
mozillazg/python-pinyin,6,FALSE,4
mozillazg/python-pinyin,7,FALSE,2
mozman/ezdxf,-8,FALSE,2
mozman/ezdxf,-7,FALSE,0
mozman/ezdxf,-6,FALSE,1
mozman/ezdxf,-5,FALSE,9
mozman/ezdxf,-4,FALSE,4
mozman/ezdxf,-3,FALSE,2
mozman/ezdxf,-2,FALSE,14
mozman/ezdxf,-1,FALSE,24
mozman/ezdxf,0,FALSE,21
mozman/ezdxf,1,FALSE,6
mozman/ezdxf,2,FALSE,2
mozman/ezdxf,3,FALSE,4
mozman/ezdxf,4,FALSE,5
mozman/ezdxf,5,FALSE,12
mozman/ezdxf,6,FALSE,9
mozman/ezdxf,7,FALSE,9
mozman/ezdxf,8,FALSE,7
mrf345/flask_minify,-8,FALSE,0
mrf345/flask_minify,-7,FALSE,0
mrf345/flask_minify,-6,FALSE,7
mrf345/flask_minify,-5,FALSE,12
mrf345/flask_minify,-4,FALSE,7
mrf345/flask_minify,-3,FALSE,5
mrf345/flask_minify,-2,FALSE,10
mrf345/flask_minify,-1,FALSE,4
mrf345/flask_minify,0,FALSE,6
mrf345/flask_minify,1,FALSE,1
mrf345/flask_minify,2,FALSE,2
mrf345/flask_minify,3,FALSE,3
mrf345/flask_minify,4,FALSE,2
mrf345/flask_minify,5,FALSE,2
multiformats/multihash,-12,FALSE,6
multiformats/multihash,-11,FALSE,1
multiformats/multihash,-10,FALSE,9
multiformats/multihash,-9,FALSE,15
multiformats/multihash,-8,FALSE,9
multiformats/multihash,-7,FALSE,0
multiformats/multihash,-6,FALSE,3
multiformats/multihash,-5,FALSE,7
multiformats/multihash,-4,FALSE,2
multiformats/multihash,-3,FALSE,5
multiformats/multihash,-2,FALSE,1
multiformats/multihash,-1,FALSE,0
multiformats/multihash,0,FALSE,0
multiformats/multihash,1,FALSE,2
multiformats/multihash,2,FALSE,0
multiformats/multihash,3,FALSE,5
multiformats/multihash,4,FALSE,1
multiformats/multihash,5,FALSE,1
multiformats/multihash,6,FALSE,0
multiformats/multihash,7,FALSE,4
multiformats/multihash,8,FALSE,3
mutpy/mutpy,-5,TRUE,21
mutpy/mutpy,-4,TRUE,0
mutpy/mutpy,-3,TRUE,6
mutpy/mutpy,-2,TRUE,1
mutpy/mutpy,-1,TRUE,1
mutpy/mutpy,0,TRUE,1
mutpy/mutpy,1,TRUE,3
mutpy/mutpy,2,TRUE,2
mutpy/mutpy,3,TRUE,2
mutpy/mutpy,4,TRUE,1
mutpy/mutpy,5,TRUE,0
mutpy/mutpy,6,TRUE,0
mutpy/mutpy,7,TRUE,1
mutpy/mutpy,8,TRUE,2
mutpy/mutpy,9,TRUE,3
mutpy/mutpy,10,TRUE,1
muxinc/mux-python,-7,FALSE,3
muxinc/mux-python,-6,FALSE,5
muxinc/mux-python,-5,FALSE,6
muxinc/mux-python,-4,FALSE,2
muxinc/mux-python,-3,FALSE,4
muxinc/mux-python,-2,FALSE,5
muxinc/mux-python,-1,FALSE,1
muxinc/mux-python,0,FALSE,6
muxinc/mux-python,1,FALSE,4
muxinc/mux-python,2,FALSE,7
muxinc/mux-python,3,FALSE,3
muxinc/mux-python,4,FALSE,4
muxinc/mux-python,5,FALSE,4
nanopb/nanopb,-15,FALSE,2
nanopb/nanopb,-14,FALSE,10
nanopb/nanopb,-13,FALSE,7
nanopb/nanopb,-12,FALSE,12
nanopb/nanopb,-11,FALSE,11
nanopb/nanopb,-10,FALSE,8
nanopb/nanopb,-9,FALSE,9
nanopb/nanopb,-8,FALSE,12
nanopb/nanopb,-7,FALSE,8
nanopb/nanopb,-6,FALSE,16
nanopb/nanopb,-5,FALSE,26
nanopb/nanopb,-4,FALSE,17
nanopb/nanopb,-3,FALSE,9
nanopb/nanopb,-2,FALSE,17
nanopb/nanopb,-1,FALSE,6
nanopb/nanopb,0,FALSE,12
nanopb/nanopb,1,FALSE,9
nanopb/nanopb,2,FALSE,19
nanopb/nanopb,3,FALSE,18
nanopb/nanopb,4,FALSE,23
nanopb/nanopb,5,FALSE,9
nanoporetech/medaka,-10,FALSE,4
nanoporetech/medaka,-9,FALSE,0
nanoporetech/medaka,-8,FALSE,0
nanoporetech/medaka,-7,FALSE,2
nanoporetech/medaka,-6,FALSE,2
nanoporetech/medaka,-5,FALSE,2
nanoporetech/medaka,-4,FALSE,0
nanoporetech/medaka,-3,FALSE,2
nanoporetech/medaka,-2,FALSE,1
nanoporetech/medaka,-1,FALSE,2
nanoporetech/medaka,0,FALSE,1
nanoporetech/medaka,1,FALSE,1
nanoporetech/medaka,2,FALSE,2
nanoporetech/medaka,3,FALSE,1
nanoporetech/medaka,4,FALSE,0
nanoporetech/medaka,5,FALSE,0
nanoporetech/medaka,6,FALSE,1
nanoporetech/ont_fast5_api,-8,TRUE,1
nanoporetech/ont_fast5_api,-7,TRUE,1
nanoporetech/ont_fast5_api,-6,TRUE,1
nanoporetech/ont_fast5_api,-5,TRUE,0
nanoporetech/ont_fast5_api,-4,TRUE,0
nanoporetech/ont_fast5_api,-3,TRUE,2
nanoporetech/ont_fast5_api,-2,TRUE,0
nanoporetech/ont_fast5_api,-1,TRUE,0
nanoporetech/ont_fast5_api,0,TRUE,0
nanoporetech/ont_fast5_api,1,TRUE,0
nanoporetech/ont_fast5_api,2,TRUE,1
nanoporetech/ont_fast5_api,3,TRUE,0
nanoporetech/ont_fast5_api,4,TRUE,0
nanoporetech/ont_fast5_api,5,TRUE,0
ndokter/dsmr_parser,-7,FALSE,6
ndokter/dsmr_parser,-6,FALSE,6
ndokter/dsmr_parser,-5,FALSE,1
ndokter/dsmr_parser,-4,FALSE,0
ndokter/dsmr_parser,-3,FALSE,4
ndokter/dsmr_parser,-2,FALSE,1
ndokter/dsmr_parser,-1,FALSE,5
ndokter/dsmr_parser,0,FALSE,5
ndokter/dsmr_parser,1,FALSE,11
ndokter/dsmr_parser,2,FALSE,6
ndokter/dsmr_parser,3,FALSE,8
ndokter/dsmr_parser,4,FALSE,6
ndokter/dsmr_parser,5,FALSE,7
ndokter/dsmr_parser,6,FALSE,9
ndokter/dsmr_parser,7,FALSE,11
ndokter/dsmr_parser,8,FALSE,9
ndokter/dsmr_parser,9,FALSE,4
ndokter/dsmr_parser,10,FALSE,1
neka-nat/probreg,-7,FALSE,0
neka-nat/probreg,-6,FALSE,1
neka-nat/probreg,-5,FALSE,2
neka-nat/probreg,-4,FALSE,3
neka-nat/probreg,-3,FALSE,1
neka-nat/probreg,-2,FALSE,0
neka-nat/probreg,-1,FALSE,1
neka-nat/probreg,0,FALSE,0
neka-nat/probreg,1,FALSE,0
neka-nat/probreg,2,FALSE,0
neka-nat/probreg,3,FALSE,1
neka-nat/probreg,4,FALSE,0
neka-nat/probreg,5,FALSE,0
neo4j-contrib/neomodel,-10,FALSE,9
neo4j-contrib/neomodel,-9,FALSE,18
neo4j-contrib/neomodel,-8,FALSE,1
neo4j-contrib/neomodel,-7,FALSE,4
neo4j-contrib/neomodel,-6,FALSE,7
neo4j-contrib/neomodel,-5,FALSE,6
neo4j-contrib/neomodel,-4,FALSE,27
neo4j-contrib/neomodel,-3,FALSE,16
neo4j-contrib/neomodel,-2,FALSE,26
neo4j-contrib/neomodel,-1,FALSE,14
neo4j-contrib/neomodel,0,FALSE,9
neo4j-contrib/neomodel,1,FALSE,9
neo4j-contrib/neomodel,2,FALSE,7
neo4j-contrib/neomodel,3,FALSE,14
neo4j-contrib/neomodel,4,FALSE,9
neo4j-contrib/neomodel,5,FALSE,7
neo4j-contrib/neomodel,6,FALSE,29
neo4j-contrib/neomodel,7,FALSE,34
neo4j-contrib/neomodel,8,FALSE,18
neo4j-contrib/neomodel,9,FALSE,22
neo4j-contrib/neomodel,10,FALSE,12
neo4j-contrib/py2neo,-11,FALSE,0
neo4j-contrib/py2neo,-10,FALSE,0
neo4j-contrib/py2neo,-9,FALSE,5
neo4j-contrib/py2neo,-8,FALSE,10
neo4j-contrib/py2neo,-7,FALSE,1
neo4j-contrib/py2neo,-6,FALSE,6
neo4j-contrib/py2neo,-5,FALSE,10
neo4j-contrib/py2neo,-4,FALSE,3
neo4j-contrib/py2neo,-3,FALSE,1
neo4j-contrib/py2neo,-2,FALSE,20
neo4j-contrib/py2neo,-1,FALSE,9
neo4j-contrib/py2neo,0,FALSE,10
neo4j-contrib/py2neo,1,FALSE,0
neo4j-contrib/py2neo,2,FALSE,1
neo4j-contrib/py2neo,3,FALSE,2
neo4j-contrib/py2neo,4,FALSE,1
neo4j-contrib/py2neo,5,FALSE,4
neo4j-contrib/py2neo,6,FALSE,0
neo4j-contrib/py2neo,7,FALSE,0
neo4j-contrib/py2neo,8,FALSE,0
nephila/djangocms-redirect,-9,FALSE,1
nephila/djangocms-redirect,-8,FALSE,0
nephila/djangocms-redirect,-7,FALSE,2
nephila/djangocms-redirect,-6,FALSE,1
nephila/djangocms-redirect,-5,FALSE,0
nephila/djangocms-redirect,-4,FALSE,4
nephila/djangocms-redirect,-3,FALSE,8
nephila/djangocms-redirect,-2,FALSE,7
nephila/djangocms-redirect,-1,FALSE,2
nephila/djangocms-redirect,0,FALSE,4
nephila/djangocms-redirect,1,FALSE,1
nephila/djangocms-redirect,2,FALSE,1
nephila/djangocms-redirect,3,FALSE,0
nephila/djangocms-redirect,4,FALSE,0
nephila/djangocms-redirect,5,FALSE,0
nephila/djangocms-redirect,6,FALSE,4
nephila/djangocms-redirect,7,FALSE,0
nephila/djangocms-redirect,8,FALSE,1
nephila/djangocms-redirect,9,FALSE,1
netaddr/netaddr,-13,FALSE,8
netaddr/netaddr,-12,FALSE,6
netaddr/netaddr,-11,FALSE,3
netaddr/netaddr,-10,FALSE,3
netaddr/netaddr,-9,FALSE,7
netaddr/netaddr,-8,FALSE,4
netaddr/netaddr,-7,FALSE,2
netaddr/netaddr,-6,FALSE,1
netaddr/netaddr,-5,FALSE,1
netaddr/netaddr,-4,FALSE,3
netaddr/netaddr,-3,FALSE,11
netaddr/netaddr,-2,FALSE,3
netaddr/netaddr,-1,FALSE,7
netaddr/netaddr,0,FALSE,2
netaddr/netaddr,1,FALSE,2
netaddr/netaddr,2,FALSE,0
netaddr/netaddr,3,FALSE,0
netaddr/netaddr,4,FALSE,69
netaddr/netaddr,5,FALSE,46
netaddr/netaddr,6,FALSE,0
netaddr/netaddr,7,FALSE,0
nfcpy/nfcpy,-8,FALSE,3
nfcpy/nfcpy,-7,FALSE,2
nfcpy/nfcpy,-6,FALSE,2
nfcpy/nfcpy,-5,FALSE,3
nfcpy/nfcpy,-4,FALSE,3
nfcpy/nfcpy,-3,FALSE,0
nfcpy/nfcpy,-2,FALSE,2
nfcpy/nfcpy,-1,FALSE,3
nfcpy/nfcpy,0,FALSE,1
nfcpy/nfcpy,1,FALSE,4
nfcpy/nfcpy,2,FALSE,3
nfcpy/nfcpy,3,FALSE,1
nfcpy/nfcpy,4,FALSE,1
nfcpy/nfcpy,5,FALSE,1
nfcpy/nfcpy,6,FALSE,0
nfcpy/nfcpy,7,FALSE,0
nfcpy/nfcpy,8,FALSE,2
nfcpy/nfcpy,9,FALSE,1
nfcpy/nfcpy,10,FALSE,0
ngageoint/sarpy,-9,TRUE,0
ngageoint/sarpy,-8,TRUE,3
ngageoint/sarpy,-7,TRUE,1
ngageoint/sarpy,-6,TRUE,2
ngageoint/sarpy,-5,TRUE,59
ngageoint/sarpy,-4,TRUE,78
ngageoint/sarpy,-3,TRUE,48
ngageoint/sarpy,-2,TRUE,34
ngageoint/sarpy,-1,TRUE,26
ngageoint/sarpy,0,TRUE,14
ngageoint/sarpy,1,TRUE,71
ngageoint/sarpy,2,TRUE,36
ngageoint/sarpy,3,TRUE,23
ngageoint/sarpy,4,TRUE,34
ngageoint/sarpy,5,TRUE,7
nitmir/django-cas-server,-10,FALSE,3
nitmir/django-cas-server,-9,FALSE,11
nitmir/django-cas-server,-8,FALSE,4
nitmir/django-cas-server,-7,FALSE,1
nitmir/django-cas-server,-6,FALSE,2
nitmir/django-cas-server,-5,FALSE,0
nitmir/django-cas-server,-4,FALSE,2
nitmir/django-cas-server,-3,FALSE,2
nitmir/django-cas-server,-2,FALSE,5
nitmir/django-cas-server,-1,FALSE,5
nitmir/django-cas-server,0,FALSE,2
nitmir/django-cas-server,1,FALSE,2
nitmir/django-cas-server,2,FALSE,0
nitmir/django-cas-server,3,FALSE,1
nitmir/django-cas-server,4,FALSE,0
nitmir/django-cas-server,5,FALSE,2
nitmir/django-cas-server,6,FALSE,0
nitmir/django-cas-server,7,FALSE,3
nitmir/django-cas-server,8,FALSE,2
nmslib/hnswlib,-6,FALSE,11
nmslib/hnswlib,-5,FALSE,19
nmslib/hnswlib,-4,FALSE,9
nmslib/hnswlib,-3,FALSE,22
nmslib/hnswlib,-2,FALSE,16
nmslib/hnswlib,-1,FALSE,13
nmslib/hnswlib,0,FALSE,23
nmslib/hnswlib,1,FALSE,13
nmslib/hnswlib,2,FALSE,10
nmslib/hnswlib,3,FALSE,20
nmslib/hnswlib,4,FALSE,23
nmslib/hnswlib,5,FALSE,19
nmslib/hnswlib,6,FALSE,7
nmslib/hnswlib,7,FALSE,7
nmslib/hnswlib,8,FALSE,12
noirello/pyorc,-5,FALSE,0
noirello/pyorc,-4,FALSE,0
noirello/pyorc,-3,FALSE,2
noirello/pyorc,-2,FALSE,1
noirello/pyorc,-1,FALSE,2
noirello/pyorc,0,FALSE,1
noirello/pyorc,1,FALSE,5
noirello/pyorc,2,FALSE,0
noirello/pyorc,3,FALSE,0
noirello/pyorc,4,FALSE,0
noirello/pyorc,5,FALSE,0
noirello/pyorc,6,FALSE,0
noxdafox/pebble,-9,FALSE,1
noxdafox/pebble,-8,FALSE,0
noxdafox/pebble,-7,FALSE,1
noxdafox/pebble,-6,FALSE,3
noxdafox/pebble,-5,FALSE,2
noxdafox/pebble,-4,FALSE,1
noxdafox/pebble,-3,FALSE,0
noxdafox/pebble,-2,FALSE,0
noxdafox/pebble,-1,FALSE,4
noxdafox/pebble,0,FALSE,4
noxdafox/pebble,1,FALSE,0
noxdafox/pebble,2,FALSE,3
noxdafox/pebble,3,FALSE,1
noxdafox/pebble,4,FALSE,0
noxdafox/pebble,5,FALSE,2
noxdafox/pebble,6,FALSE,1
noxdafox/pebble,7,FALSE,1
noxdafox/pebble,8,FALSE,3
noxdafox/pebble,9,FALSE,4
noxdafox/pebble,10,FALSE,1
numirias/pytest-json-report,-5,FALSE,5
numirias/pytest-json-report,-4,FALSE,7
numirias/pytest-json-report,-3,FALSE,7
numirias/pytest-json-report,-2,FALSE,4
numirias/pytest-json-report,-1,FALSE,2
numirias/pytest-json-report,0,FALSE,0
numirias/pytest-json-report,1,FALSE,7
numirias/pytest-json-report,2,FALSE,1
numirias/pytest-json-report,3,FALSE,4
numirias/pytest-json-report,4,FALSE,0
numirias/pytest-json-report,5,FALSE,1
numirias/pytest-json-report,6,FALSE,0
numirias/pytest-json-report,7,FALSE,0
numirias/pytest-json-report,8,FALSE,0
numirias/pytest-json-report,9,FALSE,0
oasis-open/cti-taxii-client,-7,FALSE,7
oasis-open/cti-taxii-client,-6,FALSE,9
oasis-open/cti-taxii-client,-5,FALSE,6
oasis-open/cti-taxii-client,-4,FALSE,0
oasis-open/cti-taxii-client,-3,FALSE,3
oasis-open/cti-taxii-client,-2,FALSE,6
oasis-open/cti-taxii-client,-1,FALSE,9
oasis-open/cti-taxii-client,0,FALSE,4
oasis-open/cti-taxii-client,1,FALSE,0
oasis-open/cti-taxii-client,2,FALSE,0
oasis-open/cti-taxii-client,3,FALSE,2
oasis-open/cti-taxii-client,4,FALSE,2
oasis-open/cti-taxii-client,5,FALSE,0
oasis-open/cti-taxii-client,6,FALSE,1
oasis-open/cti-taxii-client,7,FALSE,0
oasis-open/cti-taxii-client,8,FALSE,0
ofek/bit,-8,TRUE,1
ofek/bit,-7,TRUE,5
ofek/bit,-6,TRUE,2
ofek/bit,-5,TRUE,5
ofek/bit,-4,TRUE,12
ofek/bit,-3,TRUE,3
ofek/bit,-2,TRUE,8
ofek/bit,-1,TRUE,10
ofek/bit,0,TRUE,0
ofek/bit,1,TRUE,3
ofek/bit,2,TRUE,0
ofek/bit,3,TRUE,2
ofek/bit,4,TRUE,1
ofek/bit,5,TRUE,1
ofek/bit,6,TRUE,3
ofek/bit,7,TRUE,3
ofek/bit,8,TRUE,1
ofw/curlify,-7,FALSE,1
ofw/curlify,-6,FALSE,0
ofw/curlify,-5,FALSE,0
ofw/curlify,-4,FALSE,3
ofw/curlify,-3,FALSE,0
ofw/curlify,-2,FALSE,5
ofw/curlify,-1,FALSE,7
ofw/curlify,0,FALSE,2
ofw/curlify,1,FALSE,0
ofw/curlify,2,FALSE,0
ofw/curlify,3,FALSE,1
ofw/curlify,4,FALSE,0
ofw/curlify,5,FALSE,0
ofw/curlify,6,FALSE,1
ofw/curlify,7,FALSE,0
ofw/curlify,8,FALSE,0
ofw/curlify,9,FALSE,0
ofw/curlify,10,FALSE,1
olucurious/pyfcm,-8,FALSE,15
olucurious/pyfcm,-7,FALSE,44
olucurious/pyfcm,-6,FALSE,14
olucurious/pyfcm,-5,FALSE,20
olucurious/pyfcm,-4,FALSE,8
olucurious/pyfcm,-3,FALSE,15
olucurious/pyfcm,-2,FALSE,19
olucurious/pyfcm,-1,FALSE,1
olucurious/pyfcm,0,FALSE,2
olucurious/pyfcm,1,FALSE,4
olucurious/pyfcm,2,FALSE,5
olucurious/pyfcm,3,FALSE,1
olucurious/pyfcm,4,FALSE,2
olucurious/pyfcm,5,FALSE,1
olucurious/pyfcm,6,FALSE,3
olucurious/pyfcm,7,FALSE,0
olucurious/pyfcm,8,FALSE,17
olucurious/pyfcm,9,FALSE,7
olucurious/pyfcm,10,FALSE,2
onelogin/onelogin-python-aws-assume-role,-8,TRUE,3
onelogin/onelogin-python-aws-assume-role,-7,TRUE,3
onelogin/onelogin-python-aws-assume-role,-6,TRUE,9
onelogin/onelogin-python-aws-assume-role,-5,TRUE,4
onelogin/onelogin-python-aws-assume-role,-4,TRUE,1
onelogin/onelogin-python-aws-assume-role,-3,TRUE,7
onelogin/onelogin-python-aws-assume-role,-2,TRUE,8
onelogin/onelogin-python-aws-assume-role,-1,TRUE,0
onelogin/onelogin-python-aws-assume-role,0,TRUE,3
onelogin/onelogin-python-aws-assume-role,1,TRUE,2
onelogin/onelogin-python-aws-assume-role,2,TRUE,4
onelogin/onelogin-python-aws-assume-role,3,TRUE,8
onelogin/onelogin-python-aws-assume-role,4,TRUE,0
onelogin/onelogin-python-aws-assume-role,5,TRUE,0
onelogin/onelogin-python-aws-assume-role,6,TRUE,1
onelogin/onelogin-python-aws-assume-role,7,TRUE,1
online-judge-tools/api-client,-5,TRUE,0
online-judge-tools/api-client,-4,TRUE,0
online-judge-tools/api-client,-3,TRUE,0
online-judge-tools/api-client,-2,TRUE,46
online-judge-tools/api-client,-1,TRUE,45
online-judge-tools/api-client,0,TRUE,9
online-judge-tools/api-client,1,TRUE,4
online-judge-tools/api-client,2,TRUE,2
online-judge-tools/api-client,3,TRUE,10
online-judge-tools/api-client,4,TRUE,0
online-judge-tools/api-client,5,TRUE,2
online-judge-tools/api-client,6,TRUE,0
online-judge-tools/api-client,7,TRUE,2
online-judge-tools/api-client,8,TRUE,1
online-judge-tools/oj,-9,TRUE,10
online-judge-tools/oj,-8,TRUE,34
online-judge-tools/oj,-7,TRUE,29
online-judge-tools/oj,-6,TRUE,27
online-judge-tools/oj,-5,TRUE,142
online-judge-tools/oj,-4,TRUE,124
online-judge-tools/oj,-3,TRUE,79
online-judge-tools/oj,-2,TRUE,51
online-judge-tools/oj,-1,TRUE,22
online-judge-tools/oj,0,TRUE,15
online-judge-tools/oj,1,TRUE,0
online-judge-tools/oj,2,TRUE,6
online-judge-tools/oj,3,TRUE,1
online-judge-tools/oj,4,TRUE,1
online-judge-tools/oj,5,TRUE,6
online-judge-tools/oj,6,TRUE,1
online-judge-tools/oj,7,TRUE,1
open-mmlab/mmdetection,-5,FALSE,53
open-mmlab/mmdetection,-4,FALSE,164
open-mmlab/mmdetection,-3,FALSE,208
open-mmlab/mmdetection,-2,FALSE,436
open-mmlab/mmdetection,-1,FALSE,327
open-mmlab/mmdetection,0,FALSE,318
open-mmlab/mmdetection,1,FALSE,333
open-mmlab/mmdetection,2,FALSE,280
open-mmlab/mmdetection,3,FALSE,402
open-mmlab/mmdetection,4,FALSE,279
open-mmlab/mmdetection,5,FALSE,126
open-mmlab/mmdetection,6,FALSE,50
open-mmlab/mmdetection,7,FALSE,17
open-mmlab/mmdetection,8,FALSE,13
openai/openai-python,-7,FALSE,0
openai/openai-python,-6,FALSE,0
openai/openai-python,-5,FALSE,0
openai/openai-python,-4,FALSE,0
openai/openai-python,-3,FALSE,0
openai/openai-python,-2,FALSE,15
openai/openai-python,-1,FALSE,22
openai/openai-python,0,FALSE,25
openai/openai-python,1,FALSE,26
openai/openai-python,2,FALSE,124
openai/openai-python,3,FALSE,128
openai/openai-python,4,FALSE,41
openai/openai-python,5,FALSE,70
openai/openai-python,6,FALSE,70
openatx/facebook-wda,-10,FALSE,7
openatx/facebook-wda,-9,FALSE,8
openatx/facebook-wda,-8,FALSE,8
openatx/facebook-wda,-7,FALSE,0
openatx/facebook-wda,-6,FALSE,0
openatx/facebook-wda,-5,FALSE,1
openatx/facebook-wda,-4,FALSE,0
openatx/facebook-wda,-3,FALSE,0
openatx/facebook-wda,-2,FALSE,1
openatx/facebook-wda,-1,FALSE,0
openatx/facebook-wda,0,FALSE,2
openatx/facebook-wda,1,FALSE,1
openatx/facebook-wda,2,FALSE,0
openatx/facebook-wda,3,FALSE,1
openatx/facebook-wda,4,FALSE,1
openatx/facebook-wda,5,FALSE,2
openatx/facebook-wda,6,FALSE,4
openatx/facebook-wda,7,FALSE,0
openedx-unsupported/xblock-utils,-14,TRUE,13
openedx-unsupported/xblock-utils,-13,TRUE,11
openedx-unsupported/xblock-utils,-12,TRUE,3
openedx-unsupported/xblock-utils,-11,TRUE,2
openedx-unsupported/xblock-utils,-10,TRUE,4
openedx-unsupported/xblock-utils,-9,TRUE,2
openedx-unsupported/xblock-utils,-8,TRUE,2
openedx-unsupported/xblock-utils,-7,TRUE,3
openedx-unsupported/xblock-utils,-6,TRUE,6
openedx-unsupported/xblock-utils,-5,TRUE,6
openedx-unsupported/xblock-utils,-4,TRUE,7
openedx-unsupported/xblock-utils,-3,TRUE,3
openedx-unsupported/xblock-utils,-2,TRUE,0
openedx-unsupported/xblock-utils,-1,TRUE,5
openedx-unsupported/xblock-utils,0,TRUE,3
openedx-unsupported/xblock-utils,1,TRUE,1
openedx-unsupported/xblock-utils,2,TRUE,8
openedx-unsupported/xblock-utils,3,TRUE,5
openedx-unsupported/xblock-utils,4,TRUE,0
openedx-unsupported/xblock-utils,5,TRUE,0
openedx-unsupported/xblock-utils,6,TRUE,0
openedx/django-config-models,-7,TRUE,3
openedx/django-config-models,-6,TRUE,8
openedx/django-config-models,-5,TRUE,2
openedx/django-config-models,-4,TRUE,1
openedx/django-config-models,-3,TRUE,3
openedx/django-config-models,-2,TRUE,7
openedx/django-config-models,-1,TRUE,3
openedx/django-config-models,0,TRUE,7
openedx/django-config-models,1,TRUE,5
openedx/django-config-models,2,TRUE,8
openedx/django-config-models,3,TRUE,7
openedx/django-config-models,4,TRUE,3
openedx/django-config-models,5,TRUE,3
openedx/django-config-models,6,TRUE,5
openedx/django-config-models,7,TRUE,5
openedx/django-config-models,8,TRUE,6
openedx/django-config-models,9,TRUE,3
openedx/django-config-models,10,TRUE,5
openedx/edx-search,-10,FALSE,23
openedx/edx-search,-9,FALSE,15
openedx/edx-search,-8,FALSE,5
openedx/edx-search,-7,FALSE,1
openedx/edx-search,-6,FALSE,2
openedx/edx-search,-5,FALSE,1
openedx/edx-search,-4,FALSE,2
openedx/edx-search,-3,FALSE,0
openedx/edx-search,-2,FALSE,16
openedx/edx-search,-1,FALSE,11
openedx/edx-search,0,FALSE,8
openedx/edx-search,1,FALSE,4
openedx/edx-search,2,FALSE,0
openedx/edx-search,3,FALSE,6
openedx/edx-search,4,FALSE,7
openedx/edx-search,5,FALSE,2
openedx/edx-search,6,FALSE,5
openedx/edx-search,7,FALSE,5
openedx/edx-search,8,FALSE,7
openedx/edx-search,9,FALSE,7
openedx/edx-search,10,FALSE,5
openedx/edx-toggles,-7,FALSE,7
openedx/edx-toggles,-6,FALSE,12
openedx/edx-toggles,-5,FALSE,13
openedx/edx-toggles,-4,FALSE,39
openedx/edx-toggles,-3,FALSE,16
openedx/edx-toggles,-2,FALSE,4
openedx/edx-toggles,-1,FALSE,11
openedx/edx-toggles,0,FALSE,3
openedx/edx-toggles,1,FALSE,4
openedx/edx-toggles,2,FALSE,5
openedx/edx-toggles,3,FALSE,2
openedx/edx-toggles,4,FALSE,2
openedx/edx-toggles,5,FALSE,6
openedx/xblock-lti-consumer,-12,TRUE,3
openedx/xblock-lti-consumer,-11,TRUE,16
openedx/xblock-lti-consumer,-10,TRUE,5
openedx/xblock-lti-consumer,-9,TRUE,6
openedx/xblock-lti-consumer,-8,TRUE,5
openedx/xblock-lti-consumer,-7,TRUE,1
openedx/xblock-lti-consumer,-6,TRUE,1
openedx/xblock-lti-consumer,-5,TRUE,2
openedx/xblock-lti-consumer,-4,TRUE,5
openedx/xblock-lti-consumer,-3,TRUE,29
openedx/xblock-lti-consumer,-2,TRUE,47
openedx/xblock-lti-consumer,-1,TRUE,27
openedx/xblock-lti-consumer,0,TRUE,15
openedx/xblock-lti-consumer,1,TRUE,25
openedx/xblock-lti-consumer,2,TRUE,35
openedx/xblock-lti-consumer,3,TRUE,36
openedx/xblock-lti-consumer,4,TRUE,14
openedx/xblock-lti-consumer,5,TRUE,11
openedx/xblock-lti-consumer,6,TRUE,7
openedx/xblock-lti-consumer,7,TRUE,9
openfisca/openfisca-france,-10,FALSE,102
openfisca/openfisca-france,-9,FALSE,54
openfisca/openfisca-france,-8,FALSE,71
openfisca/openfisca-france,-7,FALSE,70
openfisca/openfisca-france,-6,FALSE,93
openfisca/openfisca-france,-5,FALSE,41
openfisca/openfisca-france,-4,FALSE,73
openfisca/openfisca-france,-3,FALSE,117
openfisca/openfisca-france,-2,FALSE,68
openfisca/openfisca-france,-1,FALSE,23
openfisca/openfisca-france,0,FALSE,22
openfisca/openfisca-france,1,FALSE,25
openfisca/openfisca-france,2,FALSE,70
openfisca/openfisca-france,3,FALSE,147
openfisca/openfisca-france,4,FALSE,60
openfisca/openfisca-france,5,FALSE,71
openfisca/openfisca-france,6,FALSE,101
openfisca/openfisca-france,7,FALSE,68
openfisca/openfisca-france,8,FALSE,74
openfisca/openfisca-france,9,FALSE,72
openfisca/openfisca-france,10,FALSE,95
orcasgit/django-fernet-fields,-12,TRUE,0
orcasgit/django-fernet-fields,-11,TRUE,1
orcasgit/django-fernet-fields,-10,TRUE,1
orcasgit/django-fernet-fields,-9,TRUE,0
orcasgit/django-fernet-fields,-8,TRUE,2
orcasgit/django-fernet-fields,-7,TRUE,2
orcasgit/django-fernet-fields,-6,TRUE,0
orcasgit/django-fernet-fields,-5,TRUE,2
orcasgit/django-fernet-fields,-4,TRUE,3
orcasgit/django-fernet-fields,-3,TRUE,0
orcasgit/django-fernet-fields,-2,TRUE,3
orcasgit/django-fernet-fields,-1,TRUE,0
orcasgit/django-fernet-fields,0,TRUE,0
orcasgit/django-fernet-fields,1,TRUE,0
orcasgit/django-fernet-fields,2,TRUE,2
orcasgit/django-fernet-fields,3,TRUE,1
orcasgit/django-fernet-fields,4,TRUE,2
orcasgit/django-fernet-fields,5,TRUE,2
orcasgit/django-fernet-fields,6,TRUE,1
orcasgit/django-fernet-fields,7,TRUE,2
orcasgit/django-fernet-fields,8,TRUE,0
osmr/imgclsmob,-5,FALSE,0
osmr/imgclsmob,-4,FALSE,2
osmr/imgclsmob,-3,FALSE,3
osmr/imgclsmob,-2,FALSE,3
osmr/imgclsmob,-1,FALSE,0
osmr/imgclsmob,0,FALSE,0
osmr/imgclsmob,1,FALSE,0
osmr/imgclsmob,2,FALSE,0
osmr/imgclsmob,3,FALSE,1
osmr/imgclsmob,4,FALSE,0
osmr/imgclsmob,5,FALSE,0
osmr/imgclsmob,6,FALSE,0
osmr/imgclsmob,7,FALSE,1
osmr/imgclsmob,8,FALSE,0
pahaz/sshtunnel,-11,FALSE,8
pahaz/sshtunnel,-10,FALSE,6
pahaz/sshtunnel,-9,FALSE,5
pahaz/sshtunnel,-8,FALSE,9
pahaz/sshtunnel,-7,FALSE,5
pahaz/sshtunnel,-6,FALSE,4
pahaz/sshtunnel,-5,FALSE,6
pahaz/sshtunnel,-4,FALSE,3
pahaz/sshtunnel,-3,FALSE,3
pahaz/sshtunnel,-2,FALSE,2
pahaz/sshtunnel,-1,FALSE,3
pahaz/sshtunnel,0,FALSE,21
pahaz/sshtunnel,1,FALSE,5
pahaz/sshtunnel,2,FALSE,4
pahaz/sshtunnel,3,FALSE,0
pahaz/sshtunnel,4,FALSE,3
pahaz/sshtunnel,5,FALSE,3
pahaz/sshtunnel,6,FALSE,1
pahaz/sshtunnel,7,FALSE,0
pahaz/sshtunnel,8,FALSE,1
pahaz/sshtunnel,9,FALSE,1
pallets-eco/secure-cookie,-7,FALSE,0
pallets-eco/secure-cookie,-6,FALSE,0
pallets-eco/secure-cookie,-5,FALSE,8
pallets-eco/secure-cookie,-4,FALSE,3
pallets-eco/secure-cookie,-3,FALSE,1
pallets-eco/secure-cookie,-2,FALSE,9
pallets-eco/secure-cookie,-1,FALSE,2
pallets-eco/secure-cookie,0,FALSE,0
pallets-eco/secure-cookie,1,FALSE,0
pallets-eco/secure-cookie,2,FALSE,0
pallets-eco/secure-cookie,3,FALSE,0
pallets-eco/secure-cookie,4,FALSE,0
pallets-eco/secure-cookie,5,FALSE,0
pallets/click,-13,FALSE,36
pallets/click,-12,FALSE,41
pallets/click,-11,FALSE,24
pallets/click,-10,FALSE,36
pallets/click,-9,FALSE,27
pallets/click,-8,FALSE,38
pallets/click,-7,FALSE,60
pallets/click,-6,FALSE,51
pallets/click,-5,FALSE,64
pallets/click,-4,FALSE,32
pallets/click,-3,FALSE,67
pallets/click,-2,FALSE,29
pallets/click,-1,FALSE,85
pallets/click,0,FALSE,41
pallets/click,1,FALSE,45
pallets/click,2,FALSE,25
pallets/click,3,FALSE,25
pallets/click,4,FALSE,33
pallets/click,5,FALSE,19
pallets/click,6,FALSE,25
pallets/click,7,FALSE,57
pappasam/jedi-language-server,-6,FALSE,3
pappasam/jedi-language-server,-5,FALSE,18
pappasam/jedi-language-server,-4,FALSE,5
pappasam/jedi-language-server,-3,FALSE,47
pappasam/jedi-language-server,-2,FALSE,19
pappasam/jedi-language-server,-1,FALSE,7
pappasam/jedi-language-server,0,FALSE,10
pappasam/jedi-language-server,1,FALSE,3
pappasam/jedi-language-server,2,FALSE,13
pappasam/jedi-language-server,3,FALSE,6
pappasam/jedi-language-server,4,FALSE,1
pappasam/jedi-language-server,5,FALSE,5
parrt/dtreeviz,-6,FALSE,0
parrt/dtreeviz,-5,FALSE,0
parrt/dtreeviz,-4,FALSE,0
parrt/dtreeviz,-3,FALSE,6
parrt/dtreeviz,-2,FALSE,5
parrt/dtreeviz,-1,FALSE,15
parrt/dtreeviz,0,FALSE,4
parrt/dtreeviz,1,FALSE,9
parrt/dtreeviz,2,FALSE,10
parrt/dtreeviz,3,FALSE,5
parrt/dtreeviz,4,FALSE,5
parrt/dtreeviz,5,FALSE,27
parrt/dtreeviz,6,FALSE,23
parrt/dtreeviz,7,FALSE,2
parrt/dtreeviz,8,FALSE,1
parrt/dtreeviz,9,FALSE,1
parrt/dtreeviz,10,FALSE,0
paulfitz/daff,-14,FALSE,6
paulfitz/daff,-13,FALSE,15
paulfitz/daff,-12,FALSE,8
paulfitz/daff,-11,FALSE,8
paulfitz/daff,-10,FALSE,5
paulfitz/daff,-9,FALSE,0
paulfitz/daff,-8,FALSE,5
paulfitz/daff,-7,FALSE,11
paulfitz/daff,-6,FALSE,4
paulfitz/daff,-5,FALSE,3
paulfitz/daff,-4,FALSE,1
paulfitz/daff,-3,FALSE,7
paulfitz/daff,-2,FALSE,2
paulfitz/daff,-1,FALSE,1
paulfitz/daff,0,FALSE,1
paulfitz/daff,1,FALSE,0
paulfitz/daff,2,FALSE,0
paulfitz/daff,3,FALSE,2
paulfitz/daff,4,FALSE,0
paulfitz/daff,5,FALSE,2
paulfitz/daff,6,FALSE,3
paulocheque/django-dynamic-fixture,-12,TRUE,6
paulocheque/django-dynamic-fixture,-11,TRUE,6
paulocheque/django-dynamic-fixture,-10,TRUE,0
paulocheque/django-dynamic-fixture,-9,TRUE,3
paulocheque/django-dynamic-fixture,-8,TRUE,2
paulocheque/django-dynamic-fixture,-7,TRUE,3
paulocheque/django-dynamic-fixture,-6,TRUE,0
paulocheque/django-dynamic-fixture,-5,TRUE,1
paulocheque/django-dynamic-fixture,-4,TRUE,0
paulocheque/django-dynamic-fixture,-3,TRUE,2
paulocheque/django-dynamic-fixture,-2,TRUE,28
paulocheque/django-dynamic-fixture,-1,TRUE,2
paulocheque/django-dynamic-fixture,0,TRUE,1
paulocheque/django-dynamic-fixture,1,TRUE,2
paulocheque/django-dynamic-fixture,2,TRUE,0
paulocheque/django-dynamic-fixture,3,TRUE,1
paulocheque/django-dynamic-fixture,4,TRUE,0
paulocheque/django-dynamic-fixture,5,TRUE,8
paulocheque/django-dynamic-fixture,6,TRUE,0
paulocheque/django-dynamic-fixture,7,TRUE,1
paulocheque/django-dynamic-fixture,8,TRUE,0
pdfminer/pdfminer.six,-11,FALSE,2
pdfminer/pdfminer.six,-10,FALSE,6
pdfminer/pdfminer.six,-9,FALSE,5
pdfminer/pdfminer.six,-8,FALSE,5
pdfminer/pdfminer.six,-7,FALSE,11
pdfminer/pdfminer.six,-6,FALSE,14
pdfminer/pdfminer.six,-5,FALSE,23
pdfminer/pdfminer.six,-4,FALSE,8
pdfminer/pdfminer.six,-3,FALSE,10
pdfminer/pdfminer.six,-2,FALSE,45
pdfminer/pdfminer.six,-1,FALSE,27
pdfminer/pdfminer.six,0,FALSE,36
pdfminer/pdfminer.six,1,FALSE,18
pdfminer/pdfminer.six,2,FALSE,13
pdfminer/pdfminer.six,3,FALSE,28
pdfminer/pdfminer.six,4,FALSE,22
pdfminer/pdfminer.six,5,FALSE,6
pdfminer/pdfminer.six,6,FALSE,10
pdfminer/pdfminer.six,7,FALSE,12
pdfminer/pdfminer.six,8,FALSE,23
pdfminer/pdfminer.six,9,FALSE,25
peopledoc/django-chartjs,-10,FALSE,2
peopledoc/django-chartjs,-9,FALSE,2
peopledoc/django-chartjs,-8,FALSE,0
peopledoc/django-chartjs,-7,FALSE,4
peopledoc/django-chartjs,-6,FALSE,2
peopledoc/django-chartjs,-5,FALSE,0
peopledoc/django-chartjs,-4,FALSE,4
peopledoc/django-chartjs,-3,FALSE,1
peopledoc/django-chartjs,-2,FALSE,1
peopledoc/django-chartjs,-1,FALSE,1
peopledoc/django-chartjs,0,FALSE,5
peopledoc/django-chartjs,1,FALSE,1
peopledoc/django-chartjs,2,FALSE,2
peopledoc/django-chartjs,3,FALSE,1
peopledoc/django-chartjs,4,FALSE,3
peopledoc/django-chartjs,5,FALSE,0
peopledoc/django-chartjs,6,FALSE,0
peopledoc/django-chartjs,7,FALSE,0
peopledoc/django-chartjs,8,FALSE,1
peopledoc/django-chartjs,9,FALSE,0
peopledoc/django-chartjs,10,FALSE,0
peplin/pygatt,-12,FALSE,5
peplin/pygatt,-11,FALSE,21
peplin/pygatt,-10,FALSE,9
peplin/pygatt,-9,FALSE,28
peplin/pygatt,-8,FALSE,17
peplin/pygatt,-7,FALSE,11
peplin/pygatt,-6,FALSE,10
peplin/pygatt,-5,FALSE,2
peplin/pygatt,-4,FALSE,30
peplin/pygatt,-3,FALSE,4
peplin/pygatt,-2,FALSE,5
peplin/pygatt,-1,FALSE,3
peplin/pygatt,0,FALSE,15
peplin/pygatt,1,FALSE,3
peplin/pygatt,2,FALSE,1
peplin/pygatt,3,FALSE,1
peplin/pygatt,4,FALSE,0
peplin/pygatt,5,FALSE,0
peplin/pygatt,6,FALSE,0
peplin/pygatt,7,FALSE,2
peplin/pygatt,8,FALSE,0
perrygeo/python-rasterstats,-12,FALSE,3
perrygeo/python-rasterstats,-11,FALSE,9
perrygeo/python-rasterstats,-10,FALSE,3
perrygeo/python-rasterstats,-9,FALSE,8
perrygeo/python-rasterstats,-8,FALSE,6
perrygeo/python-rasterstats,-7,FALSE,2
perrygeo/python-rasterstats,-6,FALSE,2
perrygeo/python-rasterstats,-5,FALSE,5
perrygeo/python-rasterstats,-4,FALSE,6
perrygeo/python-rasterstats,-3,FALSE,3
perrygeo/python-rasterstats,-2,FALSE,3
perrygeo/python-rasterstats,-1,FALSE,6
perrygeo/python-rasterstats,0,FALSE,3
perrygeo/python-rasterstats,1,FALSE,1
perrygeo/python-rasterstats,2,FALSE,1
perrygeo/python-rasterstats,3,FALSE,6
perrygeo/python-rasterstats,4,FALSE,9
perrygeo/python-rasterstats,5,FALSE,2
perrygeo/python-rasterstats,6,FALSE,0
perrygeo/python-rasterstats,7,FALSE,5
perrygeo/python-rasterstats,8,FALSE,0
peterbe/django-cache-memoize,-7,FALSE,3
peterbe/django-cache-memoize,-6,FALSE,1
peterbe/django-cache-memoize,-5,FALSE,11
peterbe/django-cache-memoize,-4,FALSE,4
peterbe/django-cache-memoize,-3,FALSE,3
peterbe/django-cache-memoize,-2,FALSE,2
peterbe/django-cache-memoize,-1,FALSE,5
peterbe/django-cache-memoize,0,FALSE,2
peterbe/django-cache-memoize,1,FALSE,4
peterbe/django-cache-memoize,2,FALSE,1
peterbe/django-cache-memoize,3,FALSE,1
peterbe/django-cache-memoize,4,FALSE,1
peterbe/django-cache-memoize,5,FALSE,1
peterbe/django-cache-memoize,6,FALSE,0
peterbe/django-cache-memoize,7,FALSE,3
peterbe/django-cache-memoize,8,FALSE,1
pexpect/pexpect,-15,FALSE,20
pexpect/pexpect,-14,FALSE,45
pexpect/pexpect,-13,FALSE,16
pexpect/pexpect,-12,FALSE,9
pexpect/pexpect,-11,FALSE,2
pexpect/pexpect,-10,FALSE,15
pexpect/pexpect,-9,FALSE,20
pexpect/pexpect,-8,FALSE,14
pexpect/pexpect,-7,FALSE,7
pexpect/pexpect,-6,FALSE,20
pexpect/pexpect,-5,FALSE,15
pexpect/pexpect,-4,FALSE,1
pexpect/pexpect,-3,FALSE,5
pexpect/pexpect,-2,FALSE,3
pexpect/pexpect,-1,FALSE,4
pexpect/pexpect,0,FALSE,7
pexpect/pexpect,1,FALSE,8
pexpect/pexpect,2,FALSE,6
pexpect/pexpect,3,FALSE,2
pexpect/pexpect,4,FALSE,5
pexpect/pexpect,5,FALSE,5
phonopy/phono3py,-6,FALSE,0
phonopy/phono3py,-5,FALSE,1
phonopy/phono3py,-4,FALSE,0
phonopy/phono3py,-3,FALSE,1
phonopy/phono3py,-2,FALSE,2
phonopy/phono3py,-1,FALSE,2
phonopy/phono3py,0,FALSE,1
phonopy/phono3py,1,FALSE,2
phonopy/phono3py,2,FALSE,1
phonopy/phono3py,3,FALSE,1
phonopy/phono3py,4,FALSE,6
phonopy/phono3py,5,FALSE,53
phonopy/phono3py,6,FALSE,11
phonopy/phono3py,7,FALSE,17
phonopy/phono3py,8,FALSE,11
phonopy/phono3py,9,FALSE,25
phonopy/phono3py,10,FALSE,50
phonopy/phono3py,11,FALSE,46
plangrid/flask-rebar,-8,TRUE,11
plangrid/flask-rebar,-7,TRUE,25
plangrid/flask-rebar,-6,TRUE,39
plangrid/flask-rebar,-5,TRUE,19
plangrid/flask-rebar,-4,TRUE,16
plangrid/flask-rebar,-3,TRUE,27
plangrid/flask-rebar,-2,TRUE,5
plangrid/flask-rebar,-1,TRUE,8
plangrid/flask-rebar,0,TRUE,7
plangrid/flask-rebar,1,TRUE,3
plangrid/flask-rebar,2,TRUE,8
plangrid/flask-rebar,3,TRUE,8
plangrid/flask-rebar,4,TRUE,8
plangrid/flask-rebar,5,TRUE,6
plangrid/flask-rebar,6,TRUE,0
plone/mockup,-11,FALSE,29
plone/mockup,-10,FALSE,73
plone/mockup,-9,FALSE,43
plone/mockup,-8,FALSE,21
plone/mockup,-7,FALSE,40
plone/mockup,-6,FALSE,28
plone/mockup,-5,FALSE,20
plone/mockup,-4,FALSE,14
plone/mockup,-3,FALSE,22
plone/mockup,-2,FALSE,7
plone/mockup,-1,FALSE,30
plone/mockup,0,FALSE,29
plone/mockup,1,FALSE,12
plone/mockup,2,FALSE,15
plone/mockup,3,FALSE,43
plone/mockup,4,FALSE,44
plone/mockup,5,FALSE,43
plone/mockup,6,FALSE,20
plone/mockup,7,FALSE,15
plone/mockup,8,FALSE,21
plone/mockup,9,FALSE,33
plone/plone.app.caching,-11,FALSE,4
plone/plone.app.caching,-10,FALSE,2
plone/plone.app.caching,-9,FALSE,5
plone/plone.app.caching,-8,FALSE,4
plone/plone.app.caching,-7,FALSE,6
plone/plone.app.caching,-6,FALSE,2
plone/plone.app.caching,-5,FALSE,3
plone/plone.app.caching,-4,FALSE,2
plone/plone.app.caching,-3,FALSE,2
plone/plone.app.caching,-2,FALSE,1
plone/plone.app.caching,-1,FALSE,3
plone/plone.app.caching,0,FALSE,9
plone/plone.app.caching,1,FALSE,8
plone/plone.app.caching,2,FALSE,5
plone/plone.app.caching,3,FALSE,7
plone/plone.app.caching,4,FALSE,3
plone/plone.app.caching,5,FALSE,16
plone/plone.app.caching,6,FALSE,1
plone/plone.app.caching,7,FALSE,3
plone/plone.app.caching,8,FALSE,2
plone/plone.app.caching,9,FALSE,4
plone/plone.staticresources,-7,FALSE,3
plone/plone.staticresources,-6,FALSE,24
plone/plone.staticresources,-5,FALSE,11
plone/plone.staticresources,-4,FALSE,16
plone/plone.staticresources,-3,FALSE,18
plone/plone.staticresources,-2,FALSE,16
plone/plone.staticresources,-1,FALSE,4
plone/plone.staticresources,0,FALSE,23
plone/plone.staticresources,1,FALSE,17
plone/plone.staticresources,2,FALSE,21
plone/plone.staticresources,3,FALSE,8
plone/plone.staticresources,4,FALSE,11
plone/plone.staticresources,5,FALSE,10
plone/plone.staticresources,6,FALSE,12
plone/plone.testing,-9,TRUE,1
plone/plone.testing,-8,TRUE,4
plone/plone.testing,-7,TRUE,6
plone/plone.testing,-6,TRUE,2
plone/plone.testing,-5,TRUE,7
plone/plone.testing,-4,TRUE,4
plone/plone.testing,-3,TRUE,6
plone/plone.testing,-2,TRUE,6
plone/plone.testing,-1,TRUE,3
plone/plone.testing,0,TRUE,4
plone/plone.testing,1,TRUE,2
plone/plone.testing,2,TRUE,1
plone/plone.testing,3,TRUE,2
plone/plone.testing,4,TRUE,0
plone/plone.testing,5,TRUE,0
plone/plone.testing,6,TRUE,0
plone/plone.testing,7,TRUE,1
plone/plone.testing,8,TRUE,2
plone/plone.testing,9,TRUE,1
plone/plone.testing,10,TRUE,2
plone/plone.testing,11,TRUE,2
plotly/dash,-14,FALSE,2
plotly/dash,-13,FALSE,1
plotly/dash,-12,FALSE,4
plotly/dash,-11,FALSE,0
plotly/dash,-10,FALSE,8
plotly/dash,-9,FALSE,25
plotly/dash,-8,FALSE,25
plotly/dash,-7,FALSE,69
plotly/dash,-6,FALSE,84
plotly/dash,-5,FALSE,94
plotly/dash,-4,FALSE,76
plotly/dash,-3,FALSE,63
plotly/dash,-2,FALSE,37
plotly/dash,-1,FALSE,54
plotly/dash,0,FALSE,86
plotly/dash,1,FALSE,65
plotly/dash,2,FALSE,71
plotly/dash,3,FALSE,37
plotly/dash,4,FALSE,73
plotly/dash,5,FALSE,61
plotly/dash,6,FALSE,94
popsim-consortium/stdpopsim,-5,FALSE,54
popsim-consortium/stdpopsim,-4,FALSE,112
popsim-consortium/stdpopsim,-3,FALSE,95
popsim-consortium/stdpopsim,-2,FALSE,59
popsim-consortium/stdpopsim,-1,FALSE,84
popsim-consortium/stdpopsim,0,FALSE,47
popsim-consortium/stdpopsim,1,FALSE,47
popsim-consortium/stdpopsim,2,FALSE,37
popsim-consortium/stdpopsim,3,FALSE,21
popsim-consortium/stdpopsim,4,FALSE,15
popsim-consortium/stdpopsim,5,FALSE,7
popsim-consortium/stdpopsim,6,FALSE,33
popsim-consortium/stdpopsim,7,FALSE,36
postlund/pyatv,-9,FALSE,57
postlund/pyatv,-8,FALSE,14
postlund/pyatv,-7,FALSE,13
postlund/pyatv,-6,FALSE,6
postlund/pyatv,-5,FALSE,2
postlund/pyatv,-4,FALSE,84
postlund/pyatv,-3,FALSE,180
postlund/pyatv,-2,FALSE,42
postlund/pyatv,-1,FALSE,100
postlund/pyatv,0,FALSE,92
postlund/pyatv,1,FALSE,21
postlund/pyatv,2,FALSE,8
postlund/pyatv,3,FALSE,46
postlund/pyatv,4,FALSE,41
postlund/pyatv,5,FALSE,10
postlund/pyatv,6,FALSE,24
postlund/pyatv,7,FALSE,10
pqzx/html2docx,-7,TRUE,0
pqzx/html2docx,-6,TRUE,0
pqzx/html2docx,-5,TRUE,0
pqzx/html2docx,-4,TRUE,0
pqzx/html2docx,-3,TRUE,4
pqzx/html2docx,-2,TRUE,6
pqzx/html2docx,-1,TRUE,2
pqzx/html2docx,0,TRUE,1
pqzx/html2docx,1,TRUE,3
pqzx/html2docx,2,TRUE,4
pqzx/html2docx,3,TRUE,0
pqzx/html2docx,4,TRUE,3
pqzx/html2docx,5,TRUE,0
prestodb/presto-python-client,-6,TRUE,14
prestodb/presto-python-client,-5,TRUE,16
prestodb/presto-python-client,-4,TRUE,3
prestodb/presto-python-client,-3,TRUE,3
prestodb/presto-python-client,-2,TRUE,5
prestodb/presto-python-client,-1,TRUE,3
prestodb/presto-python-client,0,TRUE,3
prestodb/presto-python-client,1,TRUE,1
prestodb/presto-python-client,2,TRUE,1
prestodb/presto-python-client,3,TRUE,4
prestodb/presto-python-client,4,TRUE,0
prestodb/presto-python-client,5,TRUE,3
prestodb/presto-python-client,6,TRUE,4
prestodb/presto-python-client,7,TRUE,5
prestodb/presto-python-client,8,TRUE,0
prestodb/presto-python-client,9,TRUE,0
prestodb/presto-python-client,10,TRUE,0
projectfluent/python-fluent,-6,TRUE,14
projectfluent/python-fluent,-5,TRUE,15
projectfluent/python-fluent,-4,TRUE,27
projectfluent/python-fluent,-3,TRUE,7
projectfluent/python-fluent,-2,TRUE,25
projectfluent/python-fluent,-1,TRUE,7
projectfluent/python-fluent,0,TRUE,14
projectfluent/python-fluent,1,TRUE,5
projectfluent/python-fluent,2,TRUE,2
projectfluent/python-fluent,3,TRUE,0
projectfluent/python-fluent,4,TRUE,0
projectfluent/python-fluent,5,TRUE,0
projectfluent/python-fluent,6,TRUE,5
projectfluent/python-fluent,7,TRUE,6
projectfluent/python-fluent,8,TRUE,7
projectfluent/python-fluent,9,TRUE,0
projectfluent/python-fluent,10,TRUE,2
prompt-toolkit/ptpython,-14,FALSE,10
prompt-toolkit/ptpython,-13,FALSE,6
prompt-toolkit/ptpython,-12,FALSE,7
prompt-toolkit/ptpython,-11,FALSE,3
prompt-toolkit/ptpython,-10,FALSE,6
prompt-toolkit/ptpython,-9,FALSE,8
prompt-toolkit/ptpython,-8,FALSE,7
prompt-toolkit/ptpython,-7,FALSE,7
prompt-toolkit/ptpython,-6,FALSE,8
prompt-toolkit/ptpython,-5,FALSE,9
prompt-toolkit/ptpython,-4,FALSE,11
prompt-toolkit/ptpython,-3,FALSE,28
prompt-toolkit/ptpython,-2,FALSE,33
prompt-toolkit/ptpython,-1,FALSE,6
prompt-toolkit/ptpython,0,FALSE,3
prompt-toolkit/ptpython,1,FALSE,7
prompt-toolkit/ptpython,2,FALSE,5
prompt-toolkit/ptpython,3,FALSE,6
prompt-toolkit/ptpython,4,FALSE,9
prompt-toolkit/ptpython,5,FALSE,5
prompt-toolkit/ptpython,6,FALSE,8
proplot-dev/proplot,-5,FALSE,2
proplot-dev/proplot,-4,FALSE,22
proplot-dev/proplot,-3,FALSE,45
proplot-dev/proplot,-2,FALSE,6
proplot-dev/proplot,-1,FALSE,3
proplot-dev/proplot,0,FALSE,7
proplot-dev/proplot,1,FALSE,9
proplot-dev/proplot,2,FALSE,2
proplot-dev/proplot,3,FALSE,5
proplot-dev/proplot,4,FALSE,4
proplot-dev/proplot,5,FALSE,1
proplot-dev/proplot,6,FALSE,2
proplot-dev/proplot,7,FALSE,0
prschmid/zoomus,-11,FALSE,0
prschmid/zoomus,-10,FALSE,1
prschmid/zoomus,-9,FALSE,1
prschmid/zoomus,-8,FALSE,0
prschmid/zoomus,-7,FALSE,0
prschmid/zoomus,-6,FALSE,1
prschmid/zoomus,-5,FALSE,1
prschmid/zoomus,-4,FALSE,4
prschmid/zoomus,-3,FALSE,29
prschmid/zoomus,-2,FALSE,6
prschmid/zoomus,-1,FALSE,13
prschmid/zoomus,0,FALSE,1
prschmid/zoomus,1,FALSE,4
prschmid/zoomus,2,FALSE,1
prschmid/zoomus,3,FALSE,5
prschmid/zoomus,4,FALSE,7
prschmid/zoomus,5,FALSE,0
prschmid/zoomus,6,FALSE,1
prschmid/zoomus,7,FALSE,0
pschmitt/pynuki,-8,FALSE,0
pschmitt/pynuki,-7,FALSE,0
pschmitt/pynuki,-6,FALSE,0
pschmitt/pynuki,-5,FALSE,3
pschmitt/pynuki,-4,FALSE,0
pschmitt/pynuki,-3,FALSE,1
pschmitt/pynuki,-2,FALSE,6
pschmitt/pynuki,-1,FALSE,5
pschmitt/pynuki,0,FALSE,2
pschmitt/pynuki,1,FALSE,2
pschmitt/pynuki,2,FALSE,2
pschmitt/pynuki,3,FALSE,1
pschmitt/pynuki,4,FALSE,1
pschmitt/pynuki,5,FALSE,1
pschmitt/pynuki,6,FALSE,2
pschmitt/pynuki,7,FALSE,0
pschmitt/pynuki,8,FALSE,0
psychrometrics/psychrolib,-9,TRUE,1
psychrometrics/psychrolib,-8,TRUE,0
psychrometrics/psychrolib,-7,TRUE,0
psychrometrics/psychrolib,-6,TRUE,1
psychrometrics/psychrolib,-5,TRUE,13
psychrometrics/psychrolib,-4,TRUE,9
psychrometrics/psychrolib,-3,TRUE,9
psychrometrics/psychrolib,-2,TRUE,0
psychrometrics/psychrolib,-1,TRUE,4
psychrometrics/psychrolib,0,TRUE,4
psychrometrics/psychrolib,1,TRUE,0
psychrometrics/psychrolib,2,TRUE,1
psychrometrics/psychrolib,3,TRUE,0
psychrometrics/psychrolib,4,TRUE,0
psychrometrics/psychrolib,5,TRUE,0
psychrometrics/psychrolib,6,TRUE,2
psychrometrics/psychrolib,7,TRUE,0
pulp/pulp_rpm,-9,FALSE,85
pulp/pulp_rpm,-8,FALSE,54
pulp/pulp_rpm,-7,FALSE,168
pulp/pulp_rpm,-6,FALSE,84
pulp/pulp_rpm,-5,FALSE,49
pulp/pulp_rpm,-4,FALSE,16
pulp/pulp_rpm,-3,FALSE,50
pulp/pulp_rpm,-2,FALSE,107
pulp/pulp_rpm,-1,FALSE,133
pulp/pulp_rpm,0,FALSE,186
pulp/pulp_rpm,1,FALSE,172
pulp/pulp_rpm,2,FALSE,131
pulp/pulp_rpm,3,FALSE,112
pulp/pulp_rpm,4,FALSE,122
pulp/pulp_rpm,5,FALSE,89
pulp/pulp_rpm,6,FALSE,68
pulp/pulp_rpm,7,FALSE,91
pulp/pulp_rpm,8,FALSE,47
pulp/pulp_rpm,9,FALSE,46
pulp/pulp_rpm,10,FALSE,31
pulp/pulp_rpm,11,FALSE,22
pulp/pulpcore,-7,FALSE,0
pulp/pulpcore,-6,FALSE,195
pulp/pulpcore,-5,FALSE,239
pulp/pulpcore,-4,FALSE,257
pulp/pulpcore,-3,FALSE,257
pulp/pulpcore,-2,FALSE,299
pulp/pulpcore,-1,FALSE,213
pulp/pulpcore,0,FALSE,318
pulp/pulpcore,1,FALSE,135
pulp/pulpcore,2,FALSE,144
pulp/pulpcore,3,FALSE,190
pulp/pulpcore,4,FALSE,148
pulp/pulpcore,5,FALSE,160
pulp/pulpcore,6,FALSE,138
pulumi/pulumi-aws,-9,FALSE,0
pulumi/pulumi-aws,-8,FALSE,6
pulumi/pulumi-aws,-7,FALSE,114
pulumi/pulumi-aws,-6,FALSE,156
pulumi/pulumi-aws,-5,FALSE,121
pulumi/pulumi-aws,-4,FALSE,87
pulumi/pulumi-aws,-3,FALSE,105
pulumi/pulumi-aws,-2,FALSE,74
pulumi/pulumi-aws,-1,FALSE,48
pulumi/pulumi-aws,0,FALSE,62
pulumi/pulumi-aws,1,FALSE,57
pulumi/pulumi-aws,2,FALSE,71
pulumi/pulumi-aws,3,FALSE,143
pulumi/pulumi-aws,4,FALSE,158
pulumi/pulumi-aws,5,FALSE,127
pulumi/pulumi-aws,6,FALSE,83
pulumi/pulumi-gcp,-6,FALSE,0
pulumi/pulumi-gcp,-5,FALSE,2
pulumi/pulumi-gcp,-4,FALSE,31
pulumi/pulumi-gcp,-3,FALSE,53
pulumi/pulumi-gcp,-2,FALSE,68
pulumi/pulumi-gcp,-1,FALSE,65
pulumi/pulumi-gcp,0,FALSE,54
pulumi/pulumi-gcp,1,FALSE,39
pulumi/pulumi-gcp,2,FALSE,35
pulumi/pulumi-gcp,3,FALSE,32
pulumi/pulumi-gcp,4,FALSE,29
pulumi/pulumi-gcp,5,FALSE,33
pulumi/pulumi-gcp,6,FALSE,58
pulumi/pulumi-gcp,7,FALSE,75
pulumi/pulumi-gcp,8,FALSE,63
pulumi/pulumi-gcp,9,FALSE,38
pulumi/pulumi-hcloud,-5,FALSE,0
pulumi/pulumi-hcloud,-4,FALSE,21
pulumi/pulumi-hcloud,-3,FALSE,19
pulumi/pulumi-hcloud,-2,FALSE,8
pulumi/pulumi-hcloud,-1,FALSE,9
pulumi/pulumi-hcloud,0,FALSE,2
pulumi/pulumi-hcloud,1,FALSE,13
pulumi/pulumi-hcloud,2,FALSE,13
pulumi/pulumi-hcloud,3,FALSE,7
pulumi/pulumi-hcloud,4,FALSE,4
pulumi/pulumi-hcloud,5,FALSE,1
pulumi/pulumi-kubernetes,-7,FALSE,2
pulumi/pulumi-kubernetes,-6,FALSE,82
pulumi/pulumi-kubernetes,-5,FALSE,142
pulumi/pulumi-kubernetes,-4,FALSE,165
pulumi/pulumi-kubernetes,-3,FALSE,108
pulumi/pulumi-kubernetes,-2,FALSE,124
pulumi/pulumi-kubernetes,-1,FALSE,94
pulumi/pulumi-kubernetes,0,FALSE,76
pulumi/pulumi-kubernetes,1,FALSE,72
pulumi/pulumi-kubernetes,2,FALSE,74
pulumi/pulumi-kubernetes,3,FALSE,65
pulumi/pulumi-kubernetes,4,FALSE,88
pulumi/pulumi-kubernetes,5,FALSE,80
pulumi/pulumi-kubernetes,6,FALSE,66
pulumi/pulumi-kubernetes,7,FALSE,33
py-pa/django-minio-storage,-8,FALSE,0
py-pa/django-minio-storage,-7,FALSE,3
py-pa/django-minio-storage,-6,FALSE,14
py-pa/django-minio-storage,-5,FALSE,7
py-pa/django-minio-storage,-4,FALSE,4
py-pa/django-minio-storage,-3,FALSE,2
py-pa/django-minio-storage,-2,FALSE,3
py-pa/django-minio-storage,-1,FALSE,4
py-pa/django-minio-storage,0,FALSE,0
py-pa/django-minio-storage,1,FALSE,8
py-pa/django-minio-storage,2,FALSE,0
py-pa/django-minio-storage,3,FALSE,0
py-pa/django-minio-storage,4,FALSE,1
py-pa/django-minio-storage,5,FALSE,0
py-pa/django-minio-storage,6,FALSE,7
py-pa/django-minio-storage,7,FALSE,3
py-pa/django-minio-storage,8,FALSE,2
py-pa/django-minio-storage,9,FALSE,0
py-pa/django-minio-storage,10,FALSE,12
pybind/pybind11,-8,FALSE,38
pybind/pybind11,-7,FALSE,174
pybind/pybind11,-6,FALSE,181
pybind/pybind11,-5,FALSE,127
pybind/pybind11,-4,FALSE,73
pybind/pybind11,-3,FALSE,57
pybind/pybind11,-2,FALSE,41
pybind/pybind11,-1,FALSE,70
pybind/pybind11,0,FALSE,70
pybind/pybind11,1,FALSE,269
pybind/pybind11,2,FALSE,148
pybind/pybind11,3,FALSE,167
pybind/pybind11,4,FALSE,202
pybind/pybind11,5,FALSE,161
pybind/pybind11,6,FALSE,96
pybind/pybind11,7,FALSE,112
pybind/pybind11,8,FALSE,77
pybind/pybind11,9,FALSE,129
pybind/pybind11,10,FALSE,132
pycaret/pycaret,-5,FALSE,5
pycaret/pycaret,-4,FALSE,46
pycaret/pycaret,-3,FALSE,240
pycaret/pycaret,-2,FALSE,79
pycaret/pycaret,-1,FALSE,115
pycaret/pycaret,0,FALSE,162
pycaret/pycaret,1,FALSE,90
pycaret/pycaret,2,FALSE,99
pycaret/pycaret,3,FALSE,55
pycaret/pycaret,4,FALSE,21
pycaret/pycaret,5,FALSE,20
pycaret/pycaret,6,FALSE,16
pydicom/pynetdicom,-5,FALSE,1
pydicom/pynetdicom,-4,FALSE,13
pydicom/pynetdicom,-3,FALSE,46
pydicom/pynetdicom,-2,FALSE,41
pydicom/pynetdicom,-1,FALSE,45
pydicom/pynetdicom,0,FALSE,33
pydicom/pynetdicom,1,FALSE,38
pydicom/pynetdicom,2,FALSE,22
pydicom/pynetdicom,3,FALSE,30
pydicom/pynetdicom,4,FALSE,28
pydicom/pynetdicom,5,FALSE,16
pydicom/pynetdicom,6,FALSE,3
pydicom/pynetdicom,7,FALSE,12
pydicom/pynetdicom,8,FALSE,21
pydicom/pynetdicom,9,FALSE,5
pydicom/pynetdicom,10,FALSE,14
pydicom/pynetdicom,11,FALSE,25
pyecharts/pyecharts,-8,FALSE,83
pyecharts/pyecharts,-7,FALSE,99
pyecharts/pyecharts,-6,FALSE,58
pyecharts/pyecharts,-5,FALSE,87
pyecharts/pyecharts,-4,FALSE,51
pyecharts/pyecharts,-3,FALSE,18
pyecharts/pyecharts,-2,FALSE,10
pyecharts/pyecharts,-1,FALSE,3
pyecharts/pyecharts,0,FALSE,7
pyecharts/pyecharts,1,FALSE,5
pyecharts/pyecharts,2,FALSE,4
pyecharts/pyecharts,3,FALSE,11
pyecharts/pyecharts,4,FALSE,4
pyecharts/pyecharts,5,FALSE,10
pyecharts/pyecharts,6,FALSE,8
pyecharts/pyecharts,7,FALSE,10
pyexcel/pyexcel-xlsx,-10,TRUE,1
pyexcel/pyexcel-xlsx,-9,TRUE,4
pyexcel/pyexcel-xlsx,-8,TRUE,0
pyexcel/pyexcel-xlsx,-7,TRUE,2
pyexcel/pyexcel-xlsx,-6,TRUE,0
pyexcel/pyexcel-xlsx,-5,TRUE,1
pyexcel/pyexcel-xlsx,-4,TRUE,0
pyexcel/pyexcel-xlsx,-3,TRUE,2
pyexcel/pyexcel-xlsx,-2,TRUE,2
pyexcel/pyexcel-xlsx,-1,TRUE,0
pyexcel/pyexcel-xlsx,0,TRUE,4
pyexcel/pyexcel-xlsx,1,TRUE,0
pyexcel/pyexcel-xlsx,2,TRUE,0
pyexcel/pyexcel-xlsx,3,TRUE,0
pyexcel/pyexcel-xlsx,4,TRUE,1
pyexcel/pyexcel-xlsx,5,TRUE,1
pyexcel/pyexcel-xlsx,6,TRUE,0
pyexcel/pyexcel-xlsx,7,TRUE,0
pyexcel/pyexcel-xlsx,8,TRUE,0
pyexcel/pyexcel-xlsx,9,TRUE,1
pyiron/pyiron,-6,FALSE,33
pyiron/pyiron,-5,FALSE,186
pyiron/pyiron,-4,FALSE,208
pyiron/pyiron,-3,FALSE,193
pyiron/pyiron,-2,FALSE,340
pyiron/pyiron,-1,FALSE,29
pyiron/pyiron,0,FALSE,8
pyiron/pyiron,1,FALSE,4
pyiron/pyiron,2,FALSE,5
pyiron/pyiron,3,FALSE,32
pyiron/pyiron,4,FALSE,11
pyiron/pyiron,5,FALSE,18
pyiron/pyiron,6,FALSE,5
pyiron/pyiron,7,FALSE,6
pylessard/python-udsoncan,-8,FALSE,0
pylessard/python-udsoncan,-7,FALSE,5
pylessard/python-udsoncan,-6,FALSE,5
pylessard/python-udsoncan,-5,FALSE,2
pylessard/python-udsoncan,-4,FALSE,3
pylessard/python-udsoncan,-3,FALSE,5
pylessard/python-udsoncan,-2,FALSE,6
pylessard/python-udsoncan,-1,FALSE,2
pylessard/python-udsoncan,0,FALSE,5
pylessard/python-udsoncan,1,FALSE,4
pylessard/python-udsoncan,2,FALSE,8
pylessard/python-udsoncan,3,FALSE,6
pylessard/python-udsoncan,4,FALSE,23
pylessard/python-udsoncan,5,FALSE,3
pylessard/python-udsoncan,6,FALSE,11
pympler/pympler,-12,TRUE,0
pympler/pympler,-11,TRUE,1
pympler/pympler,-10,TRUE,5
pympler/pympler,-9,TRUE,1
pympler/pympler,-8,TRUE,3
pympler/pympler,-7,TRUE,2
pympler/pympler,-6,TRUE,2
pympler/pympler,-5,TRUE,5
pympler/pympler,-4,TRUE,10
pympler/pympler,-3,TRUE,1
pympler/pympler,-2,TRUE,3
pympler/pympler,-1,TRUE,3
pympler/pympler,0,TRUE,3
pympler/pympler,1,TRUE,2
pympler/pympler,2,TRUE,6
pympler/pympler,3,TRUE,1
pympler/pympler,4,TRUE,0
pympler/pympler,5,TRUE,2
pympler/pympler,6,TRUE,0
pympler/pympler,7,TRUE,2
pympler/pympler,8,TRUE,1
pypa/trove-classifiers,-5,FALSE,19
pypa/trove-classifiers,-4,FALSE,16
pypa/trove-classifiers,-3,FALSE,6
pypa/trove-classifiers,-2,FALSE,10
pypa/trove-classifiers,-1,FALSE,14
pypa/trove-classifiers,0,FALSE,8
pypa/trove-classifiers,1,FALSE,18
pypa/trove-classifiers,2,FALSE,13
pypa/trove-classifiers,3,FALSE,10
pypa/trove-classifiers,4,FALSE,12
pypa/trove-classifiers,5,FALSE,15
pypa/wheel,-8,FALSE,8
pypa/wheel,-7,FALSE,11
pypa/wheel,-6,FALSE,18
pypa/wheel,-5,FALSE,8
pypa/wheel,-4,FALSE,12
pypa/wheel,-3,FALSE,14
pypa/wheel,-2,FALSE,13
pypa/wheel,-1,FALSE,4
pypa/wheel,0,FALSE,12
pypa/wheel,1,FALSE,6
pypa/wheel,2,FALSE,14
pypa/wheel,3,FALSE,15
pypa/wheel,4,FALSE,17
pypa/wheel,5,FALSE,13
pypa/wheel,6,FALSE,5
pypa/wheel,7,FALSE,5
pyradius/pyrad,-13,TRUE,4
pyradius/pyrad,-12,TRUE,1
pyradius/pyrad,-11,TRUE,1
pyradius/pyrad,-10,TRUE,0
pyradius/pyrad,-9,TRUE,6
pyradius/pyrad,-8,TRUE,9
pyradius/pyrad,-7,TRUE,3
pyradius/pyrad,-6,TRUE,13
pyradius/pyrad,-5,TRUE,2
pyradius/pyrad,-4,TRUE,7
pyradius/pyrad,-3,TRUE,7
pyradius/pyrad,-2,TRUE,2
pyradius/pyrad,-1,TRUE,3
pyradius/pyrad,0,TRUE,4
pyradius/pyrad,1,TRUE,3
pyradius/pyrad,2,TRUE,1
pyradius/pyrad,3,TRUE,1
pyradius/pyrad,4,TRUE,1
pyradius/pyrad,5,TRUE,2
pyradius/pyrad,6,TRUE,3
pyradius/pyrad,7,TRUE,3
pysal/mapclassify,-6,FALSE,3
pysal/mapclassify,-5,FALSE,3
pysal/mapclassify,-4,FALSE,1
pysal/mapclassify,-3,FALSE,11
pysal/mapclassify,-2,FALSE,13
pysal/mapclassify,-1,FALSE,9
pysal/mapclassify,0,FALSE,17
pysal/mapclassify,1,FALSE,13
pysal/mapclassify,2,FALSE,3
pysal/mapclassify,3,FALSE,6
pysal/mapclassify,4,FALSE,5
pysal/mapclassify,5,FALSE,13
pysal/mapclassify,6,FALSE,9
pysal/mapclassify,7,FALSE,9
pysal/mapclassify,8,FALSE,9
pysal/mapclassify,9,FALSE,6
pysal/mapclassify,10,FALSE,8
pytest-dev/pytest-asyncio,-13,FALSE,4
pytest-dev/pytest-asyncio,-12,FALSE,5
pytest-dev/pytest-asyncio,-11,FALSE,5
pytest-dev/pytest-asyncio,-10,FALSE,2
pytest-dev/pytest-asyncio,-9,FALSE,5
pytest-dev/pytest-asyncio,-8,FALSE,5
pytest-dev/pytest-asyncio,-7,FALSE,1
pytest-dev/pytest-asyncio,-6,FALSE,4
pytest-dev/pytest-asyncio,-5,FALSE,8
pytest-dev/pytest-asyncio,-4,FALSE,4
pytest-dev/pytest-asyncio,-3,FALSE,16
pytest-dev/pytest-asyncio,-2,FALSE,4
pytest-dev/pytest-asyncio,-1,FALSE,3
pytest-dev/pytest-asyncio,0,FALSE,5
pytest-dev/pytest-asyncio,1,FALSE,45
pytest-dev/pytest-asyncio,2,FALSE,20
pytest-dev/pytest-asyncio,3,FALSE,11
pytest-dev/pytest-asyncio,4,FALSE,35
pytest-dev/pytest-asyncio,5,FALSE,16
pytest-dev/pytest-asyncio,6,FALSE,31
pytest-dev/pytest-asyncio,7,FALSE,16
pytest-dev/pytest-rerunfailures,-13,FALSE,0
pytest-dev/pytest-rerunfailures,-12,FALSE,1
pytest-dev/pytest-rerunfailures,-11,FALSE,4
pytest-dev/pytest-rerunfailures,-10,FALSE,4
pytest-dev/pytest-rerunfailures,-9,FALSE,2
pytest-dev/pytest-rerunfailures,-8,FALSE,3
pytest-dev/pytest-rerunfailures,-7,FALSE,3
pytest-dev/pytest-rerunfailures,-6,FALSE,10
pytest-dev/pytest-rerunfailures,-5,FALSE,9
pytest-dev/pytest-rerunfailures,-4,FALSE,4
pytest-dev/pytest-rerunfailures,-3,FALSE,4
pytest-dev/pytest-rerunfailures,-2,FALSE,24
pytest-dev/pytest-rerunfailures,-1,FALSE,6
pytest-dev/pytest-rerunfailures,0,FALSE,3
pytest-dev/pytest-rerunfailures,1,FALSE,4
pytest-dev/pytest-rerunfailures,2,FALSE,1
pytest-dev/pytest-rerunfailures,3,FALSE,15
pytest-dev/pytest-rerunfailures,4,FALSE,8
pytest-dev/pytest-rerunfailures,5,FALSE,11
pytest-dev/pytest-rerunfailures,6,FALSE,5
pytest-dev/pytest-rerunfailures,7,FALSE,4
pytest-dev/pytest-services,-10,FALSE,2
pytest-dev/pytest-services,-9,FALSE,0
pytest-dev/pytest-services,-8,FALSE,2
pytest-dev/pytest-services,-7,FALSE,4
pytest-dev/pytest-services,-6,FALSE,0
pytest-dev/pytest-services,-5,FALSE,1
pytest-dev/pytest-services,-4,FALSE,3
pytest-dev/pytest-services,-3,FALSE,0
pytest-dev/pytest-services,-2,FALSE,4
pytest-dev/pytest-services,-1,FALSE,2
pytest-dev/pytest-services,0,FALSE,3
pytest-dev/pytest-services,1,FALSE,0
pytest-dev/pytest-services,2,FALSE,0
pytest-dev/pytest-services,3,FALSE,0
pytest-dev/pytest-services,4,FALSE,1
pytest-dev/pytest-services,5,FALSE,0
pytest-dev/pytest-services,6,FALSE,0
pytest-dev/pytest-services,7,FALSE,1
pytest-dev/pytest-services,8,FALSE,0
pytest-dev/pytest-services,9,FALSE,0
pytest-dev/pytest-subtests,-7,FALSE,6
pytest-dev/pytest-subtests,-6,FALSE,0
pytest-dev/pytest-subtests,-5,FALSE,7
pytest-dev/pytest-subtests,-4,FALSE,3
pytest-dev/pytest-subtests,-3,FALSE,3
pytest-dev/pytest-subtests,-2,FALSE,0
pytest-dev/pytest-subtests,-1,FALSE,3
pytest-dev/pytest-subtests,0,FALSE,3
pytest-dev/pytest-subtests,1,FALSE,11
pytest-dev/pytest-subtests,2,FALSE,4
pytest-dev/pytest-subtests,3,FALSE,6
pytest-dev/pytest-subtests,4,FALSE,13
pytest-dev/pytest-subtests,5,FALSE,3
python-greenlet/greenlet,-12,FALSE,13
python-greenlet/greenlet,-11,FALSE,4
python-greenlet/greenlet,-10,FALSE,1
python-greenlet/greenlet,-9,FALSE,1
python-greenlet/greenlet,-8,FALSE,0
python-greenlet/greenlet,-7,FALSE,2
python-greenlet/greenlet,-6,FALSE,5
python-greenlet/greenlet,-5,FALSE,3
python-greenlet/greenlet,-4,FALSE,1
python-greenlet/greenlet,-3,FALSE,4
python-greenlet/greenlet,-2,FALSE,10
python-greenlet/greenlet,-1,FALSE,22
python-greenlet/greenlet,0,FALSE,5
python-greenlet/greenlet,1,FALSE,15
python-greenlet/greenlet,2,FALSE,8
python-greenlet/greenlet,3,FALSE,10
python-greenlet/greenlet,4,FALSE,12
python-greenlet/greenlet,5,FALSE,2
python-greenlet/greenlet,6,FALSE,6
python-greenlet/greenlet,7,FALSE,10
python-greenlet/greenlet,8,FALSE,6
python-kasa/python-kasa,-5,FALSE,2
python-kasa/python-kasa,-4,FALSE,49
python-kasa/python-kasa,-3,FALSE,15
python-kasa/python-kasa,-2,FALSE,15
python-kasa/python-kasa,-1,FALSE,43
python-kasa/python-kasa,0,FALSE,40
python-kasa/python-kasa,1,FALSE,22
python-kasa/python-kasa,2,FALSE,20
python-kasa/python-kasa,3,FALSE,74
python-kasa/python-kasa,4,FALSE,308
python-kasa/python-kasa,5,FALSE,273
python-kasa/python-kasa,6,FALSE,78
python-openapi/openapi-core,-8,FALSE,10
python-openapi/openapi-core,-7,FALSE,18
python-openapi/openapi-core,-6,FALSE,30
python-openapi/openapi-core,-5,FALSE,25
python-openapi/openapi-core,-4,FALSE,16
python-openapi/openapi-core,-3,FALSE,39
python-openapi/openapi-core,-2,FALSE,4
python-openapi/openapi-core,-1,FALSE,58
python-openapi/openapi-core,0,FALSE,6
python-openapi/openapi-core,1,FALSE,9
python-openapi/openapi-core,2,FALSE,33
python-openapi/openapi-core,3,FALSE,57
python-openapi/openapi-core,4,FALSE,43
python-openapi/openapi-core,5,FALSE,19
python-openapi/openapi-core,6,FALSE,9
python-openapi/openapi-core,7,FALSE,6
python-rope/rope,-13,FALSE,7
python-rope/rope,-12,FALSE,8
python-rope/rope,-11,FALSE,19
python-rope/rope,-10,FALSE,15
python-rope/rope,-9,FALSE,6
python-rope/rope,-8,FALSE,5
python-rope/rope,-7,FALSE,4
python-rope/rope,-6,FALSE,2
python-rope/rope,-5,FALSE,8
python-rope/rope,-4,FALSE,2
python-rope/rope,-3,FALSE,8
python-rope/rope,-2,FALSE,13
python-rope/rope,-1,FALSE,20
python-rope/rope,0,FALSE,36
python-rope/rope,1,FALSE,19
python-rope/rope,2,FALSE,69
python-rope/rope,3,FALSE,34
python-rope/rope,4,FALSE,13
python-rope/rope,5,FALSE,16
python-rope/rope,6,FALSE,6
python-rope/rope,7,FALSE,3
python-trio/trio-websocket,-6,FALSE,42
python-trio/trio-websocket,-5,FALSE,15
python-trio/trio-websocket,-4,FALSE,2
python-trio/trio-websocket,-3,FALSE,3
python-trio/trio-websocket,-2,FALSE,8
python-trio/trio-websocket,-1,FALSE,3
python-trio/trio-websocket,0,FALSE,0
python-trio/trio-websocket,1,FALSE,1
python-trio/trio-websocket,2,FALSE,0
python-trio/trio-websocket,3,FALSE,2
python-trio/trio-websocket,4,FALSE,3
python-trio/trio-websocket,5,FALSE,2
python-trio/trio-websocket,6,FALSE,1
python-trio/trio-websocket,7,FALSE,2
python/cherry-picker,-7,FALSE,0
python/cherry-picker,-6,FALSE,5
python/cherry-picker,-5,FALSE,2
python/cherry-picker,-4,FALSE,0
python/cherry-picker,-3,FALSE,0
python/cherry-picker,-2,FALSE,6
python/cherry-picker,-1,FALSE,16
python/cherry-picker,0,FALSE,4
python/cherry-picker,1,FALSE,8
python/cherry-picker,2,FALSE,4
python/cherry-picker,3,FALSE,12
python/cherry-picker,4,FALSE,16
python/cherry-picker,5,FALSE,17
python/cherry-picker,6,FALSE,4
pytorch/vision,-5,FALSE,96
pytorch/vision,-4,FALSE,97
pytorch/vision,-3,FALSE,70
pytorch/vision,-2,FALSE,68
pytorch/vision,-1,FALSE,229
pytorch/vision,0,FALSE,352
pytorch/vision,1,FALSE,359
pytorch/vision,2,FALSE,506
pytorch/vision,3,FALSE,569
pytorch/vision,4,FALSE,455
pytorch/vision,5,FALSE,632
pytorch/vision,6,FALSE,499
pytorch/vision,7,FALSE,398
pytorch/vision,8,FALSE,262
pytorch/vision,9,FALSE,166
pytorch/vision,10,FALSE,146
pytorch/vision,11,FALSE,120
pyvisa/pyvisa-py,-13,FALSE,15
pyvisa/pyvisa-py,-12,FALSE,12
pyvisa/pyvisa-py,-11,FALSE,1
pyvisa/pyvisa-py,-10,FALSE,2
pyvisa/pyvisa-py,-9,FALSE,2
pyvisa/pyvisa-py,-8,FALSE,12
pyvisa/pyvisa-py,-7,FALSE,7
pyvisa/pyvisa-py,-6,FALSE,12
pyvisa/pyvisa-py,-5,FALSE,6
pyvisa/pyvisa-py,-4,FALSE,12
pyvisa/pyvisa-py,-3,FALSE,9
pyvisa/pyvisa-py,-2,FALSE,14
pyvisa/pyvisa-py,-1,FALSE,5
pyvisa/pyvisa-py,0,FALSE,1
pyvisa/pyvisa-py,1,FALSE,5
pyvisa/pyvisa-py,2,FALSE,6
pyvisa/pyvisa-py,3,FALSE,11
pyvisa/pyvisa-py,4,FALSE,7
pyvisa/pyvisa-py,5,FALSE,6
pyvisa/pyvisa-py,6,FALSE,9
pyvisa/pyvisa-py,7,FALSE,3
pyxem/pyxem,-7,FALSE,21
pyxem/pyxem,-6,FALSE,88
pyxem/pyxem,-5,FALSE,92
pyxem/pyxem,-4,FALSE,71
pyxem/pyxem,-3,FALSE,67
pyxem/pyxem,-2,FALSE,57
pyxem/pyxem,-1,FALSE,45
pyxem/pyxem,0,FALSE,49
pyxem/pyxem,1,FALSE,3
pyxem/pyxem,2,FALSE,45
pyxem/pyxem,3,FALSE,8
pyxem/pyxem,4,FALSE,29
pyxem/pyxem,5,FALSE,22
pyxem/pyxem,6,FALSE,64
pyxem/pyxem,7,FALSE,16
pyxem/pyxem,8,FALSE,4
qix-/better-exceptions,-7,FALSE,16
qix-/better-exceptions,-6,FALSE,6
qix-/better-exceptions,-5,FALSE,0
qix-/better-exceptions,-4,FALSE,1
qix-/better-exceptions,-3,FALSE,16
qix-/better-exceptions,-2,FALSE,6
qix-/better-exceptions,-1,FALSE,1
qix-/better-exceptions,0,FALSE,6
qix-/better-exceptions,1,FALSE,0
qix-/better-exceptions,2,FALSE,1
qix-/better-exceptions,3,FALSE,0
qix-/better-exceptions,4,FALSE,2
qix-/better-exceptions,5,FALSE,1
qix-/better-exceptions,6,FALSE,0
qix-/better-exceptions,7,FALSE,0
qix-/better-exceptions,8,FALSE,0
qix-/better-exceptions,9,FALSE,1
qmk/qmk_cli,-5,TRUE,0
qmk/qmk_cli,-4,TRUE,6
qmk/qmk_cli,-3,TRUE,13
qmk/qmk_cli,-2,TRUE,11
qmk/qmk_cli,-1,TRUE,13
qmk/qmk_cli,0,TRUE,9
qmk/qmk_cli,1,TRUE,7
qmk/qmk_cli,2,TRUE,1
qmk/qmk_cli,3,TRUE,7
qmk/qmk_cli,4,TRUE,4
qmk/qmk_cli,5,TRUE,2
qmk/qmk_cli,6,TRUE,8
qmk/qmk_cli,7,TRUE,4
quantopian/trading_calendars,-6,TRUE,3
quantopian/trading_calendars,-5,TRUE,27
quantopian/trading_calendars,-4,TRUE,7
quantopian/trading_calendars,-3,TRUE,38
quantopian/trading_calendars,-2,TRUE,19
quantopian/trading_calendars,-1,TRUE,34
quantopian/trading_calendars,0,TRUE,6
quantopian/trading_calendars,1,TRUE,2
quantopian/trading_calendars,2,TRUE,0
quantopian/trading_calendars,3,TRUE,1
quantopian/trading_calendars,4,TRUE,1
quantopian/trading_calendars,5,TRUE,1
quantopian/trading_calendars,6,TRUE,0
quantopian/trading_calendars,7,TRUE,1
quantopian/trading_calendars,8,TRUE,0
qutip/qutip,-10,FALSE,39
qutip/qutip,-9,FALSE,33
qutip/qutip,-8,FALSE,50
qutip/qutip,-7,FALSE,67
qutip/qutip,-6,FALSE,67
qutip/qutip,-5,FALSE,66
qutip/qutip,-4,FALSE,34
qutip/qutip,-3,FALSE,18
qutip/qutip,-2,FALSE,40
qutip/qutip,-1,FALSE,59
qutip/qutip,0,FALSE,83
qutip/qutip,1,FALSE,54
qutip/qutip,2,FALSE,93
qutip/qutip,3,FALSE,69
qutip/qutip,4,FALSE,111
qutip/qutip,5,FALSE,67
qutip/qutip,6,FALSE,81
qutip/qutip,7,FALSE,42
qutip/qutip,8,FALSE,124
qutip/qutip,9,FALSE,64
qutip/qutip,10,FALSE,69
r1chardj0n3s/parse,-11,FALSE,1
r1chardj0n3s/parse,-10,FALSE,3
r1chardj0n3s/parse,-9,FALSE,1
r1chardj0n3s/parse,-8,FALSE,0
r1chardj0n3s/parse,-7,FALSE,5
r1chardj0n3s/parse,-6,FALSE,2
r1chardj0n3s/parse,-5,FALSE,2
r1chardj0n3s/parse,-4,FALSE,3
r1chardj0n3s/parse,-3,FALSE,6
r1chardj0n3s/parse,-2,FALSE,8
r1chardj0n3s/parse,-1,FALSE,3
r1chardj0n3s/parse,0,FALSE,9
r1chardj0n3s/parse,1,FALSE,2
r1chardj0n3s/parse,2,FALSE,1
r1chardj0n3s/parse,3,FALSE,0
r1chardj0n3s/parse,4,FALSE,0
r1chardj0n3s/parse,5,FALSE,5
r1chardj0n3s/parse,6,FALSE,10
r1chardj0n3s/parse,7,FALSE,4
r1chardj0n3s/parse,8,FALSE,3
r1chardj0n3s/parse,9,FALSE,0
ranaroussi/qtpylib,-6,TRUE,9
ranaroussi/qtpylib,-5,TRUE,1
ranaroussi/qtpylib,-4,TRUE,0
ranaroussi/qtpylib,-3,TRUE,1
ranaroussi/qtpylib,-2,TRUE,0
ranaroussi/qtpylib,-1,TRUE,8
ranaroussi/qtpylib,0,TRUE,1
ranaroussi/qtpylib,1,TRUE,4
ranaroussi/qtpylib,2,TRUE,1
ranaroussi/qtpylib,3,TRUE,0
ranaroussi/qtpylib,4,TRUE,1
ranaroussi/qtpylib,5,TRUE,0
ranaroussi/qtpylib,6,TRUE,0
ranaroussi/qtpylib,7,TRUE,0
ranaroussi/qtpylib,8,TRUE,0
ranaroussi/qtpylib,9,TRUE,0
ranaroussi/qtpylib,10,TRUE,0
ranaroussi/qtpylib,11,TRUE,0
raphaelm/python-fints,-9,FALSE,8
raphaelm/python-fints,-8,FALSE,4
raphaelm/python-fints,-7,FALSE,5
raphaelm/python-fints,-6,FALSE,7
raphaelm/python-fints,-5,FALSE,12
raphaelm/python-fints,-4,FALSE,3
raphaelm/python-fints,-3,FALSE,2
raphaelm/python-fints,-2,FALSE,3
raphaelm/python-fints,-1,FALSE,4
raphaelm/python-fints,0,FALSE,2
raphaelm/python-fints,1,FALSE,4
raphaelm/python-fints,2,FALSE,0
raphaelm/python-fints,3,FALSE,3
raphaelm/python-fints,4,FALSE,5
raphaelm/python-fints,5,FALSE,6
raphaelm/python-fints,6,FALSE,4
raphaelm/python-fints,7,FALSE,6
readthedocs/recommonmark,-8,FALSE,8
readthedocs/recommonmark,-7,FALSE,16
readthedocs/recommonmark,-6,FALSE,3
readthedocs/recommonmark,-5,FALSE,7
readthedocs/recommonmark,-4,FALSE,4
readthedocs/recommonmark,-3,FALSE,5
readthedocs/recommonmark,-2,FALSE,10
readthedocs/recommonmark,-1,FALSE,12
readthedocs/recommonmark,0,FALSE,11
readthedocs/recommonmark,1,FALSE,4
readthedocs/recommonmark,2,FALSE,5
readthedocs/recommonmark,3,FALSE,2
readthedocs/recommonmark,4,FALSE,0
readthedocs/recommonmark,5,FALSE,0
readthedocs/recommonmark,6,FALSE,0
readthedocs/recommonmark,7,FALSE,0
readthedocs/recommonmark,8,FALSE,0
readthedocs/recommonmark,9,FALSE,0
readthedocs/recommonmark,10,FALSE,0
readthedocs/recommonmark,11,FALSE,0
readthedocs/sphinx-notfound-page,-7,FALSE,31
readthedocs/sphinx-notfound-page,-6,FALSE,8
readthedocs/sphinx-notfound-page,-5,FALSE,7
readthedocs/sphinx-notfound-page,-4,FALSE,6
readthedocs/sphinx-notfound-page,-3,FALSE,9
readthedocs/sphinx-notfound-page,-2,FALSE,6
readthedocs/sphinx-notfound-page,-1,FALSE,3
readthedocs/sphinx-notfound-page,0,FALSE,7
readthedocs/sphinx-notfound-page,1,FALSE,1
readthedocs/sphinx-notfound-page,2,FALSE,6
readthedocs/sphinx-notfound-page,3,FALSE,7
readthedocs/sphinx-notfound-page,4,FALSE,6
readthedocs/sphinx-notfound-page,5,FALSE,0
recommenders-team/recommenders,-8,FALSE,17
recommenders-team/recommenders,-7,FALSE,266
recommenders-team/recommenders,-6,FALSE,109
recommenders-team/recommenders,-5,FALSE,53
recommenders-team/recommenders,-4,FALSE,75
recommenders-team/recommenders,-3,FALSE,89
recommenders-team/recommenders,-2,FALSE,65
recommenders-team/recommenders,-1,FALSE,98
recommenders-team/recommenders,0,FALSE,60
recommenders-team/recommenders,1,FALSE,32
recommenders-team/recommenders,2,FALSE,46
recommenders-team/recommenders,3,FALSE,42
recommenders-team/recommenders,4,FALSE,45
recommenders-team/recommenders,5,FALSE,21
redis/hiredis-py,-15,TRUE,5
redis/hiredis-py,-14,TRUE,0
redis/hiredis-py,-13,TRUE,5
redis/hiredis-py,-12,TRUE,2
redis/hiredis-py,-11,TRUE,2
redis/hiredis-py,-10,TRUE,2
redis/hiredis-py,-9,TRUE,1
redis/hiredis-py,-8,TRUE,11
redis/hiredis-py,-7,TRUE,1
redis/hiredis-py,-6,TRUE,3
redis/hiredis-py,-5,TRUE,2
redis/hiredis-py,-4,TRUE,2
redis/hiredis-py,-3,TRUE,6
redis/hiredis-py,-2,TRUE,3
redis/hiredis-py,-1,TRUE,2
redis/hiredis-py,0,TRUE,8
redis/hiredis-py,1,TRUE,17
redis/hiredis-py,2,TRUE,12
redis/hiredis-py,3,TRUE,1
redis/hiredis-py,4,TRUE,9
redis/hiredis-py,5,TRUE,7
rehabstudio/fbmessenger,-7,TRUE,3
rehabstudio/fbmessenger,-6,TRUE,4
rehabstudio/fbmessenger,-5,TRUE,5
rehabstudio/fbmessenger,-4,TRUE,4
rehabstudio/fbmessenger,-3,TRUE,4
rehabstudio/fbmessenger,-2,TRUE,7
rehabstudio/fbmessenger,-1,TRUE,1
rehabstudio/fbmessenger,0,TRUE,3
rehabstudio/fbmessenger,1,TRUE,0
rehabstudio/fbmessenger,2,TRUE,0
rehabstudio/fbmessenger,3,TRUE,2
rehabstudio/fbmessenger,4,TRUE,0
rehabstudio/fbmessenger,5,TRUE,1
rehabstudio/fbmessenger,6,TRUE,0
rehabstudio/fbmessenger,7,TRUE,0
rehabstudio/fbmessenger,8,TRUE,0
rehabstudio/fbmessenger,9,TRUE,0
rehabstudio/fbmessenger,10,TRUE,0
release-engineering/kobo,-10,FALSE,11
release-engineering/kobo,-9,FALSE,3
release-engineering/kobo,-8,FALSE,11
release-engineering/kobo,-7,FALSE,10
release-engineering/kobo,-6,FALSE,1
release-engineering/kobo,-5,FALSE,21
release-engineering/kobo,-4,FALSE,10
release-engineering/kobo,-3,FALSE,9
release-engineering/kobo,-2,FALSE,11
release-engineering/kobo,-1,FALSE,4
release-engineering/kobo,0,FALSE,4
release-engineering/kobo,1,FALSE,3
release-engineering/kobo,2,FALSE,16
release-engineering/kobo,3,FALSE,4
release-engineering/kobo,4,FALSE,16
release-engineering/kobo,5,FALSE,26
release-engineering/kobo,6,FALSE,18
release-engineering/kobo,7,FALSE,2
release-engineering/kobo,8,FALSE,2
reorx/httpstat,-10,FALSE,12
reorx/httpstat,-9,FALSE,0
reorx/httpstat,-8,FALSE,3
reorx/httpstat,-7,FALSE,0
reorx/httpstat,-6,FALSE,0
reorx/httpstat,-5,FALSE,0
reorx/httpstat,-4,FALSE,0
reorx/httpstat,-3,FALSE,0
reorx/httpstat,-2,FALSE,4
reorx/httpstat,-1,FALSE,0
reorx/httpstat,0,FALSE,0
reorx/httpstat,1,FALSE,0
reorx/httpstat,2,FALSE,0
reorx/httpstat,3,FALSE,1
reorx/httpstat,4,FALSE,1
reorx/httpstat,5,FALSE,0
reorx/httpstat,6,FALSE,0
reorx/httpstat,7,FALSE,0
rhoban/onshape-to-robot,-7,FALSE,0
rhoban/onshape-to-robot,-6,FALSE,0
rhoban/onshape-to-robot,-5,FALSE,8
rhoban/onshape-to-robot,-4,FALSE,0
rhoban/onshape-to-robot,-3,FALSE,2
rhoban/onshape-to-robot,-2,FALSE,0
rhoban/onshape-to-robot,-1,FALSE,13
rhoban/onshape-to-robot,0,FALSE,5
rhoban/onshape-to-robot,1,FALSE,1
rhoban/onshape-to-robot,2,FALSE,7
rhoban/onshape-to-robot,3,FALSE,0
rhoban/onshape-to-robot,4,FALSE,6
rhoban/onshape-to-robot,5,FALSE,5
riotkit-org/backup-repository,-7,TRUE,0
riotkit-org/backup-repository,-6,TRUE,11
riotkit-org/backup-repository,-5,TRUE,0
riotkit-org/backup-repository,-4,TRUE,0
riotkit-org/backup-repository,-3,TRUE,0
riotkit-org/backup-repository,-2,TRUE,3
riotkit-org/backup-repository,-1,TRUE,1
riotkit-org/backup-repository,0,TRUE,1
riotkit-org/backup-repository,1,TRUE,1
riotkit-org/backup-repository,2,TRUE,0
riotkit-org/backup-repository,3,TRUE,1
riotkit-org/backup-repository,4,TRUE,1
riotkit-org/backup-repository,5,TRUE,0
riotkit-org/backup-repository,6,TRUE,0
riotkit-org/backup-repository,7,TRUE,0
riotkit-org/backup-repository,8,TRUE,0
riotkit-org/backup-repository,9,TRUE,0
riotkit-org/backup-repository,10,TRUE,0
robin900/gspread-formatting,-6,FALSE,0
robin900/gspread-formatting,-5,FALSE,2
robin900/gspread-formatting,-4,FALSE,0
robin900/gspread-formatting,-3,FALSE,3
robin900/gspread-formatting,-2,FALSE,1
robin900/gspread-formatting,-1,FALSE,1
robin900/gspread-formatting,0,FALSE,1
robin900/gspread-formatting,1,FALSE,0
robin900/gspread-formatting,2,FALSE,1
robin900/gspread-formatting,3,FALSE,1
robin900/gspread-formatting,4,FALSE,0
robin900/gspread-formatting,5,FALSE,4
robin900/gspread-formatting,6,FALSE,0
robin900/gspread-formatting,7,FALSE,2
robotology-legacy/gym-ignition,-5,FALSE,16
robotology-legacy/gym-ignition,-4,FALSE,50
robotology-legacy/gym-ignition,-3,FALSE,69
robotology-legacy/gym-ignition,-2,FALSE,54
robotology-legacy/gym-ignition,-1,FALSE,34
robotology-legacy/gym-ignition,0,FALSE,26
robotology-legacy/gym-ignition,1,FALSE,0
robotology-legacy/gym-ignition,2,FALSE,0
robotology-legacy/gym-ignition,3,FALSE,0
robotology-legacy/gym-ignition,4,FALSE,1
robotology-legacy/gym-ignition,5,FALSE,1
robotology-legacy/gym-ignition,6,FALSE,0
robotology-legacy/gym-ignition,7,FALSE,0
rocky/python-xdis,-11,FALSE,0
rocky/python-xdis,-10,FALSE,8
rocky/python-xdis,-9,FALSE,12
rocky/python-xdis,-8,FALSE,2
rocky/python-xdis,-7,FALSE,1
rocky/python-xdis,-6,FALSE,4
rocky/python-xdis,-5,FALSE,3
rocky/python-xdis,-4,FALSE,3
rocky/python-xdis,-3,FALSE,4
rocky/python-xdis,-2,FALSE,3
rocky/python-xdis,-1,FALSE,4
rocky/python-xdis,0,FALSE,5
rocky/python-xdis,1,FALSE,4
rocky/python-xdis,2,FALSE,0
rocky/python-xdis,3,FALSE,6
rocky/python-xdis,4,FALSE,15
rocky/python-xdis,5,FALSE,4
rocky/python-xdis,6,FALSE,16
rocky/python-xdis,7,FALSE,2
rollbar/pyrollbar,-14,TRUE,14
rollbar/pyrollbar,-13,TRUE,15
rollbar/pyrollbar,-12,TRUE,21
rollbar/pyrollbar,-11,TRUE,20
rollbar/pyrollbar,-10,TRUE,13
rollbar/pyrollbar,-9,TRUE,19
rollbar/pyrollbar,-8,TRUE,16
rollbar/pyrollbar,-7,TRUE,14
rollbar/pyrollbar,-6,TRUE,10
rollbar/pyrollbar,-5,TRUE,3
rollbar/pyrollbar,-4,TRUE,10
rollbar/pyrollbar,-3,TRUE,12
rollbar/pyrollbar,-2,TRUE,20
rollbar/pyrollbar,-1,TRUE,7
rollbar/pyrollbar,0,TRUE,4
rollbar/pyrollbar,1,TRUE,4
rollbar/pyrollbar,2,TRUE,8
rollbar/pyrollbar,3,TRUE,3
rollbar/pyrollbar,4,TRUE,3
rollbar/pyrollbar,5,TRUE,8
rollbar/pyrollbar,6,TRUE,13
romanvm/python-web-pdb,-11,FALSE,1
romanvm/python-web-pdb,-10,FALSE,0
romanvm/python-web-pdb,-9,FALSE,0
romanvm/python-web-pdb,-8,FALSE,0
romanvm/python-web-pdb,-7,FALSE,0
romanvm/python-web-pdb,-6,FALSE,1
romanvm/python-web-pdb,-5,FALSE,0
romanvm/python-web-pdb,-4,FALSE,1
romanvm/python-web-pdb,-3,FALSE,1
romanvm/python-web-pdb,-2,FALSE,0
romanvm/python-web-pdb,-1,FALSE,0
romanvm/python-web-pdb,0,FALSE,2
romanvm/python-web-pdb,1,FALSE,3
romanvm/python-web-pdb,2,FALSE,0
romanvm/python-web-pdb,3,FALSE,0
romanvm/python-web-pdb,4,FALSE,0
romanvm/python-web-pdb,5,FALSE,0
romanvm/python-web-pdb,6,FALSE,1
ros-infrastructure/catkin_pkg,-10,FALSE,8
ros-infrastructure/catkin_pkg,-9,FALSE,8
ros-infrastructure/catkin_pkg,-8,FALSE,10
ros-infrastructure/catkin_pkg,-7,FALSE,4
ros-infrastructure/catkin_pkg,-6,FALSE,21
ros-infrastructure/catkin_pkg,-5,FALSE,12
ros-infrastructure/catkin_pkg,-4,FALSE,27
ros-infrastructure/catkin_pkg,-3,FALSE,10
ros-infrastructure/catkin_pkg,-2,FALSE,10
ros-infrastructure/catkin_pkg,-1,FALSE,15
ros-infrastructure/catkin_pkg,0,FALSE,16
ros-infrastructure/catkin_pkg,1,FALSE,7
ros-infrastructure/catkin_pkg,2,FALSE,3
ros-infrastructure/catkin_pkg,3,FALSE,6
ros-infrastructure/catkin_pkg,4,FALSE,15
ros-infrastructure/catkin_pkg,5,FALSE,2
ros-infrastructure/catkin_pkg,6,FALSE,3
ros-infrastructure/catkin_pkg,7,FALSE,2
ros-infrastructure/catkin_pkg,8,FALSE,8
ros-infrastructure/catkin_pkg,9,FALSE,3
ros-infrastructure/catkin_pkg,10,FALSE,0
ros-infrastructure/ros_buildfarm,-12,FALSE,22
ros-infrastructure/ros_buildfarm,-11,FALSE,13
ros-infrastructure/ros_buildfarm,-10,FALSE,134
ros-infrastructure/ros_buildfarm,-9,FALSE,34
ros-infrastructure/ros_buildfarm,-8,FALSE,76
ros-infrastructure/ros_buildfarm,-7,FALSE,24
ros-infrastructure/ros_buildfarm,-6,FALSE,40
ros-infrastructure/ros_buildfarm,-5,FALSE,21
ros-infrastructure/ros_buildfarm,-4,FALSE,30
ros-infrastructure/ros_buildfarm,-3,FALSE,46
ros-infrastructure/ros_buildfarm,-2,FALSE,109
ros-infrastructure/ros_buildfarm,-1,FALSE,28
ros-infrastructure/ros_buildfarm,0,FALSE,29
ros-infrastructure/ros_buildfarm,1,FALSE,27
ros-infrastructure/ros_buildfarm,2,FALSE,28
ros-infrastructure/ros_buildfarm,3,FALSE,13
ros-infrastructure/ros_buildfarm,4,FALSE,12
ros-infrastructure/ros_buildfarm,5,FALSE,4
ros-infrastructure/ros_buildfarm,6,FALSE,39
ros-infrastructure/ros_buildfarm,7,FALSE,19
ros-infrastructure/ros_buildfarm,8,FALSE,10
ros-infrastructure/rosdep,-10,FALSE,6
ros-infrastructure/rosdep,-9,FALSE,17
ros-infrastructure/rosdep,-8,FALSE,12
ros-infrastructure/rosdep,-7,FALSE,11
ros-infrastructure/rosdep,-6,FALSE,11
ros-infrastructure/rosdep,-5,FALSE,20
ros-infrastructure/rosdep,-4,FALSE,29
ros-infrastructure/rosdep,-3,FALSE,12
ros-infrastructure/rosdep,-2,FALSE,23
ros-infrastructure/rosdep,-1,FALSE,23
ros-infrastructure/rosdep,0,FALSE,11
ros-infrastructure/rosdep,1,FALSE,8
ros-infrastructure/rosdep,2,FALSE,12
ros-infrastructure/rosdep,3,FALSE,14
ros-infrastructure/rosdep,4,FALSE,20
ros-infrastructure/rosdep,5,FALSE,6
ros-infrastructure/rosdep,6,FALSE,10
ros-infrastructure/rosdep,7,FALSE,6
ros-infrastructure/rosdep,8,FALSE,26
ros-infrastructure/rosdep,9,FALSE,7
ros-infrastructure/rosdep,10,FALSE,10
roy-ht/editdistance,-9,TRUE,0
roy-ht/editdistance,-8,TRUE,0
roy-ht/editdistance,-7,TRUE,1
roy-ht/editdistance,-6,TRUE,0
roy-ht/editdistance,-5,TRUE,1
roy-ht/editdistance,-4,TRUE,1
roy-ht/editdistance,-3,TRUE,0
roy-ht/editdistance,-2,TRUE,0
roy-ht/editdistance,-1,TRUE,2
roy-ht/editdistance,0,TRUE,1
roy-ht/editdistance,1,TRUE,2
roy-ht/editdistance,2,TRUE,0
roy-ht/editdistance,3,TRUE,2
roy-ht/editdistance,4,TRUE,0
roy-ht/editdistance,5,TRUE,1
roy-ht/editdistance,6,TRUE,7
roy-ht/editdistance,7,TRUE,3
roy-ht/editdistance,8,TRUE,0
roy-ht/editdistance,9,TRUE,2
roy-ht/editdistance,10,TRUE,0
roy-ht/editdistance,11,TRUE,1
rr-/docstring_parser,-7,FALSE,0
rr-/docstring_parser,-6,FALSE,3
rr-/docstring_parser,-5,FALSE,1
rr-/docstring_parser,-4,FALSE,8
rr-/docstring_parser,-3,FALSE,4
rr-/docstring_parser,-2,FALSE,2
rr-/docstring_parser,-1,FALSE,12
rr-/docstring_parser,0,FALSE,3
rr-/docstring_parser,1,FALSE,4
rr-/docstring_parser,2,FALSE,2
rr-/docstring_parser,3,FALSE,2
rr-/docstring_parser,4,FALSE,0
rr-/docstring_parser,5,FALSE,2
rr-/docstring_parser,6,FALSE,0
rr-/screeninfo,-9,FALSE,0
rr-/screeninfo,-8,FALSE,0
rr-/screeninfo,-7,FALSE,1
rr-/screeninfo,-6,FALSE,1
rr-/screeninfo,-5,FALSE,1
rr-/screeninfo,-4,FALSE,1
rr-/screeninfo,-3,FALSE,2
rr-/screeninfo,-2,FALSE,2
rr-/screeninfo,-1,FALSE,6
rr-/screeninfo,0,FALSE,5
rr-/screeninfo,1,FALSE,0
rr-/screeninfo,2,FALSE,7
rr-/screeninfo,3,FALSE,0
rr-/screeninfo,4,FALSE,3
rr-/screeninfo,5,FALSE,3
rr-/screeninfo,6,FALSE,1
rr-/screeninfo,7,FALSE,1
rr-/screeninfo,8,FALSE,1
rr-/screeninfo,9,FALSE,0
rushter/selectolax,-6,FALSE,0
rushter/selectolax,-5,FALSE,0
rushter/selectolax,-4,FALSE,0
rushter/selectolax,-3,FALSE,0
rushter/selectolax,-2,FALSE,1
rushter/selectolax,-1,FALSE,2
rushter/selectolax,0,FALSE,0
rushter/selectolax,1,FALSE,0
rushter/selectolax,2,FALSE,3
rushter/selectolax,3,FALSE,1
rushter/selectolax,4,FALSE,3
rushter/selectolax,5,FALSE,1
rushter/selectolax,6,FALSE,2
rushter/selectolax,7,FALSE,0
rushter/selectolax,8,FALSE,13
rushter/selectolax,9,FALSE,3
rusty1s/pytorch_scatter,-6,FALSE,0
rusty1s/pytorch_scatter,-5,FALSE,0
rusty1s/pytorch_scatter,-4,FALSE,2
rusty1s/pytorch_scatter,-3,FALSE,1
rusty1s/pytorch_scatter,-2,FALSE,6
rusty1s/pytorch_scatter,-1,FALSE,12
rusty1s/pytorch_scatter,0,FALSE,3
rusty1s/pytorch_scatter,1,FALSE,1
rusty1s/pytorch_scatter,2,FALSE,2
rusty1s/pytorch_scatter,3,FALSE,15
rusty1s/pytorch_scatter,4,FALSE,11
rusty1s/pytorch_scatter,5,FALSE,5
rusty1s/pytorch_scatter,6,FALSE,1
rusty1s/pytorch_scatter,7,FALSE,10
rusty1s/pytorch_scatter,8,FALSE,4
rusty1s/pytorch_scatter,9,FALSE,7
rusty1s/pytorch_sparse,-7,FALSE,2
rusty1s/pytorch_sparse,-6,FALSE,6
rusty1s/pytorch_sparse,-5,FALSE,2
rusty1s/pytorch_sparse,-4,FALSE,9
rusty1s/pytorch_sparse,-3,FALSE,6
rusty1s/pytorch_sparse,-2,FALSE,5
rusty1s/pytorch_sparse,-1,FALSE,1
rusty1s/pytorch_sparse,0,FALSE,20
rusty1s/pytorch_sparse,1,FALSE,22
rusty1s/pytorch_sparse,2,FALSE,13
rusty1s/pytorch_sparse,3,FALSE,4
rusty1s/pytorch_sparse,4,FALSE,5
rusty1s/pytorch_sparse,5,FALSE,2
rusty1s/pytorch_sparse,6,FALSE,6
rveachkc/pymsteams,-7,FALSE,5
rveachkc/pymsteams,-6,FALSE,1
rveachkc/pymsteams,-5,FALSE,2
rveachkc/pymsteams,-4,FALSE,13
rveachkc/pymsteams,-3,FALSE,3
rveachkc/pymsteams,-2,FALSE,5
rveachkc/pymsteams,-1,FALSE,3
rveachkc/pymsteams,0,FALSE,1
rveachkc/pymsteams,1,FALSE,2
rveachkc/pymsteams,2,FALSE,5
rveachkc/pymsteams,3,FALSE,6
rveachkc/pymsteams,4,FALSE,3
rveachkc/pymsteams,5,FALSE,2
rveachkc/pymsteams,6,FALSE,2
rveachkc/pymsteams,7,FALSE,0
rveachkc/pymsteams,8,FALSE,2
rveachkc/pymsteams,9,FALSE,2
rycus86/prometheus_flask_exporter,-6,FALSE,0
rycus86/prometheus_flask_exporter,-5,FALSE,1
rycus86/prometheus_flask_exporter,-4,FALSE,2
rycus86/prometheus_flask_exporter,-3,FALSE,2
rycus86/prometheus_flask_exporter,-2,FALSE,1
rycus86/prometheus_flask_exporter,-1,FALSE,4
rycus86/prometheus_flask_exporter,0,FALSE,7
rycus86/prometheus_flask_exporter,1,FALSE,2
rycus86/prometheus_flask_exporter,2,FALSE,2
rycus86/prometheus_flask_exporter,3,FALSE,5
rycus86/prometheus_flask_exporter,4,FALSE,1
rycus86/prometheus_flask_exporter,5,FALSE,3
rycus86/prometheus_flask_exporter,6,FALSE,1
rycus86/prometheus_flask_exporter,7,FALSE,3
rycus86/prometheus_flask_exporter,8,FALSE,1
rycus86/prometheus_flask_exporter,9,FALSE,1
rytilahti/python-eq3bt,-11,TRUE,2
rytilahti/python-eq3bt,-10,TRUE,1
rytilahti/python-eq3bt,-9,TRUE,3
rytilahti/python-eq3bt,-8,TRUE,1
rytilahti/python-eq3bt,-7,TRUE,3
rytilahti/python-eq3bt,-6,TRUE,1
rytilahti/python-eq3bt,-5,TRUE,1
rytilahti/python-eq3bt,-4,TRUE,1
rytilahti/python-eq3bt,-3,TRUE,1
rytilahti/python-eq3bt,-2,TRUE,2
rytilahti/python-eq3bt,-1,TRUE,4
rytilahti/python-eq3bt,0,TRUE,10
rytilahti/python-eq3bt,1,TRUE,0
rytilahti/python-eq3bt,2,TRUE,0
rytilahti/python-eq3bt,3,TRUE,0
rytilahti/python-eq3bt,4,TRUE,0
rytilahti/python-eq3bt,5,TRUE,0
saxix/django-concurrency,-10,FALSE,0
saxix/django-concurrency,-9,FALSE,2
saxix/django-concurrency,-8,FALSE,8
saxix/django-concurrency,-7,FALSE,6
saxix/django-concurrency,-6,FALSE,1
saxix/django-concurrency,-5,FALSE,1
saxix/django-concurrency,-4,FALSE,2
saxix/django-concurrency,-3,FALSE,2
saxix/django-concurrency,-2,FALSE,1
saxix/django-concurrency,-1,FALSE,0
saxix/django-concurrency,0,FALSE,0
saxix/django-concurrency,1,FALSE,2
saxix/django-concurrency,2,FALSE,2
saxix/django-concurrency,3,FALSE,4
saxix/django-concurrency,4,FALSE,2
saxix/django-concurrency,5,FALSE,1
saxix/django-concurrency,6,FALSE,0
saxix/django-concurrency,7,FALSE,1
saxix/django-concurrency,8,FALSE,1
saxix/django-concurrency,9,FALSE,1
saxix/django-concurrency,10,FALSE,1
sbdchd/codeowners,-6,FALSE,3
sbdchd/codeowners,-5,FALSE,0
sbdchd/codeowners,-4,FALSE,0
sbdchd/codeowners,-3,FALSE,15
sbdchd/codeowners,-2,FALSE,2
sbdchd/codeowners,-1,FALSE,6
sbdchd/codeowners,0,FALSE,3
sbdchd/codeowners,1,FALSE,0
sbdchd/codeowners,2,FALSE,0
sbdchd/codeowners,3,FALSE,1
sbdchd/codeowners,4,FALSE,0
sbdchd/codeowners,5,FALSE,2
sbi-rviot/ph_table,-5,TRUE,1
sbi-rviot/ph_table,-4,TRUE,2
sbi-rviot/ph_table,-3,TRUE,1
sbi-rviot/ph_table,-2,TRUE,2
sbi-rviot/ph_table,-1,TRUE,1
sbi-rviot/ph_table,0,TRUE,2
sbi-rviot/ph_table,1,TRUE,1
sbi-rviot/ph_table,2,TRUE,1
sbi-rviot/ph_table,3,TRUE,1
sbi-rviot/ph_table,4,TRUE,1
sbi-rviot/ph_table,5,TRUE,0
sbi-rviot/ph_table,6,TRUE,0
scikit-bio/scikit-bio,-12,FALSE,80
scikit-bio/scikit-bio,-11,FALSE,132
scikit-bio/scikit-bio,-10,FALSE,80
scikit-bio/scikit-bio,-9,FALSE,42
scikit-bio/scikit-bio,-8,FALSE,19
scikit-bio/scikit-bio,-7,FALSE,8
scikit-bio/scikit-bio,-6,FALSE,18
scikit-bio/scikit-bio,-5,FALSE,39
scikit-bio/scikit-bio,-4,FALSE,5
scikit-bio/scikit-bio,-3,FALSE,11
scikit-bio/scikit-bio,-2,FALSE,11
scikit-bio/scikit-bio,-1,FALSE,11
scikit-bio/scikit-bio,0,FALSE,11
scikit-bio/scikit-bio,1,FALSE,4
scikit-bio/scikit-bio,2,FALSE,12
scikit-bio/scikit-bio,3,FALSE,8
scikit-bio/scikit-bio,4,FALSE,12
scikit-bio/scikit-bio,5,FALSE,30
scikit-bio/scikit-bio,6,FALSE,100
scikit-bio/scikit-bio,7,FALSE,70
scikit-bio/scikit-bio,8,FALSE,48
scikit-fuzzy/scikit-fuzzy,-14,FALSE,26
scikit-fuzzy/scikit-fuzzy,-13,FALSE,5
scikit-fuzzy/scikit-fuzzy,-12,FALSE,22
scikit-fuzzy/scikit-fuzzy,-11,FALSE,4
scikit-fuzzy/scikit-fuzzy,-10,FALSE,9
scikit-fuzzy/scikit-fuzzy,-9,FALSE,10
scikit-fuzzy/scikit-fuzzy,-8,FALSE,5
scikit-fuzzy/scikit-fuzzy,-7,FALSE,12
scikit-fuzzy/scikit-fuzzy,-6,FALSE,2
scikit-fuzzy/scikit-fuzzy,-5,FALSE,9
scikit-fuzzy/scikit-fuzzy,-4,FALSE,2
scikit-fuzzy/scikit-fuzzy,-3,FALSE,10
scikit-fuzzy/scikit-fuzzy,-2,FALSE,2
scikit-fuzzy/scikit-fuzzy,-1,FALSE,0
scikit-fuzzy/scikit-fuzzy,0,FALSE,1
scikit-fuzzy/scikit-fuzzy,1,FALSE,3
scikit-fuzzy/scikit-fuzzy,2,FALSE,0
scikit-fuzzy/scikit-fuzzy,3,FALSE,10
scikit-fuzzy/scikit-fuzzy,4,FALSE,1
scikit-fuzzy/scikit-fuzzy,5,FALSE,9
scikit-fuzzy/scikit-fuzzy,6,FALSE,0
scikit-learn-contrib/boruta_py,-8,FALSE,3
scikit-learn-contrib/boruta_py,-7,FALSE,4
scikit-learn-contrib/boruta_py,-6,FALSE,2
scikit-learn-contrib/boruta_py,-5,FALSE,5
scikit-learn-contrib/boruta_py,-4,FALSE,2
scikit-learn-contrib/boruta_py,-3,FALSE,2
scikit-learn-contrib/boruta_py,-2,FALSE,2
scikit-learn-contrib/boruta_py,-1,FALSE,3
scikit-learn-contrib/boruta_py,0,FALSE,4
scikit-learn-contrib/boruta_py,1,FALSE,3
scikit-learn-contrib/boruta_py,2,FALSE,3
scikit-learn-contrib/boruta_py,3,FALSE,3
scikit-learn-contrib/boruta_py,4,FALSE,0
scikit-learn-contrib/boruta_py,5,FALSE,2
scikit-learn-contrib/boruta_py,6,FALSE,0
scikit-learn-contrib/boruta_py,7,FALSE,2
scikit-learn-contrib/boruta_py,8,FALSE,1
scikit-learn-contrib/boruta_py,9,FALSE,3
scikit-learn-contrib/boruta_py,10,FALSE,4
scikit-learn-contrib/skope-rules,-6,TRUE,9
scikit-learn-contrib/skope-rules,-5,TRUE,1
scikit-learn-contrib/skope-rules,-4,TRUE,3
scikit-learn-contrib/skope-rules,-3,TRUE,2
scikit-learn-contrib/skope-rules,-2,TRUE,3
scikit-learn-contrib/skope-rules,-1,TRUE,7
scikit-learn-contrib/skope-rules,0,TRUE,3
scikit-learn-contrib/skope-rules,1,TRUE,0
scikit-learn-contrib/skope-rules,2,TRUE,0
scikit-learn-contrib/skope-rules,3,TRUE,2
scikit-learn-contrib/skope-rules,4,TRUE,0
scikit-learn-contrib/skope-rules,5,TRUE,0
scikit-learn-contrib/skope-rules,6,TRUE,1
scikit-learn-contrib/skope-rules,7,TRUE,0
scikit-learn-contrib/skope-rules,8,TRUE,1
scottwernervt/cloudstorage,-8,TRUE,0
scottwernervt/cloudstorage,-7,TRUE,1
scottwernervt/cloudstorage,-6,TRUE,0
scottwernervt/cloudstorage,-5,TRUE,11
scottwernervt/cloudstorage,-4,TRUE,2
scottwernervt/cloudstorage,-3,TRUE,4
scottwernervt/cloudstorage,-2,TRUE,7
scottwernervt/cloudstorage,-1,TRUE,3
scottwernervt/cloudstorage,0,TRUE,8
scottwernervt/cloudstorage,1,TRUE,0
scottwernervt/cloudstorage,2,TRUE,1
scottwernervt/cloudstorage,3,TRUE,0
scottwernervt/cloudstorage,4,TRUE,2
scottwernervt/cloudstorage,5,TRUE,0
scottwernervt/cloudstorage,6,TRUE,1
scottwernervt/cloudstorage,7,TRUE,0
scottwernervt/cloudstorage,8,TRUE,0
scverse/scanpy,-9,FALSE,11
scverse/scanpy,-8,FALSE,5
scverse/scanpy,-7,FALSE,42
scverse/scanpy,-6,FALSE,60
scverse/scanpy,-5,FALSE,103
scverse/scanpy,-4,FALSE,95
scverse/scanpy,-3,FALSE,141
scverse/scanpy,-2,FALSE,122
scverse/scanpy,-1,FALSE,163
scverse/scanpy,0,FALSE,59
scverse/scanpy,1,FALSE,62
scverse/scanpy,2,FALSE,17
scverse/scanpy,3,FALSE,56
scverse/scanpy,4,FALSE,134
scverse/scanpy,5,FALSE,175
scverse/scanpy,6,FALSE,176
scverse/scanpy,7,FALSE,127
sdispater/orator,-11,FALSE,0
sdispater/orator,-10,FALSE,6
sdispater/orator,-9,FALSE,11
sdispater/orator,-8,FALSE,8
sdispater/orator,-7,FALSE,10
sdispater/orator,-6,FALSE,11
sdispater/orator,-5,FALSE,6
sdispater/orator,-4,FALSE,5
sdispater/orator,-3,FALSE,9
sdispater/orator,-2,FALSE,5
sdispater/orator,-1,FALSE,10
sdispater/orator,0,FALSE,3
sdispater/orator,1,FALSE,1
sdispater/orator,2,FALSE,3
sdispater/orator,3,FALSE,1
sdispater/orator,4,FALSE,2
sdispater/orator,5,FALSE,0
sdispater/orator,6,FALSE,0
sdispater/orator,7,FALSE,0
sdispater/orator,8,FALSE,0
sdispater/orator,9,FALSE,0
sehmaschine/django-grappelli,-9,FALSE,28
sehmaschine/django-grappelli,-8,FALSE,23
sehmaschine/django-grappelli,-7,FALSE,12
sehmaschine/django-grappelli,-6,FALSE,9
sehmaschine/django-grappelli,-5,FALSE,5
sehmaschine/django-grappelli,-4,FALSE,6
sehmaschine/django-grappelli,-3,FALSE,6
sehmaschine/django-grappelli,-2,FALSE,7
sehmaschine/django-grappelli,-1,FALSE,8
sehmaschine/django-grappelli,0,FALSE,11
sehmaschine/django-grappelli,1,FALSE,5
sehmaschine/django-grappelli,2,FALSE,3
sehmaschine/django-grappelli,3,FALSE,4
sehmaschine/django-grappelli,4,FALSE,4
sehmaschine/django-grappelli,5,FALSE,5
sehmaschine/django-grappelli,6,FALSE,3
sehmaschine/django-grappelli,7,FALSE,2
sehmaschine/django-grappelli,8,FALSE,7
sehmaschine/django-grappelli,9,FALSE,5
sehmaschine/django-grappelli,10,FALSE,0
sehmaschine/django-grappelli,11,FALSE,0
sendgrid/python-http-client,-11,TRUE,5
sendgrid/python-http-client,-10,TRUE,1
sendgrid/python-http-client,-9,TRUE,2
sendgrid/python-http-client,-8,TRUE,38
sendgrid/python-http-client,-7,TRUE,5
sendgrid/python-http-client,-6,TRUE,21
sendgrid/python-http-client,-5,TRUE,3
sendgrid/python-http-client,-4,TRUE,6
sendgrid/python-http-client,-3,TRUE,6
sendgrid/python-http-client,-2,TRUE,3
sendgrid/python-http-client,-1,TRUE,1
sendgrid/python-http-client,0,TRUE,2
sendgrid/python-http-client,1,TRUE,6
sendgrid/python-http-client,2,TRUE,1
sendgrid/python-http-client,3,TRUE,1
sendgrid/python-http-client,4,TRUE,0
sendgrid/python-http-client,5,TRUE,0
sendgrid/python-http-client,6,TRUE,0
sendgrid/python-http-client,7,TRUE,0
sendgrid/sendgrid-python,-14,TRUE,5
sendgrid/sendgrid-python,-13,TRUE,26
sendgrid/sendgrid-python,-12,TRUE,11
sendgrid/sendgrid-python,-11,TRUE,51
sendgrid/sendgrid-python,-10,TRUE,11
sendgrid/sendgrid-python,-9,TRUE,122
sendgrid/sendgrid-python,-8,TRUE,12
sendgrid/sendgrid-python,-7,TRUE,103
sendgrid/sendgrid-python,-6,TRUE,15
sendgrid/sendgrid-python,-5,TRUE,7
sendgrid/sendgrid-python,-4,TRUE,17
sendgrid/sendgrid-python,-3,TRUE,13
sendgrid/sendgrid-python,-2,TRUE,4
sendgrid/sendgrid-python,-1,TRUE,10
sendgrid/sendgrid-python,0,TRUE,11
sendgrid/sendgrid-python,1,TRUE,3
sendgrid/sendgrid-python,2,TRUE,8
sendgrid/sendgrid-python,3,TRUE,6
sendgrid/sendgrid-python,4,TRUE,3
sendgrid/sendgrid-python,5,TRUE,6
sendgrid/sendgrid-python,6,TRUE,4
sendgrid/smtpapi-python,-11,TRUE,1
sendgrid/smtpapi-python,-10,TRUE,2
sendgrid/smtpapi-python,-9,TRUE,0
sendgrid/smtpapi-python,-8,TRUE,0
sendgrid/smtpapi-python,-7,TRUE,0
sendgrid/smtpapi-python,-6,TRUE,33
sendgrid/smtpapi-python,-5,TRUE,0
sendgrid/smtpapi-python,-4,TRUE,20
sendgrid/smtpapi-python,-3,TRUE,0
sendgrid/smtpapi-python,-2,TRUE,0
sendgrid/smtpapi-python,-1,TRUE,4
sendgrid/smtpapi-python,0,TRUE,1
sendgrid/smtpapi-python,1,TRUE,0
sendgrid/smtpapi-python,2,TRUE,2
sendgrid/smtpapi-python,3,TRUE,6
sendgrid/smtpapi-python,4,TRUE,1
sendgrid/smtpapi-python,5,TRUE,1
sendgrid/smtpapi-python,6,TRUE,0
sendgrid/smtpapi-python,7,TRUE,0
sendgrid/smtpapi-python,8,TRUE,0
sendgrid/smtpapi-python,9,TRUE,0
sensepost/objection,-7,FALSE,15
sensepost/objection,-6,FALSE,4
sensepost/objection,-5,FALSE,4
sensepost/objection,-4,FALSE,17
sensepost/objection,-3,FALSE,14
sensepost/objection,-2,FALSE,19
sensepost/objection,-1,FALSE,13
sensepost/objection,0,FALSE,8
sensepost/objection,1,FALSE,7
sensepost/objection,2,FALSE,2
sensepost/objection,3,FALSE,7
sensepost/objection,4,FALSE,8
sensepost/objection,5,FALSE,2
sensepost/objection,6,FALSE,8
sensepost/objection,7,FALSE,2
sensepost/objection,8,FALSE,8
sergioteula/python-amazon-paapi,-5,TRUE,10
sergioteula/python-amazon-paapi,-4,TRUE,5
sergioteula/python-amazon-paapi,-3,TRUE,4
sergioteula/python-amazon-paapi,-2,TRUE,1
sergioteula/python-amazon-paapi,-1,TRUE,5
sergioteula/python-amazon-paapi,0,TRUE,9
sergioteula/python-amazon-paapi,1,TRUE,0
sergioteula/python-amazon-paapi,2,TRUE,0
sergioteula/python-amazon-paapi,3,TRUE,0
sergioteula/python-amazon-paapi,4,TRUE,2
sergioteula/python-amazon-paapi,5,TRUE,0
shankarpandala/lazypredict,-5,FALSE,0
shankarpandala/lazypredict,-4,FALSE,6
shankarpandala/lazypredict,-3,FALSE,8
shankarpandala/lazypredict,-2,FALSE,18
shankarpandala/lazypredict,-1,FALSE,2
shankarpandala/lazypredict,0,FALSE,2
shankarpandala/lazypredict,1,FALSE,6
shankarpandala/lazypredict,2,FALSE,2
shankarpandala/lazypredict,3,FALSE,1
shankarpandala/lazypredict,4,FALSE,4
shankarpandala/lazypredict,5,FALSE,18
shankarpandala/lazypredict,6,FALSE,15
shenweichen/deepmatch,-5,TRUE,10
shenweichen/deepmatch,-4,TRUE,1
shenweichen/deepmatch,-3,TRUE,2
shenweichen/deepmatch,-2,TRUE,1
shenweichen/deepmatch,-1,TRUE,4
shenweichen/deepmatch,0,TRUE,4
shenweichen/deepmatch,1,TRUE,1
shenweichen/deepmatch,2,TRUE,0
shenweichen/deepmatch,3,TRUE,1
shenweichen/deepmatch,4,TRUE,0
shenweichen/deepmatch,5,TRUE,0
shichenxie/scorecardpy,-8,FALSE,0
shichenxie/scorecardpy,-7,FALSE,0
shichenxie/scorecardpy,-6,FALSE,8
shichenxie/scorecardpy,-5,FALSE,1
shichenxie/scorecardpy,-4,FALSE,1
shichenxie/scorecardpy,-3,FALSE,3
shichenxie/scorecardpy,-2,FALSE,0
shichenxie/scorecardpy,-1,FALSE,3
shichenxie/scorecardpy,0,FALSE,1
shichenxie/scorecardpy,1,FALSE,0
shichenxie/scorecardpy,2,FALSE,1
shichenxie/scorecardpy,3,FALSE,0
shichenxie/scorecardpy,4,FALSE,0
shichenxie/scorecardpy,5,FALSE,0
shichenxie/scorecardpy,6,FALSE,0
sibson/redbeat,-10,FALSE,10
sibson/redbeat,-9,FALSE,12
sibson/redbeat,-8,FALSE,6
sibson/redbeat,-7,FALSE,9
sibson/redbeat,-6,FALSE,9
sibson/redbeat,-5,FALSE,5
sibson/redbeat,-4,FALSE,5
sibson/redbeat,-3,FALSE,24
sibson/redbeat,-2,FALSE,5
sibson/redbeat,-1,FALSE,11
sibson/redbeat,0,FALSE,15
sibson/redbeat,1,FALSE,4
sibson/redbeat,2,FALSE,2
sibson/redbeat,3,FALSE,3
sibson/redbeat,4,FALSE,5
sibson/redbeat,5,FALSE,11
sibson/redbeat,6,FALSE,6
sibson/redbeat,7,FALSE,2
sibson/redbeat,8,FALSE,1
sibson/redbeat,9,FALSE,3
siddhantgoel/streaming-form-data,-7,FALSE,0
siddhantgoel/streaming-form-data,-6,FALSE,0
siddhantgoel/streaming-form-data,-5,FALSE,10
siddhantgoel/streaming-form-data,-4,FALSE,1
siddhantgoel/streaming-form-data,-3,FALSE,0
siddhantgoel/streaming-form-data,-2,FALSE,1
siddhantgoel/streaming-form-data,-1,FALSE,0
siddhantgoel/streaming-form-data,0,FALSE,0
siddhantgoel/streaming-form-data,1,FALSE,1
siddhantgoel/streaming-form-data,2,FALSE,2
siddhantgoel/streaming-form-data,3,FALSE,4
siddhantgoel/streaming-form-data,4,FALSE,0
siddhantgoel/streaming-form-data,5,FALSE,5
siddhantgoel/streaming-form-data,6,FALSE,1
siddhantgoel/streaming-form-data,7,FALSE,1
siddhantgoel/streaming-form-data,8,FALSE,3
siddhantgoel/streaming-form-data,9,FALSE,1
sigsep/open-unmix-pytorch,-6,FALSE,9
sigsep/open-unmix-pytorch,-5,FALSE,7
sigsep/open-unmix-pytorch,-4,FALSE,19
sigsep/open-unmix-pytorch,-3,FALSE,6
sigsep/open-unmix-pytorch,-2,FALSE,11
sigsep/open-unmix-pytorch,-1,FALSE,2
sigsep/open-unmix-pytorch,0,FALSE,0
sigsep/open-unmix-pytorch,1,FALSE,1
sigsep/open-unmix-pytorch,2,FALSE,0
sigsep/open-unmix-pytorch,3,FALSE,1
sigsep/open-unmix-pytorch,4,FALSE,0
sigsep/open-unmix-pytorch,5,FALSE,0
simonpercivall/astunparse,-10,TRUE,0
simonpercivall/astunparse,-9,TRUE,3
simonpercivall/astunparse,-8,TRUE,1
simonpercivall/astunparse,-7,TRUE,9
simonpercivall/astunparse,-6,TRUE,0
simonpercivall/astunparse,-5,TRUE,2
simonpercivall/astunparse,-4,TRUE,4
simonpercivall/astunparse,-3,TRUE,0
simonpercivall/astunparse,-2,TRUE,2
simonpercivall/astunparse,-1,TRUE,5
simonpercivall/astunparse,0,TRUE,2
simonpercivall/astunparse,1,TRUE,1
simonpercivall/astunparse,2,TRUE,2
simonpercivall/astunparse,3,TRUE,0
simonpercivall/astunparse,4,TRUE,0
simonpercivall/astunparse,5,TRUE,0
simonpercivall/astunparse,6,TRUE,4
simonpercivall/astunparse,7,TRUE,0
simonpercivall/astunparse,8,TRUE,0
simonpercivall/astunparse,9,TRUE,0
simplejson/simplejson,-13,FALSE,3
simplejson/simplejson,-12,FALSE,3
simplejson/simplejson,-11,FALSE,3
simplejson/simplejson,-10,FALSE,5
simplejson/simplejson,-9,FALSE,17
simplejson/simplejson,-8,FALSE,8
simplejson/simplejson,-7,FALSE,12
simplejson/simplejson,-6,FALSE,6
simplejson/simplejson,-5,FALSE,2
simplejson/simplejson,-4,FALSE,4
simplejson/simplejson,-3,FALSE,2
simplejson/simplejson,-2,FALSE,3
simplejson/simplejson,-1,FALSE,1
simplejson/simplejson,0,FALSE,8
simplejson/simplejson,1,FALSE,0
simplejson/simplejson,2,FALSE,4
simplejson/simplejson,3,FALSE,6
simplejson/simplejson,4,FALSE,1
simplejson/simplejson,5,FALSE,0
simplejson/simplejson,6,FALSE,1
simplejson/simplejson,7,FALSE,3
skjerns/mat7.3,-6,FALSE,0
skjerns/mat7.3,-5,FALSE,1
skjerns/mat7.3,-4,FALSE,4
skjerns/mat7.3,-3,FALSE,0
skjerns/mat7.3,-2,FALSE,6
skjerns/mat7.3,-1,FALSE,3
skjerns/mat7.3,0,FALSE,1
skjerns/mat7.3,1,FALSE,0
skjerns/mat7.3,2,FALSE,2
skjerns/mat7.3,3,FALSE,2
skjerns/mat7.3,4,FALSE,4
skjerns/mat7.3,5,FALSE,3
sklarsa/django-sendgrid-v5,-6,FALSE,6
sklarsa/django-sendgrid-v5,-5,FALSE,9
sklarsa/django-sendgrid-v5,-4,FALSE,3
sklarsa/django-sendgrid-v5,-3,FALSE,4
sklarsa/django-sendgrid-v5,-2,FALSE,1
sklarsa/django-sendgrid-v5,-1,FALSE,1
sklarsa/django-sendgrid-v5,0,FALSE,4
sklarsa/django-sendgrid-v5,1,FALSE,5
sklarsa/django-sendgrid-v5,2,FALSE,7
sklarsa/django-sendgrid-v5,3,FALSE,1
sklarsa/django-sendgrid-v5,4,FALSE,4
sklarsa/django-sendgrid-v5,5,FALSE,1
sklarsa/django-sendgrid-v5,6,FALSE,2
sklarsa/django-sendgrid-v5,7,FALSE,1
sklarsa/django-sendgrid-v5,8,FALSE,5
sklarsa/django-sendgrid-v5,9,FALSE,2
slhck/ffmpeg-normalize,-11,FALSE,0
slhck/ffmpeg-normalize,-10,FALSE,5
slhck/ffmpeg-normalize,-9,FALSE,1
slhck/ffmpeg-normalize,-8,FALSE,0
slhck/ffmpeg-normalize,-7,FALSE,1
slhck/ffmpeg-normalize,-6,FALSE,1
slhck/ffmpeg-normalize,-5,FALSE,1
slhck/ffmpeg-normalize,-4,FALSE,0
slhck/ffmpeg-normalize,-3,FALSE,2
slhck/ffmpeg-normalize,-2,FALSE,0
slhck/ffmpeg-normalize,-1,FALSE,3
slhck/ffmpeg-normalize,0,FALSE,2
slhck/ffmpeg-normalize,1,FALSE,3
slhck/ffmpeg-normalize,2,FALSE,1
slhck/ffmpeg-normalize,3,FALSE,1
slhck/ffmpeg-normalize,4,FALSE,13
slhck/ffmpeg-normalize,5,FALSE,12
slhck/ffmpeg-normalize,6,FALSE,1
slhck/ffmpeg-normalize,7,FALSE,3
slhck/ffmpeg-normalize,8,FALSE,2
slhck/ffmpeg-normalize,9,FALSE,1
snowballstem/snowball,-14,FALSE,3
snowballstem/snowball,-13,FALSE,8
snowballstem/snowball,-12,FALSE,6
snowballstem/snowball,-11,FALSE,6
snowballstem/snowball,-10,FALSE,7
snowballstem/snowball,-9,FALSE,1
snowballstem/snowball,-8,FALSE,10
snowballstem/snowball,-7,FALSE,1
snowballstem/snowball,-6,FALSE,1
snowballstem/snowball,-5,FALSE,24
snowballstem/snowball,-4,FALSE,6
snowballstem/snowball,-3,FALSE,2
snowballstem/snowball,-2,FALSE,5
snowballstem/snowball,-1,FALSE,9
snowballstem/snowball,0,FALSE,3
snowballstem/snowball,1,FALSE,1
snowballstem/snowball,2,FALSE,2
snowballstem/snowball,3,FALSE,1
snowballstem/snowball,4,FALSE,3
snowballstem/snowball,5,FALSE,1
snowballstem/snowball,6,FALSE,15
snowflakedb/snowflake-connector-python,-11,FALSE,11
snowflakedb/snowflake-connector-python,-10,FALSE,8
snowflakedb/snowflake-connector-python,-9,FALSE,35
snowflakedb/snowflake-connector-python,-8,FALSE,28
snowflakedb/snowflake-connector-python,-7,FALSE,23
snowflakedb/snowflake-connector-python,-6,FALSE,24
snowflakedb/snowflake-connector-python,-5,FALSE,32
snowflakedb/snowflake-connector-python,-4,FALSE,156
snowflakedb/snowflake-connector-python,-3,FALSE,126
snowflakedb/snowflake-connector-python,-2,FALSE,125
snowflakedb/snowflake-connector-python,-1,FALSE,88
snowflakedb/snowflake-connector-python,0,FALSE,99
snowflakedb/snowflake-connector-python,1,FALSE,126
snowflakedb/snowflake-connector-python,2,FALSE,131
snowflakedb/snowflake-connector-python,3,FALSE,83
snowflakedb/snowflake-connector-python,4,FALSE,93
snowflakedb/snowflake-connector-python,5,FALSE,157
snyk-labs/pysnyk,-7,TRUE,28
snyk-labs/pysnyk,-6,TRUE,24
snyk-labs/pysnyk,-5,TRUE,4
snyk-labs/pysnyk,-4,TRUE,28
snyk-labs/pysnyk,-3,TRUE,10
snyk-labs/pysnyk,-2,TRUE,3
snyk-labs/pysnyk,-1,TRUE,17
snyk-labs/pysnyk,0,TRUE,5
snyk-labs/pysnyk,1,TRUE,4
snyk-labs/pysnyk,2,TRUE,19
snyk-labs/pysnyk,3,TRUE,3
snyk-labs/pysnyk,4,TRUE,3
snyk-labs/pysnyk,5,TRUE,1
spacetelescope/drizzle,-14,FALSE,0
spacetelescope/drizzle,-13,FALSE,0
spacetelescope/drizzle,-12,FALSE,0
spacetelescope/drizzle,-11,FALSE,7
spacetelescope/drizzle,-10,FALSE,4
spacetelescope/drizzle,-9,FALSE,2
spacetelescope/drizzle,-8,FALSE,2
spacetelescope/drizzle,-7,FALSE,2
spacetelescope/drizzle,-6,FALSE,7
spacetelescope/drizzle,-5,FALSE,0
spacetelescope/drizzle,-4,FALSE,0
spacetelescope/drizzle,-3,FALSE,1
spacetelescope/drizzle,-2,FALSE,10
spacetelescope/drizzle,-1,FALSE,4
spacetelescope/drizzle,0,FALSE,1
spacetelescope/drizzle,1,FALSE,4
spacetelescope/drizzle,2,FALSE,15
spacetelescope/drizzle,3,FALSE,19
spacetelescope/drizzle,4,FALSE,15
spacetelescope/drizzle,5,FALSE,15
spacetelescope/drizzle,6,FALSE,12
spacetelescope/pysiaf,-5,TRUE,11
spacetelescope/pysiaf,-4,TRUE,28
spacetelescope/pysiaf,-3,TRUE,12
spacetelescope/pysiaf,-2,TRUE,26
spacetelescope/pysiaf,-1,TRUE,14
spacetelescope/pysiaf,0,TRUE,9
spacetelescope/pysiaf,1,TRUE,17
spacetelescope/pysiaf,2,TRUE,13
spacetelescope/pysiaf,3,TRUE,49
spacetelescope/pysiaf,4,TRUE,20
spacetelescope/pysiaf,5,TRUE,6
spacetelescope/pysiaf,6,TRUE,15
spacetelescope/pysiaf,7,TRUE,11
spacetelescope/pysiaf,8,TRUE,12
spacetelescope/pysiaf,9,TRUE,7
sphinx-contrib/openapi,-9,TRUE,1
sphinx-contrib/openapi,-8,TRUE,4
sphinx-contrib/openapi,-7,TRUE,3
sphinx-contrib/openapi,-6,TRUE,0
sphinx-contrib/openapi,-5,TRUE,10
sphinx-contrib/openapi,-4,TRUE,2
sphinx-contrib/openapi,-3,TRUE,27
sphinx-contrib/openapi,-2,TRUE,11
sphinx-contrib/openapi,-1,TRUE,6
sphinx-contrib/openapi,0,TRUE,1
sphinx-contrib/openapi,1,TRUE,2
sphinx-contrib/openapi,2,TRUE,0
sphinx-contrib/openapi,3,TRUE,7
sphinx-contrib/openapi,4,TRUE,1
sphinx-contrib/openapi,5,TRUE,2
sphinx-contrib/openapi,6,TRUE,3
sphinx-contrib/openapi,7,TRUE,3
sphinx-contrib/openapi,8,TRUE,1
sphinx-contrib/spelling,-9,FALSE,3
sphinx-contrib/spelling,-8,FALSE,8
sphinx-contrib/spelling,-7,FALSE,2
sphinx-contrib/spelling,-6,FALSE,5
sphinx-contrib/spelling,-5,FALSE,1
sphinx-contrib/spelling,-4,FALSE,10
sphinx-contrib/spelling,-3,FALSE,52
sphinx-contrib/spelling,-2,FALSE,1
sphinx-contrib/spelling,-1,FALSE,15
sphinx-contrib/spelling,0,FALSE,27
sphinx-contrib/spelling,1,FALSE,12
sphinx-contrib/spelling,2,FALSE,5
sphinx-contrib/spelling,3,FALSE,1
sphinx-contrib/spelling,4,FALSE,2
sphinx-contrib/spelling,5,FALSE,4
sphinx-contrib/spelling,6,FALSE,0
ssanderson/python-interface,-9,FALSE,3
ssanderson/python-interface,-8,FALSE,0
ssanderson/python-interface,-7,FALSE,6
ssanderson/python-interface,-6,FALSE,3
ssanderson/python-interface,-5,FALSE,1
ssanderson/python-interface,-4,FALSE,0
ssanderson/python-interface,-3,FALSE,1
ssanderson/python-interface,-2,FALSE,6
ssanderson/python-interface,-1,FALSE,1
ssanderson/python-interface,0,FALSE,3
ssanderson/python-interface,1,FALSE,0
ssanderson/python-interface,2,FALSE,0
ssanderson/python-interface,3,FALSE,0
ssanderson/python-interface,4,FALSE,0
ssanderson/python-interface,5,FALSE,0
ssanderson/python-interface,6,FALSE,0
ssanderson/python-interface,7,FALSE,0
ssanderson/python-interface,8,FALSE,0
ssine/pptx2md,-7,FALSE,0
ssine/pptx2md,-6,FALSE,0
ssine/pptx2md,-5,FALSE,0
ssine/pptx2md,-4,FALSE,1
ssine/pptx2md,-3,FALSE,5
ssine/pptx2md,-2,FALSE,0
ssine/pptx2md,-1,FALSE,1
ssine/pptx2md,0,FALSE,0
ssine/pptx2md,1,FALSE,0
ssine/pptx2md,2,FALSE,1
ssine/pptx2md,3,FALSE,1
ssine/pptx2md,4,FALSE,2
ssine/pptx2md,5,FALSE,2
ssine/pptx2md,6,FALSE,5
stardog-union/pystardog,-5,TRUE,8
stardog-union/pystardog,-4,TRUE,1
stardog-union/pystardog,-3,TRUE,1
stardog-union/pystardog,-2,TRUE,6
stardog-union/pystardog,-1,TRUE,6
stardog-union/pystardog,0,TRUE,14
stardog-union/pystardog,1,TRUE,12
stardog-union/pystardog,2,TRUE,11
stardog-union/pystardog,3,TRUE,24
stardog-union/pystardog,4,TRUE,2
stardog-union/pystardog,5,TRUE,0
stardog-union/pystardog,6,TRUE,4
stardog-union/pystardog,7,TRUE,4
studioimaginaire/phue,-9,FALSE,2
studioimaginaire/phue,-8,FALSE,0
studioimaginaire/phue,-7,FALSE,4
studioimaginaire/phue,-6,FALSE,16
studioimaginaire/phue,-5,FALSE,9
studioimaginaire/phue,-4,FALSE,1
studioimaginaire/phue,-3,FALSE,5
studioimaginaire/phue,-2,FALSE,4
studioimaginaire/phue,-1,FALSE,1
studioimaginaire/phue,0,FALSE,1
studioimaginaire/phue,1,FALSE,4
studioimaginaire/phue,2,FALSE,1
studioimaginaire/phue,3,FALSE,2
studioimaginaire/phue,4,FALSE,1
studioimaginaire/phue,5,FALSE,3
studioimaginaire/phue,6,FALSE,3
studioimaginaire/phue,7,FALSE,2
studioimaginaire/phue,8,FALSE,1
studioimaginaire/phue,9,FALSE,0
studioimaginaire/phue,10,FALSE,2
studioimaginaire/phue,11,FALSE,2
sunpy/drms,-8,TRUE,1
sunpy/drms,-7,TRUE,0
sunpy/drms,-6,TRUE,0
sunpy/drms,-5,TRUE,4
sunpy/drms,-4,TRUE,0
sunpy/drms,-3,TRUE,4
sunpy/drms,-2,TRUE,3
sunpy/drms,-1,TRUE,1
sunpy/drms,0,TRUE,7
sunpy/drms,1,TRUE,4
sunpy/drms,2,TRUE,0
sunpy/drms,3,TRUE,0
sunpy/drms,4,TRUE,4
sunpy/drms,5,TRUE,5
sunpy/drms,6,TRUE,1
sunpy/drms,7,TRUE,1
sunpy/drms,8,TRUE,3
sunpy/drms,9,TRUE,4
sunscrapers/djoser,-10,FALSE,9
sunscrapers/djoser,-9,FALSE,21
sunscrapers/djoser,-8,FALSE,22
sunscrapers/djoser,-7,FALSE,12
sunscrapers/djoser,-6,FALSE,17
sunscrapers/djoser,-5,FALSE,18
sunscrapers/djoser,-4,FALSE,7
sunscrapers/djoser,-3,FALSE,20
sunscrapers/djoser,-2,FALSE,36
sunscrapers/djoser,-1,FALSE,22
sunscrapers/djoser,0,FALSE,12
sunscrapers/djoser,1,FALSE,18
sunscrapers/djoser,2,FALSE,12
sunscrapers/djoser,3,FALSE,6
sunscrapers/djoser,4,FALSE,10
sunscrapers/djoser,5,FALSE,11
sunscrapers/djoser,6,FALSE,10
sunscrapers/djoser,7,FALSE,15
sunscrapers/djoser,8,FALSE,18
sunscrapers/djoser,9,FALSE,12
sunscrapers/djoser,10,FALSE,5
syrusakbary/snapshottest,-8,TRUE,5
syrusakbary/snapshottest,-7,TRUE,9
syrusakbary/snapshottest,-6,TRUE,14
syrusakbary/snapshottest,-5,TRUE,5
syrusakbary/snapshottest,-4,TRUE,9
syrusakbary/snapshottest,-3,TRUE,7
syrusakbary/snapshottest,-2,TRUE,7
syrusakbary/snapshottest,-1,TRUE,20
syrusakbary/snapshottest,0,TRUE,0
syrusakbary/snapshottest,1,TRUE,1
syrusakbary/snapshottest,2,TRUE,1
syrusakbary/snapshottest,3,TRUE,0
syrusakbary/snapshottest,4,TRUE,1
syrusakbary/snapshottest,5,TRUE,1
syrusakbary/snapshottest,6,TRUE,2
syrusakbary/snapshottest,7,TRUE,1
syrusakbary/snapshottest,8,TRUE,0
tammoippen/plotille,-6,FALSE,1
tammoippen/plotille,-5,FALSE,6
tammoippen/plotille,-4,FALSE,2
tammoippen/plotille,-3,FALSE,1
tammoippen/plotille,-2,FALSE,2
tammoippen/plotille,-1,FALSE,2
tammoippen/plotille,0,FALSE,2
tammoippen/plotille,1,FALSE,2
tammoippen/plotille,2,FALSE,1
tammoippen/plotille,3,FALSE,1
tammoippen/plotille,4,FALSE,3
tammoippen/plotille,5,FALSE,0
tammoippen/plotille,6,FALSE,0
tammoippen/plotille,7,FALSE,1
tammoippen/plotille,8,FALSE,2
tammoippen/plotille,9,FALSE,1
tardyp/sphinx-jinja,-10,FALSE,1
tardyp/sphinx-jinja,-9,FALSE,1
tardyp/sphinx-jinja,-8,FALSE,2
tardyp/sphinx-jinja,-7,FALSE,0
tardyp/sphinx-jinja,-6,FALSE,2
tardyp/sphinx-jinja,-5,FALSE,2
tardyp/sphinx-jinja,-4,FALSE,0
tardyp/sphinx-jinja,-3,FALSE,0
tardyp/sphinx-jinja,-2,FALSE,1
tardyp/sphinx-jinja,-1,FALSE,2
tardyp/sphinx-jinja,0,FALSE,1
tardyp/sphinx-jinja,1,FALSE,0
tardyp/sphinx-jinja,2,FALSE,8
tardyp/sphinx-jinja,3,FALSE,0
tardyp/sphinx-jinja,4,FALSE,1
tardyp/sphinx-jinja,5,FALSE,1
tardyp/sphinx-jinja,6,FALSE,0
tardyp/sphinx-jinja,7,FALSE,0
tardyp/sphinx-jinja,8,FALSE,0
taverntesting/tavern,-9,FALSE,2
taverntesting/tavern,-8,FALSE,37
taverntesting/tavern,-7,FALSE,18
taverntesting/tavern,-6,FALSE,35
taverntesting/tavern,-5,FALSE,37
taverntesting/tavern,-4,FALSE,11
taverntesting/tavern,-3,FALSE,24
taverntesting/tavern,-2,FALSE,30
taverntesting/tavern,-1,FALSE,16
taverntesting/tavern,0,FALSE,17
taverntesting/tavern,1,FALSE,18
taverntesting/tavern,2,FALSE,21
taverntesting/tavern,3,FALSE,6
taverntesting/tavern,4,FALSE,19
taverntesting/tavern,5,FALSE,1
taverntesting/tavern,6,FALSE,7
taynaud/python-louvain,-8,FALSE,2
taynaud/python-louvain,-7,FALSE,4
taynaud/python-louvain,-6,FALSE,2
taynaud/python-louvain,-5,FALSE,2
taynaud/python-louvain,-4,FALSE,4
taynaud/python-louvain,-3,FALSE,0
taynaud/python-louvain,-2,FALSE,3
taynaud/python-louvain,-1,FALSE,2
taynaud/python-louvain,0,FALSE,2
taynaud/python-louvain,1,FALSE,2
taynaud/python-louvain,2,FALSE,2
taynaud/python-louvain,3,FALSE,0
taynaud/python-louvain,4,FALSE,0
taynaud/python-louvain,5,FALSE,0
taynaud/python-louvain,6,FALSE,1
taynaud/python-louvain,7,FALSE,0
taynaud/python-louvain,8,FALSE,0
tdryer/hangups,-14,FALSE,25
tdryer/hangups,-13,FALSE,18
tdryer/hangups,-12,FALSE,11
tdryer/hangups,-11,FALSE,7
tdryer/hangups,-10,FALSE,15
tdryer/hangups,-9,FALSE,12
tdryer/hangups,-8,FALSE,10
tdryer/hangups,-7,FALSE,10
tdryer/hangups,-6,FALSE,8
tdryer/hangups,-5,FALSE,2
tdryer/hangups,-4,FALSE,3
tdryer/hangups,-3,FALSE,5
tdryer/hangups,-2,FALSE,3
tdryer/hangups,-1,FALSE,2
tdryer/hangups,0,FALSE,3
tdryer/hangups,1,FALSE,0
tdryer/hangups,2,FALSE,0
tdryer/hangups,3,FALSE,0
tdryer/hangups,4,FALSE,0
tdryer/hangups,5,FALSE,0
tdryer/hangups,6,FALSE,0
tehmaze/xmodem,-12,TRUE,2
tehmaze/xmodem,-11,TRUE,0
tehmaze/xmodem,-10,TRUE,6
tehmaze/xmodem,-9,TRUE,2
tehmaze/xmodem,-8,TRUE,2
tehmaze/xmodem,-7,TRUE,1
tehmaze/xmodem,-6,TRUE,0
tehmaze/xmodem,-5,TRUE,0
tehmaze/xmodem,-4,TRUE,0
tehmaze/xmodem,-3,TRUE,3
tehmaze/xmodem,-2,TRUE,2
tehmaze/xmodem,-1,TRUE,1
tehmaze/xmodem,0,TRUE,3
tehmaze/xmodem,1,TRUE,2
tehmaze/xmodem,2,TRUE,0
tehmaze/xmodem,3,TRUE,0
tehmaze/xmodem,4,TRUE,2
tehmaze/xmodem,5,TRUE,0
tehmaze/xmodem,6,TRUE,0
tehmaze/xmodem,7,TRUE,1
tehmaze/xmodem,8,TRUE,1
tenable/pytenable,-7,FALSE,1
tenable/pytenable,-6,FALSE,5
tenable/pytenable,-5,FALSE,17
tenable/pytenable,-4,FALSE,4
tenable/pytenable,-3,FALSE,8
tenable/pytenable,-2,FALSE,14
tenable/pytenable,-1,FALSE,58
tenable/pytenable,0,FALSE,108
tenable/pytenable,1,FALSE,52
tenable/pytenable,2,FALSE,27
tenable/pytenable,3,FALSE,13
tenable/pytenable,4,FALSE,13
tenable/pytenable,5,FALSE,39
tenable/pytenable,6,FALSE,30
tenable/pytenable,7,FALSE,34
tendenci/tendenci,-14,FALSE,2
tendenci/tendenci,-13,FALSE,21
tendenci/tendenci,-12,FALSE,3
tendenci/tendenci,-11,FALSE,8
tendenci/tendenci,-10,FALSE,18
tendenci/tendenci,-9,FALSE,15
tendenci/tendenci,-8,FALSE,37
tendenci/tendenci,-7,FALSE,9
tendenci/tendenci,-6,FALSE,5
tendenci/tendenci,-5,FALSE,7
tendenci/tendenci,-4,FALSE,7
tendenci/tendenci,-3,FALSE,44
tendenci/tendenci,-2,FALSE,10
tendenci/tendenci,-1,FALSE,22
tendenci/tendenci,0,FALSE,9
tendenci/tendenci,1,FALSE,3
tendenci/tendenci,2,FALSE,5
tendenci/tendenci,3,FALSE,36
tendenci/tendenci,4,FALSE,8
tendenci/tendenci,5,FALSE,10
tendenci/tendenci,6,FALSE,10
tensorflow/graphics,-5,TRUE,5
tensorflow/graphics,-4,TRUE,13
tensorflow/graphics,-3,TRUE,38
tensorflow/graphics,-2,TRUE,21
tensorflow/graphics,-1,TRUE,19
tensorflow/graphics,0,TRUE,4
tensorflow/graphics,1,TRUE,2
tensorflow/graphics,2,TRUE,3
tensorflow/graphics,3,TRUE,0
tensorflow/graphics,4,TRUE,0
tensorflow/graphics,5,TRUE,0
tensorflow/graphics,6,TRUE,0
tensorflow/graphics,7,TRUE,0
tensorflow/io,-5,FALSE,19
tensorflow/io,-4,FALSE,184
tensorflow/io,-3,FALSE,282
tensorflow/io,-2,FALSE,208
tensorflow/io,-1,FALSE,174
tensorflow/io,0,FALSE,144
tensorflow/io,1,FALSE,62
tensorflow/io,2,FALSE,41
tensorflow/io,3,FALSE,16
tensorflow/io,4,FALSE,18
tensorflow/io,5,FALSE,48
tensorflow/io,6,FALSE,23
tensorflow/io,7,FALSE,3
tensorflow/io,8,FALSE,10
tensorflow/lucid,-7,TRUE,11
tensorflow/lucid,-6,TRUE,24
tensorflow/lucid,-5,TRUE,19
tensorflow/lucid,-4,TRUE,22
tensorflow/lucid,-3,TRUE,16
tensorflow/lucid,-2,TRUE,11
tensorflow/lucid,-1,TRUE,6
tensorflow/lucid,0,TRUE,2
tensorflow/lucid,1,TRUE,1
tensorflow/lucid,2,TRUE,0
tensorflow/lucid,3,TRUE,1
tensorflow/lucid,4,TRUE,0
tensorflow/lucid,5,TRUE,0
tensorflow/lucid,6,TRUE,0
tensorflow/lucid,7,TRUE,0
tensorflow/models,-10,FALSE,82
tensorflow/models,-9,FALSE,178
tensorflow/models,-8,FALSE,376
tensorflow/models,-7,FALSE,487
tensorflow/models,-6,FALSE,544
tensorflow/models,-5,FALSE,357
tensorflow/models,-4,FALSE,480
tensorflow/models,-3,FALSE,292
tensorflow/models,-2,FALSE,232
tensorflow/models,-1,FALSE,198
tensorflow/models,0,FALSE,123
tensorflow/models,1,FALSE,74
tensorflow/models,2,FALSE,58
tensorflow/models,3,FALSE,45
tensorflow/models,4,FALSE,59
tensorflow/models,5,FALSE,18
tensorflow/models,6,FALSE,25
tensorflow/models,7,FALSE,48
tensorflow/models,8,FALSE,14
terryyin/lizard,-11,FALSE,1
terryyin/lizard,-10,FALSE,10
terryyin/lizard,-9,FALSE,25
terryyin/lizard,-8,FALSE,22
terryyin/lizard,-7,FALSE,5
terryyin/lizard,-6,FALSE,3
terryyin/lizard,-5,FALSE,4
terryyin/lizard,-4,FALSE,5
terryyin/lizard,-3,FALSE,5
terryyin/lizard,-2,FALSE,2
terryyin/lizard,-1,FALSE,2
terryyin/lizard,0,FALSE,5
terryyin/lizard,1,FALSE,6
terryyin/lizard,2,FALSE,2
terryyin/lizard,3,FALSE,5
terryyin/lizard,4,FALSE,4
terryyin/lizard,5,FALSE,3
terryyin/lizard,6,FALSE,3
terryyin/lizard,7,FALSE,4
terryyin/lizard,8,FALSE,4
terryyin/lizard,9,FALSE,2
textstat/textstat,-11,FALSE,0
textstat/textstat,-10,FALSE,1
textstat/textstat,-9,FALSE,4
textstat/textstat,-8,FALSE,0
textstat/textstat,-7,FALSE,0
textstat/textstat,-6,FALSE,5
textstat/textstat,-5,FALSE,6
textstat/textstat,-4,FALSE,14
textstat/textstat,-3,FALSE,7
textstat/textstat,-2,FALSE,7
textstat/textstat,-1,FALSE,3
textstat/textstat,0,FALSE,5
textstat/textstat,1,FALSE,4
textstat/textstat,2,FALSE,13
textstat/textstat,3,FALSE,1
textstat/textstat,4,FALSE,2
textstat/textstat,5,FALSE,0
textstat/textstat,6,FALSE,1
textstat/textstat,7,FALSE,2
textstat/textstat,8,FALSE,1
textstat/textstat,9,FALSE,3
theacodes/cmarkgfm,-9,FALSE,4
theacodes/cmarkgfm,-8,FALSE,3
theacodes/cmarkgfm,-7,FALSE,2
theacodes/cmarkgfm,-6,FALSE,2
theacodes/cmarkgfm,-5,FALSE,1
theacodes/cmarkgfm,-4,FALSE,6
theacodes/cmarkgfm,-3,FALSE,2
theacodes/cmarkgfm,-2,FALSE,2
theacodes/cmarkgfm,-1,FALSE,2
theacodes/cmarkgfm,0,FALSE,3
theacodes/cmarkgfm,1,FALSE,0
theacodes/cmarkgfm,2,FALSE,1
theacodes/cmarkgfm,3,FALSE,0
theacodes/cmarkgfm,4,FALSE,1
theacodes/cmarkgfm,5,FALSE,0
theelous3/asks,-10,TRUE,8
theelous3/asks,-9,TRUE,17
theelous3/asks,-8,TRUE,9
theelous3/asks,-7,TRUE,7
theelous3/asks,-6,TRUE,6
theelous3/asks,-5,TRUE,15
theelous3/asks,-4,TRUE,8
theelous3/asks,-3,TRUE,7
theelous3/asks,-2,TRUE,3
theelous3/asks,-1,TRUE,1
theelous3/asks,0,TRUE,1
theelous3/asks,1,TRUE,0
theelous3/asks,2,TRUE,0
theelous3/asks,3,TRUE,0
theelous3/asks,4,TRUE,0
theelous3/asks,5,TRUE,0
theelous3/asks,6,TRUE,0
thonny/thonny,-7,FALSE,0
thonny/thonny,-6,FALSE,0
thonny/thonny,-5,FALSE,0
thonny/thonny,-4,FALSE,21
thonny/thonny,-3,FALSE,24
thonny/thonny,-2,FALSE,14
thonny/thonny,-1,FALSE,10
thonny/thonny,0,FALSE,10
thonny/thonny,1,FALSE,16
thonny/thonny,2,FALSE,2
thonny/thonny,3,FALSE,9
thonny/thonny,4,FALSE,20
thonny/thonny,5,FALSE,8
thonny/thonny,6,FALSE,14
thonny/thonny,7,FALSE,3
thonny/thonny,8,FALSE,10
timotheus/ebaysdk-python,-12,TRUE,6
timotheus/ebaysdk-python,-11,TRUE,3
timotheus/ebaysdk-python,-10,TRUE,4
timotheus/ebaysdk-python,-9,TRUE,1
timotheus/ebaysdk-python,-8,TRUE,3
timotheus/ebaysdk-python,-7,TRUE,3
timotheus/ebaysdk-python,-6,TRUE,3
timotheus/ebaysdk-python,-5,TRUE,3
timotheus/ebaysdk-python,-4,TRUE,4
timotheus/ebaysdk-python,-3,TRUE,1
timotheus/ebaysdk-python,-2,TRUE,6
timotheus/ebaysdk-python,-1,TRUE,2
timotheus/ebaysdk-python,0,TRUE,1
timotheus/ebaysdk-python,1,TRUE,0
timotheus/ebaysdk-python,2,TRUE,0
timotheus/ebaysdk-python,3,TRUE,0
timotheus/ebaysdk-python,4,TRUE,1
timotheus/ebaysdk-python,5,TRUE,0
timotheus/ebaysdk-python,6,TRUE,0
timotheus/ebaysdk-python,7,TRUE,0
timotheus/ebaysdk-python,8,TRUE,0
tkarabela/pysubs2,-14,FALSE,0
tkarabela/pysubs2,-13,FALSE,0
tkarabela/pysubs2,-12,FALSE,0
tkarabela/pysubs2,-11,FALSE,0
tkarabela/pysubs2,-10,FALSE,0
tkarabela/pysubs2,-9,FALSE,4
tkarabela/pysubs2,-8,FALSE,2
tkarabela/pysubs2,-7,FALSE,2
tkarabela/pysubs2,-6,FALSE,0
tkarabela/pysubs2,-5,FALSE,0
tkarabela/pysubs2,-4,FALSE,1
tkarabela/pysubs2,-3,FALSE,1
tkarabela/pysubs2,-2,FALSE,0
tkarabela/pysubs2,-1,FALSE,2
tkarabela/pysubs2,0,FALSE,0
tkarabela/pysubs2,1,FALSE,2
tkarabela/pysubs2,2,FALSE,3
tkarabela/pysubs2,3,FALSE,4
tkarabela/pysubs2,4,FALSE,3
tkarabela/pysubs2,5,FALSE,3
tkarabela/pysubs2,6,FALSE,0
tomplus/kubernetes_asyncio,-6,FALSE,14
tomplus/kubernetes_asyncio,-5,FALSE,18
tomplus/kubernetes_asyncio,-4,FALSE,7
tomplus/kubernetes_asyncio,-3,FALSE,10
tomplus/kubernetes_asyncio,-2,FALSE,12
tomplus/kubernetes_asyncio,-1,FALSE,9
tomplus/kubernetes_asyncio,0,FALSE,7
tomplus/kubernetes_asyncio,1,FALSE,6
tomplus/kubernetes_asyncio,2,FALSE,14
tomplus/kubernetes_asyncio,3,FALSE,6
tomplus/kubernetes_asyncio,4,FALSE,17
tomplus/kubernetes_asyncio,5,FALSE,19
tomplus/kubernetes_asyncio,6,FALSE,13
tomplus/kubernetes_asyncio,7,FALSE,15
tomplus/kubernetes_asyncio,8,FALSE,10
tox-dev/pipdeptree,-12,FALSE,4
tox-dev/pipdeptree,-11,FALSE,5
tox-dev/pipdeptree,-10,FALSE,4
tox-dev/pipdeptree,-9,FALSE,3
tox-dev/pipdeptree,-8,FALSE,9
tox-dev/pipdeptree,-7,FALSE,4
tox-dev/pipdeptree,-6,FALSE,7
tox-dev/pipdeptree,-5,FALSE,1
tox-dev/pipdeptree,-4,FALSE,2
tox-dev/pipdeptree,-3,FALSE,2
tox-dev/pipdeptree,-2,FALSE,0
tox-dev/pipdeptree,-1,FALSE,7
tox-dev/pipdeptree,0,FALSE,1
tox-dev/pipdeptree,1,FALSE,5
tox-dev/pipdeptree,2,FALSE,1
tox-dev/pipdeptree,3,FALSE,5
tox-dev/pipdeptree,4,FALSE,28
tox-dev/pipdeptree,5,FALSE,24
tox-dev/pipdeptree,6,FALSE,26
tox-dev/pipdeptree,7,FALSE,7
tox-dev/pipdeptree,8,FALSE,13
translate/translate,-12,FALSE,17
translate/translate,-11,FALSE,78
translate/translate,-10,FALSE,42
translate/translate,-9,FALSE,63
translate/translate,-8,FALSE,83
translate/translate,-7,FALSE,75
translate/translate,-6,FALSE,47
translate/translate,-5,FALSE,24
translate/translate,-4,FALSE,39
translate/translate,-3,FALSE,17
translate/translate,-2,FALSE,102
translate/translate,-1,FALSE,69
translate/translate,0,FALSE,50
translate/translate,1,FALSE,22
translate/translate,2,FALSE,58
translate/translate,3,FALSE,30
translate/translate,4,FALSE,51
translate/translate,5,FALSE,72
translate/translate,6,FALSE,38
translate/translate,7,FALSE,61
translate/translate,8,FALSE,56
tvorog/pytest-lazy-fixture,-7,FALSE,3
tvorog/pytest-lazy-fixture,-6,FALSE,2
tvorog/pytest-lazy-fixture,-5,FALSE,2
tvorog/pytest-lazy-fixture,-4,FALSE,0
tvorog/pytest-lazy-fixture,-3,FALSE,2
tvorog/pytest-lazy-fixture,-2,FALSE,3
tvorog/pytest-lazy-fixture,-1,FALSE,4
tvorog/pytest-lazy-fixture,0,FALSE,1
tvorog/pytest-lazy-fixture,1,FALSE,0
tvorog/pytest-lazy-fixture,2,FALSE,0
tvorog/pytest-lazy-fixture,3,FALSE,1
tvorog/pytest-lazy-fixture,4,FALSE,1
tvorog/pytest-lazy-fixture,5,FALSE,0
tvorog/pytest-lazy-fixture,6,FALSE,0
tvorog/pytest-lazy-fixture,7,FALSE,2
tvorog/pytest-lazy-fixture,8,FALSE,0
tvorog/pytest-lazy-fixture,9,FALSE,0
tvorog/pytest-lazy-fixture,10,FALSE,0
twelvedata/twelvedata-python,-5,FALSE,0
twelvedata/twelvedata-python,-4,FALSE,2
twelvedata/twelvedata-python,-3,FALSE,0
twelvedata/twelvedata-python,-2,FALSE,1
twelvedata/twelvedata-python,-1,FALSE,4
twelvedata/twelvedata-python,0,FALSE,0
twelvedata/twelvedata-python,1,FALSE,0
twelvedata/twelvedata-python,2,FALSE,0
twelvedata/twelvedata-python,3,FALSE,0
twelvedata/twelvedata-python,4,FALSE,4
twelvedata/twelvedata-python,5,FALSE,0
twisted/towncrier,-10,FALSE,5
twisted/towncrier,-9,FALSE,7
twisted/towncrier,-8,FALSE,4
twisted/towncrier,-7,FALSE,6
twisted/towncrier,-6,FALSE,21
twisted/towncrier,-5,FALSE,6
twisted/towncrier,-4,FALSE,6
twisted/towncrier,-3,FALSE,4
twisted/towncrier,-2,FALSE,11
twisted/towncrier,-1,FALSE,4
twisted/towncrier,0,FALSE,27
twisted/towncrier,1,FALSE,22
twisted/towncrier,2,FALSE,5
twisted/towncrier,3,FALSE,11
twisted/towncrier,4,FALSE,39
twisted/towncrier,5,FALSE,35
twisted/towncrier,6,FALSE,18
twisted/towncrier,7,FALSE,25
twisted/towncrier,8,FALSE,24
twisted/towncrier,9,FALSE,11
ultrajson/ultrajson,-15,FALSE,4
ultrajson/ultrajson,-14,FALSE,9
ultrajson/ultrajson,-13,FALSE,6
ultrajson/ultrajson,-12,FALSE,4
ultrajson/ultrajson,-11,FALSE,9
ultrajson/ultrajson,-10,FALSE,8
ultrajson/ultrajson,-9,FALSE,0
ultrajson/ultrajson,-8,FALSE,2
ultrajson/ultrajson,-7,FALSE,1
ultrajson/ultrajson,-6,FALSE,3
ultrajson/ultrajson,-5,FALSE,38
ultrajson/ultrajson,-4,FALSE,14
ultrajson/ultrajson,-3,FALSE,7
ultrajson/ultrajson,-2,FALSE,17
ultrajson/ultrajson,-1,FALSE,39
ultrajson/ultrajson,0,FALSE,9
ultrajson/ultrajson,1,FALSE,9
ultrajson/ultrajson,2,FALSE,6
ultrajson/ultrajson,3,FALSE,6
ultrajson/ultrajson,4,FALSE,7
ultrajson/ultrajson,5,FALSE,7
unionai-oss/pandera,-5,FALSE,0
unionai-oss/pandera,-4,FALSE,0
unionai-oss/pandera,-3,FALSE,22
unionai-oss/pandera,-2,FALSE,51
unionai-oss/pandera,-1,FALSE,71
unionai-oss/pandera,0,FALSE,58
unionai-oss/pandera,1,FALSE,81
unionai-oss/pandera,2,FALSE,47
unionai-oss/pandera,3,FALSE,60
unionai-oss/pandera,4,FALSE,54
unionai-oss/pandera,5,FALSE,57
unionai-oss/pandera,6,FALSE,97
unionai-oss/pandera,7,FALSE,61
unionai-oss/pandera,8,FALSE,74
unoconv/unoconv,-11,FALSE,6
unoconv/unoconv,-10,FALSE,13
unoconv/unoconv,-9,FALSE,8
unoconv/unoconv,-8,FALSE,4
unoconv/unoconv,-7,FALSE,2
unoconv/unoconv,-6,FALSE,10
unoconv/unoconv,-5,FALSE,3
unoconv/unoconv,-4,FALSE,5
unoconv/unoconv,-3,FALSE,6
unoconv/unoconv,-2,FALSE,2
unoconv/unoconv,-1,FALSE,4
unoconv/unoconv,0,FALSE,4
unoconv/unoconv,1,FALSE,0
unoconv/unoconv,2,FALSE,3
unoconv/unoconv,3,FALSE,0
unoconv/unoconv,4,FALSE,0
unoconv/unoconv,5,FALSE,1
unoconv/unoconv,6,FALSE,0
unoconv/unoconv,7,FALSE,0
unoconv/unoconv,8,FALSE,0
unoconv/unoconv,9,FALSE,1
uqfoundation/pathos,-13,FALSE,0
uqfoundation/pathos,-12,FALSE,0
uqfoundation/pathos,-11,FALSE,1
uqfoundation/pathos,-10,FALSE,0
uqfoundation/pathos,-9,FALSE,0
uqfoundation/pathos,-8,FALSE,0
uqfoundation/pathos,-7,FALSE,1
uqfoundation/pathos,-6,FALSE,0
uqfoundation/pathos,-5,FALSE,0
uqfoundation/pathos,-4,FALSE,0
uqfoundation/pathos,-3,FALSE,1
uqfoundation/pathos,-2,FALSE,1
uqfoundation/pathos,-1,FALSE,0
uqfoundation/pathos,0,FALSE,0
uqfoundation/pathos,1,FALSE,1
uqfoundation/pathos,2,FALSE,2
uqfoundation/pathos,3,FALSE,0
uqfoundation/pathos,4,FALSE,6
uqfoundation/pathos,5,FALSE,3
uqfoundation/pathos,6,FALSE,7
uqfoundation/pathos,7,FALSE,5
urschrei/pyzotero,-15,FALSE,6
urschrei/pyzotero,-14,FALSE,0
urschrei/pyzotero,-13,FALSE,1
urschrei/pyzotero,-12,FALSE,3
urschrei/pyzotero,-11,FALSE,6
urschrei/pyzotero,-10,FALSE,0
urschrei/pyzotero,-9,FALSE,2
urschrei/pyzotero,-8,FALSE,2
urschrei/pyzotero,-7,FALSE,0
urschrei/pyzotero,-6,FALSE,1
urschrei/pyzotero,-5,FALSE,1
urschrei/pyzotero,-4,FALSE,1
urschrei/pyzotero,-3,FALSE,4
urschrei/pyzotero,-2,FALSE,1
urschrei/pyzotero,-1,FALSE,1
urschrei/pyzotero,0,FALSE,0
urschrei/pyzotero,1,FALSE,1
urschrei/pyzotero,2,FALSE,0
urschrei/pyzotero,3,FALSE,0
urschrei/pyzotero,4,FALSE,6
urschrei/pyzotero,5,FALSE,13
valohai/valohai-yaml,-8,FALSE,6
valohai/valohai-yaml,-7,FALSE,0
valohai/valohai-yaml,-6,FALSE,2
valohai/valohai-yaml,-5,FALSE,3
valohai/valohai-yaml,-4,FALSE,6
valohai/valohai-yaml,-3,FALSE,6
valohai/valohai-yaml,-2,FALSE,4
valohai/valohai-yaml,-1,FALSE,4
valohai/valohai-yaml,0,FALSE,10
valohai/valohai-yaml,1,FALSE,10
valohai/valohai-yaml,2,FALSE,5
valohai/valohai-yaml,3,FALSE,9
valohai/valohai-yaml,4,FALSE,10
valohai/valohai-yaml,5,FALSE,33
valohai/valohai-yaml,6,FALSE,6
valohai/valohai-yaml,7,FALSE,5
valohai/valohai-yaml,8,FALSE,11
vapor-ware/kubetest,-5,TRUE,6
vapor-ware/kubetest,-4,TRUE,13
vapor-ware/kubetest,-3,TRUE,35
vapor-ware/kubetest,-2,TRUE,17
vapor-ware/kubetest,-1,TRUE,13
vapor-ware/kubetest,0,TRUE,1
vapor-ware/kubetest,1,TRUE,0
vapor-ware/kubetest,2,TRUE,0
vapor-ware/kubetest,3,TRUE,1
vapor-ware/kubetest,4,TRUE,0
vapor-ware/kubetest,5,TRUE,0
vapor-ware/kubetest,6,TRUE,0
vapor-ware/kubetest,7,TRUE,0
vapor-ware/kubetest,8,TRUE,1
victordomingos/optimize-images,-6,FALSE,0
victordomingos/optimize-images,-5,FALSE,0
victordomingos/optimize-images,-4,FALSE,1
victordomingos/optimize-images,-3,FALSE,0
victordomingos/optimize-images,-2,FALSE,1
victordomingos/optimize-images,-1,FALSE,2
victordomingos/optimize-images,0,FALSE,2
victordomingos/optimize-images,1,FALSE,0
victordomingos/optimize-images,2,FALSE,1
victordomingos/optimize-images,3,FALSE,1
victordomingos/optimize-images,4,FALSE,0
victordomingos/optimize-images,5,FALSE,0
victordomingos/optimize-images,6,FALSE,0
victordomingos/optimize-images,7,FALSE,0
viralogic/py-enumerable,-13,FALSE,0
viralogic/py-enumerable,-12,FALSE,0
viralogic/py-enumerable,-11,FALSE,0
viralogic/py-enumerable,-10,FALSE,0
viralogic/py-enumerable,-9,FALSE,0
viralogic/py-enumerable,-8,FALSE,2
viralogic/py-enumerable,-7,FALSE,0
viralogic/py-enumerable,-6,FALSE,0
viralogic/py-enumerable,-5,FALSE,0
viralogic/py-enumerable,-4,FALSE,1
viralogic/py-enumerable,-3,FALSE,10
viralogic/py-enumerable,-2,FALSE,5
viralogic/py-enumerable,-1,FALSE,0
viralogic/py-enumerable,0,FALSE,4
viralogic/py-enumerable,1,FALSE,1
viralogic/py-enumerable,2,FALSE,0
viralogic/py-enumerable,3,FALSE,2
viralogic/py-enumerable,4,FALSE,0
viralogic/py-enumerable,5,FALSE,1
viralogic/py-enumerable,6,FALSE,0
viralogic/py-enumerable,7,FALSE,0
vvaezian/metabase_api_python,-6,FALSE,0
vvaezian/metabase_api_python,-5,FALSE,0
vvaezian/metabase_api_python,-4,FALSE,2
vvaezian/metabase_api_python,-3,FALSE,4
vvaezian/metabase_api_python,-2,FALSE,2
vvaezian/metabase_api_python,-1,FALSE,2
vvaezian/metabase_api_python,0,FALSE,1
vvaezian/metabase_api_python,1,FALSE,3
vvaezian/metabase_api_python,2,FALSE,0
vvaezian/metabase_api_python,3,FALSE,3
vvaezian/metabase_api_python,4,FALSE,2
vvaezian/metabase_api_python,5,FALSE,0
wagtail/wagtail-autocomplete,-7,FALSE,0
wagtail/wagtail-autocomplete,-6,FALSE,4
wagtail/wagtail-autocomplete,-5,FALSE,4
wagtail/wagtail-autocomplete,-4,FALSE,10
wagtail/wagtail-autocomplete,-3,FALSE,1
wagtail/wagtail-autocomplete,-2,FALSE,9
wagtail/wagtail-autocomplete,-1,FALSE,1
wagtail/wagtail-autocomplete,0,FALSE,4
wagtail/wagtail-autocomplete,1,FALSE,1
wagtail/wagtail-autocomplete,2,FALSE,7
wagtail/wagtail-autocomplete,3,FALSE,9
wagtail/wagtail-autocomplete,4,FALSE,4
wagtail/wagtail-autocomplete,5,FALSE,15
wagtail/wagtail-autocomplete,6,FALSE,5
wagtail/wagtail-autocomplete,7,FALSE,5
wagtail/wagtail-autocomplete,8,FALSE,7
wasmerio/wasmer-python,-5,FALSE,29
wasmerio/wasmer-python,-4,FALSE,19
wasmerio/wasmer-python,-3,FALSE,39
wasmerio/wasmer-python,-2,FALSE,26
wasmerio/wasmer-python,-1,FALSE,16
wasmerio/wasmer-python,0,FALSE,15
wasmerio/wasmer-python,1,FALSE,1
wasmerio/wasmer-python,2,FALSE,0
wasmerio/wasmer-python,3,FALSE,3
wasmerio/wasmer-python,4,FALSE,0
wasmerio/wasmer-python,5,FALSE,0
wasmerio/wasmer-python,6,FALSE,0
wasmerio/wasmer-python,7,FALSE,0
waynerv/flask-mailman,-5,TRUE,0
waynerv/flask-mailman,-4,TRUE,1
waynerv/flask-mailman,-3,TRUE,1
waynerv/flask-mailman,-2,TRUE,11
waynerv/flask-mailman,-1,TRUE,4
waynerv/flask-mailman,0,TRUE,3
waynerv/flask-mailman,1,TRUE,0
waynerv/flask-mailman,2,TRUE,2
waynerv/flask-mailman,3,TRUE,10
waynerv/flask-mailman,4,TRUE,1
waynerv/flask-mailman,5,TRUE,3
waynerv/flask-mailman,6,TRUE,0
weaveworks/grafanalib,-9,FALSE,4
weaveworks/grafanalib,-8,FALSE,26
weaveworks/grafanalib,-7,FALSE,34
weaveworks/grafanalib,-6,FALSE,23
weaveworks/grafanalib,-5,FALSE,6
weaveworks/grafanalib,-4,FALSE,12
weaveworks/grafanalib,-3,FALSE,15
weaveworks/grafanalib,-2,FALSE,44
weaveworks/grafanalib,-1,FALSE,27
weaveworks/grafanalib,0,FALSE,38
weaveworks/grafanalib,1,FALSE,26
weaveworks/grafanalib,2,FALSE,25
weaveworks/grafanalib,3,FALSE,15
weaveworks/grafanalib,4,FALSE,14
weaveworks/grafanalib,5,FALSE,12
weaveworks/grafanalib,6,FALSE,14
weaveworks/grafanalib,7,FALSE,8
weaveworks/grafanalib,8,FALSE,4
web-push-libs/pywebpush,-10,FALSE,6
web-push-libs/pywebpush,-9,FALSE,10
web-push-libs/pywebpush,-8,FALSE,16
web-push-libs/pywebpush,-7,FALSE,8
web-push-libs/pywebpush,-6,FALSE,6
web-push-libs/pywebpush,-5,FALSE,1
web-push-libs/pywebpush,-4,FALSE,9
web-push-libs/pywebpush,-3,FALSE,2
web-push-libs/pywebpush,-2,FALSE,4
web-push-libs/pywebpush,-1,FALSE,0
web-push-libs/pywebpush,0,FALSE,3
web-push-libs/pywebpush,1,FALSE,3
web-push-libs/pywebpush,2,FALSE,0
web-push-libs/pywebpush,3,FALSE,1
web-push-libs/pywebpush,4,FALSE,1
web-push-libs/pywebpush,5,FALSE,1
web-push-libs/pywebpush,6,FALSE,2
web-push-libs/pywebpush,7,FALSE,5
web-push-libs/pywebpush,8,FALSE,0
workhorsy/py-cpuinfo,-15,TRUE,1
workhorsy/py-cpuinfo,-14,TRUE,0
workhorsy/py-cpuinfo,-13,TRUE,5
workhorsy/py-cpuinfo,-12,TRUE,0
workhorsy/py-cpuinfo,-11,TRUE,9
workhorsy/py-cpuinfo,-10,TRUE,3
workhorsy/py-cpuinfo,-9,TRUE,5
workhorsy/py-cpuinfo,-8,TRUE,0
workhorsy/py-cpuinfo,-7,TRUE,11
workhorsy/py-cpuinfo,-6,TRUE,0
workhorsy/py-cpuinfo,-5,TRUE,4
workhorsy/py-cpuinfo,-4,TRUE,2
workhorsy/py-cpuinfo,-3,TRUE,3
workhorsy/py-cpuinfo,-2,TRUE,2
workhorsy/py-cpuinfo,-1,TRUE,1
workhorsy/py-cpuinfo,0,TRUE,15
workhorsy/py-cpuinfo,1,TRUE,0
workhorsy/py-cpuinfo,2,TRUE,5
workhorsy/py-cpuinfo,3,TRUE,2
workhorsy/py-cpuinfo,4,TRUE,0
workhorsy/py-cpuinfo,5,TRUE,0
wpietri/sucks,-6,TRUE,16
wpietri/sucks,-5,TRUE,3
wpietri/sucks,-4,TRUE,4
wpietri/sucks,-3,TRUE,2
wpietri/sucks,-2,TRUE,1
wpietri/sucks,-1,TRUE,2
wpietri/sucks,0,TRUE,0
wpietri/sucks,1,TRUE,0
wpietri/sucks,2,TRUE,0
wpietri/sucks,3,TRUE,0
wpietri/sucks,4,TRUE,0
wpietri/sucks,5,TRUE,0
wpietri/sucks,6,TRUE,0
wpietri/sucks,7,TRUE,0
wpietri/sucks,8,TRUE,0
wpietri/sucks,9,TRUE,0
xgcm/xhistogram,-7,TRUE,1
xgcm/xhistogram,-6,TRUE,5
xgcm/xhistogram,-5,TRUE,1
xgcm/xhistogram,-4,TRUE,3
xgcm/xhistogram,-3,TRUE,26
xgcm/xhistogram,-2,TRUE,3
xgcm/xhistogram,-1,TRUE,1
xgcm/xhistogram,0,TRUE,4
xgcm/xhistogram,1,TRUE,0
xgcm/xhistogram,2,TRUE,2
xgcm/xhistogram,3,TRUE,1
xgcm/xhistogram,4,TRUE,0
xgcm/xhistogram,5,TRUE,1
yourlabs/django-autocomplete-light,-12,FALSE,64
yourlabs/django-autocomplete-light,-11,FALSE,41
yourlabs/django-autocomplete-light,-10,FALSE,58
yourlabs/django-autocomplete-light,-9,FALSE,28
yourlabs/django-autocomplete-light,-8,FALSE,31
yourlabs/django-autocomplete-light,-7,FALSE,29
yourlabs/django-autocomplete-light,-6,FALSE,17
yourlabs/django-autocomplete-light,-5,FALSE,17
yourlabs/django-autocomplete-light,-4,FALSE,10
yourlabs/django-autocomplete-light,-3,FALSE,10
yourlabs/django-autocomplete-light,-2,FALSE,12
yourlabs/django-autocomplete-light,-1,FALSE,13
yourlabs/django-autocomplete-light,0,FALSE,8
yourlabs/django-autocomplete-light,1,FALSE,10
yourlabs/django-autocomplete-light,2,FALSE,9
yourlabs/django-autocomplete-light,3,FALSE,8
yourlabs/django-autocomplete-light,4,FALSE,8
yourlabs/django-autocomplete-light,5,FALSE,5
yourlabs/django-autocomplete-light,6,FALSE,9
yourlabs/django-autocomplete-light,7,FALSE,11
yourlabs/django-autocomplete-light,8,FALSE,7
zalando-stups/pierone-cli,-11,TRUE,6
zalando-stups/pierone-cli,-10,TRUE,4
zalando-stups/pierone-cli,-9,TRUE,13
zalando-stups/pierone-cli,-8,TRUE,3
zalando-stups/pierone-cli,-7,TRUE,2
zalando-stups/pierone-cli,-6,TRUE,3
zalando-stups/pierone-cli,-5,TRUE,6
zalando-stups/pierone-cli,-4,TRUE,7
zalando-stups/pierone-cli,-3,TRUE,2
zalando-stups/pierone-cli,-2,TRUE,3
zalando-stups/pierone-cli,-1,TRUE,3
zalando-stups/pierone-cli,0,TRUE,2
zalando-stups/pierone-cli,1,TRUE,2
zalando-stups/pierone-cli,2,TRUE,0
zalando-stups/pierone-cli,3,TRUE,2
zalando-stups/pierone-cli,4,TRUE,0
zalando-stups/pierone-cli,5,TRUE,0
zalando-stups/pierone-cli,6,TRUE,0
zalando-stups/pierone-cli,7,TRUE,0
zalando-stups/pierone-cli,8,TRUE,0
zalando-stups/pierone-cli,9,TRUE,0
zarr-developers/numcodecs,-5,FALSE,7
zarr-developers/numcodecs,-4,FALSE,39
zarr-developers/numcodecs,-3,FALSE,12
zarr-developers/numcodecs,-2,FALSE,18
zarr-developers/numcodecs,-1,FALSE,13
zarr-developers/numcodecs,0,FALSE,13
zarr-developers/numcodecs,1,FALSE,11
zarr-developers/numcodecs,2,FALSE,11
zarr-developers/numcodecs,3,FALSE,10
zarr-developers/numcodecs,4,FALSE,47
zarr-developers/numcodecs,5,FALSE,10
zarr-developers/numcodecs,6,FALSE,23
zarr-developers/numcodecs,7,FALSE,15
zarr-developers/numcodecs,8,FALSE,70
zarr-developers/numcodecs,9,FALSE,43
zigpy/zha-device-handlers,-8,FALSE,7
zigpy/zha-device-handlers,-7,FALSE,51
zigpy/zha-device-handlers,-6,FALSE,73
zigpy/zha-device-handlers,-5,FALSE,76
zigpy/zha-device-handlers,-4,FALSE,134
zigpy/zha-device-handlers,-3,FALSE,113
zigpy/zha-device-handlers,-2,FALSE,120
zigpy/zha-device-handlers,-1,FALSE,160
zigpy/zha-device-handlers,0,FALSE,124
zigpy/zha-device-handlers,1,FALSE,155
zigpy/zha-device-handlers,2,FALSE,138
zigpy/zha-device-handlers,3,FALSE,95
zigpy/zha-device-handlers,4,FALSE,165
zigpy/zha-device-handlers,5,FALSE,232
zooniverse/panoptes-python-client,-10,FALSE,0
zooniverse/panoptes-python-client,-9,FALSE,37
zooniverse/panoptes-python-client,-8,FALSE,41
zooniverse/panoptes-python-client,-7,FALSE,22
zooniverse/panoptes-python-client,-6,FALSE,11
zooniverse/panoptes-python-client,-5,FALSE,23
zooniverse/panoptes-python-client,-4,FALSE,8
zooniverse/panoptes-python-client,-3,FALSE,7
zooniverse/panoptes-python-client,-2,FALSE,4
zooniverse/panoptes-python-client,-1,FALSE,5
zooniverse/panoptes-python-client,0,FALSE,6
zooniverse/panoptes-python-client,1,FALSE,3
zooniverse/panoptes-python-client,2,FALSE,7
zooniverse/panoptes-python-client,3,FALSE,11
zooniverse/panoptes-python-client,4,FALSE,1
zooniverse/panoptes-python-client,5,FALSE,3
zooniverse/panoptes-python-client,6,FALSE,8
zooniverse/panoptes-python-client,7,FALSE,2
zooniverse/panoptes-python-client,8,FALSE,4
zopefoundation/zope.index,-13,TRUE,2
zopefoundation/zope.index,-12,TRUE,2
zopefoundation/zope.index,-11,TRUE,0
zopefoundation/zope.index,-10,TRUE,7
zopefoundation/zope.index,-9,TRUE,2
zopefoundation/zope.index,-8,TRUE,0
zopefoundation/zope.index,-7,TRUE,1
zopefoundation/zope.index,-6,TRUE,1
zopefoundation/zope.index,-5,TRUE,2
zopefoundation/zope.index,-4,TRUE,1
zopefoundation/zope.index,-3,TRUE,1
zopefoundation/zope.index,-2,TRUE,2
zopefoundation/zope.index,-1,TRUE,1
zopefoundation/zope.index,0,TRUE,1
zopefoundation/zope.index,1,TRUE,2
zopefoundation/zope.index,2,TRUE,2
zopefoundation/zope.index,3,TRUE,3
zopefoundation/zope.index,4,TRUE,9
zopefoundation/zope.index,5,TRUE,4
zopefoundation/zope.index,6,TRUE,2
zsoldosp/django-currentuser,-7,FALSE,1
zsoldosp/django-currentuser,-6,FALSE,5
zsoldosp/django-currentuser,-5,FALSE,3
zsoldosp/django-currentuser,-4,FALSE,1
zsoldosp/django-currentuser,-3,FALSE,10
zsoldosp/django-currentuser,-2,FALSE,2
zsoldosp/django-currentuser,-1,FALSE,3
zsoldosp/django-currentuser,0,FALSE,2
zsoldosp/django-currentuser,1,FALSE,3
zsoldosp/django-currentuser,2,FALSE,0
zsoldosp/django-currentuser,3,FALSE,4
zsoldosp/django-currentuser,4,FALSE,0
zsoldosp/django-currentuser,5,FALSE,0
zsoldosp/django-currentuser,6,FALSE,1
zsoldosp/django-currentuser,7,FALSE,1
zsoldosp/django-currentuser,8,FALSE,2
zsoldosp/django-currentuser,9,FALSE,3
