metric,n,n_na,mean,median,sd,p10,p25,p75,p90
error_open_pct,582,0,12154.898504792585,-28.571428571428555,292146.1992646509,-100.0,-70.58823529411765,42.09541349809885,177.58620689655166
error_review_rate_pp,509,73,-1.0224609396761495,2.5114312100535163,28.425103163413674,-34.074778468939606,-14.28571428571428,14.685239175035091,29.48745639831365
error_merge_rate_pp,475,107,-23.757297532255077,-18.181818181818176,153.480565102127,-111.94444444444444,-55.38194444444444,8.692528735632177,44.673006175272704
