metric,n,n_na,mean,median,sd,p10,p25,p75,p90
error_open_pct,362,0,43.4604383183746,-44.20498084291188,458.8013750799683,-100.0,-77.14059196617336,24.999999999999993,150.0
error_review_rate_pp,299,63,19.217770581104904,7.31772676850968,98.19892590173636,-57.92446121968118,-19.381517677704643,33.29663804043674,64.9136363676357
error_merge_rate_pp,266,96,2.4144268673183134,-17.753492919544577,331.78179064380305,-140.359477124183,-67.73049645390071,9.303977272727277,75.46558704453442
error_review_rate_pct,294,68,32.44635508232016,10.659333260109708,152.76051699540807,-100.0,-27.898111266746714,47.43284360180607,133.8998817040755
error_merge_rate_pct,263,99,7.5264168844708434,-23.07692307692308,186.28290936927755,-100.0,-64.93853739843044,7.767722473604826,100.0
