metric,n,n_na,mean,median,sd,p10,p25,p75,p90
error_open_pct,1100,0,19280.617608045948,-25.68120448408478,339317.88209647755,-87.35759493670885,-63.470066518847005,34.463922764227675,182.22126560482133
error_review_rate_pp,1039,61,25.414079327733692,11.820051882724181,148.3621007627768,-35.53061576510241,-7.8763012910714245,32.361867607231964,69.49319858597333
error_merge_rate_pp,998,102,-0.2405108011136475,-17.416722076591235,420.47871399564525,-107.10458839406209,-49.5405756074546,12.992315655359123,76.28950136946561
error_review_rate_pct,1035,65,72.01364951306292,13.980345743135508,963.8948321527683,-52.02424807234814,-11.998573483374011,45.75583579772228,111.92205372317845
error_merge_rate_pct,997,103,3.699823479313764,-16.851934192974653,125.21441635726467,-75.63855421686746,-45.0,14.866239048811009,70.00367351607889
