metric,n,n_na,mean,median,sd,p10,p25,p75,p90
error_open_pct,1100,0,19280.617608045948,-25.68120448408478,339317.88209647755,-87.35759493670885,-63.470066518847005,34.463922764227675,182.22126560482133
error_review_rate_pp,1039,61,25.414079327733692,11.820051882724181,148.3621007627768,-35.53061576510241,-7.8763012910714245,32.361867607231964,69.49319858597333
error_merge_rate_pp,998,102,-0.2405108011136475,-17.416722076591235,420.47871399564525,-107.10458839406209,-49.5405756074546,12.992315655359123,76.28950136946561
