metric,n,n_na,mean,median,sd,p10,p25,p75,p90
error_open_pct,266,3,29.647531663961352,-54.54545454545455,498.409272827719,-100.0,-90.2421248684104,-4.440892098500625e-15,129.32131495227992
error_review_rate_pp,212,57,2.9186449093048616,7.933255211382855,41.78979923311923,-60.93461523385564,-19.151314067304344,31.00015340258316,54.21487405364284
error_merge_rate_pp,178,91,10.415440765831798,-4.861111111111111,231.822176192677,-132.52673796791447,-50.0,36.34615384615385,102.4024767801858
error_review_rate_pct,211,58,21.74122766239291,10.882076582181224,99.45414222533749,-100.0,-39.057363837882356,63.1006524312153,135.78884834083
error_merge_rate_pct,177,92,68.16474446002961,-5.555555555555547,533.348505534928,-80.01153324287652,-43.333333333333336,43.478260869565226,163.03708339852918
