metric,n,n_na,mean,median,sd,p10,p25,p75,p90
error_open_pct,100,0,-40.22616554121293,-75.90011614401858,98.61812441356572,-100.0,-100.0,-32.142857142857146,54.37062937062946
error_review_rate_pp,62,38,3.2231624263172125,7.398382373788721,41.63595333376937,-58.697549670164385,-26.757541010861395,36.812385266125375,49.08046276493707
error_merge_rate_pp,44,56,41.01986511543319,18.452380952380953,137.77571953544674,-95.26315789473685,-49.95847176079734,59.64285714285715,217.5697211155379
error_review_rate_pct,61,39,64.23755756792146,15.589698197734256,350.7346447944475,-100.0,-100.0,85.6483472156371,115.72123176661266
error_merge_rate_pct,39,61,120.69377938202683,12.500000000000007,370.368917312797,-100.0,-68.69318181818181,130.88235294117646,346.27450980392166
