outcome_sample,importance_type,rolling,qualified_sample,control_group,split_type,split_covar,split_value,category,outcome,normalize,method,event_time,estimate,sd,ci_low,ci_high
opened_cohort,important_degree_top3,rolling5,exact_1_2,nevertreated,full_sample,"","",github_outcomes,pull_request_opened,TRUE,sa,-15,-0.0211800678399174,0.685874541137139,-1.36549416846871,1.32313403278888
opened_cohort,important_degree_top3,rolling5,exact_1_2,nevertreated,full_sample,"","",github_outcomes,pull_request_opened,TRUE,sa,-14,-0.298870241537866,0.46159888336456,-1.2036040529324,0.605863569856671
opened_cohort,important_degree_top3,rolling5,exact_1_2,nevertreated,full_sample,"","",github_outcomes,pull_request_opened,TRUE,sa,-13,0.514661409800112,0.356446429493882,-0.183973592007897,1.21329641160812
opened_cohort,important_degree_top3,rolling5,exact_1_2,nevertreated,full_sample,"","",github_outcomes,pull_request_opened,TRUE,sa,-12,0.11478850231685,0.29492328219803,-0.46326113079129,0.69283813542499
opened_cohort,important_degree_top3,rolling5,exact_1_2,nevertreated,full_sample,"","",github_outcomes,pull_request_opened,TRUE,sa,-11,0.371131016617395,0.278281529273304,-0.174300780758281,0.916562813993071
opened_cohort,important_degree_top3,rolling5,exact_1_2,nevertreated,full_sample,"","",github_outcomes,pull_request_opened,TRUE,sa,-10,0.523723254450496,0.282117634363542,-0.0292273089020466,1.07667381780304
opened_cohort,important_degree_top3,rolling5,exact_1_2,nevertreated,full_sample,"","",github_outcomes,pull_request_opened,TRUE,sa,-9,0.627994162202721,0.314347476970613,0.0118731073403184,1.24411521706512
opened_cohort,important_degree_top3,rolling5,exact_1_2,nevertreated,full_sample,"","",github_outcomes,pull_request_opened,TRUE,sa,-8,0.473249775058667,0.279789685126269,-0.07513800778882,1.02163755790616
opened_cohort,important_degree_top3,rolling5,exact_1_2,nevertreated,full_sample,"","",github_outcomes,pull_request_opened,TRUE,sa,-7,0.475424348015122,0.260706394475421,-0.0355601851567035,0.986408881186947
opened_cohort,important_degree_top3,rolling5,exact_1_2,nevertreated,full_sample,"","",github_outcomes,pull_request_opened,TRUE,sa,-6,0.416815002062748,0.229800134079527,-0.0335932607331242,0.86722326485862
opened_cohort,important_degree_top3,rolling5,exact_1_2,nevertreated,full_sample,"","",github_outcomes,pull_request_opened,TRUE,sa,-5,0.174353529506887,0.15755974135155,-0.134463563542151,0.483170622555925
opened_cohort,important_degree_top3,rolling5,exact_1_2,nevertreated,full_sample,"","",github_outcomes,pull_request_opened,TRUE,sa,-4,0.132795632097333,0.114860144505573,-0.0923302511335891,0.357921515328256
opened_cohort,important_degree_top3,rolling5,exact_1_2,nevertreated,full_sample,"","",github_outcomes,pull_request_opened,TRUE,sa,-3,0.0830774287587315,0.0918165032534619,-0.0968829176180538,0.263037775135517
opened_cohort,important_degree_top3,rolling5,exact_1_2,nevertreated,full_sample,"","",github_outcomes,pull_request_opened,TRUE,sa,-2,0.297798453044611,0.0773597977453071,0.146173249463809,0.449423656625413
opened_cohort,important_degree_top3,rolling5,exact_1_2,nevertreated,full_sample,"","",github_outcomes,pull_request_opened,TRUE,sa,-1,0,0,0,0
opened_cohort,important_degree_top3,rolling5,exact_1_2,nevertreated,full_sample,"","",github_outcomes,pull_request_opened,TRUE,sa,0,-0.0759275059212212,0.133962617833454,-0.338494236874792,0.186639225032349
opened_cohort,important_degree_top3,rolling5,exact_1_2,nevertreated,full_sample,"","",github_outcomes,pull_request_opened,TRUE,sa,1,-0.661580502122569,0.201836967312652,-1.05718095805537,-0.265980046189771
opened_cohort,important_degree_top3,rolling5,exact_1_2,nevertreated,full_sample,"","",github_outcomes,pull_request_opened,TRUE,sa,2,-0.785422674082326,0.29658017261819,-1.36671981241398,-0.204125535750674
opened_cohort,important_degree_top3,rolling5,exact_1_2,nevertreated,full_sample,"","",github_outcomes,pull_request_opened,TRUE,sa,3,-0.915559389650867,0.44061232645601,-1.77915954950465,-0.0519592297970869
opened_cohort,important_degree_top3,rolling5,exact_1_2,nevertreated,full_sample,"","",github_outcomes,pull_request_opened,TRUE,sa,4,-1.07940789926774,0.655212014958733,-2.36362344858686,0.204807650051375
opened_cohort,important_degree_top3,rolling5,exact_1_2,nevertreated,full_sample,"","",github_outcomes,pull_request_opened,TRUE,sa,5,-1.25667783965626,0.771505817935146,-2.76882924280914,0.25547356349663
opened_cohort,important_degree_top3,rolling5,exact_1_2,nevertreated,full_sample,"","",github_outcomes,pull_request_opened,TRUE,sa,6,-1.30213495149123,0.865964082998204,-2.99942455416771,0.395154651185252
opened_cohort,important_degree_top3,rolling5,exact_1_2,nevertreated,full_sample,"","",github_outcomes,pull_request_opened,TRUE,sa,7,-1.47577932188303,1.00594850754767,-3.44743839667647,0.495879752910408
opened_cohort,important_degree_top3,rolling5,exact_1_2,nevertreated,full_sample,"","",github_outcomes,pull_request_opened,TRUE,sa,8,-1.55650308193077,1.03895947697579,-3.59286365680333,0.479857492941782
opened_cohort,important_degree_top3,rolling5,exact_1_2,nevertreated,full_sample,"","",github_outcomes,pull_request_opened,TRUE,sa,9,-1.811289894822,1.14785193004052,-4.06107967770142,0.438499888057426
opened_cohort,important_degree_top3,rolling5,exact_1_2,nevertreated,full_sample,"","",github_outcomes,pull_request_opened,TRUE,sa,10,-2.00588620466589,1.24948237697373,-4.45487166353439,0.443099254202616
opened_cohort,important_degree_top3,rolling5,exact_1_2,nevertreated,full_sample,"","",github_outcomes,pull_request_opened,TRUE,sa,11,-2.16804093552304,1.15107206391957,-4.42414218080539,0.0880603097593111
opened_cohort,important_degree_top3,rolling5,exact_1_2,nevertreated,full_sample,"","",github_outcomes,pull_request_opened,FALSE,sa,-15,2.96400794803101,4.05476652014372,-4.98333443145069,10.9113503275127
opened_cohort,important_degree_top3,rolling5,exact_1_2,nevertreated,full_sample,"","",github_outcomes,pull_request_opened,FALSE,sa,-14,1.3312142013056,6.24861998840225,-10.9160809759628,13.578509378574
opened_cohort,important_degree_top3,rolling5,exact_1_2,nevertreated,full_sample,"","",github_outcomes,pull_request_opened,FALSE,sa,-13,2.61211445076935,4.4608928558698,-6.13123554673547,11.3554644482742
opened_cohort,important_degree_top3,rolling5,exact_1_2,nevertreated,full_sample,"","",github_outcomes,pull_request_opened,FALSE,sa,-12,1.2432645602658,3.50609649089027,-5.62868456187913,8.11521368241073
opened_cohort,important_degree_top3,rolling5,exact_1_2,nevertreated,full_sample,"","",github_outcomes,pull_request_opened,FALSE,sa,-11,2.19359682296931,3.66880500883947,-4.99726099435605,9.38445464029467
opened_cohort,important_degree_top3,rolling5,exact_1_2,nevertreated,full_sample,"","",github_outcomes,pull_request_opened,FALSE,sa,-10,3.37397201192072,3.32862914224068,-3.15014110687102,9.89808513071245
opened_cohort,important_degree_top3,rolling5,exact_1_2,nevertreated,full_sample,"","",github_outcomes,pull_request_opened,FALSE,sa,-9,2.24425543432745,3.02914108064979,-3.69286108374614,8.18137195240105
opened_cohort,important_degree_top3,rolling5,exact_1_2,nevertreated,full_sample,"","",github_outcomes,pull_request_opened,FALSE,sa,-8,2.57135007003224,2.72132137535426,-2.7624398256621,7.90513996572658
opened_cohort,important_degree_top3,rolling5,exact_1_2,nevertreated,full_sample,"","",github_outcomes,pull_request_opened,FALSE,sa,-7,3.38315632231968,2.42813625061787,-1.37599072889136,8.14230337353071
opened_cohort,important_degree_top3,rolling5,exact_1_2,nevertreated,full_sample,"","",github_outcomes,pull_request_opened,FALSE,sa,-6,2.91229563421105,2.17510783708895,-1.35091572648328,7.17550699490538
opened_cohort,important_degree_top3,rolling5,exact_1_2,nevertreated,full_sample,"","",github_outcomes,pull_request_opened,FALSE,sa,-5,2.48831303794377,1.6879041394938,-0.819979075464081,5.79660515135162
opened_cohort,important_degree_top3,rolling5,exact_1_2,nevertreated,full_sample,"","",github_outcomes,pull_request_opened,FALSE,sa,-4,2.71738577566681,1.40604638644414,-0.0384651417636981,5.47323669309732
opened_cohort,important_degree_top3,rolling5,exact_1_2,nevertreated,full_sample,"","",github_outcomes,pull_request_opened,FALSE,sa,-3,1.58354671634176,1.04342923534652,-0.46157458493742,3.62866801762094
opened_cohort,important_degree_top3,rolling5,exact_1_2,nevertreated,full_sample,"","",github_outcomes,pull_request_opened,FALSE,sa,-2,2.7429346845612,0.71471935458817,1.34208474956839,4.14378461955401
opened_cohort,important_degree_top3,rolling5,exact_1_2,nevertreated,full_sample,"","",github_outcomes,pull_request_opened,FALSE,sa,-1,0,0,0,0
opened_cohort,important_degree_top3,rolling5,exact_1_2,nevertreated,full_sample,"","",github_outcomes,pull_request_opened,FALSE,sa,0,-1.99800521053243,0.809337714061717,-3.58430713009339,-0.411703290971461
opened_cohort,important_degree_top3,rolling5,exact_1_2,nevertreated,full_sample,"","",github_outcomes,pull_request_opened,FALSE,sa,1,-3.47940919718299,1.38236258289424,-6.1888398596557,-0.769978534710282
opened_cohort,important_degree_top3,rolling5,exact_1_2,nevertreated,full_sample,"","",github_outcomes,pull_request_opened,FALSE,sa,2,-4.12262520645282,1.87383821092795,-7.79534809987161,-0.449902313034035
opened_cohort,important_degree_top3,rolling5,exact_1_2,nevertreated,full_sample,"","",github_outcomes,pull_request_opened,FALSE,sa,3,-4.22979804887816,2.3114830573436,-8.76030484127163,0.3007087435153
opened_cohort,important_degree_top3,rolling5,exact_1_2,nevertreated,full_sample,"","",github_outcomes,pull_request_opened,FALSE,sa,4,-4.13228367727519,2.74919872948855,-9.52071318707274,1.25614583252236
opened_cohort,important_degree_top3,rolling5,exact_1_2,nevertreated,full_sample,"","",github_outcomes,pull_request_opened,FALSE,sa,5,-3.38454118625576,3.10119448143398,-9.46288236986636,2.69379999735484
opened_cohort,important_degree_top3,rolling5,exact_1_2,nevertreated,full_sample,"","",github_outcomes,pull_request_opened,FALSE,sa,6,-2.9891428612707,3.51626624364234,-9.88102469880968,3.90273897626827
opened_cohort,important_degree_top3,rolling5,exact_1_2,nevertreated,full_sample,"","",github_outcomes,pull_request_opened,FALSE,sa,7,-0.863102970353993,4.08575798218293,-8.87118861543253,7.14498267472455
opened_cohort,important_degree_top3,rolling5,exact_1_2,nevertreated,full_sample,"","",github_outcomes,pull_request_opened,FALSE,sa,8,1.19089322012306,4.59708212902117,-7.81938775275842,10.2011741930045
opened_cohort,important_degree_top3,rolling5,exact_1_2,nevertreated,full_sample,"","",github_outcomes,pull_request_opened,FALSE,sa,9,0.947067664495104,4.79480419850939,-8.45074856458329,10.3448838935735
opened_cohort,important_degree_top3,rolling5,exact_1_2,nevertreated,full_sample,"","",github_outcomes,pull_request_opened,FALSE,sa,10,-4.13194788387733,4.73945081785624,-13.4212714868756,5.15737571912089
opened_cohort,important_degree_top3,rolling5,exact_1_2,nevertreated,full_sample,"","",github_outcomes,pull_request_opened,FALSE,sa,11,-7.04977208504659,8.02000681039181,-22.7689854334145,8.66944126332136
opened_cohort,important_degree_top3,rolling5,exact_1_2,nevertreated,full_sample,"","",github_outcomes,pull_request_merged,TRUE,sa,-15,-0.0614507437176274,0.363938813810205,-0.774770818785629,0.651869331350374
opened_cohort,important_degree_top3,rolling5,exact_1_2,nevertreated,full_sample,"","",github_outcomes,pull_request_merged,TRUE,sa,-14,0.0789650304660669,0.449816725821693,-0.802675752144452,0.960605813076586
opened_cohort,important_degree_top3,rolling5,exact_1_2,nevertreated,full_sample,"","",github_outcomes,pull_request_merged,TRUE,sa,-13,0.687539530321766,0.385671667224155,-0.0683769374375776,1.44345599808111
opened_cohort,important_degree_top3,rolling5,exact_1_2,nevertreated,full_sample,"","",github_outcomes,pull_request_merged,TRUE,sa,-12,0.256983650302219,0.307210372748051,-0.345148680283961,0.859115980888398
opened_cohort,important_degree_top3,rolling5,exact_1_2,nevertreated,full_sample,"","",github_outcomes,pull_request_merged,TRUE,sa,-11,0.353173435641947,0.277678666014213,-0.19107674974591,0.897423621029803
opened_cohort,important_degree_top3,rolling5,exact_1_2,nevertreated,full_sample,"","",github_outcomes,pull_request_merged,TRUE,sa,-10,0.777811013181382,0.387330864199982,0.0186425193494181,1.53697950701335
opened_cohort,important_degree_top3,rolling5,exact_1_2,nevertreated,full_sample,"","",github_outcomes,pull_request_merged,TRUE,sa,-9,0.599589530922317,0.355129946573389,-0.0964651643615259,1.29564422620616
opened_cohort,important_degree_top3,rolling5,exact_1_2,nevertreated,full_sample,"","",github_outcomes,pull_request_merged,TRUE,sa,-8,0.380387522879152,0.249757327860259,-0.109136839726955,0.869911885485259
opened_cohort,important_degree_top3,rolling5,exact_1_2,nevertreated,full_sample,"","",github_outcomes,pull_request_merged,TRUE,sa,-7,0.403192625307825,0.218534707454126,-0.0251354013022624,0.831520651917913
opened_cohort,important_degree_top3,rolling5,exact_1_2,nevertreated,full_sample,"","",github_outcomes,pull_request_merged,TRUE,sa,-6,0.35691153800937,0.19645656357358,-0.0281433265948479,0.741966402613587
opened_cohort,important_degree_top3,rolling5,exact_1_2,nevertreated,full_sample,"","",github_outcomes,pull_request_merged,TRUE,sa,-5,0.175223572539561,0.137336316187902,-0.0939556071887261,0.444402752267849
opened_cohort,important_degree_top3,rolling5,exact_1_2,nevertreated,full_sample,"","",github_outcomes,pull_request_merged,TRUE,sa,-4,0.11342398121681,0.101515808320922,-0.0855470030921975,0.312394965525818
opened_cohort,important_degree_top3,rolling5,exact_1_2,nevertreated,full_sample,"","",github_outcomes,pull_request_merged,TRUE,sa,-3,0.0781162626613552,0.0843201053340417,-0.0871511437933666,0.243383669116077
opened_cohort,important_degree_top3,rolling5,exact_1_2,nevertreated,full_sample,"","",github_outcomes,pull_request_merged,TRUE,sa,-2,0.318496886882574,0.074348991558472,0.172772863427969,0.464220910337179
opened_cohort,important_degree_top3,rolling5,exact_1_2,nevertreated,full_sample,"","",github_outcomes,pull_request_merged,TRUE,sa,-1,0,0,0,0
opened_cohort,important_degree_top3,rolling5,exact_1_2,nevertreated,full_sample,"","",github_outcomes,pull_request_merged,TRUE,sa,0,-0.00584291856162405,0.117584204888711,-0.236307960143499,0.22462212302025
opened_cohort,important_degree_top3,rolling5,exact_1_2,nevertreated,full_sample,"","",github_outcomes,pull_request_merged,TRUE,sa,1,-0.547658419075955,0.165924371822476,-0.872870187848008,-0.222446650303902
opened_cohort,important_degree_top3,rolling5,exact_1_2,nevertreated,full_sample,"","",github_outcomes,pull_request_merged,TRUE,sa,2,-0.61967695857773,0.250398260508841,-1.11045754917506,-0.128896367980403
opened_cohort,important_degree_top3,rolling5,exact_1_2,nevertreated,full_sample,"","",github_outcomes,pull_request_merged,TRUE,sa,3,-0.734549657491787,0.339150892637191,-1.39928540706068,-0.0698139079228936
opened_cohort,important_degree_top3,rolling5,exact_1_2,nevertreated,full_sample,"","",github_outcomes,pull_request_merged,TRUE,sa,4,-0.839830336500551,0.50621395633118,-1.83200969090966,0.152349017908563
opened_cohort,important_degree_top3,rolling5,exact_1_2,nevertreated,full_sample,"","",github_outcomes,pull_request_merged,TRUE,sa,5,-1.05933475530205,0.587360320379488,-2.21056098324584,0.0918914726417508
opened_cohort,important_degree_top3,rolling5,exact_1_2,nevertreated,full_sample,"","",github_outcomes,pull_request_merged,TRUE,sa,6,-1.15670012950498,0.649962304816377,-2.43062624694508,0.117225987935119
opened_cohort,important_degree_top3,rolling5,exact_1_2,nevertreated,full_sample,"","",github_outcomes,pull_request_merged,TRUE,sa,7,-1.2452850340882,0.770917948416905,-2.75628421298534,0.265714144808931
opened_cohort,important_degree_top3,rolling5,exact_1_2,nevertreated,full_sample,"","",github_outcomes,pull_request_merged,TRUE,sa,8,-1.2778293107381,0.776853806068933,-2.80046277063321,0.244804149157006
opened_cohort,important_degree_top3,rolling5,exact_1_2,nevertreated,full_sample,"","",github_outcomes,pull_request_merged,TRUE,sa,9,-1.45491794092948,0.866077445831142,-3.15242973475852,0.24259385289956
opened_cohort,important_degree_top3,rolling5,exact_1_2,nevertreated,full_sample,"","",github_outcomes,pull_request_merged,TRUE,sa,10,-1.64045771009144,0.944302484487115,-3.49129057968619,0.210375159503301
opened_cohort,important_degree_top3,rolling5,exact_1_2,nevertreated,full_sample,"","",github_outcomes,pull_request_merged,TRUE,sa,11,-1.91104341490834,0.86471623043296,-3.60588722655694,-0.216199603259736
opened_cohort,important_degree_top3,rolling5,exact_1_2,nevertreated,full_sample,"","",github_outcomes,pull_request_merged,FALSE,sa,-15,0.220883101427834,3.15484440127708,-5.96261192507524,6.40437812793091
opened_cohort,important_degree_top3,rolling5,exact_1_2,nevertreated,full_sample,"","",github_outcomes,pull_request_merged,FALSE,sa,-14,1.20121872406784,5.63484972150598,-9.84308673008388,12.2455241782196
opened_cohort,important_degree_top3,rolling5,exact_1_2,nevertreated,full_sample,"","",github_outcomes,pull_request_merged,FALSE,sa,-13,1.27476641654958,3.70607212155322,-5.98913494169473,8.53866777479389
opened_cohort,important_degree_top3,rolling5,exact_1_2,nevertreated,full_sample,"","",github_outcomes,pull_request_merged,FALSE,sa,-12,0.692646224091196,2.91468904581306,-5.02014430570241,6.4054367538848
opened_cohort,important_degree_top3,rolling5,exact_1_2,nevertreated,full_sample,"","",github_outcomes,pull_request_merged,FALSE,sa,-11,0.905634278794801,2.9968217196267,-4.96813629167354,6.77940484926314
opened_cohort,important_degree_top3,rolling5,exact_1_2,nevertreated,full_sample,"","",github_outcomes,pull_request_merged,FALSE,sa,-10,2.5632995185782,2.71412646271716,-2.75638834834743,7.88298738550383
opened_cohort,important_degree_top3,rolling5,exact_1_2,nevertreated,full_sample,"","",github_outcomes,pull_request_merged,FALSE,sa,-9,1.66253342273498,2.45520943239879,-3.14967706476665,6.47474391023661
opened_cohort,important_degree_top3,rolling5,exact_1_2,nevertreated,full_sample,"","",github_outcomes,pull_request_merged,FALSE,sa,-8,1.97370031563963,2.19131601464193,-2.32127907305856,6.26867970433782
opened_cohort,important_degree_top3,rolling5,exact_1_2,nevertreated,full_sample,"","",github_outcomes,pull_request_merged,FALSE,sa,-7,2.30656360991177,1.96237965307209,-1.53970051010953,6.15282772993306
opened_cohort,important_degree_top3,rolling5,exact_1_2,nevertreated,full_sample,"","",github_outcomes,pull_request_merged,FALSE,sa,-6,1.98840392589755,1.78837405110101,-1.51680921426043,5.49361706605554
opened_cohort,important_degree_top3,rolling5,exact_1_2,nevertreated,full_sample,"","",github_outcomes,pull_request_merged,FALSE,sa,-5,1.72747960891064,1.36839026221826,-0.954565305037155,4.40952452285843
opened_cohort,important_degree_top3,rolling5,exact_1_2,nevertreated,full_sample,"","",github_outcomes,pull_request_merged,FALSE,sa,-4,1.62331799609078,1.16600997245789,-0.662061549926681,3.90869754210824
opened_cohort,important_degree_top3,rolling5,exact_1_2,nevertreated,full_sample,"","",github_outcomes,pull_request_merged,FALSE,sa,-3,0.661999329583795,0.872115976627698,-1.04734798460649,2.37134664377408
opened_cohort,important_degree_top3,rolling5,exact_1_2,nevertreated,full_sample,"","",github_outcomes,pull_request_merged,FALSE,sa,-2,1.83438852342516,0.601003433325613,0.656421794106957,3.01235525274336
opened_cohort,important_degree_top3,rolling5,exact_1_2,nevertreated,full_sample,"","",github_outcomes,pull_request_merged,FALSE,sa,-1,0,0,0,0
opened_cohort,important_degree_top3,rolling5,exact_1_2,nevertreated,full_sample,"","",github_outcomes,pull_request_merged,FALSE,sa,0,-1.23665309509364,0.660956827745038,-2.53212847747391,0.0588222872866364
opened_cohort,important_degree_top3,rolling5,exact_1_2,nevertreated,full_sample,"","",github_outcomes,pull_request_merged,FALSE,sa,1,-1.96553172728339,1.07191376621209,-4.06648270905909,0.135419254492309
opened_cohort,important_degree_top3,rolling5,exact_1_2,nevertreated,full_sample,"","",github_outcomes,pull_request_merged,FALSE,sa,2,-2.11570276700309,1.45246508507657,-4.96253433375317,0.731128799746996
opened_cohort,important_degree_top3,rolling5,exact_1_2,nevertreated,full_sample,"","",github_outcomes,pull_request_merged,FALSE,sa,3,-2.06382452000969,1.76033534438826,-5.51408179501068,1.38643275499131
opened_cohort,important_degree_top3,rolling5,exact_1_2,nevertreated,full_sample,"","",github_outcomes,pull_request_merged,FALSE,sa,4,-1.87350015660882,2.08460927840534,-5.95933434228329,2.21233402906566
opened_cohort,important_degree_top3,rolling5,exact_1_2,nevertreated,full_sample,"","",github_outcomes,pull_request_merged,FALSE,sa,5,-1.24679475363568,2.26958761741206,-5.69518648376331,3.20159697649195
opened_cohort,important_degree_top3,rolling5,exact_1_2,nevertreated,full_sample,"","",github_outcomes,pull_request_merged,FALSE,sa,6,-0.560954924945295,2.62865474745385,-5.71311822995485,4.59120838006426
opened_cohort,important_degree_top3,rolling5,exact_1_2,nevertreated,full_sample,"","",github_outcomes,pull_request_merged,FALSE,sa,7,1.488741790969,3.09368122129802,-4.57487340277512,7.55235698471312
opened_cohort,important_degree_top3,rolling5,exact_1_2,nevertreated,full_sample,"","",github_outcomes,pull_request_merged,FALSE,sa,8,3.7130580372105,3.59740219592338,-3.33785026679932,10.7639663412203
opened_cohort,important_degree_top3,rolling5,exact_1_2,nevertreated,full_sample,"","",github_outcomes,pull_request_merged,FALSE,sa,9,3.46910474041948,3.60242428245732,-3.59164685319688,10.5298563340358
opened_cohort,important_degree_top3,rolling5,exact_1_2,nevertreated,full_sample,"","",github_outcomes,pull_request_merged,FALSE,sa,10,-0.218495243841602,3.92586214435916,-7.91318504678556,7.47619455910236
opened_cohort,important_degree_top3,rolling5,exact_1_2,nevertreated,full_sample,"","",github_outcomes,pull_request_merged,FALSE,sa,11,-2.13859834739899,6.95358871809711,-15.7676322348693,11.4904355400714
opened_cohort,important_degree_top3,rolling5,exact_1_2,nevertreated,full_sample,"","",downstream_outcomes,overall_new_release_count,TRUE,sa,-15,0.727955376634219,0.195127545580919,0.345505387295618,1.11040536597282
opened_cohort,important_degree_top3,rolling5,exact_1_2,nevertreated,full_sample,"","",downstream_outcomes,overall_new_release_count,TRUE,sa,-14,0.661922970225825,0.16634269841996,0.335891281322703,0.987954659128947
opened_cohort,important_degree_top3,rolling5,exact_1_2,nevertreated,full_sample,"","",downstream_outcomes,overall_new_release_count,TRUE,sa,-13,0.571017726918872,0.163081148964569,0.251378674948317,0.890656778889426
opened_cohort,important_degree_top3,rolling5,exact_1_2,nevertreated,full_sample,"","",downstream_outcomes,overall_new_release_count,TRUE,sa,-12,0.558674598582093,0.15917996050996,0.246681875982571,0.870667321181615
opened_cohort,important_degree_top3,rolling5,exact_1_2,nevertreated,full_sample,"","",downstream_outcomes,overall_new_release_count,TRUE,sa,-11,0.450405479588355,0.140030108696047,0.175946466544103,0.724864492632607
opened_cohort,important_degree_top3,rolling5,exact_1_2,nevertreated,full_sample,"","",downstream_outcomes,overall_new_release_count,TRUE,sa,-10,0.397065033446529,0.130383445852633,0.141513479575368,0.652616587317691
opened_cohort,important_degree_top3,rolling5,exact_1_2,nevertreated,full_sample,"","",downstream_outcomes,overall_new_release_count,TRUE,sa,-9,0.310798080528414,0.120313224129742,0.0749841612341192,0.546611999822708
opened_cohort,important_degree_top3,rolling5,exact_1_2,nevertreated,full_sample,"","",downstream_outcomes,overall_new_release_count,TRUE,sa,-8,0.285592333762259,0.111937737411611,0.0661943684355015,0.504990299089016
opened_cohort,important_degree_top3,rolling5,exact_1_2,nevertreated,full_sample,"","",downstream_outcomes,overall_new_release_count,TRUE,sa,-7,0.270398733251463,0.114303027629284,0.0463647990980672,0.49443266740486
opened_cohort,important_degree_top3,rolling5,exact_1_2,nevertreated,full_sample,"","",downstream_outcomes,overall_new_release_count,TRUE,sa,-6,0.284607923638992,0.112327048447174,0.0644469086825302,0.504768938595454
opened_cohort,important_degree_top3,rolling5,exact_1_2,nevertreated,full_sample,"","",downstream_outcomes,overall_new_release_count,TRUE,sa,-5,0.105628474262781,0.091693592923138,-0.0740909678665691,0.285347916392132
opened_cohort,important_degree_top3,rolling5,exact_1_2,nevertreated,full_sample,"","",downstream_outcomes,overall_new_release_count,TRUE,sa,-4,0.0682741742299063,0.0824725739508954,-0.0933720707138487,0.229920419173661
opened_cohort,important_degree_top3,rolling5,exact_1_2,nevertreated,full_sample,"","",downstream_outcomes,overall_new_release_count,TRUE,sa,-3,0.00372372388016485,0.0739960161515042,-0.141308467776783,0.148755915537113
opened_cohort,important_degree_top3,rolling5,exact_1_2,nevertreated,full_sample,"","",downstream_outcomes,overall_new_release_count,TRUE,sa,-2,0.10391620142848,0.0662564215917223,-0.0259463848912952,0.233778787748256
opened_cohort,important_degree_top3,rolling5,exact_1_2,nevertreated,full_sample,"","",downstream_outcomes,overall_new_release_count,TRUE,sa,-1,0,0,0,0
opened_cohort,important_degree_top3,rolling5,exact_1_2,nevertreated,full_sample,"","",downstream_outcomes,overall_new_release_count,TRUE,sa,0,0.106474547133847,0.0910210612332754,-0.0719267328833723,0.284875827151067
opened_cohort,important_degree_top3,rolling5,exact_1_2,nevertreated,full_sample,"","",downstream_outcomes,overall_new_release_count,TRUE,sa,1,-0.403388268025301,0.0880236061497218,-0.575914536078756,-0.230861999971846
opened_cohort,important_degree_top3,rolling5,exact_1_2,nevertreated,full_sample,"","",downstream_outcomes,overall_new_release_count,TRUE,sa,2,-0.413539358348627,0.103614090795168,-0.616622976307157,-0.210455740390096
opened_cohort,important_degree_top3,rolling5,exact_1_2,nevertreated,full_sample,"","",downstream_outcomes,overall_new_release_count,TRUE,sa,3,-0.497202945024001,0.114958812267043,-0.722522217067405,-0.271883672980597
opened_cohort,important_degree_top3,rolling5,exact_1_2,nevertreated,full_sample,"","",downstream_outcomes,overall_new_release_count,TRUE,sa,4,-0.473134325998887,0.157754251007875,-0.782332657974321,-0.163935994023452
opened_cohort,important_degree_top3,rolling5,exact_1_2,nevertreated,full_sample,"","",downstream_outcomes,overall_new_release_count,TRUE,sa,5,-0.482430460134367,0.165422611064075,-0.806658777819955,-0.15820214244878
opened_cohort,important_degree_top3,rolling5,exact_1_2,nevertreated,full_sample,"","",downstream_outcomes,overall_new_release_count,TRUE,sa,6,-0.716756318029332,0.158490825933066,-1.02739833685814,-0.406114299200523
opened_cohort,important_degree_top3,rolling5,exact_1_2,nevertreated,full_sample,"","",downstream_outcomes,overall_new_release_count,TRUE,sa,7,-0.603180784743489,0.197649384256529,-0.990573577886286,-0.215787991600693
opened_cohort,important_degree_top3,rolling5,exact_1_2,nevertreated,full_sample,"","",downstream_outcomes,overall_new_release_count,TRUE,sa,8,-0.749862219276564,0.186978537702132,-1.11634015317274,-0.383384285380386
opened_cohort,important_degree_top3,rolling5,exact_1_2,nevertreated,full_sample,"","",downstream_outcomes,overall_new_release_count,TRUE,sa,9,-0.940121005128146,0.213600235361675,-1.35877746643703,-0.521464543819264
opened_cohort,important_degree_top3,rolling5,exact_1_2,nevertreated,full_sample,"","",downstream_outcomes,overall_new_release_count,TRUE,sa,10,-0.539259807010993,0.39489005438779,-1.31324431361106,0.234724699589076
opened_cohort,important_degree_top3,rolling5,exact_1_2,nevertreated,full_sample,"","",downstream_outcomes,overall_new_release_count,TRUE,sa,11,-1.58094909366841,0.254741388173705,-2.08024221448887,-1.08165597284794
opened_cohort,important_degree_top3,rolling5,exact_1_2,nevertreated,full_sample,"","",downstream_outcomes,overall_new_release_count,FALSE,sa,-15,3.4536444636969,1.06442427103828,1.36737289246186,5.53991603493193
opened_cohort,important_degree_top3,rolling5,exact_1_2,nevertreated,full_sample,"","",downstream_outcomes,overall_new_release_count,FALSE,sa,-14,3.27502042661412,0.91755229629226,1.47661792588129,5.07342292734696
opened_cohort,important_degree_top3,rolling5,exact_1_2,nevertreated,full_sample,"","",downstream_outcomes,overall_new_release_count,FALSE,sa,-13,2.74474416349952,0.921295842131466,0.939004312921842,4.55048401407719
opened_cohort,important_degree_top3,rolling5,exact_1_2,nevertreated,full_sample,"","",downstream_outcomes,overall_new_release_count,FALSE,sa,-12,2.2561079101591,0.811246082835714,0.666065587801103,3.8461502325171
opened_cohort,important_degree_top3,rolling5,exact_1_2,nevertreated,full_sample,"","",downstream_outcomes,overall_new_release_count,FALSE,sa,-11,2.20756433692088,0.762249117625048,0.713556066375789,3.70157260746598
opened_cohort,important_degree_top3,rolling5,exact_1_2,nevertreated,full_sample,"","",downstream_outcomes,overall_new_release_count,FALSE,sa,-10,1.63175675083053,0.862866842837889,-0.0594622611317346,3.32297576279279
opened_cohort,important_degree_top3,rolling5,exact_1_2,nevertreated,full_sample,"","",downstream_outcomes,overall_new_release_count,FALSE,sa,-9,0.814900943211814,0.997838069097563,-1.14086167221941,2.77066355864304
opened_cohort,important_degree_top3,rolling5,exact_1_2,nevertreated,full_sample,"","",downstream_outcomes,overall_new_release_count,FALSE,sa,-8,0.851192329196719,1.02554009070239,-1.15886624857996,2.8612509069734
opened_cohort,important_degree_top3,rolling5,exact_1_2,nevertreated,full_sample,"","",downstream_outcomes,overall_new_release_count,FALSE,sa,-7,0.471512319572582,0.985693611130508,-1.46044715824321,2.40347179738838
opened_cohort,important_degree_top3,rolling5,exact_1_2,nevertreated,full_sample,"","",downstream_outcomes,overall_new_release_count,FALSE,sa,-6,0.374086385538775,0.9583139935857,-1.5042090418892,2.25238181296675
opened_cohort,important_degree_top3,rolling5,exact_1_2,nevertreated,full_sample,"","",downstream_outcomes,overall_new_release_count,FALSE,sa,-5,-0.168933028985295,0.986284056387385,-2.10204977950457,1.76418372153398
opened_cohort,important_degree_top3,rolling5,exact_1_2,nevertreated,full_sample,"","",downstream_outcomes,overall_new_release_count,FALSE,sa,-4,0.0991403254858553,0.953992845422398,-1.77068565154204,1.96896630251376
opened_cohort,important_degree_top3,rolling5,exact_1_2,nevertreated,full_sample,"","",downstream_outcomes,overall_new_release_count,FALSE,sa,-3,-0.236889270998889,0.841641928886379,-1.88650745161619,1.41272890961841
opened_cohort,important_degree_top3,rolling5,exact_1_2,nevertreated,full_sample,"","",downstream_outcomes,overall_new_release_count,FALSE,sa,-2,0.126411725786056,0.740383766692913,-1.32474045693205,1.57756390850416
opened_cohort,important_degree_top3,rolling5,exact_1_2,nevertreated,full_sample,"","",downstream_outcomes,overall_new_release_count,FALSE,sa,-1,0,0,0,0
opened_cohort,important_degree_top3,rolling5,exact_1_2,nevertreated,full_sample,"","",downstream_outcomes,overall_new_release_count,FALSE,sa,0,-1.03213813448155,0.379289130452976,-1.77554483016938,-0.288731438793714
opened_cohort,important_degree_top3,rolling5,exact_1_2,nevertreated,full_sample,"","",downstream_outcomes,overall_new_release_count,FALSE,sa,1,-2.0248837496315,0.681176902287721,-3.35999047811543,-0.689777021147568
opened_cohort,important_degree_top3,rolling5,exact_1_2,nevertreated,full_sample,"","",downstream_outcomes,overall_new_release_count,FALSE,sa,2,-1.96527033648091,0.805449619638619,-3.54395159097261,-0.38658908198922
opened_cohort,important_degree_top3,rolling5,exact_1_2,nevertreated,full_sample,"","",downstream_outcomes,overall_new_release_count,FALSE,sa,3,-1.93238985933218,0.925682804544798,-3.74672815623998,-0.118051562424373
opened_cohort,important_degree_top3,rolling5,exact_1_2,nevertreated,full_sample,"","",downstream_outcomes,overall_new_release_count,FALSE,sa,4,-1.92830705609106,0.979590649101538,-3.84830472833008,-0.00830938385204605
opened_cohort,important_degree_top3,rolling5,exact_1_2,nevertreated,full_sample,"","",downstream_outcomes,overall_new_release_count,FALSE,sa,5,-1.88596929261836,1.04109564698609,-3.92651676071109,0.154578175474368
opened_cohort,important_degree_top3,rolling5,exact_1_2,nevertreated,full_sample,"","",downstream_outcomes,overall_new_release_count,FALSE,sa,6,-2.7715357102086,1.21730046705028,-5.15744462562715,-0.385626794790047
opened_cohort,important_degree_top3,rolling5,exact_1_2,nevertreated,full_sample,"","",downstream_outcomes,overall_new_release_count,FALSE,sa,7,-3.29727368062267,1.4361081657221,-6.112045685438,-0.482501675807344
opened_cohort,important_degree_top3,rolling5,exact_1_2,nevertreated,full_sample,"","",downstream_outcomes,overall_new_release_count,FALSE,sa,8,-3.24878220499457,1.58058398651716,-6.3467268185682,-0.150837591420937
opened_cohort,important_degree_top3,rolling5,exact_1_2,nevertreated,full_sample,"","",downstream_outcomes,overall_new_release_count,FALSE,sa,9,-4.29841208508369,2.41394437152939,-9.0297430532813,0.432918883113913
opened_cohort,important_degree_top3,rolling5,exact_1_2,nevertreated,full_sample,"","",downstream_outcomes,overall_new_release_count,FALSE,sa,10,-6.57483863772951,3.85978127884225,-14.1400099442603,0.990332668801296
opened_cohort,important_degree_top3,rolling5,exact_1_2,nevertreated,full_sample,"","",downstream_outcomes,overall_new_release_count,FALSE,sa,11,-12.814437350909,8.92915342725599,-30.3155780683308,4.68670336651273
opened_cohort,important_degree_top3,rolling5,exact_1_2,nevertreated,pc_score,collaboration_pc_score,low,github_outcomes,pull_request_opened,TRUE,sa,-15,-1.10637704060433,0.61907342272869,-2.31976094915257,0.107006867943899
opened_cohort,important_degree_top3,rolling5,exact_1_2,nevertreated,pc_score,collaboration_pc_score,low,github_outcomes,pull_request_opened,TRUE,sa,-14,-1.54193906056479,0.57832961316891,-2.67546510237586,-0.408413018753731
opened_cohort,important_degree_top3,rolling5,exact_1_2,nevertreated,pc_score,collaboration_pc_score,low,github_outcomes,pull_request_opened,TRUE,sa,-13,-0.131205716130391,0.614286074501953,-1.33520642215422,1.07279498989344
opened_cohort,important_degree_top3,rolling5,exact_1_2,nevertreated,pc_score,collaboration_pc_score,low,github_outcomes,pull_request_opened,TRUE,sa,-12,0.410650268977356,0.633867337810557,-0.831729713131336,1.65303025108605
opened_cohort,important_degree_top3,rolling5,exact_1_2,nevertreated,pc_score,collaboration_pc_score,low,github_outcomes,pull_request_opened,TRUE,sa,-11,0.661268919454717,0.611181225016774,-0.53664628157816,1.85918412048759
opened_cohort,important_degree_top3,rolling5,exact_1_2,nevertreated,pc_score,collaboration_pc_score,low,github_outcomes,pull_request_opened,TRUE,sa,-10,0.74691942338057,0.739356976605453,-0.702220250766117,2.19605909752726
opened_cohort,important_degree_top3,rolling5,exact_1_2,nevertreated,pc_score,collaboration_pc_score,low,github_outcomes,pull_request_opened,TRUE,sa,-9,1.06866962531858,0.959024503170837,-0.811018400896258,2.94835765153342
opened_cohort,important_degree_top3,rolling5,exact_1_2,nevertreated,pc_score,collaboration_pc_score,low,github_outcomes,pull_request_opened,TRUE,sa,-8,0.930482345360707,1.03571630928715,-1.09952162084211,2.96048631156353
opened_cohort,important_degree_top3,rolling5,exact_1_2,nevertreated,pc_score,collaboration_pc_score,low,github_outcomes,pull_request_opened,TRUE,sa,-7,0.956247427834763,0.880645073828922,-0.769816916869925,2.68231177253945
opened_cohort,important_degree_top3,rolling5,exact_1_2,nevertreated,pc_score,collaboration_pc_score,low,github_outcomes,pull_request_opened,TRUE,sa,-6,0.776227429713478,0.73101953676098,-0.656570862338044,2.209025721765
opened_cohort,important_degree_top3,rolling5,exact_1_2,nevertreated,pc_score,collaboration_pc_score,low,github_outcomes,pull_request_opened,TRUE,sa,-5,0.389025682746498,0.469571237200063,-0.531333942165626,1.30938530765862
opened_cohort,important_degree_top3,rolling5,exact_1_2,nevertreated,pc_score,collaboration_pc_score,low,github_outcomes,pull_request_opened,TRUE,sa,-4,0.108144483430984,0.294566024293556,-0.469204924184386,0.685493891046353
opened_cohort,important_degree_top3,rolling5,exact_1_2,nevertreated,pc_score,collaboration_pc_score,low,github_outcomes,pull_request_opened,TRUE,sa,-3,0.0987541905248716,0.188808388136106,-0.271310250221896,0.468818631271639
opened_cohort,important_degree_top3,rolling5,exact_1_2,nevertreated,pc_score,collaboration_pc_score,low,github_outcomes,pull_request_opened,TRUE,sa,-2,0.346385239967507,0.133411952862069,0.0848978123578512,0.607872667577163
opened_cohort,important_degree_top3,rolling5,exact_1_2,nevertreated,pc_score,collaboration_pc_score,low,github_outcomes,pull_request_opened,TRUE,sa,-1,0,0,0,0
opened_cohort,important_degree_top3,rolling5,exact_1_2,nevertreated,pc_score,collaboration_pc_score,low,github_outcomes,pull_request_opened,TRUE,sa,0,-0.16702477702944,0.299520496918641,-0.754084950989977,0.420035396931096
opened_cohort,important_degree_top3,rolling5,exact_1_2,nevertreated,pc_score,collaboration_pc_score,low,github_outcomes,pull_request_opened,TRUE,sa,1,-0.98239355955023,0.565055680856914,-2.08990269402978,0.125115574929321
opened_cohort,important_degree_top3,rolling5,exact_1_2,nevertreated,pc_score,collaboration_pc_score,low,github_outcomes,pull_request_opened,TRUE,sa,2,-1.30297075086883,0.81571991240028,-2.90178177917338,0.295840277435723
opened_cohort,important_degree_top3,rolling5,exact_1_2,nevertreated,pc_score,collaboration_pc_score,low,github_outcomes,pull_request_opened,TRUE,sa,3,-1.57905164271637,1.23335312615698,-3.99642376998404,0.838320484551308
opened_cohort,important_degree_top3,rolling5,exact_1_2,nevertreated,pc_score,collaboration_pc_score,low,github_outcomes,pull_request_opened,TRUE,sa,4,-2.17156140602859,1.83930628779021,-5.7766017300974,1.43347891804021
opened_cohort,important_degree_top3,rolling5,exact_1_2,nevertreated,pc_score,collaboration_pc_score,low,github_outcomes,pull_request_opened,TRUE,sa,5,-2.62819583063055,2.23702416394044,-7.01276319195381,1.75637153069271
opened_cohort,important_degree_top3,rolling5,exact_1_2,nevertreated,pc_score,collaboration_pc_score,low,github_outcomes,pull_request_opened,TRUE,sa,6,-2.72090965900593,2.46156561480909,-7.54557826403174,2.10375894601988
opened_cohort,important_degree_top3,rolling5,exact_1_2,nevertreated,pc_score,collaboration_pc_score,low,github_outcomes,pull_request_opened,TRUE,sa,7,-3.26280012778432,2.90462653384975,-8.95586813412982,2.43026787856119
opened_cohort,important_degree_top3,rolling5,exact_1_2,nevertreated,pc_score,collaboration_pc_score,low,github_outcomes,pull_request_opened,TRUE,sa,8,-3.25443741219658,2.94075568717409,-9.0183185590578,2.50944373466463
opened_cohort,important_degree_top3,rolling5,exact_1_2,nevertreated,pc_score,collaboration_pc_score,low,github_outcomes,pull_request_opened,TRUE,sa,9,-3.79910964013496,3.13715874802249,-9.94794078625905,2.34972150598912
opened_cohort,important_degree_top3,rolling5,exact_1_2,nevertreated,pc_score,collaboration_pc_score,low,github_outcomes,pull_request_opened,TRUE,sa,10,-4.17303321600218,3.51694061598128,-11.0662368233255,2.72017039132113
opened_cohort,important_degree_top3,rolling5,exact_1_2,nevertreated,pc_score,collaboration_pc_score,low,github_outcomes,pull_request_opened,TRUE,sa,11,-3.76443901327877,3.19416958286883,-10.0250113957017,2.49613336914414
opened_cohort,important_degree_top3,rolling5,exact_1_2,nevertreated,pc_score,collaboration_pc_score,high,github_outcomes,pull_request_opened,TRUE,sa,-15,0.906564317182849,0.948470018691954,-0.952436919453381,2.76556555381908
opened_cohort,important_degree_top3,rolling5,exact_1_2,nevertreated,pc_score,collaboration_pc_score,high,github_outcomes,pull_request_opened,TRUE,sa,-14,0.907587045911976,0.634840548409485,-0.336700428970614,2.15187452079457
opened_cohort,important_degree_top3,rolling5,exact_1_2,nevertreated,pc_score,collaboration_pc_score,high,github_outcomes,pull_request_opened,TRUE,sa,-13,1.05458111468805,0.466945483679006,0.139367966677198,1.9697942626989
opened_cohort,important_degree_top3,rolling5,exact_1_2,nevertreated,pc_score,collaboration_pc_score,high,github_outcomes,pull_request_opened,TRUE,sa,-12,0.191937345378358,0.41828457298706,-0.62790041767628,1.011775108433
opened_cohort,important_degree_top3,rolling5,exact_1_2,nevertreated,pc_score,collaboration_pc_score,high,github_outcomes,pull_request_opened,TRUE,sa,-11,0.355982260729695,0.389755220804543,-0.407937972047209,1.1199024935066
opened_cohort,important_degree_top3,rolling5,exact_1_2,nevertreated,pc_score,collaboration_pc_score,high,github_outcomes,pull_request_opened,TRUE,sa,-10,0.623318836078318,0.419908989099366,-0.199702782556438,1.44634045471308
opened_cohort,important_degree_top3,rolling5,exact_1_2,nevertreated,pc_score,collaboration_pc_score,high,github_outcomes,pull_request_opened,TRUE,sa,-9,0.88289030683547,0.477446864013985,-0.0529055466319404,1.81868616030288
opened_cohort,important_degree_top3,rolling5,exact_1_2,nevertreated,pc_score,collaboration_pc_score,high,github_outcomes,pull_request_opened,TRUE,sa,-8,0.760584939687935,0.33545958514896,0.103084152795974,1.4180857265799
opened_cohort,important_degree_top3,rolling5,exact_1_2,nevertreated,pc_score,collaboration_pc_score,high,github_outcomes,pull_request_opened,TRUE,sa,-7,0.440592724273334,0.268460936789999,-0.0855907118350641,0.966776160381732
opened_cohort,important_degree_top3,rolling5,exact_1_2,nevertreated,pc_score,collaboration_pc_score,high,github_outcomes,pull_request_opened,TRUE,sa,-6,0.276109502255846,0.193001857899334,-0.102174139226849,0.654393143738541
opened_cohort,important_degree_top3,rolling5,exact_1_2,nevertreated,pc_score,collaboration_pc_score,high,github_outcomes,pull_request_opened,TRUE,sa,-5,0.103880426989915,0.136280324958389,-0.163229009928529,0.370989863908358
opened_cohort,important_degree_top3,rolling5,exact_1_2,nevertreated,pc_score,collaboration_pc_score,high,github_outcomes,pull_request_opened,TRUE,sa,-4,0.229671587654237,0.119569865079954,-0.00468534790247296,0.464028523210946
opened_cohort,important_degree_top3,rolling5,exact_1_2,nevertreated,pc_score,collaboration_pc_score,high,github_outcomes,pull_request_opened,TRUE,sa,-3,0.0380285321935201,0.113955841760359,-0.185324917656783,0.261381982043823
opened_cohort,important_degree_top3,rolling5,exact_1_2,nevertreated,pc_score,collaboration_pc_score,high,github_outcomes,pull_request_opened,TRUE,sa,-2,0.251562942313822,0.104532130662241,0.0466799662158297,0.456445918411814
opened_cohort,important_degree_top3,rolling5,exact_1_2,nevertreated,pc_score,collaboration_pc_score,high,github_outcomes,pull_request_opened,TRUE,sa,-1,0,0,0,0
opened_cohort,important_degree_top3,rolling5,exact_1_2,nevertreated,pc_score,collaboration_pc_score,high,github_outcomes,pull_request_opened,TRUE,sa,0,-0.0648058849497432,0.134661673076508,-0.328742764179698,0.199130994280212
opened_cohort,important_degree_top3,rolling5,exact_1_2,nevertreated,pc_score,collaboration_pc_score,high,github_outcomes,pull_request_opened,TRUE,sa,1,-0.519122581138032,0.140292380935599,-0.794095647771807,-0.244149514504258
opened_cohort,important_degree_top3,rolling5,exact_1_2,nevertreated,pc_score,collaboration_pc_score,high,github_outcomes,pull_request_opened,TRUE,sa,2,-0.476819540729524,0.207531152871589,-0.883580600357838,-0.0700584811012101
opened_cohort,important_degree_top3,rolling5,exact_1_2,nevertreated,pc_score,collaboration_pc_score,high,github_outcomes,pull_request_opened,TRUE,sa,3,-0.676965513093461,0.22525231108215,-1.11846004281447,-0.235470983372447
opened_cohort,important_degree_top3,rolling5,exact_1_2,nevertreated,pc_score,collaboration_pc_score,high,github_outcomes,pull_request_opened,TRUE,sa,4,-0.599383748362124,0.274072224214943,-1.13656530782341,-0.0622021889008345
opened_cohort,important_degree_top3,rolling5,exact_1_2,nevertreated,pc_score,collaboration_pc_score,high,github_outcomes,pull_request_opened,TRUE,sa,5,-0.639666558416207,0.289892073459703,-1.20785502239723,-0.0714780944351896
opened_cohort,important_degree_top3,rolling5,exact_1_2,nevertreated,pc_score,collaboration_pc_score,high,github_outcomes,pull_request_opened,TRUE,sa,6,-0.734971264094335,0.355761165993104,-1.43226314944082,-0.0376793787478517
opened_cohort,important_degree_top3,rolling5,exact_1_2,nevertreated,pc_score,collaboration_pc_score,high,github_outcomes,pull_request_opened,TRUE,sa,7,-0.657993620265213,0.388505136707904,-1.4194636882127,0.103476447682278
opened_cohort,important_degree_top3,rolling5,exact_1_2,nevertreated,pc_score,collaboration_pc_score,high,github_outcomes,pull_request_opened,TRUE,sa,8,-0.782780392228687,0.380358132697746,-1.52828233231627,-0.0372784521411041
opened_cohort,important_degree_top3,rolling5,exact_1_2,nevertreated,pc_score,collaboration_pc_score,high,github_outcomes,pull_request_opened,TRUE,sa,9,-0.635156996741497,0.40736845488748,-1.43359916832096,0.163285174837963
opened_cohort,important_degree_top3,rolling5,exact_1_2,nevertreated,pc_score,collaboration_pc_score,high,github_outcomes,pull_request_opened,TRUE,sa,10,-0.75344347777127,0.334133531883743,-1.40834520026341,-0.0985417552791345
opened_cohort,important_degree_top3,rolling5,exact_1_2,nevertreated,pc_score,collaboration_pc_score,high,github_outcomes,pull_request_opened,TRUE,sa,11,-1.3372714676152,0.331667059449336,-1.9873389041359,-0.687204031094502
opened_cohort,important_degree_top3,rolling5,exact_1_2,nevertreated,pc_score,knowledge_level_pc_score,low,github_outcomes,pull_request_opened,TRUE,sa,-15,0.652632028579372,0.346227862015778,-0.0259745809715523,1.3312386381303
opened_cohort,important_degree_top3,rolling5,exact_1_2,nevertreated,pc_score,knowledge_level_pc_score,low,github_outcomes,pull_request_opened,TRUE,sa,-14,0.0419507358061002,0.453418939374475,-0.84675038536787,0.93065185698007
opened_cohort,important_degree_top3,rolling5,exact_1_2,nevertreated,pc_score,knowledge_level_pc_score,low,github_outcomes,pull_request_opened,TRUE,sa,-13,0.325412741957564,0.469986175877858,-0.595760162763038,1.24658564667817
opened_cohort,important_degree_top3,rolling5,exact_1_2,nevertreated,pc_score,knowledge_level_pc_score,low,github_outcomes,pull_request_opened,TRUE,sa,-12,-0.272043917548954,0.343462285117457,-0.94522999637917,0.401142161281261
opened_cohort,important_degree_top3,rolling5,exact_1_2,nevertreated,pc_score,knowledge_level_pc_score,low,github_outcomes,pull_request_opened,TRUE,sa,-11,0.2570407283333,0.374488533606089,-0.476956797534635,0.991038254201235
opened_cohort,important_degree_top3,rolling5,exact_1_2,nevertreated,pc_score,knowledge_level_pc_score,low,github_outcomes,pull_request_opened,TRUE,sa,-10,0.248578702544723,0.301487602000766,-0.342336997376779,0.839494402466225
opened_cohort,important_degree_top3,rolling5,exact_1_2,nevertreated,pc_score,knowledge_level_pc_score,low,github_outcomes,pull_request_opened,TRUE,sa,-9,0.404395553362838,0.319197068190711,-0.221230700290956,1.03002180701663
opened_cohort,important_degree_top3,rolling5,exact_1_2,nevertreated,pc_score,knowledge_level_pc_score,low,github_outcomes,pull_request_opened,TRUE,sa,-8,0.375211805151837,0.316875255235546,-0.245863695109832,0.996287305413506
opened_cohort,important_degree_top3,rolling5,exact_1_2,nevertreated,pc_score,knowledge_level_pc_score,low,github_outcomes,pull_request_opened,TRUE,sa,-7,0.119595122094309,0.188132599176841,-0.249144772292299,0.488335016480918
opened_cohort,important_degree_top3,rolling5,exact_1_2,nevertreated,pc_score,knowledge_level_pc_score,low,github_outcomes,pull_request_opened,TRUE,sa,-6,0.185118671100425,0.166367831407321,-0.140962278457924,0.511199620658775
opened_cohort,important_degree_top3,rolling5,exact_1_2,nevertreated,pc_score,knowledge_level_pc_score,low,github_outcomes,pull_request_opened,TRUE,sa,-5,-0.0179184030145212,0.119672167096294,-0.252475850523257,0.216639044494215
opened_cohort,important_degree_top3,rolling5,exact_1_2,nevertreated,pc_score,knowledge_level_pc_score,low,github_outcomes,pull_request_opened,TRUE,sa,-4,-0.0966388910337077,0.107149675963049,-0.306652255921284,0.113374473853868
opened_cohort,important_degree_top3,rolling5,exact_1_2,nevertreated,pc_score,knowledge_level_pc_score,low,github_outcomes,pull_request_opened,TRUE,sa,-3,-0.0875314728648925,0.0999975889828634,-0.283526747271305,0.10846380154152
opened_cohort,important_degree_top3,rolling5,exact_1_2,nevertreated,pc_score,knowledge_level_pc_score,low,github_outcomes,pull_request_opened,TRUE,sa,-2,0.278442962080885,0.0875979364271113,0.106751006683747,0.450134917478023
opened_cohort,important_degree_top3,rolling5,exact_1_2,nevertreated,pc_score,knowledge_level_pc_score,low,github_outcomes,pull_request_opened,TRUE,sa,-1,0,0,0,0
opened_cohort,important_degree_top3,rolling5,exact_1_2,nevertreated,pc_score,knowledge_level_pc_score,low,github_outcomes,pull_request_opened,TRUE,sa,0,-0.106222010322766,0.13441745189655,-0.369680216040004,0.157236195394473
opened_cohort,important_degree_top3,rolling5,exact_1_2,nevertreated,pc_score,knowledge_level_pc_score,low,github_outcomes,pull_request_opened,TRUE,sa,1,-0.556719832889059,0.118002962543341,-0.788005639474007,-0.325434026304112
opened_cohort,important_degree_top3,rolling5,exact_1_2,nevertreated,pc_score,knowledge_level_pc_score,low,github_outcomes,pull_request_opened,TRUE,sa,2,-0.53554543172632,0.131736528960376,-0.793749028488656,-0.277341834963984
opened_cohort,important_degree_top3,rolling5,exact_1_2,nevertreated,pc_score,knowledge_level_pc_score,low,github_outcomes,pull_request_opened,TRUE,sa,3,-0.66134932430787,0.169776274818941,-0.994110822952995,-0.328587825662745
opened_cohort,important_degree_top3,rolling5,exact_1_2,nevertreated,pc_score,knowledge_level_pc_score,low,github_outcomes,pull_request_opened,TRUE,sa,4,-0.590935444196116,0.164139810790539,-0.912649473345572,-0.26922141504666
opened_cohort,important_degree_top3,rolling5,exact_1_2,nevertreated,pc_score,knowledge_level_pc_score,low,github_outcomes,pull_request_opened,TRUE,sa,5,-0.66166322234092,0.142311864716018,-0.940594477184315,-0.382731967497526
opened_cohort,important_degree_top3,rolling5,exact_1_2,nevertreated,pc_score,knowledge_level_pc_score,low,github_outcomes,pull_request_opened,TRUE,sa,6,-0.684717939679348,0.1670123399213,-1.01206212592509,-0.3573737534336
opened_cohort,important_degree_top3,rolling5,exact_1_2,nevertreated,pc_score,knowledge_level_pc_score,low,github_outcomes,pull_request_opened,TRUE,sa,7,-0.67875046464298,0.17684987435856,-1.02537621838576,-0.332124710900203
opened_cohort,important_degree_top3,rolling5,exact_1_2,nevertreated,pc_score,knowledge_level_pc_score,low,github_outcomes,pull_request_opened,TRUE,sa,8,-0.586630426124339,0.201517675588839,-0.981605070278465,-0.191655781970214
opened_cohort,important_degree_top3,rolling5,exact_1_2,nevertreated,pc_score,knowledge_level_pc_score,low,github_outcomes,pull_request_opened,TRUE,sa,9,-0.573479178437554,0.213507971095106,-0.991954801783962,-0.155003555091145
opened_cohort,important_degree_top3,rolling5,exact_1_2,nevertreated,pc_score,knowledge_level_pc_score,low,github_outcomes,pull_request_opened,TRUE,sa,10,-0.614104724234176,0.234015666822565,-1.0727754312064,-0.155434017261948
opened_cohort,important_degree_top3,rolling5,exact_1_2,nevertreated,pc_score,knowledge_level_pc_score,low,github_outcomes,pull_request_opened,TRUE,sa,11,-0.653219210754787,0.325267095651246,-1.29074271823123,-0.015695703278344
opened_cohort,important_degree_top3,rolling5,exact_1_2,nevertreated,pc_score,knowledge_level_pc_score,high,github_outcomes,pull_request_opened,TRUE,sa,-15,-0.453601871741918,0.811152168154985,-2.04346012132569,1.13625637784185
opened_cohort,important_degree_top3,rolling5,exact_1_2,nevertreated,pc_score,knowledge_level_pc_score,high,github_outcomes,pull_request_opened,TRUE,sa,-14,-0.825485296164229,0.566019755267898,-1.93488401648931,0.28391342416085
opened_cohort,important_degree_top3,rolling5,exact_1_2,nevertreated,pc_score,knowledge_level_pc_score,high,github_outcomes,pull_request_opened,TRUE,sa,-13,0.480546960757188,0.519009217445302,-0.536711105435605,1.49780502694998
opened_cohort,important_degree_top3,rolling5,exact_1_2,nevertreated,pc_score,knowledge_level_pc_score,high,github_outcomes,pull_request_opened,TRUE,sa,-12,0.367845390706503,0.42028576692385,-0.455914712464244,1.19160549387725
opened_cohort,important_degree_top3,rolling5,exact_1_2,nevertreated,pc_score,knowledge_level_pc_score,high,github_outcomes,pull_request_opened,TRUE,sa,-11,0.54013726078458,0.408415886051746,-0.260357875876842,1.340632397446
opened_cohort,important_degree_top3,rolling5,exact_1_2,nevertreated,pc_score,knowledge_level_pc_score,high,github_outcomes,pull_request_opened,TRUE,sa,-10,0.628805605054973,0.417103681391368,-0.188717610472109,1.44632882058205
opened_cohort,important_degree_top3,rolling5,exact_1_2,nevertreated,pc_score,knowledge_level_pc_score,high,github_outcomes,pull_request_opened,TRUE,sa,-9,0.939723742435953,0.489684004882805,-0.0200569071343449,1.89950439200625
opened_cohort,important_degree_top3,rolling5,exact_1_2,nevertreated,pc_score,knowledge_level_pc_score,high,github_outcomes,pull_request_opened,TRUE,sa,-8,0.622710090895086,0.437516025777577,-0.234821319628965,1.48024150141914
opened_cohort,important_degree_top3,rolling5,exact_1_2,nevertreated,pc_score,knowledge_level_pc_score,high,github_outcomes,pull_request_opened,TRUE,sa,-7,0.863670557912058,0.449158621597711,-0.0166803404194555,1.74402145624357
opened_cohort,important_degree_top3,rolling5,exact_1_2,nevertreated,pc_score,knowledge_level_pc_score,high,github_outcomes,pull_request_opened,TRUE,sa,-6,0.632711828653517,0.38864572309098,-0.129033788604804,1.39445744591184
opened_cohort,important_degree_top3,rolling5,exact_1_2,nevertreated,pc_score,knowledge_level_pc_score,high,github_outcomes,pull_request_opened,TRUE,sa,-5,0.374109256538558,0.273032028872786,-0.161033520052104,0.909252033129219
opened_cohort,important_degree_top3,rolling5,exact_1_2,nevertreated,pc_score,knowledge_level_pc_score,high,github_outcomes,pull_request_opened,TRUE,sa,-4,0.350090066737404,0.194637803677669,-0.0314000284708266,0.731580161945635
opened_cohort,important_degree_top3,rolling5,exact_1_2,nevertreated,pc_score,knowledge_level_pc_score,high,github_outcomes,pull_request_opened,TRUE,sa,-3,0.260004265506462,0.157551178733337,-0.0487960448108774,0.568804575823802
opened_cohort,important_degree_top3,rolling5,exact_1_2,nevertreated,pc_score,knowledge_level_pc_score,high,github_outcomes,pull_request_opened,TRUE,sa,-2,0.317610412260747,0.135941413909528,0.0511652409980725,0.584055583523422
opened_cohort,important_degree_top3,rolling5,exact_1_2,nevertreated,pc_score,knowledge_level_pc_score,high,github_outcomes,pull_request_opened,TRUE,sa,-1,0,0,0,0
opened_cohort,important_degree_top3,rolling5,exact_1_2,nevertreated,pc_score,knowledge_level_pc_score,high,github_outcomes,pull_request_opened,TRUE,sa,0,-0.0529618031240152,0.260664591132329,-0.56386440174338,0.457940795495349
opened_cohort,important_degree_top3,rolling5,exact_1_2,nevertreated,pc_score,knowledge_level_pc_score,high,github_outcomes,pull_request_opened,TRUE,sa,1,-0.775527413595329,0.429243153304344,-1.61684399407184,0.0657891668811853
opened_cohort,important_degree_top3,rolling5,exact_1_2,nevertreated,pc_score,knowledge_level_pc_score,high,github_outcomes,pull_request_opened,TRUE,sa,2,-1.0482826386171,0.621047290482663,-2.26553532796312,0.168970050728919
opened_cohort,important_degree_top3,rolling5,exact_1_2,nevertreated,pc_score,knowledge_level_pc_score,high,github_outcomes,pull_request_opened,TRUE,sa,3,-1.18187903334334,0.913477945392406,-2.97229580631245,0.608537739625779
opened_cohort,important_degree_top3,rolling5,exact_1_2,nevertreated,pc_score,knowledge_level_pc_score,high,github_outcomes,pull_request_opened,TRUE,sa,4,-1.61824388909217,1.41614851930904,-4.39389498693789,1.15740720875356
opened_cohort,important_degree_top3,rolling5,exact_1_2,nevertreated,pc_score,knowledge_level_pc_score,high,github_outcomes,pull_request_opened,TRUE,sa,5,-1.89889854753193,1.64585685659372,-5.12477798645561,1.32698089139176
opened_cohort,important_degree_top3,rolling5,exact_1_2,nevertreated,pc_score,knowledge_level_pc_score,high,github_outcomes,pull_request_opened,TRUE,sa,6,-1.94220425525281,1.81439880274977,-5.49842590864236,1.61401739813674
opened_cohort,important_degree_top3,rolling5,exact_1_2,nevertreated,pc_score,knowledge_level_pc_score,high,github_outcomes,pull_request_opened,TRUE,sa,7,-2.22797082540791,2.06565519401435,-6.27665500567604,1.82071335486022
opened_cohort,important_degree_top3,rolling5,exact_1_2,nevertreated,pc_score,knowledge_level_pc_score,high,github_outcomes,pull_request_opened,TRUE,sa,8,-2.55594297855657,2.19528618007888,-6.85870389151117,1.74681793439803
opened_cohort,important_degree_top3,rolling5,exact_1_2,nevertreated,pc_score,knowledge_level_pc_score,high,github_outcomes,pull_request_opened,TRUE,sa,9,-3.06303341570337,2.40454047354724,-7.77593274385597,1.64986591244923
opened_cohort,important_degree_top3,rolling5,exact_1_2,nevertreated,pc_score,knowledge_level_pc_score,high,github_outcomes,pull_request_opened,TRUE,sa,10,-3.20807538149107,2.55182817442107,-8.20965860335636,1.79350784037422
opened_cohort,important_degree_top3,rolling5,exact_1_2,nevertreated,pc_score,knowledge_level_pc_score,high,github_outcomes,pull_request_opened,TRUE,sa,11,-3.23084248184953,2.34437948522116,-7.825826272883,1.36414130918394
opened_cohort,important_degree_top3,rolling5,exact_1_2,nevertreated,pc_score,discussion_quality_pc_score,low,github_outcomes,pull_request_opened,TRUE,sa,-15,-0.809837472881536,0.552297638828364,-1.89234084498513,0.272665899222058
opened_cohort,important_degree_top3,rolling5,exact_1_2,nevertreated,pc_score,discussion_quality_pc_score,low,github_outcomes,pull_request_opened,TRUE,sa,-14,-1.0566588412887,0.646605637500672,-2.32400589079002,0.210688208212615
opened_cohort,important_degree_top3,rolling5,exact_1_2,nevertreated,pc_score,discussion_quality_pc_score,low,github_outcomes,pull_request_opened,TRUE,sa,-13,0.176598780199459,0.483517226784766,-0.771094984298682,1.1242925446976
opened_cohort,important_degree_top3,rolling5,exact_1_2,nevertreated,pc_score,discussion_quality_pc_score,low,github_outcomes,pull_request_opened,TRUE,sa,-12,0.463302944888738,0.496624704768305,-0.51008147645714,1.43668736623462
opened_cohort,important_degree_top3,rolling5,exact_1_2,nevertreated,pc_score,discussion_quality_pc_score,low,github_outcomes,pull_request_opened,TRUE,sa,-11,0.0101149848504283,0.362889819276685,-0.701149060931874,0.721379030632731
opened_cohort,important_degree_top3,rolling5,exact_1_2,nevertreated,pc_score,discussion_quality_pc_score,low,github_outcomes,pull_request_opened,TRUE,sa,-10,0.705728869213935,0.475105496026067,-0.225477902997156,1.63693564142503
opened_cohort,important_degree_top3,rolling5,exact_1_2,nevertreated,pc_score,discussion_quality_pc_score,low,github_outcomes,pull_request_opened,TRUE,sa,-9,0.895528750166237,0.518031334746175,-0.119812665936265,1.91087016626874
opened_cohort,important_degree_top3,rolling5,exact_1_2,nevertreated,pc_score,discussion_quality_pc_score,low,github_outcomes,pull_request_opened,TRUE,sa,-8,0.64324252326693,0.520911151462164,-0.377743333598911,1.66422838013277
opened_cohort,important_degree_top3,rolling5,exact_1_2,nevertreated,pc_score,discussion_quality_pc_score,low,github_outcomes,pull_request_opened,TRUE,sa,-7,0.632180765927444,0.486690882233491,-0.321733363250197,1.58609489510509
opened_cohort,important_degree_top3,rolling5,exact_1_2,nevertreated,pc_score,discussion_quality_pc_score,low,github_outcomes,pull_request_opened,TRUE,sa,-6,0.537020593838149,0.476943756478132,-0.397789168858989,1.47183035653529
opened_cohort,important_degree_top3,rolling5,exact_1_2,nevertreated,pc_score,discussion_quality_pc_score,low,github_outcomes,pull_request_opened,TRUE,sa,-5,0.295745852960809,0.327252707969481,-0.345669454659375,0.937161160580992
opened_cohort,important_degree_top3,rolling5,exact_1_2,nevertreated,pc_score,discussion_quality_pc_score,low,github_outcomes,pull_request_opened,TRUE,sa,-4,0.0539715727998669,0.226544015519064,-0.390054697617498,0.497997843217232
opened_cohort,important_degree_top3,rolling5,exact_1_2,nevertreated,pc_score,discussion_quality_pc_score,low,github_outcomes,pull_request_opened,TRUE,sa,-3,0.0486551105643423,0.160932013623481,-0.266771636137681,0.364081857266365
opened_cohort,important_degree_top3,rolling5,exact_1_2,nevertreated,pc_score,discussion_quality_pc_score,low,github_outcomes,pull_request_opened,TRUE,sa,-2,0.339933500904939,0.117314692774853,0.109996703066226,0.569870298743651
opened_cohort,important_degree_top3,rolling5,exact_1_2,nevertreated,pc_score,discussion_quality_pc_score,low,github_outcomes,pull_request_opened,TRUE,sa,-1,0,0,0,0
opened_cohort,important_degree_top3,rolling5,exact_1_2,nevertreated,pc_score,discussion_quality_pc_score,low,github_outcomes,pull_request_opened,TRUE,sa,0,-0.26312114511158,0.237618946521252,-0.728854280293233,0.202611990070074
opened_cohort,important_degree_top3,rolling5,exact_1_2,nevertreated,pc_score,discussion_quality_pc_score,low,github_outcomes,pull_request_opened,TRUE,sa,1,-0.83686462085632,0.403750273726442,-1.62821515736015,-0.0455140843524933
opened_cohort,important_degree_top3,rolling5,exact_1_2,nevertreated,pc_score,discussion_quality_pc_score,low,github_outcomes,pull_request_opened,TRUE,sa,2,-1.0949007430368,0.564277061955255,-2.2008837844691,0.0110822983955021
opened_cohort,important_degree_top3,rolling5,exact_1_2,nevertreated,pc_score,discussion_quality_pc_score,low,github_outcomes,pull_request_opened,TRUE,sa,3,-1.38119205900818,0.885461475170047,-3.11669655034147,0.354312432325115
opened_cohort,important_degree_top3,rolling5,exact_1_2,nevertreated,pc_score,discussion_quality_pc_score,low,github_outcomes,pull_request_opened,TRUE,sa,4,-1.82547747587195,1.35501923270363,-4.48131517197107,0.830360220227165
opened_cohort,important_degree_top3,rolling5,exact_1_2,nevertreated,pc_score,discussion_quality_pc_score,low,github_outcomes,pull_request_opened,TRUE,sa,5,-2.10871614613074,1.63595712583246,-5.31519211276237,1.09775982050088
opened_cohort,important_degree_top3,rolling5,exact_1_2,nevertreated,pc_score,discussion_quality_pc_score,low,github_outcomes,pull_request_opened,TRUE,sa,6,-2.29013659900198,1.76804238643012,-5.75549967640501,1.17522647840105
opened_cohort,important_degree_top3,rolling5,exact_1_2,nevertreated,pc_score,discussion_quality_pc_score,low,github_outcomes,pull_request_opened,TRUE,sa,7,-2.45589964601357,2.14811510712894,-6.66620525598629,1.75440596395914
opened_cohort,important_degree_top3,rolling5,exact_1_2,nevertreated,pc_score,discussion_quality_pc_score,low,github_outcomes,pull_request_opened,TRUE,sa,8,-2.63411393545104,2.22461748559915,-6.99436420722536,1.72613633632329
opened_cohort,important_degree_top3,rolling5,exact_1_2,nevertreated,pc_score,discussion_quality_pc_score,low,github_outcomes,pull_request_opened,TRUE,sa,9,-2.94029199333813,2.42556769555682,-7.69440467662949,1.81382068995324
opened_cohort,important_degree_top3,rolling5,exact_1_2,nevertreated,pc_score,discussion_quality_pc_score,low,github_outcomes,pull_request_opened,TRUE,sa,10,-2.95356866490986,2.73220111413985,-8.30868284862397,2.40154551880424
opened_cohort,important_degree_top3,rolling5,exact_1_2,nevertreated,pc_score,discussion_quality_pc_score,low,github_outcomes,pull_request_opened,TRUE,sa,11,-2.8566182045736,2.47504001567976,-7.70769663530592,1.99446022615873
opened_cohort,important_degree_top3,rolling5,exact_1_2,nevertreated,pc_score,discussion_quality_pc_score,high,github_outcomes,pull_request_opened,TRUE,sa,-15,0.519733296269817,0.838940905628936,-1.1245908787629,2.16405747130253
opened_cohort,important_degree_top3,rolling5,exact_1_2,nevertreated,pc_score,discussion_quality_pc_score,high,github_outcomes,pull_request_opened,TRUE,sa,-14,0.254717575583674,0.604354948566953,-0.929818123607554,1.4392532747749
opened_cohort,important_degree_top3,rolling5,exact_1_2,nevertreated,pc_score,discussion_quality_pc_score,high,github_outcomes,pull_request_opened,TRUE,sa,-13,0.953783032334307,0.428653624097327,0.113621929103546,1.79394413556507
opened_cohort,important_degree_top3,rolling5,exact_1_2,nevertreated,pc_score,discussion_quality_pc_score,high,github_outcomes,pull_request_opened,TRUE,sa,-12,0.0471968426709232,0.418867113962824,-0.773782700696212,0.868176386038058
opened_cohort,important_degree_top3,rolling5,exact_1_2,nevertreated,pc_score,discussion_quality_pc_score,high,github_outcomes,pull_request_opened,TRUE,sa,-11,0.704654872250219,0.386332211633154,-0.052556262550763,1.4618660070512
opened_cohort,important_degree_top3,rolling5,exact_1_2,nevertreated,pc_score,discussion_quality_pc_score,high,github_outcomes,pull_request_opened,TRUE,sa,-10,0.297083153503293,0.304411270671862,-0.299562937013558,0.893729244020143
opened_cohort,important_degree_top3,rolling5,exact_1_2,nevertreated,pc_score,discussion_quality_pc_score,high,github_outcomes,pull_request_opened,TRUE,sa,-9,0.516997543477031,0.373087813991677,-0.214254571946655,1.24824965890072
opened_cohort,important_degree_top3,rolling5,exact_1_2,nevertreated,pc_score,discussion_quality_pc_score,high,github_outcomes,pull_request_opened,TRUE,sa,-8,0.360245184364867,0.276583530576153,-0.181858535564393,0.902348904294127
opened_cohort,important_degree_top3,rolling5,exact_1_2,nevertreated,pc_score,discussion_quality_pc_score,high,github_outcomes,pull_request_opened,TRUE,sa,-7,0.376480697725941,0.26889947139493,-0.150562266208122,0.903523661660005
opened_cohort,important_degree_top3,rolling5,exact_1_2,nevertreated,pc_score,discussion_quality_pc_score,high,github_outcomes,pull_request_opened,TRUE,sa,-6,0.37693504305633,0.209818032136049,-0.0343082999303257,0.788178386042986
opened_cohort,important_degree_top3,rolling5,exact_1_2,nevertreated,pc_score,discussion_quality_pc_score,high,github_outcomes,pull_request_opened,TRUE,sa,-5,0.0806714940357013,0.138809631031183,-0.191395382785418,0.352738370856821
opened_cohort,important_degree_top3,rolling5,exact_1_2,nevertreated,pc_score,discussion_quality_pc_score,high,github_outcomes,pull_request_opened,TRUE,sa,-4,0.23616190153733,0.117991952962455,0.00489767373091857,0.467426129343742
opened_cohort,important_degree_top3,rolling5,exact_1_2,nevertreated,pc_score,discussion_quality_pc_score,high,github_outcomes,pull_request_opened,TRUE,sa,-3,0.126221454962631,0.113205370334364,-0.0956610708927232,0.348103980817985
opened_cohort,important_degree_top3,rolling5,exact_1_2,nevertreated,pc_score,discussion_quality_pc_score,high,github_outcomes,pull_request_opened,TRUE,sa,-2,0.261717219475706,0.108966075004652,0.0481437124665877,0.475290726484823
opened_cohort,important_degree_top3,rolling5,exact_1_2,nevertreated,pc_score,discussion_quality_pc_score,high,github_outcomes,pull_request_opened,TRUE,sa,-1,0,0,0,0
opened_cohort,important_degree_top3,rolling5,exact_1_2,nevertreated,pc_score,discussion_quality_pc_score,high,github_outcomes,pull_request_opened,TRUE,sa,0,0.140112355380481,0.148063309511894,-0.15009173126283,0.430316442023793
opened_cohort,important_degree_top3,rolling5,exact_1_2,nevertreated,pc_score,discussion_quality_pc_score,high,github_outcomes,pull_request_opened,TRUE,sa,1,-0.487332109708884,0.167863850826825,-0.816345257329461,-0.158318962088307
opened_cohort,important_degree_top3,rolling5,exact_1_2,nevertreated,pc_score,discussion_quality_pc_score,high,github_outcomes,pull_request_opened,TRUE,sa,2,-0.449854712794668,0.257468445811328,-0.95449286658487,0.0547834409955346
opened_cohort,important_degree_top3,rolling5,exact_1_2,nevertreated,pc_score,discussion_quality_pc_score,high,github_outcomes,pull_request_opened,TRUE,sa,3,-0.462562660479118,0.333220322291464,-1.11567449217039,0.190549171212151
opened_cohort,important_degree_top3,rolling5,exact_1_2,nevertreated,pc_score,discussion_quality_pc_score,high,github_outcomes,pull_request_opened,TRUE,sa,4,-0.379056519695849,0.435158327173895,-1.23196684095668,0.473853801564986
opened_cohort,important_degree_top3,rolling5,exact_1_2,nevertreated,pc_score,discussion_quality_pc_score,high,github_outcomes,pull_request_opened,TRUE,sa,5,-0.476360921280314,0.382372434577131,-1.22581089305149,0.273089050490862
opened_cohort,important_degree_top3,rolling5,exact_1_2,nevertreated,pc_score,discussion_quality_pc_score,high,github_outcomes,pull_request_opened,TRUE,sa,6,-0.316789992266177,0.526820215097403,-1.34935761385709,0.715777629324733
opened_cohort,important_degree_top3,rolling5,exact_1_2,nevertreated,pc_score,discussion_quality_pc_score,high,github_outcomes,pull_request_opened,TRUE,sa,7,-0.610993463382867,0.461890118607052,-1.51629809585269,0.294311169086954
opened_cohort,important_degree_top3,rolling5,exact_1_2,nevertreated,pc_score,discussion_quality_pc_score,high,github_outcomes,pull_request_opened,TRUE,sa,8,-0.585889508813761,0.492535424684236,-1.55125894119486,0.379479923567342
opened_cohort,important_degree_top3,rolling5,exact_1_2,nevertreated,pc_score,discussion_quality_pc_score,high,github_outcomes,pull_request_opened,TRUE,sa,9,-0.7414583093634,0.41267343040507,-1.55029823295734,0.0673816142305379
opened_cohort,important_degree_top3,rolling5,exact_1_2,nevertreated,pc_score,discussion_quality_pc_score,high,github_outcomes,pull_request_opened,TRUE,sa,10,-1.36800286703043,0.435052355756858,-2.22070548431387,-0.51530024974699
opened_cohort,important_degree_top3,rolling5,exact_1_2,nevertreated,pc_score,discussion_quality_pc_score,high,github_outcomes,pull_request_opened,TRUE,sa,11,-1.58484295051514,0.417913534208937,-2.40395347756466,-0.765732423465624
opened_cohort,important_degree_top3,rolling5,exact_1_2,nevertreated,pc_score,investment_in_new_talent_pc_score,low,github_outcomes,pull_request_opened,TRUE,sa,-15,-0.601808505441043,0.513659194498586,-1.60858052665827,0.404963515776186
opened_cohort,important_degree_top3,rolling5,exact_1_2,nevertreated,pc_score,investment_in_new_talent_pc_score,low,github_outcomes,pull_request_opened,TRUE,sa,-14,-0.0356654999546289,0.540712280330292,-1.095461569402,1.02413056949274
opened_cohort,important_degree_top3,rolling5,exact_1_2,nevertreated,pc_score,investment_in_new_talent_pc_score,low,github_outcomes,pull_request_opened,TRUE,sa,-13,1.06886310631752,0.579326088896484,-0.0666160279195924,2.20434224055463
opened_cohort,important_degree_top3,rolling5,exact_1_2,nevertreated,pc_score,investment_in_new_talent_pc_score,low,github_outcomes,pull_request_opened,TRUE,sa,-12,0.816198087151799,0.422768760338031,-0.0124286831107419,1.64482485741434
opened_cohort,important_degree_top3,rolling5,exact_1_2,nevertreated,pc_score,investment_in_new_talent_pc_score,low,github_outcomes,pull_request_opened,TRUE,sa,-11,0.773993979538017,0.356295617967535,0.0756545683216482,1.47233339075439
opened_cohort,important_degree_top3,rolling5,exact_1_2,nevertreated,pc_score,investment_in_new_talent_pc_score,low,github_outcomes,pull_request_opened,TRUE,sa,-10,0.960584210298563,0.420908966423059,0.135602636109368,1.78556578448776
opened_cohort,important_degree_top3,rolling5,exact_1_2,nevertreated,pc_score,investment_in_new_talent_pc_score,low,github_outcomes,pull_request_opened,TRUE,sa,-9,1.14935127056292,0.528184721724977,0.114109215981963,2.18459332514387
opened_cohort,important_degree_top3,rolling5,exact_1_2,nevertreated,pc_score,investment_in_new_talent_pc_score,low,github_outcomes,pull_request_opened,TRUE,sa,-8,0.721037908384983,0.546629726405699,-0.350356355370188,1.79243217214015
opened_cohort,important_degree_top3,rolling5,exact_1_2,nevertreated,pc_score,investment_in_new_talent_pc_score,low,github_outcomes,pull_request_opened,TRUE,sa,-7,0.679341124127413,0.546756941090199,-0.392302480409378,1.7509847286642
opened_cohort,important_degree_top3,rolling5,exact_1_2,nevertreated,pc_score,investment_in_new_talent_pc_score,low,github_outcomes,pull_request_opened,TRUE,sa,-6,0.652529371168653,0.515018377676659,-0.356906649077599,1.6619653914149
opened_cohort,important_degree_top3,rolling5,exact_1_2,nevertreated,pc_score,investment_in_new_talent_pc_score,low,github_outcomes,pull_request_opened,TRUE,sa,-5,0.323196178549406,0.362029747149235,-0.386382125863093,1.03277448296191
opened_cohort,important_degree_top3,rolling5,exact_1_2,nevertreated,pc_score,investment_in_new_talent_pc_score,low,github_outcomes,pull_request_opened,TRUE,sa,-4,0.122471686148389,0.24633335497492,-0.360341689602454,0.605285061899232
opened_cohort,important_degree_top3,rolling5,exact_1_2,nevertreated,pc_score,investment_in_new_talent_pc_score,low,github_outcomes,pull_request_opened,TRUE,sa,-3,0.0133584744076409,0.171051326462175,-0.321902125458222,0.348619074273504
opened_cohort,important_degree_top3,rolling5,exact_1_2,nevertreated,pc_score,investment_in_new_talent_pc_score,low,github_outcomes,pull_request_opened,TRUE,sa,-2,0.268072468178067,0.128770430290866,0.0156824248079694,0.520462511548164
opened_cohort,important_degree_top3,rolling5,exact_1_2,nevertreated,pc_score,investment_in_new_talent_pc_score,low,github_outcomes,pull_request_opened,TRUE,sa,-1,0,0,0,0
opened_cohort,important_degree_top3,rolling5,exact_1_2,nevertreated,pc_score,investment_in_new_talent_pc_score,low,github_outcomes,pull_request_opened,TRUE,sa,0,-0.0827887709792771,0.244004247554487,-0.561037096186071,0.395459554227517
opened_cohort,important_degree_top3,rolling5,exact_1_2,nevertreated,pc_score,investment_in_new_talent_pc_score,low,github_outcomes,pull_request_opened,TRUE,sa,1,-0.854077574128922,0.405865742187447,-1.64957442881632,-0.058580719441525
opened_cohort,important_degree_top3,rolling5,exact_1_2,nevertreated,pc_score,investment_in_new_talent_pc_score,low,github_outcomes,pull_request_opened,TRUE,sa,2,-1.01171638389611,0.601748596800819,-2.19114363362571,0.167710865833498
opened_cohort,important_degree_top3,rolling5,exact_1_2,nevertreated,pc_score,investment_in_new_talent_pc_score,low,github_outcomes,pull_request_opened,TRUE,sa,3,-1.48296495588524,0.984750125578852,-3.41307520201979,0.447145290249306
opened_cohort,important_degree_top3,rolling5,exact_1_2,nevertreated,pc_score,investment_in_new_talent_pc_score,low,github_outcomes,pull_request_opened,TRUE,sa,4,-1.70278233412812,1.50181212525619,-4.64633409963026,1.24076943137402
opened_cohort,important_degree_top3,rolling5,exact_1_2,nevertreated,pc_score,investment_in_new_talent_pc_score,low,github_outcomes,pull_request_opened,TRUE,sa,5,-2.09790896728495,1.82099479948905,-5.66705877428348,1.47124083971358
opened_cohort,important_degree_top3,rolling5,exact_1_2,nevertreated,pc_score,investment_in_new_talent_pc_score,low,github_outcomes,pull_request_opened,TRUE,sa,6,-2.17460980421921,2.03344679215811,-6.16016551684909,1.81094590841068
opened_cohort,important_degree_top3,rolling5,exact_1_2,nevertreated,pc_score,investment_in_new_talent_pc_score,low,github_outcomes,pull_request_opened,TRUE,sa,7,-2.66738063198626,2.49172796852105,-7.55116745028751,2.216406186315
opened_cohort,important_degree_top3,rolling5,exact_1_2,nevertreated,pc_score,investment_in_new_talent_pc_score,low,github_outcomes,pull_request_opened,TRUE,sa,8,-2.87670177970297,2.60839712349893,-7.98916014176089,2.23575658235494
opened_cohort,important_degree_top3,rolling5,exact_1_2,nevertreated,pc_score,investment_in_new_talent_pc_score,low,github_outcomes,pull_request_opened,TRUE,sa,9,-3.41873035001722,2.85470616948736,-9.01395444221244,2.176493742178
opened_cohort,important_degree_top3,rolling5,exact_1_2,nevertreated,pc_score,investment_in_new_talent_pc_score,low,github_outcomes,pull_request_opened,TRUE,sa,10,-3.85387658859019,3.12837140700027,-9.98548454631071,2.27773136913034
opened_cohort,important_degree_top3,rolling5,exact_1_2,nevertreated,pc_score,investment_in_new_talent_pc_score,low,github_outcomes,pull_request_opened,TRUE,sa,11,-3.80748181108901,2.84734444247683,-9.38827691834358,1.77331329616557
opened_cohort,important_degree_top3,rolling5,exact_1_2,nevertreated,pc_score,investment_in_new_talent_pc_score,high,github_outcomes,pull_request_opened,TRUE,sa,-15,1.03281276426815,1.26225534921458,-1.44120772019243,3.50683324872873
opened_cohort,important_degree_top3,rolling5,exact_1_2,nevertreated,pc_score,investment_in_new_talent_pc_score,high,github_outcomes,pull_request_opened,TRUE,sa,-14,-0.403288850769925,0.70135542261781,-1.77794547910083,0.971367777560982
opened_cohort,important_degree_top3,rolling5,exact_1_2,nevertreated,pc_score,investment_in_new_talent_pc_score,high,github_outcomes,pull_request_opened,TRUE,sa,-13,-0.00304641661725976,0.439984676028239,-0.865416381632608,0.859323548398088
opened_cohort,important_degree_top3,rolling5,exact_1_2,nevertreated,pc_score,investment_in_new_talent_pc_score,high,github_outcomes,pull_request_opened,TRUE,sa,-12,-0.651551299371222,0.343882130410274,-1.32556027497536,0.0224576762329155
opened_cohort,important_degree_top3,rolling5,exact_1_2,nevertreated,pc_score,investment_in_new_talent_pc_score,high,github_outcomes,pull_request_opened,TRUE,sa,-11,0.0519923814424315,0.414436369614003,-0.760302903001015,0.864287665885878
opened_cohort,important_degree_top3,rolling5,exact_1_2,nevertreated,pc_score,investment_in_new_talent_pc_score,high,github_outcomes,pull_request_opened,TRUE,sa,-10,0.197277631698379,0.348593656275521,-0.485965934601642,0.8805211979984
opened_cohort,important_degree_top3,rolling5,exact_1_2,nevertreated,pc_score,investment_in_new_talent_pc_score,high,github_outcomes,pull_request_opened,TRUE,sa,-9,0.356430450880769,0.40776539531407,-0.442789723934808,1.15565062569635
opened_cohort,important_degree_top3,rolling5,exact_1_2,nevertreated,pc_score,investment_in_new_talent_pc_score,high,github_outcomes,pull_request_opened,TRUE,sa,-8,0.652064607518863,0.359170816693124,-0.0519101931996596,1.35603940823738
opened_cohort,important_degree_top3,rolling5,exact_1_2,nevertreated,pc_score,investment_in_new_talent_pc_score,high,github_outcomes,pull_request_opened,TRUE,sa,-7,0.651847915038803,0.273078649549754,0.116613761921286,1.18708206815632
opened_cohort,important_degree_top3,rolling5,exact_1_2,nevertreated,pc_score,investment_in_new_talent_pc_score,high,github_outcomes,pull_request_opened,TRUE,sa,-6,0.482100250423997,0.186710191213095,0.11614827564633,0.848052225201664
opened_cohort,important_degree_top3,rolling5,exact_1_2,nevertreated,pc_score,investment_in_new_talent_pc_score,high,github_outcomes,pull_request_opened,TRUE,sa,-5,0.188838032099318,0.123541420443871,-0.0533031519706692,0.430979216169305
opened_cohort,important_degree_top3,rolling5,exact_1_2,nevertreated,pc_score,investment_in_new_talent_pc_score,high,github_outcomes,pull_request_opened,TRUE,sa,-4,0.261344140776991,0.115473011593358,0.0350170380540099,0.487671243499973
opened_cohort,important_degree_top3,rolling5,exact_1_2,nevertreated,pc_score,investment_in_new_talent_pc_score,high,github_outcomes,pull_request_opened,TRUE,sa,-3,0.228123797997811,0.113146608985013,0.00635644438718613,0.449891151608436
opened_cohort,important_degree_top3,rolling5,exact_1_2,nevertreated,pc_score,investment_in_new_talent_pc_score,high,github_outcomes,pull_request_opened,TRUE,sa,-2,0.370202780861531,0.101205191090064,0.171840606325006,0.568564955398057
opened_cohort,important_degree_top3,rolling5,exact_1_2,nevertreated,pc_score,investment_in_new_talent_pc_score,high,github_outcomes,pull_request_opened,TRUE,sa,-1,0,0,0,0
opened_cohort,important_degree_top3,rolling5,exact_1_2,nevertreated,pc_score,investment_in_new_talent_pc_score,high,github_outcomes,pull_request_opened,TRUE,sa,0,-0.16035690540006,0.118647026348789,-0.392905077043687,0.072191266243567
opened_cohort,important_degree_top3,rolling5,exact_1_2,nevertreated,pc_score,investment_in_new_talent_pc_score,high,github_outcomes,pull_request_opened,TRUE,sa,1,-0.507630907804956,0.159317367165421,-0.819892947449182,-0.195368868160731
opened_cohort,important_degree_top3,rolling5,exact_1_2,nevertreated,pc_score,investment_in_new_talent_pc_score,high,github_outcomes,pull_request_opened,TRUE,sa,2,-0.603985252531811,0.233024222248904,-1.06071272813966,-0.14725777692396
opened_cohort,important_degree_top3,rolling5,exact_1_2,nevertreated,pc_score,investment_in_new_talent_pc_score,high,github_outcomes,pull_request_opened,TRUE,sa,3,-0.478897410532207,0.292924298340351,-1.0530290352793,0.0952342142148817
opened_cohort,important_degree_top3,rolling5,exact_1_2,nevertreated,pc_score,investment_in_new_talent_pc_score,high,github_outcomes,pull_request_opened,TRUE,sa,4,-0.681103484554538,0.303472981742265,-1.27591052876938,-0.0862964403396986
opened_cohort,important_degree_top3,rolling5,exact_1_2,nevertreated,pc_score,investment_in_new_talent_pc_score,high,github_outcomes,pull_request_opened,TRUE,sa,5,-0.699214560036002,0.29326973438051,-1.2740232394218,-0.124405880650202
opened_cohort,important_degree_top3,rolling5,exact_1_2,nevertreated,pc_score,investment_in_new_talent_pc_score,high,github_outcomes,pull_request_opened,TRUE,sa,6,-0.81827939944387,0.353152319960995,-1.51045794656742,-0.126100852320319
opened_cohort,important_degree_top3,rolling5,exact_1_2,nevertreated,pc_score,investment_in_new_talent_pc_score,high,github_outcomes,pull_request_opened,TRUE,sa,7,-0.766150241445342,0.376660742642472,-1.50440529702459,-0.0278951858660969
opened_cohort,important_degree_top3,rolling5,exact_1_2,nevertreated,pc_score,investment_in_new_talent_pc_score,high,github_outcomes,pull_request_opened,TRUE,sa,8,-0.739461883073065,0.3911154508701,-1.50604816677846,0.0271244006323301
opened_cohort,important_degree_top3,rolling5,exact_1_2,nevertreated,pc_score,investment_in_new_talent_pc_score,high,github_outcomes,pull_request_opened,TRUE,sa,9,-0.676744194364359,0.404612651586887,-1.46978499147466,0.116296602745938
opened_cohort,important_degree_top3,rolling5,exact_1_2,nevertreated,pc_score,investment_in_new_talent_pc_score,high,github_outcomes,pull_request_opened,TRUE,sa,10,-0.456423183160647,0.3484704234813,-1.139425213184,0.226578846862701
opened_cohort,important_degree_top3,rolling5,exact_1_2,nevertreated,pc_score,investment_in_new_talent_pc_score,high,github_outcomes,pull_request_opened,TRUE,sa,11,-0.560388620088055,0.339535338670198,-1.22587788388164,0.105100643705534
opened_cohort,important_degree_top3,rolling5,exact_1_2,nevertreated,pc_score,problem_solving_routines_pc_score,low,github_outcomes,pull_request_opened,TRUE,sa,-15,-0.722948884366742,0.553415063434422,-1.80764240869821,0.361744639964725
opened_cohort,important_degree_top3,rolling5,exact_1_2,nevertreated,pc_score,problem_solving_routines_pc_score,low,github_outcomes,pull_request_opened,TRUE,sa,-14,-0.839354240805295,0.455247905485658,-1.73164013555718,0.0529316539465942
opened_cohort,important_degree_top3,rolling5,exact_1_2,nevertreated,pc_score,problem_solving_routines_pc_score,low,github_outcomes,pull_request_opened,TRUE,sa,-13,0.766541069692927,0.476928726077536,-0.168239233419043,1.7013213728049
opened_cohort,important_degree_top3,rolling5,exact_1_2,nevertreated,pc_score,problem_solving_routines_pc_score,low,github_outcomes,pull_request_opened,TRUE,sa,-12,0.0602450032310749,0.407892734643448,-0.739224756670083,0.859714763132233
opened_cohort,important_degree_top3,rolling5,exact_1_2,nevertreated,pc_score,problem_solving_routines_pc_score,low,github_outcomes,pull_request_opened,TRUE,sa,-11,0.0148189349223994,0.320927933892692,-0.614199815507277,0.643837685352075
opened_cohort,important_degree_top3,rolling5,exact_1_2,nevertreated,pc_score,problem_solving_routines_pc_score,low,github_outcomes,pull_request_opened,TRUE,sa,-10,0.299709500187544,0.373250740373287,-0.4318619509441,1.03128095131919
opened_cohort,important_degree_top3,rolling5,exact_1_2,nevertreated,pc_score,problem_solving_routines_pc_score,low,github_outcomes,pull_request_opened,TRUE,sa,-9,0.340501200426953,0.359141442220938,-0.363416026326085,1.04441842717999
opened_cohort,important_degree_top3,rolling5,exact_1_2,nevertreated,pc_score,problem_solving_routines_pc_score,low,github_outcomes,pull_request_opened,TRUE,sa,-8,0.334320409901034,0.255101324040193,-0.165678185217745,0.834319005019813
opened_cohort,important_degree_top3,rolling5,exact_1_2,nevertreated,pc_score,problem_solving_routines_pc_score,low,github_outcomes,pull_request_opened,TRUE,sa,-7,0.0672184147406481,0.196082152123145,-0.317102603420715,0.451539432902012
opened_cohort,important_degree_top3,rolling5,exact_1_2,nevertreated,pc_score,problem_solving_routines_pc_score,low,github_outcomes,pull_request_opened,TRUE,sa,-6,0.229842076384428,0.179108163740712,-0.121209924547367,0.580894077316223
opened_cohort,important_degree_top3,rolling5,exact_1_2,nevertreated,pc_score,problem_solving_routines_pc_score,low,github_outcomes,pull_request_opened,TRUE,sa,-5,0.0437566145899941,0.128413103825237,-0.20793306890747,0.295446298087458
opened_cohort,important_degree_top3,rolling5,exact_1_2,nevertreated,pc_score,problem_solving_routines_pc_score,low,github_outcomes,pull_request_opened,TRUE,sa,-4,-0.0264444524986584,0.112222583311057,-0.24640071578833,0.193511810791013
opened_cohort,important_degree_top3,rolling5,exact_1_2,nevertreated,pc_score,problem_solving_routines_pc_score,low,github_outcomes,pull_request_opened,TRUE,sa,-3,-0.0430466890689292,0.0975714116645113,-0.234286655931371,0.148193277793513
opened_cohort,important_degree_top3,rolling5,exact_1_2,nevertreated,pc_score,problem_solving_routines_pc_score,low,github_outcomes,pull_request_opened,TRUE,sa,-2,0.182561401831011,0.0929460255305194,0.000387191791192981,0.364735611870829
opened_cohort,important_degree_top3,rolling5,exact_1_2,nevertreated,pc_score,problem_solving_routines_pc_score,low,github_outcomes,pull_request_opened,TRUE,sa,-1,0,0,0,0
opened_cohort,important_degree_top3,rolling5,exact_1_2,nevertreated,pc_score,problem_solving_routines_pc_score,low,github_outcomes,pull_request_opened,TRUE,sa,0,0.1215548812935,0.133563751704117,-0.140230072046569,0.38333983463357
opened_cohort,important_degree_top3,rolling5,exact_1_2,nevertreated,pc_score,problem_solving_routines_pc_score,low,github_outcomes,pull_request_opened,TRUE,sa,1,-0.31223092854105,0.115397076352387,-0.538409198191729,-0.0860526588903714
opened_cohort,important_degree_top3,rolling5,exact_1_2,nevertreated,pc_score,problem_solving_routines_pc_score,low,github_outcomes,pull_request_opened,TRUE,sa,2,-0.315770929803778,0.144808092100374,-0.59959479032051,-0.0319470692870451
opened_cohort,important_degree_top3,rolling5,exact_1_2,nevertreated,pc_score,problem_solving_routines_pc_score,low,github_outcomes,pull_request_opened,TRUE,sa,3,-0.353430131345727,0.205881940393298,-0.756958734516591,0.0500984718251372
opened_cohort,important_degree_top3,rolling5,exact_1_2,nevertreated,pc_score,problem_solving_routines_pc_score,low,github_outcomes,pull_request_opened,TRUE,sa,4,-0.210029211401236,0.274023188796122,-0.747114661441634,0.327056238639162
opened_cohort,important_degree_top3,rolling5,exact_1_2,nevertreated,pc_score,problem_solving_routines_pc_score,low,github_outcomes,pull_request_opened,TRUE,sa,5,-0.399120454149327,0.212532583964431,-0.815684318719611,0.0174434104209566
opened_cohort,important_degree_top3,rolling5,exact_1_2,nevertreated,pc_score,problem_solving_routines_pc_score,low,github_outcomes,pull_request_opened,TRUE,sa,6,-0.231448806133713,0.31894533305696,-0.856581658925354,0.393684046657929
opened_cohort,important_degree_top3,rolling5,exact_1_2,nevertreated,pc_score,problem_solving_routines_pc_score,low,github_outcomes,pull_request_opened,TRUE,sa,7,-0.359275408536714,0.247061110738805,-0.843515185584772,0.124964368511345
opened_cohort,important_degree_top3,rolling5,exact_1_2,nevertreated,pc_score,problem_solving_routines_pc_score,low,github_outcomes,pull_request_opened,TRUE,sa,8,-0.555988367516193,0.281681246227624,-1.10808361012234,-0.00389312491004956
opened_cohort,important_degree_top3,rolling5,exact_1_2,nevertreated,pc_score,problem_solving_routines_pc_score,low,github_outcomes,pull_request_opened,TRUE,sa,9,-0.668018579109132,0.245199571081982,-1.14860973842982,-0.187427419788447
opened_cohort,important_degree_top3,rolling5,exact_1_2,nevertreated,pc_score,problem_solving_routines_pc_score,low,github_outcomes,pull_request_opened,TRUE,sa,10,-0.699721798436515,0.222032860943313,-1.13490620588541,-0.264537390987621
opened_cohort,important_degree_top3,rolling5,exact_1_2,nevertreated,pc_score,problem_solving_routines_pc_score,low,github_outcomes,pull_request_opened,TRUE,sa,11,-1.01844284725373,0.301832797912943,-1.6100351311631,-0.426850563344359
opened_cohort,important_degree_top3,rolling5,exact_1_2,nevertreated,pc_score,problem_solving_routines_pc_score,high,github_outcomes,pull_request_opened,TRUE,sa,-15,0.274281825244829,1.03126721647141,-1.74700191903914,2.2955655695288
opened_cohort,important_degree_top3,rolling5,exact_1_2,nevertreated,pc_score,problem_solving_routines_pc_score,high,github_outcomes,pull_request_opened,TRUE,sa,-14,0.240549606947392,0.649311252310004,-1.03210044758022,1.513199661475
opened_cohort,important_degree_top3,rolling5,exact_1_2,nevertreated,pc_score,problem_solving_routines_pc_score,high,github_outcomes,pull_request_opened,TRUE,sa,-13,0.157444255330289,0.396487898042216,-0.619672024832454,0.934560535493032
opened_cohort,important_degree_top3,rolling5,exact_1_2,nevertreated,pc_score,problem_solving_routines_pc_score,high,github_outcomes,pull_request_opened,TRUE,sa,-12,0.0503343795729001,0.469215708791841,-0.869328409659108,0.969997168804907
opened_cohort,important_degree_top3,rolling5,exact_1_2,nevertreated,pc_score,problem_solving_routines_pc_score,high,github_outcomes,pull_request_opened,TRUE,sa,-11,0.814538178768638,0.495204319897044,-0.156062288229569,1.78513864576684
opened_cohort,important_degree_top3,rolling5,exact_1_2,nevertreated,pc_score,problem_solving_routines_pc_score,high,github_outcomes,pull_request_opened,TRUE,sa,-10,0.763910266568038,0.360341947853681,0.0576400487748225,1.47018048436125
opened_cohort,important_degree_top3,rolling5,exact_1_2,nevertreated,pc_score,problem_solving_routines_pc_score,high,github_outcomes,pull_request_opened,TRUE,sa,-9,0.884059637073693,0.473617361826353,-0.0442303921059594,1.81234966625334
opened_cohort,important_degree_top3,rolling5,exact_1_2,nevertreated,pc_score,problem_solving_routines_pc_score,high,github_outcomes,pull_request_opened,TRUE,sa,-8,0.612341757669644,0.465272294286357,-0.299591939131616,1.5242754544709
opened_cohort,important_degree_top3,rolling5,exact_1_2,nevertreated,pc_score,problem_solving_routines_pc_score,high,github_outcomes,pull_request_opened,TRUE,sa,-7,0.989404261882046,0.43790902541621,0.131102572066276,1.84770595169782
opened_cohort,important_degree_top3,rolling5,exact_1_2,nevertreated,pc_score,problem_solving_routines_pc_score,high,github_outcomes,pull_request_opened,TRUE,sa,-6,0.578335656580208,0.335957864099134,-0.0801417570540952,1.23681307021451
opened_cohort,important_degree_top3,rolling5,exact_1_2,nevertreated,pc_score,problem_solving_routines_pc_score,high,github_outcomes,pull_request_opened,TRUE,sa,-5,0.296751625699246,0.225477667121882,-0.145184601859643,0.738687853258134
opened_cohort,important_degree_top3,rolling5,exact_1_2,nevertreated,pc_score,problem_solving_routines_pc_score,high,github_outcomes,pull_request_opened,TRUE,sa,-4,0.33649870778868,0.166626809393271,0.0099101613778686,0.663087254199492
opened_cohort,important_degree_top3,rolling5,exact_1_2,nevertreated,pc_score,problem_solving_routines_pc_score,high,github_outcomes,pull_request_opened,TRUE,sa,-3,0.230953017398915,0.138430359737038,-0.0403704876856793,0.50227652248351
opened_cohort,important_degree_top3,rolling5,exact_1_2,nevertreated,pc_score,problem_solving_routines_pc_score,high,github_outcomes,pull_request_opened,TRUE,sa,-2,0.43330738358811,0.116111228117682,0.205729376477453,0.660885390698768
opened_cohort,important_degree_top3,rolling5,exact_1_2,nevertreated,pc_score,problem_solving_routines_pc_score,high,github_outcomes,pull_request_opened,TRUE,sa,-1,0,0,0,0
opened_cohort,important_degree_top3,rolling5,exact_1_2,nevertreated,pc_score,problem_solving_routines_pc_score,high,github_outcomes,pull_request_opened,TRUE,sa,0,-0.280531661280567,0.210879208268433,-0.693854909486696,0.132791586925561
opened_cohort,important_degree_top3,rolling5,exact_1_2,nevertreated,pc_score,problem_solving_routines_pc_score,high,github_outcomes,pull_request_opened,TRUE,sa,1,-0.972020164779757,0.324777878962153,-1.60858480754558,-0.335455522013938
opened_cohort,important_degree_top3,rolling5,exact_1_2,nevertreated,pc_score,problem_solving_routines_pc_score,high,github_outcomes,pull_request_opened,TRUE,sa,2,-1.16954431674544,0.455954644247702,-2.06321541947093,-0.275873214019943
opened_cohort,important_degree_top3,rolling5,exact_1_2,nevertreated,pc_score,problem_solving_routines_pc_score,high,github_outcomes,pull_request_opened,TRUE,sa,3,-1.29196941901744,0.669943684576023,-2.60505904078644,0.0211202027515685
opened_cohort,important_degree_top3,rolling5,exact_1_2,nevertreated,pc_score,problem_solving_routines_pc_score,high,github_outcomes,pull_request_opened,TRUE,sa,4,-1.66079230443202,1.01331990945434,-3.64689932696252,0.325314718098475
opened_cohort,important_degree_top3,rolling5,exact_1_2,nevertreated,pc_score,problem_solving_routines_pc_score,high,github_outcomes,pull_request_opened,TRUE,sa,5,-1.71350385743107,1.1740111318176,-4.01456567579357,0.587557960931419
opened_cohort,important_degree_top3,rolling5,exact_1_2,nevertreated,pc_score,problem_solving_routines_pc_score,high,github_outcomes,pull_request_opened,TRUE,sa,6,-1.91432538472636,1.24873819447421,-4.36185224589582,0.5332014764431
opened_cohort,important_degree_top3,rolling5,exact_1_2,nevertreated,pc_score,problem_solving_routines_pc_score,high,github_outcomes,pull_request_opened,TRUE,sa,7,-2.03310923974045,1.4920540676779,-4.95753521238913,0.891316732908229
opened_cohort,important_degree_top3,rolling5,exact_1_2,nevertreated,pc_score,problem_solving_routines_pc_score,high,github_outcomes,pull_request_opened,TRUE,sa,8,-1.95667909034013,1.55574610697207,-5.00594146000538,1.09258327932512
opened_cohort,important_degree_top3,rolling5,exact_1_2,nevertreated,pc_score,problem_solving_routines_pc_score,high,github_outcomes,pull_request_opened,TRUE,sa,9,-2.19697231785654,1.69369081155044,-5.5166063084954,1.12266167278232
opened_cohort,important_degree_top3,rolling5,exact_1_2,nevertreated,pc_score,problem_solving_routines_pc_score,high,github_outcomes,pull_request_opened,TRUE,sa,10,-2.38766282626425,1.71061357698652,-5.74046543715783,0.965139784629337
opened_cohort,important_degree_top3,rolling5,exact_1_2,nevertreated,pc_score,problem_solving_routines_pc_score,high,github_outcomes,pull_request_opened,TRUE,sa,11,-3.05702191103341,1.7228487126577,-6.4338053878425,0.319761565775671
opened_cohort,important_degree_top3,rolling5,exact_1_2,nevertreated,pc_score,collaboration_pc_score,low,github_outcomes,pull_request_opened,FALSE,sa,-15,1.98302261993024,3.64365056404737,-5.1585324856026,9.12457772546308
opened_cohort,important_degree_top3,rolling5,exact_1_2,nevertreated,pc_score,collaboration_pc_score,low,github_outcomes,pull_request_opened,FALSE,sa,-14,-1.63595661964104,3.58681660512386,-8.66611716568381,5.39420392640173
opened_cohort,important_degree_top3,rolling5,exact_1_2,nevertreated,pc_score,collaboration_pc_score,low,github_outcomes,pull_request_opened,FALSE,sa,-13,1.14228438675843,3.56293447606909,-5.84106718633698,8.12563595985385
opened_cohort,important_degree_top3,rolling5,exact_1_2,nevertreated,pc_score,collaboration_pc_score,low,github_outcomes,pull_request_opened,FALSE,sa,-12,1.94135688828786,3.18624770161496,-4.30368860687745,8.18640238345318
opened_cohort,important_degree_top3,rolling5,exact_1_2,nevertreated,pc_score,collaboration_pc_score,low,github_outcomes,pull_request_opened,FALSE,sa,-11,2.44431384547925,3.09848778873273,-3.62872222043691,8.51734991139541
opened_cohort,important_degree_top3,rolling5,exact_1_2,nevertreated,pc_score,collaboration_pc_score,low,github_outcomes,pull_request_opened,FALSE,sa,-10,2.59128191977675,3.07753654653059,-3.44068971142321,8.62325355097671
opened_cohort,important_degree_top3,rolling5,exact_1_2,nevertreated,pc_score,collaboration_pc_score,low,github_outcomes,pull_request_opened,FALSE,sa,-9,2.37405731657747,2.96822758582923,-3.44366875164782,8.19178338480275
opened_cohort,important_degree_top3,rolling5,exact_1_2,nevertreated,pc_score,collaboration_pc_score,low,github_outcomes,pull_request_opened,FALSE,sa,-8,1.66920874108634,2.87054627247716,-3.95706195296891,7.29547943514158
opened_cohort,important_degree_top3,rolling5,exact_1_2,nevertreated,pc_score,collaboration_pc_score,low,github_outcomes,pull_request_opened,FALSE,sa,-7,2.66248789962887,2.76975909484593,-2.76623992626915,8.09121572552688
opened_cohort,important_degree_top3,rolling5,exact_1_2,nevertreated,pc_score,collaboration_pc_score,low,github_outcomes,pull_request_opened,FALSE,sa,-6,2.55820011650264,2.73985494975005,-2.81191558500746,7.92831581801273
opened_cohort,important_degree_top3,rolling5,exact_1_2,nevertreated,pc_score,collaboration_pc_score,low,github_outcomes,pull_request_opened,FALSE,sa,-5,0.757030191944889,2.23524264510733,-3.62404539246548,5.13810577635526
opened_cohort,important_degree_top3,rolling5,exact_1_2,nevertreated,pc_score,collaboration_pc_score,low,github_outcomes,pull_request_opened,FALSE,sa,-4,0.75879090746255,1.98795439220033,-3.1375997012501,4.6551815161752
opened_cohort,important_degree_top3,rolling5,exact_1_2,nevertreated,pc_score,collaboration_pc_score,low,github_outcomes,pull_request_opened,FALSE,sa,-3,0.42325947811862,1.4459250310242,-2.41075358268882,3.25727253892606
opened_cohort,important_degree_top3,rolling5,exact_1_2,nevertreated,pc_score,collaboration_pc_score,low,github_outcomes,pull_request_opened,FALSE,sa,-2,2.06086511260367,1.07361133572553,-0.0434131054183635,4.16514333062571
opened_cohort,important_degree_top3,rolling5,exact_1_2,nevertreated,pc_score,collaboration_pc_score,low,github_outcomes,pull_request_opened,FALSE,sa,-1,0,0,0,0
opened_cohort,important_degree_top3,rolling5,exact_1_2,nevertreated,pc_score,collaboration_pc_score,low,github_outcomes,pull_request_opened,FALSE,sa,0,-1.44050892336244,1.06525934475447,-3.52841723908121,0.647399392356328
opened_cohort,important_degree_top3,rolling5,exact_1_2,nevertreated,pc_score,collaboration_pc_score,low,github_outcomes,pull_request_opened,FALSE,sa,1,-3.26863630882543,1.53975589993722,-6.28655787270239,-0.250714744948473
opened_cohort,important_degree_top3,rolling5,exact_1_2,nevertreated,pc_score,collaboration_pc_score,low,github_outcomes,pull_request_opened,FALSE,sa,2,-4.59848499825595,1.89296720715679,-8.30870072428325,-0.888269272228655
opened_cohort,important_degree_top3,rolling5,exact_1_2,nevertreated,pc_score,collaboration_pc_score,low,github_outcomes,pull_request_opened,FALSE,sa,3,-5.07420968421047,2.44634023025246,-9.8690365355053,-0.279382832915648
opened_cohort,important_degree_top3,rolling5,exact_1_2,nevertreated,pc_score,collaboration_pc_score,low,github_outcomes,pull_request_opened,FALSE,sa,4,-6.50790646252229,3.26886390247638,-12.914879711376,-0.100933213668585
opened_cohort,important_degree_top3,rolling5,exact_1_2,nevertreated,pc_score,collaboration_pc_score,low,github_outcomes,pull_request_opened,FALSE,sa,5,-7.05457430907598,3.82153332270299,-14.5447796215738,0.43563100342189
opened_cohort,important_degree_top3,rolling5,exact_1_2,nevertreated,pc_score,collaboration_pc_score,low,github_outcomes,pull_request_opened,FALSE,sa,6,-6.87335163975766,4.18990712118761,-15.0855695972854,1.33886631777006
opened_cohort,important_degree_top3,rolling5,exact_1_2,nevertreated,pc_score,collaboration_pc_score,low,github_outcomes,pull_request_opened,FALSE,sa,7,-6.10358826155028,4.87292902525773,-15.6545291510554,3.44735262795486
opened_cohort,important_degree_top3,rolling5,exact_1_2,nevertreated,pc_score,collaboration_pc_score,low,github_outcomes,pull_request_opened,FALSE,sa,8,-4.67294339647437,5.01359039129638,-14.4995805634153,5.15369377046653
opened_cohort,important_degree_top3,rolling5,exact_1_2,nevertreated,pc_score,collaboration_pc_score,low,github_outcomes,pull_request_opened,FALSE,sa,9,-2.73027740109026,5.76646804801109,-14.032554775192,8.57199997301147
opened_cohort,important_degree_top3,rolling5,exact_1_2,nevertreated,pc_score,collaboration_pc_score,low,github_outcomes,pull_request_opened,FALSE,sa,10,-3.06715772745168,6.02488052475559,-14.8759235559726,8.74160810106928
opened_cohort,important_degree_top3,rolling5,exact_1_2,nevertreated,pc_score,collaboration_pc_score,low,github_outcomes,pull_request_opened,FALSE,sa,11,-1.08582545462068,5.96077629301812,-12.7689469889362,10.5972960796948
opened_cohort,important_degree_top3,rolling5,exact_1_2,nevertreated,pc_score,collaboration_pc_score,high,github_outcomes,pull_request_opened,FALSE,sa,-15,4.05196755068748,5.49640737139424,-6.72099089724523,14.8249259986202
opened_cohort,important_degree_top3,rolling5,exact_1_2,nevertreated,pc_score,collaboration_pc_score,high,github_outcomes,pull_request_opened,FALSE,sa,-14,7.80031843212096,6.88143774988849,-5.68729955766048,21.2879364219024
opened_cohort,important_degree_top3,rolling5,exact_1_2,nevertreated,pc_score,collaboration_pc_score,high,github_outcomes,pull_request_opened,FALSE,sa,-13,5.9096138468772,6.104477943774,-6.05516292291983,17.8743906166742
opened_cohort,important_degree_top3,rolling5,exact_1_2,nevertreated,pc_score,collaboration_pc_score,high,github_outcomes,pull_request_opened,FALSE,sa,-12,2.23245584281132,4.56316116851786,-6.71134004748368,11.1762517331063
opened_cohort,important_degree_top3,rolling5,exact_1_2,nevertreated,pc_score,collaboration_pc_score,high,github_outcomes,pull_request_opened,FALSE,sa,-11,4.42992321099186,4.90445305869368,-5.18280478404775,14.0426512060315
opened_cohort,important_degree_top3,rolling5,exact_1_2,nevertreated,pc_score,collaboration_pc_score,high,github_outcomes,pull_request_opened,FALSE,sa,-10,5.59542782473106,4.41548335284577,-3.05891954684666,14.2497751963088
opened_cohort,important_degree_top3,rolling5,exact_1_2,nevertreated,pc_score,collaboration_pc_score,high,github_outcomes,pull_request_opened,FALSE,sa,-9,4.70496558594977,4.29387753489619,-3.71103438244677,13.1209655543463
opened_cohort,important_degree_top3,rolling5,exact_1_2,nevertreated,pc_score,collaboration_pc_score,high,github_outcomes,pull_request_opened,FALSE,sa,-8,6.00981699492585,3.79160594834124,-1.42173066382297,13.4413646536747
opened_cohort,important_degree_top3,rolling5,exact_1_2,nevertreated,pc_score,collaboration_pc_score,high,github_outcomes,pull_request_opened,FALSE,sa,-7,3.94310285601306,3.56908722678993,-3.0523081084952,10.9385138205213
opened_cohort,important_degree_top3,rolling5,exact_1_2,nevertreated,pc_score,collaboration_pc_score,high,github_outcomes,pull_request_opened,FALSE,sa,-6,2.50959787674908,3.03417431012094,-3.43738377108796,8.45657952458611
opened_cohort,important_degree_top3,rolling5,exact_1_2,nevertreated,pc_score,collaboration_pc_score,high,github_outcomes,pull_request_opened,FALSE,sa,-5,2.60815050659771,2.45578306445731,-2.20518429973862,7.42148531293404
opened_cohort,important_degree_top3,rolling5,exact_1_2,nevertreated,pc_score,collaboration_pc_score,high,github_outcomes,pull_request_opened,FALSE,sa,-4,2.87115508033268,2.06608113806216,-1.17836395026916,6.92067411093452
opened_cohort,important_degree_top3,rolling5,exact_1_2,nevertreated,pc_score,collaboration_pc_score,high,github_outcomes,pull_request_opened,FALSE,sa,-3,1.94585195993202,1.71631224539013,-1.41812004103264,5.30982396089668
opened_cohort,important_degree_top3,rolling5,exact_1_2,nevertreated,pc_score,collaboration_pc_score,high,github_outcomes,pull_request_opened,FALSE,sa,-2,3.1813706697402,0.903195277939724,1.41110792497834,4.95163341450206
opened_cohort,important_degree_top3,rolling5,exact_1_2,nevertreated,pc_score,collaboration_pc_score,high,github_outcomes,pull_request_opened,FALSE,sa,-1,0,0,0,0
opened_cohort,important_degree_top3,rolling5,exact_1_2,nevertreated,pc_score,collaboration_pc_score,high,github_outcomes,pull_request_opened,FALSE,sa,0,-1.89757476385814,1.1549618945791,-4.16130007723317,0.366150549516886
opened_cohort,important_degree_top3,rolling5,exact_1_2,nevertreated,pc_score,collaboration_pc_score,high,github_outcomes,pull_request_opened,FALSE,sa,1,-2.07199785105513,1.85488257984145,-5.70756770754437,1.5635720054341
opened_cohort,important_degree_top3,rolling5,exact_1_2,nevertreated,pc_score,collaboration_pc_score,high,github_outcomes,pull_request_opened,FALSE,sa,2,-1.52381363395647,2.39375786133028,-6.21557904216382,3.16795177425088
opened_cohort,important_degree_top3,rolling5,exact_1_2,nevertreated,pc_score,collaboration_pc_score,high,github_outcomes,pull_request_opened,FALSE,sa,3,-1.69263938057828,3.10969492306973,-7.78764142979495,4.4023626686384
opened_cohort,important_degree_top3,rolling5,exact_1_2,nevertreated,pc_score,collaboration_pc_score,high,github_outcomes,pull_request_opened,FALSE,sa,4,-0.634834849582934,3.78639862520532,-8.05617615498536,6.78650645581949
opened_cohort,important_degree_top3,rolling5,exact_1_2,nevertreated,pc_score,collaboration_pc_score,high,github_outcomes,pull_request_opened,FALSE,sa,5,0.9607214033746,4.72620830183767,-8.30264686822724,10.2240896749764
opened_cohort,important_degree_top3,rolling5,exact_1_2,nevertreated,pc_score,collaboration_pc_score,high,github_outcomes,pull_request_opened,FALSE,sa,6,1.32407086565404,5.428718064329,-9.31621654043081,11.9643582717389
opened_cohort,important_degree_top3,rolling5,exact_1_2,nevertreated,pc_score,collaboration_pc_score,high,github_outcomes,pull_request_opened,FALSE,sa,7,5.02843754312183,6.57946014595065,-7.86730434294143,17.9241794291851
opened_cohort,important_degree_top3,rolling5,exact_1_2,nevertreated,pc_score,collaboration_pc_score,high,github_outcomes,pull_request_opened,FALSE,sa,8,8.73370130489344,7.70138883373281,-6.36102080922288,23.8284234190098
opened_cohort,important_degree_top3,rolling5,exact_1_2,nevertreated,pc_score,collaboration_pc_score,high,github_outcomes,pull_request_opened,FALSE,sa,9,8.0866074417798,6.68966824049379,-5.02514230958803,21.1983571931476
opened_cohort,important_degree_top3,rolling5,exact_1_2,nevertreated,pc_score,collaboration_pc_score,high,github_outcomes,pull_request_opened,FALSE,sa,10,1.49854805672491,4.76645289728235,-7.84369962194851,10.8407957353983
opened_cohort,important_degree_top3,rolling5,exact_1_2,nevertreated,pc_score,collaboration_pc_score,high,github_outcomes,pull_request_opened,FALSE,sa,11,1.13761545103329,4.80116781631251,-8.27267346893923,10.5479043710058
opened_cohort,important_degree_top3,rolling5,exact_1_2,nevertreated,pc_score,knowledge_level_pc_score,low,github_outcomes,pull_request_opened,FALSE,sa,-15,8.2168607187176,4.62072243895799,-0.839755261640056,17.2734766990753
opened_cohort,important_degree_top3,rolling5,exact_1_2,nevertreated,pc_score,knowledge_level_pc_score,low,github_outcomes,pull_request_opened,FALSE,sa,-14,2.32939030212055,4.50277601841956,-6.49605069398179,11.1548312982229
opened_cohort,important_degree_top3,rolling5,exact_1_2,nevertreated,pc_score,knowledge_level_pc_score,low,github_outcomes,pull_request_opened,FALSE,sa,-13,4.43456471605658,4.89017696705924,-5.15018213937953,14.0193115714927
opened_cohort,important_degree_top3,rolling5,exact_1_2,nevertreated,pc_score,knowledge_level_pc_score,low,github_outcomes,pull_request_opened,FALSE,sa,-12,3.36872517876655,4.23629069641328,-4.93440458620348,11.6718549437366
opened_cohort,important_degree_top3,rolling5,exact_1_2,nevertreated,pc_score,knowledge_level_pc_score,low,github_outcomes,pull_request_opened,FALSE,sa,-11,5.77685127935217,4.15255465827061,-2.36215585085822,13.9158584095626
opened_cohort,important_degree_top3,rolling5,exact_1_2,nevertreated,pc_score,knowledge_level_pc_score,low,github_outcomes,pull_request_opened,FALSE,sa,-10,6.52264663541153,3.83940350954477,-1.00258424329621,14.0478775141193
opened_cohort,important_degree_top3,rolling5,exact_1_2,nevertreated,pc_score,knowledge_level_pc_score,low,github_outcomes,pull_request_opened,FALSE,sa,-9,5.44954089096798,3.53897015155956,-1.48684060608876,12.3859223880247
opened_cohort,important_degree_top3,rolling5,exact_1_2,nevertreated,pc_score,knowledge_level_pc_score,low,github_outcomes,pull_request_opened,FALSE,sa,-8,6.07901783494961,3.41710655349088,-0.618511009892512,12.7765466797917
opened_cohort,important_degree_top3,rolling5,exact_1_2,nevertreated,pc_score,knowledge_level_pc_score,low,github_outcomes,pull_request_opened,FALSE,sa,-7,7.17848614050697,3.17548731389622,0.954531005270381,13.4024412757436
opened_cohort,important_degree_top3,rolling5,exact_1_2,nevertreated,pc_score,knowledge_level_pc_score,low,github_outcomes,pull_request_opened,FALSE,sa,-6,7.12364430766033,3.21871117902812,0.81497039676521,13.4323182185555
opened_cohort,important_degree_top3,rolling5,exact_1_2,nevertreated,pc_score,knowledge_level_pc_score,low,github_outcomes,pull_request_opened,FALSE,sa,-5,4.94940068221235,2.52076252731555,0.00870612867387166,9.89009523575083
opened_cohort,important_degree_top3,rolling5,exact_1_2,nevertreated,pc_score,knowledge_level_pc_score,low,github_outcomes,pull_request_opened,FALSE,sa,-4,3.95404999214195,2.09262666674154,-0.147498274671463,8.05559825895536
opened_cohort,important_degree_top3,rolling5,exact_1_2,nevertreated,pc_score,knowledge_level_pc_score,low,github_outcomes,pull_request_opened,FALSE,sa,-3,1.7758619016452,1.42969733447894,-1.02634487393353,4.57806867722392
opened_cohort,important_degree_top3,rolling5,exact_1_2,nevertreated,pc_score,knowledge_level_pc_score,low,github_outcomes,pull_request_opened,FALSE,sa,-2,3.07081406812398,1.11878271973714,0.877999937439187,5.26362819880877
opened_cohort,important_degree_top3,rolling5,exact_1_2,nevertreated,pc_score,knowledge_level_pc_score,low,github_outcomes,pull_request_opened,FALSE,sa,-1,0,0,0,0
opened_cohort,important_degree_top3,rolling5,exact_1_2,nevertreated,pc_score,knowledge_level_pc_score,low,github_outcomes,pull_request_opened,FALSE,sa,0,-2.26233595089752,1.05124490318501,-4.32277596114014,-0.201895940654893
opened_cohort,important_degree_top3,rolling5,exact_1_2,nevertreated,pc_score,knowledge_level_pc_score,low,github_outcomes,pull_request_opened,FALSE,sa,1,-2.28580913823181,1.35501327273801,-4.94163515279831,0.370016876334698
opened_cohort,important_degree_top3,rolling5,exact_1_2,nevertreated,pc_score,knowledge_level_pc_score,low,github_outcomes,pull_request_opened,FALSE,sa,2,-1.9934975295297,1.50510079185428,-4.94349508156409,0.956500022504698
opened_cohort,important_degree_top3,rolling5,exact_1_2,nevertreated,pc_score,knowledge_level_pc_score,low,github_outcomes,pull_request_opened,FALSE,sa,3,-2.3146532914532,1.77528890182615,-5.79421953903245,1.16491295612604
opened_cohort,important_degree_top3,rolling5,exact_1_2,nevertreated,pc_score,knowledge_level_pc_score,low,github_outcomes,pull_request_opened,FALSE,sa,4,-1.23292499444642,2.01119919179481,-5.17487541036424,2.7090254214714
opened_cohort,important_degree_top3,rolling5,exact_1_2,nevertreated,pc_score,knowledge_level_pc_score,low,github_outcomes,pull_request_opened,FALSE,sa,5,-0.666358456929396,2.15716719112287,-4.89440615153022,3.56168923767142
opened_cohort,important_degree_top3,rolling5,exact_1_2,nevertreated,pc_score,knowledge_level_pc_score,low,github_outcomes,pull_request_opened,FALSE,sa,6,-0.00602666605881042,2.40322319492826,-4.7163441281182,4.70429079600058
opened_cohort,important_degree_top3,rolling5,exact_1_2,nevertreated,pc_score,knowledge_level_pc_score,low,github_outcomes,pull_request_opened,FALSE,sa,7,2.4804297052855,2.64677617786067,-2.70725160332142,7.66811101389242
opened_cohort,important_degree_top3,rolling5,exact_1_2,nevertreated,pc_score,knowledge_level_pc_score,low,github_outcomes,pull_request_opened,FALSE,sa,8,5.87427943645414,2.76906540201485,0.446911248505032,11.3016476244032
opened_cohort,important_degree_top3,rolling5,exact_1_2,nevertreated,pc_score,knowledge_level_pc_score,low,github_outcomes,pull_request_opened,FALSE,sa,9,7.09678509418126,2.90867971808673,1.39577284673127,12.7977973416313
opened_cohort,important_degree_top3,rolling5,exact_1_2,nevertreated,pc_score,knowledge_level_pc_score,low,github_outcomes,pull_request_opened,FALSE,sa,10,2.45097459842956,3.32628511153898,-4.06854422018683,8.97049341704595
opened_cohort,important_degree_top3,rolling5,exact_1_2,nevertreated,pc_score,knowledge_level_pc_score,low,github_outcomes,pull_request_opened,FALSE,sa,11,3.30192047697577,3.84368971993707,-4.23171137410088,10.8355523280524
opened_cohort,important_degree_top3,rolling5,exact_1_2,nevertreated,pc_score,knowledge_level_pc_score,high,github_outcomes,pull_request_opened,FALSE,sa,-15,-0.024107948162056,5.88772985500334,-11.5640584639686,11.5158425676445
opened_cohort,important_degree_top3,rolling5,exact_1_2,nevertreated,pc_score,knowledge_level_pc_score,high,github_outcomes,pull_request_opened,FALSE,sa,-14,-2.87251046702122,9.16072348804925,-20.8275285035977,15.0825075695553
opened_cohort,important_degree_top3,rolling5,exact_1_2,nevertreated,pc_score,knowledge_level_pc_score,high,github_outcomes,pull_request_opened,FALSE,sa,-13,0.633447900721047,7.12563459367046,-13.3327959028731,14.5996917043151
opened_cohort,important_degree_top3,rolling5,exact_1_2,nevertreated,pc_score,knowledge_level_pc_score,high,github_outcomes,pull_request_opened,FALSE,sa,-12,-0.347479131323894,5.46215426494483,-11.0533014906158,10.358343227968
opened_cohort,important_degree_top3,rolling5,exact_1_2,nevertreated,pc_score,knowledge_level_pc_score,high,github_outcomes,pull_request_opened,FALSE,sa,-11,0.285563235968972,5.8125373640141,-11.1070099974987,11.6781364694366
opened_cohort,important_degree_top3,rolling5,exact_1_2,nevertreated,pc_score,knowledge_level_pc_score,high,github_outcomes,pull_request_opened,FALSE,sa,-10,1.1812917020048,5.36589185970383,-9.33585634301472,11.6984397470243
opened_cohort,important_degree_top3,rolling5,exact_1_2,nevertreated,pc_score,knowledge_level_pc_score,high,github_outcomes,pull_request_opened,FALSE,sa,-9,1.21176666821666,4.82895498890156,-8.2529851100304,10.6765184464637
opened_cohort,important_degree_top3,rolling5,exact_1_2,nevertreated,pc_score,knowledge_level_pc_score,high,github_outcomes,pull_request_opened,FALSE,sa,-8,1.09977729753677,4.14053734921677,-7.01567590692809,9.21523050200163
opened_cohort,important_degree_top3,rolling5,exact_1_2,nevertreated,pc_score,knowledge_level_pc_score,high,github_outcomes,pull_request_opened,FALSE,sa,-7,1.58001907125574,3.59878861112661,-5.47360660655241,8.63364474906389
opened_cohort,important_degree_top3,rolling5,exact_1_2,nevertreated,pc_score,knowledge_level_pc_score,high,github_outcomes,pull_request_opened,FALSE,sa,-6,0.483969565965736,2.90256386751595,-5.20505561436552,6.17299474629699
opened_cohort,important_degree_top3,rolling5,exact_1_2,nevertreated,pc_score,knowledge_level_pc_score,high,github_outcomes,pull_request_opened,FALSE,sa,-5,0.678703954653121,2.31179748048277,-3.85241910709311,5.20982701639935
opened_cohort,important_degree_top3,rolling5,exact_1_2,nevertreated,pc_score,knowledge_level_pc_score,high,github_outcomes,pull_request_opened,FALSE,sa,-4,1.38042166225488,1.95383445642034,-2.44909387232898,5.20993719683874
opened_cohort,important_degree_top3,rolling5,exact_1_2,nevertreated,pc_score,knowledge_level_pc_score,high,github_outcomes,pull_request_opened,FALSE,sa,-3,1.55174716050644,1.64773692279701,-1.6778172081757,4.78131152918857
opened_cohort,important_degree_top3,rolling5,exact_1_2,nevertreated,pc_score,knowledge_level_pc_score,high,github_outcomes,pull_request_opened,FALSE,sa,-2,2.1402890109399,0.981003651252017,0.217521854485951,4.06305616739386
opened_cohort,important_degree_top3,rolling5,exact_1_2,nevertreated,pc_score,knowledge_level_pc_score,high,github_outcomes,pull_request_opened,FALSE,sa,-1,0,0,0,0
opened_cohort,important_degree_top3,rolling5,exact_1_2,nevertreated,pc_score,knowledge_level_pc_score,high,github_outcomes,pull_request_opened,FALSE,sa,0,-1.51633435764972,1.29485599246927,-4.05425210288949,1.02158338759004
opened_cohort,important_degree_top3,rolling5,exact_1_2,nevertreated,pc_score,knowledge_level_pc_score,high,github_outcomes,pull_request_opened,FALSE,sa,1,-3.71837057003201,2.47201123608455,-8.56351259275773,1.1267714526937
opened_cohort,important_degree_top3,rolling5,exact_1_2,nevertreated,pc_score,knowledge_level_pc_score,high,github_outcomes,pull_request_opened,FALSE,sa,2,-5.08741997524049,3.49325183016173,-11.9341935623575,1.75935361187649
opened_cohort,important_degree_top3,rolling5,exact_1_2,nevertreated,pc_score,knowledge_level_pc_score,high,github_outcomes,pull_request_opened,FALSE,sa,3,-4.75047859703884,4.30101434536498,-13.1804667139542,3.67950951987652
opened_cohort,important_degree_top3,rolling5,exact_1_2,nevertreated,pc_score,knowledge_level_pc_score,high,github_outcomes,pull_request_opened,FALSE,sa,4,-5.58553021708672,5.16375204194736,-15.7064842193035,4.5354237851301
opened_cohort,important_degree_top3,rolling5,exact_1_2,nevertreated,pc_score,knowledge_level_pc_score,high,github_outcomes,pull_request_opened,FALSE,sa,5,-4.60744998274248,5.88235241838923,-16.1368607227854,6.92196075730041
opened_cohort,important_degree_top3,rolling5,exact_1_2,nevertreated,pc_score,knowledge_level_pc_score,high,github_outcomes,pull_request_opened,FALSE,sa,6,-4.18446018101095,6.73774458616618,-17.3904395698967,9.02151920787477
opened_cohort,important_degree_top3,rolling5,exact_1_2,nevertreated,pc_score,knowledge_level_pc_score,high,github_outcomes,pull_request_opened,FALSE,sa,7,-1.37901795500511,7.94549704227529,-16.9521921578647,14.1941562478545
opened_cohort,important_degree_top3,rolling5,exact_1_2,nevertreated,pc_score,knowledge_level_pc_score,high,github_outcomes,pull_request_opened,FALSE,sa,8,0.0883029456420659,9.19915789414889,-17.9420465268898,18.1186524181739
opened_cohort,important_degree_top3,rolling5,exact_1_2,nevertreated,pc_score,knowledge_level_pc_score,high,github_outcomes,pull_request_opened,FALSE,sa,9,-0.490312558690513,8.83848282430058,-17.8137388943197,16.8331137769386
opened_cohort,important_degree_top3,rolling5,exact_1_2,nevertreated,pc_score,knowledge_level_pc_score,high,github_outcomes,pull_request_opened,FALSE,sa,10,-4.81395894580645,6.88830373682062,-18.3150342699749,8.68711637836197
opened_cohort,important_degree_top3,rolling5,exact_1_2,nevertreated,pc_score,knowledge_level_pc_score,high,github_outcomes,pull_request_opened,FALSE,sa,11,-3.87167341994839,6.82084676589696,-17.2405330811064,9.49718624120965
opened_cohort,important_degree_top3,rolling5,exact_1_2,nevertreated,pc_score,discussion_quality_pc_score,low,github_outcomes,pull_request_opened,FALSE,sa,-15,4.12026149205223,4.53633486027564,-4.77095483408802,13.0114778181925
opened_cohort,important_degree_top3,rolling5,exact_1_2,nevertreated,pc_score,discussion_quality_pc_score,low,github_outcomes,pull_request_opened,FALSE,sa,-14,-0.53699547078763,5.37925687417575,-11.0803389441721,10.0063480025968
opened_cohort,important_degree_top3,rolling5,exact_1_2,nevertreated,pc_score,discussion_quality_pc_score,low,github_outcomes,pull_request_opened,FALSE,sa,-13,7.76414445522119,5.19134003714251,-2.41088201757812,17.9391709280205
opened_cohort,important_degree_top3,rolling5,exact_1_2,nevertreated,pc_score,discussion_quality_pc_score,low,github_outcomes,pull_request_opened,FALSE,sa,-12,4.43592792257495,4.17180027375899,-3.74080061399267,12.6126564591426
opened_cohort,important_degree_top3,rolling5,exact_1_2,nevertreated,pc_score,discussion_quality_pc_score,low,github_outcomes,pull_request_opened,FALSE,sa,-11,4.30053165741114,4.43085108886603,-4.38393647676628,12.9849997915886
opened_cohort,important_degree_top3,rolling5,exact_1_2,nevertreated,pc_score,discussion_quality_pc_score,low,github_outcomes,pull_request_opened,FALSE,sa,-10,6.05521790214549,4.17051137394005,-2.11898439077702,14.229420195068
opened_cohort,important_degree_top3,rolling5,exact_1_2,nevertreated,pc_score,discussion_quality_pc_score,low,github_outcomes,pull_request_opened,FALSE,sa,-9,4.98616429865302,3.81132908340739,-2.48404070482547,12.4563693021315
opened_cohort,important_degree_top3,rolling5,exact_1_2,nevertreated,pc_score,discussion_quality_pc_score,low,github_outcomes,pull_request_opened,FALSE,sa,-8,5.00598803069993,3.63598346523627,-2.12053956116316,12.132515622563
opened_cohort,important_degree_top3,rolling5,exact_1_2,nevertreated,pc_score,discussion_quality_pc_score,low,github_outcomes,pull_request_opened,FALSE,sa,-7,4.04947241958566,3.52712814708526,-2.86369874870145,10.9626435878728
opened_cohort,important_degree_top3,rolling5,exact_1_2,nevertreated,pc_score,discussion_quality_pc_score,low,github_outcomes,pull_request_opened,FALSE,sa,-6,2.74338291385347,3.24825374012422,-3.62319441679001,9.10996024449695
opened_cohort,important_degree_top3,rolling5,exact_1_2,nevertreated,pc_score,discussion_quality_pc_score,low,github_outcomes,pull_request_opened,FALSE,sa,-5,2.97710660194642,2.52461892656514,-1.97114649412125,7.92535969801409
opened_cohort,important_degree_top3,rolling5,exact_1_2,nevertreated,pc_score,discussion_quality_pc_score,low,github_outcomes,pull_request_opened,FALSE,sa,-4,2.76971391439258,2.2019905217641,-1.54618750826506,7.08561533705021
opened_cohort,important_degree_top3,rolling5,exact_1_2,nevertreated,pc_score,discussion_quality_pc_score,low,github_outcomes,pull_request_opened,FALSE,sa,-3,1.12907157976899,1.57122866757383,-1.95053660867571,4.20867976821369
opened_cohort,important_degree_top3,rolling5,exact_1_2,nevertreated,pc_score,discussion_quality_pc_score,low,github_outcomes,pull_request_opened,FALSE,sa,-2,3.63371585029972,1.19591144482391,1.28972941844486,5.97770228215459
opened_cohort,important_degree_top3,rolling5,exact_1_2,nevertreated,pc_score,discussion_quality_pc_score,low,github_outcomes,pull_request_opened,FALSE,sa,-1,0,0,0,0
opened_cohort,important_degree_top3,rolling5,exact_1_2,nevertreated,pc_score,discussion_quality_pc_score,low,github_outcomes,pull_request_opened,FALSE,sa,0,-3.6284266702331,1.38696038324197,-6.34686902138735,-0.909984319078847
opened_cohort,important_degree_top3,rolling5,exact_1_2,nevertreated,pc_score,discussion_quality_pc_score,low,github_outcomes,pull_request_opened,FALSE,sa,1,-5.72001934442805,2.45426211078867,-10.5303730815738,-0.909665607282258
opened_cohort,important_degree_top3,rolling5,exact_1_2,nevertreated,pc_score,discussion_quality_pc_score,low,github_outcomes,pull_request_opened,FALSE,sa,2,-7.44525799513465,3.01635115414249,-13.3573062572539,-1.53320973301536
opened_cohort,important_degree_top3,rolling5,exact_1_2,nevertreated,pc_score,discussion_quality_pc_score,low,github_outcomes,pull_request_opened,FALSE,sa,3,-7.14786498306293,3.67228850897338,-14.3455504606508,0.049820494524881
opened_cohort,important_degree_top3,rolling5,exact_1_2,nevertreated,pc_score,discussion_quality_pc_score,low,github_outcomes,pull_request_opened,FALSE,sa,4,-7.5628230819953,4.37356091671388,-16.1350024787545,1.0093563147639
opened_cohort,important_degree_top3,rolling5,exact_1_2,nevertreated,pc_score,discussion_quality_pc_score,low,github_outcomes,pull_request_opened,FALSE,sa,5,-6.58266184218951,5.03919104300594,-16.4594762864812,3.29415260210214
opened_cohort,important_degree_top3,rolling5,exact_1_2,nevertreated,pc_score,discussion_quality_pc_score,low,github_outcomes,pull_request_opened,FALSE,sa,6,-5.83934028212722,5.38970803252532,-16.4031680258768,4.72448746162242
opened_cohort,important_degree_top3,rolling5,exact_1_2,nevertreated,pc_score,discussion_quality_pc_score,low,github_outcomes,pull_request_opened,FALSE,sa,7,-3.01177320543347,6.55725208415365,-15.8639872903746,9.84044087950769
opened_cohort,important_degree_top3,rolling5,exact_1_2,nevertreated,pc_score,discussion_quality_pc_score,low,github_outcomes,pull_request_opened,FALSE,sa,8,0.424779032513442,7.49512831526417,-14.2656724654043,15.1152305304312
opened_cohort,important_degree_top3,rolling5,exact_1_2,nevertreated,pc_score,discussion_quality_pc_score,low,github_outcomes,pull_request_opened,FALSE,sa,9,0.527187336979392,8.06468240822431,-15.2795901831403,16.333964857099
opened_cohort,important_degree_top3,rolling5,exact_1_2,nevertreated,pc_score,discussion_quality_pc_score,low,github_outcomes,pull_request_opened,FALSE,sa,10,-6.36137612499016,8.27622491613585,-22.5827769606164,9.8600247106361
opened_cohort,important_degree_top3,rolling5,exact_1_2,nevertreated,pc_score,discussion_quality_pc_score,low,github_outcomes,pull_request_opened,FALSE,sa,11,-9.9330473970907,13.2196910555287,-35.8436418659269,15.9775470717455
opened_cohort,important_degree_top3,rolling5,exact_1_2,nevertreated,pc_score,discussion_quality_pc_score,high,github_outcomes,pull_request_opened,FALSE,sa,-15,1.75652671095137,5.58136966548694,-9.18295783340304,12.6960112553058
opened_cohort,important_degree_top3,rolling5,exact_1_2,nevertreated,pc_score,discussion_quality_pc_score,high,github_outcomes,pull_request_opened,FALSE,sa,-14,1.42456669973372,9.09576210198188,-16.4031270201508,19.2522604196182
opened_cohort,important_degree_top3,rolling5,exact_1_2,nevertreated,pc_score,discussion_quality_pc_score,high,github_outcomes,pull_request_opened,FALSE,sa,-13,0.397403409602061,6.44136951827511,-12.2276808462171,13.0224876654213
opened_cohort,important_degree_top3,rolling5,exact_1_2,nevertreated,pc_score,discussion_quality_pc_score,high,github_outcomes,pull_request_opened,FALSE,sa,-12,-0.0673242693950812,5.28908681647505,-10.4339344296862,10.299285890896
opened_cohort,important_degree_top3,rolling5,exact_1_2,nevertreated,pc_score,discussion_quality_pc_score,high,github_outcomes,pull_request_opened,FALSE,sa,-11,0.544549116294844,5.38766381958188,-10.0152719700856,11.1043702026753
opened_cohort,important_degree_top3,rolling5,exact_1_2,nevertreated,pc_score,discussion_quality_pc_score,high,github_outcomes,pull_request_opened,FALSE,sa,-10,1.43987258145004,4.77429105140614,-7.917737879306,10.7974830422061
opened_cohort,important_degree_top3,rolling5,exact_1_2,nevertreated,pc_score,discussion_quality_pc_score,high,github_outcomes,pull_request_opened,FALSE,sa,-9,0.856241794372835,4.46146871938216,-7.88823689561619,9.60072048436186
opened_cohort,important_degree_top3,rolling5,exact_1_2,nevertreated,pc_score,discussion_quality_pc_score,high,github_outcomes,pull_request_opened,FALSE,sa,-8,1.42360674865311,3.79837487337491,-6.02120800316173,8.86842150046794
opened_cohort,important_degree_top3,rolling5,exact_1_2,nevertreated,pc_score,discussion_quality_pc_score,high,github_outcomes,pull_request_opened,FALSE,sa,-7,3.52388533807196,3.3017529552226,-2.94755045416434,9.99532113030826
opened_cohort,important_degree_top3,rolling5,exact_1_2,nevertreated,pc_score,discussion_quality_pc_score,high,github_outcomes,pull_request_opened,FALSE,sa,-6,3.36159127219308,2.79410056874485,-2.11484584254682,8.83802838693298
opened_cohort,important_degree_top3,rolling5,exact_1_2,nevertreated,pc_score,discussion_quality_pc_score,high,github_outcomes,pull_request_opened,FALSE,sa,-5,2.24039804453846,2.14426462069526,-1.96236061202425,6.44315670110117
opened_cohort,important_degree_top3,rolling5,exact_1_2,nevertreated,pc_score,discussion_quality_pc_score,high,github_outcomes,pull_request_opened,FALSE,sa,-4,2.74425515992491,1.69582656773833,-0.579564912842216,6.06807523269203
opened_cohort,important_degree_top3,rolling5,exact_1_2,nevertreated,pc_score,discussion_quality_pc_score,high,github_outcomes,pull_request_opened,FALSE,sa,-3,1.72050575124094,1.35838524638651,-0.94192933167662,4.38294083415849
opened_cohort,important_degree_top3,rolling5,exact_1_2,nevertreated,pc_score,discussion_quality_pc_score,high,github_outcomes,pull_request_opened,FALSE,sa,-2,1.76690271185726,0.775216442375595,0.247478484801093,3.28632693891343
opened_cohort,important_degree_top3,rolling5,exact_1_2,nevertreated,pc_score,discussion_quality_pc_score,high,github_outcomes,pull_request_opened,FALSE,sa,-1,0,0,0,0
opened_cohort,important_degree_top3,rolling5,exact_1_2,nevertreated,pc_score,discussion_quality_pc_score,high,github_outcomes,pull_request_opened,FALSE,sa,0,-0.271426521585083,0.754912721244003,-1.75105545522333,1.20820241205316
opened_cohort,important_degree_top3,rolling5,exact_1_2,nevertreated,pc_score,discussion_quality_pc_score,high,github_outcomes,pull_request_opened,FALSE,sa,1,-1.04492355837142,1.3159984716878,-3.62428056287951,1.53443344613666
opened_cohort,important_degree_top3,rolling5,exact_1_2,nevertreated,pc_score,discussion_quality_pc_score,high,github_outcomes,pull_request_opened,FALSE,sa,2,-0.428211635542486,2.19799894253354,-4.73628956290822,3.87986629182325
opened_cohort,important_degree_top3,rolling5,exact_1_2,nevertreated,pc_score,discussion_quality_pc_score,high,github_outcomes,pull_request_opened,FALSE,sa,3,-1.06071222449255,2.80861867699101,-6.56560483139493,4.44418038240983
opened_cohort,important_degree_top3,rolling5,exact_1_2,nevertreated,pc_score,discussion_quality_pc_score,high,github_outcomes,pull_request_opened,FALSE,sa,4,-0.441477890564075,3.43168638117595,-7.16758319766893,6.28462741654078
opened_cohort,important_degree_top3,rolling5,exact_1_2,nevertreated,pc_score,discussion_quality_pc_score,high,github_outcomes,pull_request_opened,FALSE,sa,5,-0.150272929744717,3.67296032501845,-7.34927516678087,7.04872930729144
opened_cohort,important_degree_top3,rolling5,exact_1_2,nevertreated,pc_score,discussion_quality_pc_score,high,github_outcomes,pull_request_opened,FALSE,sa,6,0.237094327996569,4.44243577780534,-8.47007979650189,8.94426845249503
opened_cohort,important_degree_top3,rolling5,exact_1_2,nevertreated,pc_score,discussion_quality_pc_score,high,github_outcomes,pull_request_opened,FALSE,sa,7,1.23529773003367,4.70444638869502,-7.98541719180857,10.4560126518759
opened_cohort,important_degree_top3,rolling5,exact_1_2,nevertreated,pc_score,discussion_quality_pc_score,high,github_outcomes,pull_request_opened,FALSE,sa,8,1.9714218648933,4.68951253013616,-7.22002269417357,11.1628664239602
opened_cohort,important_degree_top3,rolling5,exact_1_2,nevertreated,pc_score,discussion_quality_pc_score,high,github_outcomes,pull_request_opened,FALSE,sa,9,1.40996141540198,4.64006396937438,-7.6845639645718,10.5044867953758
opened_cohort,important_degree_top3,rolling5,exact_1_2,nevertreated,pc_score,discussion_quality_pc_score,high,github_outcomes,pull_request_opened,FALSE,sa,10,-1.06131099419497,4.37823839375871,-9.64265824596204,7.52003625757209
opened_cohort,important_degree_top3,rolling5,exact_1_2,nevertreated,pc_score,discussion_quality_pc_score,high,github_outcomes,pull_request_opened,FALSE,sa,11,-0.339447681692916,4.62634449925578,-9.40708290023425,8.72818753684842
opened_cohort,important_degree_top3,rolling5,exact_1_2,nevertreated,pc_score,investment_in_new_talent_pc_score,low,github_outcomes,pull_request_opened,FALSE,sa,-15,8.62348610305398,4.32212074214714,0.15212944844559,17.0948427576624
opened_cohort,important_degree_top3,rolling5,exact_1_2,nevertreated,pc_score,investment_in_new_talent_pc_score,low,github_outcomes,pull_request_opened,FALSE,sa,-14,7.14657133905699,4.50375438941646,-1.68078726419926,15.9739299423132
opened_cohort,important_degree_top3,rolling5,exact_1_2,nevertreated,pc_score,investment_in_new_talent_pc_score,low,github_outcomes,pull_request_opened,FALSE,sa,-13,9.89587850695133,4.35136299502772,1.367207036697,18.4245499772057
opened_cohort,important_degree_top3,rolling5,exact_1_2,nevertreated,pc_score,investment_in_new_talent_pc_score,low,github_outcomes,pull_request_opened,FALSE,sa,-12,8.60614294615452,3.52758950873897,1.69206750902615,15.5202183832829
opened_cohort,important_degree_top3,rolling5,exact_1_2,nevertreated,pc_score,investment_in_new_talent_pc_score,low,github_outcomes,pull_request_opened,FALSE,sa,-11,8.2314925022167,3.66753141758686,1.04313092374646,15.4198540806869
opened_cohort,important_degree_top3,rolling5,exact_1_2,nevertreated,pc_score,investment_in_new_talent_pc_score,low,github_outcomes,pull_request_opened,FALSE,sa,-10,8.50207581535852,3.2830682631177,2.06726201964783,14.9368896110692
opened_cohort,important_degree_top3,rolling5,exact_1_2,nevertreated,pc_score,investment_in_new_talent_pc_score,low,github_outcomes,pull_request_opened,FALSE,sa,-9,7.11076747743496,2.88165911372677,1.4627156145305,12.7588193403394
opened_cohort,important_degree_top3,rolling5,exact_1_2,nevertreated,pc_score,investment_in_new_talent_pc_score,low,github_outcomes,pull_request_opened,FALSE,sa,-8,5.18697471704505,2.59609411534028,0.0986302509781032,10.275319183112
opened_cohort,important_degree_top3,rolling5,exact_1_2,nevertreated,pc_score,investment_in_new_talent_pc_score,low,github_outcomes,pull_request_opened,FALSE,sa,-7,3.94240058291861,2.41327422559124,-0.787616899240227,8.67241806507745
opened_cohort,important_degree_top3,rolling5,exact_1_2,nevertreated,pc_score,investment_in_new_talent_pc_score,low,github_outcomes,pull_request_opened,FALSE,sa,-6,2.44441493490884,2.02108510507221,-1.5169118710327,6.40574174085038
opened_cohort,important_degree_top3,rolling5,exact_1_2,nevertreated,pc_score,investment_in_new_talent_pc_score,low,github_outcomes,pull_request_opened,FALSE,sa,-5,1.58055977295048,1.60017373869972,-1.55578075490096,4.71690030080192
opened_cohort,important_degree_top3,rolling5,exact_1_2,nevertreated,pc_score,investment_in_new_talent_pc_score,low,github_outcomes,pull_request_opened,FALSE,sa,-4,0.441306125094158,1.37162941226396,-2.24708752294321,3.12969977313153
opened_cohort,important_degree_top3,rolling5,exact_1_2,nevertreated,pc_score,investment_in_new_talent_pc_score,low,github_outcomes,pull_request_opened,FALSE,sa,-3,-0.294377014287498,0.990349920499832,-2.23546285846717,1.64670882989217
opened_cohort,important_degree_top3,rolling5,exact_1_2,nevertreated,pc_score,investment_in_new_talent_pc_score,low,github_outcomes,pull_request_opened,FALSE,sa,-2,1.17352209684348,0.767930188907698,-0.331621073415606,2.67866526710257
opened_cohort,important_degree_top3,rolling5,exact_1_2,nevertreated,pc_score,investment_in_new_talent_pc_score,low,github_outcomes,pull_request_opened,FALSE,sa,-1,0,0,0,0
opened_cohort,important_degree_top3,rolling5,exact_1_2,nevertreated,pc_score,investment_in_new_talent_pc_score,low,github_outcomes,pull_request_opened,FALSE,sa,0,-1.99501835432122,0.909652497931989,-3.77793725026792,-0.212099458374521
opened_cohort,important_degree_top3,rolling5,exact_1_2,nevertreated,pc_score,investment_in_new_talent_pc_score,low,github_outcomes,pull_request_opened,FALSE,sa,1,-2.62291900079278,1.26588748868287,-5.10405847861122,-0.141779522974351
opened_cohort,important_degree_top3,rolling5,exact_1_2,nevertreated,pc_score,investment_in_new_talent_pc_score,low,github_outcomes,pull_request_opened,FALSE,sa,2,-3.23621033146357,1.56618736850944,-6.30593757374207,-0.166483089185058
opened_cohort,important_degree_top3,rolling5,exact_1_2,nevertreated,pc_score,investment_in_new_talent_pc_score,low,github_outcomes,pull_request_opened,FALSE,sa,3,-3.91739528603,2.19407215512741,-8.21777671007972,0.382986138019722
opened_cohort,important_degree_top3,rolling5,exact_1_2,nevertreated,pc_score,investment_in_new_talent_pc_score,low,github_outcomes,pull_request_opened,FALSE,sa,4,-3.14919116186726,2.90928664636026,-8.85139298873337,2.55301066499885
opened_cohort,important_degree_top3,rolling5,exact_1_2,nevertreated,pc_score,investment_in_new_talent_pc_score,low,github_outcomes,pull_request_opened,FALSE,sa,5,-2.79091403960107,3.67764129514908,-9.99909097809326,4.41726289889112
opened_cohort,important_degree_top3,rolling5,exact_1_2,nevertreated,pc_score,investment_in_new_talent_pc_score,low,github_outcomes,pull_request_opened,FALSE,sa,6,-2.67499515507666,4.07456215529506,-10.661136979455,5.31114666930165
opened_cohort,important_degree_top3,rolling5,exact_1_2,nevertreated,pc_score,investment_in_new_talent_pc_score,low,github_outcomes,pull_request_opened,FALSE,sa,7,-1.15838609998582,5.33933771028729,-11.6234880121489,9.30671581217727
opened_cohort,important_degree_top3,rolling5,exact_1_2,nevertreated,pc_score,investment_in_new_talent_pc_score,low,github_outcomes,pull_request_opened,FALSE,sa,8,-0.2275148502175,6.28735687769961,-12.5507343305087,12.0957046300737
opened_cohort,important_degree_top3,rolling5,exact_1_2,nevertreated,pc_score,investment_in_new_talent_pc_score,low,github_outcomes,pull_request_opened,FALSE,sa,9,-0.426809983210609,6.35004568747114,-12.872899530654,12.0192795642328
opened_cohort,important_degree_top3,rolling5,exact_1_2,nevertreated,pc_score,investment_in_new_talent_pc_score,low,github_outcomes,pull_request_opened,FALSE,sa,10,-5.11561099148964,5.32804774348924,-15.5585845687285,5.32736258574927
opened_cohort,important_degree_top3,rolling5,exact_1_2,nevertreated,pc_score,investment_in_new_talent_pc_score,low,github_outcomes,pull_request_opened,FALSE,sa,11,-3.36633265145793,5.11134755270239,-13.3845738547546,6.65190855183874
opened_cohort,important_degree_top3,rolling5,exact_1_2,nevertreated,pc_score,investment_in_new_talent_pc_score,high,github_outcomes,pull_request_opened,FALSE,sa,-15,0.802274212147366,6.65036714370417,-12.2324453895128,13.8369938138075
opened_cohort,important_degree_top3,rolling5,exact_1_2,nevertreated,pc_score,investment_in_new_talent_pc_score,high,github_outcomes,pull_request_opened,FALSE,sa,-14,0.0681627660253255,10.2586544488498,-20.0387999537203,20.175125485771
opened_cohort,important_degree_top3,rolling5,exact_1_2,nevertreated,pc_score,investment_in_new_talent_pc_score,high,github_outcomes,pull_request_opened,FALSE,sa,-13,-1.38734684611584,6.56166789878778,-14.2482159277399,11.4735222355082
opened_cohort,important_degree_top3,rolling5,exact_1_2,nevertreated,pc_score,investment_in_new_talent_pc_score,high,github_outcomes,pull_request_opened,FALSE,sa,-12,-5.13525886629931,5.21195011924877,-15.3506811000269,5.08016336742828
opened_cohort,important_degree_top3,rolling5,exact_1_2,nevertreated,pc_score,investment_in_new_talent_pc_score,high,github_outcomes,pull_request_opened,FALSE,sa,-11,-1.8967926108259,5.3080485399647,-12.3005677491567,8.50698252750491
opened_cohort,important_degree_top3,rolling5,exact_1_2,nevertreated,pc_score,investment_in_new_talent_pc_score,high,github_outcomes,pull_request_opened,FALSE,sa,-10,0.199661061341295,4.79360136966383,-9.19579762319981,9.5951197458824
opened_cohort,important_degree_top3,rolling5,exact_1_2,nevertreated,pc_score,investment_in_new_talent_pc_score,high,github_outcomes,pull_request_opened,FALSE,sa,-9,0.344491781742623,4.67818219648059,-8.82474532335933,9.51372888684458
opened_cohort,important_degree_top3,rolling5,exact_1_2,nevertreated,pc_score,investment_in_new_talent_pc_score,high,github_outcomes,pull_request_opened,FALSE,sa,-8,3.04796557108928,4.03678287489283,-4.86412886370066,10.9600600058792
opened_cohort,important_degree_top3,rolling5,exact_1_2,nevertreated,pc_score,investment_in_new_talent_pc_score,high,github_outcomes,pull_request_opened,FALSE,sa,-7,5.03248749279945,3.70128900613689,-2.22203895922887,12.2870139448278
opened_cohort,important_degree_top3,rolling5,exact_1_2,nevertreated,pc_score,investment_in_new_talent_pc_score,high,github_outcomes,pull_request_opened,FALSE,sa,-6,5.54600034833121,3.57070327972185,-1.45257807992361,12.544578776586
opened_cohort,important_degree_top3,rolling5,exact_1_2,nevertreated,pc_score,investment_in_new_talent_pc_score,high,github_outcomes,pull_request_opened,FALSE,sa,-5,3.51464636953283,2.76317063351399,-1.90116807215458,8.93046081122025
opened_cohort,important_degree_top3,rolling5,exact_1_2,nevertreated,pc_score,investment_in_new_talent_pc_score,high,github_outcomes,pull_request_opened,FALSE,sa,-4,4.37518088337773,2.37599223290673,-0.281763893119462,9.03212565987493
opened_cohort,important_degree_top3,rolling5,exact_1_2,nevertreated,pc_score,investment_in_new_talent_pc_score,high,github_outcomes,pull_request_opened,FALSE,sa,-3,3.09690852124463,1.84105636165095,-0.511561947591225,6.7053789900805
opened_cohort,important_degree_top3,rolling5,exact_1_2,nevertreated,pc_score,investment_in_new_talent_pc_score,high,github_outcomes,pull_request_opened,FALSE,sa,-2,4.02638713585572,1.1980024427496,1.67830234806651,6.37447192364492
opened_cohort,important_degree_top3,rolling5,exact_1_2,nevertreated,pc_score,investment_in_new_talent_pc_score,high,github_outcomes,pull_request_opened,FALSE,sa,-1,0,0,0,0
opened_cohort,important_degree_top3,rolling5,exact_1_2,nevertreated,pc_score,investment_in_new_talent_pc_score,high,github_outcomes,pull_request_opened,FALSE,sa,0,-2.09323171367516,1.40862062066635,-4.85412813018121,0.667664702830895
opened_cohort,important_degree_top3,rolling5,exact_1_2,nevertreated,pc_score,investment_in_new_talent_pc_score,high,github_outcomes,pull_request_opened,FALSE,sa,1,-3.95039685435313,2.26609679746671,-8.39194657738788,0.491152868681622
opened_cohort,important_degree_top3,rolling5,exact_1_2,nevertreated,pc_score,investment_in_new_talent_pc_score,high,github_outcomes,pull_request_opened,FALSE,sa,2,-4.49241811778957,3.03741703559768,-10.445755507561,1.46091927198189
opened_cohort,important_degree_top3,rolling5,exact_1_2,nevertreated,pc_score,investment_in_new_talent_pc_score,high,github_outcomes,pull_request_opened,FALSE,sa,3,-3.79422964297826,3.53610242339423,-10.7249903928309,3.13653110687442
opened_cohort,important_degree_top3,rolling5,exact_1_2,nevertreated,pc_score,investment_in_new_talent_pc_score,high,github_outcomes,pull_request_opened,FALSE,sa,4,-4.28015692834439,3.96155857904331,-12.0448117432693,3.4844978865805
opened_cohort,important_degree_top3,rolling5,exact_1_2,nevertreated,pc_score,investment_in_new_talent_pc_score,high,github_outcomes,pull_request_opened,FALSE,sa,5,-3.29745542040959,4.12600400360296,-11.3844232674714,4.78951242665221
opened_cohort,important_degree_top3,rolling5,exact_1_2,nevertreated,pc_score,investment_in_new_talent_pc_score,high,github_outcomes,pull_request_opened,FALSE,sa,6,-2.94851492208747,4.71518245113151,-12.1902725263052,6.29324268213029
opened_cohort,important_degree_top3,rolling5,exact_1_2,nevertreated,pc_score,investment_in_new_talent_pc_score,high,github_outcomes,pull_request_opened,FALSE,sa,7,0.088537444747378,4.99673221164684,-9.70505769008042,9.88213257957518
opened_cohort,important_degree_top3,rolling5,exact_1_2,nevertreated,pc_score,investment_in_new_talent_pc_score,high,github_outcomes,pull_request_opened,FALSE,sa,8,3.10842220263257,4.98371937367176,-6.65966776976408,12.8765121750292
opened_cohort,important_degree_top3,rolling5,exact_1_2,nevertreated,pc_score,investment_in_new_talent_pc_score,high,github_outcomes,pull_request_opened,FALSE,sa,9,5.3699075470529,5.21482706874652,-4.85115350769028,15.5909686017961
opened_cohort,important_degree_top3,rolling5,exact_1_2,nevertreated,pc_score,investment_in_new_talent_pc_score,high,github_outcomes,pull_request_opened,FALSE,sa,10,4.00571675027052,5.02447392126165,-5.84225213540231,13.8536856359433
opened_cohort,important_degree_top3,rolling5,exact_1_2,nevertreated,pc_score,investment_in_new_talent_pc_score,high,github_outcomes,pull_request_opened,FALSE,sa,11,4.54032649565109,5.10798711665669,-5.47132825299602,14.5519812442982
opened_cohort,important_degree_top3,rolling5,exact_1_2,nevertreated,pc_score,problem_solving_routines_pc_score,low,github_outcomes,pull_request_opened,FALSE,sa,-15,-4.32200109879356,4.04952944219939,-12.2590788055044,3.61507660791725
opened_cohort,important_degree_top3,rolling5,exact_1_2,nevertreated,pc_score,problem_solving_routines_pc_score,low,github_outcomes,pull_request_opened,FALSE,sa,-14,-7.37640537010631,3.76272252244078,-14.7513415140902,-0.00146922612239031
opened_cohort,important_degree_top3,rolling5,exact_1_2,nevertreated,pc_score,problem_solving_routines_pc_score,low,github_outcomes,pull_request_opened,FALSE,sa,-13,-0.311870402640519,3.77922949158234,-7.7191602061419,7.09541940086086
opened_cohort,important_degree_top3,rolling5,exact_1_2,nevertreated,pc_score,problem_solving_routines_pc_score,low,github_outcomes,pull_request_opened,FALSE,sa,-12,-2.43026360769259,3.2165126523067,-8.73462840621372,3.87410119082854
opened_cohort,important_degree_top3,rolling5,exact_1_2,nevertreated,pc_score,problem_solving_routines_pc_score,low,github_outcomes,pull_request_opened,FALSE,sa,-11,-2.68899631989895,3.00301213052969,-8.57490009573714,3.19690745593923
opened_cohort,important_degree_top3,rolling5,exact_1_2,nevertreated,pc_score,problem_solving_routines_pc_score,low,github_outcomes,pull_request_opened,FALSE,sa,-10,-0.476661901043341,2.59819451471096,-5.56912314987683,4.61579934779015
opened_cohort,important_degree_top3,rolling5,exact_1_2,nevertreated,pc_score,problem_solving_routines_pc_score,low,github_outcomes,pull_request_opened,FALSE,sa,-9,-1.85260725279846,2.41703492205419,-6.58999570002467,2.88478119442775
opened_cohort,important_degree_top3,rolling5,exact_1_2,nevertreated,pc_score,problem_solving_routines_pc_score,low,github_outcomes,pull_request_opened,FALSE,sa,-8,0.675091851956972,2.20332701438832,-3.64342909624414,4.99361280015809
opened_cohort,important_degree_top3,rolling5,exact_1_2,nevertreated,pc_score,problem_solving_routines_pc_score,low,github_outcomes,pull_request_opened,FALSE,sa,-7,1.09785556293041,2.00725407200944,-2.83636241820809,5.0320735440689
opened_cohort,important_degree_top3,rolling5,exact_1_2,nevertreated,pc_score,problem_solving_routines_pc_score,low,github_outcomes,pull_request_opened,FALSE,sa,-6,0.675085706099942,1.83149636843905,-2.91464717604059,4.26481858824048
opened_cohort,important_degree_top3,rolling5,exact_1_2,nevertreated,pc_score,problem_solving_routines_pc_score,low,github_outcomes,pull_request_opened,FALSE,sa,-5,0.951032588629542,1.47219150545649,-1.93446276206518,3.83652793932427
opened_cohort,important_degree_top3,rolling5,exact_1_2,nevertreated,pc_score,problem_solving_routines_pc_score,low,github_outcomes,pull_request_opened,FALSE,sa,-4,-0.256033681752363,1.29331463730448,-2.79093037086915,2.27886300736442
opened_cohort,important_degree_top3,rolling5,exact_1_2,nevertreated,pc_score,problem_solving_routines_pc_score,low,github_outcomes,pull_request_opened,FALSE,sa,-3,-0.450397818885626,0.904018432259132,-2.22227394611352,1.32147830834227
opened_cohort,important_degree_top3,rolling5,exact_1_2,nevertreated,pc_score,problem_solving_routines_pc_score,low,github_outcomes,pull_request_opened,FALSE,sa,-2,0.997053972850403,0.659548155416268,-0.295660411765483,2.28976835746629
opened_cohort,important_degree_top3,rolling5,exact_1_2,nevertreated,pc_score,problem_solving_routines_pc_score,low,github_outcomes,pull_request_opened,FALSE,sa,-1,0,0,0,0
opened_cohort,important_degree_top3,rolling5,exact_1_2,nevertreated,pc_score,problem_solving_routines_pc_score,low,github_outcomes,pull_request_opened,FALSE,sa,0,-1.21318061982735,0.707086221965555,-2.59906961487984,0.172708375225134
opened_cohort,important_degree_top3,rolling5,exact_1_2,nevertreated,pc_score,problem_solving_routines_pc_score,low,github_outcomes,pull_request_opened,FALSE,sa,1,-2.41560971387925,1.09170750438777,-4.55535642247928,-0.275863005279222
opened_cohort,important_degree_top3,rolling5,exact_1_2,nevertreated,pc_score,problem_solving_routines_pc_score,low,github_outcomes,pull_request_opened,FALSE,sa,2,-2.38205139075899,1.46189806415146,-5.24737159649586,0.483268814977873
opened_cohort,important_degree_top3,rolling5,exact_1_2,nevertreated,pc_score,problem_solving_routines_pc_score,low,github_outcomes,pull_request_opened,FALSE,sa,3,-2.8612738693114,1.57110085385248,-5.94063154286227,0.218083804239467
opened_cohort,important_degree_top3,rolling5,exact_1_2,nevertreated,pc_score,problem_solving_routines_pc_score,low,github_outcomes,pull_request_opened,FALSE,sa,4,-2.11460077436509,1.75965305927487,-5.56352077054384,1.33431922181365
opened_cohort,important_degree_top3,rolling5,exact_1_2,nevertreated,pc_score,problem_solving_routines_pc_score,low,github_outcomes,pull_request_opened,FALSE,sa,5,-2.52950164668862,1.75524441091832,-5.96978069208854,0.910777398711295
opened_cohort,important_degree_top3,rolling5,exact_1_2,nevertreated,pc_score,problem_solving_routines_pc_score,low,github_outcomes,pull_request_opened,FALSE,sa,6,-2.37978343872044,2.13160434110077,-6.55772794727795,1.79816106983708
opened_cohort,important_degree_top3,rolling5,exact_1_2,nevertreated,pc_score,problem_solving_routines_pc_score,low,github_outcomes,pull_request_opened,FALSE,sa,7,-2.39279091261017,2.27844681523612,-6.85854667047297,2.07296484525263
opened_cohort,important_degree_top3,rolling5,exact_1_2,nevertreated,pc_score,problem_solving_routines_pc_score,low,github_outcomes,pull_request_opened,FALSE,sa,8,-2.69267752882063,2.46702222139107,-7.52804108274712,2.14268602510587
opened_cohort,important_degree_top3,rolling5,exact_1_2,nevertreated,pc_score,problem_solving_routines_pc_score,low,github_outcomes,pull_request_opened,FALSE,sa,9,-2.84729766454662,3.50912397956995,-9.72518066450372,4.03058533541047
opened_cohort,important_degree_top3,rolling5,exact_1_2,nevertreated,pc_score,problem_solving_routines_pc_score,low,github_outcomes,pull_request_opened,FALSE,sa,10,-2.88939274205126,4.5872832565078,-11.8804679248065,6.10168244070404
opened_cohort,important_degree_top3,rolling5,exact_1_2,nevertreated,pc_score,problem_solving_routines_pc_score,low,github_outcomes,pull_request_opened,FALSE,sa,11,-4.7274635551887,9.26910152265364,-22.8949025395898,13.4399754292124
opened_cohort,important_degree_top3,rolling5,exact_1_2,nevertreated,pc_score,problem_solving_routines_pc_score,high,github_outcomes,pull_request_opened,FALSE,sa,-15,8.58387756369276,6.10151327353058,-3.37508845242718,20.5428435798127
opened_cohort,important_degree_top3,rolling5,exact_1_2,nevertreated,pc_score,problem_solving_routines_pc_score,high,github_outcomes,pull_request_opened,FALSE,sa,-14,11.2966823485141,8.13028382992803,-4.63867395814486,27.232038655173
opened_cohort,important_degree_top3,rolling5,exact_1_2,nevertreated,pc_score,problem_solving_routines_pc_score,high,github_outcomes,pull_request_opened,FALSE,sa,-13,5.36298233882334,6.96722658326289,-8.29278176437192,19.0187464420186
opened_cohort,important_degree_top3,rolling5,exact_1_2,nevertreated,pc_score,problem_solving_routines_pc_score,high,github_outcomes,pull_request_opened,FALSE,sa,-12,2.31266750344409,5.30087287247219,-8.0770433266014,12.7023783334896
opened_cohort,important_degree_top3,rolling5,exact_1_2,nevertreated,pc_score,problem_solving_routines_pc_score,high,github_outcomes,pull_request_opened,FALSE,sa,-11,7.51771217323452,5.57854473764829,-3.41623551255612,18.4516598590252
opened_cohort,important_degree_top3,rolling5,exact_1_2,nevertreated,pc_score,problem_solving_routines_pc_score,high,github_outcomes,pull_request_opened,FALSE,sa,-10,7.4169558399483,5.02479199223574,-2.43163646483375,17.2655481447304
opened_cohort,important_degree_top3,rolling5,exact_1_2,nevertreated,pc_score,problem_solving_routines_pc_score,high,github_outcomes,pull_request_opened,FALSE,sa,-9,6.12621464775577,4.89225316719278,-3.46260155994207,15.7150308554536
opened_cohort,important_degree_top3,rolling5,exact_1_2,nevertreated,pc_score,problem_solving_routines_pc_score,high,github_outcomes,pull_request_opened,FALSE,sa,-8,4.03071595703337,4.09680646160024,-3.9990247077031,12.0604566217698
opened_cohort,important_degree_top3,rolling5,exact_1_2,nevertreated,pc_score,problem_solving_routines_pc_score,high,github_outcomes,pull_request_opened,FALSE,sa,-7,4.72784207196974,3.87320095006191,-2.86363179015159,12.3193159340911
opened_cohort,important_degree_top3,rolling5,exact_1_2,nevertreated,pc_score,problem_solving_routines_pc_score,high,github_outcomes,pull_request_opened,FALSE,sa,-6,4.24740264264551,3.655637738966,-2.91764732572785,11.4124526110189
opened_cohort,important_degree_top3,rolling5,exact_1_2,nevertreated,pc_score,problem_solving_routines_pc_score,high,github_outcomes,pull_request_opened,FALSE,sa,-5,3.03613838023698,2.75721156361371,-2.36799628444588,8.44027304491985
opened_cohort,important_degree_top3,rolling5,exact_1_2,nevertreated,pc_score,problem_solving_routines_pc_score,high,github_outcomes,pull_request_opened,FALSE,sa,-4,5.29307429303721,2.40900395874515,0.571426533896716,10.0147220521777
opened_cohort,important_degree_top3,rolling5,exact_1_2,nevertreated,pc_score,problem_solving_routines_pc_score,high,github_outcomes,pull_request_opened,FALSE,sa,-3,3.51821515468673,1.87898710184302,-0.164599564925585,7.20102987429905
opened_cohort,important_degree_top3,rolling5,exact_1_2,nevertreated,pc_score,problem_solving_routines_pc_score,high,github_outcomes,pull_request_opened,FALSE,sa,-2,4.7045548445909,1.28837356697053,2.17934265332865,7.22976703585315
opened_cohort,important_degree_top3,rolling5,exact_1_2,nevertreated,pc_score,problem_solving_routines_pc_score,high,github_outcomes,pull_request_opened,FALSE,sa,-1,0,0,0,0
opened_cohort,important_degree_top3,rolling5,exact_1_2,nevertreated,pc_score,problem_solving_routines_pc_score,high,github_outcomes,pull_request_opened,FALSE,sa,0,-2.41474919556364,1.45553056031883,-5.26758909378854,0.438090702661254
opened_cohort,important_degree_top3,rolling5,exact_1_2,nevertreated,pc_score,problem_solving_routines_pc_score,high,github_outcomes,pull_request_opened,FALSE,sa,1,-3.69906072487645,2.2823396778221,-8.17244649340777,0.774325043654867
opened_cohort,important_degree_top3,rolling5,exact_1_2,nevertreated,pc_score,problem_solving_routines_pc_score,high,github_outcomes,pull_request_opened,FALSE,sa,2,-4.86832781535002,2.83985302549187,-10.4344397453141,0.697784114614044
opened_cohort,important_degree_top3,rolling5,exact_1_2,nevertreated,pc_score,problem_solving_routines_pc_score,high,github_outcomes,pull_request_opened,FALSE,sa,3,-4.19458127029757,3.55506056890043,-11.1624999853424,2.77333744474726
opened_cohort,important_degree_top3,rolling5,exact_1_2,nevertreated,pc_score,problem_solving_routines_pc_score,high,github_outcomes,pull_request_opened,FALSE,sa,4,-4.75438963587712,4.16022575620764,-12.9084321180441,3.39965284628985
opened_cohort,important_degree_top3,rolling5,exact_1_2,nevertreated,pc_score,problem_solving_routines_pc_score,high,github_outcomes,pull_request_opened,FALSE,sa,5,-2.57660817282209,4.85195378885142,-12.0864375989709,6.9332212533267
opened_cohort,important_degree_top3,rolling5,exact_1_2,nevertreated,pc_score,problem_solving_routines_pc_score,high,github_outcomes,pull_request_opened,FALSE,sa,6,-1.49554660797387,5.50343895585254,-12.2822869614448,9.2911937454971
opened_cohort,important_degree_top3,rolling5,exact_1_2,nevertreated,pc_score,problem_solving_routines_pc_score,high,github_outcomes,pull_request_opened,FALSE,sa,7,3.95314906401145,7.1472209706564,-10.0554040384751,17.961702166498
opened_cohort,important_degree_top3,rolling5,exact_1_2,nevertreated,pc_score,problem_solving_routines_pc_score,high,github_outcomes,pull_request_opened,FALSE,sa,8,9.29000911688821,8.90472390726836,-8.16324974135777,26.7432679751342
opened_cohort,important_degree_top3,rolling5,exact_1_2,nevertreated,pc_score,problem_solving_routines_pc_score,high,github_outcomes,pull_request_opened,FALSE,sa,9,11.7506905158478,8.84889942562169,-5.59315235837068,29.0945333900663
opened_cohort,important_degree_top3,rolling5,exact_1_2,nevertreated,pc_score,problem_solving_routines_pc_score,high,github_outcomes,pull_request_opened,FALSE,sa,10,0.288005695324153,5.4126459706812,-10.320780407211,10.8967917978593
opened_cohort,important_degree_top3,rolling5,exact_1_2,nevertreated,pc_score,problem_solving_routines_pc_score,high,github_outcomes,pull_request_opened,FALSE,sa,11,-4.96459247025666,5.42996581679895,-15.6073254711826,5.67814053066928
opened_cohort,important_degree_top3,rolling5,exact_1_2,nevertreated,pc_score,collaboration_pc_score,low,github_outcomes,pull_request_merged,TRUE,sa,-15,-0.478669977652786,0.484970320482262,-1.42921180579802,0.471871850492447
opened_cohort,important_degree_top3,rolling5,exact_1_2,nevertreated,pc_score,collaboration_pc_score,low,github_outcomes,pull_request_merged,TRUE,sa,-14,-0.923683032760574,0.477001691686305,-1.85860634846573,0.0112402829445831
opened_cohort,important_degree_top3,rolling5,exact_1_2,nevertreated,pc_score,collaboration_pc_score,low,github_outcomes,pull_request_merged,TRUE,sa,-13,0.345445780560494,0.59663651313784,-0.823961785189671,1.51485334631066
opened_cohort,important_degree_top3,rolling5,exact_1_2,nevertreated,pc_score,collaboration_pc_score,low,github_outcomes,pull_request_merged,TRUE,sa,-12,0.691418154998472,0.577744488379514,-0.440961042225377,1.82379735222232
opened_cohort,important_degree_top3,rolling5,exact_1_2,nevertreated,pc_score,collaboration_pc_score,low,github_outcomes,pull_request_merged,TRUE,sa,-11,0.67935528174491,0.51742075751091,-0.334789402976473,1.69349996646629
opened_cohort,important_degree_top3,rolling5,exact_1_2,nevertreated,pc_score,collaboration_pc_score,low,github_outcomes,pull_request_merged,TRUE,sa,-10,0.717915343679859,0.584196272086276,-0.427109349609242,1.86294003696896
opened_cohort,important_degree_top3,rolling5,exact_1_2,nevertreated,pc_score,collaboration_pc_score,low,github_outcomes,pull_request_merged,TRUE,sa,-9,0.831562010349138,0.70895451617047,-0.557988841344984,2.22111286204326
opened_cohort,important_degree_top3,rolling5,exact_1_2,nevertreated,pc_score,collaboration_pc_score,low,github_outcomes,pull_request_merged,TRUE,sa,-8,0.766916121538121,0.759331084552264,-0.721372804184317,2.25520504726056
opened_cohort,important_degree_top3,rolling5,exact_1_2,nevertreated,pc_score,collaboration_pc_score,low,github_outcomes,pull_request_merged,TRUE,sa,-7,0.790500045104639,0.642520163792724,-0.4688394759291,2.04983956613838
opened_cohort,important_degree_top3,rolling5,exact_1_2,nevertreated,pc_score,collaboration_pc_score,low,github_outcomes,pull_request_merged,TRUE,sa,-6,0.575375817472445,0.533386914979515,-0.470062535887405,1.6208141708323
opened_cohort,important_degree_top3,rolling5,exact_1_2,nevertreated,pc_score,collaboration_pc_score,low,github_outcomes,pull_request_merged,TRUE,sa,-5,0.306369080188008,0.341593387084648,-0.363153958497902,0.975892118873917
opened_cohort,important_degree_top3,rolling5,exact_1_2,nevertreated,pc_score,collaboration_pc_score,low,github_outcomes,pull_request_merged,TRUE,sa,-4,0.024319249166974,0.219755908790598,-0.406402332062599,0.455040830396547
opened_cohort,important_degree_top3,rolling5,exact_1_2,nevertreated,pc_score,collaboration_pc_score,low,github_outcomes,pull_request_merged,TRUE,sa,-3,0.0678627433261423,0.144218615496827,-0.214805743047639,0.350531229699923
opened_cohort,important_degree_top3,rolling5,exact_1_2,nevertreated,pc_score,collaboration_pc_score,low,github_outcomes,pull_request_merged,TRUE,sa,-2,0.303338206479574,0.108008173970639,0.0916421854971219,0.515034227462026
opened_cohort,important_degree_top3,rolling5,exact_1_2,nevertreated,pc_score,collaboration_pc_score,low,github_outcomes,pull_request_merged,TRUE,sa,-1,0,0,0,0
opened_cohort,important_degree_top3,rolling5,exact_1_2,nevertreated,pc_score,collaboration_pc_score,low,github_outcomes,pull_request_merged,TRUE,sa,0,-0.0471424485372631,0.232391865354073,-0.502630504631246,0.40834560755672
opened_cohort,important_degree_top3,rolling5,exact_1_2,nevertreated,pc_score,collaboration_pc_score,low,github_outcomes,pull_request_merged,TRUE,sa,1,-0.815229222868637,0.427585933974631,-1.65329765345891,0.0228392077216387
opened_cohort,important_degree_top3,rolling5,exact_1_2,nevertreated,pc_score,collaboration_pc_score,low,github_outcomes,pull_request_merged,TRUE,sa,2,-1.0188144216953,0.627217034020845,-2.24815980837616,0.210530964985552
opened_cohort,important_degree_top3,rolling5,exact_1_2,nevertreated,pc_score,collaboration_pc_score,low,github_outcomes,pull_request_merged,TRUE,sa,3,-1.09141227457235,0.871095047047098,-2.79875856678466,0.615934017639965
opened_cohort,important_degree_top3,rolling5,exact_1_2,nevertreated,pc_score,collaboration_pc_score,low,github_outcomes,pull_request_merged,TRUE,sa,4,-1.51496574593206,1.33011735275856,-4.12199575733883,1.09206426547471
opened_cohort,important_degree_top3,rolling5,exact_1_2,nevertreated,pc_score,collaboration_pc_score,low,github_outcomes,pull_request_merged,TRUE,sa,5,-1.91989921787895,1.62291543885671,-5.10081347803811,1.2610150422802
opened_cohort,important_degree_top3,rolling5,exact_1_2,nevertreated,pc_score,collaboration_pc_score,low,github_outcomes,pull_request_merged,TRUE,sa,6,-1.89826411920405,1.71733429077477,-5.26423932912261,1.46771109071451
opened_cohort,important_degree_top3,rolling5,exact_1_2,nevertreated,pc_score,collaboration_pc_score,low,github_outcomes,pull_request_merged,TRUE,sa,7,-2.375857141868,2.10499713180458,-6.50165152020497,1.74993723646897
opened_cohort,important_degree_top3,rolling5,exact_1_2,nevertreated,pc_score,collaboration_pc_score,low,github_outcomes,pull_request_merged,TRUE,sa,8,-2.33185398447108,2.07995014955897,-6.40855627760666,1.7448483086645
opened_cohort,important_degree_top3,rolling5,exact_1_2,nevertreated,pc_score,collaboration_pc_score,low,github_outcomes,pull_request_merged,TRUE,sa,9,-2.60053958208326,2.21238781281568,-6.93681969520198,1.73574053103547
opened_cohort,important_degree_top3,rolling5,exact_1_2,nevertreated,pc_score,collaboration_pc_score,low,github_outcomes,pull_request_merged,TRUE,sa,10,-3.00516894116801,2.56038404481324,-8.02352166900196,2.01318378666594
opened_cohort,important_degree_top3,rolling5,exact_1_2,nevertreated,pc_score,collaboration_pc_score,low,github_outcomes,pull_request_merged,TRUE,sa,11,-2.57931513801966,2.245062405223,-6.97963745225673,1.82100717621741
opened_cohort,important_degree_top3,rolling5,exact_1_2,nevertreated,pc_score,collaboration_pc_score,high,github_outcomes,pull_request_merged,TRUE,sa,-15,0.369418216721375,0.492201545446677,-0.595296812354111,1.33413324579686
opened_cohort,important_degree_top3,rolling5,exact_1_2,nevertreated,pc_score,collaboration_pc_score,high,github_outcomes,pull_request_merged,TRUE,sa,-14,1.03544981621751,0.620196672191957,-0.180135661278729,2.25103529371374
opened_cohort,important_degree_top3,rolling5,exact_1_2,nevertreated,pc_score,collaboration_pc_score,high,github_outcomes,pull_request_merged,TRUE,sa,-13,0.852915383926197,0.482722956184271,-0.0932216101949753,1.79905237804737
opened_cohort,important_degree_top3,rolling5,exact_1_2,nevertreated,pc_score,collaboration_pc_score,high,github_outcomes,pull_request_merged,TRUE,sa,-12,0.0867594551474598,0.379113065618622,-0.656302153465038,0.829821063759958
opened_cohort,important_degree_top3,rolling5,exact_1_2,nevertreated,pc_score,collaboration_pc_score,high,github_outcomes,pull_request_merged,TRUE,sa,-11,0.254119917162764,0.374638465344741,-0.480171474912928,0.988411309238456
opened_cohort,important_degree_top3,rolling5,exact_1_2,nevertreated,pc_score,collaboration_pc_score,high,github_outcomes,pull_request_merged,TRUE,sa,-10,1.09527868489078,0.684728536726681,-0.246789247093518,2.43734661687507
opened_cohort,important_degree_top3,rolling5,exact_1_2,nevertreated,pc_score,collaboration_pc_score,high,github_outcomes,pull_request_merged,TRUE,sa,-9,0.931532181736352,0.644900508568768,-0.332472815058435,2.19553717853114
opened_cohort,important_degree_top3,rolling5,exact_1_2,nevertreated,pc_score,collaboration_pc_score,high,github_outcomes,pull_request_merged,TRUE,sa,-8,0.564403108022919,0.320733132925743,-0.0642338325115366,1.19304004855738
opened_cohort,important_degree_top3,rolling5,exact_1_2,nevertreated,pc_score,collaboration_pc_score,high,github_outcomes,pull_request_merged,TRUE,sa,-7,0.305721931132101,0.241209439640022,-0.167048570562342,0.778492432826544
opened_cohort,important_degree_top3,rolling5,exact_1_2,nevertreated,pc_score,collaboration_pc_score,high,github_outcomes,pull_request_merged,TRUE,sa,-6,0.291182471349624,0.224994208950906,-0.149806178194152,0.732171120893399
opened_cohort,important_degree_top3,rolling5,exact_1_2,nevertreated,pc_score,collaboration_pc_score,high,github_outcomes,pull_request_merged,TRUE,sa,-5,0.165658573789889,0.160161882006907,-0.148258714943649,0.479575862523427
opened_cohort,important_degree_top3,rolling5,exact_1_2,nevertreated,pc_score,collaboration_pc_score,high,github_outcomes,pull_request_merged,TRUE,sa,-4,0.271751522556802,0.129596155745693,0.0177430572952444,0.52575998781836
opened_cohort,important_degree_top3,rolling5,exact_1_2,nevertreated,pc_score,collaboration_pc_score,high,github_outcomes,pull_request_merged,TRUE,sa,-3,0.0787710831763836,0.121515414397451,-0.15939912904262,0.316941295395387
opened_cohort,important_degree_top3,rolling5,exact_1_2,nevertreated,pc_score,collaboration_pc_score,high,github_outcomes,pull_request_merged,TRUE,sa,-2,0.351171689687449,0.109527226737283,0.136498325282374,0.565845054092524
opened_cohort,important_degree_top3,rolling5,exact_1_2,nevertreated,pc_score,collaboration_pc_score,high,github_outcomes,pull_request_merged,TRUE,sa,-1,0,0,0,0
opened_cohort,important_degree_top3,rolling5,exact_1_2,nevertreated,pc_score,collaboration_pc_score,high,github_outcomes,pull_request_merged,TRUE,sa,0,-0.023430984348992,0.119890576174175,-0.258416513650375,0.211554544952391
opened_cohort,important_degree_top3,rolling5,exact_1_2,nevertreated,pc_score,collaboration_pc_score,high,github_outcomes,pull_request_merged,TRUE,sa,1,-0.388740749614213,0.136291948295942,-0.65587296827426,-0.121608530954167
opened_cohort,important_degree_top3,rolling5,exact_1_2,nevertreated,pc_score,collaboration_pc_score,high,github_outcomes,pull_request_merged,TRUE,sa,2,-0.347301305879499,0.228940871552062,-0.79602541412154,0.101422802362542
opened_cohort,important_degree_top3,rolling5,exact_1_2,nevertreated,pc_score,collaboration_pc_score,high,github_outcomes,pull_request_merged,TRUE,sa,3,-0.622801609366173,0.241094585293959,-1.09534699654233,-0.150256222190013
opened_cohort,important_degree_top3,rolling5,exact_1_2,nevertreated,pc_score,collaboration_pc_score,high,github_outcomes,pull_request_merged,TRUE,sa,4,-0.501683181975123,0.309635965803555,-1.10856967495009,0.105203310999845
opened_cohort,important_degree_top3,rolling5,exact_1_2,nevertreated,pc_score,collaboration_pc_score,high,github_outcomes,pull_request_merged,TRUE,sa,5,-0.63914913059076,0.334927682670007,-1.29560738862397,0.0173091274424547
opened_cohort,important_degree_top3,rolling5,exact_1_2,nevertreated,pc_score,collaboration_pc_score,high,github_outcomes,pull_request_merged,TRUE,sa,6,-0.894013019384247,0.420036807138138,-1.717285161375,-0.0707408773934972
opened_cohort,important_degree_top3,rolling5,exact_1_2,nevertreated,pc_score,collaboration_pc_score,high,github_outcomes,pull_request_merged,TRUE,sa,7,-0.702887081083198,0.480389326685631,-1.64445016138703,0.238675999220638
opened_cohort,important_degree_top3,rolling5,exact_1_2,nevertreated,pc_score,collaboration_pc_score,high,github_outcomes,pull_request_merged,TRUE,sa,8,-0.801092710319441,0.506500566806746,-1.79383382126066,0.191648400621781
opened_cohort,important_degree_top3,rolling5,exact_1_2,nevertreated,pc_score,collaboration_pc_score,high,github_outcomes,pull_request_merged,TRUE,sa,9,-0.72318440701395,0.539611931951381,-1.78082379363866,0.334454979610756
opened_cohort,important_degree_top3,rolling5,exact_1_2,nevertreated,pc_score,collaboration_pc_score,high,github_outcomes,pull_request_merged,TRUE,sa,10,-0.737191527258957,0.483387849214335,-1.68463171171905,0.21024865720114
opened_cohort,important_degree_top3,rolling5,exact_1_2,nevertreated,pc_score,collaboration_pc_score,high,github_outcomes,pull_request_merged,TRUE,sa,11,-1.49978755535588,0.480675927514268,-2.44191237328385,-0.557662737427919
opened_cohort,important_degree_top3,rolling5,exact_1_2,nevertreated,pc_score,knowledge_level_pc_score,low,github_outcomes,pull_request_merged,TRUE,sa,-15,0.57220598085693,0.335221305491256,-0.0848277779059304,1.22923973961979
opened_cohort,important_degree_top3,rolling5,exact_1_2,nevertreated,pc_score,knowledge_level_pc_score,low,github_outcomes,pull_request_merged,TRUE,sa,-14,0.414525457477178,0.56673867940068,-0.696282354148156,1.52533326910251
opened_cohort,important_degree_top3,rolling5,exact_1_2,nevertreated,pc_score,knowledge_level_pc_score,low,github_outcomes,pull_request_merged,TRUE,sa,-13,0.216339466340032,0.488213887148565,-0.740559752471155,1.17323868515122
opened_cohort,important_degree_top3,rolling5,exact_1_2,nevertreated,pc_score,knowledge_level_pc_score,low,github_outcomes,pull_request_merged,TRUE,sa,-12,-0.178109678406528,0.357303740972236,-0.87842501071211,0.522205653899055
opened_cohort,important_degree_top3,rolling5,exact_1_2,nevertreated,pc_score,knowledge_level_pc_score,low,github_outcomes,pull_request_merged,TRUE,sa,-11,0.214991090806439,0.390590165649005,-0.550565633865612,0.980547815478489
opened_cohort,important_degree_top3,rolling5,exact_1_2,nevertreated,pc_score,knowledge_level_pc_score,low,github_outcomes,pull_request_merged,TRUE,sa,-10,0.133715087730021,0.291496282626754,-0.437617626218418,0.705047801678459
opened_cohort,important_degree_top3,rolling5,exact_1_2,nevertreated,pc_score,knowledge_level_pc_score,low,github_outcomes,pull_request_merged,TRUE,sa,-9,0.255189743247387,0.281165159243952,-0.295893968870759,0.806273455365533
opened_cohort,important_degree_top3,rolling5,exact_1_2,nevertreated,pc_score,knowledge_level_pc_score,low,github_outcomes,pull_request_merged,TRUE,sa,-8,0.2535683742529,0.290006941443817,-0.314845230976981,0.82198197948278
opened_cohort,important_degree_top3,rolling5,exact_1_2,nevertreated,pc_score,knowledge_level_pc_score,low,github_outcomes,pull_request_merged,TRUE,sa,-7,0.15508683386172,0.193183503331719,-0.223552832668448,0.533726500391889
opened_cohort,important_degree_top3,rolling5,exact_1_2,nevertreated,pc_score,knowledge_level_pc_score,low,github_outcomes,pull_request_merged,TRUE,sa,-6,0.139245359257279,0.165588138525719,-0.185307392253131,0.463798110767688
opened_cohort,important_degree_top3,rolling5,exact_1_2,nevertreated,pc_score,knowledge_level_pc_score,low,github_outcomes,pull_request_merged,TRUE,sa,-5,-0.00260955753763704,0.121648020534794,-0.241039677785833,0.235820562710559
opened_cohort,important_degree_top3,rolling5,exact_1_2,nevertreated,pc_score,knowledge_level_pc_score,low,github_outcomes,pull_request_merged,TRUE,sa,-4,-0.103933638374047,0.108811105137903,-0.317203404444337,0.109336127696243
opened_cohort,important_degree_top3,rolling5,exact_1_2,nevertreated,pc_score,knowledge_level_pc_score,low,github_outcomes,pull_request_merged,TRUE,sa,-3,-0.109390065259805,0.101984777185406,-0.3092802285432,0.0905000980235898
opened_cohort,important_degree_top3,rolling5,exact_1_2,nevertreated,pc_score,knowledge_level_pc_score,low,github_outcomes,pull_request_merged,TRUE,sa,-2,0.292717356033903,0.0895199717848282,0.117258211335639,0.468176500732166
opened_cohort,important_degree_top3,rolling5,exact_1_2,nevertreated,pc_score,knowledge_level_pc_score,low,github_outcomes,pull_request_merged,TRUE,sa,-1,0,0,0,0
opened_cohort,important_degree_top3,rolling5,exact_1_2,nevertreated,pc_score,knowledge_level_pc_score,low,github_outcomes,pull_request_merged,TRUE,sa,0,-0.0374836853022265,0.152407966387432,-0.336203299421592,0.261235928817139
opened_cohort,important_degree_top3,rolling5,exact_1_2,nevertreated,pc_score,knowledge_level_pc_score,low,github_outcomes,pull_request_merged,TRUE,sa,1,-0.484183829490082,0.122407860810705,-0.724103236679064,-0.244264422301099
opened_cohort,important_degree_top3,rolling5,exact_1_2,nevertreated,pc_score,knowledge_level_pc_score,low,github_outcomes,pull_request_merged,TRUE,sa,2,-0.512322056260151,0.130257541671958,-0.767626837937189,-0.257017274583112
opened_cohort,important_degree_top3,rolling5,exact_1_2,nevertreated,pc_score,knowledge_level_pc_score,low,github_outcomes,pull_request_merged,TRUE,sa,3,-0.572188289883169,0.171496898103928,-0.908322210166867,-0.23605436959947
opened_cohort,important_degree_top3,rolling5,exact_1_2,nevertreated,pc_score,knowledge_level_pc_score,low,github_outcomes,pull_request_merged,TRUE,sa,4,-0.479067056751955,0.16443581701939,-0.801361258109959,-0.156772855393951
opened_cohort,important_degree_top3,rolling5,exact_1_2,nevertreated,pc_score,knowledge_level_pc_score,low,github_outcomes,pull_request_merged,TRUE,sa,5,-0.618456175725942,0.140741031287148,-0.894308597048752,-0.342603754403132
opened_cohort,important_degree_top3,rolling5,exact_1_2,nevertreated,pc_score,knowledge_level_pc_score,low,github_outcomes,pull_request_merged,TRUE,sa,6,-0.682932166278741,0.164444288473581,-1.00524297168696,-0.360621360870522
opened_cohort,important_degree_top3,rolling5,exact_1_2,nevertreated,pc_score,knowledge_level_pc_score,low,github_outcomes,pull_request_merged,TRUE,sa,7,-0.583269728226733,0.198094673094076,-0.971535287491121,-0.195004168962344
opened_cohort,important_degree_top3,rolling5,exact_1_2,nevertreated,pc_score,knowledge_level_pc_score,low,github_outcomes,pull_request_merged,TRUE,sa,8,-0.500967089214556,0.199546007330136,-0.892077263581623,-0.10985691484749
opened_cohort,important_degree_top3,rolling5,exact_1_2,nevertreated,pc_score,knowledge_level_pc_score,low,github_outcomes,pull_request_merged,TRUE,sa,9,-0.552076282543886,0.213793953772407,-0.971112431937803,-0.133040133149969
opened_cohort,important_degree_top3,rolling5,exact_1_2,nevertreated,pc_score,knowledge_level_pc_score,low,github_outcomes,pull_request_merged,TRUE,sa,10,-0.480523125427698,0.236447064239793,-0.943959371337693,-0.0170868795177034
opened_cohort,important_degree_top3,rolling5,exact_1_2,nevertreated,pc_score,knowledge_level_pc_score,low,github_outcomes,pull_request_merged,TRUE,sa,11,-0.507177390090317,0.348691051910062,-1.19061185183404,0.176257071653405
opened_cohort,important_degree_top3,rolling5,exact_1_2,nevertreated,pc_score,knowledge_level_pc_score,high,github_outcomes,pull_request_merged,TRUE,sa,-15,-0.212576507504789,0.505234556010479,-1.20283623728533,0.77768322227575
opened_cohort,important_degree_top3,rolling5,exact_1_2,nevertreated,pc_score,knowledge_level_pc_score,high,github_outcomes,pull_request_merged,TRUE,sa,-14,-0.447148656360111,0.502570992458495,-1.43218780157876,0.537890488858539
opened_cohort,important_degree_top3,rolling5,exact_1_2,nevertreated,pc_score,knowledge_level_pc_score,high,github_outcomes,pull_request_merged,TRUE,sa,-13,0.859298667931465,0.536185130791589,-0.19162418842005,1.91022152428298
opened_cohort,important_degree_top3,rolling5,exact_1_2,nevertreated,pc_score,knowledge_level_pc_score,high,github_outcomes,pull_request_merged,TRUE,sa,-12,0.566554770119654,0.441634303967011,-0.299048465655687,1.43215800589499
opened_cohort,important_degree_top3,rolling5,exact_1_2,nevertreated,pc_score,knowledge_level_pc_score,high,github_outcomes,pull_request_merged,TRUE,sa,-11,0.601378262752973,0.407977103612302,-0.198256860327139,1.40101338583309
opened_cohort,important_degree_top3,rolling5,exact_1_2,nevertreated,pc_score,knowledge_level_pc_score,high,github_outcomes,pull_request_merged,TRUE,sa,-10,1.19905865537419,0.613354312757386,-0.00311579763029068,2.40123310837866
opened_cohort,important_degree_top3,rolling5,exact_1_2,nevertreated,pc_score,knowledge_level_pc_score,high,github_outcomes,pull_request_merged,TRUE,sa,-9,1.0105642261483,0.583429682967128,-0.13295795246727,2.15408640476387
opened_cohort,important_degree_top3,rolling5,exact_1_2,nevertreated,pc_score,knowledge_level_pc_score,high,github_outcomes,pull_request_merged,TRUE,sa,-8,0.562482083587096,0.397650398386642,-0.216912697250723,1.34187686442492
opened_cohort,important_degree_top3,rolling5,exact_1_2,nevertreated,pc_score,knowledge_level_pc_score,high,github_outcomes,pull_request_merged,TRUE,sa,-7,0.682629249214766,0.373090918447676,-0.0486289509426795,1.41388744937221
opened_cohort,important_degree_top3,rolling5,exact_1_2,nevertreated,pc_score,knowledge_level_pc_score,high,github_outcomes,pull_request_merged,TRUE,sa,-6,0.55245164877197,0.3308148035605,-0.0959453662066102,1.20084866375055
opened_cohort,important_degree_top3,rolling5,exact_1_2,nevertreated,pc_score,knowledge_level_pc_score,high,github_outcomes,pull_request_merged,TRUE,sa,-5,0.375638203910685,0.23366433711435,-0.0823438968334412,0.833620304654811
opened_cohort,important_degree_top3,rolling5,exact_1_2,nevertreated,pc_score,knowledge_level_pc_score,high,github_outcomes,pull_request_merged,TRUE,sa,-4,0.32842722580772,0.165033774385836,0.00496102801148224,0.651893423603958
opened_cohort,important_degree_top3,rolling5,exact_1_2,nevertreated,pc_score,knowledge_level_pc_score,high,github_outcomes,pull_request_merged,TRUE,sa,-3,0.291892040264235,0.137547517674513,0.0222989056221886,0.561485174906281
opened_cohort,important_degree_top3,rolling5,exact_1_2,nevertreated,pc_score,knowledge_level_pc_score,high,github_outcomes,pull_request_merged,TRUE,sa,-2,0.354385339081073,0.126376620016118,0.106687163849481,0.602083514312664
opened_cohort,important_degree_top3,rolling5,exact_1_2,nevertreated,pc_score,knowledge_level_pc_score,high,github_outcomes,pull_request_merged,TRUE,sa,-1,0,0,0,0
opened_cohort,important_degree_top3,rolling5,exact_1_2,nevertreated,pc_score,knowledge_level_pc_score,high,github_outcomes,pull_request_merged,TRUE,sa,0,0.0162159191923293,0.195506724782512,-0.366977261381394,0.399409099766053
opened_cohort,important_degree_top3,rolling5,exact_1_2,nevertreated,pc_score,knowledge_level_pc_score,high,github_outcomes,pull_request_merged,TRUE,sa,1,-0.610039685512439,0.340734053581451,-1.27787843053208,0.0577990595072055
opened_cohort,important_degree_top3,rolling5,exact_1_2,nevertreated,pc_score,knowledge_level_pc_score,high,github_outcomes,pull_request_merged,TRUE,sa,2,-0.726378633227506,0.516215775414644,-1.73816155304021,0.285404286585195
opened_cohort,important_degree_top3,rolling5,exact_1_2,nevertreated,pc_score,knowledge_level_pc_score,high,github_outcomes,pull_request_merged,TRUE,sa,3,-0.910162539068305,0.689815597195805,-2.26220110957208,0.441876031435473
opened_cohort,important_degree_top3,rolling5,exact_1_2,nevertreated,pc_score,knowledge_level_pc_score,high,github_outcomes,pull_request_merged,TRUE,sa,4,-1.22643595161472,1.08040167188738,-3.34402322851398,0.891151325284548
opened_cohort,important_degree_top3,rolling5,exact_1_2,nevertreated,pc_score,knowledge_level_pc_score,high,github_outcomes,pull_request_merged,TRUE,sa,5,-1.52947863332821,1.24459152331535,-3.9688780190263,0.909920752369874
opened_cohort,important_degree_top3,rolling5,exact_1_2,nevertreated,pc_score,knowledge_level_pc_score,high,github_outcomes,pull_request_merged,TRUE,sa,6,-1.63907416509945,1.3589668913368,-4.30264927211958,1.02450094192067
opened_cohort,important_degree_top3,rolling5,exact_1_2,nevertreated,pc_score,knowledge_level_pc_score,high,github_outcomes,pull_request_merged,TRUE,sa,7,-1.85947304128044,1.56901454190579,-4.93474154341579,1.2157954608549
opened_cohort,important_degree_top3,rolling5,exact_1_2,nevertreated,pc_score,knowledge_level_pc_score,high,github_outcomes,pull_request_merged,TRUE,sa,8,-2.06442994822885,1.63667923670518,-5.27232125217102,1.14346135571331
opened_cohort,important_degree_top3,rolling5,exact_1_2,nevertreated,pc_score,knowledge_level_pc_score,high,github_outcomes,pull_request_merged,TRUE,sa,9,-2.32536181195199,1.80627555942174,-5.8656619084186,1.21493828451461
opened_cohort,important_degree_top3,rolling5,exact_1_2,nevertreated,pc_score,knowledge_level_pc_score,high,github_outcomes,pull_request_merged,TRUE,sa,10,-2.55763987497608,1.91284468481745,-6.30681545721827,1.19153570726612
opened_cohort,important_degree_top3,rolling5,exact_1_2,nevertreated,pc_score,knowledge_level_pc_score,high,github_outcomes,pull_request_merged,TRUE,sa,11,-2.79268769425249,1.72824984637934,-6.18005739315599,0.594682004651006
opened_cohort,important_degree_top3,rolling5,exact_1_2,nevertreated,pc_score,discussion_quality_pc_score,low,github_outcomes,pull_request_merged,TRUE,sa,-15,0.185373969469696,0.742485952353618,-1.2698984971434,1.64064643608279
opened_cohort,important_degree_top3,rolling5,exact_1_2,nevertreated,pc_score,discussion_quality_pc_score,low,github_outcomes,pull_request_merged,TRUE,sa,-14,-0.224828169711634,0.687010427455002,-1.57136860752344,1.12171226810017
opened_cohort,important_degree_top3,rolling5,exact_1_2,nevertreated,pc_score,discussion_quality_pc_score,low,github_outcomes,pull_request_merged,TRUE,sa,-13,0.780742801704213,0.440912816239677,-0.083446318125553,1.64493192153398
opened_cohort,important_degree_top3,rolling5,exact_1_2,nevertreated,pc_score,discussion_quality_pc_score,low,github_outcomes,pull_request_merged,TRUE,sa,-12,0.789029472367119,0.55035125601134,-0.289658989415107,1.86771793414934
opened_cohort,important_degree_top3,rolling5,exact_1_2,nevertreated,pc_score,discussion_quality_pc_score,low,github_outcomes,pull_request_merged,TRUE,sa,-11,0.101225050463327,0.340264487485618,-0.565693345008484,0.768143445935138
opened_cohort,important_degree_top3,rolling5,exact_1_2,nevertreated,pc_score,discussion_quality_pc_score,low,github_outcomes,pull_request_merged,TRUE,sa,-10,1.13594558336323,0.700782022437623,-0.237587180614511,2.50947834734097
opened_cohort,important_degree_top3,rolling5,exact_1_2,nevertreated,pc_score,discussion_quality_pc_score,low,github_outcomes,pull_request_merged,TRUE,sa,-9,1.0477863398273,0.625236059127524,-0.177676336062647,2.27324901571725
opened_cohort,important_degree_top3,rolling5,exact_1_2,nevertreated,pc_score,discussion_quality_pc_score,low,github_outcomes,pull_request_merged,TRUE,sa,-8,0.591300001393701,0.41442674557919,-0.220976419941512,1.40357642272891
opened_cohort,important_degree_top3,rolling5,exact_1_2,nevertreated,pc_score,discussion_quality_pc_score,low,github_outcomes,pull_request_merged,TRUE,sa,-7,0.530687467218102,0.370684233043269,-0.195853629546706,1.25722856398291
opened_cohort,important_degree_top3,rolling5,exact_1_2,nevertreated,pc_score,discussion_quality_pc_score,low,github_outcomes,pull_request_merged,TRUE,sa,-6,0.42381221518433,0.357703664520494,-0.277286967275837,1.1249113976445
opened_cohort,important_degree_top3,rolling5,exact_1_2,nevertreated,pc_score,discussion_quality_pc_score,low,github_outcomes,pull_request_merged,TRUE,sa,-5,0.237070550357777,0.24286927269331,-0.238953224121111,0.713094324836664
opened_cohort,important_degree_top3,rolling5,exact_1_2,nevertreated,pc_score,discussion_quality_pc_score,low,github_outcomes,pull_request_merged,TRUE,sa,-4,-0.0171420243025527,0.173223313779551,-0.356659719310473,0.322375670705367
opened_cohort,important_degree_top3,rolling5,exact_1_2,nevertreated,pc_score,discussion_quality_pc_score,low,github_outcomes,pull_request_merged,TRUE,sa,-3,-0.0302496210372783,0.127898884371849,-0.280931434406102,0.220432192331545
opened_cohort,important_degree_top3,rolling5,exact_1_2,nevertreated,pc_score,discussion_quality_pc_score,low,github_outcomes,pull_request_merged,TRUE,sa,-2,0.282051095973447,0.0960976540617802,0.0936996940123577,0.470402497934536
opened_cohort,important_degree_top3,rolling5,exact_1_2,nevertreated,pc_score,discussion_quality_pc_score,low,github_outcomes,pull_request_merged,TRUE,sa,-1,0,0,0,0
opened_cohort,important_degree_top3,rolling5,exact_1_2,nevertreated,pc_score,discussion_quality_pc_score,low,github_outcomes,pull_request_merged,TRUE,sa,0,-0.172752008314407,0.18904841284795,-0.543286897496389,0.197782880867575
opened_cohort,important_degree_top3,rolling5,exact_1_2,nevertreated,pc_score,discussion_quality_pc_score,low,github_outcomes,pull_request_merged,TRUE,sa,1,-0.657767258288703,0.309643921802372,-1.26466934502135,-0.0508651715560531
opened_cohort,important_degree_top3,rolling5,exact_1_2,nevertreated,pc_score,discussion_quality_pc_score,low,github_outcomes,pull_request_merged,TRUE,sa,2,-0.886595026641402,0.43535765988304,-1.73989604001216,-0.033294013270644
opened_cohort,important_degree_top3,rolling5,exact_1_2,nevertreated,pc_score,discussion_quality_pc_score,low,github_outcomes,pull_request_merged,TRUE,sa,3,-1.00754913003052,0.615223773647004,-2.21338772637865,0.198289466317605
opened_cohort,important_degree_top3,rolling5,exact_1_2,nevertreated,pc_score,discussion_quality_pc_score,low,github_outcomes,pull_request_merged,TRUE,sa,4,-1.25610027983669,0.983559524517197,-3.1838769478904,0.671676388217012
opened_cohort,important_degree_top3,rolling5,exact_1_2,nevertreated,pc_score,discussion_quality_pc_score,low,github_outcomes,pull_request_merged,TRUE,sa,5,-1.61499888673095,1.19055678268823,-3.94849018079989,0.718492407337992
opened_cohort,important_degree_top3,rolling5,exact_1_2,nevertreated,pc_score,discussion_quality_pc_score,low,github_outcomes,pull_request_merged,TRUE,sa,6,-1.67564087170646,1.22685573589489,-4.08027811406045,0.72899637064753
opened_cohort,important_degree_top3,rolling5,exact_1_2,nevertreated,pc_score,discussion_quality_pc_score,low,github_outcomes,pull_request_merged,TRUE,sa,7,-1.76229767012534,1.56072363249141,-4.82131598980851,1.29672064955782
opened_cohort,important_degree_top3,rolling5,exact_1_2,nevertreated,pc_score,discussion_quality_pc_score,low,github_outcomes,pull_request_merged,TRUE,sa,8,-1.79644727551074,1.57511914484197,-4.88368079940101,1.29078624837953
opened_cohort,important_degree_top3,rolling5,exact_1_2,nevertreated,pc_score,discussion_quality_pc_score,low,github_outcomes,pull_request_merged,TRUE,sa,9,-1.96060844853593,1.71358777479364,-5.31924048713147,1.39802359005961
opened_cohort,important_degree_top3,rolling5,exact_1_2,nevertreated,pc_score,discussion_quality_pc_score,low,github_outcomes,pull_request_merged,TRUE,sa,10,-2.03433699649082,1.99460388768812,-5.94376061635953,1.87508662337789
opened_cohort,important_degree_top3,rolling5,exact_1_2,nevertreated,pc_score,discussion_quality_pc_score,low,github_outcomes,pull_request_merged,TRUE,sa,11,-1.83599858025893,1.75356595750218,-5.2729878569632,1.60099069644533
opened_cohort,important_degree_top3,rolling5,exact_1_2,nevertreated,pc_score,discussion_quality_pc_score,high,github_outcomes,pull_request_merged,TRUE,sa,-15,0.0398351771365245,0.468092673268121,-0.877626462468993,0.957296816742042
opened_cohort,important_degree_top3,rolling5,exact_1_2,nevertreated,pc_score,discussion_quality_pc_score,high,github_outcomes,pull_request_merged,TRUE,sa,-14,0.388706650598989,0.602408932640827,-0.792014857377032,1.56942815857501
opened_cohort,important_degree_top3,rolling5,exact_1_2,nevertreated,pc_score,discussion_quality_pc_score,high,github_outcomes,pull_request_merged,TRUE,sa,-13,0.790970095768423,0.48126986322563,-0.152318836153813,1.73425902769066
opened_cohort,important_degree_top3,rolling5,exact_1_2,nevertreated,pc_score,discussion_quality_pc_score,high,github_outcomes,pull_request_merged,TRUE,sa,-12,0.0186715073324821,0.396832700438808,-0.759120585527581,0.796463600192545
opened_cohort,important_degree_top3,rolling5,exact_1_2,nevertreated,pc_score,discussion_quality_pc_score,high,github_outcomes,pull_request_merged,TRUE,sa,-11,0.56248882738297,0.4015236070112,-0.224497442358981,1.34947509712492
opened_cohort,important_degree_top3,rolling5,exact_1_2,nevertreated,pc_score,discussion_quality_pc_score,high,github_outcomes,pull_request_merged,TRUE,sa,-10,0.359137603637726,0.35252116417285,-0.331803878141061,1.05007908541651
opened_cohort,important_degree_top3,rolling5,exact_1_2,nevertreated,pc_score,discussion_quality_pc_score,high,github_outcomes,pull_request_merged,TRUE,sa,-9,0.27769950665746,0.334639302528423,-0.37819352629825,0.933592539613169
opened_cohort,important_degree_top3,rolling5,exact_1_2,nevertreated,pc_score,discussion_quality_pc_score,high,github_outcomes,pull_request_merged,TRUE,sa,-8,0.213518058657717,0.299842272045301,-0.374172794551073,0.801208911866507
opened_cohort,important_degree_top3,rolling5,exact_1_2,nevertreated,pc_score,discussion_quality_pc_score,high,github_outcomes,pull_request_merged,TRUE,sa,-7,0.308253214695429,0.262392599636028,-0.206036280591186,0.822542709982045
opened_cohort,important_degree_top3,rolling5,exact_1_2,nevertreated,pc_score,discussion_quality_pc_score,high,github_outcomes,pull_request_merged,TRUE,sa,-6,0.344443987115073,0.236178482772554,-0.118465839119133,0.807353813349279
opened_cohort,important_degree_top3,rolling5,exact_1_2,nevertreated,pc_score,discussion_quality_pc_score,high,github_outcomes,pull_request_merged,TRUE,sa,-5,0.124614798976904,0.165331600154185,-0.199435137325298,0.448664735279107
opened_cohort,important_degree_top3,rolling5,exact_1_2,nevertreated,pc_score,discussion_quality_pc_score,high,github_outcomes,pull_request_merged,TRUE,sa,-4,0.254578032659122,0.130197993409982,-0.000610034424442574,0.509766099742687
opened_cohort,important_degree_top3,rolling5,exact_1_2,nevertreated,pc_score,discussion_quality_pc_score,high,github_outcomes,pull_request_merged,TRUE,sa,-3,0.197128595498911,0.118619268390004,-0.0353651705454976,0.429622361543319
opened_cohort,important_degree_top3,rolling5,exact_1_2,nevertreated,pc_score,discussion_quality_pc_score,high,github_outcomes,pull_request_merged,TRUE,sa,-2,0.356022369339091,0.11374545068343,0.133081285999568,0.578963452678614
opened_cohort,important_degree_top3,rolling5,exact_1_2,nevertreated,pc_score,discussion_quality_pc_score,high,github_outcomes,pull_request_merged,TRUE,sa,-1,0,0,0,0
opened_cohort,important_degree_top3,rolling5,exact_1_2,nevertreated,pc_score,discussion_quality_pc_score,high,github_outcomes,pull_request_merged,TRUE,sa,0,0.192307130678936,0.145130152312657,-0.0921479678538717,0.476762229211744
opened_cohort,important_degree_top3,rolling5,exact_1_2,nevertreated,pc_score,discussion_quality_pc_score,high,github_outcomes,pull_request_merged,TRUE,sa,1,-0.432653875165015,0.170154211123653,-0.766156128967374,-0.0991516213626558
opened_cohort,important_degree_top3,rolling5,exact_1_2,nevertreated,pc_score,discussion_quality_pc_score,high,github_outcomes,pull_request_merged,TRUE,sa,2,-0.303689993707824,0.282010717457533,-0.856430999924589,0.24905101250894
opened_cohort,important_degree_top3,rolling5,exact_1_2,nevertreated,pc_score,discussion_quality_pc_score,high,github_outcomes,pull_request_merged,TRUE,sa,3,-0.441995304994467,0.359051884684504,-1.1457369989761,0.261746388987161
opened_cohort,important_degree_top3,rolling5,exact_1_2,nevertreated,pc_score,discussion_quality_pc_score,high,github_outcomes,pull_request_merged,TRUE,sa,4,-0.415800858960957,0.445877508002709,-1.28972077464627,0.458119056724353
opened_cohort,important_degree_top3,rolling5,exact_1_2,nevertreated,pc_score,discussion_quality_pc_score,high,github_outcomes,pull_request_merged,TRUE,sa,5,-0.528697869738049,0.451543672137217,-1.41372346712699,0.356327727650897
opened_cohort,important_degree_top3,rolling5,exact_1_2,nevertreated,pc_score,discussion_quality_pc_score,high,github_outcomes,pull_request_merged,TRUE,sa,6,-0.58302889464418,0.580483455018706,-1.72077646648084,0.554718677192484
opened_cohort,important_degree_top3,rolling5,exact_1_2,nevertreated,pc_score,discussion_quality_pc_score,high,github_outcomes,pull_request_merged,TRUE,sa,7,-0.764537888064293,0.575121372455516,-1.89177577807711,0.362700001948519
opened_cohort,important_degree_top3,rolling5,exact_1_2,nevertreated,pc_score,discussion_quality_pc_score,high,github_outcomes,pull_request_merged,TRUE,sa,8,-0.796058056334571,0.600681219611491,-1.97339324677309,0.381277134103952
opened_cohort,important_degree_top3,rolling5,exact_1_2,nevertreated,pc_score,discussion_quality_pc_score,high,github_outcomes,pull_request_merged,TRUE,sa,9,-0.912574078744511,0.616859855782058,-2.12161939607735,0.296471238588323
opened_cohort,important_degree_top3,rolling5,exact_1_2,nevertreated,pc_score,discussion_quality_pc_score,high,github_outcomes,pull_request_merged,TRUE,sa,10,-1.36571676256078,0.575802011936444,-2.49428870595621,-0.237144819165346
opened_cohort,important_degree_top3,rolling5,exact_1_2,nevertreated,pc_score,discussion_quality_pc_score,high,github_outcomes,pull_request_merged,TRUE,sa,11,-2.2562802185158,0.56236682663181,-3.35851919871415,-1.15404123831745
opened_cohort,important_degree_top3,rolling5,exact_1_2,nevertreated,pc_score,investment_in_new_talent_pc_score,low,github_outcomes,pull_request_merged,TRUE,sa,-15,0.246289022017125,0.547218367089156,-0.826258977477621,1.31883702151187
opened_cohort,important_degree_top3,rolling5,exact_1_2,nevertreated,pc_score,investment_in_new_talent_pc_score,low,github_outcomes,pull_request_merged,TRUE,sa,-14,0.746290764535561,0.58481485508151,-0.399946351424199,1.89252788049532
opened_cohort,important_degree_top3,rolling5,exact_1_2,nevertreated,pc_score,investment_in_new_talent_pc_score,low,github_outcomes,pull_request_merged,TRUE,sa,-13,1.60303957282409,0.60703682624567,0.413247393382575,2.7928317522656
opened_cohort,important_degree_top3,rolling5,exact_1_2,nevertreated,pc_score,investment_in_new_talent_pc_score,low,github_outcomes,pull_request_merged,TRUE,sa,-12,1.12784475270425,0.455184751240699,0.235682640272485,2.02000686513602
opened_cohort,important_degree_top3,rolling5,exact_1_2,nevertreated,pc_score,investment_in_new_talent_pc_score,low,github_outcomes,pull_request_merged,TRUE,sa,-11,0.957490367717215,0.37858690405149,0.215460035776294,1.69952069965814
opened_cohort,important_degree_top3,rolling5,exact_1_2,nevertreated,pc_score,investment_in_new_talent_pc_score,low,github_outcomes,pull_request_merged,TRUE,sa,-10,1.54344186522116,0.622222950978351,0.323884881303588,2.76299884913872
opened_cohort,important_degree_top3,rolling5,exact_1_2,nevertreated,pc_score,investment_in_new_talent_pc_score,low,github_outcomes,pull_request_merged,TRUE,sa,-9,1.37116218602636,0.587262579145729,0.220127530900734,2.52219684115199
opened_cohort,important_degree_top3,rolling5,exact_1_2,nevertreated,pc_score,investment_in_new_talent_pc_score,low,github_outcomes,pull_request_merged,TRUE,sa,-8,0.827124097309667,0.446639002786038,-0.0482883481509662,1.7025365427703
opened_cohort,important_degree_top3,rolling5,exact_1_2,nevertreated,pc_score,investment_in_new_talent_pc_score,low,github_outcomes,pull_request_merged,TRUE,sa,-7,0.750333417379538,0.42905721028166,-0.090618714772515,1.59128554953159
opened_cohort,important_degree_top3,rolling5,exact_1_2,nevertreated,pc_score,investment_in_new_talent_pc_score,low,github_outcomes,pull_request_merged,TRUE,sa,-6,0.672508941067147,0.40618314803509,-0.12361002908163,1.46862791121592
opened_cohort,important_degree_top3,rolling5,exact_1_2,nevertreated,pc_score,investment_in_new_talent_pc_score,low,github_outcomes,pull_request_merged,TRUE,sa,-5,0.362369758997888,0.29079501169364,-0.207588463921646,0.932327981917422
opened_cohort,important_degree_top3,rolling5,exact_1_2,nevertreated,pc_score,investment_in_new_talent_pc_score,low,github_outcomes,pull_request_merged,TRUE,sa,-4,0.173994763723662,0.200086938239586,-0.218175635225927,0.566165162673251
opened_cohort,important_degree_top3,rolling5,exact_1_2,nevertreated,pc_score,investment_in_new_talent_pc_score,low,github_outcomes,pull_request_merged,TRUE,sa,-3,0.0448774320031415,0.145223933111616,-0.239761476895625,0.329516340901908
opened_cohort,important_degree_top3,rolling5,exact_1_2,nevertreated,pc_score,investment_in_new_talent_pc_score,low,github_outcomes,pull_request_merged,TRUE,sa,-2,0.338699570580571,0.120302506621429,0.10290665760257,0.574492483558571
opened_cohort,important_degree_top3,rolling5,exact_1_2,nevertreated,pc_score,investment_in_new_talent_pc_score,low,github_outcomes,pull_request_merged,TRUE,sa,-1,0,0,0,0
opened_cohort,important_degree_top3,rolling5,exact_1_2,nevertreated,pc_score,investment_in_new_talent_pc_score,low,github_outcomes,pull_request_merged,TRUE,sa,0,0.0132422893075588,0.202620229214652,-0.383893359953159,0.410377938568276
opened_cohort,important_degree_top3,rolling5,exact_1_2,nevertreated,pc_score,investment_in_new_talent_pc_score,low,github_outcomes,pull_request_merged,TRUE,sa,1,-0.700938087272125,0.313822945818272,-1.31603106107594,-0.0858451134683113
opened_cohort,important_degree_top3,rolling5,exact_1_2,nevertreated,pc_score,investment_in_new_talent_pc_score,low,github_outcomes,pull_request_merged,TRUE,sa,2,-0.722301889649799,0.472811433336375,-1.64901229898909,0.204408519689497
opened_cohort,important_degree_top3,rolling5,exact_1_2,nevertreated,pc_score,investment_in_new_talent_pc_score,low,github_outcomes,pull_request_merged,TRUE,sa,3,-1.02286526972404,0.696914633617419,-2.38881795161418,0.343087412166099
opened_cohort,important_degree_top3,rolling5,exact_1_2,nevertreated,pc_score,investment_in_new_talent_pc_score,low,github_outcomes,pull_request_merged,TRUE,sa,4,-1.1179787100651,1.10521341555089,-3.28419700454485,1.04823958441464
opened_cohort,important_degree_top3,rolling5,exact_1_2,nevertreated,pc_score,investment_in_new_talent_pc_score,low,github_outcomes,pull_request_merged,TRUE,sa,5,-1.4657863032483,1.33161460073987,-4.07575092069844,1.14417831420185
opened_cohort,important_degree_top3,rolling5,exact_1_2,nevertreated,pc_score,investment_in_new_talent_pc_score,low,github_outcomes,pull_request_merged,TRUE,sa,6,-1.4721337047829,1.42101620382333,-4.25732546427661,1.31305805471082
opened_cohort,important_degree_top3,rolling5,exact_1_2,nevertreated,pc_score,investment_in_new_talent_pc_score,low,github_outcomes,pull_request_merged,TRUE,sa,7,-1.81742788518297,1.80991706077444,-5.36486532430088,1.73000955393494
opened_cohort,important_degree_top3,rolling5,exact_1_2,nevertreated,pc_score,investment_in_new_talent_pc_score,low,github_outcomes,pull_request_merged,TRUE,sa,8,-1.92247869104369,1.84597812663828,-5.54059581925471,1.69563843716733
opened_cohort,important_degree_top3,rolling5,exact_1_2,nevertreated,pc_score,investment_in_new_talent_pc_score,low,github_outcomes,pull_request_merged,TRUE,sa,9,-2.31975825210118,2.01939611121941,-6.27777463009122,1.63825812588885
opened_cohort,important_degree_top3,rolling5,exact_1_2,nevertreated,pc_score,investment_in_new_talent_pc_score,low,github_outcomes,pull_request_merged,TRUE,sa,10,-2.74271790474307,2.26639394970487,-7.18485004616461,1.69941423667846
opened_cohort,important_degree_top3,rolling5,exact_1_2,nevertreated,pc_score,investment_in_new_talent_pc_score,low,github_outcomes,pull_request_merged,TRUE,sa,11,-2.78330991429162,1.99030079742655,-6.68429947724766,1.11767964866442
opened_cohort,important_degree_top3,rolling5,exact_1_2,nevertreated,pc_score,investment_in_new_talent_pc_score,high,github_outcomes,pull_request_merged,TRUE,sa,-15,-0.154487491298432,0.485772530064761,-1.10660165022536,0.797626667628499
opened_cohort,important_degree_top3,rolling5,exact_1_2,nevertreated,pc_score,investment_in_new_talent_pc_score,high,github_outcomes,pull_request_merged,TRUE,sa,-14,-0.481954631542039,0.531312315080168,-1.52332676909917,0.559417506015091
opened_cohort,important_degree_top3,rolling5,exact_1_2,nevertreated,pc_score,investment_in_new_talent_pc_score,high,github_outcomes,pull_request_merged,TRUE,sa,-13,-0.21184199853008,0.413884921777314,-1.02305644521362,0.599372448153456
opened_cohort,important_degree_top3,rolling5,exact_1_2,nevertreated,pc_score,investment_in_new_talent_pc_score,high,github_outcomes,pull_request_merged,TRUE,sa,-12,-0.686298480493849,0.343491940452207,-1.35954268378017,-0.0130542772075234
opened_cohort,important_degree_top3,rolling5,exact_1_2,nevertreated,pc_score,investment_in_new_talent_pc_score,high,github_outcomes,pull_request_merged,TRUE,sa,-11,-0.188795521370171,0.381894039733254,-0.937307839247348,0.559716796507006
opened_cohort,important_degree_top3,rolling5,exact_1_2,nevertreated,pc_score,investment_in_new_talent_pc_score,high,github_outcomes,pull_request_merged,TRUE,sa,-10,0.0635780688442546,0.36611697285372,-0.654011197949037,0.781167335637547
opened_cohort,important_degree_top3,rolling5,exact_1_2,nevertreated,pc_score,investment_in_new_talent_pc_score,high,github_outcomes,pull_request_merged,TRUE,sa,-9,-0.0238193954516816,0.337087245572668,-0.684510396774111,0.636871605870747
opened_cohort,important_degree_top3,rolling5,exact_1_2,nevertreated,pc_score,investment_in_new_talent_pc_score,high,github_outcomes,pull_request_merged,TRUE,sa,-8,0.317306973804503,0.327519050104147,-0.324630364399625,0.95924431200863
opened_cohort,important_degree_top3,rolling5,exact_1_2,nevertreated,pc_score,investment_in_new_talent_pc_score,high,github_outcomes,pull_request_merged,TRUE,sa,-7,0.424883155947027,0.239368946558292,-0.0442799793072249,0.894046291201279
opened_cohort,important_degree_top3,rolling5,exact_1_2,nevertreated,pc_score,investment_in_new_talent_pc_score,high,github_outcomes,pull_request_merged,TRUE,sa,-6,0.3317832920538,0.184078186193874,-0.0290099528861925,0.692576536993792
opened_cohort,important_degree_top3,rolling5,exact_1_2,nevertreated,pc_score,investment_in_new_talent_pc_score,high,github_outcomes,pull_request_merged,TRUE,sa,-5,0.172711907181555,0.130003685171577,-0.0820953157547356,0.427519130117847
opened_cohort,important_degree_top3,rolling5,exact_1_2,nevertreated,pc_score,investment_in_new_talent_pc_score,high,github_outcomes,pull_request_merged,TRUE,sa,-4,0.176816172537135,0.119179012205605,-0.0567746913858512,0.410407036460121
opened_cohort,important_degree_top3,rolling5,exact_1_2,nevertreated,pc_score,investment_in_new_talent_pc_score,high,github_outcomes,pull_request_merged,TRUE,sa,-3,0.192474123046857,0.116773814559438,-0.0364025534896405,0.421350799583354
opened_cohort,important_degree_top3,rolling5,exact_1_2,nevertreated,pc_score,investment_in_new_talent_pc_score,high,github_outcomes,pull_request_merged,TRUE,sa,-2,0.347993007858335,0.103776551619458,0.144590966684198,0.551395049032473
opened_cohort,important_degree_top3,rolling5,exact_1_2,nevertreated,pc_score,investment_in_new_talent_pc_score,high,github_outcomes,pull_request_merged,TRUE,sa,-1,0,0,0,0
opened_cohort,important_degree_top3,rolling5,exact_1_2,nevertreated,pc_score,investment_in_new_talent_pc_score,high,github_outcomes,pull_request_merged,TRUE,sa,0,-0.0990199959981102,0.115820407271249,-0.326027994249759,0.127988002253538
opened_cohort,important_degree_top3,rolling5,exact_1_2,nevertreated,pc_score,investment_in_new_talent_pc_score,high,github_outcomes,pull_request_merged,TRUE,sa,1,-0.417736024772742,0.164428995368568,-0.740016855695135,-0.095455193850348
opened_cohort,important_degree_top3,rolling5,exact_1_2,nevertreated,pc_score,investment_in_new_talent_pc_score,high,github_outcomes,pull_request_merged,TRUE,sa,2,-0.563527351146438,0.231631310451342,-1.01752471963107,-0.109529982661808
opened_cohort,important_degree_top3,rolling5,exact_1_2,nevertreated,pc_score,investment_in_new_talent_pc_score,high,github_outcomes,pull_request_merged,TRUE,sa,3,-0.525225890057991,0.314741182544673,-1.14211860784555,0.0916668277295684
opened_cohort,important_degree_top3,rolling5,exact_1_2,nevertreated,pc_score,investment_in_new_talent_pc_score,high,github_outcomes,pull_request_merged,TRUE,sa,4,-0.715105904900312,0.357597890490529,-1.41599777026175,-0.0142140395388762
opened_cohort,important_degree_top3,rolling5,exact_1_2,nevertreated,pc_score,investment_in_new_talent_pc_score,high,github_outcomes,pull_request_merged,TRUE,sa,5,-0.838862966243486,0.373998848143156,-1.57190070860407,-0.105825223882899
opened_cohort,important_degree_top3,rolling5,exact_1_2,nevertreated,pc_score,investment_in_new_talent_pc_score,high,github_outcomes,pull_request_merged,TRUE,sa,6,-1.04022385022294,0.448237020982086,-1.91876841134783,-0.161679289098054
opened_cohort,important_degree_top3,rolling5,exact_1_2,nevertreated,pc_score,investment_in_new_talent_pc_score,high,github_outcomes,pull_request_merged,TRUE,sa,7,-0.893981489372871,0.48429068825502,-1.84319123835271,0.0552282596069682
opened_cohort,important_degree_top3,rolling5,exact_1_2,nevertreated,pc_score,investment_in_new_talent_pc_score,high,github_outcomes,pull_request_merged,TRUE,sa,8,-0.85753322378283,0.520689186279522,-1.87808402889069,0.163017581325034
opened_cohort,important_degree_top3,rolling5,exact_1_2,nevertreated,pc_score,investment_in_new_talent_pc_score,high,github_outcomes,pull_request_merged,TRUE,sa,9,-0.789057801835138,0.576007188452938,-1.9180318912029,0.339916287532621
opened_cohort,important_degree_top3,rolling5,exact_1_2,nevertreated,pc_score,investment_in_new_talent_pc_score,high,github_outcomes,pull_request_merged,TRUE,sa,10,-0.555483536095671,0.508066421387015,-1.55129372201422,0.440326649822879
opened_cohort,important_degree_top3,rolling5,exact_1_2,nevertreated,pc_score,investment_in_new_talent_pc_score,high,github_outcomes,pull_request_merged,TRUE,sa,11,-0.827994911421563,0.544898025385683,-1.8959950411775,0.240005218334376
opened_cohort,important_degree_top3,rolling5,exact_1_2,nevertreated,pc_score,problem_solving_routines_pc_score,low,github_outcomes,pull_request_merged,TRUE,sa,-15,-0.215566945902238,0.589769240331611,-1.37151465695219,0.94038076514772
opened_cohort,important_degree_top3,rolling5,exact_1_2,nevertreated,pc_score,problem_solving_routines_pc_score,low,github_outcomes,pull_request_merged,TRUE,sa,-14,-0.184237982240011,0.507801286935447,-1.17952850463349,0.811052540153465
opened_cohort,important_degree_top3,rolling5,exact_1_2,nevertreated,pc_score,problem_solving_routines_pc_score,low,github_outcomes,pull_request_merged,TRUE,sa,-13,1.1065234099395,0.515728579518165,0.0956953940838963,2.1173514257951
opened_cohort,important_degree_top3,rolling5,exact_1_2,nevertreated,pc_score,problem_solving_routines_pc_score,low,github_outcomes,pull_request_merged,TRUE,sa,-12,0.322630149641201,0.420814382204029,-0.502166039478695,1.1474263387611
opened_cohort,important_degree_top3,rolling5,exact_1_2,nevertreated,pc_score,problem_solving_routines_pc_score,low,github_outcomes,pull_request_merged,TRUE,sa,-11,0.200224510076933,0.32376083061129,-0.434346717921195,0.834795738075061
opened_cohort,important_degree_top3,rolling5,exact_1_2,nevertreated,pc_score,problem_solving_routines_pc_score,low,github_outcomes,pull_request_merged,TRUE,sa,-10,0.902542486012214,0.576015259646054,-0.226447422894052,2.03153239491848
opened_cohort,important_degree_top3,rolling5,exact_1_2,nevertreated,pc_score,problem_solving_routines_pc_score,low,github_outcomes,pull_request_merged,TRUE,sa,-9,0.565663789189849,0.487011904595123,-0.388879543816592,1.52020712219629
opened_cohort,important_degree_top3,rolling5,exact_1_2,nevertreated,pc_score,problem_solving_routines_pc_score,low,github_outcomes,pull_request_merged,TRUE,sa,-8,0.42070071157843,0.258333449277986,-0.085632849006423,0.927034272163283
opened_cohort,important_degree_top3,rolling5,exact_1_2,nevertreated,pc_score,problem_solving_routines_pc_score,low,github_outcomes,pull_request_merged,TRUE,sa,-7,0.193545974280037,0.194624307511449,-0.187917668442402,0.575009617002476
opened_cohort,important_degree_top3,rolling5,exact_1_2,nevertreated,pc_score,problem_solving_routines_pc_score,low,github_outcomes,pull_request_merged,TRUE,sa,-6,0.311246306041296,0.183206341083988,-0.0478381224833198,0.670330734565912
opened_cohort,important_degree_top3,rolling5,exact_1_2,nevertreated,pc_score,problem_solving_routines_pc_score,low,github_outcomes,pull_request_merged,TRUE,sa,-5,0.120969501751486,0.131711325007064,-0.137184695262358,0.379123698765331
opened_cohort,important_degree_top3,rolling5,exact_1_2,nevertreated,pc_score,problem_solving_routines_pc_score,low,github_outcomes,pull_request_merged,TRUE,sa,-4,0.0475292358613772,0.115690745724455,-0.179224625758554,0.274283097481308
opened_cohort,important_degree_top3,rolling5,exact_1_2,nevertreated,pc_score,problem_solving_routines_pc_score,low,github_outcomes,pull_request_merged,TRUE,sa,-3,0.000304924521889363,0.0975753995945619,-0.190942858683452,0.191552707727231
opened_cohort,important_degree_top3,rolling5,exact_1_2,nevertreated,pc_score,problem_solving_routines_pc_score,low,github_outcomes,pull_request_merged,TRUE,sa,-2,0.244442022598431,0.0937941808874755,0.0606054280589789,0.428278617137883
opened_cohort,important_degree_top3,rolling5,exact_1_2,nevertreated,pc_score,problem_solving_routines_pc_score,low,github_outcomes,pull_request_merged,TRUE,sa,-1,0,0,0,0
opened_cohort,important_degree_top3,rolling5,exact_1_2,nevertreated,pc_score,problem_solving_routines_pc_score,low,github_outcomes,pull_request_merged,TRUE,sa,0,0.190748632202476,0.140497493690901,-0.084626455431689,0.466123719836641
opened_cohort,important_degree_top3,rolling5,exact_1_2,nevertreated,pc_score,problem_solving_routines_pc_score,low,github_outcomes,pull_request_merged,TRUE,sa,1,-0.243651285162817,0.119221971549478,-0.477326349399793,-0.00997622092584102
opened_cohort,important_degree_top3,rolling5,exact_1_2,nevertreated,pc_score,problem_solving_routines_pc_score,low,github_outcomes,pull_request_merged,TRUE,sa,2,-0.284173945880237,0.145435008952721,-0.569226563427571,0.000878671667096431
opened_cohort,important_degree_top3,rolling5,exact_1_2,nevertreated,pc_score,problem_solving_routines_pc_score,low,github_outcomes,pull_request_merged,TRUE,sa,3,-0.236781442949254,0.20175307655426,-0.632217472995603,0.158654587097096
opened_cohort,important_degree_top3,rolling5,exact_1_2,nevertreated,pc_score,problem_solving_routines_pc_score,low,github_outcomes,pull_request_merged,TRUE,sa,4,-0.11753030345941,0.232218066417704,-0.572677713638109,0.337617106719289
opened_cohort,important_degree_top3,rolling5,exact_1_2,nevertreated,pc_score,problem_solving_routines_pc_score,low,github_outcomes,pull_request_merged,TRUE,sa,5,-0.313534110450399,0.196364472274381,-0.698408476108187,0.0713402552073882
opened_cohort,important_degree_top3,rolling5,exact_1_2,nevertreated,pc_score,problem_solving_routines_pc_score,low,github_outcomes,pull_request_merged,TRUE,sa,6,-0.208543191240539,0.273892099636527,-0.745371706528132,0.328285324047054
opened_cohort,important_degree_top3,rolling5,exact_1_2,nevertreated,pc_score,problem_solving_routines_pc_score,low,github_outcomes,pull_request_merged,TRUE,sa,7,-0.235453340522751,0.245663230021355,-0.716953271364607,0.246046590319105
opened_cohort,important_degree_top3,rolling5,exact_1_2,nevertreated,pc_score,problem_solving_routines_pc_score,low,github_outcomes,pull_request_merged,TRUE,sa,8,-0.366600643070322,0.240407107351793,-0.837798573479836,0.104597287339192
opened_cohort,important_degree_top3,rolling5,exact_1_2,nevertreated,pc_score,problem_solving_routines_pc_score,low,github_outcomes,pull_request_merged,TRUE,sa,9,-0.306725582486234,0.314251080961614,-0.922657701170997,0.30920653619853
opened_cohort,important_degree_top3,rolling5,exact_1_2,nevertreated,pc_score,problem_solving_routines_pc_score,low,github_outcomes,pull_request_merged,TRUE,sa,10,-0.528269260498085,0.24132198229865,-1.00126034580344,-0.0552781751927306
opened_cohort,important_degree_top3,rolling5,exact_1_2,nevertreated,pc_score,problem_solving_routines_pc_score,low,github_outcomes,pull_request_merged,TRUE,sa,11,-1.02939395183992,0.342505463194419,-1.70070465970099,-0.358083243978864
opened_cohort,important_degree_top3,rolling5,exact_1_2,nevertreated,pc_score,problem_solving_routines_pc_score,high,github_outcomes,pull_request_merged,TRUE,sa,-15,0.00358170398564989,0.417848298371944,-0.81540096082336,0.82256436879466
opened_cohort,important_degree_top3,rolling5,exact_1_2,nevertreated,pc_score,problem_solving_routines_pc_score,high,github_outcomes,pull_request_merged,TRUE,sa,-14,0.204062359915678,0.434746953617785,-0.648041669175181,1.05616638900654
opened_cohort,important_degree_top3,rolling5,exact_1_2,nevertreated,pc_score,problem_solving_routines_pc_score,high,github_outcomes,pull_request_merged,TRUE,sa,-13,0.0902692308636415,0.365682481893042,-0.62646843364672,0.807006895374003
opened_cohort,important_degree_top3,rolling5,exact_1_2,nevertreated,pc_score,problem_solving_routines_pc_score,high,github_outcomes,pull_request_merged,TRUE,sa,-12,-0.0396700949638672,0.405520565130704,-0.834490402620047,0.755150212692312
opened_cohort,important_degree_top3,rolling5,exact_1_2,nevertreated,pc_score,problem_solving_routines_pc_score,high,github_outcomes,pull_request_merged,TRUE,sa,-11,0.491697879742118,0.452717481613082,-0.395628384219522,1.37902414370376
opened_cohort,important_degree_top3,rolling5,exact_1_2,nevertreated,pc_score,problem_solving_routines_pc_score,high,github_outcomes,pull_request_merged,TRUE,sa,-10,0.533993430468441,0.350578995653621,-0.153141401012657,1.22112826194954
opened_cohort,important_degree_top3,rolling5,exact_1_2,nevertreated,pc_score,problem_solving_routines_pc_score,high,github_outcomes,pull_request_merged,TRUE,sa,-9,0.506334275389831,0.386745778885117,-0.251687451224998,1.26435600200466
opened_cohort,important_degree_top3,rolling5,exact_1_2,nevertreated,pc_score,problem_solving_routines_pc_score,high,github_outcomes,pull_request_merged,TRUE,sa,-8,0.31069208055727,0.382264525761387,-0.438546389935048,1.05993055104959
opened_cohort,important_degree_top3,rolling5,exact_1_2,nevertreated,pc_score,problem_solving_routines_pc_score,high,github_outcomes,pull_request_merged,TRUE,sa,-7,0.668003695844806,0.34564654655796,-0.00946353540879508,1.34547092709841
opened_cohort,important_degree_top3,rolling5,exact_1_2,nevertreated,pc_score,problem_solving_routines_pc_score,high,github_outcomes,pull_request_merged,TRUE,sa,-6,0.365042529763926,0.280443705315228,-0.184627132653921,0.914712192181773
opened_cohort,important_degree_top3,rolling5,exact_1_2,nevertreated,pc_score,problem_solving_routines_pc_score,high,github_outcomes,pull_request_merged,TRUE,sa,-5,0.224374171094448,0.190060153034725,-0.148143728853612,0.596892071042508
opened_cohort,important_degree_top3,rolling5,exact_1_2,nevertreated,pc_score,problem_solving_routines_pc_score,high,github_outcomes,pull_request_merged,TRUE,sa,-4,0.204051083262138,0.142858842130506,-0.0759522473136533,0.484054413837929
opened_cohort,important_degree_top3,rolling5,exact_1_2,nevertreated,pc_score,problem_solving_routines_pc_score,high,github_outcomes,pull_request_merged,TRUE,sa,-3,0.172824268916522,0.126837825674093,-0.0757778694047008,0.421426407237745
opened_cohort,important_degree_top3,rolling5,exact_1_2,nevertreated,pc_score,problem_solving_routines_pc_score,high,github_outcomes,pull_request_merged,TRUE,sa,-2,0.409449645229553,0.110747142645243,0.192385245644877,0.626514044814228
opened_cohort,important_degree_top3,rolling5,exact_1_2,nevertreated,pc_score,problem_solving_routines_pc_score,high,github_outcomes,pull_request_merged,TRUE,sa,-1,0,0,0,0
opened_cohort,important_degree_top3,rolling5,exact_1_2,nevertreated,pc_score,problem_solving_routines_pc_score,high,github_outcomes,pull_request_merged,TRUE,sa,0,-0.228549340200923,0.170402069762459,-0.562537396935342,0.105438716533496
opened_cohort,important_degree_top3,rolling5,exact_1_2,nevertreated,pc_score,problem_solving_routines_pc_score,high,github_outcomes,pull_request_merged,TRUE,sa,1,-0.840246797674157,0.261755033658601,-1.35328666364501,-0.3272069317033
opened_cohort,important_degree_top3,rolling5,exact_1_2,nevertreated,pc_score,problem_solving_routines_pc_score,high,github_outcomes,pull_request_merged,TRUE,sa,2,-0.889130358463201,0.395236778998832,-1.66379444530091,-0.11446627162549
opened_cohort,important_degree_top3,rolling5,exact_1_2,nevertreated,pc_score,problem_solving_routines_pc_score,high,github_outcomes,pull_request_merged,TRUE,sa,3,-1.08813885524421,0.507669950184542,-2.08317195760591,-0.093105752882503
opened_cohort,important_degree_top3,rolling5,exact_1_2,nevertreated,pc_score,problem_solving_routines_pc_score,high,github_outcomes,pull_request_merged,TRUE,sa,4,-1.31190615545166,0.779197448450918,-2.83913315441546,0.215320843512134
opened_cohort,important_degree_top3,rolling5,exact_1_2,nevertreated,pc_score,problem_solving_routines_pc_score,high,github_outcomes,pull_request_merged,TRUE,sa,5,-1.46885394865299,0.892134133452456,-3.2174368502198,0.279728952913829
opened_cohort,important_degree_top3,rolling5,exact_1_2,nevertreated,pc_score,problem_solving_routines_pc_score,high,github_outcomes,pull_request_merged,TRUE,sa,6,-1.7203297724995,0.931298541796049,-3.54567491441976,0.10501536942075
opened_cohort,important_degree_top3,rolling5,exact_1_2,nevertreated,pc_score,problem_solving_routines_pc_score,high,github_outcomes,pull_request_merged,TRUE,sa,7,-1.78068180356565,1.13328952876586,-4.00192927994673,0.440565672815437
opened_cohort,important_degree_top3,rolling5,exact_1_2,nevertreated,pc_score,problem_solving_routines_pc_score,high,github_outcomes,pull_request_merged,TRUE,sa,8,-1.68408106035549,1.16265587073202,-3.96288656699025,0.594724446279277
opened_cohort,important_degree_top3,rolling5,exact_1_2,nevertreated,pc_score,problem_solving_routines_pc_score,high,github_outcomes,pull_request_merged,TRUE,sa,9,-1.98363401416152,1.26229624271041,-4.45773464987393,0.490466621550884
opened_cohort,important_degree_top3,rolling5,exact_1_2,nevertreated,pc_score,problem_solving_routines_pc_score,high,github_outcomes,pull_request_merged,TRUE,sa,10,-1.86569255234678,1.26728177742941,-4.34956483610843,0.618179731414857
opened_cohort,important_degree_top3,rolling5,exact_1_2,nevertreated,pc_score,problem_solving_routines_pc_score,high,github_outcomes,pull_request_merged,TRUE,sa,11,-2.54312366033265,1.30056995314708,-5.09224076850093,0.00599344783563494
opened_cohort,important_degree_top3,rolling5,exact_1_2,nevertreated,pc_score,collaboration_pc_score,low,github_outcomes,pull_request_merged,FALSE,sa,-15,1.51855454651977,2.98249183767555,-4.3271294553243,7.36423854836384
opened_cohort,important_degree_top3,rolling5,exact_1_2,nevertreated,pc_score,collaboration_pc_score,low,github_outcomes,pull_request_merged,FALSE,sa,-14,-0.693615235645782,3.00090600565514,-6.57539100672986,5.1881605354383
opened_cohort,important_degree_top3,rolling5,exact_1_2,nevertreated,pc_score,collaboration_pc_score,low,github_outcomes,pull_request_merged,FALSE,sa,-13,1.40862351639534,3.0454675442309,-4.56049287029722,7.3777399030879
opened_cohort,important_degree_top3,rolling5,exact_1_2,nevertreated,pc_score,collaboration_pc_score,low,github_outcomes,pull_request_merged,FALSE,sa,-12,1.70647534513644,2.7116609236989,-3.60838006531341,7.02133075558629
opened_cohort,important_degree_top3,rolling5,exact_1_2,nevertreated,pc_score,collaboration_pc_score,low,github_outcomes,pull_request_merged,FALSE,sa,-11,2.05439909384736,2.68431605200151,-3.2068603680756,7.31565855577033
opened_cohort,important_degree_top3,rolling5,exact_1_2,nevertreated,pc_score,collaboration_pc_score,low,github_outcomes,pull_request_merged,FALSE,sa,-10,2.35313458600926,2.64298592615473,-2.82711782925401,7.53338700127253
opened_cohort,important_degree_top3,rolling5,exact_1_2,nevertreated,pc_score,collaboration_pc_score,low,github_outcomes,pull_request_merged,FALSE,sa,-9,2.37957550327972,2.55395375557247,-2.62617385764232,7.38532486420176
opened_cohort,important_degree_top3,rolling5,exact_1_2,nevertreated,pc_score,collaboration_pc_score,low,github_outcomes,pull_request_merged,FALSE,sa,-8,1.8211895126146,2.43915220197208,-2.95954880325068,6.60192782847989
opened_cohort,important_degree_top3,rolling5,exact_1_2,nevertreated,pc_score,collaboration_pc_score,low,github_outcomes,pull_request_merged,FALSE,sa,-7,2.48933872856263,2.35426446781446,-2.1250196283537,7.10369708547896
opened_cohort,important_degree_top3,rolling5,exact_1_2,nevertreated,pc_score,collaboration_pc_score,low,github_outcomes,pull_request_merged,FALSE,sa,-6,2.33473126832095,2.40277696114892,-2.37471157553094,7.04417411217285
opened_cohort,important_degree_top3,rolling5,exact_1_2,nevertreated,pc_score,collaboration_pc_score,low,github_outcomes,pull_request_merged,FALSE,sa,-5,0.716252547236076,1.96089582808389,-3.12710327580835,4.55960837028051
opened_cohort,important_degree_top3,rolling5,exact_1_2,nevertreated,pc_score,collaboration_pc_score,low,github_outcomes,pull_request_merged,FALSE,sa,-4,0.635498100259173,1.79333246030303,-2.87943352193477,4.15042972245311
opened_cohort,important_degree_top3,rolling5,exact_1_2,nevertreated,pc_score,collaboration_pc_score,low,github_outcomes,pull_request_merged,FALSE,sa,-3,0.30641973206096,1.30356000376064,-2.2485578753099,2.86139733943182
opened_cohort,important_degree_top3,rolling5,exact_1_2,nevertreated,pc_score,collaboration_pc_score,low,github_outcomes,pull_request_merged,FALSE,sa,-2,1.7134153401329,0.949744778134285,-0.148084425010298,3.5749151052761
opened_cohort,important_degree_top3,rolling5,exact_1_2,nevertreated,pc_score,collaboration_pc_score,low,github_outcomes,pull_request_merged,FALSE,sa,-1,0,0,0,0
opened_cohort,important_degree_top3,rolling5,exact_1_2,nevertreated,pc_score,collaboration_pc_score,low,github_outcomes,pull_request_merged,FALSE,sa,0,-0.96791271290369,0.928373115691792,-2.7875240196596,0.851698593852222
opened_cohort,important_degree_top3,rolling5,exact_1_2,nevertreated,pc_score,collaboration_pc_score,low,github_outcomes,pull_request_merged,FALSE,sa,1,-2.31526001687955,1.3495560227628,-4.96038982149462,0.329869787735534
opened_cohort,important_degree_top3,rolling5,exact_1_2,nevertreated,pc_score,collaboration_pc_score,low,github_outcomes,pull_request_merged,FALSE,sa,2,-3.16759708806847,1.63333214109855,-6.36892808462164,0.0337339084846877
opened_cohort,important_degree_top3,rolling5,exact_1_2,nevertreated,pc_score,collaboration_pc_score,low,github_outcomes,pull_request_merged,FALSE,sa,3,-3.18273908217035,1.97925946095301,-7.06208762563825,0.696609461297551
opened_cohort,important_degree_top3,rolling5,exact_1_2,nevertreated,pc_score,collaboration_pc_score,low,github_outcomes,pull_request_merged,FALSE,sa,4,-4.23195906415386,2.63875127759428,-9.40391156823865,0.939993439930939
opened_cohort,important_degree_top3,rolling5,exact_1_2,nevertreated,pc_score,collaboration_pc_score,low,github_outcomes,pull_request_merged,FALSE,sa,5,-4.61372583230405,3.0416354282092,-10.5753312715941,1.34787960698598
opened_cohort,important_degree_top3,rolling5,exact_1_2,nevertreated,pc_score,collaboration_pc_score,low,github_outcomes,pull_request_merged,FALSE,sa,6,-4.11093996592245,3.25234613944267,-10.4855383992301,2.26365846738518
opened_cohort,important_degree_top3,rolling5,exact_1_2,nevertreated,pc_score,collaboration_pc_score,low,github_outcomes,pull_request_merged,FALSE,sa,7,-3.43686517334154,3.91321090339573,-11.1067585439972,4.2330281973141
opened_cohort,important_degree_top3,rolling5,exact_1_2,nevertreated,pc_score,collaboration_pc_score,low,github_outcomes,pull_request_merged,FALSE,sa,8,-2.00295016957111,4.02089026667607,-9.88389509225621,5.87799475311399
opened_cohort,important_degree_top3,rolling5,exact_1_2,nevertreated,pc_score,collaboration_pc_score,low,github_outcomes,pull_request_merged,FALSE,sa,9,0.383922575826547,4.73345767176324,-8.8936544608294,9.66149961248249
opened_cohort,important_degree_top3,rolling5,exact_1_2,nevertreated,pc_score,collaboration_pc_score,low,github_outcomes,pull_request_merged,FALSE,sa,10,-0.573450779858563,5.03844972711793,-10.4488122450097,9.30191068529259
opened_cohort,important_degree_top3,rolling5,exact_1_2,nevertreated,pc_score,collaboration_pc_score,low,github_outcomes,pull_request_merged,FALSE,sa,11,1.74676845613916,5.05148858861378,-8.15414917754385,11.6476860898222
opened_cohort,important_degree_top3,rolling5,exact_1_2,nevertreated,pc_score,collaboration_pc_score,high,github_outcomes,pull_request_merged,FALSE,sa,-15,-0.268137998785478,4.04479363807746,-8.1959335294173,7.65965753184635
opened_cohort,important_degree_top3,rolling5,exact_1_2,nevertreated,pc_score,collaboration_pc_score,high,github_outcomes,pull_request_merged,FALSE,sa,-14,5.96181809746109,5.48049301206847,-4.77994820619312,16.7035844011153
opened_cohort,important_degree_top3,rolling5,exact_1_2,nevertreated,pc_score,collaboration_pc_score,high,github_outcomes,pull_request_merged,FALSE,sa,-13,2.41712387931791,5.11307971663728,-7.60451236529115,12.438760123927
opened_cohort,important_degree_top3,rolling5,exact_1_2,nevertreated,pc_score,collaboration_pc_score,high,github_outcomes,pull_request_merged,FALSE,sa,-12,0.709521526830726,3.7684473338806,-6.67663524757525,8.0956783012367
opened_cohort,important_degree_top3,rolling5,exact_1_2,nevertreated,pc_score,collaboration_pc_score,high,github_outcomes,pull_request_merged,FALSE,sa,-11,1.57223618121853,3.91177219436655,-6.0948373197399,9.23930968217697
opened_cohort,important_degree_top3,rolling5,exact_1_2,nevertreated,pc_score,collaboration_pc_score,high,github_outcomes,pull_request_merged,FALSE,sa,-10,3.96358070226346,3.56612699637875,-3.02602821063888,10.9531896151658
opened_cohort,important_degree_top3,rolling5,exact_1_2,nevertreated,pc_score,collaboration_pc_score,high,github_outcomes,pull_request_merged,FALSE,sa,-9,3.11021700763286,3.40697408092264,-3.56745219097551,9.78788620624123
opened_cohort,important_degree_top3,rolling5,exact_1_2,nevertreated,pc_score,collaboration_pc_score,high,github_outcomes,pull_request_merged,FALSE,sa,-8,4.24427603827394,2.99127171204183,-1.61861651732804,10.1071685938759
opened_cohort,important_degree_top3,rolling5,exact_1_2,nevertreated,pc_score,collaboration_pc_score,high,github_outcomes,pull_request_merged,FALSE,sa,-7,2.05358971755075,2.8350359440593,-3.50308073280548,7.61026016790699
opened_cohort,important_degree_top3,rolling5,exact_1_2,nevertreated,pc_score,collaboration_pc_score,high,github_outcomes,pull_request_merged,FALSE,sa,-6,1.25269601741988,2.4202230842218,-3.49094122765485,5.99633326249462
opened_cohort,important_degree_top3,rolling5,exact_1_2,nevertreated,pc_score,collaboration_pc_score,high,github_outcomes,pull_request_merged,FALSE,sa,-5,1.72726686428187,1.95564097376813,-2.10578944430367,5.56032317286741
opened_cohort,important_degree_top3,rolling5,exact_1_2,nevertreated,pc_score,collaboration_pc_score,high,github_outcomes,pull_request_merged,FALSE,sa,-4,1.48711090227351,1.62975925207372,-1.70721723179098,4.681439036338
opened_cohort,important_degree_top3,rolling5,exact_1_2,nevertreated,pc_score,collaboration_pc_score,high,github_outcomes,pull_request_merged,FALSE,sa,-3,0.857523505971063,1.4073932266648,-1.90096721829195,3.61601423023407
opened_cohort,important_degree_top3,rolling5,exact_1_2,nevertreated,pc_score,collaboration_pc_score,high,github_outcomes,pull_request_merged,FALSE,sa,-2,2.05936804108186,0.717454454111922,0.653157311022496,3.46557877114123
opened_cohort,important_degree_top3,rolling5,exact_1_2,nevertreated,pc_score,collaboration_pc_score,high,github_outcomes,pull_request_merged,FALSE,sa,-1,0,0,0,0
opened_cohort,important_degree_top3,rolling5,exact_1_2,nevertreated,pc_score,collaboration_pc_score,high,github_outcomes,pull_request_merged,FALSE,sa,0,-1.24471703451017,0.904795881095648,-3.01811696145764,0.528682892437301
opened_cohort,important_degree_top3,rolling5,exact_1_2,nevertreated,pc_score,collaboration_pc_score,high,github_outcomes,pull_request_merged,FALSE,sa,1,-0.733342637938294,1.3000798849602,-3.28149921246029,1.8148139365837
opened_cohort,important_degree_top3,rolling5,exact_1_2,nevertreated,pc_score,collaboration_pc_score,high,github_outcomes,pull_request_merged,FALSE,sa,2,0.161325194229522,1.79335524592891,-3.35365108779113,3.67630147625018
opened_cohort,important_degree_top3,rolling5,exact_1_2,nevertreated,pc_score,collaboration_pc_score,high,github_outcomes,pull_request_merged,FALSE,sa,3,0.0944659022057398,2.30380023930439,-4.42098256683086,4.60991437124234
opened_cohort,important_degree_top3,rolling5,exact_1_2,nevertreated,pc_score,collaboration_pc_score,high,github_outcomes,pull_request_merged,FALSE,sa,4,1.05936958405023,2.75397657265108,-4.33842449834589,6.45716366644636
opened_cohort,important_degree_top3,rolling5,exact_1_2,nevertreated,pc_score,collaboration_pc_score,high,github_outcomes,pull_request_merged,FALSE,sa,5,2.33843361212739,3.24419592347496,-4.02019039788353,8.69705762213831
opened_cohort,important_degree_top3,rolling5,exact_1_2,nevertreated,pc_score,collaboration_pc_score,high,github_outcomes,pull_request_merged,FALSE,sa,6,2.92799885865126,3.92486477436045,-4.76473609909522,10.6207338163977
opened_cohort,important_degree_top3,rolling5,exact_1_2,nevertreated,pc_score,collaboration_pc_score,high,github_outcomes,pull_request_merged,FALSE,sa,7,6.28546135774218,4.80489326907074,-3.13212944963647,15.7030521651208
opened_cohort,important_degree_top3,rolling5,exact_1_2,nevertreated,pc_score,collaboration_pc_score,high,github_outcomes,pull_request_merged,FALSE,sa,8,10.0009041143477,6.0176461803429,-1.79368239912438,21.7954906278198
opened_cohort,important_degree_top3,rolling5,exact_1_2,nevertreated,pc_score,collaboration_pc_score,high,github_outcomes,pull_request_merged,FALSE,sa,9,8.95073069411755,4.62305756310976,-0.110462129577581,18.0119235178127
opened_cohort,important_degree_top3,rolling5,exact_1_2,nevertreated,pc_score,collaboration_pc_score,high,github_outcomes,pull_request_merged,FALSE,sa,10,5.39209822542691,3.69960291338433,-1.85912348480639,12.6433199356602
opened_cohort,important_degree_top3,rolling5,exact_1_2,nevertreated,pc_score,collaboration_pc_score,high,github_outcomes,pull_request_merged,FALSE,sa,11,6.31620689488184,3.48536474712805,-0.51510800948914,13.1475217992528
opened_cohort,important_degree_top3,rolling5,exact_1_2,nevertreated,pc_score,knowledge_level_pc_score,low,github_outcomes,pull_request_merged,FALSE,sa,-15,4.49155205510848,3.66681957104312,-2.69541430413604,11.678518414353
opened_cohort,important_degree_top3,rolling5,exact_1_2,nevertreated,pc_score,knowledge_level_pc_score,low,github_outcomes,pull_request_merged,FALSE,sa,-14,0.322785326276017,3.69278167735937,-6.91506676134835,7.56063741390039
opened_cohort,important_degree_top3,rolling5,exact_1_2,nevertreated,pc_score,knowledge_level_pc_score,low,github_outcomes,pull_request_merged,FALSE,sa,-13,1.77374736838406,4.01188889715746,-6.08955487004456,9.63704960681268
opened_cohort,important_degree_top3,rolling5,exact_1_2,nevertreated,pc_score,knowledge_level_pc_score,low,github_outcomes,pull_request_merged,FALSE,sa,-12,1.56166957372959,3.47673974778978,-5.25274033193837,8.37607947939755
opened_cohort,important_degree_top3,rolling5,exact_1_2,nevertreated,pc_score,knowledge_level_pc_score,low,github_outcomes,pull_request_merged,FALSE,sa,-11,3.27806404653944,3.38969713137189,-3.36574233094945,9.92187042402834
opened_cohort,important_degree_top3,rolling5,exact_1_2,nevertreated,pc_score,knowledge_level_pc_score,low,github_outcomes,pull_request_merged,FALSE,sa,-10,4.22756259684066,3.08142538569064,-1.81203115911299,10.2671563527943
opened_cohort,important_degree_top3,rolling5,exact_1_2,nevertreated,pc_score,knowledge_level_pc_score,low,github_outcomes,pull_request_merged,FALSE,sa,-9,3.93521829054701,2.89537215604323,-1.73971113529773,9.61014771639174
opened_cohort,important_degree_top3,rolling5,exact_1_2,nevertreated,pc_score,knowledge_level_pc_score,low,github_outcomes,pull_request_merged,FALSE,sa,-8,4.38169988122568,2.70321234773963,-0.916596320344005,9.67999608279536
opened_cohort,important_degree_top3,rolling5,exact_1_2,nevertreated,pc_score,knowledge_level_pc_score,low,github_outcomes,pull_request_merged,FALSE,sa,-7,5.15852273810305,2.48400001074208,0.28988271704858,10.0271627591575
opened_cohort,important_degree_top3,rolling5,exact_1_2,nevertreated,pc_score,knowledge_level_pc_score,low,github_outcomes,pull_request_merged,FALSE,sa,-6,5.12696532385914,2.61754143405935,-0.00341588689718897,10.2573465346155
opened_cohort,important_degree_top3,rolling5,exact_1_2,nevertreated,pc_score,knowledge_level_pc_score,low,github_outcomes,pull_request_merged,FALSE,sa,-5,3.36190551027833,1.96435103136899,-0.488222511204899,7.21203353176155
opened_cohort,important_degree_top3,rolling5,exact_1_2,nevertreated,pc_score,knowledge_level_pc_score,low,github_outcomes,pull_request_merged,FALSE,sa,-4,2.2006042373491,1.67233899952249,-1.07718020171498,5.47838867641318
opened_cohort,important_degree_top3,rolling5,exact_1_2,nevertreated,pc_score,knowledge_level_pc_score,low,github_outcomes,pull_request_merged,FALSE,sa,-3,0.460690480904951,1.15601900586073,-1.80510677058207,2.72648773239197
opened_cohort,important_degree_top3,rolling5,exact_1_2,nevertreated,pc_score,knowledge_level_pc_score,low,github_outcomes,pull_request_merged,FALSE,sa,-2,1.97382453268462,0.944853475878292,0.121911719963165,3.82573734540607
opened_cohort,important_degree_top3,rolling5,exact_1_2,nevertreated,pc_score,knowledge_level_pc_score,low,github_outcomes,pull_request_merged,FALSE,sa,-1,0,0,0,0
opened_cohort,important_degree_top3,rolling5,exact_1_2,nevertreated,pc_score,knowledge_level_pc_score,low,github_outcomes,pull_request_merged,FALSE,sa,0,-1.35213610610458,0.912422259814592,-3.14048373534118,0.436211523132023
opened_cohort,important_degree_top3,rolling5,exact_1_2,nevertreated,pc_score,knowledge_level_pc_score,low,github_outcomes,pull_request_merged,FALSE,sa,1,-0.55758107847106,1.17055763488115,-2.85187404283811,1.736711885896
opened_cohort,important_degree_top3,rolling5,exact_1_2,nevertreated,pc_score,knowledge_level_pc_score,low,github_outcomes,pull_request_merged,FALSE,sa,2,0.0313901199730779,1.34876268056739,-2.61218473393901,2.67496497388517
opened_cohort,important_degree_top3,rolling5,exact_1_2,nevertreated,pc_score,knowledge_level_pc_score,low,github_outcomes,pull_request_merged,FALSE,sa,3,-0.287192492515262,1.60624833501386,-3.43543922914243,2.8610542441119
opened_cohort,important_degree_top3,rolling5,exact_1_2,nevertreated,pc_score,knowledge_level_pc_score,low,github_outcomes,pull_request_merged,FALSE,sa,4,0.657721370959449,1.78510422778158,-2.84108291549244,4.15652565741134
opened_cohort,important_degree_top3,rolling5,exact_1_2,nevertreated,pc_score,knowledge_level_pc_score,low,github_outcomes,pull_request_merged,FALSE,sa,5,0.932044014233238,1.83575169456239,-2.66602930710905,4.53011733557553
opened_cohort,important_degree_top3,rolling5,exact_1_2,nevertreated,pc_score,knowledge_level_pc_score,low,github_outcomes,pull_request_merged,FALSE,sa,6,1.66708506550141,2.06013903231341,-2.37078743783287,5.7049575688357
opened_cohort,important_degree_top3,rolling5,exact_1_2,nevertreated,pc_score,knowledge_level_pc_score,low,github_outcomes,pull_request_merged,FALSE,sa,7,4.34233927626559,2.25527342734951,-0.0779966413394568,8.76267519387063
opened_cohort,important_degree_top3,rolling5,exact_1_2,nevertreated,pc_score,knowledge_level_pc_score,low,github_outcomes,pull_request_merged,FALSE,sa,8,7.3131320689131,2.38431856561965,2.63986768029858,11.9863964575276
opened_cohort,important_degree_top3,rolling5,exact_1_2,nevertreated,pc_score,knowledge_level_pc_score,low,github_outcomes,pull_request_merged,FALSE,sa,9,8.94827715123105,2.51943379875217,4.0101869056768,13.8863673967853
opened_cohort,important_degree_top3,rolling5,exact_1_2,nevertreated,pc_score,knowledge_level_pc_score,low,github_outcomes,pull_request_merged,FALSE,sa,10,5.42631612308138,2.99548968351166,-0.444843656601474,11.2974759027642
opened_cohort,important_degree_top3,rolling5,exact_1_2,nevertreated,pc_score,knowledge_level_pc_score,low,github_outcomes,pull_request_merged,FALSE,sa,11,5.6047044235998,4.21569576703691,-2.65805927979254,13.8674681269921
opened_cohort,important_degree_top3,rolling5,exact_1_2,nevertreated,pc_score,knowledge_level_pc_score,high,github_outcomes,pull_request_merged,FALSE,sa,-15,-0.892677026869853,4.87351633085691,-10.4447690353494,8.65941498160968
opened_cohort,important_degree_top3,rolling5,exact_1_2,nevertreated,pc_score,knowledge_level_pc_score,high,github_outcomes,pull_request_merged,FALSE,sa,-14,-0.598773911145972,7.98708400897654,-16.25345856874,15.055910746448
opened_cohort,important_degree_top3,rolling5,exact_1_2,nevertreated,pc_score,knowledge_level_pc_score,high,github_outcomes,pull_request_merged,FALSE,sa,-13,0.76740127072644,5.92196964371435,-10.8396592309537,12.3744617724066
opened_cohort,important_degree_top3,rolling5,exact_1_2,nevertreated,pc_score,knowledge_level_pc_score,high,github_outcomes,pull_request_merged,FALSE,sa,-12,0.240474338268506,4.55922415116097,-8.695604998007,9.17655367454401
opened_cohort,important_degree_top3,rolling5,exact_1_2,nevertreated,pc_score,knowledge_level_pc_score,high,github_outcomes,pull_request_merged,FALSE,sa,-11,-0.0978230048159332,4.75675337230305,-9.42105961452991,9.22541360489805
opened_cohort,important_degree_top3,rolling5,exact_1_2,nevertreated,pc_score,knowledge_level_pc_score,high,github_outcomes,pull_request_merged,FALSE,sa,-10,1.52780432877208,4.38621758261532,-7.06918213315395,10.1247907906981
opened_cohort,important_degree_top3,rolling5,exact_1_2,nevertreated,pc_score,knowledge_level_pc_score,high,github_outcomes,pull_request_merged,FALSE,sa,-9,1.23137983731512,3.90455088131557,-6.4215398900634,8.88429956469363
opened_cohort,important_degree_top3,rolling5,exact_1_2,nevertreated,pc_score,knowledge_level_pc_score,high,github_outcomes,pull_request_merged,FALSE,sa,-8,1.2038506928161,3.37534200031669,-5.41181962780461,7.81952101343681
opened_cohort,important_degree_top3,rolling5,exact_1_2,nevertreated,pc_score,knowledge_level_pc_score,high,github_outcomes,pull_request_merged,FALSE,sa,-7,1.10109862614751,2.9943796293352,-4.76788544734949,6.97008269964451
opened_cohort,important_degree_top3,rolling5,exact_1_2,nevertreated,pc_score,knowledge_level_pc_score,high,github_outcomes,pull_request_merged,FALSE,sa,-6,0.361287455611473,2.42798444330296,-4.39756205326233,5.12013696448528
opened_cohort,important_degree_top3,rolling5,exact_1_2,nevertreated,pc_score,knowledge_level_pc_score,high,github_outcomes,pull_request_merged,FALSE,sa,-5,0.658193378450536,1.95577579007487,-3.17512717009622,4.49151392699729
opened_cohort,important_degree_top3,rolling5,exact_1_2,nevertreated,pc_score,knowledge_level_pc_score,high,github_outcomes,pull_request_merged,FALSE,sa,-4,0.982454375488152,1.68956120701652,-2.32908559026422,4.29399434124053
opened_cohort,important_degree_top3,rolling5,exact_1_2,nevertreated,pc_score,knowledge_level_pc_score,high,github_outcomes,pull_request_merged,FALSE,sa,-3,1.08439831857318,1.41565477512448,-1.6902850406708,3.85908167781716
opened_cohort,important_degree_top3,rolling5,exact_1_2,nevertreated,pc_score,knowledge_level_pc_score,high,github_outcomes,pull_request_merged,FALSE,sa,-2,1.61646631808724,0.819674089196622,0.00990510326186622,3.22302753291262
opened_cohort,important_degree_top3,rolling5,exact_1_2,nevertreated,pc_score,knowledge_level_pc_score,high,github_outcomes,pull_request_merged,FALSE,sa,-1,0,0,0,0
opened_cohort,important_degree_top3,rolling5,exact_1_2,nevertreated,pc_score,knowledge_level_pc_score,high,github_outcomes,pull_request_merged,FALSE,sa,0,-0.929617194714552,0.989187575515529,-2.86842484272499,1.00919045329589
opened_cohort,important_degree_top3,rolling5,exact_1_2,nevertreated,pc_score,knowledge_level_pc_score,high,github_outcomes,pull_request_merged,FALSE,sa,1,-2.5394125927408,1.77949605750653,-6.02722486545359,0.948399679971999
opened_cohort,important_degree_top3,rolling5,exact_1_2,nevertreated,pc_score,knowledge_level_pc_score,high,github_outcomes,pull_request_merged,FALSE,sa,2,-3.16568344616846,2.5608416656141,-8.1849331107721,1.85356621843519
opened_cohort,important_degree_top3,rolling5,exact_1_2,nevertreated,pc_score,knowledge_level_pc_score,high,github_outcomes,pull_request_merged,FALSE,sa,3,-2.60615070584053,3.1349617015222,-8.75067564082404,3.53837422914297
opened_cohort,important_degree_top3,rolling5,exact_1_2,nevertreated,pc_score,knowledge_level_pc_score,high,github_outcomes,pull_request_merged,FALSE,sa,4,-3.23552947910529,3.80305806952999,-10.6895232953841,4.21846433717349
opened_cohort,important_degree_top3,rolling5,exact_1_2,nevertreated,pc_score,knowledge_level_pc_score,high,github_outcomes,pull_request_merged,FALSE,sa,5,-2.2494543889042,4.18045699191072,-10.4431500930492,5.94424131524081
opened_cohort,important_degree_top3,rolling5,exact_1_2,nevertreated,pc_score,knowledge_level_pc_score,high,github_outcomes,pull_request_merged,FALSE,sa,6,-1.4467577384662,4.88809963081401,-11.0274330148616,8.13391753792926
opened_cohort,important_degree_top3,rolling5,exact_1_2,nevertreated,pc_score,knowledge_level_pc_score,high,github_outcomes,pull_request_merged,FALSE,sa,7,0.828062260493102,5.86908510367192,-10.6753445427039,12.3314690636901
opened_cohort,important_degree_top3,rolling5,exact_1_2,nevertreated,pc_score,knowledge_level_pc_score,high,github_outcomes,pull_request_merged,FALSE,sa,8,3.00927069356136,7.1164291700969,-10.9389304798286,16.9574718669513
opened_cohort,important_degree_top3,rolling5,exact_1_2,nevertreated,pc_score,knowledge_level_pc_score,high,github_outcomes,pull_request_merged,FALSE,sa,9,1.8638223773717,6.31239104650352,-10.5084640737752,14.2361088285186
opened_cohort,important_degree_top3,rolling5,exact_1_2,nevertreated,pc_score,knowledge_level_pc_score,high,github_outcomes,pull_request_merged,FALSE,sa,10,-0.78772818377321,5.31764723149087,-11.2103167574953,9.63486038994889
opened_cohort,important_degree_top3,rolling5,exact_1_2,nevertreated,pc_score,knowledge_level_pc_score,high,github_outcomes,pull_request_merged,FALSE,sa,11,1.3815002718777,4.9752000282333,-8.36989178345957,11.132892327215
opened_cohort,important_degree_top3,rolling5,exact_1_2,nevertreated,pc_score,discussion_quality_pc_score,low,github_outcomes,pull_request_merged,FALSE,sa,-15,3.18870039154919,3.72836739424009,-4.11889970116138,10.4963004842598
opened_cohort,important_degree_top3,rolling5,exact_1_2,nevertreated,pc_score,discussion_quality_pc_score,low,github_outcomes,pull_request_merged,FALSE,sa,-14,0.0715414689256372,4.53612850783145,-8.81927040642401,8.96235334427528
opened_cohort,important_degree_top3,rolling5,exact_1_2,nevertreated,pc_score,discussion_quality_pc_score,low,github_outcomes,pull_request_merged,FALSE,sa,-13,5.59722780903393,4.23202729683329,-2.69754569275933,13.8920013108272
opened_cohort,important_degree_top3,rolling5,exact_1_2,nevertreated,pc_score,discussion_quality_pc_score,low,github_outcomes,pull_request_merged,FALSE,sa,-12,3.81576445896793,3.48097008672919,-3.0069369110213,10.6384658289571
opened_cohort,important_degree_top3,rolling5,exact_1_2,nevertreated,pc_score,discussion_quality_pc_score,low,github_outcomes,pull_request_merged,FALSE,sa,-11,3.1294758673316,3.66294050505199,-4.0498875225703,10.3088392572335
opened_cohort,important_degree_top3,rolling5,exact_1_2,nevertreated,pc_score,discussion_quality_pc_score,low,github_outcomes,pull_request_merged,FALSE,sa,-10,5.25255999502629,3.4342154518087,-1.47850229051876,11.9836222805713
opened_cohort,important_degree_top3,rolling5,exact_1_2,nevertreated,pc_score,discussion_quality_pc_score,low,github_outcomes,pull_request_merged,FALSE,sa,-9,4.64489854280185,3.13550917672261,-1.50069944357445,10.7904965291782
opened_cohort,important_degree_top3,rolling5,exact_1_2,nevertreated,pc_score,discussion_quality_pc_score,low,github_outcomes,pull_request_merged,FALSE,sa,-8,4.49094240460141,2.96727428629736,-1.32491519654143,10.3068000057442
opened_cohort,important_degree_top3,rolling5,exact_1_2,nevertreated,pc_score,discussion_quality_pc_score,low,github_outcomes,pull_request_merged,FALSE,sa,-7,3.54740620660066,2.84154224610044,-2.0220165957562,9.11682900895752
opened_cohort,important_degree_top3,rolling5,exact_1_2,nevertreated,pc_score,discussion_quality_pc_score,low,github_outcomes,pull_request_merged,FALSE,sa,-6,2.29165427778272,2.64460169809111,-2.89176505047584,7.47507360604129
opened_cohort,important_degree_top3,rolling5,exact_1_2,nevertreated,pc_score,discussion_quality_pc_score,low,github_outcomes,pull_request_merged,FALSE,sa,-5,2.36416647387014,2.01244301998665,-1.5802218453037,6.30855479304397
opened_cohort,important_degree_top3,rolling5,exact_1_2,nevertreated,pc_score,discussion_quality_pc_score,low,github_outcomes,pull_request_merged,FALSE,sa,-4,1.86381881147531,1.8088589432665,-1.68154471732703,5.40918234027766
opened_cohort,important_degree_top3,rolling5,exact_1_2,nevertreated,pc_score,discussion_quality_pc_score,low,github_outcomes,pull_request_merged,FALSE,sa,-3,0.122570697654975,1.30871916005092,-2.44251885604482,2.68766025135477
opened_cohort,important_degree_top3,rolling5,exact_1_2,nevertreated,pc_score,discussion_quality_pc_score,low,github_outcomes,pull_request_merged,FALSE,sa,-2,2.48823628558609,1.00938687714607,0.509838006379797,4.46663456479238
opened_cohort,important_degree_top3,rolling5,exact_1_2,nevertreated,pc_score,discussion_quality_pc_score,low,github_outcomes,pull_request_merged,FALSE,sa,-1,0,0,0,0
opened_cohort,important_degree_top3,rolling5,exact_1_2,nevertreated,pc_score,discussion_quality_pc_score,low,github_outcomes,pull_request_merged,FALSE,sa,0,-2.36693264479805,1.11351165341316,-4.54941548548785,-0.184449804108256
opened_cohort,important_degree_top3,rolling5,exact_1_2,nevertreated,pc_score,discussion_quality_pc_score,low,github_outcomes,pull_request_merged,FALSE,sa,1,-3.2197912383038,1.87138976417688,-6.88771517609048,0.448132699482874
opened_cohort,important_degree_top3,rolling5,exact_1_2,nevertreated,pc_score,discussion_quality_pc_score,low,github_outcomes,pull_request_merged,FALSE,sa,2,-4.1068602984376,2.29725810125471,-8.60948617689683,0.395765580021639
opened_cohort,important_degree_top3,rolling5,exact_1_2,nevertreated,pc_score,discussion_quality_pc_score,low,github_outcomes,pull_request_merged,FALSE,sa,3,-3.59292857823852,2.76141809696174,-9.00530804828354,1.8194508918065
opened_cohort,important_degree_top3,rolling5,exact_1_2,nevertreated,pc_score,discussion_quality_pc_score,low,github_outcomes,pull_request_merged,FALSE,sa,4,-3.68826371316391,3.27689101589027,-10.1109701043088,2.73444267798102
opened_cohort,important_degree_top3,rolling5,exact_1_2,nevertreated,pc_score,discussion_quality_pc_score,low,github_outcomes,pull_request_merged,FALSE,sa,5,-3.19990061206998,3.65238688613664,-10.3585789088978,3.95877768475783
opened_cohort,important_degree_top3,rolling5,exact_1_2,nevertreated,pc_score,discussion_quality_pc_score,low,github_outcomes,pull_request_merged,FALSE,sa,6,-1.90428549630444,3.99556318423773,-9.73558933741038,5.9270183448015
opened_cohort,important_degree_top3,rolling5,exact_1_2,nevertreated,pc_score,discussion_quality_pc_score,low,github_outcomes,pull_request_merged,FALSE,sa,7,0.688309145060126,4.95396521527062,-9.02146267687029,10.3980809669905
opened_cohort,important_degree_top3,rolling5,exact_1_2,nevertreated,pc_score,discussion_quality_pc_score,low,github_outcomes,pull_request_merged,FALSE,sa,8,3.99106849733107,5.91738479147752,-7.60700569396487,15.589142688627
opened_cohort,important_degree_top3,rolling5,exact_1_2,nevertreated,pc_score,discussion_quality_pc_score,low,github_outcomes,pull_request_merged,FALSE,sa,9,3.69788159777389,6.03395453733631,-8.12866929540529,15.5244324909531
opened_cohort,important_degree_top3,rolling5,exact_1_2,nevertreated,pc_score,discussion_quality_pc_score,low,github_outcomes,pull_request_merged,FALSE,sa,10,-1.35377420889678,6.92474129096977,-14.9262671391975,12.218718721404
opened_cohort,important_degree_top3,rolling5,exact_1_2,nevertreated,pc_score,discussion_quality_pc_score,low,github_outcomes,pull_request_merged,FALSE,sa,11,-3.95492365486088,11.4997585979341,-26.4944505068117,18.5846031970899
opened_cohort,important_degree_top3,rolling5,exact_1_2,nevertreated,pc_score,discussion_quality_pc_score,high,github_outcomes,pull_request_merged,FALSE,sa,-15,-1.4402240826946,4.46102449375868,-10.1838320904616,7.30338392507241
opened_cohort,important_degree_top3,rolling5,exact_1_2,nevertreated,pc_score,discussion_quality_pc_score,high,github_outcomes,pull_request_merged,FALSE,sa,-14,1.14410583284238,8.12387271425465,-14.7786846870967,17.0668963527815
opened_cohort,important_degree_top3,rolling5,exact_1_2,nevertreated,pc_score,discussion_quality_pc_score,high,github_outcomes,pull_request_merged,FALSE,sa,-13,-0.866229702406598,5.38462611068608,-11.4200968793513,9.68763747453811
opened_cohort,important_degree_top3,rolling5,exact_1_2,nevertreated,pc_score,discussion_quality_pc_score,high,github_outcomes,pull_request_merged,FALSE,sa,-12,-0.828744870511719,4.36496317173604,-9.38407268711436,7.72658294609093
opened_cohort,important_degree_top3,rolling5,exact_1_2,nevertreated,pc_score,discussion_quality_pc_score,high,github_outcomes,pull_request_merged,FALSE,sa,-11,-0.966569140986444,4.3888083822115,-9.56863357012098,7.63549528814809
opened_cohort,important_degree_top3,rolling5,exact_1_2,nevertreated,pc_score,discussion_quality_pc_score,high,github_outcomes,pull_request_merged,FALSE,sa,-10,0.487226845473105,3.90926635940774,-7.17493521896606,8.14938890991227
opened_cohort,important_degree_top3,rolling5,exact_1_2,nevertreated,pc_score,discussion_quality_pc_score,high,github_outcomes,pull_request_merged,FALSE,sa,-9,-0.122256453469561,3.60284669146724,-7.18383596874535,6.93932306180623
opened_cohort,important_degree_top3,rolling5,exact_1_2,nevertreated,pc_score,discussion_quality_pc_score,high,github_outcomes,pull_request_merged,FALSE,sa,-8,0.493997572470888,3.07719814748851,-5.5373107966066,6.52530594154838
opened_cohort,important_degree_top3,rolling5,exact_1_2,nevertreated,pc_score,discussion_quality_pc_score,high,github_outcomes,pull_request_merged,FALSE,sa,-7,1.73285442435584,2.67729672730208,-3.51464716115623,6.98035600986792
opened_cohort,important_degree_top3,rolling5,exact_1_2,nevertreated,pc_score,discussion_quality_pc_score,high,github_outcomes,pull_request_merged,FALSE,sa,-6,1.8789678277458,2.27601115009476,-2.58201402643993,6.33994968193153
opened_cohort,important_degree_top3,rolling5,exact_1_2,nevertreated,pc_score,discussion_quality_pc_score,high,github_outcomes,pull_request_merged,FALSE,sa,-5,1.18750694448801,1.74663736586011,-2.23590229259782,4.61091618157383
opened_cohort,important_degree_top3,rolling5,exact_1_2,nevertreated,pc_score,discussion_quality_pc_score,high,github_outcomes,pull_request_merged,FALSE,sa,-4,1.36879861704299,1.37337966143385,-1.32302551936736,4.06062275345334
opened_cohort,important_degree_top3,rolling5,exact_1_2,nevertreated,pc_score,discussion_quality_pc_score,high,github_outcomes,pull_request_merged,FALSE,sa,-3,0.952135077694932,1.13181636956498,-1.26622500665244,3.1704951620423
opened_cohort,important_degree_top3,rolling5,exact_1_2,nevertreated,pc_score,discussion_quality_pc_score,high,github_outcomes,pull_request_merged,FALSE,sa,-2,1.05059075208418,0.648122224758332,-0.219728808442149,2.32091031261051
opened_cohort,important_degree_top3,rolling5,exact_1_2,nevertreated,pc_score,discussion_quality_pc_score,high,github_outcomes,pull_request_merged,FALSE,sa,-1,0,0,0,0
opened_cohort,important_degree_top3,rolling5,exact_1_2,nevertreated,pc_score,discussion_quality_pc_score,high,github_outcomes,pull_request_merged,FALSE,sa,0,0.0375636650452859,0.620231949497358,-1.17809095596954,1.25321828606011
opened_cohort,important_degree_top3,rolling5,exact_1_2,nevertreated,pc_score,discussion_quality_pc_score,high,github_outcomes,pull_request_merged,FALSE,sa,1,-0.422362520877058,1.03806093034917,-2.45696194436143,1.61223690260731
opened_cohort,important_degree_top3,rolling5,exact_1_2,nevertreated,pc_score,discussion_quality_pc_score,high,github_outcomes,pull_request_merged,FALSE,sa,2,0.329127677754097,1.72205132216016,-3.04609291367982,3.70434826918801
opened_cohort,important_degree_top3,rolling5,exact_1_2,nevertreated,pc_score,discussion_quality_pc_score,high,github_outcomes,pull_request_merged,FALSE,sa,3,-0.1700039308855,2.16249818030403,-4.4085003642814,4.0684925025104
opened_cohort,important_degree_top3,rolling5,exact_1_2,nevertreated,pc_score,discussion_quality_pc_score,high,github_outcomes,pull_request_merged,FALSE,sa,4,0.39580364363218,2.63852758885367,-4.77571043052101,5.56731771778537
opened_cohort,important_degree_top3,rolling5,exact_1_2,nevertreated,pc_score,discussion_quality_pc_score,high,github_outcomes,pull_request_merged,FALSE,sa,5,0.983765504466418,2.75360570612317,-4.41330167953499,6.38083268846783
opened_cohort,important_degree_top3,rolling5,exact_1_2,nevertreated,pc_score,discussion_quality_pc_score,high,github_outcomes,pull_request_merged,FALSE,sa,6,1.30258851645948,3.35930547303682,-5.28165021069268,7.88682724361165
opened_cohort,important_degree_top3,rolling5,exact_1_2,nevertreated,pc_score,discussion_quality_pc_score,high,github_outcomes,pull_request_merged,FALSE,sa,7,2.54784032626564,3.58447616950386,-4.47773296596192,9.57341361849321
opened_cohort,important_degree_top3,rolling5,exact_1_2,nevertreated,pc_score,discussion_quality_pc_score,high,github_outcomes,pull_request_merged,FALSE,sa,8,3.68926355360685,3.54590214709477,-3.2607046546989,10.6392317619126
opened_cohort,important_degree_top3,rolling5,exact_1_2,nevertreated,pc_score,discussion_quality_pc_score,high,github_outcomes,pull_request_merged,FALSE,sa,9,3.58328418547245,3.61133075827744,-3.49492410075134,10.6614924716962
opened_cohort,important_degree_top3,rolling5,exact_1_2,nevertreated,pc_score,discussion_quality_pc_score,high,github_outcomes,pull_request_merged,FALSE,sa,10,1.79323840072477,3.43798078408557,-4.94520393608295,8.53168073753248
opened_cohort,important_degree_top3,rolling5,exact_1_2,nevertreated,pc_score,discussion_quality_pc_score,high,github_outcomes,pull_request_merged,FALSE,sa,11,3.00675443951969,3.40722932375187,-3.67141503503397,9.68492391407336
opened_cohort,important_degree_top3,rolling5,exact_1_2,nevertreated,pc_score,investment_in_new_talent_pc_score,low,github_outcomes,pull_request_merged,FALSE,sa,-15,7.46402903035313,3.52589414969066,0.55327649695943,14.3747815637468
opened_cohort,important_degree_top3,rolling5,exact_1_2,nevertreated,pc_score,investment_in_new_talent_pc_score,low,github_outcomes,pull_request_merged,FALSE,sa,-14,6.21326726781272,3.94599301214698,-1.52087903599535,13.9474135716208
opened_cohort,important_degree_top3,rolling5,exact_1_2,nevertreated,pc_score,investment_in_new_talent_pc_score,low,github_outcomes,pull_request_merged,FALSE,sa,-13,8.23141933082497,3.859239059956,0.667310773311206,15.7955278883387
opened_cohort,important_degree_top3,rolling5,exact_1_2,nevertreated,pc_score,investment_in_new_talent_pc_score,low,github_outcomes,pull_request_merged,FALSE,sa,-12,7.42085369109275,3.07530334916404,1.39325912673123,13.4484482554543
opened_cohort,important_degree_top3,rolling5,exact_1_2,nevertreated,pc_score,investment_in_new_talent_pc_score,low,github_outcomes,pull_request_merged,FALSE,sa,-11,6.57875029306024,3.22788995928479,0.252085972862058,12.9054146132584
opened_cohort,important_degree_top3,rolling5,exact_1_2,nevertreated,pc_score,investment_in_new_talent_pc_score,low,github_outcomes,pull_request_merged,FALSE,sa,-10,7.29472452656758,2.91070396731393,1.58974475063227,12.9997043025029
opened_cohort,important_degree_top3,rolling5,exact_1_2,nevertreated,pc_score,investment_in_new_talent_pc_score,low,github_outcomes,pull_request_merged,FALSE,sa,-9,6.27412301948213,2.54692697071892,1.28214615687306,11.2660998820912
opened_cohort,important_degree_top3,rolling5,exact_1_2,nevertreated,pc_score,investment_in_new_talent_pc_score,low,github_outcomes,pull_request_merged,FALSE,sa,-8,4.62214781175304,2.29973315430811,0.114670829309139,9.12962479419694
opened_cohort,important_degree_top3,rolling5,exact_1_2,nevertreated,pc_score,investment_in_new_talent_pc_score,low,github_outcomes,pull_request_merged,FALSE,sa,-7,3.67281982919313,2.12321051907979,-0.488672788203265,7.83431244658953
opened_cohort,important_degree_top3,rolling5,exact_1_2,nevertreated,pc_score,investment_in_new_talent_pc_score,low,github_outcomes,pull_request_merged,FALSE,sa,-6,2.15047943269331,1.77192862273395,-1.32250066786522,5.62345953325185
opened_cohort,important_degree_top3,rolling5,exact_1_2,nevertreated,pc_score,investment_in_new_talent_pc_score,low,github_outcomes,pull_request_merged,FALSE,sa,-5,1.3937460792576,1.41230830674209,-1.3743782019569,4.16187036047209
opened_cohort,important_degree_top3,rolling5,exact_1_2,nevertreated,pc_score,investment_in_new_talent_pc_score,low,github_outcomes,pull_request_merged,FALSE,sa,-4,0.491509729122183,1.20119036410963,-1.86282338453268,2.84584284277705
opened_cohort,important_degree_top3,rolling5,exact_1_2,nevertreated,pc_score,investment_in_new_talent_pc_score,low,github_outcomes,pull_request_merged,FALSE,sa,-3,-0.30975739028754,0.859295273575376,-1.99397612649528,1.3744613459202
opened_cohort,important_degree_top3,rolling5,exact_1_2,nevertreated,pc_score,investment_in_new_talent_pc_score,low,github_outcomes,pull_request_merged,FALSE,sa,-2,1.09864513812087,0.652413184756671,-0.180084704002201,2.37737498024395
opened_cohort,important_degree_top3,rolling5,exact_1_2,nevertreated,pc_score,investment_in_new_talent_pc_score,low,github_outcomes,pull_request_merged,FALSE,sa,-1,0,0,0,0
opened_cohort,important_degree_top3,rolling5,exact_1_2,nevertreated,pc_score,investment_in_new_talent_pc_score,low,github_outcomes,pull_request_merged,FALSE,sa,0,-1.58672097037627,0.79133633254615,-3.13774018216672,-0.035701758585813
opened_cohort,important_degree_top3,rolling5,exact_1_2,nevertreated,pc_score,investment_in_new_talent_pc_score,low,github_outcomes,pull_request_merged,FALSE,sa,1,-2.09178028724237,1.0080004714168,-4.06746121121929,-0.116099363265444
opened_cohort,important_degree_top3,rolling5,exact_1_2,nevertreated,pc_score,investment_in_new_talent_pc_score,low,github_outcomes,pull_request_merged,FALSE,sa,2,-2.354386285313,1.30399386921797,-4.91021426898021,0.201441698354211
opened_cohort,important_degree_top3,rolling5,exact_1_2,nevertreated,pc_score,investment_in_new_talent_pc_score,low,github_outcomes,pull_request_merged,FALSE,sa,3,-2.802231459966,1.7045369999865,-6.14312397993953,0.538661060007536
opened_cohort,important_degree_top3,rolling5,exact_1_2,nevertreated,pc_score,investment_in_new_talent_pc_score,low,github_outcomes,pull_request_merged,FALSE,sa,4,-2.25903072148597,2.27260390842548,-6.71333438199992,2.19527293902797
opened_cohort,important_degree_top3,rolling5,exact_1_2,nevertreated,pc_score,investment_in_new_talent_pc_score,low,github_outcomes,pull_request_merged,FALSE,sa,5,-2.04501938260124,2.75399716863663,-7.44285383312903,3.35281506792655
opened_cohort,important_degree_top3,rolling5,exact_1_2,nevertreated,pc_score,investment_in_new_talent_pc_score,low,github_outcomes,pull_request_merged,FALSE,sa,6,-1.69861846064549,3.05577822443852,-7.68794378054498,4.29070685925401
opened_cohort,important_degree_top3,rolling5,exact_1_2,nevertreated,pc_score,investment_in_new_talent_pc_score,low,github_outcomes,pull_request_merged,FALSE,sa,7,-0.109268397566316,4.09299511552096,-8.1315388239874,7.91300202885477
opened_cohort,important_degree_top3,rolling5,exact_1_2,nevertreated,pc_score,investment_in_new_talent_pc_score,low,github_outcomes,pull_request_merged,FALSE,sa,8,1.1242577614373,4.9858577087621,-8.64802334773642,10.896538870611
opened_cohort,important_degree_top3,rolling5,exact_1_2,nevertreated,pc_score,investment_in_new_talent_pc_score,low,github_outcomes,pull_request_merged,FALSE,sa,9,0.521145756407312,4.61850281921525,-8.53111976925459,9.57341128206921
opened_cohort,important_degree_top3,rolling5,exact_1_2,nevertreated,pc_score,investment_in_new_talent_pc_score,low,github_outcomes,pull_request_merged,FALSE,sa,10,-2.74438659584582,4.34934600642437,-11.2691047684376,5.78033157674595
opened_cohort,important_degree_top3,rolling5,exact_1_2,nevertreated,pc_score,investment_in_new_talent_pc_score,low,github_outcomes,pull_request_merged,FALSE,sa,11,-1.15502460274427,4.22272388193073,-9.4315634113285,7.12151420583996
opened_cohort,important_degree_top3,rolling5,exact_1_2,nevertreated,pc_score,investment_in_new_talent_pc_score,high,github_outcomes,pull_request_merged,FALSE,sa,-15,-4.187416471757,4.61161988162895,-13.2261914397497,4.85135849623575
opened_cohort,important_degree_top3,rolling5,exact_1_2,nevertreated,pc_score,investment_in_new_talent_pc_score,high,github_outcomes,pull_request_merged,FALSE,sa,-14,0.068217587904404,9.29137556558387,-18.14287852064,18.2793136964488
opened_cohort,important_degree_top3,rolling5,exact_1_2,nevertreated,pc_score,investment_in_new_talent_pc_score,high,github_outcomes,pull_request_merged,FALSE,sa,-13,-3.13057147865899,5.38462267802379,-13.6844319275856,7.42328897026764
opened_cohort,important_degree_top3,rolling5,exact_1_2,nevertreated,pc_score,investment_in_new_talent_pc_score,high,github_outcomes,pull_request_merged,FALSE,sa,-12,-5.77757179368352,4.25261088798148,-14.1126891341272,2.55754554676019
opened_cohort,important_degree_top3,rolling5,exact_1_2,nevertreated,pc_score,investment_in_new_talent_pc_score,high,github_outcomes,pull_request_merged,FALSE,sa,-11,-3.65712791735488,4.25159018956215,-11.9902446888967,4.67598885418693
opened_cohort,important_degree_top3,rolling5,exact_1_2,nevertreated,pc_score,investment_in_new_talent_pc_score,high,github_outcomes,pull_request_merged,FALSE,sa,-10,-0.903446197513466,3.88124782556957,-8.51069193562982,6.70379954060289
opened_cohort,important_degree_top3,rolling5,exact_1_2,nevertreated,pc_score,investment_in_new_talent_pc_score,high,github_outcomes,pull_request_merged,FALSE,sa,-9,-0.868210244154591,3.69941709736086,-8.11906775498187,6.38264726667268
opened_cohort,important_degree_top3,rolling5,exact_1_2,nevertreated,pc_score,investment_in_new_talent_pc_score,high,github_outcomes,pull_request_merged,FALSE,sa,-8,1.84716394205715,3.17727981748461,-4.3803045002127,8.07463238432699
opened_cohort,important_degree_top3,rolling5,exact_1_2,nevertreated,pc_score,investment_in_new_talent_pc_score,high,github_outcomes,pull_request_merged,FALSE,sa,-7,2.4811071994802,2.89730413736307,-3.19760890975141,8.15982330871181
opened_cohort,important_degree_top3,rolling5,exact_1_2,nevertreated,pc_score,investment_in_new_talent_pc_score,high,github_outcomes,pull_request_merged,FALSE,sa,-6,3.47402309597145,2.95169155594998,-2.3112923536905,9.2593385456334
opened_cohort,important_degree_top3,rolling5,exact_1_2,nevertreated,pc_score,investment_in_new_talent_pc_score,high,github_outcomes,pull_request_merged,FALSE,sa,-5,1.96257964107349,2.24738508799714,-2.44229513140091,6.36745441354789
opened_cohort,important_degree_top3,rolling5,exact_1_2,nevertreated,pc_score,investment_in_new_talent_pc_score,high,github_outcomes,pull_request_merged,FALSE,sa,-4,2.08273220879261,1.99799538842017,-1.83333875251092,5.99880317009613
opened_cohort,important_degree_top3,rolling5,exact_1_2,nevertreated,pc_score,investment_in_new_talent_pc_score,high,github_outcomes,pull_request_merged,FALSE,sa,-3,1.40578511473688,1.57128014452226,-1.67392396852675,4.4854941980005
opened_cohort,important_degree_top3,rolling5,exact_1_2,nevertreated,pc_score,investment_in_new_talent_pc_score,high,github_outcomes,pull_request_merged,FALSE,sa,-2,2.44656082117272,1.03222689183481,0.423396113176489,4.46972552916896
opened_cohort,important_degree_top3,rolling5,exact_1_2,nevertreated,pc_score,investment_in_new_talent_pc_score,high,github_outcomes,pull_request_merged,FALSE,sa,-1,0,0,0,0
opened_cohort,important_degree_top3,rolling5,exact_1_2,nevertreated,pc_score,investment_in_new_talent_pc_score,high,github_outcomes,pull_request_merged,FALSE,sa,0,-1.19643220942787,1.1368913385411,-3.42473923296842,1.03187481411268
opened_cohort,important_degree_top3,rolling5,exact_1_2,nevertreated,pc_score,investment_in_new_talent_pc_score,high,github_outcomes,pull_request_merged,FALSE,sa,1,-1.83876588911717,1.72989987882323,-5.2293696516107,1.55183787337636
opened_cohort,important_degree_top3,rolling5,exact_1_2,nevertreated,pc_score,investment_in_new_talent_pc_score,high,github_outcomes,pull_request_merged,FALSE,sa,2,-2.20826069695734,2.26158210338366,-6.64096161958932,2.22444022567463
opened_cohort,important_degree_top3,rolling5,exact_1_2,nevertreated,pc_score,investment_in_new_talent_pc_score,high,github_outcomes,pull_request_merged,FALSE,sa,3,-1.61804472185496,2.6531034887956,-6.81812755989434,3.58203811618442
opened_cohort,important_degree_top3,rolling5,exact_1_2,nevertreated,pc_score,investment_in_new_talent_pc_score,high,github_outcomes,pull_request_merged,FALSE,sa,4,-1.89204558376927,3.00477265060774,-7.78139997896044,3.99730881142189
opened_cohort,important_degree_top3,rolling5,exact_1_2,nevertreated,pc_score,investment_in_new_talent_pc_score,high,github_outcomes,pull_request_merged,FALSE,sa,5,-0.961265848893566,3.03076304050598,-6.90156140828529,4.97902971049816
opened_cohort,important_degree_top3,rolling5,exact_1_2,nevertreated,pc_score,investment_in_new_talent_pc_score,high,github_outcomes,pull_request_merged,FALSE,sa,6,-0.0297928385137342,3.51861242153822,-6.92627318472865,6.86668750770118
opened_cohort,important_degree_top3,rolling5,exact_1_2,nevertreated,pc_score,investment_in_new_talent_pc_score,high,github_outcomes,pull_request_merged,FALSE,sa,7,2.77991885059416,3.79370297740682,-4.6557389851232,10.2155766863115
opened_cohort,important_degree_top3,rolling5,exact_1_2,nevertreated,pc_score,investment_in_new_talent_pc_score,high,github_outcomes,pull_request_merged,FALSE,sa,8,5.6066778705574,3.80009321701679,-1.84150483479552,13.0548605759103
opened_cohort,important_degree_top3,rolling5,exact_1_2,nevertreated,pc_score,investment_in_new_talent_pc_score,high,github_outcomes,pull_request_merged,FALSE,sa,9,8.17495527769932,4.07848840014041,0.181118013424122,16.1687925419745
opened_cohort,important_degree_top3,rolling5,exact_1_2,nevertreated,pc_score,investment_in_new_talent_pc_score,high,github_outcomes,pull_request_merged,FALSE,sa,10,7.61594836483053,3.93059355621166,-0.0880150053443138,15.3199117350054
opened_cohort,important_degree_top3,rolling5,exact_1_2,nevertreated,pc_score,investment_in_new_talent_pc_score,high,github_outcomes,pull_request_merged,FALSE,sa,11,9.49262167482221,3.83810889427948,1.96992824203443,17.01531510761
opened_cohort,important_degree_top3,rolling5,exact_1_2,nevertreated,pc_score,problem_solving_routines_pc_score,low,github_outcomes,pull_request_merged,FALSE,sa,-15,-3.046039565189,3.44073035894821,-9.78987106872751,3.6977919383495
opened_cohort,important_degree_top3,rolling5,exact_1_2,nevertreated,pc_score,problem_solving_routines_pc_score,low,github_outcomes,pull_request_merged,FALSE,sa,-14,-5.47256626277091,3.27172199700597,-11.8851413769026,0.940008851360789
opened_cohort,important_degree_top3,rolling5,exact_1_2,nevertreated,pc_score,problem_solving_routines_pc_score,low,github_outcomes,pull_request_merged,FALSE,sa,-13,-0.346549775990356,3.2966681350823,-6.80801932075167,6.11491976877096
opened_cohort,important_degree_top3,rolling5,exact_1_2,nevertreated,pc_score,problem_solving_routines_pc_score,low,github_outcomes,pull_request_merged,FALSE,sa,-12,-1.79649721122315,2.81908363654939,-7.32190113885996,3.72890671641365
opened_cohort,important_degree_top3,rolling5,exact_1_2,nevertreated,pc_score,problem_solving_routines_pc_score,low,github_outcomes,pull_request_merged,FALSE,sa,-11,-2.27493021592296,2.66042645593117,-7.48936606954806,2.93950563770214
opened_cohort,important_degree_top3,rolling5,exact_1_2,nevertreated,pc_score,problem_solving_routines_pc_score,low,github_outcomes,pull_request_merged,FALSE,sa,-10,-0.0984198698601521,2.31749312963904,-4.64070640395267,4.44386666423236
opened_cohort,important_degree_top3,rolling5,exact_1_2,nevertreated,pc_score,problem_solving_routines_pc_score,low,github_outcomes,pull_request_merged,FALSE,sa,-9,-1.29169003463152,2.13522613942885,-5.47673326791207,2.89335319864903
opened_cohort,important_degree_top3,rolling5,exact_1_2,nevertreated,pc_score,problem_solving_routines_pc_score,low,github_outcomes,pull_request_merged,FALSE,sa,-8,0.793302828258323,1.93941539688943,-3.00795134964495,4.5945570061616
opened_cohort,important_degree_top3,rolling5,exact_1_2,nevertreated,pc_score,problem_solving_routines_pc_score,low,github_outcomes,pull_request_merged,FALSE,sa,-7,1.13479173276472,1.76509637192936,-2.32479715621684,4.59438062174627
opened_cohort,important_degree_top3,rolling5,exact_1_2,nevertreated,pc_score,problem_solving_routines_pc_score,low,github_outcomes,pull_request_merged,FALSE,sa,-6,0.872473665883502,1.62746462279481,-2.31735699479433,4.06230432656133
opened_cohort,important_degree_top3,rolling5,exact_1_2,nevertreated,pc_score,problem_solving_routines_pc_score,low,github_outcomes,pull_request_merged,FALSE,sa,-5,1.00207597517669,1.28591290773163,-1.51831332397731,3.52246527433068
opened_cohort,important_degree_top3,rolling5,exact_1_2,nevertreated,pc_score,problem_solving_routines_pc_score,low,github_outcomes,pull_request_merged,FALSE,sa,-4,-0.101988234893475,1.11399482681164,-2.2854180954443,2.08144162565735
opened_cohort,important_degree_top3,rolling5,exact_1_2,nevertreated,pc_score,problem_solving_routines_pc_score,low,github_outcomes,pull_request_merged,FALSE,sa,-3,-0.445433485659074,0.767831798159561,-1.95038381005181,1.05951683873367
opened_cohort,important_degree_top3,rolling5,exact_1_2,nevertreated,pc_score,problem_solving_routines_pc_score,low,github_outcomes,pull_request_merged,FALSE,sa,-2,0.819030721117874,0.548007444148191,-0.255063869412581,1.89312531164833
opened_cohort,important_degree_top3,rolling5,exact_1_2,nevertreated,pc_score,problem_solving_routines_pc_score,low,github_outcomes,pull_request_merged,FALSE,sa,-1,0,0,0,0
opened_cohort,important_degree_top3,rolling5,exact_1_2,nevertreated,pc_score,problem_solving_routines_pc_score,low,github_outcomes,pull_request_merged,FALSE,sa,0,-0.821800358673949,0.624166959398254,-2.04516759909453,0.401566881746629
opened_cohort,important_degree_top3,rolling5,exact_1_2,nevertreated,pc_score,problem_solving_routines_pc_score,low,github_outcomes,pull_request_merged,FALSE,sa,1,-1.84801894965852,0.962432199977783,-3.73438606161497,0.0383481622979343
opened_cohort,important_degree_top3,rolling5,exact_1_2,nevertreated,pc_score,problem_solving_routines_pc_score,low,github_outcomes,pull_request_merged,FALSE,sa,2,-1.76424398750721,1.27561801305497,-4.26445529309495,0.735967318080534
opened_cohort,important_degree_top3,rolling5,exact_1_2,nevertreated,pc_score,problem_solving_routines_pc_score,low,github_outcomes,pull_request_merged,FALSE,sa,3,-1.89564078658445,1.35347773759113,-4.54845715226307,0.757175579094167
opened_cohort,important_degree_top3,rolling5,exact_1_2,nevertreated,pc_score,problem_solving_routines_pc_score,low,github_outcomes,pull_request_merged,FALSE,sa,4,-1.3210311693975,1.48907613787543,-4.23962039963334,1.59755806083834
opened_cohort,important_degree_top3,rolling5,exact_1_2,nevertreated,pc_score,problem_solving_routines_pc_score,low,github_outcomes,pull_request_merged,FALSE,sa,5,-1.55923407473957,1.47418668645229,-4.44863998018605,1.33017183070692
opened_cohort,important_degree_top3,rolling5,exact_1_2,nevertreated,pc_score,problem_solving_routines_pc_score,low,github_outcomes,pull_request_merged,FALSE,sa,6,-1.53238331062379,1.79545490249394,-5.05147491951192,1.98670829826434
opened_cohort,important_degree_top3,rolling5,exact_1_2,nevertreated,pc_score,problem_solving_routines_pc_score,low,github_outcomes,pull_request_merged,FALSE,sa,7,-1.23001384752945,1.96229738580947,-5.076116723716,2.61608902865711
opened_cohort,important_degree_top3,rolling5,exact_1_2,nevertreated,pc_score,problem_solving_routines_pc_score,low,github_outcomes,pull_request_merged,FALSE,sa,8,-1.44088554943032,2.13919732643273,-5.63371230923848,2.75194121037783
opened_cohort,important_degree_top3,rolling5,exact_1_2,nevertreated,pc_score,problem_solving_routines_pc_score,low,github_outcomes,pull_request_merged,FALSE,sa,9,-1.49670911975045,3.08362459780259,-7.54061333144353,4.54719509194263
opened_cohort,important_degree_top3,rolling5,exact_1_2,nevertreated,pc_score,problem_solving_routines_pc_score,low,github_outcomes,pull_request_merged,FALSE,sa,10,-2.06071375358504,4.05167917660491,-10.0020049397307,5.88057743256058
opened_cohort,important_degree_top3,rolling5,exact_1_2,nevertreated,pc_score,problem_solving_routines_pc_score,low,github_outcomes,pull_request_merged,FALSE,sa,11,-3.31988878046162,8.17552091923361,-19.3439097821595,12.7041322212363
opened_cohort,important_degree_top3,rolling5,exact_1_2,nevertreated,pc_score,problem_solving_routines_pc_score,high,github_outcomes,pull_request_merged,FALSE,sa,-15,2.91756102417336,4.57554369701713,-6.05050462198023,11.8856266703269
opened_cohort,important_degree_top3,rolling5,exact_1_2,nevertreated,pc_score,problem_solving_routines_pc_score,high,github_outcomes,pull_request_merged,FALSE,sa,-14,8.89062966432303,6.49045856296564,-3.83066911908963,21.6119284477357
opened_cohort,important_degree_top3,rolling5,exact_1_2,nevertreated,pc_score,problem_solving_routines_pc_score,high,github_outcomes,pull_request_merged,FALSE,sa,-13,2.4972469384743,5.63154089457222,-8.54057321488724,13.5350670918358
opened_cohort,important_degree_top3,rolling5,exact_1_2,nevertreated,pc_score,problem_solving_routines_pc_score,high,github_outcomes,pull_request_merged,FALSE,sa,-12,0.121428602048619,4.35935417678235,-8.42290558444479,8.66576278854203
opened_cohort,important_degree_top3,rolling5,exact_1_2,nevertreated,pc_score,problem_solving_routines_pc_score,high,github_outcomes,pull_request_merged,FALSE,sa,-11,3.63662707947998,4.48753074955129,-5.15893318964055,12.4321873486005
opened_cohort,important_degree_top3,rolling5,exact_1_2,nevertreated,pc_score,problem_solving_routines_pc_score,high,github_outcomes,pull_request_merged,FALSE,sa,-10,4.88242810602015,4.04189541742144,-3.03968691212587,12.8045431241662
opened_cohort,important_degree_top3,rolling5,exact_1_2,nevertreated,pc_score,problem_solving_routines_pc_score,high,github_outcomes,pull_request_merged,FALSE,sa,-9,3.69974473927545,3.91041537093734,-3.96466938776174,11.3641588663126
opened_cohort,important_degree_top3,rolling5,exact_1_2,nevertreated,pc_score,problem_solving_routines_pc_score,high,github_outcomes,pull_request_merged,FALSE,sa,-8,2.31601424171007,3.23845725799764,-4.0313619839653,8.66339046738545
opened_cohort,important_degree_top3,rolling5,exact_1_2,nevertreated,pc_score,problem_solving_routines_pc_score,high,github_outcomes,pull_request_merged,FALSE,sa,-7,2.28464919144903,3.07873623963255,-3.74967383823077,8.31897222112883
opened_cohort,important_degree_top3,rolling5,exact_1_2,nevertreated,pc_score,problem_solving_routines_pc_score,high,github_outcomes,pull_request_merged,FALSE,sa,-6,2.01964184835266,3.01581819278688,-3.89136180950962,7.93064550621493
opened_cohort,important_degree_top3,rolling5,exact_1_2,nevertreated,pc_score,problem_solving_routines_pc_score,high,github_outcomes,pull_request_merged,FALSE,sa,-5,1.60327559413013,2.26850517018097,-2.84299453942457,6.04954572768483
opened_cohort,important_degree_top3,rolling5,exact_1_2,nevertreated,pc_score,problem_solving_routines_pc_score,high,github_outcomes,pull_request_merged,FALSE,sa,-4,2.99893755373899,2.05418748174746,-1.02726991048603,7.02514501796401
opened_cohort,important_degree_top3,rolling5,exact_1_2,nevertreated,pc_score,problem_solving_routines_pc_score,high,github_outcomes,pull_request_merged,FALSE,sa,-3,1.66749216210155,1.61875187595351,-1.50526151476733,4.84024583897043
opened_cohort,important_degree_top3,rolling5,exact_1_2,nevertreated,pc_score,problem_solving_routines_pc_score,high,github_outcomes,pull_request_merged,FALSE,sa,-2,3.03418718707803,1.11048030334399,0.857645792523813,5.21072858163225
opened_cohort,important_degree_top3,rolling5,exact_1_2,nevertreated,pc_score,problem_solving_routines_pc_score,high,github_outcomes,pull_request_merged,FALSE,sa,-1,0,0,0,0
opened_cohort,important_degree_top3,rolling5,exact_1_2,nevertreated,pc_score,problem_solving_routines_pc_score,high,github_outcomes,pull_request_merged,FALSE,sa,0,-1.65814752768177,1.18534575402572,-3.98142520557219,0.665130150208644
opened_cohort,important_degree_top3,rolling5,exact_1_2,nevertreated,pc_score,problem_solving_routines_pc_score,high,github_outcomes,pull_request_merged,FALSE,sa,1,-1.97357620757941,1.71419940162889,-5.33340703477203,1.38625461961321
opened_cohort,important_degree_top3,rolling5,exact_1_2,nevertreated,pc_score,problem_solving_routines_pc_score,high,github_outcomes,pull_request_merged,FALSE,sa,2,-2.56349006422212,2.1427475572698,-6.76327527647093,1.63629514802669
opened_cohort,important_degree_top3,rolling5,exact_1_2,nevertreated,pc_score,problem_solving_routines_pc_score,high,github_outcomes,pull_request_merged,FALSE,sa,3,-2.20220620573686,2.64689833188288,-7.3901269362273,2.98571452475359
opened_cohort,important_degree_top3,rolling5,exact_1_2,nevertreated,pc_score,problem_solving_routines_pc_score,high,github_outcomes,pull_request_merged,FALSE,sa,4,-2.49123743846214,3.10317618234172,-8.57346275585192,3.59098787892764
opened_cohort,important_degree_top3,rolling5,exact_1_2,nevertreated,pc_score,problem_solving_routines_pc_score,high,github_outcomes,pull_request_merged,FALSE,sa,5,-0.884066810122412,3.42273714199417,-7.59263160843099,5.82449798818617
opened_cohort,important_degree_top3,rolling5,exact_1_2,nevertreated,pc_score,problem_solving_routines_pc_score,high,github_outcomes,pull_request_merged,FALSE,sa,6,0.759714238134609,4.00665105159971,-7.09332182300082,8.61275029927003
opened_cohort,important_degree_top3,rolling5,exact_1_2,nevertreated,pc_score,problem_solving_routines_pc_score,high,github_outcomes,pull_request_merged,FALSE,sa,7,5.24934229719302,5.25332790771263,-5.04718040192374,15.5458649963098
opened_cohort,important_degree_top3,rolling5,exact_1_2,nevertreated,pc_score,problem_solving_routines_pc_score,high,github_outcomes,pull_request_merged,FALSE,sa,8,10.6440827880065,7.00548012899915,-3.08665826483187,24.3748238408448
opened_cohort,important_degree_top3,rolling5,exact_1_2,nevertreated,pc_score,problem_solving_routines_pc_score,high,github_outcomes,pull_request_merged,FALSE,sa,9,12.3981509747246,5.89080990236543,0.85216356608837,23.9441383833609
opened_cohort,important_degree_top3,rolling5,exact_1_2,nevertreated,pc_score,problem_solving_routines_pc_score,high,github_outcomes,pull_request_merged,FALSE,sa,10,4.95592683682228,4.32884878925152,-3.5286167901107,13.4404704637553
opened_cohort,important_degree_top3,rolling5,exact_1_2,nevertreated,pc_score,problem_solving_routines_pc_score,high,github_outcomes,pull_request_merged,FALSE,sa,11,1.25565771478122,4.5025405692176,-7.56932180088528,10.0806372304477
opened_cohort,important_degree_top3,rolling5,exact_1_2,nevertreated,pc_score,collaboration_pc_score,low,downstream_outcomes,overall_new_release_count,TRUE,sa,-15,0.744868528572223,0.296226447487154,0.1642646914974,1.32547236564705
opened_cohort,important_degree_top3,rolling5,exact_1_2,nevertreated,pc_score,collaboration_pc_score,low,downstream_outcomes,overall_new_release_count,TRUE,sa,-14,0.580589682316117,0.265436721859912,0.0603337074706886,1.10084565716154
opened_cohort,important_degree_top3,rolling5,exact_1_2,nevertreated,pc_score,collaboration_pc_score,low,downstream_outcomes,overall_new_release_count,TRUE,sa,-13,0.594556015342764,0.290744520824307,0.0246967545271219,1.16441527615841
opened_cohort,important_degree_top3,rolling5,exact_1_2,nevertreated,pc_score,collaboration_pc_score,low,downstream_outcomes,overall_new_release_count,TRUE,sa,-12,0.728271792447222,0.340702304995119,0.0604952746567894,1.39604831023766
opened_cohort,important_degree_top3,rolling5,exact_1_2,nevertreated,pc_score,collaboration_pc_score,low,downstream_outcomes,overall_new_release_count,TRUE,sa,-11,0.570874565810548,0.299268118968658,-0.0156909473680223,1.15744007898912
opened_cohort,important_degree_top3,rolling5,exact_1_2,nevertreated,pc_score,collaboration_pc_score,low,downstream_outcomes,overall_new_release_count,TRUE,sa,-10,0.43940732054283,0.257510167934548,-0.0653126086088842,0.944127249694544
opened_cohort,important_degree_top3,rolling5,exact_1_2,nevertreated,pc_score,collaboration_pc_score,low,downstream_outcomes,overall_new_release_count,TRUE,sa,-9,0.336079381999658,0.233760491798836,-0.12209118192606,0.794249945925375
opened_cohort,important_degree_top3,rolling5,exact_1_2,nevertreated,pc_score,collaboration_pc_score,low,downstream_outcomes,overall_new_release_count,TRUE,sa,-8,0.291126168286001,0.217703534799252,-0.135572759920533,0.717825096492535
opened_cohort,important_degree_top3,rolling5,exact_1_2,nevertreated,pc_score,collaboration_pc_score,low,downstream_outcomes,overall_new_release_count,TRUE,sa,-7,0.19566240426179,0.200187797484681,-0.196705678808185,0.588030487331765
opened_cohort,important_degree_top3,rolling5,exact_1_2,nevertreated,pc_score,collaboration_pc_score,low,downstream_outcomes,overall_new_release_count,TRUE,sa,-6,0.227986219861348,0.194514001808953,-0.1532612236842,0.609233663406896
opened_cohort,important_degree_top3,rolling5,exact_1_2,nevertreated,pc_score,collaboration_pc_score,low,downstream_outcomes,overall_new_release_count,TRUE,sa,-5,0.0925395826216332,0.162298060260105,-0.225564615488173,0.410643780731439
opened_cohort,important_degree_top3,rolling5,exact_1_2,nevertreated,pc_score,collaboration_pc_score,low,downstream_outcomes,overall_new_release_count,TRUE,sa,-4,0.0739093757518929,0.11539995192769,-0.15227453002638,0.300093281530165
opened_cohort,important_degree_top3,rolling5,exact_1_2,nevertreated,pc_score,collaboration_pc_score,low,downstream_outcomes,overall_new_release_count,TRUE,sa,-3,-1.79858499849781e-05,0.0980176280962653,-0.192132536918665,0.192096565218695
opened_cohort,important_degree_top3,rolling5,exact_1_2,nevertreated,pc_score,collaboration_pc_score,low,downstream_outcomes,overall_new_release_count,TRUE,sa,-2,0.119000778608076,0.0858360018000855,-0.0492377849200917,0.287239342136244
opened_cohort,important_degree_top3,rolling5,exact_1_2,nevertreated,pc_score,collaboration_pc_score,low,downstream_outcomes,overall_new_release_count,TRUE,sa,-1,0,0,0,0
opened_cohort,important_degree_top3,rolling5,exact_1_2,nevertreated,pc_score,collaboration_pc_score,low,downstream_outcomes,overall_new_release_count,TRUE,sa,0,0.182198062801476,0.123789420829186,-0.0604292020237276,0.42482532762668
opened_cohort,important_degree_top3,rolling5,exact_1_2,nevertreated,pc_score,collaboration_pc_score,low,downstream_outcomes,overall_new_release_count,TRUE,sa,1,-0.400212316838959,0.112406209546465,-0.62052848755003,-0.179896146127888
opened_cohort,important_degree_top3,rolling5,exact_1_2,nevertreated,pc_score,collaboration_pc_score,low,downstream_outcomes,overall_new_release_count,TRUE,sa,2,-0.266486245460694,0.150015323162532,-0.560516278859258,0.0275437879378692
opened_cohort,important_degree_top3,rolling5,exact_1_2,nevertreated,pc_score,collaboration_pc_score,low,downstream_outcomes,overall_new_release_count,TRUE,sa,3,-0.420271517084387,0.182404950071893,-0.777785219225297,-0.0627578149434778
opened_cohort,important_degree_top3,rolling5,exact_1_2,nevertreated,pc_score,collaboration_pc_score,low,downstream_outcomes,overall_new_release_count,TRUE,sa,4,-0.328220849848852,0.240426103124862,-0.799456011973581,0.143014312275878
opened_cohort,important_degree_top3,rolling5,exact_1_2,nevertreated,pc_score,collaboration_pc_score,low,downstream_outcomes,overall_new_release_count,TRUE,sa,5,-0.285535444017507,0.246530308676984,-0.768734849024396,0.197663960989382
opened_cohort,important_degree_top3,rolling5,exact_1_2,nevertreated,pc_score,collaboration_pc_score,low,downstream_outcomes,overall_new_release_count,TRUE,sa,6,-0.67959511801211,0.230249468892819,-1.13088407704204,-0.228306158982184
opened_cohort,important_degree_top3,rolling5,exact_1_2,nevertreated,pc_score,collaboration_pc_score,low,downstream_outcomes,overall_new_release_count,TRUE,sa,7,-0.452088564011152,0.270397971643073,-0.982068588431575,0.0778914604092708
opened_cohort,important_degree_top3,rolling5,exact_1_2,nevertreated,pc_score,collaboration_pc_score,low,downstream_outcomes,overall_new_release_count,TRUE,sa,8,-0.56927857412535,0.248652427401822,-1.05663733183292,-0.0819198164177778
opened_cohort,important_degree_top3,rolling5,exact_1_2,nevertreated,pc_score,collaboration_pc_score,low,downstream_outcomes,overall_new_release_count,TRUE,sa,9,-0.981718544626914,0.228026902121662,-1.42865127278537,-0.534785816468457
opened_cohort,important_degree_top3,rolling5,exact_1_2,nevertreated,pc_score,collaboration_pc_score,low,downstream_outcomes,overall_new_release_count,TRUE,sa,10,-0.635523643028594,0.400611090746004,-1.42072138089076,0.149674094833574
opened_cohort,important_degree_top3,rolling5,exact_1_2,nevertreated,pc_score,collaboration_pc_score,low,downstream_outcomes,overall_new_release_count,TRUE,sa,11,-1.51785781123626,0.30437188147253,-2.11442669892242,-0.921288923550101
opened_cohort,important_degree_top3,rolling5,exact_1_2,nevertreated,pc_score,collaboration_pc_score,high,downstream_outcomes,overall_new_release_count,TRUE,sa,-15,0.543377331714498,0.243086910683014,0.0669269867757911,1.0198276766532
opened_cohort,important_degree_top3,rolling5,exact_1_2,nevertreated,pc_score,collaboration_pc_score,high,downstream_outcomes,overall_new_release_count,TRUE,sa,-14,0.611442947849395,0.219453045599467,0.181314978474441,1.04157091722435
opened_cohort,important_degree_top3,rolling5,exact_1_2,nevertreated,pc_score,collaboration_pc_score,high,downstream_outcomes,overall_new_release_count,TRUE,sa,-13,0.365425648769656,0.210566654041691,-0.0472849931520593,0.778136290691371
opened_cohort,important_degree_top3,rolling5,exact_1_2,nevertreated,pc_score,collaboration_pc_score,high,downstream_outcomes,overall_new_release_count,TRUE,sa,-12,0.27513108421037,0.178199880826246,-0.0741406822090732,0.624402850629813
opened_cohort,important_degree_top3,rolling5,exact_1_2,nevertreated,pc_score,collaboration_pc_score,high,downstream_outcomes,overall_new_release_count,TRUE,sa,-11,0.250649602758205,0.160696339343053,-0.0643152223541786,0.56561442787059
opened_cohort,important_degree_top3,rolling5,exact_1_2,nevertreated,pc_score,collaboration_pc_score,high,downstream_outcomes,overall_new_release_count,TRUE,sa,-10,0.287013176090042,0.150624769589456,-0.0082113723052914,0.582237724485376
opened_cohort,important_degree_top3,rolling5,exact_1_2,nevertreated,pc_score,collaboration_pc_score,high,downstream_outcomes,overall_new_release_count,TRUE,sa,-9,0.19292914602212,0.145335908620046,-0.0919292348731704,0.47778752691741
opened_cohort,important_degree_top3,rolling5,exact_1_2,nevertreated,pc_score,collaboration_pc_score,high,downstream_outcomes,overall_new_release_count,TRUE,sa,-8,0.194146724597067,0.13527614760919,-0.0709945247169448,0.45928797391108
opened_cohort,important_degree_top3,rolling5,exact_1_2,nevertreated,pc_score,collaboration_pc_score,high,downstream_outcomes,overall_new_release_count,TRUE,sa,-7,0.247045022046596,0.152233083358076,-0.0513318213352317,0.545421865428424
opened_cohort,important_degree_top3,rolling5,exact_1_2,nevertreated,pc_score,collaboration_pc_score,high,downstream_outcomes,overall_new_release_count,TRUE,sa,-6,0.25259159845436,0.146055522434828,-0.0336772255179035,0.538860422426624
opened_cohort,important_degree_top3,rolling5,exact_1_2,nevertreated,pc_score,collaboration_pc_score,high,downstream_outcomes,overall_new_release_count,TRUE,sa,-5,0.0550992303300542,0.114795165989317,-0.169899295009007,0.280097755669115
opened_cohort,important_degree_top3,rolling5,exact_1_2,nevertreated,pc_score,collaboration_pc_score,high,downstream_outcomes,overall_new_release_count,TRUE,sa,-4,-0.0117877914081862,0.115577269509216,-0.238319239646249,0.214743656829876
opened_cohort,important_degree_top3,rolling5,exact_1_2,nevertreated,pc_score,collaboration_pc_score,high,downstream_outcomes,overall_new_release_count,TRUE,sa,-3,-0.0934395536005244,0.105649586139208,-0.300512742433372,0.113633635232323
opened_cohort,important_degree_top3,rolling5,exact_1_2,nevertreated,pc_score,collaboration_pc_score,high,downstream_outcomes,overall_new_release_count,TRUE,sa,-2,0.0439599176270641,0.107631091711212,-0.166997022126912,0.254916857381041
opened_cohort,important_degree_top3,rolling5,exact_1_2,nevertreated,pc_score,collaboration_pc_score,high,downstream_outcomes,overall_new_release_count,TRUE,sa,-1,0,0,0,0
opened_cohort,important_degree_top3,rolling5,exact_1_2,nevertreated,pc_score,collaboration_pc_score,high,downstream_outcomes,overall_new_release_count,TRUE,sa,0,0.0233125043826639,0.134278101158383,-0.239872573887766,0.286497582653094
opened_cohort,important_degree_top3,rolling5,exact_1_2,nevertreated,pc_score,collaboration_pc_score,high,downstream_outcomes,overall_new_release_count,TRUE,sa,1,-0.29549376558749,0.159182372319674,-0.607491215334051,0.0165036841590714
opened_cohort,important_degree_top3,rolling5,exact_1_2,nevertreated,pc_score,collaboration_pc_score,high,downstream_outcomes,overall_new_release_count,TRUE,sa,2,-0.491695177938933,0.152016928033894,-0.789648356885365,-0.193741998992501
opened_cohort,important_degree_top3,rolling5,exact_1_2,nevertreated,pc_score,collaboration_pc_score,high,downstream_outcomes,overall_new_release_count,TRUE,sa,3,-0.566639634943725,0.164717757580584,-0.88948643980167,-0.24379283008578
opened_cohort,important_degree_top3,rolling5,exact_1_2,nevertreated,pc_score,collaboration_pc_score,high,downstream_outcomes,overall_new_release_count,TRUE,sa,4,-0.626884062229282,0.190901345989966,-1.00105070036962,-0.252717424088949
opened_cohort,important_degree_top3,rolling5,exact_1_2,nevertreated,pc_score,collaboration_pc_score,high,downstream_outcomes,overall_new_release_count,TRUE,sa,5,-0.676535476530277,0.187590427801979,-1.04421271502216,-0.308858238038398
opened_cohort,important_degree_top3,rolling5,exact_1_2,nevertreated,pc_score,collaboration_pc_score,high,downstream_outcomes,overall_new_release_count,TRUE,sa,6,-0.763041872595275,0.226714585740217,-1.2074024606461,-0.31868128454445
opened_cohort,important_degree_top3,rolling5,exact_1_2,nevertreated,pc_score,collaboration_pc_score,high,downstream_outcomes,overall_new_release_count,TRUE,sa,7,-0.749772345456637,0.268877020849195,-1.27677130632106,-0.222773384592215
opened_cohort,important_degree_top3,rolling5,exact_1_2,nevertreated,pc_score,collaboration_pc_score,high,downstream_outcomes,overall_new_release_count,TRUE,sa,8,-0.848291323591452,0.270979632656633,-1.37941140359845,-0.317171243584451
opened_cohort,important_degree_top3,rolling5,exact_1_2,nevertreated,pc_score,collaboration_pc_score,high,downstream_outcomes,overall_new_release_count,TRUE,sa,9,-0.863557071887028,0.330867136110629,-1.51205665866386,-0.215057485110196
opened_cohort,important_degree_top3,rolling5,exact_1_2,nevertreated,pc_score,collaboration_pc_score,high,downstream_outcomes,overall_new_release_count,TRUE,sa,10,-0.470137735533271,0.58206717827481,-1.6109894049519,0.670713933885357
opened_cohort,important_degree_top3,rolling5,exact_1_2,nevertreated,pc_score,collaboration_pc_score,high,downstream_outcomes,overall_new_release_count,TRUE,sa,11,-1.73341242748705,0.297701752392872,-2.31690786217708,-1.14991699279702
opened_cohort,important_degree_top3,rolling5,exact_1_2,nevertreated,pc_score,knowledge_level_pc_score,low,downstream_outcomes,overall_new_release_count,TRUE,sa,-15,0.740668758280821,0.211754791215872,0.325629367497711,1.15570814906393
opened_cohort,important_degree_top3,rolling5,exact_1_2,nevertreated,pc_score,knowledge_level_pc_score,low,downstream_outcomes,overall_new_release_count,TRUE,sa,-14,0.515805001812803,0.185204564045385,0.152804056283847,0.878805947341758
opened_cohort,important_degree_top3,rolling5,exact_1_2,nevertreated,pc_score,knowledge_level_pc_score,low,downstream_outcomes,overall_new_release_count,TRUE,sa,-13,0.459029617113181,0.180271714876124,0.105697055955977,0.812362178270384
opened_cohort,important_degree_top3,rolling5,exact_1_2,nevertreated,pc_score,knowledge_level_pc_score,low,downstream_outcomes,overall_new_release_count,TRUE,sa,-12,0.453604053511824,0.147815329383169,0.163886007920812,0.743322099102836
opened_cohort,important_degree_top3,rolling5,exact_1_2,nevertreated,pc_score,knowledge_level_pc_score,low,downstream_outcomes,overall_new_release_count,TRUE,sa,-11,0.334395716977044,0.132598228925653,0.0745031882827646,0.594288245671323
opened_cohort,important_degree_top3,rolling5,exact_1_2,nevertreated,pc_score,knowledge_level_pc_score,low,downstream_outcomes,overall_new_release_count,TRUE,sa,-10,0.37377767268284,0.123963430810689,0.130809348293889,0.616745997071791
opened_cohort,important_degree_top3,rolling5,exact_1_2,nevertreated,pc_score,knowledge_level_pc_score,low,downstream_outcomes,overall_new_release_count,TRUE,sa,-9,0.24884491238111,0.112552302582855,0.0282423993187137,0.469447425443506
opened_cohort,important_degree_top3,rolling5,exact_1_2,nevertreated,pc_score,knowledge_level_pc_score,low,downstream_outcomes,overall_new_release_count,TRUE,sa,-8,0.177392518677785,0.109613609894141,-0.0374501567147306,0.392235194070301
opened_cohort,important_degree_top3,rolling5,exact_1_2,nevertreated,pc_score,knowledge_level_pc_score,low,downstream_outcomes,overall_new_release_count,TRUE,sa,-7,0.14577201225615,0.118986703699611,-0.087441926995087,0.378985951507388
opened_cohort,important_degree_top3,rolling5,exact_1_2,nevertreated,pc_score,knowledge_level_pc_score,low,downstream_outcomes,overall_new_release_count,TRUE,sa,-6,-0.0332137102499775,0.115642453778049,-0.259872919654954,0.193445499154999
opened_cohort,important_degree_top3,rolling5,exact_1_2,nevertreated,pc_score,knowledge_level_pc_score,low,downstream_outcomes,overall_new_release_count,TRUE,sa,-5,-0.129983245522102,0.0924356093258469,-0.311157039800762,0.0511905487565579
opened_cohort,important_degree_top3,rolling5,exact_1_2,nevertreated,pc_score,knowledge_level_pc_score,low,downstream_outcomes,overall_new_release_count,TRUE,sa,-4,-0.0906673634328881,0.0953430340748972,-0.277539710219687,0.0962049833539104
opened_cohort,important_degree_top3,rolling5,exact_1_2,nevertreated,pc_score,knowledge_level_pc_score,low,downstream_outcomes,overall_new_release_count,TRUE,sa,-3,-0.14708311696954,0.0993434354628344,-0.341796250476695,0.0476300165376153
opened_cohort,important_degree_top3,rolling5,exact_1_2,nevertreated,pc_score,knowledge_level_pc_score,low,downstream_outcomes,overall_new_release_count,TRUE,sa,-2,0.0520525676421323,0.0906900844802074,-0.125699997939074,0.229805133223339
opened_cohort,important_degree_top3,rolling5,exact_1_2,nevertreated,pc_score,knowledge_level_pc_score,low,downstream_outcomes,overall_new_release_count,TRUE,sa,-1,0,0,0,0
opened_cohort,important_degree_top3,rolling5,exact_1_2,nevertreated,pc_score,knowledge_level_pc_score,low,downstream_outcomes,overall_new_release_count,TRUE,sa,0,-0.0297708921679693,0.112822582098309,-0.250903153080655,0.191361368744717
opened_cohort,important_degree_top3,rolling5,exact_1_2,nevertreated,pc_score,knowledge_level_pc_score,low,downstream_outcomes,overall_new_release_count,TRUE,sa,1,-0.392254983642585,0.119660403467422,-0.626789374438732,-0.157720592846437
opened_cohort,important_degree_top3,rolling5,exact_1_2,nevertreated,pc_score,knowledge_level_pc_score,low,downstream_outcomes,overall_new_release_count,TRUE,sa,2,-0.35587895163861,0.113096009403878,-0.57754713007021,-0.13421077320701
opened_cohort,important_degree_top3,rolling5,exact_1_2,nevertreated,pc_score,knowledge_level_pc_score,low,downstream_outcomes,overall_new_release_count,TRUE,sa,3,-0.642070093250104,0.124172487261356,-0.885448168282361,-0.398692018217846
opened_cohort,important_degree_top3,rolling5,exact_1_2,nevertreated,pc_score,knowledge_level_pc_score,low,downstream_outcomes,overall_new_release_count,TRUE,sa,4,-0.516054609975105,0.148278072952697,-0.806679632962392,-0.225429586987819
opened_cohort,important_degree_top3,rolling5,exact_1_2,nevertreated,pc_score,knowledge_level_pc_score,low,downstream_outcomes,overall_new_release_count,TRUE,sa,5,-0.43761744855475,0.173269074524197,-0.777224834622176,-0.0980100624873236
opened_cohort,important_degree_top3,rolling5,exact_1_2,nevertreated,pc_score,knowledge_level_pc_score,low,downstream_outcomes,overall_new_release_count,TRUE,sa,6,-0.830358193431084,0.157547310265673,-1.1391509215518,-0.521565465310366
opened_cohort,important_degree_top3,rolling5,exact_1_2,nevertreated,pc_score,knowledge_level_pc_score,low,downstream_outcomes,overall_new_release_count,TRUE,sa,7,-0.651140383373467,0.155952626473864,-0.95680753126224,-0.345473235484693
opened_cohort,important_degree_top3,rolling5,exact_1_2,nevertreated,pc_score,knowledge_level_pc_score,low,downstream_outcomes,overall_new_release_count,TRUE,sa,8,-0.613664343678134,0.182246200449869,-0.970866896559876,-0.256461790796392
opened_cohort,important_degree_top3,rolling5,exact_1_2,nevertreated,pc_score,knowledge_level_pc_score,low,downstream_outcomes,overall_new_release_count,TRUE,sa,9,-0.88753781062663,0.203451748735064,-1.28630323814736,-0.488772383105905
opened_cohort,important_degree_top3,rolling5,exact_1_2,nevertreated,pc_score,knowledge_level_pc_score,low,downstream_outcomes,overall_new_release_count,TRUE,sa,10,-0.186351463788366,0.588303003945678,-1.3394253515219,0.966722423945163
opened_cohort,important_degree_top3,rolling5,exact_1_2,nevertreated,pc_score,knowledge_level_pc_score,low,downstream_outcomes,overall_new_release_count,TRUE,sa,11,-1.02486062242675,0.343873869631483,-1.69885340690446,-0.350867837949046
opened_cohort,important_degree_top3,rolling5,exact_1_2,nevertreated,pc_score,knowledge_level_pc_score,high,downstream_outcomes,overall_new_release_count,TRUE,sa,-15,0.751574347842979,0.288755199273154,0.185614157267598,1.31753453841836
opened_cohort,important_degree_top3,rolling5,exact_1_2,nevertreated,pc_score,knowledge_level_pc_score,high,downstream_outcomes,overall_new_release_count,TRUE,sa,-14,0.656277549523982,0.259506466813505,0.147644874569513,1.16491022447845
opened_cohort,important_degree_top3,rolling5,exact_1_2,nevertreated,pc_score,knowledge_level_pc_score,high,downstream_outcomes,overall_new_release_count,TRUE,sa,-13,0.629261281247031,0.258968305688673,0.121683402097232,1.13683916039683
opened_cohort,important_degree_top3,rolling5,exact_1_2,nevertreated,pc_score,knowledge_level_pc_score,high,downstream_outcomes,overall_new_release_count,TRUE,sa,-12,0.67246696065919,0.264949747113741,0.153165456316257,1.19176846500212
opened_cohort,important_degree_top3,rolling5,exact_1_2,nevertreated,pc_score,knowledge_level_pc_score,high,downstream_outcomes,overall_new_release_count,TRUE,sa,-11,0.554518871743175,0.234685271031063,0.094535740522291,1.01450200296406
opened_cohort,important_degree_top3,rolling5,exact_1_2,nevertreated,pc_score,knowledge_level_pc_score,high,downstream_outcomes,overall_new_release_count,TRUE,sa,-10,0.440369023329493,0.221565105612859,0.00610141632829037,0.874636630330696
opened_cohort,important_degree_top3,rolling5,exact_1_2,nevertreated,pc_score,knowledge_level_pc_score,high,downstream_outcomes,overall_new_release_count,TRUE,sa,-9,0.382689825868984,0.202943046216826,-0.0150785447159946,0.780458196453962
opened_cohort,important_degree_top3,rolling5,exact_1_2,nevertreated,pc_score,knowledge_level_pc_score,high,downstream_outcomes,overall_new_release_count,TRUE,sa,-8,0.440393952738998,0.189291660181894,0.069382298782487,0.81140560669551
opened_cohort,important_degree_top3,rolling5,exact_1_2,nevertreated,pc_score,knowledge_level_pc_score,high,downstream_outcomes,overall_new_release_count,TRUE,sa,-7,0.388884469461261,0.185412780329347,0.0254754200157402,0.752293518906782
opened_cohort,important_degree_top3,rolling5,exact_1_2,nevertreated,pc_score,knowledge_level_pc_score,high,downstream_outcomes,overall_new_release_count,TRUE,sa,-6,0.577063169148648,0.184754583730167,0.214944185037521,0.939182153259774
opened_cohort,important_degree_top3,rolling5,exact_1_2,nevertreated,pc_score,knowledge_level_pc_score,high,downstream_outcomes,overall_new_release_count,TRUE,sa,-5,0.328644958022117,0.157075505046166,0.0207769681316319,0.636512947912601
opened_cohort,important_degree_top3,rolling5,exact_1_2,nevertreated,pc_score,knowledge_level_pc_score,high,downstream_outcomes,overall_new_release_count,TRUE,sa,-4,0.234176830800524,0.135999396167191,-0.0323819856871694,0.500735647288218
opened_cohort,important_degree_top3,rolling5,exact_1_2,nevertreated,pc_score,knowledge_level_pc_score,high,downstream_outcomes,overall_new_release_count,TRUE,sa,-3,0.147945076291551,0.111015849381588,-0.0696459884963606,0.365536141079463
opened_cohort,important_degree_top3,rolling5,exact_1_2,nevertreated,pc_score,knowledge_level_pc_score,high,downstream_outcomes,overall_new_release_count,TRUE,sa,-2,0.138336632565708,0.0956341780368949,-0.0491063563866061,0.325779621518022
opened_cohort,important_degree_top3,rolling5,exact_1_2,nevertreated,pc_score,knowledge_level_pc_score,high,downstream_outcomes,overall_new_release_count,TRUE,sa,-1,0,0,0,0
opened_cohort,important_degree_top3,rolling5,exact_1_2,nevertreated,pc_score,knowledge_level_pc_score,high,downstream_outcomes,overall_new_release_count,TRUE,sa,0,0.25468132591306,0.141319618502775,-0.0223051263523789,0.531667778178498
opened_cohort,important_degree_top3,rolling5,exact_1_2,nevertreated,pc_score,knowledge_level_pc_score,high,downstream_outcomes,overall_new_release_count,TRUE,sa,1,-0.403401918319647,0.127924336718735,-0.654133618288366,-0.152670218350927
opened_cohort,important_degree_top3,rolling5,exact_1_2,nevertreated,pc_score,knowledge_level_pc_score,high,downstream_outcomes,overall_new_release_count,TRUE,sa,2,-0.461915913381643,0.17312199545093,-0.801235024465466,-0.12259680229782
opened_cohort,important_degree_top3,rolling5,exact_1_2,nevertreated,pc_score,knowledge_level_pc_score,high,downstream_outcomes,overall_new_release_count,TRUE,sa,3,-0.30687738356589,0.190628913994616,-0.680510054995336,0.0667552878635567
opened_cohort,important_degree_top3,rolling5,exact_1_2,nevertreated,pc_score,knowledge_level_pc_score,high,downstream_outcomes,overall_new_release_count,TRUE,sa,4,-0.391705824139154,0.284883517689775,-0.950077518811113,0.166665870532804
opened_cohort,important_degree_top3,rolling5,exact_1_2,nevertreated,pc_score,knowledge_level_pc_score,high,downstream_outcomes,overall_new_release_count,TRUE,sa,5,-0.473122975830903,0.283226538302547,-1.0282469909039,0.0820010392420904
opened_cohort,important_degree_top3,rolling5,exact_1_2,nevertreated,pc_score,knowledge_level_pc_score,high,downstream_outcomes,overall_new_release_count,TRUE,sa,6,-0.582767257557873,0.275327773660349,-1.12240969393216,-0.0431248211835893
opened_cohort,important_degree_top3,rolling5,exact_1_2,nevertreated,pc_score,knowledge_level_pc_score,high,downstream_outcomes,overall_new_release_count,TRUE,sa,7,-0.551369861325791,0.358225895864009,-1.25349261721925,0.150752894567666
opened_cohort,important_degree_top3,rolling5,exact_1_2,nevertreated,pc_score,knowledge_level_pc_score,high,downstream_outcomes,overall_new_release_count,TRUE,sa,8,-0.862631156274419,0.337281717176988,-1.52370332194131,-0.201558990607523
opened_cohort,important_degree_top3,rolling5,exact_1_2,nevertreated,pc_score,knowledge_level_pc_score,high,downstream_outcomes,overall_new_release_count,TRUE,sa,9,-0.933836174317483,0.387255749853996,-1.69285744403131,-0.174814904603652
opened_cohort,important_degree_top3,rolling5,exact_1_2,nevertreated,pc_score,knowledge_level_pc_score,high,downstream_outcomes,overall_new_release_count,TRUE,sa,10,-1.06944393482174,0.423158348055872,-1.89883429701125,-0.240053572632231
opened_cohort,important_degree_top3,rolling5,exact_1_2,nevertreated,pc_score,knowledge_level_pc_score,high,downstream_outcomes,overall_new_release_count,TRUE,sa,11,-1.79141718658542,0.328476278617483,-2.43523069267568,-1.14760368049515
opened_cohort,important_degree_top3,rolling5,exact_1_2,nevertreated,pc_score,discussion_quality_pc_score,low,downstream_outcomes,overall_new_release_count,TRUE,sa,-15,0.624354509540733,0.199938129184386,0.232475776339336,1.01623324274213
opened_cohort,important_degree_top3,rolling5,exact_1_2,nevertreated,pc_score,discussion_quality_pc_score,low,downstream_outcomes,overall_new_release_count,TRUE,sa,-14,0.49748256209471,0.182276642706792,0.140220342389399,0.854744781800022
opened_cohort,important_degree_top3,rolling5,exact_1_2,nevertreated,pc_score,discussion_quality_pc_score,low,downstream_outcomes,overall_new_release_count,TRUE,sa,-13,0.545977230120204,0.166665819330517,0.21931222423239,0.872642236008018
opened_cohort,important_degree_top3,rolling5,exact_1_2,nevertreated,pc_score,discussion_quality_pc_score,low,downstream_outcomes,overall_new_release_count,TRUE,sa,-12,0.462261845288645,0.144532133469912,0.178978863687618,0.745544826889671
opened_cohort,important_degree_top3,rolling5,exact_1_2,nevertreated,pc_score,discussion_quality_pc_score,low,downstream_outcomes,overall_new_release_count,TRUE,sa,-11,0.269899660868805,0.127046819407831,0.0208878948294556,0.518911426908154
opened_cohort,important_degree_top3,rolling5,exact_1_2,nevertreated,pc_score,discussion_quality_pc_score,low,downstream_outcomes,overall_new_release_count,TRUE,sa,-10,0.235137611233907,0.124167221062532,-0.00823014204865627,0.478505364516471
opened_cohort,important_degree_top3,rolling5,exact_1_2,nevertreated,pc_score,discussion_quality_pc_score,low,downstream_outcomes,overall_new_release_count,TRUE,sa,-9,0.112349939155163,0.112883869135021,-0.108902444349479,0.333602322659804
opened_cohort,important_degree_top3,rolling5,exact_1_2,nevertreated,pc_score,discussion_quality_pc_score,low,downstream_outcomes,overall_new_release_count,TRUE,sa,-8,0.0781434232215013,0.112531637360476,-0.142418586005032,0.298705432448034
opened_cohort,important_degree_top3,rolling5,exact_1_2,nevertreated,pc_score,discussion_quality_pc_score,low,downstream_outcomes,overall_new_release_count,TRUE,sa,-7,0.022520646901615,0.136094839938664,-0.244225239378166,0.289266533181396
opened_cohort,important_degree_top3,rolling5,exact_1_2,nevertreated,pc_score,discussion_quality_pc_score,low,downstream_outcomes,overall_new_release_count,TRUE,sa,-6,-0.0059994093854578,0.134476295251235,-0.269572948077879,0.257574129306964
opened_cohort,important_degree_top3,rolling5,exact_1_2,nevertreated,pc_score,discussion_quality_pc_score,low,downstream_outcomes,overall_new_release_count,TRUE,sa,-5,-0.0605642400866972,0.0975710184373329,-0.25180343622387,0.130674956050475
opened_cohort,important_degree_top3,rolling5,exact_1_2,nevertreated,pc_score,discussion_quality_pc_score,low,downstream_outcomes,overall_new_release_count,TRUE,sa,-4,-0.145206647623553,0.0914824012313095,-0.32451215403692,0.0340988587898137
opened_cohort,important_degree_top3,rolling5,exact_1_2,nevertreated,pc_score,discussion_quality_pc_score,low,downstream_outcomes,overall_new_release_count,TRUE,sa,-3,-0.180715651551841,0.0916776117530754,-0.360403770587868,-0.00102753251581278
opened_cohort,important_degree_top3,rolling5,exact_1_2,nevertreated,pc_score,discussion_quality_pc_score,low,downstream_outcomes,overall_new_release_count,TRUE,sa,-2,-0.0248195441002329,0.0874349952587357,-0.196192134807355,0.146553046606889
opened_cohort,important_degree_top3,rolling5,exact_1_2,nevertreated,pc_score,discussion_quality_pc_score,low,downstream_outcomes,overall_new_release_count,TRUE,sa,-1,0,0,0,0
opened_cohort,important_degree_top3,rolling5,exact_1_2,nevertreated,pc_score,discussion_quality_pc_score,low,downstream_outcomes,overall_new_release_count,TRUE,sa,0,0.0864167151105464,0.129187878704187,-0.16679152714966,0.339624957370753
opened_cohort,important_degree_top3,rolling5,exact_1_2,nevertreated,pc_score,discussion_quality_pc_score,low,downstream_outcomes,overall_new_release_count,TRUE,sa,1,-0.388106008345693,0.106277541739662,-0.59640999015543,-0.179802026535956
opened_cohort,important_degree_top3,rolling5,exact_1_2,nevertreated,pc_score,discussion_quality_pc_score,low,downstream_outcomes,overall_new_release_count,TRUE,sa,2,-0.443933057035457,0.107451716013949,-0.654538420422797,-0.233327693648117
opened_cohort,important_degree_top3,rolling5,exact_1_2,nevertreated,pc_score,discussion_quality_pc_score,low,downstream_outcomes,overall_new_release_count,TRUE,sa,3,-0.478962750436632,0.138992908910947,-0.751388851902088,-0.206536648971176
opened_cohort,important_degree_top3,rolling5,exact_1_2,nevertreated,pc_score,discussion_quality_pc_score,low,downstream_outcomes,overall_new_release_count,TRUE,sa,4,-0.361264769068531,0.206536984463331,-0.766077258616661,0.0435477204795985
opened_cohort,important_degree_top3,rolling5,exact_1_2,nevertreated,pc_score,discussion_quality_pc_score,low,downstream_outcomes,overall_new_release_count,TRUE,sa,5,-0.362460468515894,0.216370024498409,-0.786545716532774,0.0616247795009872
opened_cohort,important_degree_top3,rolling5,exact_1_2,nevertreated,pc_score,discussion_quality_pc_score,low,downstream_outcomes,overall_new_release_count,TRUE,sa,6,-0.770150949548811,0.172454466737263,-1.10816170435385,-0.432140194743776
opened_cohort,important_degree_top3,rolling5,exact_1_2,nevertreated,pc_score,discussion_quality_pc_score,low,downstream_outcomes,overall_new_release_count,TRUE,sa,7,-0.578316882482663,0.18655875492137,-0.943972042128547,-0.212661722836778
opened_cohort,important_degree_top3,rolling5,exact_1_2,nevertreated,pc_score,discussion_quality_pc_score,low,downstream_outcomes,overall_new_release_count,TRUE,sa,8,-0.685916721858125,0.189803786210247,-1.05793214283021,-0.31390130088604
opened_cohort,important_degree_top3,rolling5,exact_1_2,nevertreated,pc_score,discussion_quality_pc_score,low,downstream_outcomes,overall_new_release_count,TRUE,sa,9,-1.0500237673461,0.232942958120242,-1.50659196526178,-0.593455569430428
opened_cohort,important_degree_top3,rolling5,exact_1_2,nevertreated,pc_score,discussion_quality_pc_score,low,downstream_outcomes,overall_new_release_count,TRUE,sa,10,-0.178671136235098,0.6020106577505,-1.35861202542608,1.00126975295588
opened_cohort,important_degree_top3,rolling5,exact_1_2,nevertreated,pc_score,discussion_quality_pc_score,low,downstream_outcomes,overall_new_release_count,TRUE,sa,11,-1.40657095398438,0.306143781384679,-2.00661276549835,-0.806529142470411
opened_cohort,important_degree_top3,rolling5,exact_1_2,nevertreated,pc_score,discussion_quality_pc_score,high,downstream_outcomes,overall_new_release_count,TRUE,sa,-15,0.725408310846679,0.275204218330853,0.186008042918207,1.26480857877515
opened_cohort,important_degree_top3,rolling5,exact_1_2,nevertreated,pc_score,discussion_quality_pc_score,high,downstream_outcomes,overall_new_release_count,TRUE,sa,-14,0.786521838504811,0.249480255295526,0.297540538125579,1.27550313888404
opened_cohort,important_degree_top3,rolling5,exact_1_2,nevertreated,pc_score,discussion_quality_pc_score,high,downstream_outcomes,overall_new_release_count,TRUE,sa,-13,0.663875705283929,0.256512100538275,0.161111988228909,1.16663942233895
opened_cohort,important_degree_top3,rolling5,exact_1_2,nevertreated,pc_score,discussion_quality_pc_score,high,downstream_outcomes,overall_new_release_count,TRUE,sa,-12,0.648916084196593,0.254626109333722,0.149848909902498,1.14798325849069
opened_cohort,important_degree_top3,rolling5,exact_1_2,nevertreated,pc_score,discussion_quality_pc_score,high,downstream_outcomes,overall_new_release_count,TRUE,sa,-11,0.59368344979023,0.225922272827493,0.150875795048344,1.03649110453212
opened_cohort,important_degree_top3,rolling5,exact_1_2,nevertreated,pc_score,discussion_quality_pc_score,high,downstream_outcomes,overall_new_release_count,TRUE,sa,-10,0.569788932281659,0.203941092475637,0.170064391029411,0.969513473533908
opened_cohort,important_degree_top3,rolling5,exact_1_2,nevertreated,pc_score,discussion_quality_pc_score,high,downstream_outcomes,overall_new_release_count,TRUE,sa,-9,0.513136927022209,0.194048830346803,0.132801219542476,0.893472634501942
opened_cohort,important_degree_top3,rolling5,exact_1_2,nevertreated,pc_score,discussion_quality_pc_score,high,downstream_outcomes,overall_new_release_count,TRUE,sa,-8,0.490897215229057,0.178930136393655,0.140194147897493,0.841600282560621
opened_cohort,important_degree_top3,rolling5,exact_1_2,nevertreated,pc_score,discussion_quality_pc_score,high,downstream_outcomes,overall_new_release_count,TRUE,sa,-7,0.51659143689336,0.17891900739331,0.165910182402471,0.867272691384248
opened_cohort,important_degree_top3,rolling5,exact_1_2,nevertreated,pc_score,discussion_quality_pc_score,high,downstream_outcomes,overall_new_release_count,TRUE,sa,-6,0.592509219460936,0.174374240382746,0.250735708310755,0.934282730611118
opened_cohort,important_degree_top3,rolling5,exact_1_2,nevertreated,pc_score,discussion_quality_pc_score,high,downstream_outcomes,overall_new_release_count,TRUE,sa,-5,0.25629705065839,0.148402821598793,-0.0345724796752443,0.547166580992023
opened_cohort,important_degree_top3,rolling5,exact_1_2,nevertreated,pc_score,discussion_quality_pc_score,high,downstream_outcomes,overall_new_release_count,TRUE,sa,-4,0.297254692571078,0.136839846590208,0.0290485932542711,0.565460791887885
opened_cohort,important_degree_top3,rolling5,exact_1_2,nevertreated,pc_score,discussion_quality_pc_score,high,downstream_outcomes,overall_new_release_count,TRUE,sa,-3,0.2143795603597,0.117929583404448,-0.016762423113018,0.445521543832418
opened_cohort,important_degree_top3,rolling5,exact_1_2,nevertreated,pc_score,discussion_quality_pc_score,high,downstream_outcomes,overall_new_release_count,TRUE,sa,-2,0.234522583528174,0.100790992839507,0.0369722375627404,0.432072929493608
opened_cohort,important_degree_top3,rolling5,exact_1_2,nevertreated,pc_score,discussion_quality_pc_score,high,downstream_outcomes,overall_new_release_count,TRUE,sa,-1,0,0,0,0
opened_cohort,important_degree_top3,rolling5,exact_1_2,nevertreated,pc_score,discussion_quality_pc_score,high,downstream_outcomes,overall_new_release_count,TRUE,sa,0,0.136988519763049,0.123812979557212,-0.105684920169086,0.379661959695183
opened_cohort,important_degree_top3,rolling5,exact_1_2,nevertreated,pc_score,discussion_quality_pc_score,high,downstream_outcomes,overall_new_release_count,TRUE,sa,1,-0.408489343188096,0.13909709085729,-0.681119641268385,-0.135859045107807
opened_cohort,important_degree_top3,rolling5,exact_1_2,nevertreated,pc_score,discussion_quality_pc_score,high,downstream_outcomes,overall_new_release_count,TRUE,sa,2,-0.360811889359837,0.177118018931497,-0.707963206465572,-0.0136605722541023
opened_cohort,important_degree_top3,rolling5,exact_1_2,nevertreated,pc_score,discussion_quality_pc_score,high,downstream_outcomes,overall_new_release_count,TRUE,sa,3,-0.517331844706892,0.177793755115211,-0.865807604732706,-0.168856084681077
opened_cohort,important_degree_top3,rolling5,exact_1_2,nevertreated,pc_score,discussion_quality_pc_score,high,downstream_outcomes,overall_new_release_count,TRUE,sa,4,-0.599636951695594,0.219695713454956,-1.03024055006731,-0.169033353323881
opened_cohort,important_degree_top3,rolling5,exact_1_2,nevertreated,pc_score,discussion_quality_pc_score,high,downstream_outcomes,overall_new_release_count,TRUE,sa,5,-0.598244070402649,0.222341334427461,-1.03403308588047,-0.162455054924826
opened_cohort,important_degree_top3,rolling5,exact_1_2,nevertreated,pc_score,discussion_quality_pc_score,high,downstream_outcomes,overall_new_release_count,TRUE,sa,6,-0.662995254068353,0.263703521490911,-1.17985415619054,-0.146136351946167
opened_cohort,important_degree_top3,rolling5,exact_1_2,nevertreated,pc_score,discussion_quality_pc_score,high,downstream_outcomes,overall_new_release_count,TRUE,sa,7,-0.599128557449417,0.327291381797196,-1.24061966577192,0.0423625508730878
opened_cohort,important_degree_top3,rolling5,exact_1_2,nevertreated,pc_score,discussion_quality_pc_score,high,downstream_outcomes,overall_new_release_count,TRUE,sa,8,-0.817088116779114,0.304613520826664,-1.41413061759938,-0.220045615958852
opened_cohort,important_degree_top3,rolling5,exact_1_2,nevertreated,pc_score,discussion_quality_pc_score,high,downstream_outcomes,overall_new_release_count,TRUE,sa,9,-0.775243803063393,0.350057765553067,-1.4613570235474,-0.0891305825793821
opened_cohort,important_degree_top3,rolling5,exact_1_2,nevertreated,pc_score,discussion_quality_pc_score,high,downstream_outcomes,overall_new_release_count,TRUE,sa,10,-0.932706653898073,0.404132806271711,-1.72480695419063,-0.14060635360552
opened_cohort,important_degree_top3,rolling5,exact_1_2,nevertreated,pc_score,discussion_quality_pc_score,high,downstream_outcomes,overall_new_release_count,TRUE,sa,11,-1.94966138714297,0.306366086486384,-2.55013891665628,-1.34918385762966
opened_cohort,important_degree_top3,rolling5,exact_1_2,nevertreated,pc_score,investment_in_new_talent_pc_score,low,downstream_outcomes,overall_new_release_count,TRUE,sa,-15,0.558414694233344,0.229622715259259,0.108354172325196,1.00847521614149
opened_cohort,important_degree_top3,rolling5,exact_1_2,nevertreated,pc_score,investment_in_new_talent_pc_score,low,downstream_outcomes,overall_new_release_count,TRUE,sa,-14,0.514848827617592,0.200174449855672,0.122506905900475,0.907190749334709
opened_cohort,important_degree_top3,rolling5,exact_1_2,nevertreated,pc_score,investment_in_new_talent_pc_score,low,downstream_outcomes,overall_new_release_count,TRUE,sa,-13,0.578104952010928,0.219196809968802,0.148479204472076,1.00773069954978
opened_cohort,important_degree_top3,rolling5,exact_1_2,nevertreated,pc_score,investment_in_new_talent_pc_score,low,downstream_outcomes,overall_new_release_count,TRUE,sa,-12,0.716691767541541,0.27839003468049,0.171047299567781,1.2623362355153
opened_cohort,important_degree_top3,rolling5,exact_1_2,nevertreated,pc_score,investment_in_new_talent_pc_score,low,downstream_outcomes,overall_new_release_count,TRUE,sa,-11,0.612196332395472,0.236418534937783,0.148816003917417,1.07557666087353
opened_cohort,important_degree_top3,rolling5,exact_1_2,nevertreated,pc_score,investment_in_new_talent_pc_score,low,downstream_outcomes,overall_new_release_count,TRUE,sa,-10,0.555293682187187,0.212231154250599,0.139320619856012,0.971266744518361
opened_cohort,important_degree_top3,rolling5,exact_1_2,nevertreated,pc_score,investment_in_new_talent_pc_score,low,downstream_outcomes,overall_new_release_count,TRUE,sa,-9,0.425918356320851,0.197479153595273,0.0388592152741158,0.812977497367586
opened_cohort,important_degree_top3,rolling5,exact_1_2,nevertreated,pc_score,investment_in_new_talent_pc_score,low,downstream_outcomes,overall_new_release_count,TRUE,sa,-8,0.418798717235725,0.18647975200504,0.053298403305847,0.784299031165604
opened_cohort,important_degree_top3,rolling5,exact_1_2,nevertreated,pc_score,investment_in_new_talent_pc_score,low,downstream_outcomes,overall_new_release_count,TRUE,sa,-7,0.384307048536698,0.192485032728336,0.00703638438915966,0.761577712684236
opened_cohort,important_degree_top3,rolling5,exact_1_2,nevertreated,pc_score,investment_in_new_talent_pc_score,low,downstream_outcomes,overall_new_release_count,TRUE,sa,-6,0.458744523290017,0.180087887439049,0.105772263909481,0.811716782670553
opened_cohort,important_degree_top3,rolling5,exact_1_2,nevertreated,pc_score,investment_in_new_talent_pc_score,low,downstream_outcomes,overall_new_release_count,TRUE,sa,-5,0.114241431602054,0.146221724480077,-0.172353148378897,0.400836011583005
opened_cohort,important_degree_top3,rolling5,exact_1_2,nevertreated,pc_score,investment_in_new_talent_pc_score,low,downstream_outcomes,overall_new_release_count,TRUE,sa,-4,0.0698434015152869,0.111935205628354,-0.149549601516287,0.289236404546861
opened_cohort,important_degree_top3,rolling5,exact_1_2,nevertreated,pc_score,investment_in_new_talent_pc_score,low,downstream_outcomes,overall_new_release_count,TRUE,sa,-3,-0.0204739507764766,0.0947092314101133,-0.206104044340299,0.165156142787346
opened_cohort,important_degree_top3,rolling5,exact_1_2,nevertreated,pc_score,investment_in_new_talent_pc_score,low,downstream_outcomes,overall_new_release_count,TRUE,sa,-2,0.131285631532288,0.0945462037922767,-0.0540249279005741,0.31659619096515
opened_cohort,important_degree_top3,rolling5,exact_1_2,nevertreated,pc_score,investment_in_new_talent_pc_score,low,downstream_outcomes,overall_new_release_count,TRUE,sa,-1,0,0,0,0
opened_cohort,important_degree_top3,rolling5,exact_1_2,nevertreated,pc_score,investment_in_new_talent_pc_score,low,downstream_outcomes,overall_new_release_count,TRUE,sa,0,0.200099719074817,0.11064978212753,-0.0167738538951418,0.416973292044776
opened_cohort,important_degree_top3,rolling5,exact_1_2,nevertreated,pc_score,investment_in_new_talent_pc_score,low,downstream_outcomes,overall_new_release_count,TRUE,sa,1,-0.255576852424888,0.112355347029381,-0.475793332602475,-0.0353603722473016
opened_cohort,important_degree_top3,rolling5,exact_1_2,nevertreated,pc_score,investment_in_new_talent_pc_score,low,downstream_outcomes,overall_new_release_count,TRUE,sa,2,-0.182419658920448,0.134864859529416,-0.446754783598102,0.081915465757207
opened_cohort,important_degree_top3,rolling5,exact_1_2,nevertreated,pc_score,investment_in_new_talent_pc_score,low,downstream_outcomes,overall_new_release_count,TRUE,sa,3,-0.263709856426625,0.153219855856273,-0.56402077390492,0.0366010610516695
opened_cohort,important_degree_top3,rolling5,exact_1_2,nevertreated,pc_score,investment_in_new_talent_pc_score,low,downstream_outcomes,overall_new_release_count,TRUE,sa,4,-0.139528377505164,0.204714335356931,-0.540768474804749,0.26171171979442
opened_cohort,important_degree_top3,rolling5,exact_1_2,nevertreated,pc_score,investment_in_new_talent_pc_score,low,downstream_outcomes,overall_new_release_count,TRUE,sa,5,-0.0850546623106506,0.205277308617869,-0.487398187201674,0.317288862580373
opened_cohort,important_degree_top3,rolling5,exact_1_2,nevertreated,pc_score,investment_in_new_talent_pc_score,low,downstream_outcomes,overall_new_release_count,TRUE,sa,6,-0.230459723920701,0.183615547403953,-0.590346196832449,0.129426748991046
opened_cohort,important_degree_top3,rolling5,exact_1_2,nevertreated,pc_score,investment_in_new_talent_pc_score,low,downstream_outcomes,overall_new_release_count,TRUE,sa,7,0.0455538859375686,0.22362283715532,-0.392746874886858,0.483854646761995
opened_cohort,important_degree_top3,rolling5,exact_1_2,nevertreated,pc_score,investment_in_new_talent_pc_score,low,downstream_outcomes,overall_new_release_count,TRUE,sa,8,-0.16395321514158,0.203817930465031,-0.56343635885304,0.235529928569881
opened_cohort,important_degree_top3,rolling5,exact_1_2,nevertreated,pc_score,investment_in_new_talent_pc_score,low,downstream_outcomes,overall_new_release_count,TRUE,sa,9,-0.341498673170076,0.220224139575305,-0.773137986737674,0.0901406403975222
opened_cohort,important_degree_top3,rolling5,exact_1_2,nevertreated,pc_score,investment_in_new_talent_pc_score,low,downstream_outcomes,overall_new_release_count,TRUE,sa,10,-0.0498518112665411,0.35113153516812,-0.738069620196056,0.638365997662973
opened_cohort,important_degree_top3,rolling5,exact_1_2,nevertreated,pc_score,investment_in_new_talent_pc_score,low,downstream_outcomes,overall_new_release_count,TRUE,sa,11,-1.22210294044509,0.253768122176326,-1.71948845991069,-0.724717420979489
opened_cohort,important_degree_top3,rolling5,exact_1_2,nevertreated,pc_score,investment_in_new_talent_pc_score,high,downstream_outcomes,overall_new_release_count,TRUE,sa,-15,0.710142005855059,0.264257939263043,0.192196444899494,1.22808756681062
opened_cohort,important_degree_top3,rolling5,exact_1_2,nevertreated,pc_score,investment_in_new_talent_pc_score,high,downstream_outcomes,overall_new_release_count,TRUE,sa,-14,0.681065072153381,0.232817825427054,0.224742134316356,1.13738800999041
opened_cohort,important_degree_top3,rolling5,exact_1_2,nevertreated,pc_score,investment_in_new_talent_pc_score,high,downstream_outcomes,overall_new_release_count,TRUE,sa,-13,0.448871628601703,0.221636306925231,0.0144644670282508,0.883278790175156
opened_cohort,important_degree_top3,rolling5,exact_1_2,nevertreated,pc_score,investment_in_new_talent_pc_score,high,downstream_outcomes,overall_new_release_count,TRUE,sa,-12,0.326556803197999,0.199415854570318,-0.0642982717598242,0.717411878155823
opened_cohort,important_degree_top3,rolling5,exact_1_2,nevertreated,pc_score,investment_in_new_talent_pc_score,high,downstream_outcomes,overall_new_release_count,TRUE,sa,-11,0.230713970392086,0.176403250960414,-0.115036401490326,0.576464342274498
opened_cohort,important_degree_top3,rolling5,exact_1_2,nevertreated,pc_score,investment_in_new_talent_pc_score,high,downstream_outcomes,overall_new_release_count,TRUE,sa,-10,0.242422441353334,0.162663148139915,-0.0763973290008988,0.561242211707566
opened_cohort,important_degree_top3,rolling5,exact_1_2,nevertreated,pc_score,investment_in_new_talent_pc_score,high,downstream_outcomes,overall_new_release_count,TRUE,sa,-9,0.220687263796279,0.153215912244401,-0.0796159242027481,0.520990451795305
opened_cohort,important_degree_top3,rolling5,exact_1_2,nevertreated,pc_score,investment_in_new_talent_pc_score,high,downstream_outcomes,overall_new_release_count,TRUE,sa,-8,0.178536744712275,0.143483110778426,-0.10269015241344,0.45976364183799
opened_cohort,important_degree_top3,rolling5,exact_1_2,nevertreated,pc_score,investment_in_new_talent_pc_score,high,downstream_outcomes,overall_new_release_count,TRUE,sa,-7,0.199700529928109,0.151756168490397,-0.0977415603130682,0.497142620169287
opened_cohort,important_degree_top3,rolling5,exact_1_2,nevertreated,pc_score,investment_in_new_talent_pc_score,high,downstream_outcomes,overall_new_release_count,TRUE,sa,-6,0.069902390547067,0.158789494542637,-0.241325018756501,0.381129799850635
opened_cohort,important_degree_top3,rolling5,exact_1_2,nevertreated,pc_score,investment_in_new_talent_pc_score,high,downstream_outcomes,overall_new_release_count,TRUE,sa,-5,0.0813494249509507,0.136917323572284,-0.187008529250726,0.349707379152627
opened_cohort,important_degree_top3,rolling5,exact_1_2,nevertreated,pc_score,investment_in_new_talent_pc_score,high,downstream_outcomes,overall_new_release_count,TRUE,sa,-4,0.0498607697626872,0.135044853718008,-0.214827143524608,0.314548683049983
opened_cohort,important_degree_top3,rolling5,exact_1_2,nevertreated,pc_score,investment_in_new_talent_pc_score,high,downstream_outcomes,overall_new_release_count,TRUE,sa,-3,-0.00401618259738187,0.118239642362382,-0.23576588162765,0.227733516432886
opened_cohort,important_degree_top3,rolling5,exact_1_2,nevertreated,pc_score,investment_in_new_talent_pc_score,high,downstream_outcomes,overall_new_release_count,TRUE,sa,-2,0.0366156348158166,0.0986339468266653,-0.156706900964447,0.229938170596081
opened_cohort,important_degree_top3,rolling5,exact_1_2,nevertreated,pc_score,investment_in_new_talent_pc_score,high,downstream_outcomes,overall_new_release_count,TRUE,sa,-1,0,0,0,0
opened_cohort,important_degree_top3,rolling5,exact_1_2,nevertreated,pc_score,investment_in_new_talent_pc_score,high,downstream_outcomes,overall_new_release_count,TRUE,sa,0,0.028476348836333,0.146157182704074,-0.257991729263651,0.314944426936317
opened_cohort,important_degree_top3,rolling5,exact_1_2,nevertreated,pc_score,investment_in_new_talent_pc_score,high,downstream_outcomes,overall_new_release_count,TRUE,sa,1,-0.469440801084616,0.132302860860708,-0.728754408371603,-0.210127193797629
opened_cohort,important_degree_top3,rolling5,exact_1_2,nevertreated,pc_score,investment_in_new_talent_pc_score,high,downstream_outcomes,overall_new_release_count,TRUE,sa,2,-0.504108245588221,0.147870297348171,-0.793934028390636,-0.214282462785806
opened_cohort,important_degree_top3,rolling5,exact_1_2,nevertreated,pc_score,investment_in_new_talent_pc_score,high,downstream_outcomes,overall_new_release_count,TRUE,sa,3,-0.561326898338073,0.175522604986919,-0.905351204112434,-0.217302592563712
opened_cohort,important_degree_top3,rolling5,exact_1_2,nevertreated,pc_score,investment_in_new_talent_pc_score,high,downstream_outcomes,overall_new_release_count,TRUE,sa,4,-0.629220421526701,0.22785647031316,-1.0758191033405,-0.182621739712907
opened_cohort,important_degree_top3,rolling5,exact_1_2,nevertreated,pc_score,investment_in_new_talent_pc_score,high,downstream_outcomes,overall_new_release_count,TRUE,sa,5,-0.702335140563097,0.246816390849847,-1.1860952666288,-0.218575014497397
opened_cohort,important_degree_top3,rolling5,exact_1_2,nevertreated,pc_score,investment_in_new_talent_pc_score,high,downstream_outcomes,overall_new_release_count,TRUE,sa,6,-1.025190571712,0.243951433405408,-1.5033353811866,-0.547045762237402
opened_cohort,important_degree_top3,rolling5,exact_1_2,nevertreated,pc_score,investment_in_new_talent_pc_score,high,downstream_outcomes,overall_new_release_count,TRUE,sa,7,-1.10318179494908,0.273867958097154,-1.6399629928195,-0.566400597078655
opened_cohort,important_degree_top3,rolling5,exact_1_2,nevertreated,pc_score,investment_in_new_talent_pc_score,high,downstream_outcomes,overall_new_release_count,TRUE,sa,8,-1.07600476286146,0.295903643753704,-1.65597590461872,-0.496033621104198
opened_cohort,important_degree_top3,rolling5,exact_1_2,nevertreated,pc_score,investment_in_new_talent_pc_score,high,downstream_outcomes,overall_new_release_count,TRUE,sa,9,-1.3517846250833,0.320104667652437,-1.97918977368207,-0.72437947648452
opened_cohort,important_degree_top3,rolling5,exact_1_2,nevertreated,pc_score,investment_in_new_talent_pc_score,high,downstream_outcomes,overall_new_release_count,TRUE,sa,10,-0.720435162747763,0.791704956952861,-2.27217687837537,0.831306552879845
opened_cohort,important_degree_top3,rolling5,exact_1_2,nevertreated,pc_score,investment_in_new_talent_pc_score,high,downstream_outcomes,overall_new_release_count,TRUE,sa,11,-1.52181466088851,0.52287759020436,-2.54665473768906,-0.496974584087966
opened_cohort,important_degree_top3,rolling5,exact_1_2,nevertreated,pc_score,problem_solving_routines_pc_score,low,downstream_outcomes,overall_new_release_count,TRUE,sa,-15,0.40611943804434,0.205092645939502,0.00413785200291739,0.808101024085763
opened_cohort,important_degree_top3,rolling5,exact_1_2,nevertreated,pc_score,problem_solving_routines_pc_score,low,downstream_outcomes,overall_new_release_count,TRUE,sa,-14,0.412032975605831,0.160067085937822,0.0983014871677008,0.725764464043962
opened_cohort,important_degree_top3,rolling5,exact_1_2,nevertreated,pc_score,problem_solving_routines_pc_score,low,downstream_outcomes,overall_new_release_count,TRUE,sa,-13,0.314449320126434,0.139149762942638,0.0417157847588639,0.587182855494005
opened_cohort,important_degree_top3,rolling5,exact_1_2,nevertreated,pc_score,problem_solving_routines_pc_score,low,downstream_outcomes,overall_new_release_count,TRUE,sa,-12,0.41189987292418,0.125084091269166,0.166735054036614,0.657064691811745
opened_cohort,important_degree_top3,rolling5,exact_1_2,nevertreated,pc_score,problem_solving_routines_pc_score,low,downstream_outcomes,overall_new_release_count,TRUE,sa,-11,0.314297490134417,0.114737491048011,0.0894120076803164,0.539182972588519
opened_cohort,important_degree_top3,rolling5,exact_1_2,nevertreated,pc_score,problem_solving_routines_pc_score,low,downstream_outcomes,overall_new_release_count,TRUE,sa,-10,0.264863591399917,0.113319927153726,0.0427565341786141,0.486970648621219
opened_cohort,important_degree_top3,rolling5,exact_1_2,nevertreated,pc_score,problem_solving_routines_pc_score,low,downstream_outcomes,overall_new_release_count,TRUE,sa,-9,0.150125318789399,0.102136908255181,-0.0500630213907555,0.350313658969554
opened_cohort,important_degree_top3,rolling5,exact_1_2,nevertreated,pc_score,problem_solving_routines_pc_score,low,downstream_outcomes,overall_new_release_count,TRUE,sa,-8,0.136014411846966,0.0964580801025281,-0.0530434251539894,0.325072248847921
opened_cohort,important_degree_top3,rolling5,exact_1_2,nevertreated,pc_score,problem_solving_routines_pc_score,low,downstream_outcomes,overall_new_release_count,TRUE,sa,-7,0.102583464493027,0.103094034330486,-0.0994808427947244,0.304647771780779
opened_cohort,important_degree_top3,rolling5,exact_1_2,nevertreated,pc_score,problem_solving_routines_pc_score,low,downstream_outcomes,overall_new_release_count,TRUE,sa,-6,0.156783977887909,0.105456836833711,-0.0499114223061651,0.363479378081982
opened_cohort,important_degree_top3,rolling5,exact_1_2,nevertreated,pc_score,problem_solving_routines_pc_score,low,downstream_outcomes,overall_new_release_count,TRUE,sa,-5,-0.0623534305430138,0.0851063977119603,-0.229161970058456,0.104455108972428
opened_cohort,important_degree_top3,rolling5,exact_1_2,nevertreated,pc_score,problem_solving_routines_pc_score,low,downstream_outcomes,overall_new_release_count,TRUE,sa,-4,-0.0391596093247002,0.0828797200055287,-0.201603860535536,0.123284641886136
opened_cohort,important_degree_top3,rolling5,exact_1_2,nevertreated,pc_score,problem_solving_routines_pc_score,low,downstream_outcomes,overall_new_release_count,TRUE,sa,-3,-0.0193831021581838,0.0880029598385545,-0.191868903441751,0.153102699125383
opened_cohort,important_degree_top3,rolling5,exact_1_2,nevertreated,pc_score,problem_solving_routines_pc_score,low,downstream_outcomes,overall_new_release_count,TRUE,sa,-2,0.101593295097345,0.0898923465787881,-0.0745957041970799,0.277782294391769
opened_cohort,important_degree_top3,rolling5,exact_1_2,nevertreated,pc_score,problem_solving_routines_pc_score,low,downstream_outcomes,overall_new_release_count,TRUE,sa,-1,0,0,0,0
opened_cohort,important_degree_top3,rolling5,exact_1_2,nevertreated,pc_score,problem_solving_routines_pc_score,low,downstream_outcomes,overall_new_release_count,TRUE,sa,0,0.213862287952716,0.123725828305,-0.028640335525085,0.456364911430516
opened_cohort,important_degree_top3,rolling5,exact_1_2,nevertreated,pc_score,problem_solving_routines_pc_score,low,downstream_outcomes,overall_new_release_count,TRUE,sa,1,-0.257224677313913,0.104061961149931,-0.461186121167777,-0.0532632334600491
opened_cohort,important_degree_top3,rolling5,exact_1_2,nevertreated,pc_score,problem_solving_routines_pc_score,low,downstream_outcomes,overall_new_release_count,TRUE,sa,2,-0.30023649569984,0.122094261038157,-0.539541247334627,-0.0609317440650535
opened_cohort,important_degree_top3,rolling5,exact_1_2,nevertreated,pc_score,problem_solving_routines_pc_score,low,downstream_outcomes,overall_new_release_count,TRUE,sa,3,-0.467289814711759,0.120696922426259,-0.703855782667228,-0.230723846756291
opened_cohort,important_degree_top3,rolling5,exact_1_2,nevertreated,pc_score,problem_solving_routines_pc_score,low,downstream_outcomes,overall_new_release_count,TRUE,sa,4,-0.263408597367205,0.164799983480257,-0.586416564988508,0.0595993702540986
opened_cohort,important_degree_top3,rolling5,exact_1_2,nevertreated,pc_score,problem_solving_routines_pc_score,low,downstream_outcomes,overall_new_release_count,TRUE,sa,5,-0.326708113824513,0.165077159438957,-0.65025934632487,-0.00315688132415642
opened_cohort,important_degree_top3,rolling5,exact_1_2,nevertreated,pc_score,problem_solving_routines_pc_score,low,downstream_outcomes,overall_new_release_count,TRUE,sa,6,-0.471231769649925,0.134275784944407,-0.734412308140964,-0.208051231158887
opened_cohort,important_degree_top3,rolling5,exact_1_2,nevertreated,pc_score,problem_solving_routines_pc_score,low,downstream_outcomes,overall_new_release_count,TRUE,sa,7,-0.401967543045514,0.146025391197546,-0.688177309792704,-0.115757776298325
opened_cohort,important_degree_top3,rolling5,exact_1_2,nevertreated,pc_score,problem_solving_routines_pc_score,low,downstream_outcomes,overall_new_release_count,TRUE,sa,8,-0.428214467180025,0.158532777306122,-0.738938710700025,-0.117490223660025
opened_cohort,important_degree_top3,rolling5,exact_1_2,nevertreated,pc_score,problem_solving_routines_pc_score,low,downstream_outcomes,overall_new_release_count,TRUE,sa,9,-0.432913873354813,0.205428855232502,-0.835554429610517,-0.0302733170991082
opened_cohort,important_degree_top3,rolling5,exact_1_2,nevertreated,pc_score,problem_solving_routines_pc_score,low,downstream_outcomes,overall_new_release_count,TRUE,sa,10,0.149415099285596,0.530616086737166,-0.890592430719249,1.18942262929044
opened_cohort,important_degree_top3,rolling5,exact_1_2,nevertreated,pc_score,problem_solving_routines_pc_score,low,downstream_outcomes,overall_new_release_count,TRUE,sa,11,-1.36393001007171,0.225429721502127,-1.80577226421588,-0.922087755927543
opened_cohort,important_degree_top3,rolling5,exact_1_2,nevertreated,pc_score,problem_solving_routines_pc_score,high,downstream_outcomes,overall_new_release_count,TRUE,sa,-15,1.01179714147925,0.280672322795882,0.461679388799318,1.56191489415917
opened_cohort,important_degree_top3,rolling5,exact_1_2,nevertreated,pc_score,problem_solving_routines_pc_score,high,downstream_outcomes,overall_new_release_count,TRUE,sa,-14,0.776971735094417,0.254159645406106,0.278818830098448,1.27512464009038
opened_cohort,important_degree_top3,rolling5,exact_1_2,nevertreated,pc_score,problem_solving_routines_pc_score,high,downstream_outcomes,overall_new_release_count,TRUE,sa,-13,0.668558693436858,0.24558172290287,0.187218516547234,1.14989887032648
opened_cohort,important_degree_top3,rolling5,exact_1_2,nevertreated,pc_score,problem_solving_routines_pc_score,high,downstream_outcomes,overall_new_release_count,TRUE,sa,-12,0.529723083602737,0.242839036099591,0.0537585728475387,1.00568759435794
opened_cohort,important_degree_top3,rolling5,exact_1_2,nevertreated,pc_score,problem_solving_routines_pc_score,high,downstream_outcomes,overall_new_release_count,TRUE,sa,-11,0.476853221716685,0.212996118244442,0.0593808299575792,0.894325613475791
opened_cohort,important_degree_top3,rolling5,exact_1_2,nevertreated,pc_score,problem_solving_routines_pc_score,high,downstream_outcomes,overall_new_release_count,TRUE,sa,-10,0.463878910405613,0.193627491003499,0.0843690280387546,0.843388792772471
opened_cohort,important_degree_top3,rolling5,exact_1_2,nevertreated,pc_score,problem_solving_routines_pc_score,high,downstream_outcomes,overall_new_release_count,TRUE,sa,-9,0.419381014218969,0.178567275292774,0.0693891546451317,0.769372873792807
opened_cohort,important_degree_top3,rolling5,exact_1_2,nevertreated,pc_score,problem_solving_routines_pc_score,high,downstream_outcomes,overall_new_release_count,TRUE,sa,-8,0.390017534903317,0.16659727361274,0.0634868786223456,0.716548191184288
opened_cohort,important_degree_top3,rolling5,exact_1_2,nevertreated,pc_score,problem_solving_routines_pc_score,high,downstream_outcomes,overall_new_release_count,TRUE,sa,-7,0.372483029930546,0.191315896752299,-0.00249612770396057,0.747462187565052
opened_cohort,important_degree_top3,rolling5,exact_1_2,nevertreated,pc_score,problem_solving_routines_pc_score,high,downstream_outcomes,overall_new_release_count,TRUE,sa,-6,0.31941024165326,0.18652649158439,-0.0461816818521438,0.685002165158663
opened_cohort,important_degree_top3,rolling5,exact_1_2,nevertreated,pc_score,problem_solving_routines_pc_score,high,downstream_outcomes,overall_new_release_count,TRUE,sa,-5,0.187082236307838,0.142689354801462,-0.0925888991030274,0.466753371718704
opened_cohort,important_degree_top3,rolling5,exact_1_2,nevertreated,pc_score,problem_solving_routines_pc_score,high,downstream_outcomes,overall_new_release_count,TRUE,sa,-4,0.0841870590413779,0.129195329493134,-0.169035786765164,0.33740990484792
opened_cohort,important_degree_top3,rolling5,exact_1_2,nevertreated,pc_score,problem_solving_routines_pc_score,high,downstream_outcomes,overall_new_release_count,TRUE,sa,-3,-0.0491300967339073,0.1129505802421,-0.270513234008423,0.172253040540608
opened_cohort,important_degree_top3,rolling5,exact_1_2,nevertreated,pc_score,problem_solving_routines_pc_score,high,downstream_outcomes,overall_new_release_count,TRUE,sa,-2,0.057069045399397,0.0936660660035253,-0.126516443967513,0.240654534766307
opened_cohort,important_degree_top3,rolling5,exact_1_2,nevertreated,pc_score,problem_solving_routines_pc_score,high,downstream_outcomes,overall_new_release_count,TRUE,sa,-1,0,0,0,0
opened_cohort,important_degree_top3,rolling5,exact_1_2,nevertreated,pc_score,problem_solving_routines_pc_score,high,downstream_outcomes,overall_new_release_count,TRUE,sa,0,0.00587566160736423,0.12485238401178,-0.238835011055725,0.250586334270453
opened_cohort,important_degree_top3,rolling5,exact_1_2,nevertreated,pc_score,problem_solving_routines_pc_score,high,downstream_outcomes,overall_new_release_count,TRUE,sa,1,-0.546734770511685,0.13483067789327,-0.811002899182495,-0.282466641840875
opened_cohort,important_degree_top3,rolling5,exact_1_2,nevertreated,pc_score,problem_solving_routines_pc_score,high,downstream_outcomes,overall_new_release_count,TRUE,sa,2,-0.474122820397558,0.153350340442884,-0.774689487665611,-0.173556153129505
opened_cohort,important_degree_top3,rolling5,exact_1_2,nevertreated,pc_score,problem_solving_routines_pc_score,high,downstream_outcomes,overall_new_release_count,TRUE,sa,3,-0.408379173960773,0.180572062069493,-0.762300415616979,-0.0544579323045664
opened_cohort,important_degree_top3,rolling5,exact_1_2,nevertreated,pc_score,problem_solving_routines_pc_score,high,downstream_outcomes,overall_new_release_count,TRUE,sa,4,-0.586945193319214,0.224862201226715,-1.02767510772358,-0.146215278914852
opened_cohort,important_degree_top3,rolling5,exact_1_2,nevertreated,pc_score,problem_solving_routines_pc_score,high,downstream_outcomes,overall_new_release_count,TRUE,sa,5,-0.520547668099441,0.247175931064416,-1.0050124929857,-0.0360828432131862
opened_cohort,important_degree_top3,rolling5,exact_1_2,nevertreated,pc_score,problem_solving_routines_pc_score,high,downstream_outcomes,overall_new_release_count,TRUE,sa,6,-0.8308152297808,0.246680344685901,-1.31430870536517,-0.347321754196434
opened_cohort,important_degree_top3,rolling5,exact_1_2,nevertreated,pc_score,problem_solving_routines_pc_score,high,downstream_outcomes,overall_new_release_count,TRUE,sa,7,-0.568587162272086,0.315440937106945,-1.1868513990017,0.0496770744575276
opened_cohort,important_degree_top3,rolling5,exact_1_2,nevertreated,pc_score,problem_solving_routines_pc_score,high,downstream_outcomes,overall_new_release_count,TRUE,sa,8,-0.833834535895362,0.283308303906053,-1.38911881155123,-0.278550260239498
opened_cohort,important_degree_top3,rolling5,exact_1_2,nevertreated,pc_score,problem_solving_routines_pc_score,high,downstream_outcomes,overall_new_release_count,TRUE,sa,9,-1.1560510807104,0.289806030759748,-1.7240709009995,-0.588031260421292
opened_cohort,important_degree_top3,rolling5,exact_1_2,nevertreated,pc_score,problem_solving_routines_pc_score,high,downstream_outcomes,overall_new_release_count,TRUE,sa,10,-1.0799336551174,0.351339690698143,-1.76855944888576,-0.391307861349043
opened_cohort,important_degree_top3,rolling5,exact_1_2,nevertreated,pc_score,problem_solving_routines_pc_score,high,downstream_outcomes,overall_new_release_count,TRUE,sa,11,-1.7141416620048,0.403746077480595,-2.50548397386677,-0.922799350142838
opened_cohort,important_degree_top3,rolling5,exact_1_2,nevertreated,pc_score,collaboration_pc_score,low,downstream_outcomes,overall_new_release_count,FALSE,sa,-15,1.54645325830912,1.46328754032956,-1.32159032073682,4.41449683735505
opened_cohort,important_degree_top3,rolling5,exact_1_2,nevertreated,pc_score,collaboration_pc_score,low,downstream_outcomes,overall_new_release_count,FALSE,sa,-14,1.51243192485077,1.04198929825704,-0.529867099733025,3.55473094943456
opened_cohort,important_degree_top3,rolling5,exact_1_2,nevertreated,pc_score,collaboration_pc_score,low,downstream_outcomes,overall_new_release_count,FALSE,sa,-13,1.79436355588229,1.00223150884434,-0.170010201452611,3.7587373132172
opened_cohort,important_degree_top3,rolling5,exact_1_2,nevertreated,pc_score,collaboration_pc_score,low,downstream_outcomes,overall_new_release_count,FALSE,sa,-12,1.44100068692466,0.98326312835501,-0.486195044651163,3.36819641850048
opened_cohort,important_degree_top3,rolling5,exact_1_2,nevertreated,pc_score,collaboration_pc_score,low,downstream_outcomes,overall_new_release_count,FALSE,sa,-11,1.08990620538071,0.935023617908761,-0.742740085720466,2.92255249648188
opened_cohort,important_degree_top3,rolling5,exact_1_2,nevertreated,pc_score,collaboration_pc_score,low,downstream_outcomes,overall_new_release_count,FALSE,sa,-10,0.0532131768029227,1.18996847675952,-2.27912503764573,2.38555139125158
opened_cohort,important_degree_top3,rolling5,exact_1_2,nevertreated,pc_score,collaboration_pc_score,low,downstream_outcomes,overall_new_release_count,FALSE,sa,-9,-0.131114372510069,1.04225812553539,-2.17394029855943,1.9117115535393
opened_cohort,important_degree_top3,rolling5,exact_1_2,nevertreated,pc_score,collaboration_pc_score,low,downstream_outcomes,overall_new_release_count,FALSE,sa,-8,-0.205025038705594,0.975376161312856,-2.11676231487879,1.7067122374676
opened_cohort,important_degree_top3,rolling5,exact_1_2,nevertreated,pc_score,collaboration_pc_score,low,downstream_outcomes,overall_new_release_count,FALSE,sa,-7,-0.801405244559339,0.895498200968796,-2.55658171845818,0.953771229339501
opened_cohort,important_degree_top3,rolling5,exact_1_2,nevertreated,pc_score,collaboration_pc_score,low,downstream_outcomes,overall_new_release_count,FALSE,sa,-6,-0.915345154671711,0.815242367577867,-2.51322019512433,0.682529885780908
opened_cohort,important_degree_top3,rolling5,exact_1_2,nevertreated,pc_score,collaboration_pc_score,low,downstream_outcomes,overall_new_release_count,FALSE,sa,-5,-0.701119164245243,0.788040109789653,-2.24567777943296,0.843439450942478
opened_cohort,important_degree_top3,rolling5,exact_1_2,nevertreated,pc_score,collaboration_pc_score,low,downstream_outcomes,overall_new_release_count,FALSE,sa,-4,0.335934890733547,0.73941549769661,-1.11331948475181,1.7851892662189
opened_cohort,important_degree_top3,rolling5,exact_1_2,nevertreated,pc_score,collaboration_pc_score,low,downstream_outcomes,overall_new_release_count,FALSE,sa,-3,0.219446475058776,0.61772012303066,-0.991284966081318,1.43017791619887
opened_cohort,important_degree_top3,rolling5,exact_1_2,nevertreated,pc_score,collaboration_pc_score,low,downstream_outcomes,overall_new_release_count,FALSE,sa,-2,0.728842142304521,0.564690942908065,-0.377952105795286,1.83563639040433
opened_cohort,important_degree_top3,rolling5,exact_1_2,nevertreated,pc_score,collaboration_pc_score,low,downstream_outcomes,overall_new_release_count,FALSE,sa,-1,0,0,0,0
opened_cohort,important_degree_top3,rolling5,exact_1_2,nevertreated,pc_score,collaboration_pc_score,low,downstream_outcomes,overall_new_release_count,FALSE,sa,0,-0.746833061666508,0.388107658380141,-1.50752407209158,0.0138579487585681
opened_cohort,important_degree_top3,rolling5,exact_1_2,nevertreated,pc_score,collaboration_pc_score,low,downstream_outcomes,overall_new_release_count,FALSE,sa,1,-1.46068829677468,0.5143686848281,-2.46885091903776,-0.452525674511608
opened_cohort,important_degree_top3,rolling5,exact_1_2,nevertreated,pc_score,collaboration_pc_score,low,downstream_outcomes,overall_new_release_count,FALSE,sa,2,-1.20906492467077,0.646120822966686,-2.47546173768547,0.0573318883439382
opened_cohort,important_degree_top3,rolling5,exact_1_2,nevertreated,pc_score,collaboration_pc_score,low,downstream_outcomes,overall_new_release_count,FALSE,sa,3,-1.07967221517946,0.891058841794731,-2.82614754509713,0.666803114738212
opened_cohort,important_degree_top3,rolling5,exact_1_2,nevertreated,pc_score,collaboration_pc_score,low,downstream_outcomes,overall_new_release_count,FALSE,sa,4,-1.73276136492502,1.06909679169432,-3.8281910766459,0.362668346795852
opened_cohort,important_degree_top3,rolling5,exact_1_2,nevertreated,pc_score,collaboration_pc_score,low,downstream_outcomes,overall_new_release_count,FALSE,sa,5,-1.90022790220179,1.18560422006438,-4.22401217352797,0.423556369124394
opened_cohort,important_degree_top3,rolling5,exact_1_2,nevertreated,pc_score,collaboration_pc_score,low,downstream_outcomes,overall_new_release_count,FALSE,sa,6,-3.29669828003183,1.24464712806512,-5.73620665103946,-0.857189909024188
opened_cohort,important_degree_top3,rolling5,exact_1_2,nevertreated,pc_score,collaboration_pc_score,low,downstream_outcomes,overall_new_release_count,FALSE,sa,7,-3.67254903327199,1.23574055966575,-6.09460053021686,-1.25049753632712
opened_cohort,important_degree_top3,rolling5,exact_1_2,nevertreated,pc_score,collaboration_pc_score,low,downstream_outcomes,overall_new_release_count,FALSE,sa,8,-3.70645112782551,1.41813071808566,-6.4859873352734,-0.926914920377627
opened_cohort,important_degree_top3,rolling5,exact_1_2,nevertreated,pc_score,collaboration_pc_score,low,downstream_outcomes,overall_new_release_count,FALSE,sa,9,-3.46462143721303,2.21721458645577,-7.81036202666635,0.881119152240286
opened_cohort,important_degree_top3,rolling5,exact_1_2,nevertreated,pc_score,collaboration_pc_score,low,downstream_outcomes,overall_new_release_count,FALSE,sa,10,-3.54961716480951,2.05080759760947,-7.56920005612407,0.469965726505049
opened_cohort,important_degree_top3,rolling5,exact_1_2,nevertreated,pc_score,collaboration_pc_score,low,downstream_outcomes,overall_new_release_count,FALSE,sa,11,-5.15055611903722,1.36591575219118,-7.82775099333194,-2.4733612447425
opened_cohort,important_degree_top3,rolling5,exact_1_2,nevertreated,pc_score,collaboration_pc_score,high,downstream_outcomes,overall_new_release_count,FALSE,sa,-15,3.4383281847856,1.19714623810513,1.09192155809954,5.78473481147166
opened_cohort,important_degree_top3,rolling5,exact_1_2,nevertreated,pc_score,collaboration_pc_score,high,downstream_outcomes,overall_new_release_count,FALSE,sa,-14,3.40892960075624,1.11023338171108,1.23287217260253,5.58498702890995
opened_cohort,important_degree_top3,rolling5,exact_1_2,nevertreated,pc_score,collaboration_pc_score,high,downstream_outcomes,overall_new_release_count,FALSE,sa,-13,2.6940954738645,1.20134696331149,0.339455425773968,5.04873552195502
opened_cohort,important_degree_top3,rolling5,exact_1_2,nevertreated,pc_score,collaboration_pc_score,high,downstream_outcomes,overall_new_release_count,FALSE,sa,-12,2.06422800795368,1.0870406853157,-0.0663717352650917,4.19482775117244
opened_cohort,important_degree_top3,rolling5,exact_1_2,nevertreated,pc_score,collaboration_pc_score,high,downstream_outcomes,overall_new_release_count,FALSE,sa,-11,2.35132845434597,1.03134360853007,0.329894981627027,4.3727619270649
opened_cohort,important_degree_top3,rolling5,exact_1_2,nevertreated,pc_score,collaboration_pc_score,high,downstream_outcomes,overall_new_release_count,FALSE,sa,-10,2.00181354295671,1.13196201238402,-0.216832001315969,4.22045908722939
opened_cohort,important_degree_top3,rolling5,exact_1_2,nevertreated,pc_score,collaboration_pc_score,high,downstream_outcomes,overall_new_release_count,FALSE,sa,-9,1.64374039606937,1.17663938885978,-0.662472806095807,3.94995359823454
opened_cohort,important_degree_top3,rolling5,exact_1_2,nevertreated,pc_score,collaboration_pc_score,high,downstream_outcomes,overall_new_release_count,FALSE,sa,-8,2.0219461777542,1.11966597445408,-0.1725991321758,4.21649148768419
opened_cohort,important_degree_top3,rolling5,exact_1_2,nevertreated,pc_score,collaboration_pc_score,high,downstream_outcomes,overall_new_release_count,FALSE,sa,-7,1.65041214581315,1.15469568858764,-0.612791403818632,3.91361569544493
opened_cohort,important_degree_top3,rolling5,exact_1_2,nevertreated,pc_score,collaboration_pc_score,high,downstream_outcomes,overall_new_release_count,FALSE,sa,-6,1.54205497305278,1.13786752098619,-0.688165368080149,3.77227531418571
opened_cohort,important_degree_top3,rolling5,exact_1_2,nevertreated,pc_score,collaboration_pc_score,high,downstream_outcomes,overall_new_release_count,FALSE,sa,-5,0.445783526009057,1.19714145776986,-1.90061373121987,2.79218078323799
opened_cohort,important_degree_top3,rolling5,exact_1_2,nevertreated,pc_score,collaboration_pc_score,high,downstream_outcomes,overall_new_release_count,FALSE,sa,-4,-0.0452581849296536,1.16485326975856,-2.32837059365644,2.23785422379713
opened_cohort,important_degree_top3,rolling5,exact_1_2,nevertreated,pc_score,collaboration_pc_score,high,downstream_outcomes,overall_new_release_count,FALSE,sa,-3,-0.392813042514117,0.934137468565502,-2.2237224809025,1.43809639587427
opened_cohort,important_degree_top3,rolling5,exact_1_2,nevertreated,pc_score,collaboration_pc_score,high,downstream_outcomes,overall_new_release_count,FALSE,sa,-2,0.409064336442448,0.608561022177836,-0.783715267026111,1.60184393991101
opened_cohort,important_degree_top3,rolling5,exact_1_2,nevertreated,pc_score,collaboration_pc_score,high,downstream_outcomes,overall_new_release_count,FALSE,sa,-1,0,0,0,0
opened_cohort,important_degree_top3,rolling5,exact_1_2,nevertreated,pc_score,collaboration_pc_score,high,downstream_outcomes,overall_new_release_count,FALSE,sa,0,-0.672752861414392,0.413143787349938,-1.48251468462027,0.137008961791487
opened_cohort,important_degree_top3,rolling5,exact_1_2,nevertreated,pc_score,collaboration_pc_score,high,downstream_outcomes,overall_new_release_count,FALSE,sa,1,-1.30195952663161,0.593566444803393,-2.46534975844626,-0.138569294816959
opened_cohort,important_degree_top3,rolling5,exact_1_2,nevertreated,pc_score,collaboration_pc_score,high,downstream_outcomes,overall_new_release_count,FALSE,sa,2,-1.5616199320157,0.834667354438676,-3.1975679467155,0.0743280826841068
opened_cohort,important_degree_top3,rolling5,exact_1_2,nevertreated,pc_score,collaboration_pc_score,high,downstream_outcomes,overall_new_release_count,FALSE,sa,3,-2.24176478716055,1.13896983316915,-4.47414566017207,-0.00938391414902506
opened_cohort,important_degree_top3,rolling5,exact_1_2,nevertreated,pc_score,collaboration_pc_score,high,downstream_outcomes,overall_new_release_count,FALSE,sa,4,-2.06581261433338,1.22779030212974,-4.47228160650767,0.340656377840917
opened_cohort,important_degree_top3,rolling5,exact_1_2,nevertreated,pc_score,collaboration_pc_score,high,downstream_outcomes,overall_new_release_count,FALSE,sa,5,-1.85464368457894,1.26191128252446,-4.32798979832689,0.618702429169003
opened_cohort,important_degree_top3,rolling5,exact_1_2,nevertreated,pc_score,collaboration_pc_score,high,downstream_outcomes,overall_new_release_count,FALSE,sa,6,-2.15150706955292,1.588942666404,-5.26583469570476,0.962820556598922
opened_cohort,important_degree_top3,rolling5,exact_1_2,nevertreated,pc_score,collaboration_pc_score,high,downstream_outcomes,overall_new_release_count,FALSE,sa,7,-2.27802944842657,1.93618200754163,-6.07294618320816,1.51688728635502
opened_cohort,important_degree_top3,rolling5,exact_1_2,nevertreated,pc_score,collaboration_pc_score,high,downstream_outcomes,overall_new_release_count,FALSE,sa,8,-0.719857829053442,1.41161444704334,-3.48662214525839,2.0469064871515
opened_cohort,important_degree_top3,rolling5,exact_1_2,nevertreated,pc_score,collaboration_pc_score,high,downstream_outcomes,overall_new_release_count,FALSE,sa,9,-1.16615821167805,1.5909416641335,-4.28440387337971,1.95208745002362
opened_cohort,important_degree_top3,rolling5,exact_1_2,nevertreated,pc_score,collaboration_pc_score,high,downstream_outcomes,overall_new_release_count,FALSE,sa,10,-1.43234283244225,2.03138253579128,-5.41385260259316,2.54916693770867
opened_cohort,important_degree_top3,rolling5,exact_1_2,nevertreated,pc_score,collaboration_pc_score,high,downstream_outcomes,overall_new_release_count,FALSE,sa,11,-2.34199356500714,1.63747823610041,-5.55145090776394,0.867463777749658
opened_cohort,important_degree_top3,rolling5,exact_1_2,nevertreated,pc_score,knowledge_level_pc_score,low,downstream_outcomes,overall_new_release_count,FALSE,sa,-15,2.47845146925154,1.32196126392939,-0.112592608050056,5.06949554655314
opened_cohort,important_degree_top3,rolling5,exact_1_2,nevertreated,pc_score,knowledge_level_pc_score,low,downstream_outcomes,overall_new_release_count,FALSE,sa,-14,2.87572260116767,1.29286410748881,0.341708950489608,5.40973625184573
opened_cohort,important_degree_top3,rolling5,exact_1_2,nevertreated,pc_score,knowledge_level_pc_score,low,downstream_outcomes,overall_new_release_count,FALSE,sa,-13,2.56635496087349,1.3468075882854,-0.0733879121658956,5.20609783391288
opened_cohort,important_degree_top3,rolling5,exact_1_2,nevertreated,pc_score,knowledge_level_pc_score,low,downstream_outcomes,overall_new_release_count,FALSE,sa,-12,1.47312254619161,1.27081043263765,-1.01766590177819,3.9639109941614
opened_cohort,important_degree_top3,rolling5,exact_1_2,nevertreated,pc_score,knowledge_level_pc_score,low,downstream_outcomes,overall_new_release_count,FALSE,sa,-11,1.56290103568436,1.26118802087794,-0.909027485236408,4.03482955660514
opened_cohort,important_degree_top3,rolling5,exact_1_2,nevertreated,pc_score,knowledge_level_pc_score,low,downstream_outcomes,overall_new_release_count,FALSE,sa,-10,0.817652761190928,1.61252796042331,-2.34290204123876,3.97820756362061
opened_cohort,important_degree_top3,rolling5,exact_1_2,nevertreated,pc_score,knowledge_level_pc_score,low,downstream_outcomes,overall_new_release_count,FALSE,sa,-9,0.389301894348691,1.41669109836314,-2.38741265844306,3.16601644714045
opened_cohort,important_degree_top3,rolling5,exact_1_2,nevertreated,pc_score,knowledge_level_pc_score,low,downstream_outcomes,overall_new_release_count,FALSE,sa,-8,0.433910393060254,1.39663589239325,-2.30349595603051,3.17131674215102
opened_cohort,important_degree_top3,rolling5,exact_1_2,nevertreated,pc_score,knowledge_level_pc_score,low,downstream_outcomes,overall_new_release_count,FALSE,sa,-7,0.139863251056589,1.38308339646404,-2.57098020601293,2.85070670812611
opened_cohort,important_degree_top3,rolling5,exact_1_2,nevertreated,pc_score,knowledge_level_pc_score,low,downstream_outcomes,overall_new_release_count,FALSE,sa,-6,-0.366327768694373,1.37632167859564,-3.06391825874182,2.33126272135307
opened_cohort,important_degree_top3,rolling5,exact_1_2,nevertreated,pc_score,knowledge_level_pc_score,low,downstream_outcomes,overall_new_release_count,FALSE,sa,-5,-0.949557292309645,1.31895816856942,-3.53471530270571,1.63560071808642
opened_cohort,important_degree_top3,rolling5,exact_1_2,nevertreated,pc_score,knowledge_level_pc_score,low,downstream_outcomes,overall_new_release_count,FALSE,sa,-4,-0.0559419384058546,1.29463650380547,-2.59342948586457,2.48154560905286
opened_cohort,important_degree_top3,rolling5,exact_1_2,nevertreated,pc_score,knowledge_level_pc_score,low,downstream_outcomes,overall_new_release_count,FALSE,sa,-3,-0.597381447453539,1.01374443868276,-2.58432054727175,1.38955765236467
opened_cohort,important_degree_top3,rolling5,exact_1_2,nevertreated,pc_score,knowledge_level_pc_score,low,downstream_outcomes,overall_new_release_count,FALSE,sa,-2,0.238265039062621,0.729852099405854,-1.19224507577285,1.6687751538981
opened_cohort,important_degree_top3,rolling5,exact_1_2,nevertreated,pc_score,knowledge_level_pc_score,low,downstream_outcomes,overall_new_release_count,FALSE,sa,-1,0,0,0,0
opened_cohort,important_degree_top3,rolling5,exact_1_2,nevertreated,pc_score,knowledge_level_pc_score,low,downstream_outcomes,overall_new_release_count,FALSE,sa,0,-1.05790911228832,0.501991401128771,-2.04181225850071,-0.0740059660759267
opened_cohort,important_degree_top3,rolling5,exact_1_2,nevertreated,pc_score,knowledge_level_pc_score,low,downstream_outcomes,overall_new_release_count,FALSE,sa,1,-1.72522684129817,0.658637747463377,-3.01615682632639,-0.434296856269953
opened_cohort,important_degree_top3,rolling5,exact_1_2,nevertreated,pc_score,knowledge_level_pc_score,low,downstream_outcomes,overall_new_release_count,FALSE,sa,2,-1.04979972259085,0.870273097439961,-2.75553499357317,0.655935548391477
opened_cohort,important_degree_top3,rolling5,exact_1_2,nevertreated,pc_score,knowledge_level_pc_score,low,downstream_outcomes,overall_new_release_count,FALSE,sa,3,-1.26993722197568,1.17168841287886,-3.56644651121824,1.02657206726688
opened_cohort,important_degree_top3,rolling5,exact_1_2,nevertreated,pc_score,knowledge_level_pc_score,low,downstream_outcomes,overall_new_release_count,FALSE,sa,4,-0.968090263441055,1.35196511513023,-3.6179418890963,1.68176136221419
opened_cohort,important_degree_top3,rolling5,exact_1_2,nevertreated,pc_score,knowledge_level_pc_score,low,downstream_outcomes,overall_new_release_count,FALSE,sa,5,-0.708964000583389,1.43505743559108,-3.52167657434191,2.10374857317513
opened_cohort,important_degree_top3,rolling5,exact_1_2,nevertreated,pc_score,knowledge_level_pc_score,low,downstream_outcomes,overall_new_release_count,FALSE,sa,6,-1.11568447463585,1.7051623023142,-4.45780258717169,2.22643363789998
opened_cohort,important_degree_top3,rolling5,exact_1_2,nevertreated,pc_score,knowledge_level_pc_score,low,downstream_outcomes,overall_new_release_count,FALSE,sa,7,-1.39237626871515,1.855558088595,-5.02927012236134,2.24451758493104
opened_cohort,important_degree_top3,rolling5,exact_1_2,nevertreated,pc_score,knowledge_level_pc_score,low,downstream_outcomes,overall_new_release_count,FALSE,sa,8,-0.160805870516209,1.67086398525628,-3.43569928161852,3.11408754058611
opened_cohort,important_degree_top3,rolling5,exact_1_2,nevertreated,pc_score,knowledge_level_pc_score,low,downstream_outcomes,overall_new_release_count,FALSE,sa,9,0.0396729153198102,2.25262224982348,-4.37546669433421,4.45481252497384
opened_cohort,important_degree_top3,rolling5,exact_1_2,nevertreated,pc_score,knowledge_level_pc_score,low,downstream_outcomes,overall_new_release_count,FALSE,sa,10,-1.09829311622386,2.41180343908063,-5.8254278568219,3.62884162437419
opened_cohort,important_degree_top3,rolling5,exact_1_2,nevertreated,pc_score,knowledge_level_pc_score,low,downstream_outcomes,overall_new_release_count,FALSE,sa,11,-2.53907906393945,1.98933683262056,-6.43817925587574,1.36002112799684
opened_cohort,important_degree_top3,rolling5,exact_1_2,nevertreated,pc_score,knowledge_level_pc_score,high,downstream_outcomes,overall_new_release_count,FALSE,sa,-15,4.37058403870978,1.53858517824475,1.35495708935008,7.38621098806948
opened_cohort,important_degree_top3,rolling5,exact_1_2,nevertreated,pc_score,knowledge_level_pc_score,high,downstream_outcomes,overall_new_release_count,FALSE,sa,-14,3.52262351041015,1.27658468270105,1.02051753231611,6.0247294885042
opened_cohort,important_degree_top3,rolling5,exact_1_2,nevertreated,pc_score,knowledge_level_pc_score,high,downstream_outcomes,overall_new_release_count,FALSE,sa,-13,3.20914108580503,1.16085001454478,0.933875057297264,5.4844071143128
opened_cohort,important_degree_top3,rolling5,exact_1_2,nevertreated,pc_score,knowledge_level_pc_score,high,downstream_outcomes,overall_new_release_count,FALSE,sa,-12,2.78650184215284,0.946037440867981,0.932268458051594,4.64073522625408
opened_cohort,important_degree_top3,rolling5,exact_1_2,nevertreated,pc_score,knowledge_level_pc_score,high,downstream_outcomes,overall_new_release_count,FALSE,sa,-11,2.54022365853105,0.847980072352264,0.878182716720612,4.20226460034149
opened_cohort,important_degree_top3,rolling5,exact_1_2,nevertreated,pc_score,knowledge_level_pc_score,high,downstream_outcomes,overall_new_release_count,FALSE,sa,-10,2.13411213067825,0.817212730285832,0.532375179318019,3.73584908203848
opened_cohort,important_degree_top3,rolling5,exact_1_2,nevertreated,pc_score,knowledge_level_pc_score,high,downstream_outcomes,overall_new_release_count,FALSE,sa,-9,1.97418987069248,0.815656602439121,0.375502929911805,3.57287681147316
opened_cohort,important_degree_top3,rolling5,exact_1_2,nevertreated,pc_score,knowledge_level_pc_score,high,downstream_outcomes,overall_new_release_count,FALSE,sa,-8,2.34015520962639,0.779502560786229,0.812330190485384,3.8679802287674
opened_cohort,important_degree_top3,rolling5,exact_1_2,nevertreated,pc_score,knowledge_level_pc_score,high,downstream_outcomes,overall_new_release_count,FALSE,sa,-7,1.73236987804576,0.768183084765327,0.226731031905718,3.2380087241858
opened_cohort,important_degree_top3,rolling5,exact_1_2,nevertreated,pc_score,knowledge_level_pc_score,high,downstream_outcomes,overall_new_release_count,FALSE,sa,-6,1.90782333522605,0.772702311095158,0.393326805479541,3.42231986497256
opened_cohort,important_degree_top3,rolling5,exact_1_2,nevertreated,pc_score,knowledge_level_pc_score,high,downstream_outcomes,overall_new_release_count,FALSE,sa,-5,1.73301314520124,0.852012791702469,0.0630680734644029,3.40295821693808
opened_cohort,important_degree_top3,rolling5,exact_1_2,nevertreated,pc_score,knowledge_level_pc_score,high,downstream_outcomes,overall_new_release_count,FALSE,sa,-4,1.42525237670964,0.723518653632064,0.00715581559079692,2.84334893782849
opened_cohort,important_degree_top3,rolling5,exact_1_2,nevertreated,pc_score,knowledge_level_pc_score,high,downstream_outcomes,overall_new_release_count,FALSE,sa,-3,1.27334902473208,0.567853799619196,0.160355577478453,2.3863424719857
opened_cohort,important_degree_top3,rolling5,exact_1_2,nevertreated,pc_score,knowledge_level_pc_score,high,downstream_outcomes,overall_new_release_count,FALSE,sa,-2,1.12360299460485,0.386996772715029,0.365089320083397,1.88211666912631
opened_cohort,important_degree_top3,rolling5,exact_1_2,nevertreated,pc_score,knowledge_level_pc_score,high,downstream_outcomes,overall_new_release_count,FALSE,sa,-1,0,0,0,0
opened_cohort,important_degree_top3,rolling5,exact_1_2,nevertreated,pc_score,knowledge_level_pc_score,high,downstream_outcomes,overall_new_release_count,FALSE,sa,0,-0.502124892446678,0.35790834762708,-1.20362525379575,0.199375468902399
opened_cohort,important_degree_top3,rolling5,exact_1_2,nevertreated,pc_score,knowledge_level_pc_score,high,downstream_outcomes,overall_new_release_count,FALSE,sa,1,-1.1429538000958,0.59051185618506,-2.30035703821852,0.0144494380269182
opened_cohort,important_degree_top3,rolling5,exact_1_2,nevertreated,pc_score,knowledge_level_pc_score,high,downstream_outcomes,overall_new_release_count,FALSE,sa,2,-1.54324673047126,0.698970166487847,-2.91322825678745,-0.173265204155085
opened_cohort,important_degree_top3,rolling5,exact_1_2,nevertreated,pc_score,knowledge_level_pc_score,high,downstream_outcomes,overall_new_release_count,FALSE,sa,3,-1.28511076790922,0.850721293873859,-2.95252450390198,0.382302968083543
opened_cohort,important_degree_top3,rolling5,exact_1_2,nevertreated,pc_score,knowledge_level_pc_score,high,downstream_outcomes,overall_new_release_count,FALSE,sa,4,-1.68476782503065,0.929108951077051,-3.50582136914167,0.136285719080372
opened_cohort,important_degree_top3,rolling5,exact_1_2,nevertreated,pc_score,knowledge_level_pc_score,high,downstream_outcomes,overall_new_release_count,FALSE,sa,5,-1.86557016847367,1.01078491808893,-3.84670860792797,0.115568270980624
opened_cohort,important_degree_top3,rolling5,exact_1_2,nevertreated,pc_score,knowledge_level_pc_score,high,downstream_outcomes,overall_new_release_count,FALSE,sa,6,-3.06214041661115,0.993646579788773,-5.00968771299714,-1.11459312022515
opened_cohort,important_degree_top3,rolling5,exact_1_2,nevertreated,pc_score,knowledge_level_pc_score,high,downstream_outcomes,overall_new_release_count,FALSE,sa,7,-3.39776429105568,1.21741578153411,-5.78389922286254,-1.01162935924882
opened_cohort,important_degree_top3,rolling5,exact_1_2,nevertreated,pc_score,knowledge_level_pc_score,high,downstream_outcomes,overall_new_release_count,FALSE,sa,8,-3.78041387056547,1.35859386082746,-6.4432578377873,-1.11756990334364
opened_cohort,important_degree_top3,rolling5,exact_1_2,nevertreated,pc_score,knowledge_level_pc_score,high,downstream_outcomes,overall_new_release_count,FALSE,sa,9,-4.50849238183843,1.59288744822348,-7.63055178035645,-1.38643298332041
opened_cohort,important_degree_top3,rolling5,exact_1_2,nevertreated,pc_score,knowledge_level_pc_score,high,downstream_outcomes,overall_new_release_count,FALSE,sa,10,-5.52527736659719,1.94385036340123,-9.3352240788636,-1.71533065433078
opened_cohort,important_degree_top3,rolling5,exact_1_2,nevertreated,pc_score,knowledge_level_pc_score,high,downstream_outcomes,overall_new_release_count,FALSE,sa,11,-4.89227544972691,1.52834522939007,-7.88783209933144,-1.89671880012237
opened_cohort,important_degree_top3,rolling5,exact_1_2,nevertreated,pc_score,discussion_quality_pc_score,low,downstream_outcomes,overall_new_release_count,FALSE,sa,-15,2.8029724687163,1.30960891518415,0.236138994955371,5.36980594247723
opened_cohort,important_degree_top3,rolling5,exact_1_2,nevertreated,pc_score,discussion_quality_pc_score,low,downstream_outcomes,overall_new_release_count,FALSE,sa,-14,2.57169748549594,1.10046216077424,0.414791650378428,4.72860332061345
opened_cohort,important_degree_top3,rolling5,exact_1_2,nevertreated,pc_score,discussion_quality_pc_score,low,downstream_outcomes,overall_new_release_count,FALSE,sa,-13,2.63487630261798,1.01700777260023,0.641541068321519,4.62821153691443
opened_cohort,important_degree_top3,rolling5,exact_1_2,nevertreated,pc_score,discussion_quality_pc_score,low,downstream_outcomes,overall_new_release_count,FALSE,sa,-12,1.62310579896985,1.04248490784075,-0.420164620398023,3.66637621833772
opened_cohort,important_degree_top3,rolling5,exact_1_2,nevertreated,pc_score,discussion_quality_pc_score,low,downstream_outcomes,overall_new_release_count,FALSE,sa,-11,1.67179311774077,0.99320848086859,-0.274895504761666,3.61848174024321
opened_cohort,important_degree_top3,rolling5,exact_1_2,nevertreated,pc_score,discussion_quality_pc_score,low,downstream_outcomes,overall_new_release_count,FALSE,sa,-10,0.883610402566881,1.33981874317423,-1.74243433405461,3.50965513918838
opened_cohort,important_degree_top3,rolling5,exact_1_2,nevertreated,pc_score,discussion_quality_pc_score,low,downstream_outcomes,overall_new_release_count,FALSE,sa,-9,-0.427238207515225,1.79627575825994,-3.94793869370471,3.09346227867426
opened_cohort,important_degree_top3,rolling5,exact_1_2,nevertreated,pc_score,discussion_quality_pc_score,low,downstream_outcomes,overall_new_release_count,FALSE,sa,-8,-0.271917453279623,1.79389125904301,-3.78794432100392,3.24410941444467
opened_cohort,important_degree_top3,rolling5,exact_1_2,nevertreated,pc_score,discussion_quality_pc_score,low,downstream_outcomes,overall_new_release_count,FALSE,sa,-7,-1.2394190551373,1.5986457048018,-4.37276463654883,1.89392652627423
opened_cohort,important_degree_top3,rolling5,exact_1_2,nevertreated,pc_score,discussion_quality_pc_score,low,downstream_outcomes,overall_new_release_count,FALSE,sa,-6,-1.31253906861061,1.38443566932993,-4.02603298049728,1.40095484327606
opened_cohort,important_degree_top3,rolling5,exact_1_2,nevertreated,pc_score,discussion_quality_pc_score,low,downstream_outcomes,overall_new_release_count,FALSE,sa,-5,-1.3946833184193,1.39324164797005,-4.1254369484406,1.33607031160201
opened_cohort,important_degree_top3,rolling5,exact_1_2,nevertreated,pc_score,discussion_quality_pc_score,low,downstream_outcomes,overall_new_release_count,FALSE,sa,-4,-0.977222099065578,1.34825785678,-3.61980749835437,1.66536330022322
opened_cohort,important_degree_top3,rolling5,exact_1_2,nevertreated,pc_score,discussion_quality_pc_score,low,downstream_outcomes,overall_new_release_count,FALSE,sa,-3,-1.15278325866998,1.29353008057138,-3.68810221658988,1.38253569924992
opened_cohort,important_degree_top3,rolling5,exact_1_2,nevertreated,pc_score,discussion_quality_pc_score,low,downstream_outcomes,overall_new_release_count,FALSE,sa,-2,-0.536325702495854,1.26027194383819,-3.00645871241871,1.933807307427
opened_cohort,important_degree_top3,rolling5,exact_1_2,nevertreated,pc_score,discussion_quality_pc_score,low,downstream_outcomes,overall_new_release_count,FALSE,sa,-1,0,0,0,0
opened_cohort,important_degree_top3,rolling5,exact_1_2,nevertreated,pc_score,discussion_quality_pc_score,low,downstream_outcomes,overall_new_release_count,FALSE,sa,0,-1.08309933843295,0.546347409428336,-2.15394026091249,-0.0122584159534098
opened_cohort,important_degree_top3,rolling5,exact_1_2,nevertreated,pc_score,discussion_quality_pc_score,low,downstream_outcomes,overall_new_release_count,FALSE,sa,1,-1.83509721930988,1.14637916759321,-4.08200038779257,0.411805949172823
opened_cohort,important_degree_top3,rolling5,exact_1_2,nevertreated,pc_score,discussion_quality_pc_score,low,downstream_outcomes,overall_new_release_count,FALSE,sa,2,-1.62153160642729,1.34150517105123,-4.25088174168769,1.00781852883311
opened_cohort,important_degree_top3,rolling5,exact_1_2,nevertreated,pc_score,discussion_quality_pc_score,low,downstream_outcomes,overall_new_release_count,FALSE,sa,3,-1.24274454897844,1.48673250445617,-4.15674025771252,1.67125115975565
opened_cohort,important_degree_top3,rolling5,exact_1_2,nevertreated,pc_score,discussion_quality_pc_score,low,downstream_outcomes,overall_new_release_count,FALSE,sa,4,-1.46677923832426,1.54645780743294,-4.49783654089282,1.56427806424429
opened_cohort,important_degree_top3,rolling5,exact_1_2,nevertreated,pc_score,discussion_quality_pc_score,low,downstream_outcomes,overall_new_release_count,FALSE,sa,5,-1.56910825774156,1.62151664382229,-4.74728087963326,1.60906436415013
opened_cohort,important_degree_top3,rolling5,exact_1_2,nevertreated,pc_score,discussion_quality_pc_score,low,downstream_outcomes,overall_new_release_count,FALSE,sa,6,-2.90686051771211,1.85612290042743,-6.54486140254986,0.731140367125643
opened_cohort,important_degree_top3,rolling5,exact_1_2,nevertreated,pc_score,discussion_quality_pc_score,low,downstream_outcomes,overall_new_release_count,FALSE,sa,7,-3.61244496617483,2.22902436460654,-7.98133272080365,0.75644278845398
opened_cohort,important_degree_top3,rolling5,exact_1_2,nevertreated,pc_score,discussion_quality_pc_score,low,downstream_outcomes,overall_new_release_count,FALSE,sa,8,-3.98400719440309,2.61381668182119,-9.10708789077263,1.13907350196646
opened_cohort,important_degree_top3,rolling5,exact_1_2,nevertreated,pc_score,discussion_quality_pc_score,low,downstream_outcomes,overall_new_release_count,FALSE,sa,9,-5.02580235449358,4.15710200897371,-13.1737222920821,3.1221175830949
opened_cohort,important_degree_top3,rolling5,exact_1_2,nevertreated,pc_score,discussion_quality_pc_score,low,downstream_outcomes,overall_new_release_count,FALSE,sa,10,-7.69788442946408,6.99062581299454,-21.3995110229334,6.00374216400522
opened_cohort,important_degree_top3,rolling5,exact_1_2,nevertreated,pc_score,discussion_quality_pc_score,low,downstream_outcomes,overall_new_release_count,FALSE,sa,11,-17.7298852855442,14.8342831685649,-46.8050802959313,11.345309724843
opened_cohort,important_degree_top3,rolling5,exact_1_2,nevertreated,pc_score,discussion_quality_pc_score,high,downstream_outcomes,overall_new_release_count,FALSE,sa,-15,3.82068853587101,1.34548041788937,1.18354691680783,6.45783015493418
opened_cohort,important_degree_top3,rolling5,exact_1_2,nevertreated,pc_score,discussion_quality_pc_score,high,downstream_outcomes,overall_new_release_count,FALSE,sa,-14,3.59661104554263,1.26988819460224,1.10763018412224,6.08559190696303
opened_cohort,important_degree_top3,rolling5,exact_1_2,nevertreated,pc_score,discussion_quality_pc_score,high,downstream_outcomes,overall_new_release_count,FALSE,sa,-13,3.29188812059838,1.29522579247902,0.753245567339495,5.83053067385727
opened_cohort,important_degree_top3,rolling5,exact_1_2,nevertreated,pc_score,discussion_quality_pc_score,high,downstream_outcomes,overall_new_release_count,FALSE,sa,-12,3.11032151303891,1.10468248530889,0.945143841833472,5.27549918424434
opened_cohort,important_degree_top3,rolling5,exact_1_2,nevertreated,pc_score,discussion_quality_pc_score,high,downstream_outcomes,overall_new_release_count,FALSE,sa,-11,2.83064973024529,1.03095503520922,0.809977861235219,4.85132159925536
opened_cohort,important_degree_top3,rolling5,exact_1_2,nevertreated,pc_score,discussion_quality_pc_score,high,downstream_outcomes,overall_new_release_count,FALSE,sa,-10,2.59625273228949,1.03110732259106,0.575282380011009,4.61722308456797
opened_cohort,important_degree_top3,rolling5,exact_1_2,nevertreated,pc_score,discussion_quality_pc_score,high,downstream_outcomes,overall_new_release_count,FALSE,sa,-9,2.10337458686043,1.05077498990622,0.0438556066442417,4.16289356707661
opened_cohort,important_degree_top3,rolling5,exact_1_2,nevertreated,pc_score,discussion_quality_pc_score,high,downstream_outcomes,overall_new_release_count,FALSE,sa,-8,2.13762976716819,1.09333857007648,-0.00531383018170661,4.28057336451808
opened_cohort,important_degree_top3,rolling5,exact_1_2,nevertreated,pc_score,discussion_quality_pc_score,high,downstream_outcomes,overall_new_release_count,FALSE,sa,-7,2.06610107063918,1.2481961215679,-0.380363327633907,4.51256546891227
opened_cohort,important_degree_top3,rolling5,exact_1_2,nevertreated,pc_score,discussion_quality_pc_score,high,downstream_outcomes,overall_new_release_count,FALSE,sa,-6,2.13481669311804,1.2335925130233,-0.283024632407637,4.55265801864372
opened_cohort,important_degree_top3,rolling5,exact_1_2,nevertreated,pc_score,discussion_quality_pc_score,high,downstream_outcomes,overall_new_release_count,FALSE,sa,-5,1.08891027195159,1.25393044970555,-1.36879340947129,3.54661395337446
opened_cohort,important_degree_top3,rolling5,exact_1_2,nevertreated,pc_score,discussion_quality_pc_score,high,downstream_outcomes,overall_new_release_count,FALSE,sa,-4,1.14907229767891,1.19632951585966,-1.19573355340603,3.49387814876385
opened_cohort,important_degree_top3,rolling5,exact_1_2,nevertreated,pc_score,discussion_quality_pc_score,high,downstream_outcomes,overall_new_release_count,FALSE,sa,-3,0.683784502199998,0.903055009046985,-1.08620331553209,2.45377231993209
opened_cohort,important_degree_top3,rolling5,exact_1_2,nevertreated,pc_score,discussion_quality_pc_score,high,downstream_outcomes,overall_new_release_count,FALSE,sa,-2,0.834970383650657,0.547984674830209,-0.239079579016554,1.90902034631787
opened_cohort,important_degree_top3,rolling5,exact_1_2,nevertreated,pc_score,discussion_quality_pc_score,high,downstream_outcomes,overall_new_release_count,FALSE,sa,-1,0,0,0,0
opened_cohort,important_degree_top3,rolling5,exact_1_2,nevertreated,pc_score,discussion_quality_pc_score,high,downstream_outcomes,overall_new_release_count,FALSE,sa,0,-0.848659082561958,0.46393557982523,-1.75797281901941,0.0606546538954927
opened_cohort,important_degree_top3,rolling5,exact_1_2,nevertreated,pc_score,discussion_quality_pc_score,high,downstream_outcomes,overall_new_release_count,FALSE,sa,1,-2.00970374607534,0.545644128281174,-3.07916623750644,-0.94024125464424
opened_cohort,important_degree_top3,rolling5,exact_1_2,nevertreated,pc_score,discussion_quality_pc_score,high,downstream_outcomes,overall_new_release_count,FALSE,sa,2,-2.14455626058213,0.709317069793257,-3.53481771737691,-0.754294803787342
opened_cohort,important_degree_top3,rolling5,exact_1_2,nevertreated,pc_score,discussion_quality_pc_score,high,downstream_outcomes,overall_new_release_count,FALSE,sa,3,-2.59658999812118,0.933213026531017,-4.42568753012197,-0.767492466120386
opened_cohort,important_degree_top3,rolling5,exact_1_2,nevertreated,pc_score,discussion_quality_pc_score,high,downstream_outcomes,overall_new_release_count,FALSE,sa,4,-2.48195908382273,1.06536489553277,-4.57007427906696,-0.393843888578498
opened_cohort,important_degree_top3,rolling5,exact_1_2,nevertreated,pc_score,discussion_quality_pc_score,high,downstream_outcomes,overall_new_release_count,FALSE,sa,5,-2.25560279383612,1.16593907117343,-4.54084337333605,0.0296377856638026
opened_cohort,important_degree_top3,rolling5,exact_1_2,nevertreated,pc_score,discussion_quality_pc_score,high,downstream_outcomes,overall_new_release_count,FALSE,sa,6,-2.67415553212712,1.46019821586319,-5.53614403521898,0.187832970964731
opened_cohort,important_degree_top3,rolling5,exact_1_2,nevertreated,pc_score,discussion_quality_pc_score,high,downstream_outcomes,overall_new_release_count,FALSE,sa,7,-2.91026557745476,1.74053072848072,-6.32170580527697,0.501174650367442
opened_cohort,important_degree_top3,rolling5,exact_1_2,nevertreated,pc_score,discussion_quality_pc_score,high,downstream_outcomes,overall_new_release_count,FALSE,sa,8,-2.3911338380574,1.39358285087453,-5.12255622577148,0.340288549656688
opened_cohort,important_degree_top3,rolling5,exact_1_2,nevertreated,pc_score,discussion_quality_pc_score,high,downstream_outcomes,overall_new_release_count,FALSE,sa,9,-3.33642224389588,1.66867951413353,-6.60703409159761,-0.0658103961941587
opened_cohort,important_degree_top3,rolling5,exact_1_2,nevertreated,pc_score,discussion_quality_pc_score,high,downstream_outcomes,overall_new_release_count,FALSE,sa,10,-4.83279417127033,1.86824829115705,-8.49456082193815,-1.1710275206025
opened_cohort,important_degree_top3,rolling5,exact_1_2,nevertreated,pc_score,discussion_quality_pc_score,high,downstream_outcomes,overall_new_release_count,FALSE,sa,11,-4.59390928937667,1.60831071455792,-7.7461982899102,-1.44162028884314
opened_cohort,important_degree_top3,rolling5,exact_1_2,nevertreated,pc_score,investment_in_new_talent_pc_score,low,downstream_outcomes,overall_new_release_count,FALSE,sa,-15,1.75380247943626,1.2722428669278,-0.739793539742226,4.24739849861474
opened_cohort,important_degree_top3,rolling5,exact_1_2,nevertreated,pc_score,investment_in_new_talent_pc_score,low,downstream_outcomes,overall_new_release_count,FALSE,sa,-14,2.56120934349946,1.25761294919823,0.0962879630709312,5.02613072392799
opened_cohort,important_degree_top3,rolling5,exact_1_2,nevertreated,pc_score,investment_in_new_talent_pc_score,low,downstream_outcomes,overall_new_release_count,FALSE,sa,-13,3.15557289414297,1.31091796616501,0.586173680459552,5.7249721078264
opened_cohort,important_degree_top3,rolling5,exact_1_2,nevertreated,pc_score,investment_in_new_talent_pc_score,low,downstream_outcomes,overall_new_release_count,FALSE,sa,-12,3.00631225953571,1.10928992904798,0.832103998601665,5.18052052046975
opened_cohort,important_degree_top3,rolling5,exact_1_2,nevertreated,pc_score,investment_in_new_talent_pc_score,low,downstream_outcomes,overall_new_release_count,FALSE,sa,-11,2.9126477740197,1.06617165827954,0.822951323791795,5.00234422424761
opened_cohort,important_degree_top3,rolling5,exact_1_2,nevertreated,pc_score,investment_in_new_talent_pc_score,low,downstream_outcomes,overall_new_release_count,FALSE,sa,-10,2.43446568426471,0.94105719150586,0.589993588913229,4.2789377796162
opened_cohort,important_degree_top3,rolling5,exact_1_2,nevertreated,pc_score,investment_in_new_talent_pc_score,low,downstream_outcomes,overall_new_release_count,FALSE,sa,-9,1.69515280379686,0.848552905854086,0.0319891083228534,3.35831649927087
opened_cohort,important_degree_top3,rolling5,exact_1_2,nevertreated,pc_score,investment_in_new_talent_pc_score,low,downstream_outcomes,overall_new_release_count,FALSE,sa,-8,1.69028851692478,0.813401098877291,0.0960223631252912,3.28455467072427
opened_cohort,important_degree_top3,rolling5,exact_1_2,nevertreated,pc_score,investment_in_new_talent_pc_score,low,downstream_outcomes,overall_new_release_count,FALSE,sa,-7,1.30719659331935,0.889917685353806,-0.437042069974108,3.05143525661281
opened_cohort,important_degree_top3,rolling5,exact_1_2,nevertreated,pc_score,investment_in_new_talent_pc_score,low,downstream_outcomes,overall_new_release_count,FALSE,sa,-6,1.4867664822624,0.975475712784867,-0.425165914795944,3.39869887932074
opened_cohort,important_degree_top3,rolling5,exact_1_2,nevertreated,pc_score,investment_in_new_talent_pc_score,low,downstream_outcomes,overall_new_release_count,FALSE,sa,-5,0.605523798571899,0.811814618298808,-0.985632853293764,2.19668045043756
opened_cohort,important_degree_top3,rolling5,exact_1_2,nevertreated,pc_score,investment_in_new_talent_pc_score,low,downstream_outcomes,overall_new_release_count,FALSE,sa,-4,1.34632456732459,0.89562705441375,-0.40910445932636,3.10175359397554
opened_cohort,important_degree_top3,rolling5,exact_1_2,nevertreated,pc_score,investment_in_new_talent_pc_score,low,downstream_outcomes,overall_new_release_count,FALSE,sa,-3,0.84018108259785,0.691250117464343,-0.514669147632262,2.19503131282796
opened_cohort,important_degree_top3,rolling5,exact_1_2,nevertreated,pc_score,investment_in_new_talent_pc_score,low,downstream_outcomes,overall_new_release_count,FALSE,sa,-2,0.834545108071096,0.356253624777405,0.136288003507382,1.53280221263481
opened_cohort,important_degree_top3,rolling5,exact_1_2,nevertreated,pc_score,investment_in_new_talent_pc_score,low,downstream_outcomes,overall_new_release_count,FALSE,sa,-1,0,0,0,0
opened_cohort,important_degree_top3,rolling5,exact_1_2,nevertreated,pc_score,investment_in_new_talent_pc_score,low,downstream_outcomes,overall_new_release_count,FALSE,sa,0,-0.757355503316107,0.392453481872371,-1.52656432778595,0.0118533211537412
opened_cohort,important_degree_top3,rolling5,exact_1_2,nevertreated,pc_score,investment_in_new_talent_pc_score,low,downstream_outcomes,overall_new_release_count,FALSE,sa,1,-1.60821849501761,0.505848497414906,-2.59968154995083,-0.616755440084397
opened_cohort,important_degree_top3,rolling5,exact_1_2,nevertreated,pc_score,investment_in_new_talent_pc_score,low,downstream_outcomes,overall_new_release_count,FALSE,sa,2,-1.33226037955657,0.421931363492613,-2.15924585200209,-0.505274907111045
opened_cohort,important_degree_top3,rolling5,exact_1_2,nevertreated,pc_score,investment_in_new_talent_pc_score,low,downstream_outcomes,overall_new_release_count,FALSE,sa,3,-1.1682143486821,0.419738773918817,-1.99090234556298,-0.345526351801218
opened_cohort,important_degree_top3,rolling5,exact_1_2,nevertreated,pc_score,investment_in_new_talent_pc_score,low,downstream_outcomes,overall_new_release_count,FALSE,sa,4,-0.666330566274321,0.667525038191236,-1.97467964112914,0.642018508580502
opened_cohort,important_degree_top3,rolling5,exact_1_2,nevertreated,pc_score,investment_in_new_talent_pc_score,low,downstream_outcomes,overall_new_release_count,FALSE,sa,5,-0.37976916390897,0.830676328752094,-2.00789476826307,1.24835644044513
opened_cohort,important_degree_top3,rolling5,exact_1_2,nevertreated,pc_score,investment_in_new_talent_pc_score,low,downstream_outcomes,overall_new_release_count,FALSE,sa,6,-0.0258098627384174,1.05652109668196,-2.09659121223506,2.04497148675822
opened_cohort,important_degree_top3,rolling5,exact_1_2,nevertreated,pc_score,investment_in_new_talent_pc_score,low,downstream_outcomes,overall_new_release_count,FALSE,sa,7,0.297892045160687,1.13146654601855,-1.91978238503567,2.51556647535704
opened_cohort,important_degree_top3,rolling5,exact_1_2,nevertreated,pc_score,investment_in_new_talent_pc_score,low,downstream_outcomes,overall_new_release_count,FALSE,sa,8,0.0250163665004093,1.09431362016478,-2.11983832902257,2.16987106202339
opened_cohort,important_degree_top3,rolling5,exact_1_2,nevertreated,pc_score,investment_in_new_talent_pc_score,low,downstream_outcomes,overall_new_release_count,FALSE,sa,9,-0.75483574316127,1.11517094973275,-2.94057080463747,1.43089931831493
opened_cohort,important_degree_top3,rolling5,exact_1_2,nevertreated,pc_score,investment_in_new_talent_pc_score,low,downstream_outcomes,overall_new_release_count,FALSE,sa,10,-2.53872151816012,1.25595931446569,-5.00040177451287,-0.0770412618073739
opened_cohort,important_degree_top3,rolling5,exact_1_2,nevertreated,pc_score,investment_in_new_talent_pc_score,low,downstream_outcomes,overall_new_release_count,FALSE,sa,11,-2.08689242247611,0.825416494289005,-3.70470875128256,-0.469076093669661
opened_cohort,important_degree_top3,rolling5,exact_1_2,nevertreated,pc_score,investment_in_new_talent_pc_score,high,downstream_outcomes,overall_new_release_count,FALSE,sa,-15,4.76969346925315,1.55379456972601,1.72425611259018,7.81513082591613
opened_cohort,important_degree_top3,rolling5,exact_1_2,nevertreated,pc_score,investment_in_new_talent_pc_score,high,downstream_outcomes,overall_new_release_count,FALSE,sa,-14,3.99316336134778,1.31742008494055,1.41101999486429,6.57530672783126
opened_cohort,important_degree_top3,rolling5,exact_1_2,nevertreated,pc_score,investment_in_new_talent_pc_score,high,downstream_outcomes,overall_new_release_count,FALSE,sa,-13,2.52685487371696,1.28444091372243,0.00935068282099971,5.04435906461292
opened_cohort,important_degree_top3,rolling5,exact_1_2,nevertreated,pc_score,investment_in_new_talent_pc_score,high,downstream_outcomes,overall_new_release_count,FALSE,sa,-12,1.23267095768324,1.32489923418964,-1.36413154132846,3.82947345669494
opened_cohort,important_degree_top3,rolling5,exact_1_2,nevertreated,pc_score,investment_in_new_talent_pc_score,high,downstream_outcomes,overall_new_release_count,FALSE,sa,-11,1.21102948284781,1.24643818060845,-1.23198935114476,3.65404831684037
opened_cohort,important_degree_top3,rolling5,exact_1_2,nevertreated,pc_score,investment_in_new_talent_pc_score,high,downstream_outcomes,overall_new_release_count,FALSE,sa,-10,0.571417610488644,1.49526634320353,-2.35930442219027,3.50213964316756
opened_cohort,important_degree_top3,rolling5,exact_1_2,nevertreated,pc_score,investment_in_new_talent_pc_score,high,downstream_outcomes,overall_new_release_count,FALSE,sa,-9,1.10976109934211,1.45381814153326,-1.73972245806309,3.95924465674731
opened_cohort,important_degree_top3,rolling5,exact_1_2,nevertreated,pc_score,investment_in_new_talent_pc_score,high,downstream_outcomes,overall_new_release_count,FALSE,sa,-8,1.1694415979667,1.42931690550092,-1.63201953681509,3.9709027327485
opened_cohort,important_degree_top3,rolling5,exact_1_2,nevertreated,pc_score,investment_in_new_talent_pc_score,high,downstream_outcomes,overall_new_release_count,FALSE,sa,-7,0.481210243582506,1.38753359534275,-2.23835560328928,3.2007760904543
opened_cohort,important_degree_top3,rolling5,exact_1_2,nevertreated,pc_score,investment_in_new_talent_pc_score,high,downstream_outcomes,overall_new_release_count,FALSE,sa,-6,-0.172056123737178,1.30468856990408,-2.72924572074917,2.38513347327482
opened_cohort,important_degree_top3,rolling5,exact_1_2,nevertreated,pc_score,investment_in_new_talent_pc_score,high,downstream_outcomes,overall_new_release_count,FALSE,sa,-5,-0.349283395035657,1.43038470296294,-3.15283741284302,2.4542706227717
opened_cohort,important_degree_top3,rolling5,exact_1_2,nevertreated,pc_score,investment_in_new_talent_pc_score,high,downstream_outcomes,overall_new_release_count,FALSE,sa,-4,-0.465738879011793,1.29270136211122,-2.99943354874978,2.06795579072619
opened_cohort,important_degree_top3,rolling5,exact_1_2,nevertreated,pc_score,investment_in_new_talent_pc_score,high,downstream_outcomes,overall_new_release_count,FALSE,sa,-3,-0.431482640060023,1.10913558745952,-2.60538839148067,1.74242311136063
opened_cohort,important_degree_top3,rolling5,exact_1_2,nevertreated,pc_score,investment_in_new_talent_pc_score,high,downstream_outcomes,overall_new_release_count,FALSE,sa,-2,0.436714085815525,0.861873890491175,-1.25255873954718,2.12598691117823
opened_cohort,important_degree_top3,rolling5,exact_1_2,nevertreated,pc_score,investment_in_new_talent_pc_score,high,downstream_outcomes,overall_new_release_count,FALSE,sa,-1,0,0,0,0
opened_cohort,important_degree_top3,rolling5,exact_1_2,nevertreated,pc_score,investment_in_new_talent_pc_score,high,downstream_outcomes,overall_new_release_count,FALSE,sa,0,-0.936861212822585,0.522919961385478,-1.96178433713812,0.0880619114929515
opened_cohort,important_degree_top3,rolling5,exact_1_2,nevertreated,pc_score,investment_in_new_talent_pc_score,high,downstream_outcomes,overall_new_release_count,FALSE,sa,1,-1.29131603512616,0.672111687273374,-2.60865494218197,0.0260228719296536
opened_cohort,important_degree_top3,rolling5,exact_1_2,nevertreated,pc_score,investment_in_new_talent_pc_score,high,downstream_outcomes,overall_new_release_count,FALSE,sa,2,-1.12912943708043,0.995419479970253,-3.08015161782213,0.821892743661262
opened_cohort,important_degree_top3,rolling5,exact_1_2,nevertreated,pc_score,investment_in_new_talent_pc_score,high,downstream_outcomes,overall_new_release_count,FALSE,sa,3,-1.22211601166652,1.42153634952972,-4.00832725674476,1.56409523341173
opened_cohort,important_degree_top3,rolling5,exact_1_2,nevertreated,pc_score,investment_in_new_talent_pc_score,high,downstream_outcomes,overall_new_release_count,FALSE,sa,4,-1.77780904907017,1.55259926772226,-4.8209036138058,1.26528551566546
opened_cohort,important_degree_top3,rolling5,exact_1_2,nevertreated,pc_score,investment_in_new_talent_pc_score,high,downstream_outcomes,overall_new_release_count,FALSE,sa,5,-1.78964004258815,1.61200021112492,-4.94916045639299,1.3698803712167
opened_cohort,important_degree_top3,rolling5,exact_1_2,nevertreated,pc_score,investment_in_new_talent_pc_score,high,downstream_outcomes,overall_new_release_count,FALSE,sa,6,-3.69922303013549,1.7788768907,-7.18582173590748,-0.212624324363494
opened_cohort,important_degree_top3,rolling5,exact_1_2,nevertreated,pc_score,investment_in_new_talent_pc_score,high,downstream_outcomes,overall_new_release_count,FALSE,sa,7,-4.86878896659043,2.04543587440556,-8.87784328042533,-0.859734652755528
opened_cohort,important_degree_top3,rolling5,exact_1_2,nevertreated,pc_score,investment_in_new_talent_pc_score,high,downstream_outcomes,overall_new_release_count,FALSE,sa,8,-3.20352468324073,1.95734108352065,-7.03991320694122,0.632863840459747
opened_cohort,important_degree_top3,rolling5,exact_1_2,nevertreated,pc_score,investment_in_new_talent_pc_score,high,downstream_outcomes,overall_new_release_count,FALSE,sa,9,-2.22200200028529,2.9666472800212,-8.03663066912685,3.59262666855626
opened_cohort,important_degree_top3,rolling5,exact_1_2,nevertreated,pc_score,investment_in_new_talent_pc_score,high,downstream_outcomes,overall_new_release_count,FALSE,sa,10,-1.19784091549861,2.67853981373822,-6.44777895042552,4.05209711942829
opened_cohort,important_degree_top3,rolling5,exact_1_2,nevertreated,pc_score,investment_in_new_talent_pc_score,high,downstream_outcomes,overall_new_release_count,FALSE,sa,11,-4.2668146645728,1.84595776701355,-7.88489188791936,-0.648737441226237
opened_cohort,important_degree_top3,rolling5,exact_1_2,nevertreated,pc_score,problem_solving_routines_pc_score,low,downstream_outcomes,overall_new_release_count,FALSE,sa,-15,0.0206496215974465,0.883063529244998,-1.71015489572275,1.75145413891764
opened_cohort,important_degree_top3,rolling5,exact_1_2,nevertreated,pc_score,problem_solving_routines_pc_score,low,downstream_outcomes,overall_new_release_count,FALSE,sa,-14,0.441560549184982,0.606645182388285,-0.747464008296056,1.63058510666602
opened_cohort,important_degree_top3,rolling5,exact_1_2,nevertreated,pc_score,problem_solving_routines_pc_score,low,downstream_outcomes,overall_new_release_count,FALSE,sa,-13,0.652416515085162,0.547858478693076,-0.421386103153267,1.72621913332359
opened_cohort,important_degree_top3,rolling5,exact_1_2,nevertreated,pc_score,problem_solving_routines_pc_score,low,downstream_outcomes,overall_new_release_count,FALSE,sa,-12,0.654033334823122,0.457394677428355,-0.242460232936455,1.5505269025827
opened_cohort,important_degree_top3,rolling5,exact_1_2,nevertreated,pc_score,problem_solving_routines_pc_score,low,downstream_outcomes,overall_new_release_count,FALSE,sa,-11,0.4529096746292,0.495198055205116,-0.517678513572827,1.42349786283123
opened_cohort,important_degree_top3,rolling5,exact_1_2,nevertreated,pc_score,problem_solving_routines_pc_score,low,downstream_outcomes,overall_new_release_count,FALSE,sa,-10,0.266000957872059,0.502855718375714,-0.719596250144341,1.25159816588846
opened_cohort,important_degree_top3,rolling5,exact_1_2,nevertreated,pc_score,problem_solving_routines_pc_score,low,downstream_outcomes,overall_new_release_count,FALSE,sa,-9,-1.02623930576435,1.12858822824875,-3.23827223313191,1.1857936216032
opened_cohort,important_degree_top3,rolling5,exact_1_2,nevertreated,pc_score,problem_solving_routines_pc_score,low,downstream_outcomes,overall_new_release_count,FALSE,sa,-8,-1.08249178526022,1.17223816116935,-3.38007858115215,1.2150950106317
opened_cohort,important_degree_top3,rolling5,exact_1_2,nevertreated,pc_score,problem_solving_routines_pc_score,low,downstream_outcomes,overall_new_release_count,FALSE,sa,-7,-1.24634758978527,1.04251901222285,-3.28968485374204,0.796989674171511
opened_cohort,important_degree_top3,rolling5,exact_1_2,nevertreated,pc_score,problem_solving_routines_pc_score,low,downstream_outcomes,overall_new_release_count,FALSE,sa,-6,-0.982096009651858,1.01825709432374,-2.97787991452639,1.01368789522268
opened_cohort,important_degree_top3,rolling5,exact_1_2,nevertreated,pc_score,problem_solving_routines_pc_score,low,downstream_outcomes,overall_new_release_count,FALSE,sa,-5,-1.7510627394031,1.15542750482687,-4.01570064886376,0.513575170057563
opened_cohort,important_degree_top3,rolling5,exact_1_2,nevertreated,pc_score,problem_solving_routines_pc_score,low,downstream_outcomes,overall_new_release_count,FALSE,sa,-4,-0.938690183890642,1.20343105565825,-3.29741505298081,1.42003468519952
opened_cohort,important_degree_top3,rolling5,exact_1_2,nevertreated,pc_score,problem_solving_routines_pc_score,low,downstream_outcomes,overall_new_release_count,FALSE,sa,-3,-1.13581925902485,1.15760458381699,-3.40472424330615,1.13308572525645
opened_cohort,important_degree_top3,rolling5,exact_1_2,nevertreated,pc_score,problem_solving_routines_pc_score,low,downstream_outcomes,overall_new_release_count,FALSE,sa,-2,-0.464366365303038,1.12962969367363,-2.67844056490336,1.74970783429728
opened_cohort,important_degree_top3,rolling5,exact_1_2,nevertreated,pc_score,problem_solving_routines_pc_score,low,downstream_outcomes,overall_new_release_count,FALSE,sa,-1,0,0,0,0
opened_cohort,important_degree_top3,rolling5,exact_1_2,nevertreated,pc_score,problem_solving_routines_pc_score,low,downstream_outcomes,overall_new_release_count,FALSE,sa,0,-0.757295109655164,0.483052205986487,-1.70407743338868,0.189487214078351
opened_cohort,important_degree_top3,rolling5,exact_1_2,nevertreated,pc_score,problem_solving_routines_pc_score,low,downstream_outcomes,overall_new_release_count,FALSE,sa,1,-2.09312937403606,1.02997581763058,-4.111881976592,-0.0743767714801158
opened_cohort,important_degree_top3,rolling5,exact_1_2,nevertreated,pc_score,problem_solving_routines_pc_score,low,downstream_outcomes,overall_new_release_count,FALSE,sa,2,-2.14024944468704,1.12124820596215,-4.33789592837286,0.0573970389987775
opened_cohort,important_degree_top3,rolling5,exact_1_2,nevertreated,pc_score,problem_solving_routines_pc_score,low,downstream_outcomes,overall_new_release_count,FALSE,sa,3,-2.41801510685992,1.10209197926017,-4.57811538620984,-0.257914827509992
opened_cohort,important_degree_top3,rolling5,exact_1_2,nevertreated,pc_score,problem_solving_routines_pc_score,low,downstream_outcomes,overall_new_release_count,FALSE,sa,4,-2.117522532424,1.03335331334532,-4.14289502658082,-0.0921500382671843
opened_cohort,important_degree_top3,rolling5,exact_1_2,nevertreated,pc_score,problem_solving_routines_pc_score,low,downstream_outcomes,overall_new_release_count,FALSE,sa,5,-2.1418985687588,1.07202313578222,-4.24306391489195,-0.0407332226256485
opened_cohort,important_degree_top3,rolling5,exact_1_2,nevertreated,pc_score,problem_solving_routines_pc_score,low,downstream_outcomes,overall_new_release_count,FALSE,sa,6,-2.35946162042313,1.28319977043229,-4.87453317047041,0.155609929624151
opened_cohort,important_degree_top3,rolling5,exact_1_2,nevertreated,pc_score,problem_solving_routines_pc_score,low,downstream_outcomes,overall_new_release_count,FALSE,sa,7,-2.63113564757045,1.59142662044339,-5.75033182363949,0.488060528498592
opened_cohort,important_degree_top3,rolling5,exact_1_2,nevertreated,pc_score,problem_solving_routines_pc_score,low,downstream_outcomes,overall_new_release_count,FALSE,sa,8,-3.05359777896087,2.01379873821909,-7.00064330587028,0.89344774794854
opened_cohort,important_degree_top3,rolling5,exact_1_2,nevertreated,pc_score,problem_solving_routines_pc_score,low,downstream_outcomes,overall_new_release_count,FALSE,sa,9,-4.46773742361705,3.23162913475531,-10.8017305277375,1.86625568050336
opened_cohort,important_degree_top3,rolling5,exact_1_2,nevertreated,pc_score,problem_solving_routines_pc_score,low,downstream_outcomes,overall_new_release_count,FALSE,sa,10,-5.45513671922981,5.23840570706386,-15.722411905075,4.81213846661536
opened_cohort,important_degree_top3,rolling5,exact_1_2,nevertreated,pc_score,problem_solving_routines_pc_score,low,downstream_outcomes,overall_new_release_count,FALSE,sa,11,-11.9474700183718,11.2139124232132,-33.9267383678697,10.0317983311261
opened_cohort,important_degree_top3,rolling5,exact_1_2,nevertreated,pc_score,problem_solving_routines_pc_score,high,downstream_outcomes,overall_new_release_count,FALSE,sa,-15,5.92531459060271,1.6538650834104,2.68373902711832,9.1668901540871
opened_cohort,important_degree_top3,rolling5,exact_1_2,nevertreated,pc_score,problem_solving_routines_pc_score,high,downstream_outcomes,overall_new_release_count,FALSE,sa,-14,5.53828076325198,1.50047204450615,2.59735555601992,8.47920597048403
opened_cohort,important_degree_top3,rolling5,exact_1_2,nevertreated,pc_score,problem_solving_routines_pc_score,high,downstream_outcomes,overall_new_release_count,FALSE,sa,-13,4.15407760284665,1.50292329897062,1.20834793686424,7.09980726882906
opened_cohort,important_degree_top3,rolling5,exact_1_2,nevertreated,pc_score,problem_solving_routines_pc_score,high,downstream_outcomes,overall_new_release_count,FALSE,sa,-12,2.82657740273722,1.48260108215979,-0.0793207182959619,5.7324755237704
opened_cohort,important_degree_top3,rolling5,exact_1_2,nevertreated,pc_score,problem_solving_routines_pc_score,high,downstream_outcomes,overall_new_release_count,FALSE,sa,-11,3.06340206465565,1.26503854242924,0.58392652149435,5.54287760781696
opened_cohort,important_degree_top3,rolling5,exact_1_2,nevertreated,pc_score,problem_solving_routines_pc_score,high,downstream_outcomes,overall_new_release_count,FALSE,sa,-10,1.90365323242412,1.60486939713933,-1.24189078596896,5.0491972508172
opened_cohort,important_degree_top3,rolling5,exact_1_2,nevertreated,pc_score,problem_solving_routines_pc_score,high,downstream_outcomes,overall_new_release_count,FALSE,sa,-9,2.01702754825547,1.60179541818461,-1.12249147138637,5.1565465678973
opened_cohort,important_degree_top3,rolling5,exact_1_2,nevertreated,pc_score,problem_solving_routines_pc_score,high,downstream_outcomes,overall_new_release_count,FALSE,sa,-8,2.20644657934971,1.51163313724792,-0.756354369656203,5.16924752835563
opened_cohort,important_degree_top3,rolling5,exact_1_2,nevertreated,pc_score,problem_solving_routines_pc_score,high,downstream_outcomes,overall_new_release_count,FALSE,sa,-7,1.35337297922866,1.44513560718837,-1.47909281086054,4.18583876931787
opened_cohort,important_degree_top3,rolling5,exact_1_2,nevertreated,pc_score,problem_solving_routines_pc_score,high,downstream_outcomes,overall_new_release_count,FALSE,sa,-6,0.732158205969301,1.4192786875242,-2.04962802157812,3.51394443351673
opened_cohort,important_degree_top3,rolling5,exact_1_2,nevertreated,pc_score,problem_solving_routines_pc_score,high,downstream_outcomes,overall_new_release_count,FALSE,sa,-5,0.485499937120298,1.4696393637775,-2.3949932158836,3.3659930901242
opened_cohort,important_degree_top3,rolling5,exact_1_2,nevertreated,pc_score,problem_solving_routines_pc_score,high,downstream_outcomes,overall_new_release_count,FALSE,sa,-4,0.306888896371278,1.32430967609295,-2.2887580687709,2.90253586151346
opened_cohort,important_degree_top3,rolling5,exact_1_2,nevertreated,pc_score,problem_solving_routines_pc_score,high,downstream_outcomes,overall_new_release_count,FALSE,sa,-3,0.155807792105148,1.11068543175597,-2.02113565413656,2.33275123834686
opened_cohort,important_degree_top3,rolling5,exact_1_2,nevertreated,pc_score,problem_solving_routines_pc_score,high,downstream_outcomes,overall_new_release_count,FALSE,sa,-2,0.491207359396478,0.836540919895259,-1.14841284359823,2.13082756239119
opened_cohort,important_degree_top3,rolling5,exact_1_2,nevertreated,pc_score,problem_solving_routines_pc_score,high,downstream_outcomes,overall_new_release_count,FALSE,sa,-1,0,0,0,0
opened_cohort,important_degree_top3,rolling5,exact_1_2,nevertreated,pc_score,problem_solving_routines_pc_score,high,downstream_outcomes,overall_new_release_count,FALSE,sa,0,-1.11409629751146,0.497096919211241,-2.08840625916549,-0.139786335857424
opened_cohort,important_degree_top3,rolling5,exact_1_2,nevertreated,pc_score,problem_solving_routines_pc_score,high,downstream_outcomes,overall_new_release_count,FALSE,sa,1,-1.52867063799501,0.639776475327012,-2.78263252963595,-0.274708746354063
opened_cohort,important_degree_top3,rolling5,exact_1_2,nevertreated,pc_score,problem_solving_routines_pc_score,high,downstream_outcomes,overall_new_release_count,FALSE,sa,2,-1.2746753367236,0.94395489901667,-3.12482693879627,0.575476265349075
opened_cohort,important_degree_top3,rolling5,exact_1_2,nevertreated,pc_score,problem_solving_routines_pc_score,high,downstream_outcomes,overall_new_release_count,FALSE,sa,3,-0.853982504587972,1.37730110908188,-3.55349267838846,1.84552766921252
opened_cohort,important_degree_top3,rolling5,exact_1_2,nevertreated,pc_score,problem_solving_routines_pc_score,high,downstream_outcomes,overall_new_release_count,FALSE,sa,4,-1.31695468074423,1.55426719853208,-4.36331838986711,1.72940902837865
opened_cohort,important_degree_top3,rolling5,exact_1_2,nevertreated,pc_score,problem_solving_routines_pc_score,high,downstream_outcomes,overall_new_release_count,FALSE,sa,5,-1.10224858161026,1.63828571339463,-4.31328857986374,2.10879141664321
opened_cohort,important_degree_top3,rolling5,exact_1_2,nevertreated,pc_score,problem_solving_routines_pc_score,high,downstream_outcomes,overall_new_release_count,FALSE,sa,6,-2.63928340231491,1.8429199395402,-6.2514064838137,0.972839679183873
opened_cohort,important_degree_top3,rolling5,exact_1_2,nevertreated,pc_score,problem_solving_routines_pc_score,high,downstream_outcomes,overall_new_release_count,FALSE,sa,7,-3.37604360972768,2.06472389568579,-7.42290244527183,0.670815225816465
opened_cohort,important_degree_top3,rolling5,exact_1_2,nevertreated,pc_score,problem_solving_routines_pc_score,high,downstream_outcomes,overall_new_release_count,FALSE,sa,8,-2.31631910216773,1.84108201411894,-5.92483984984085,1.2922016455054
opened_cohort,important_degree_top3,rolling5,exact_1_2,nevertreated,pc_score,problem_solving_routines_pc_score,high,downstream_outcomes,overall_new_release_count,FALSE,sa,9,-1.19242400467376,2.77699447116494,-6.63533316815705,4.25048515880953
opened_cohort,important_degree_top3,rolling5,exact_1_2,nevertreated,pc_score,problem_solving_routines_pc_score,high,downstream_outcomes,overall_new_release_count,FALSE,sa,10,-3.33316527466801,2.78493489722661,-8.79163767323216,2.12530712389614
opened_cohort,important_degree_top3,rolling5,exact_1_2,nevertreated,pc_score,problem_solving_routines_pc_score,high,downstream_outcomes,overall_new_release_count,FALSE,sa,11,-6.60987988168252,2.08599570462735,-10.6984314627521,-2.52132830061292
