metric,n,n_na,mean,median,sd,p10,p25,p75,p90
error_open_pct,582,0,12154.898504792585,-28.571428571428555,292146.1992646509,-100.0,-70.58823529411765,42.09541349809885,177.58620689655166
error_review_rate_pp,509,73,20.826753154820267,10.194938686774302,91.25104169008634,-34.684611961578916,-10.231833718703065,33.8018920471846,70.45966534826745
error_merge_rate_pp,480,102,-14.213225044494273,-17.62505794584618,172.8453197772179,-118.82902298850574,-56.54021558872306,10.714285714285712,61.49416080639457
error_review_rate_pct,502,80,33.06591159259447,12.881538077835437,115.92802326556637,-53.52255628723721,-15.817249707765459,49.08105838192242,117.16119061375392
error_merge_rate_pct,475,107,-6.604434885711444,-19.158271043223916,96.62548635603086,-80.05728314238951,-52.107237422771405,9.090909090909093,65.1470588235294
