metric,n,n_na,mean,median,sd,p10,p25,p75,p90
error_open_pct,582,0,12154.898504792585,-28.571428571428555,292146.1992646509,-100.0,-70.58823529411765,42.09541349809885,177.58620689655166
error_review_rate_pp,509,73,20.826753154820267,10.194938686774302,91.25104169008634,-34.684611961578916,-10.231833718703065,33.8018920471846,70.45966534826745
error_merge_rate_pp,480,102,-14.213225044494273,-17.62505794584618,172.8453197772179,-118.82902298850574,-56.54021558872306,10.714285714285712,61.49416080639457
