metric,n,n_na,mean,median,sd,p10,p25,p75,p90
error_open_pct,220,0,43.84106508379471,-26.19825708061002,444.0444780469651,-81.99701937406856,-60.0,39.841778626474806,150.68027210884347
error_review_rate_pp,211,9,16.638851062593197,12.243302986430905,58.605601173992234,-37.879784627226975,-9.80902732772257,32.08554459799567,66.9257976158683
error_merge_rate_pp,201,19,34.43587276850253,-13.84659962090572,308.68418855369765,-93.59605911330048,-42.39130434782608,18.21989528795812,117.85714285714286
