metric,n,n_na,mean,median,sd,p10,p25,p75,p90
error_open_pct,100,0,-5.10121740937386,-73.61111111111111,208.88362360936443,-100.0,-100.0,1.3157894736842253,149.99999999999994
error_review_rate_pp,58,42,-5.242396439781683,-10.544003453300904,40.17003176661483,-58.932594301045455,-36.91205941986263,23.113652953013805,48.54474430775756
error_merge_rate_pp,40,60,18.27214035113962,18.939393939393938,91.28767540652946,-64.86413043478261,-30.651872399445214,53.47222222222222,100.0
