metric,n,n_na,mean,median,sd,p10,p25,p75,p90
error_open_pct,100,0,-5.10121740937386,-73.61111111111111,208.88362360936443,-100.0,-100.0,1.3157894736842253,149.99999999999994
error_review_rate_pp,58,42,-5.242396439781683,-10.544003453300904,40.17003176661483,-58.932594301045455,-36.91205941986263,23.113652953013805,48.54474430775756
error_merge_rate_pp,40,60,18.27214035113962,18.939393939393938,91.28767540652946,-64.86413043478261,-30.651872399445214,53.47222222222222,100.0
error_review_rate_pct,58,42,32.465925370122484,-14.180870351050077,325.85012403286976,-100.0,-100.0,43.92161368798964,113.67697277912053
error_merge_rate_pct,37,63,94.12310715081594,28.57142857142858,304.1305566884943,-100.0,-58.51851851851852,73.68421052631578,320.392156862745
