metric,n,n_na,mean,median,sd,p10,p25,p75,p90
error_open_pct,582,0,4113.646144176403,-38.20701357466063,97379.02762158422,-100.0,-80.29411764705883,34.14634146341464,200.47587592546697
error_review_rate_pp,493,89,-8.500685430760514,-3.3611692439177165,33.28441501277107,-56.05745703917249,-27.380709009209642,12.606387474976511,28.039003196287265
error_merge_rate_pp,432,150,-19.679896789522903,-17.640653029449872,203.28969923060527,-133.6217948717949,-63.38345864661654,15.064307178521515,81.4935064935066
error_review_rate_pct,484,98,-3.6578154961025846,-6.072424158868165,86.24325933369353,-100.0,-41.28966300766812,18.868557276006616,46.89088763010861
error_merge_rate_pct,429,153,7.287441969692861,-19.35483870967742,123.1165558611814,-99.99999999999999,-50.0,20.0,100.0
