metric,n,n_na,mean,median,sd,p10,p25,p75,p90
error_open_pct,100,0,-7.3062528442863,-59.181784524250276,153.4460926530605,-100.0,-100.0,14.560439560439574,122.56097560975641
error_review_rate_pp,68,32,-3.4854745520098374,-3.638525427033623,42.079402351412305,-59.59032693678192,-33.47200906215449,23.43488707486468,48.32651131546118
error_merge_rate_pp,48,52,33.500222372115694,14.759174311926603,97.29214377905394,-46.15384615384615,-13.083333333333332,86.60714285714286,145.00000000000003
error_review_rate_pct,68,32,46.3726797020635,-6.110419233025966,293.99835147342463,-100.0,-100.0,52.84514692789885,124.15486143075107
error_merge_rate_pct,39,61,105.95229490084603,6.66666666666666,358.5572133248821,-100.0,-30.432469040247675,96.96969696969697,288.5714285714291
