metric,n,n_na,mean,median,sd,p10,p25,p75,p90
error_open_pct,582,0,12161.357556846327,-36.13550071191267,292146.0158142133,-100.0,-73.36869951075207,25.000000000000014,150.0
error_review_rate_pp,504,78,-4.184953287855493,1.3139251019475524,30.94555645856828,-45.073900374105186,-21.917844790428777,13.597049774397268,27.92445901910598
error_merge_rate_pp,452,130,-28.996672575205857,-22.244864047313847,254.6297801833003,-122.74853801169593,-56.333013949669265,10.81349206349207,69.36868686868699
error_review_rate_pct,497,85,-0.012127140782767562,1.7637935530298932,64.1024605364204,-83.96957043553384,-30.052206038326787,20.067948329902105,49.38046628781918
error_merge_rate_pct,449,133,-3.2425236751923614,-22.666666666666668,100.52268456783386,-77.82661782661782,-47.5,8.59465737514518,65.44067502745189
