metric,n,n_na,mean,median,sd,p10,p25,p75,p90
error_open_pct,582,0,12161.357556846327,-36.13550071191267,292146.0158142133,-100.0,-73.36869951075207,25.000000000000014,150.0
error_review_rate_pp,504,78,-4.184953287855493,1.3139251019475524,30.94555645856828,-45.073900374105186,-21.917844790428777,13.597049774397268,27.92445901910598
error_merge_rate_pp,452,130,-28.996672575205857,-22.244864047313847,254.6297801833003,-122.74853801169593,-56.333013949669265,10.81349206349207,69.36868686868699
