metric,n,n_na,mean,median,sd,p10,p25,p75,p90
error_open_pct,366,3,6426.71845814535,-56.61194522356047,122797.521993609,-100.0,-92.58756294913144,3.1445106250825674,150.0
error_review_rate_pp,282,87,-2.6311506284449577,0.714432466698206,36.270524473824764,-55.60302746702169,-25.231139449285347,20.44569332915616,43.027730984006915
error_merge_rate_pp,225,144,23.1159304198547,1.5151515151515138,270.3626984119606,-83.14285714285714,-41.025641025641036,46.666666666666664,111.35294117647054
error_review_rate_pct,279,90,11.315931841178067,2.089497717914744,111.39469624806033,-100.0,-46.48755864073372,40.43897232984919,100.65569766140064
error_merge_rate_pct,217,152,91.03035123893194,1.567398119122246,547.9840549818935,-74.50434782608694,-40.0,64.1025641025641,241.14285714285714
