metric,n,n_na,mean,median,sd,p10,p25,p75,p90
error_open_pct,266,3,8878.080186648296,-61.53846153846153,144041.6149095243,-100.0,-98.76237623762376,-14.420114436619713,106.25
error_review_rate_pp,200,69,-3.3449193584173913,0.11229296647992104,39.58028161920399,-58.40532406648414,-28.013592088200006,24.078398276748977,46.14084811149744
error_merge_rate_pp,158,111,-7.757683828883733,4.339777869189643,265.11027302665457,-104.56575682382133,-41.47727272727273,40.85297703718756,100.0
error_review_rate_pct,199,70,5.056989890838501,0.0,99.35868176604093,-100.0,-65.74893134639171,37.987946196893844,99.40419042527596
error_merge_rate_pct,157,112,32.970053060407736,2.4242424242424385,169.4918571859182,-76.41482705701806,-42.10526315789474,44.28571428571428,138.65904167197652
