metric,n,n_na,mean,median,sd,p10,p25,p75,p90
error_open_pct,366,3,6426.71845814535,-56.61194522356046,122797.521993609,-100.0,-92.58756294913144,3.1445106250825674,150.0
error_review_rate_pp,282,87,-3.6190940364658406,-1.3533653674202784,36.270610546888285,-53.29290507305248,-28.42725637705103,22.13304029696046,45.206272946987085
error_merge_rate_pp,216,153,23.287489214299693,1.2784090909090884,276.264219738612,-88.56209150326796,-46.279761904761905,46.22252747252747,120.84321475625822
