metric,n,n_na,mean,median,sd,p10,p25,p75,p90
error_open_pct,366,3,6426.71845814535,-56.61194522356046,122797.521993609,-100.0,-92.58756294913144,3.1445106250825674,150.0
error_review_rate_pp,282,87,-3.6190940364658406,-1.3533653674202784,36.270610546888285,-53.29290507305248,-28.42725637705103,22.13304029696046,45.206272946987085
error_merge_rate_pp,216,153,23.287489214299693,1.2784090909090884,276.264219738612,-88.56209150326796,-46.279761904761905,46.22252747252747,120.84321475625822
error_review_rate_pct,279,90,7.54908484870533,-3.436117553779301,108.15086848609037,-100.0,-73.7125970992661,39.39916424105432,108.0271811539211
error_merge_rate_pct,209,160,89.4441664398665,1.2987012987012974,530.5100834834685,-87.78625954198472,-38.33333333333333,71.00000000000001,204.55732946298988
