metric,n,n_na,mean,median,sd,p10,p25,p75,p90
error_open_pct,582,0,43.5215450266915,-30.116279069767433,427.42894348353803,-100.0,-71.13120269133725,36.36363636363635,156.08108108108098
error_review_rate_pp,510,72,-4.086799887326533,0.0,32.050148361407274,-48.44208643323466,-18.337824129348853,14.94653964828761,29.559685829578523
error_merge_rate_pp,450,132,-7.95219630084536,-20.69543676268448,262.78102141352537,-114.5238095238095,-57.047091609702335,8.850463262227967,65.91666666666667
