metric,n,n_na,mean,median,sd,p10,p25,p75,p90
error_open_pct,1830,15,2581.538441700527,-61.53846153846153,77643.6025152204,-100.0,-100.0,-2.2204460492503124e-14,123.39285714285734
error_review_rate_pp,1326,519,-2.6116744929694673,-0.6598087526127394,39.17295210432917,-55.86588825603221,-29.036616978179737,25.404720542987096,48.03843557098766
error_merge_rate_pp,1013,832,9.031406186029866,0.7905138339920903,248.4709883008006,-112.01002506265664,-47.61904761904761,45.45454545454546,131.12903225806454
error_review_rate_pct,1317,528,14.139682686208324,-1.752090882420724,157.02722456620518,-100.0,-74.68411978547942,47.6014760147602,117.4932155012816
error_merge_rate_pct,976,869,74.81160331205128,0.0,436.7020290961803,-100.0,-45.015060240963855,63.59930830039525,200.0
