metric,n,n_na,mean,median,sd,p10,p25,p75,p90
error_open_pct,100,0,-5.10121740937386,-73.61111111111111,208.88362360936443,-100.0,-100.0,1.3157894736842253,149.99999999999994
error_review_rate_pp,58,42,-0.03706706202956999,-0.4458341399214638,37.45251030196811,-45.81379906081597,-28.776403786008224,28.13667525424177,50.45063076901024
error_merge_rate_pp,39,61,19.749004079081935,16.15384615384614,95.95751728185931,-74.02769872889394,-38.6969696969697,66.30546955624355,110.82352941176472
