metric,n,n_na,mean,median,sd,p10,p25,p75,p90
error_open_pct,100,0,-5.10121740937386,-73.61111111111111,208.88362360936443,-100.0,-100.0,1.3157894736842253,149.99999999999994
error_review_rate_pp,58,42,-0.03706706202956999,-0.4458341399214638,37.45251030196811,-45.81379906081597,-28.776403786008224,28.13667525424177,50.45063076901024
error_merge_rate_pp,39,61,19.749004079081935,16.15384615384614,95.95751728185931,-74.02769872889394,-38.6969696969697,66.30546955624355,110.82352941176472
error_review_rate_pct,58,42,38.5401436303194,-0.6882885732926974,327.03608291942567,-100.0,-100.0,51.50232433066759,121.09364055875102
error_merge_rate_pct,35,65,115.94815402185606,29.999999999999968,362.15898593498986,-100.0,-51.686507936507944,110.06493506493507,330.43478260869574
