metric,n,n_na,mean,median,sd,p10,p25,p75,p90
error_open_pct,500,0,-15.530158479629321,-68.75,156.12713340650328,-100.0,-100.0,11.742424242424256,119.78319783197844
error_review_rate_pp,332,168,-1.683737714070199,2.6099619762463333,41.9173840727147,-63.216225240302514,-33.21657406905874,27.15967317083875,48.22530864197532
error_merge_rate_pp,252,248,31.418572246358902,17.59259259259259,116.04653574484617,-71.40179965791626,-20.882352941176485,54.58187645687645,140.83333333333337
