metric,n,n_na,mean,median,sd,p10,p25,p75,p90
error_open_pct,362,0,71.18790220811611,-48.275862068965516,634.5781110697675,-100.0,-89.74277210884354,29.688832054560987,181.0820158102769
error_review_rate_pp,283,79,21.769301644747593,7.961646576410852,93.6244929949047,-58.04239329656669,-21.5506331074355,36.17512944297619,103.70347194870317
error_merge_rate_pp,270,92,-2.7215441593196426,-18.852635475988663,270.77529603159354,-141.22549019607845,-71.63257151371258,21.66666666666667,113.52750811081775
error_review_rate_pct,279,83,42.79288654808009,9.624060150375941,167.82710810529645,-79.32851456439953,-31.491054618277165,49.65243860777139,157.800596147732
error_merge_rate_pct,267,95,23.942356815044928,-23.80952380952379,204.475872007973,-100.0,-62.465201465201474,27.579365079365065,157.41935483870972
