metric,n,n_na,mean,median,sd,p10,p25,p75,p90
error_open_pct,266,3,8847.675947872538,-54.54545454545455,144041.53377906937,-100.0,-86.75320056899004,2.7755575615628945e-15,150.0
error_review_rate_pp,212,57,-4.173930055680775,0.002881927444825516,35.84836158855494,-53.447531850786575,-26.80090224768369,16.78402423971645,39.4034099039301
error_merge_rate_pp,169,100,14.913134405663165,0.0,298.7106796340525,-99.17808219178082,-51.13636363636365,40.0,103.39869281045756
error_review_rate_pct,210,59,2.5567651406293326,0.18036048266692936,89.41310345814044,-100.0,-49.5724949156395,28.591787341350244,90.41734669958288
error_merge_rate_pct,169,100,80.30712503729342,0.0,600.4734001900614,-72.0,-41.33333333333333,47.945205479452056,161.19047619047626
