metric,n,n_na,mean,median,sd,p10,p25,p75,p90
error_open_pct,362,0,91.08223229337935,-49.40944881889763,702.6945384708389,-100.0,-90.70366132723112,30.54695562435501,210.18867924528345
error_review_rate_pp,282,80,-10.677307974645705,-6.037924625997315,36.019720627512235,-63.37281901855469,-32.85300382797389,11.039245071111841,28.058611396590297
error_merge_rate_pp,236,126,-18.119527563432335,-18.250000000000007,149.88696580666257,-154.4202898550725,-68.38235294117648,16.666666666666664,90.21134593993327
error_review_rate_pct,275,87,-10.639669447271817,-9.414024338324179,67.74583437727664,-100.0,-53.21851166972843,16.138913694379337,58.262660607790174
error_merge_rate_pct,231,131,6.758671438319527,-22.178988326848255,141.2270529276489,-100.0,-59.079016221873374,11.3607188703466,117.92114695340501
