metric,n,n_na,mean,median,sd,p10,p25,p75,p90
error_open_pct,366,3,6450.378973672179,-61.03238866396761,122797.93785606168,-100.0,-100.0,-7.828282828282825,122.25609756097563
error_review_rate_pp,268,101,-3.380582616493086,-0.4488325529062698,40.14904074861944,-59.31533045466166,-28.711951950754596,24.078398276748977,46.81135996838185
error_merge_rate_pp,206,163,1.855808878145265,6.2745098039215685,237.28198161394548,-100.0,-38.33964614367788,43.3531746031746,119.55882352941177
error_review_rate_pct,267,102,15.579337857742242,-1.1827308581378122,171.59518241298815,-100.0,-71.37058343524174,45.150167793211196,105.49005826601041
error_merge_rate_pct,196,173,47.492029753147996,5.397727272727272,221.10780212787597,-100.0,-39.6765134179322,50.833333333333336,148.0769230769231
