metric,n,n_na,mean,median,sd,p10,p25,p75,p90
error_open_pct,100,0,-13.02846452897112,-62.112514351320314,176.3628327943139,-100.0,-100.0,11.11111111111111,112.5000000000004
error_review_rate_pp,70,30,-0.19870828779113706,-1.042950225188108,37.331573002999775,-48.88856912490997,-32.58619662853682,27.39799038347117,47.74633087498069
error_merge_rate_pp,50,50,51.85561938709303,27.922077922077918,163.09002670442032,-47.857142857142854,-8.730158730158728,57.14285714285714,143.26797385620915
